label,mean_x0,mean_y0,mean_z0,mean_x1,mean_y1,mean_z1,mean_x2,mean_y2,mean_z2,mean_x3,mean_y3,mean_z3,mean_x4,mean_y4,mean_z4,mean_x5,mean_y5,mean_z5,mean_x6,mean_y6,mean_z6,mean_x7,mean_y7,mean_z7,mean_x8,mean_y8,mean_z8,mean_x9,mean_y9,mean_z9,mean_x10,mean_y10,mean_z10,mean_x11,mean_y11,mean_z11,mean_x12,mean_y12,mean_z12,mean_x13,mean_y13,mean_z13,mean_x14,mean_y14,mean_z14,mean_x15,mean_y15,mean_z15,mean_x16,mean_y16,mean_z16,mean_x17,mean_y17,mean_z17,mean_x18,mean_y18,mean_z18,mean_x19,mean_y19,mean_z19,mean_x20,mean_y20,mean_z20,std_x0,std_y0,std_z0,std_x1,std_y1,std_z1,std_x2,std_y2,std_z2,std_x3,std_y3,std_z3,std_x4,std_y4,std_z4,std_x5,std_y5,std_z5,std_x6,std_y6,std_z6,std_x7,std_y7,std_z7,std_x8,std_y8,std_z8,std_x9,std_y9,std_z9,std_x10,std_y10,std_z10,std_x11,std_y11,std_z11,std_x12,std_y12,std_z12,std_x13,std_y13,std_z13,std_x14,std_y14,std_z14,std_x15,std_y15,std_z15,std_x16,std_y16,std_z16,std_x17,std_y17,std_z17,std_x18,std_y18,std_z18,std_x19,std_y19,std_z19,std_x20,std_y20,std_z20
Yo,0.0,0.0,0.0,0.11501277983188629,-0.7416360974311829,0.033027347177267075,0.3939672112464905,-1.1505029201507568,0.07399868965148926,0.6291991472244263,-1.0971901416778564,0.11356880515813828,0.7265611886978149,-0.8371402621269226,0.1511608362197876,0.8024746179580688,-0.8288031816482544,0.040463320910930634,1.062853217124939,-1.067521095275879,0.09769120067358017,1.1808794736862183,-1.2171369791030884,0.11989203840494156,1.2665683031082153,-1.314429521560669,0.11833326518535614,0.8979961276054382,-0.3849791884422302,0.03467584028840065,0.9275839924812317,-0.5907074809074402,0.11739784479141235,0.788715660572052,-0.6206410527229309,0.147325798869133,0.6884056925773621,-0.549487292766571,0.1478935331106186,0.891280472278595,-0.0023012070450931787,0.036563076078891754,0.8949853181838989,-0.24627144634723663,0.09880850464105606,0.7773995995521545,-0.29452815651893616,0.11571882665157318,0.679739236831665,-0.2476077377796173,0.10633902251720428,0.846775233745575,0.30647891759872437,0.04050975292921066,0.8901418447494507,0.11759253591299057,0.0908144935965538,0.8141015768051147,0.05949292331933975,0.1259983628988266,0.7249475121498108,0.07235963642597198,0.14583396911621094,0.0,0.0,0.0,0.05732405558228493,0.03737286850810051,0.0703820213675499,0.13552504777908325,0.07551324367523193,0.0917888879776001,0.2015540450811386,0.0904904305934906,0.10169103741645813,0.23083072900772095,0.0913231149315834,0.11482596397399902,0.0689576119184494,0.14247286319732666,0.12312029302120209,0.20177972316741943,0.08241530507802963,0.17514824867248535,0.29931187629699707,0.10830458253622055,0.19821983575820923,0.3918980062007904,0.15647058188915253,0.2095498889684677,0.06150168925523758,0.1775568425655365,0.09424833208322525,0.17861561477184296,0.06814319640398026,0.14191918075084686,0.15705470740795135,0.12371315062046051,0.1348268687725067,0.13392099738121033,0.10545548051595688,0.1267516165971756,0.07607627660036087,0.1676257997751236,0.07769256830215454,0.1932016909122467,0.05827024579048157,0.12192000448703766,0.17012862861156464,0.08846776187419891,0.10922784358263016,0.14830490946769714,0.0691361129283905,0.09352493286132812,0.09430920332670212,0.15961936116218567,0.07617750018835068,0.22184371948242188,0.11940330266952515,0.10526582598686218,0.23642052710056305,0.09872996062040329,0.1039256751537323,0.231614887714386,0.08642233908176422,0.09802164882421494
Yo,0.0,0.0,0.0,0.1397514045238495,-0.7385604381561279,0.05783657357096672,0.4235785901546478,-1.1401937007904053,0.10318461805582047,0.6534067988395691,-1.0654571056365967,0.13775095343589783,0.7467765808105469,-0.7787585258483887,0.16699841618537903,0.8112651705741882,-0.8260381817817688,0.07045386731624603,1.0805628299713135,-1.023559331893921,0.1432654857635498,1.1965241432189941,-1.1233351230621338,0.17893469333648682,1.2781281471252441,-1.1829553842544556,0.18557332456111908,0.9045559167861938,-0.394283264875412,0.05084211379289627,0.9537754058837891,-0.5648589730262756,0.14255660772323608,0.8237912058830261,-0.5930384993553162,0.17250482738018036,0.7240474820137024,-0.5308237075805664,0.1721426248550415,0.898156464099884,-0.006105990614742041,0.04187507554888725,0.9265536069869995,-0.22420231997966766,0.10838238894939423,0.8180581331253052,-0.28104615211486816,0.12446419149637222,0.7156396508216858,-0.24207070469856262,0.11467999219894409,0.8559989929199219,0.3077823221683502,0.03793618828058243,0.9380502700805664,0.12630502879619598,0.09152734279632568,0.8606646656990051,0.06495168805122375,0.13326318562030792,0.758560061454773,0.08648379892110825,0.1585523635149002,0.0,0.0,0.0,0.052227120846509933,0.03146492317318916,0.035483382642269135,0.11501588672399521,0.07988892495632172,0.053999606519937515,0.1671847254037857,0.07999104261398315,0.06695793569087982,0.1882868856191635,0.05942828953266144,0.07984503358602524,0.05172528699040413,0.0903719812631607,0.08213755488395691,0.1754683256149292,0.06919338554143906,0.1216701790690422,0.27097150683403015,0.0977211594581604,0.13793130218982697,0.3587733507156372,0.13353624939918518,0.1478365808725357,0.050796523690223694,0.1250668168067932,0.07424653321504593,0.16755159199237823,0.06404851377010345,0.11638239026069641,0.15186230838298798,0.10597933083772659,0.11167959123849869,0.12942837178707123,0.08998630195856094,0.10517997294664383,0.06469061970710754,0.14289961755275726,0.06913849711418152,0.17437773942947388,0.07198495417833328,0.11140420287847519,0.1605808287858963,0.09478670358657837,0.10124032944440842,0.14014534652233124,0.08285079896450043,0.08752771466970444,0.08155656605958939,0.16170468926429749,0.06716428697109222,0.2077491581439972,0.11300229281187057,0.09975805133581161,0.20622728765010834,0.10598145425319672,0.09823691099882126,0.18364384770393372,0.11734309792518616,0.09227747470140457
Yo,0.0,0.0,0.0,0.1929907351732254,-0.5870064496994019,0.1104610338807106,0.484171062707901,-0.8305965662002563,0.15653914213180542,0.6960940957069397,-0.7884150743484497,0.1744936853647232,0.811026930809021,-0.5684778094291687,0.18714655935764313,0.7294523119926453,-0.9287627935409546,0.0961448922753334,1.0359934568405151,-0.917015552520752,0.1535431295633316,1.1889734268188477,-0.8795018196105957,0.19237835705280304,1.2961022853851318,-0.8500291109085083,0.20838770270347595,0.8161818385124207,-0.5712772607803345,0.03742530196905136,0.9339785575866699,-0.4616556763648987,0.10274249315261841,0.8191375732421875,-0.4248499274253845,0.12685516476631165,0.7124069929122925,-0.4232860505580902,0.13091635704040527,0.8330379724502563,-0.1716482937335968,-0.004967283457517624,0.9332687258720398,-0.16273725032806396,0.05585024505853653,0.8237665891647339,-0.1401643604040146,0.09041400253772736,0.7178420424461365,-0.13497444987297058,0.09788177162408829,0.8186502456665039,0.17799314856529236,-0.03878575935959816,0.9665794372558594,0.16070501506328583,0.03179030865430832,0.8950337171554565,0.17552098631858826,0.09859807789325714,0.7944141030311584,0.1873190701007843,0.14274756610393524,0.0,0.0,0.0,0.022674640640616417,0.05314982682466507,0.037043310701847076,0.031909745186567307,0.09613009542226791,0.0624409057199955,0.051485560834407806,0.09475724399089813,0.08201234042644501,0.06982538849115372,0.09268360584974289,0.10158435255289078,0.0234316885471344,0.04091425985097885,0.07409711927175522,0.08806323260068893,0.06710446625947952,0.11377054452896118,0.14125506579875946,0.09799403697252274,0.13372193276882172,0.19349850714206696,0.12362994253635406,0.14476130902767181,0.018969310447573662,0.03050565905869007,0.06926998496055603,0.1015799269080162,0.08055293560028076,0.11391228437423706,0.09805472940206528,0.09114216268062592,0.10963403433561325,0.07854754477739334,0.07213272899389267,0.09808553755283356,0.017924027517437935,0.06392049044370651,0.06838831305503845,0.09257859736680984,0.04974711686372757,0.10545618087053299,0.09158466756343842,0.05471218749880791,0.087594173848629,0.08055618405342102,0.04037734493613243,0.0667300596833229,0.02017778903245926,0.09772615134716034,0.07159265875816345,0.08155365288257599,0.05795823410153389,0.09445837885141373,0.08442727476358414,0.05366073176264763,0.0844917744398117,0.08087284862995148,0.057093143463134766,0.07290268689393997
Yo,0.0,0.0,0.0,0.18530404567718506,-0.6964713335037231,0.0805601179599762,0.5009998083114624,-0.9938924908638,0.12769678235054016,0.7509016394615173,-0.9073983430862427,0.1547052413225174,0.8719932436943054,-0.6484124064445496,0.17699815332889557,0.8122409582138062,-0.8523691892623901,0.08599485456943512,1.1415013074874878,-0.8781528472900391,0.1461189240217209,1.2878285646438599,-0.8690592050552368,0.18509331345558167,1.3855297565460205,-0.8554908633232117,0.2002592831850052,0.8941107988357544,-0.426024854183197,0.04753772169351578,1.0185753107070923,-0.4679596424102783,0.12004117667675018,0.8993887901306152,-0.4865097403526306,0.1486256867647171,0.7868329882621765,-0.459122896194458,0.15466205775737762,0.8924976587295532,-0.007594742812216282,0.02136300876736641,0.9968193769454956,-0.1436687409877777,0.07478727400302887,0.8871623277664185,-0.17836891114711761,0.1040995717048645,0.7721331715583801,-0.15344788134098053,0.11049572378396988,0.8603156805038452,0.34904152154922485,0.0020582363940775394,1.0262621641159058,0.24143877625465393,0.056300532072782516,0.9485177993774414,0.20645610988140106,0.1159268394112587,0.8324959874153137,0.2329292744398117,0.1581190675497055,0.0,0.0,0.0,0.05408232659101486,0.028493396937847137,0.034861139953136444,0.12639398872852325,0.0535067655146122,0.05791597440838814,0.17000669240951538,0.03649231418967247,0.07713454216718674,0.18138380348682404,0.09713736176490784,0.09737640619277954,0.05193892493844032,0.018504682928323746,0.0852961540222168,0.16980229318141937,0.047151830047369,0.13780607283115387,0.27644509077072144,0.07813775539398193,0.1597183793783188,0.3818082809448242,0.09728796780109406,0.17112527787685394,0.04487906023859978,0.08897951245307922,0.08293037861585617,0.1851002424955368,0.049231693148612976,0.14766210317611694,0.1754082888364792,0.07909537106752396,0.1422368884086609,0.14779584109783173,0.06551460176706314,0.12328630685806274,0.05485466495156288,0.1408032923936844,0.08287385106086731,0.17744563519954681,0.044629596173763275,0.14142532646656036,0.16974948346614838,0.04429018124938011,0.12290617823600769,0.14860349893569946,0.039953622967004776,0.09244328737258911,0.06611812859773636,0.18562817573547363,0.08454439043998718,0.17607328295707703,0.11477286368608475,0.1220819279551506,0.17480918765068054,0.08718480169773102,0.11206487566232681,0.15425533056259155,0.09717388451099396,0.09504436701536179
Yo,0.0,0.0,0.0,0.13032349944114685,-0.7446617484092712,0.035185329616069794,0.40283912420272827,-1.1562378406524658,0.0597999207675457,0.6506102681159973,-1.138517141342163,0.07555387914180756,0.77829909324646,-0.9066480398178101,0.08818577975034714,0.7579562664031982,-0.9061319231987,0.032831836491823196,1.015509009361267,-1.163894772529602,0.06406381726264954,1.1378780603408813,-1.322001576423645,0.07553629577159882,1.230189323425293,-1.4379489421844482,0.0712616890668869,0.8649773597717285,-0.49514704942703247,0.010053378529846668,0.956299901008606,-0.7188864350318909,0.05463249608874321,0.8401042222976685,-0.7410115003585815,0.07267285883426666,0.7412653565406799,-0.6725450754165649,0.07489990442991257,0.8853499293327332,-0.11514995992183685,-0.005346277728676796,0.9557086825370789,-0.3746074140071869,0.021953320130705833,0.8497635722160339,-0.4187975525856018,0.045410774648189545,0.7485577464103699,-0.3652186691761017,0.05335640907287598,0.8666778802871704,0.20412960648536682,-0.018149342387914658,0.9921015501022339,0.0015627697575837374,0.011724339798092842,0.923538863658905,-0.06075315922498703,0.05811063200235367,0.8255692720413208,-0.03396424651145935,0.09346885234117508,0.0,0.0,0.0,0.03389796242117882,0.02889975719153881,0.025642521679401398,0.07757940143346786,0.07027305662631989,0.041596200317144394,0.12230241298675537,0.12659990787506104,0.05584143474698067,0.15522710978984833,0.17768752574920654,0.07103010267019272,0.0371524803340435,0.04763021320104599,0.07064049690961838,0.12144666910171509,0.13238590955734253,0.09995830059051514,0.20644275844097137,0.18265469372272491,0.10673545300960541,0.28689324855804443,0.21940332651138306,0.11019150912761688,0.025743411853909492,0.042627058923244476,0.06373768299818039,0.1366068720817566,0.16722989082336426,0.09573189914226532,0.12308319658041,0.19159647822380066,0.08256393671035767,0.10397545248270035,0.17117775976657867,0.07295366376638412,0.03781745955348015,0.06809718161821365,0.05830123648047447,0.14661136269569397,0.1456564962863922,0.08938644826412201,0.13141222298145294,0.16483807563781738,0.07201021164655685,0.11547061800956726,0.13921117782592773,0.05739545449614525,0.06995391845703125,0.10297825932502747,0.05547498166561127,0.18155136704444885,0.11177874356508255,0.07909777760505676,0.171967014670372,0.1392229050397873,0.07474572956562042,0.15063060820102692,0.15410076081752777,0.06923423707485199
Yo,0.0,0.0,0.0,0.1658579260110855,-0.7492567300796509,0.04324915632605553,0.47908201813697815,-1.1040737628936768,0.07475562393665314,0.7309385538101196,-1.0059610605239868,0.09676066786050797,0.8350958824157715,-0.7294166088104248,0.11575661599636078,0.8414933085441589,-0.8126403093338013,0.03185097128152847,1.1377623081207275,-1.0004658699035645,0.08050455898046494,1.2569571733474731,-1.0874961614608765,0.10945455729961395,1.340480089187622,-1.1286091804504395,0.11608900874853134,0.9259546995162964,-0.3586358428001404,0.010846449062228203,1.0287424325942993,-0.52400141954422,0.08050426095724106,0.8976476788520813,-0.5611680150032043,0.11668074131011963,0.7883424162864685,-0.49859708547592163,0.12568308413028717,0.9140802621841431,0.055538833141326904,-0.0008895443752408028,0.9993534088134766,-0.16145797073841095,0.045608941465616226,0.8844688534736633,-0.2228899896144867,0.07624927908182144,0.7738590836524963,-0.17831110954284668,0.08227164298295975,0.8675280809402466,0.3947884440422058,-0.00880306027829647,1.0123701095581055,0.24115332961082458,0.038043685257434845,0.9387043118476868,0.17050473392009735,0.09344052523374557,0.8316509127616882,0.18687960505485535,0.1309031993150711,0.0,0.0,0.0,0.05177820101380348,0.02232562005519867,0.036044009029865265,0.12138492614030838,0.04956428334116936,0.057051561772823334,0.17360249161720276,0.052985358983278275,0.07378654927015305,0.20295247435569763,0.07442107051610947,0.08999369293451309,0.037937313318252563,0.05531289055943489,0.06618865579366684,0.15894748270511627,0.02652936615049839,0.1035907194018364,0.27087557315826416,0.07181354612112045,0.1221938207745552,0.3762800693511963,0.1444338858127594,0.1335759460926056,0.036484766751527786,0.09440168738365173,0.060230422765016556,0.16568943858146667,0.08114662021398544,0.10170776396989822,0.15308214724063873,0.11654797196388245,0.10147543251514435,0.12991850078105927,0.1071401834487915,0.09716915339231491,0.05167759582400322,0.12396227568387985,0.05743842199444771,0.1789771318435669,0.09359395503997803,0.09902270138263702,0.16500236093997955,0.10654480010271072,0.08954259753227234,0.14342857897281647,0.09469448775053024,0.07622356712818146,0.0750102549791336,0.15639960765838623,0.05766782537102699,0.20291642844676971,0.13533078134059906,0.08832898736000061,0.20244655013084412,0.12434376776218414,0.08604911714792252,0.1814529299736023,0.12682634592056274,0.07902304083108902
Yo,0.0,0.0,0.0,0.16404365003108978,-0.7134043574333191,0.05580911785364151,0.4408019483089447,-1.024588942527771,0.08866862207651138,0.660984992980957,-0.9287347793579102,0.10851697623729706,0.7524750232696533,-0.6685141324996948,0.12500862777233124,0.8316264152526855,-0.8075817823410034,0.06225724145770073,1.0428462028503418,-0.9359819293022156,0.11451871693134308,1.1061426401138306,-0.9725863337516785,0.1369299292564392,1.1453802585601807,-0.9717777967453003,0.13916845619678497,0.9130196571350098,-0.3862836956977844,0.031578030437231064,0.9560409784317017,-0.47376981377601624,0.10499986261129379,0.837079644203186,-0.48684024810791016,0.12374845892190933,0.7384533286094666,-0.4322463870048523,0.11984602361917496,0.8967491388320923,0.010764140635728836,0.010761270299553871,0.9291898012161255,-0.12734706699848175,0.06546138972043991,0.8236478567123413,-0.17123320698738098,0.08402131497859955,0.7237771153450012,-0.14205095171928406,0.08063630014657974,0.8421772718429565,0.3399553894996643,-0.006434892304241657,0.9357810020446777,0.23813776671886444,0.04359936714172363,0.8650897145271301,0.1920889914035797,0.09239093214273453,0.7689912915229797,0.20138642191886902,0.12600091099739075,0.0,0.0,0.0,0.08126388490200043,0.035233695060014725,0.04031074419617653,0.1565985530614853,0.07926083356142044,0.07011760771274567,0.19317582249641418,0.06891506165266037,0.09087520837783813,0.21657691895961761,0.08152654021978378,0.10943733900785446,0.04479118809103966,0.08174188435077667,0.07944349199533463,0.1783001720905304,0.06905656307935715,0.10878782719373703,0.29778510332107544,0.06663104146718979,0.1241719126701355,0.40119659900665283,0.11386483907699585,0.13457290828227997,0.03706628084182739,0.09857714176177979,0.07135450094938278,0.17087022960186005,0.06014791876077652,0.10010430216789246,0.1669016033411026,0.09041483700275421,0.10011031478643417,0.14929570257663727,0.07952816784381866,0.10051925480365753,0.050644371658563614,0.11577294766902924,0.06483106315135956,0.17490972578525543,0.07782003283500671,0.09294470399618149,0.16704945266246796,0.09135609865188599,0.08591490238904953,0.1516895443201065,0.07483828067779541,0.07968762516975403,0.06991074234247208,0.13829518854618073,0.06212639808654785,0.1890023946762085,0.1310630887746811,0.08933280408382416,0.1981147825717926,0.12284395843744278,0.09337975829839706,0.18288655579090118,0.11644109338521957,0.09374444931745529
Yo,0.0,0.0,0.0,0.18298164010047913,-0.7173479199409485,0.0317249670624733,0.49647483229637146,-1.0133215188980103,0.048133041709661484,0.7420744299888611,-0.8706508874893188,0.054973483085632324,0.8359967470169067,-0.5753737688064575,0.05918189883232117,0.8699719309806824,-0.7313411235809326,0.015795832499861717,1.126356840133667,-0.8045065999031067,0.03725060820579529,1.2415378093719482,-0.8335919380187988,0.040183328092098236,1.3255685567855835,-0.8442096710205078,0.029319506138563156,0.9419528245925903,-0.26972121000289917,-0.01234656572341919,1.023256540298462,-0.3469299376010895,0.027299832552671432,0.8970322608947754,-0.3789820075035095,0.04337343946099281,0.7857369780540466,-0.34107643365859985,0.042537517845630646,0.9214590787887573,0.15004993975162506,-0.03270699083805084,0.9944912195205688,0.01337981503456831,-0.006115630269050598,0.8828598856925964,-0.040097516030073166,0.022426193580031395,0.773350715637207,-0.017204537987709045,0.031158436089754105,0.8625637292861938,0.49843525886535645,-0.051673680543899536,0.9931296110153198,0.41015562415122986,-0.021146932616829872,0.919725239276886,0.346400648355484,0.032125819474458694,0.8179577589035034,0.3421723544597626,0.07218299806118011,0.0,0.0,0.0,0.08940134197473526,0.0339961051940918,0.03940823674201965,0.17683368921279907,0.0963824912905693,0.06448736786842346,0.22213055193424225,0.10571883618831635,0.08264157176017761,0.24122211337089539,0.12771740555763245,0.09996207803487778,0.05364564061164856,0.1491045504808426,0.08146338909864426,0.23321978747844696,0.1114044263958931,0.11188342422246933,0.37151452898979187,0.10276904702186584,0.12624375522136688,0.4847089350223541,0.11815406382083893,0.13734450936317444,0.03929022699594498,0.18133315443992615,0.07346876710653305,0.20360104739665985,0.06282939016819,0.10386669635772705,0.19201815128326416,0.08639606833457947,0.09991509467363358,0.1665700525045395,0.07779406011104584,0.09912723302841187,0.04584520310163498,0.20387326180934906,0.06750824302434921,0.20304040610790253,0.10934434831142426,0.09828785806894302,0.19058270752429962,0.09660585969686508,0.08908938616514206,0.16670042276382446,0.08854816108942032,0.08083619922399521,0.062044091522693634,0.22777393460273743,0.06506337970495224,0.21229825913906097,0.20107008516788483,0.09062155336141586,0.22338652610778809,0.15801450610160828,0.0921541154384613,0.2025587409734726,0.14841732382774353,0.09117069840431213
Yo,0.0,0.0,0.0,0.12067721784114838,-0.7098572254180908,0.04323346167802811,0.38492563366889954,-1.0624817609786987,0.061283908784389496,0.6233184337615967,-1.0092411041259766,0.0683012455701828,0.736236572265625,-0.7601583003997803,0.07192079722881317,0.7593897581100464,-0.881844162940979,0.018619077280163765,1.0177451372146606,-0.98810875415802,0.05393492057919502,1.1203398704528809,-0.996324896812439,0.06905032694339752,1.183761477470398,-0.9818326830863953,0.0675119012594223,0.8572905659675598,-0.45635294914245605,-0.009706738404929638,0.9133656620979309,-0.49350935220718384,0.04739103838801384,0.7901536822319031,-0.4819575250148773,0.06526023149490356,0.6835321187973022,-0.43587225675582886,0.06199740618467331,0.8565271496772766,-0.03856851905584335,-0.02695922926068306,0.8941337466239929,-0.1414620578289032,0.015494467690587044,0.7814642786979675,-0.15554776787757874,0.03986934944987297,0.6737959384918213,-0.12047654390335083,0.04199264943599701,0.8158084750175476,0.3248935043811798,-0.04079451039433479,0.9249153137207031,0.24815507233142853,0.0008394868928007782,0.8520129919052124,0.22151871025562286,0.054145969450473785,0.7530726194381714,0.24279892444610596,0.09253795444965363,0.0,0.0,0.0,0.07464302331209183,0.055038273334503174,0.050940223038196564,0.18164418637752533,0.05101051926612854,0.07787177711725235,0.2372663915157318,0.06056896969676018,0.09692378342151642,0.24973420798778534,0.1388869434595108,0.11425942182540894,0.08379433304071426,0.14318174123764038,0.10306933522224426,0.24040508270263672,0.1411244124174118,0.15406861901283264,0.37380293011665344,0.13906630873680115,0.17356662452220917,0.4961158037185669,0.1500457525253296,0.18333809077739716,0.06819342076778412,0.21021580696105957,0.08865445107221603,0.22056014835834503,0.06341274082660675,0.14181311428546906,0.20671728253364563,0.07705622911453247,0.13490234315395355,0.1790328174829483,0.06259775906801224,0.12462424486875534,0.06845332682132721,0.23475264012813568,0.07928542792797089,0.22002683579921722,0.10040733963251114,0.12562714517116547,0.20538420975208282,0.07790474593639374,0.1097993552684784,0.17950420081615448,0.06777706742286682,0.09273295849561691,0.0778752937912941,0.24632704257965088,0.07560718804597855,0.21958781778812408,0.18635694682598114,0.11129995435476303,0.2295597493648529,0.1413407325744629,0.11032340675592422,0.2157561331987381,0.13257621228694916,0.10372300446033478
Yo,0.0,0.0,0.0,0.2099895477294922,-0.569973349571228,0.08678151667118073,0.4989496171474457,-0.8488774299621582,0.11091090738773346,0.7153741121292114,-0.8363537788391113,0.10942704975605011,0.8246315121650696,-0.6309905052185059,0.10219231992959976,0.7401151061058044,-0.9229439496994019,0.04632173851132393,1.0267027616500854,-0.9225026369094849,0.07332007586956024,1.179221510887146,-0.8773486018180847,0.09070031344890594,1.2809982299804688,-0.8304888010025024,0.09294111281633377,0.833411693572998,-0.5472857356071472,-0.01360995788127184,0.8984431028366089,-0.382388174533844,0.018950587138533592,0.7747465372085571,-0.3247760534286499,0.028435569256544113,0.6673789024353027,-0.33211901783943176,0.024779338389635086,0.8484447598457336,-0.11481297016143799,-0.05872524902224541,0.9131063222885132,-0.04393615946173668,-0.034687936305999756,0.7972320914268494,-0.003492926713079214,-0.00519982585683465,0.6909421682357788,-0.012172619812190533,0.006429796572774649,0.829991340637207,0.28930702805519104,-0.09633756428956985,0.9834426045417786,0.31504595279693604,-0.0625295415520668,0.915120005607605,0.34336715936660767,-0.002642187988385558,0.8184064030647278,0.3497186303138733,0.04396681860089302,0.0,0.0,0.0,0.023313870653510094,0.0640639141201973,0.030308043584227562,0.039827775210142136,0.14546217024326324,0.04677608609199524,0.08076650649309158,0.23119407892227173,0.059209730476140976,0.11851335316896439,0.3181415796279907,0.07348617911338806,0.038865238428115845,0.047191355377435684,0.061015721410512924,0.11207570135593414,0.05177956819534302,0.08154471218585968,0.16583137214183807,0.08829990029335022,0.09288480132818222,0.22470761835575104,0.11801651120185852,0.10219322144985199,0.027845511212944984,0.041928332298994064,0.05643312633037567,0.11677989363670349,0.09339720755815506,0.07322589308023453,0.11352965980768204,0.10543058067560196,0.06776336580514908,0.09628517925739288,0.08407361060380936,0.06693144887685776,0.021686453372240067,0.09377368539571762,0.05538613349199295,0.09800643473863602,0.11896463483572006,0.07121894508600235,0.10058367252349854,0.12331629544496536,0.06103598698973656,0.08697693049907684,0.10431767255067825,0.054923463612794876,0.022085489705204964,0.13966216146945953,0.05907168984413147,0.08321379125118256,0.14001433551311493,0.06857788562774658,0.08458399027585983,0.14381159842014313,0.06171601638197899,0.07815747708082199,0.13798443973064423,0.05594401806592941
Yo,0.0,0.0,0.0,0.2340315580368042,-0.6561062335968018,0.06478311866521835,0.5513948202133179,-0.8567139506340027,0.08321760594844818,0.7762706279754639,-0.6957294940948486,0.08178441226482391,0.8574825525283813,-0.4062470495700836,0.07519480586051941,0.9018850326538086,-0.6943541765213013,0.05003569275140762,1.158327341079712,-0.6208773851394653,0.07905891537666321,1.274383783340454,-0.5765568017959595,0.08171025663614273,1.3536828756332397,-0.5488168001174927,0.06969796866178513,0.9625269770622253,-0.24949856102466583,0.008062777109444141,0.9458290338516235,-0.1598448008298874,0.06215057894587517,0.8318157196044922,-0.15664130449295044,0.06819000095129013,0.7475630044937134,-0.1650393009185791,0.05512002110481262,0.9128254055976868,0.17206978797912598,-0.022342704236507416,0.8648144602775574,0.13801664113998413,0.029861757531762123,0.7663170099258423,0.12464102357625961,0.046696655452251434,0.6781272292137146,0.10528068244457245,0.03779894858598709,0.8296496272087097,0.5119644403457642,-0.050275057554244995,0.7903256416320801,0.45772528648376465,0.010167074389755726,0.7084375619888306,0.43612560629844666,0.05844615772366524,0.6243590116500854,0.41288575530052185,0.08867461234331131,0.0,0.0,0.0,0.030741963535547256,0.07451052963733673,0.03730136528611183,0.04361468926072121,0.11702639609575272,0.0636967197060585,0.044460397213697433,0.11035776138305664,0.08386162668466568,0.04185257852077484,0.11956092715263367,0.10271864384412766,0.031654324382543564,0.06832818686962128,0.07253851741552353,0.1471235603094101,0.09477740526199341,0.10171864181756973,0.25851789116859436,0.12287687510251999,0.1276710033416748,0.34175825119018555,0.11210823059082031,0.1455686390399933,0.022728590294718742,0.08079870045185089,0.06466978788375854,0.0655609741806984,0.07561805844306946,0.08495008945465088,0.09368819743394852,0.10343406349420547,0.09208104759454727,0.11304149776697159,0.10643186420202255,0.09908713400363922,0.011400866322219372,0.10070915520191193,0.05875090882182121,0.06300108879804611,0.11133620142936707,0.08069083094596863,0.0927596390247345,0.1334838569164276,0.07999572902917862,0.11603014171123505,0.13333505392074585,0.07721172273159027,0.026654532179236412,0.11772681027650833,0.05877972021698952,0.06189654394984245,0.1437821239233017,0.07851540297269821,0.08454646170139313,0.15608076751232147,0.08105115592479706,0.10010568797588348,0.1502123326063156,0.08169696480035782
Yo,0.0,0.0,0.0,0.27016860246658325,-0.6114012002944946,0.0632300078868866,0.5798013806343079,-0.7899402379989624,0.07651033252477646,0.7943358421325684,-0.6329519152641296,0.0700855627655983,0.8675287961959839,-0.35356998443603516,0.05908212810754776,0.8790899515151978,-0.7222456932067871,0.0499153696000576,1.061752438545227,-0.6185067296028137,0.06738711148500443,1.1062313318252563,-0.5878386497497559,0.05810663849115372,1.141935110092163,-0.6096423864364624,0.03937844932079315,0.9389063119888306,-0.30377197265625,0.00011280588660156354,0.929552435874939,-0.1931172013282776,0.043163858354091644,0.7993872165679932,-0.19164462387561798,0.03158893063664436,0.7071638107299805,-0.21631935238838196,0.006649990566074848,0.9067538976669312,0.11606494337320328,-0.037292130291461945,0.896567165851593,0.13234880566596985,-0.0002181558811571449,0.7743198275566101,0.11629142612218857,0.01317274384200573,0.6790648698806763,0.08421134203672409,0.006820370443165302,0.8387511968612671,0.4898168444633484,-0.07110230624675751,0.8883045315742493,0.47527599334716797,-0.02472648397088051,0.8211267590522766,0.4499224126338959,0.02870657481253147,0.7491271495819092,0.4187126159667969,0.06615208089351654,0.0,0.0,0.0,0.0288774985820055,0.07858410477638245,0.055427294224500656,0.047301676124334335,0.142707958817482,0.09722433239221573,0.05246131494641304,0.1522839069366455,0.13005079329013824,0.05611322820186615,0.18662218749523163,0.15988244116306305,0.0394611693918705,0.11089267581701279,0.12497718632221222,0.20108136534690857,0.12244018912315369,0.18784941732883453,0.3629140257835388,0.1606205403804779,0.2233186662197113,0.4904834032058716,0.1332438588142395,0.24555568397045135,0.03407043591141701,0.10398107022047043,0.11918256431818008,0.10103889554738998,0.13338638842105865,0.17256461083889008,0.09549432247877121,0.17168891429901123,0.1769091784954071,0.08561185747385025,0.1352250576019287,0.17839692533016205,0.027715804055333138,0.09752405434846878,0.11744730174541473,0.08914933353662491,0.1678907722234726,0.16485871374607086,0.09376035630702972,0.1997556984424591,0.15532901883125305,0.082745261490345,0.16867969930171967,0.14182180166244507,0.029465094208717346,0.128492534160614,0.12163026630878448,0.13312964141368866,0.21596361696720123,0.15841276943683624,0.17416803538799286,0.2502720057964325,0.15752284228801727,0.19277481734752655,0.24804557859897614,0.15221840143203735
Yo,0.0,0.0,0.0,0.17618271708488464,-0.7230547666549683,0.05021161958575249,0.4569628834724426,-1.0251200199127197,0.06698867678642273,0.671946108341217,-0.9121106266975403,0.06864868104457855,0.7476454973220825,-0.641897439956665,0.06499460339546204,0.8502016067504883,-0.813834011554718,0.04089002683758736,1.0346345901489258,-0.7927614450454712,0.060935139656066895,1.095824122428894,-0.7650977373123169,0.05330813676118851,1.1310538053512573,-0.7399627566337585,0.03607955947518349,0.925589382648468,-0.36286139488220215,0.005589800421148539,0.8906806111335754,-0.31874245405197144,0.06100716069340706,0.772274374961853,-0.31387215852737427,0.0662238597869873,0.6808188557624817,-0.290629118680954,0.05205613374710083,0.8881842494010925,0.06863760203123093,-0.020886050537228584,0.8292332887649536,0.007535528391599655,0.02746431529521942,0.722784161567688,-0.010317863896489143,0.04157456010580063,0.6302888989448547,-0.006190829910337925,0.03224319964647293,0.8081002235412598,0.42871031165122986,-0.04579170048236847,0.7658623456954956,0.35620182752609253,0.0037899159360677004,0.6775627732276917,0.3304823338985443,0.04756840318441391,0.5907455086708069,0.3237154185771942,0.07632124423980713,0.0,0.0,0.0,0.042802296578884125,0.059833407402038574,0.03569851443171501,0.05577273666858673,0.08108583092689514,0.05959755927324295,0.05616345256567001,0.1006680577993393,0.08308650553226471,0.06396201252937317,0.2150101214647293,0.10380834341049194,0.04622146487236023,0.0824698656797409,0.04218278080224991,0.16166499257087708,0.10339689254760742,0.07952269911766052,0.292072057723999,0.10921678692102432,0.11976765841245651,0.3858872652053833,0.08267634361982346,0.14466838538646698,0.03541535511612892,0.09128975868225098,0.0446862056851387,0.05894209444522858,0.055516477674245834,0.0792272537946701,0.06099182367324829,0.06803582608699799,0.10614032298326492,0.06281119585037231,0.057119742035865784,0.12238624691963196,0.021004395559430122,0.08553041517734528,0.051998164504766464,0.0438302643597126,0.07295636087656021,0.08065662533044815,0.04736635833978653,0.08897120505571365,0.08096486330032349,0.04775366559624672,0.08554196357727051,0.0762220174074173,0.024429596960544586,0.0734325423836708,0.0655607357621193,0.04638906940817833,0.08538516610860825,0.08461901545524597,0.05335649847984314,0.09540475904941559,0.0811120793223381,0.05145195499062538,0.09193290024995804,0.07502897828817368
Yo,0.0,0.0,0.0,-0.11331826448440552,-0.31525903940200806,-0.05797912925481796,-0.23011329770088196,-0.30227065086364746,-0.16096992790699005,-0.2993949353694916,-0.03315877541899681,-0.2556636929512024,-0.3011009693145752,0.3015700578689575,-0.35274285078048706,0.06855674833059311,-0.6560004949569702,-0.315654993057251,-0.06183550879359245,-0.10761841386556625,-0.4521990418434143,-0.17020341753959656,0.2516132593154907,-0.515269935131073,-0.24768629670143127,0.4579392373561859,-0.5449297428131104,0.3064654469490051,-0.31681427359580994,-0.3589581251144409,0.04039238393306732,0.48507601022720337,-0.4458182454109192,-0.06818850338459015,0.6227222681045532,-0.4468129575252533,-0.10360361635684967,0.566759467124939,-0.4525439739227295,0.4643579423427582,0.10567468404769897,-0.3917085528373718,0.18242017924785614,0.8072720766067505,-0.4394710063934326,0.09030319005250931,0.879507839679718,-0.36568543314933777,0.06677260249853134,0.785190224647522,-0.321133017539978,0.5594521164894104,0.5202475190162659,-0.43240028619766235,0.3333803713321686,1.0616323947906494,-0.4597671926021576,0.2419966757297516,1.1052461862564087,-0.3900313973426819,0.21092088520526886,1.0272657871246338,-0.33142662048339844,0.0,0.0,0.0,0.3685095012187958,0.20924797654151917,0.17416681349277496,0.761778712272644,0.453096479177475,0.29372096061706543,1.031672477722168,0.7290782332420349,0.3799470067024231,1.115888237953186,0.9655144810676575,0.46363624930381775,0.6860657930374146,0.5209423899650574,0.38298630714416504,1.0071640014648438,0.8174738883972168,0.523090124130249,1.1104069948196411,1.0592186450958252,0.5879563689231873,1.1417992115020752,1.2391314506530762,0.6136224865913391,0.5413265824317932,0.5106316208839417,0.35082411766052246,0.8077770471572876,0.9281907677650452,0.46970734000205994,0.8082021474838257,1.006815791130066,0.45799776911735535,0.7560032606124878,1.0320454835891724,0.4391487240791321,0.3990432918071747,0.4671623110771179,0.320096492767334,0.6234390735626221,0.9649242758750916,0.41782909631729126,0.6151331067085266,1.0041019916534424,0.3648279309272766,0.5622009634971619,1.0047643184661865,0.314543217420578,0.2731093764305115,0.44772180914878845,0.3009532690048218,0.420746773481369,0.8838419914245605,0.3843013644218445,0.4290161728858948,0.9090145230293274,0.364860862493515,0.38940924406051636,0.9060587286949158,0.33949464559555054
Yo,0.0,0.0,0.0,-0.2403944730758667,-0.33426061272621155,-0.025619953870773315,-0.4256008565425873,-0.32999247312545776,-0.08206415176391602,-0.5667333602905273,-0.07330486923456192,-0.12341481447219849,-0.6699763536453247,0.279072105884552,-0.17941135168075562,-0.12409049272537231,-0.14198200404644012,-0.28121864795684814,-0.3279763162136078,0.2597029507160187,-0.3537728190422058,-0.47871050238609314,0.5418792366981506,-0.37501439452171326,-0.5833737254142761,0.7650191187858582,-0.384127676486969,0.046406254172325134,0.22225189208984375,-0.3051256835460663,-0.20553085207939148,0.6639999151229858,-0.3644005060195923,-0.38056886196136475,0.9491032361984253,-0.37383759021759033,-0.49295774102211,1.160534143447876,-0.3871533274650574,0.17133986949920654,0.5575266480445862,-0.31102094054222107,-0.042341750115156174,0.9536391496658325,-0.3488660454750061,-0.20307862758636475,1.2089067697525024,-0.35160642862319946,-0.31706374883651733,1.4011971950531006,-0.36160221695899963,0.2729188799858093,0.824110209941864,-0.31092384457588196,0.11398551613092422,1.1517479419708252,-0.34219682216644287,-0.012887859717011452,1.3330984115600586,-0.3327731490135193,-0.11071614921092987,1.4831551313400269,-0.3228517472743988,0.0,0.0,0.0,0.2463531494140625,0.34606754779815674,0.06789132952690125,0.5362290143966675,0.7162390947341919,0.13343504071235657,0.7473729252815247,0.9335033893585205,0.18537162244319916,0.8693206906318665,1.036178469657898,0.2402135133743286,0.7583377957344055,0.6725528836250305,0.2647637128829956,0.991462767124176,1.1073106527328491,0.38149145245552063,1.0732234716415405,1.3215022087097168,0.42325350642204285,1.1231149435043335,1.4633758068084717,0.43857383728027344,0.6665727496147156,0.5771889090538025,0.2790745794773102,0.8434572815895081,1.0916768312454224,0.4097917973995209,0.8801400065422058,1.3508367538452148,0.43335896730422974,0.8889769315719604,1.4700082540512085,0.43465739488601685,0.5273864269256592,0.5025392174720764,0.2881256341934204,0.6751748323440552,1.0156440734863281,0.38803592324256897,0.7144286036491394,1.2774569988250732,0.3928525745868683,0.7279600501060486,1.3986574411392212,0.3815368413925171,0.38145580887794495,0.4509981572628021,0.2954777181148529,0.4974723756313324,0.8987413644790649,0.37383612990379333,0.5284268856048584,1.1188315153121948,0.3937849998474121,0.5443050265312195,1.2306205034255981,0.39932000637054443
Yo,0.0,0.0,0.0,0.16641876101493835,-0.6921302676200867,0.10319312661886215,0.44645804166793823,-1.0001766681671143,0.16895350813865662,0.6540777683258057,-0.9275010824203491,0.21433643996715546,0.7480874061584473,-0.6805380582809448,0.2525378465652466,0.8193475604057312,-0.8230971097946167,0.12582874298095703,1.099198341369629,-0.8066136240959167,0.22181367874145508,1.2247388362884521,-0.778712272644043,0.27812257409095764,1.3084743022918701,-0.7565242052078247,0.3003259003162384,0.8986978530883789,-0.42000728845596313,0.09554477781057358,0.9449060559272766,-0.4498222768306732,0.21336302161216736,0.8225809931755066,-0.479688823223114,0.2514839768409729,0.7223570346832275,-0.46418461203575134,0.25389641523361206,0.8810890913009644,-0.027212873101234436,0.07975077629089355,0.8979731798171997,-0.14055468142032623,0.17436791956424713,0.7893783450126648,-0.1854851394891739,0.18967807292938232,0.6805168390274048,-0.1773046851158142,0.17409846186637878,0.834028422832489,0.2959180176258087,0.0726616308093071,0.8888548016548157,0.22030901908874512,0.15284326672554016,0.8116683959960938,0.17888286709785461,0.19403374195098877,0.7078486084938049,0.18405500054359436,0.21574437618255615,0.0,0.0,0.0,0.041291333734989166,0.021766578778624535,0.029687847942113876,0.08480672538280487,0.048049550503492355,0.05046231672167778,0.11054098606109619,0.04039264842867851,0.06898869574069977,0.11694393306970596,0.048928409814834595,0.08601754158735275,0.043008267879486084,0.0326264388859272,0.04471839964389801,0.09960083663463593,0.06543179601430893,0.07659167051315308,0.14375090599060059,0.1065145954489708,0.09758089482784271,0.19219152629375458,0.1340547353029251,0.11021048575639725,0.03239493444561958,0.06257711350917816,0.04291868954896927,0.08467729389667511,0.11420679837465286,0.07477458566427231,0.07975175976753235,0.14294135570526123,0.08384730666875839,0.0714389756321907,0.12665869295597076,0.0872291848063469,0.025891488417983055,0.07588326185941696,0.04612353444099426,0.08666091412305832,0.11858414113521576,0.07243926078081131,0.08762480318546295,0.13380225002765656,0.07119587808847427,0.07625778019428253,0.10657289624214172,0.06705790758132935,0.02053712122142315,0.09038829803466797,0.05445346608757973,0.11571092903614044,0.1291046142578125,0.07531587779521942,0.1282142996788025,0.13091130554676056,0.08081512153148651,0.11704973131418228,0.10553645342588425,0.08287704735994339
Yo,0.0,0.0,0.0,0.13715319335460663,-0.7103759050369263,0.07444638013839722,0.4000256657600403,-0.9875394105911255,0.11750277131795883,0.6103471517562866,-0.8908025622367859,0.14185883104801178,0.7128986120223999,-0.6540942192077637,0.16196544468402863,0.8311293721199036,-0.8292692303657532,0.10299420356750488,1.0654234886169434,-0.7662672400474548,0.16946566104888916,1.1501495838165283,-0.7042427659034729,0.2001815289258957,1.185679316520691,-0.6533152461051941,0.20761945843696594,0.9083501100540161,-0.40751299262046814,0.0713912695646286,0.9089263677597046,-0.385282427072525,0.16362032294273376,0.7865523099899292,-0.39409956336021423,0.18575651943683624,0.6871486902236938,-0.37614521384239197,0.17969639599323273,0.8848192095756531,-0.005793388932943344,0.04913581535220146,0.8565603494644165,-0.0639948770403862,0.12182669341564178,0.7442606687545776,-0.09582539647817612,0.13341765105724335,0.6408402323722839,-0.09528866410255432,0.11892722547054291,0.827380359172821,0.3275715708732605,0.031179454177618027,0.8183252215385437,0.28104013204574585,0.10032638162374496,0.7319544553756714,0.24456100165843964,0.13953346014022827,0.6389815807342529,0.23358575999736786,0.16139337420463562,0.0,0.0,0.0,0.03183019533753395,0.036018554121255875,0.02875315025448799,0.05841696262359619,0.055696040391922,0.052635714411735535,0.06451258063316345,0.06286992877721786,0.07343394309282303,0.0657116025686264,0.07028226554393768,0.0920523852109909,0.019057629629969597,0.03195624426007271,0.05202918499708176,0.04922564700245857,0.059711962938308716,0.08332960307598114,0.09960545599460602,0.08878659456968307,0.10163240134716034,0.16324052214622498,0.0987321063876152,0.11155057698488235,0.015271207317709923,0.03161197528243065,0.05004073679447174,0.032560233026742935,0.0882173627614975,0.0769527480006218,0.03766725957393646,0.10915788263082504,0.08089257031679153,0.04250018671154976,0.092873215675354,0.08165712654590607,0.01085887011140585,0.049671053886413574,0.052203889936208725,0.043486516922712326,0.09761013090610504,0.074737548828125,0.048495542258024216,0.10832807421684265,0.07105758041143417,0.04744339361786842,0.08837097138166428,0.06639523059129715,0.014785442501306534,0.06808409094810486,0.05866521596908569,0.07037410140037537,0.1052401214838028,0.07858714461326599,0.08443743735551834,0.10810182243585587,0.0827590674161911,0.08048548549413681,0.09062940627336502,0.0838242620229721
Yo,0.0,0.0,0.0,0.2398761808872223,-0.5104953050613403,0.09045259654521942,0.5836389064788818,-0.6720699071884155,0.16538891196250916,0.8136491775512695,-0.6048671007156372,0.22618529200553894,0.9136662483215332,-0.43848299980163574,0.2808207869529724,0.9050512313842773,-0.6106511950492859,0.10868324339389801,1.2564541101455688,-0.5742440223693848,0.1931157410144806,1.423718810081482,-0.5452279448509216,0.24923498928546906,1.5518230199813843,-0.5087646842002869,0.27748221158981323,0.94287109375,-0.2552134394645691,0.08907625824213028,1.075324535369873,-0.3359505534172058,0.1885574758052826,0.9581089019775391,-0.3914656937122345,0.23108191788196564,0.8550229072570801,-0.3628711700439453,0.24487090110778809,0.8985543251037598,0.07187112420797348,0.08344971388578415,1.0172550678253174,-0.07854565232992172,0.15655937790870667,0.91087806224823,-0.1400424689054489,0.1797073483467102,0.8036895990371704,-0.1165647953748703,0.17956595122814178,0.8332496881484985,0.3247891664505005,0.08744055032730103,1.0062296390533447,0.25165513157844543,0.15095506608486176,0.9638495445251465,0.1918860822916031,0.19624364376068115,0.8771682977676392,0.19903449714183807,0.22701208293437958,0.0,0.0,0.0,0.04543105885386467,0.35299262404441833,0.03123646415770054,0.04766571521759033,0.44756484031677246,0.04547800496220589,0.03645090386271477,0.3799923062324524,0.05490744486451149,0.028354095295071602,0.2469397485256195,0.06309963017702103,0.03722517564892769,0.31806620955467224,0.048064447939395905,0.08623255044221878,0.27079451084136963,0.054407525807619095,0.14003270864486694,0.240708127617836,0.05768191069364548,0.19640564918518066,0.22952856123447418,0.06350242346525192,0.05882464349269867,0.18139436841011047,0.03951448202133179,0.0753595307469368,0.13753294944763184,0.049448080360889435,0.0622335709631443,0.1006612628698349,0.057160064578056335,0.05022727698087692,0.09857308864593506,0.06081804633140564,0.07481164485216141,0.2282288819551468,0.036555852741003036,0.08901277184486389,0.1743423342704773,0.04977058991789818,0.0701925978064537,0.11703604459762573,0.049565769731998444,0.05407291650772095,0.0946325957775116,0.04299669712781906,0.0862332284450531,0.37456440925598145,0.04193377494812012,0.12626825273036957,0.3697090744972229,0.053714461624622345,0.16808119416236877,0.3373135030269623,0.05713002011179924,0.22577160596847534,0.3254745602607727,0.0577482208609581
Yo,0.0,0.0,0.0,0.22077378630638123,-0.6846250295639038,0.0948309600353241,0.5442667603492737,-0.8886228799819946,0.15154670178890228,0.7764708399772644,-0.761410653591156,0.18800339102745056,0.8834223747253418,-0.4931904375553131,0.21937844157218933,0.889365017414093,-0.7290022969245911,0.10245319455862045,1.2094029188156128,-0.5905210375785828,0.17355823516845703,1.3393856287002563,-0.5060949325561523,0.22021666169166565,1.424644947052002,-0.4495789110660553,0.2400144785642624,0.9491219520568848,-0.28678077459335327,0.06923189014196396,1.0451905727386475,-0.24195268750190735,0.1605500876903534,0.9188652038574219,-0.28058210015296936,0.1979048103094101,0.8060253858566284,-0.28773537278175354,0.205906942486763,0.9210087656974792,0.13422708213329315,0.04901222884654999,0.9808801412582397,0.09277620911598206,0.12359412014484406,0.8631979823112488,0.03308027237653732,0.14999398589134216,0.7445577383041382,0.013152701780200005,0.1473272740840912,0.8667720556259155,0.48297229409217834,0.036229729652404785,0.9461222887039185,0.47215428948402405,0.10785798728466034,0.859371542930603,0.4166235327720642,0.1564776748418808,0.7467167377471924,0.3879518210887909,0.18632173538208008,0.0,0.0,0.0,0.02825455367565155,0.035444311797618866,0.03536663204431534,0.06355457007884979,0.07169418036937714,0.06512579321861267,0.08157780021429062,0.09050911664962769,0.09351026266813278,0.08184140920639038,0.11243360489606857,0.1199742779135704,0.04252190887928009,0.02874624915421009,0.06468012928962708,0.13199853897094727,0.09108903259038925,0.10588589310646057,0.21465760469436646,0.12461104989051819,0.13517551124095917,0.29837533831596375,0.1293128877878189,0.15472082793712616,0.033136796206235886,0.08243073523044586,0.0651046559214592,0.11045077443122864,0.1623581051826477,0.11040914058685303,0.11074641346931458,0.20263445377349854,0.12592706084251404,0.09918329119682312,0.16292917728424072,0.13456228375434875,0.027414653450250626,0.10748820751905441,0.06922723352909088,0.11175556480884552,0.1722467839717865,0.11011549830436707,0.12134456634521484,0.18838754296302795,0.10739525407552719,0.11040600389242172,0.14204968512058258,0.10115451365709305,0.018031498417258263,0.12525708973407745,0.0790734812617302,0.14294178783893585,0.17234551906585693,0.10966023057699203,0.1635315865278244,0.1743951439857483,0.11077564209699631,0.14958050847053528,0.14236479997634888,0.10845492780208588
Yo,0.0,0.0,0.0,0.0914531797170639,-0.7016928791999817,0.056730180978775024,0.3381437659263611,-0.9666059613227844,0.08700639009475708,0.5566503405570984,-0.8673752546310425,0.10505614429712296,0.6699392795562744,-0.6270075440406799,0.11961638927459717,0.7531982064247131,-0.9092130661010742,0.0683574378490448,0.9285845756530762,-0.8477811813354492,0.1129445806145668,0.9798805117607117,-0.7970435619354248,0.12464245408773422,1.015373706817627,-0.7778699398040771,0.11765436828136444,0.8558497428894043,-0.5008464455604553,0.04056559503078461,0.8440674543380737,-0.43126314878463745,0.1158536821603775,0.7140181660652161,-0.4112938344478607,0.1290556937456131,0.6198059320449829,-0.39769691228866577,0.11641081422567368,0.8622193336486816,-0.09162916988134384,0.021656472235918045,0.8165949583053589,-0.08651818335056305,0.0792093500494957,0.6976437568664551,-0.09669390320777893,0.09074769169092178,0.5977324843406677,-0.09682482481002808,0.07665450870990753,0.8273767232894897,0.26600536704063416,0.005514996591955423,0.8033530116081238,0.2700382173061371,0.058605290949344635,0.7072359323501587,0.25689882040023804,0.09320953488349915,0.6160227060317993,0.250942587852478,0.11234349012374878,0.0,0.0,0.0,0.03376002609729767,0.03575081378221512,0.05133924260735512,0.055310625582933426,0.055215440690517426,0.09197860211133957,0.06247354671359062,0.10716857761144638,0.12299150228500366,0.0738912895321846,0.14625994861125946,0.14867453277111053,0.05165592208504677,0.03885910287499428,0.07736813277006149,0.10040511935949326,0.15489502251148224,0.12900955975055695,0.23305439949035645,0.2105216532945633,0.16924475133419037,0.3321131467819214,0.22289465367794037,0.19627809524536133,0.05215827375650406,0.08335258066654205,0.07321404665708542,0.05213170126080513,0.20022588968276978,0.11407504975795746,0.0621301494538784,0.23065634071826935,0.1331346333026886,0.060563359409570694,0.2153322696685791,0.14763160049915314,0.0453958734869957,0.12878486514091492,0.07434996217489243,0.05724608153104782,0.2439582347869873,0.11194214224815369,0.06977762281894684,0.2543196976184845,0.11301842331886292,0.06642759591341019,0.2252364605665207,0.1123829334974289,0.028642266988754272,0.1857386976480484,0.08178078383207321,0.0902322456240654,0.2839260399341583,0.1143573671579361,0.11087790131568909,0.29337722063064575,0.12091552466154099,0.10431159287691116,0.2646230459213257,0.12360312789678574
Yo,0.0,0.0,0.0,0.13860011100769043,-0.6964017152786255,0.05141912028193474,0.41018277406692505,-0.9333899617195129,0.07638265937566757,0.6356037855148315,-0.786241352558136,0.09029915928840637,0.7466644048690796,-0.5131515860557556,0.10195188224315643,0.8002822995185852,-0.8582178950309753,0.05366280674934387,0.9259392023086548,-0.7358455061912537,0.08463730663061142,0.9299890398979187,-0.6761354804039001,0.0885208398103714,0.9403969049453735,-0.6704779863357544,0.07761722803115845,0.8895772099494934,-0.4402393698692322,0.0229425560683012,0.8596272468566895,-0.3588572144508362,0.08822538703680038,0.7271925806999207,-0.3550805449485779,0.09658629447221756,0.6367818117141724,-0.34950685501098633,0.08051227033138275,0.8851630091667175,-0.02856229804456234,0.0008770505082793534,0.8366084098815918,-0.013893434777855873,0.05010354518890381,0.712189793586731,-0.035079777240753174,0.06102988123893738,0.6159409284591675,-0.045284148305654526,0.04658383131027222,0.8379426002502441,0.3331814706325531,-0.019013214856386185,0.812516987323761,0.3477054238319397,0.024857793003320694,0.7131021022796631,0.3252938389778137,0.058741457760334015,0.6256989240646362,0.31130123138427734,0.0783178061246872,0.0,0.0,0.0,0.036353494971990585,0.026532752439379692,0.061892323195934296,0.06870601326227188,0.07229357957839966,0.11331042647361755,0.07651187479496002,0.1445428431034088,0.1532481163740158,0.07352501153945923,0.1820218414068222,0.18761692941188812,0.03290761262178421,0.0216653011739254,0.10293996334075928,0.16945035755634308,0.16032905876636505,0.17100396752357483,0.3078070878982544,0.2237968146800995,0.2218022495508194,0.4078289568424225,0.22624816000461578,0.2546587884426117,0.031938809901475906,0.05780325084924698,0.09976989030838013,0.08692223578691483,0.2045205533504486,0.1527099460363388,0.09385626018047333,0.24667373299598694,0.1765483021736145,0.08513662964105606,0.2217559963464737,0.19401131570339203,0.033656951040029526,0.10282960534095764,0.10403867065906525,0.08161170780658722,0.248577281832695,0.1505543738603592,0.0969860628247261,0.27155449986457825,0.15004022419452667,0.08652027696371078,0.23663872480392456,0.1482054591178894,0.02163013257086277,0.17182797193527222,0.1171986386179924,0.1119290217757225,0.2852672338485718,0.1564655303955078,0.1417858749628067,0.3052685558795929,0.16264721751213074,0.1303817331790924,0.2755105793476105,0.1647481620311737
Yo,0.0,0.0,0.0,0.1636325716972351,-0.6378827095031738,0.0829567238688469,0.44977331161499023,-0.8282837867736816,0.11929367482662201,0.6645888090133667,-0.6824295520782471,0.13300946354866028,0.7726314663887024,-0.42281097173690796,0.143217533826828,0.750146746635437,-0.8818899393081665,0.10935057699680328,0.9389843940734863,-0.7157764434814453,0.14388145506381989,0.9904840588569641,-0.6238175630569458,0.1493503749370575,1.0219258069992065,-0.5878303647041321,0.14155226945877075,0.8471387624740601,-0.5094842910766602,0.06064199283719063,0.8559755086898804,-0.3152042031288147,0.1140357255935669,0.724799394607544,-0.2690590023994446,0.11314435303211212,0.6314488649368286,-0.28179487586021423,0.09963405877351761,0.8637136220932007,-0.10232456028461456,0.021112795919179916,0.8523553609848022,0.021113982424139977,0.06192367151379585,0.7220388054847717,0.033875755965709686,0.07488735765218735,0.6242831349372864,0.0015246316324919462,0.07106123119592667,0.8377959132194519,0.2734242081642151,-0.013519594445824623,0.8590543866157532,0.3711501955986023,0.03281686455011368,0.7609726190567017,0.38257765769958496,0.07686878740787506,0.6730047464370728,0.3578834533691406,0.10864202678203583,0.0,0.0,0.0,0.022177929058670998,0.03376892954111099,0.04869750514626503,0.03525620698928833,0.07456980645656586,0.08340082317590714,0.051050975918769836,0.14088045060634613,0.11049360036849976,0.0441785529255867,0.20806698501110077,0.1344207376241684,0.06672283262014389,0.04851913824677467,0.07541759312152863,0.07816507667303085,0.18485082685947418,0.12675194442272186,0.17340248823165894,0.2446979284286499,0.1630973070859909,0.25426769256591797,0.2581672966480255,0.18650491535663605,0.06832166016101837,0.0966111347079277,0.07143348455429077,0.06772204488515854,0.21663439273834229,0.11963792145252228,0.06294044107198715,0.24477115273475647,0.13325777649879456,0.05436999723315239,0.21757660806179047,0.13815896213054657,0.06440148502588272,0.14846520125865936,0.07427351176738739,0.05814638361334801,0.26528802514076233,0.12085869163274765,0.05545242130756378,0.27465948462486267,0.11836326122283936,0.047974009066820145,0.2383665293455124,0.10893620550632477,0.04880921170115471,0.21534346044063568,0.08364763855934143,0.06359323859214783,0.30541473627090454,0.12323059886693954,0.07436565309762955,0.320060133934021,0.12743374705314636,0.07468699663877487,0.29282519221305847,0.1243506446480751
Yo,0.0,0.0,0.0,0.12300197780132294,-0.7356396913528442,0.03989940136671066,0.38538581132888794,-0.9787551164627075,0.053088199347257614,0.6034809350967407,-0.8535477519035339,0.055181462317705154,0.7121171951293945,-0.6105608344078064,0.055271685123443604,0.8091370463371277,-0.8564087748527527,0.04733526334166527,0.8705264925956726,-0.7816907167434692,0.05646587535738945,0.8534486889839172,-0.7113664150238037,0.0398065410554409,0.8456658124923706,-0.6694904565811157,0.018097257241606712,0.8968426585197449,-0.42925673723220825,0.014607919380068779,0.8438981771469116,-0.3780926764011383,0.06416048109531403,0.7120705842971802,-0.36488527059555054,0.06313158571720123,0.6236613392829895,-0.3302021920681,0.04264271631836891,0.889242947101593,-0.016057174652814865,-0.011996274814009666,0.8286877870559692,-0.014945846982300282,0.025873273611068726,0.7048546075820923,-0.036412544548511505,0.03735319525003433,0.6136728525161743,-0.03127588704228401,0.025783661752939224,0.8344365358352661,0.344746857881546,-0.038559190928936005,0.7988709211349487,0.36537355184555054,0.0010827051009982824,0.6975783109664917,0.3376132547855377,0.038143858313560486,0.6156864166259766,0.3243902623653412,0.061261825263500214,0.0,0.0,0.0,0.05206494405865669,0.05728568509221077,0.059420082718133926,0.08332248032093048,0.05478634312748909,0.10333073884248734,0.09168652445077896,0.06999506056308746,0.1350076049566269,0.10243022441864014,0.11514649540185928,0.16387653350830078,0.029076669365167618,0.026723070070147514,0.09371816366910934,0.19721268117427826,0.08342980593442917,0.15174676477909088,0.3281172513961792,0.12851858139038086,0.2014942616224289,0.4188113212585449,0.1439509391784668,0.23550736904144287,0.0288870707154274,0.05257725715637207,0.08717599511146545,0.09975959360599518,0.1471475064754486,0.12703733146190643,0.11402161419391632,0.17757642269134521,0.14774532616138458,0.11083143204450607,0.16747227311134338,0.166158065199852,0.025252671912312508,0.09985703229904175,0.08684950321912766,0.09278061240911484,0.19796444475650787,0.12230085581541061,0.10903051495552063,0.21424396336078644,0.12656356394290924,0.0998300164937973,0.19390720129013062,0.1312623918056488,0.0118862921372056,0.15957030653953552,0.09501142054796219,0.11616235226392746,0.24412257969379425,0.13027885556221008,0.14357374608516693,0.2515880763530731,0.14148923754692078,0.1310645341873169,0.2278648465871811,0.1488496959209442
Yo,0.0,0.0,0.0,0.060377031564712524,-0.7128617167472839,0.03673795610666275,0.26491087675094604,-1.0248606204986572,0.05262957885861397,0.4543553292751312,-0.9599806666374207,0.060285307466983795,0.5494311451911926,-0.759903073310852,0.06473939120769501,0.7481624484062195,-0.9283263087272644,0.03825167566537857,0.8446764945983887,-0.8675862550735474,0.07446072995662689,0.8545273542404175,-0.8177521824836731,0.07951419055461884,0.8610354661941528,-0.8002400398254395,0.06884544342756271,0.8509860038757324,-0.5104765295982361,0.015375765040516853,0.7992575764656067,-0.47463902831077576,0.08616332709789276,0.6741429567337036,-0.46300649642944336,0.09410936385393143,0.5849021673202515,-0.43440771102905273,0.07466133683919907,0.8524921536445618,-0.10294072329998016,0.0010387145448476076,0.7810456156730652,-0.12626264989376068,0.0549352653324604,0.6642414331436157,-0.13856463134288788,0.06013370677828789,0.5725637674331665,-0.13006830215454102,0.039145976305007935,0.8093867301940918,0.2445846050977707,-0.012196475639939308,0.76851487159729,0.24501708149909973,0.03105350397527218,0.672782838344574,0.22384317219257355,0.05906061455607414,0.5863412022590637,0.2181854546070099,0.07292260229587555,0.0,0.0,0.0,0.05127440392971039,0.0339185856282711,0.07107411324977875,0.09393074363470078,0.04528772085905075,0.12895408272743225,0.10846152156591415,0.08023089170455933,0.1732977330684662,0.11764217913150787,0.10354118049144745,0.21297329664230347,0.03268689289689064,0.03885617479681969,0.1163184717297554,0.19552335143089294,0.09242791682481766,0.1875261664390564,0.3243815004825592,0.15338928997516632,0.24162258207798004,0.4140399992465973,0.1680179387331009,0.27664291858673096,0.02932523377239704,0.04544217512011528,0.10988730937242508,0.08112911134958267,0.14886537194252014,0.165141299366951,0.09049710631370544,0.1882372945547104,0.19159655272960663,0.08780226856470108,0.17243164777755737,0.21127915382385254,0.0291176475584507,0.07858962565660477,0.1091175377368927,0.07036267220973969,0.1994122564792633,0.1555655300617218,0.08322747051715851,0.21954095363616943,0.15851958096027374,0.07564503699541092,0.1902734488248825,0.15967124700546265,0.023025451228022575,0.12382154166698456,0.11661830544471741,0.09412095695734024,0.22803466022014618,0.15696406364440918,0.11730358749628067,0.23999333381652832,0.16628633439540863,0.10664942860603333,0.2067379504442215,0.1713186800479889
Yo,0.0,0.0,0.0,0.11349461227655411,-0.5886555910110474,0.09683845937252045,0.357732892036438,-0.8186119198799133,0.13895027339458466,0.5546746253967285,-0.7614564895629883,0.15447525680065155,0.6615548133850098,-0.5739205479621887,0.16217301785945892,0.6553654074668884,-0.9316760897636414,0.10883311927318573,0.9088423848152161,-0.8698267936706543,0.16232948005199432,1.0367295742034912,-0.8172649145126343,0.1852167248725891,1.126977562904358,-0.7814377546310425,0.18559087812900543,0.7796698808670044,-0.6148282885551453,0.05845029279589653,0.8100763559341431,-0.4199954867362976,0.1184815987944603,0.6849251985549927,-0.3525925278663635,0.12508568167686462,0.5895105600357056,-0.3573363423347473,0.11464129388332367,0.8246871829032898,-0.23563435673713684,0.020788811147212982,0.8249372243881226,-0.11312905699014664,0.06814827769994736,0.7003670930862427,-0.07413049042224884,0.08050470054149628,0.5999434590339661,-0.08806957304477692,0.07306282967329025,0.8328661918640137,0.11184589564800262,-0.01000294554978609,0.864203929901123,0.2155640423297882,0.044358983635902405,0.7708286643028259,0.25435003638267517,0.0864364355802536,0.6743745803833008,0.253353089094162,0.11329413950443268,0.0,0.0,0.0,0.022268107160925865,0.025125354528427124,0.023308154195547104,0.03665958717465401,0.062495458871126175,0.044863905757665634,0.048192914575338364,0.1339292824268341,0.067804716527462,0.048173412680625916,0.17484840750694275,0.09043475985527039,0.050073303282260895,0.05342401564121246,0.027705177664756775,0.0411108173429966,0.17243176698684692,0.06091538444161415,0.04540793225169182,0.230963334441185,0.09035605937242508,0.058119822293519974,0.26867011189460754,0.11166093498468399,0.06230311468243599,0.07606302946805954,0.03189600259065628,0.043233633041381836,0.20544619858264923,0.07352318614721298,0.030489303171634674,0.2309550940990448,0.09635338187217712,0.020438801497220993,0.20473085343837738,0.1068027913570404,0.06892910599708557,0.11165480315685272,0.04290768504142761,0.042789526283741,0.23496732115745544,0.08021720498800278,0.026115499436855316,0.24699169397354126,0.08618663996458054,0.01772957853972912,0.21027863025665283,0.08364663273096085,0.06652899831533432,0.16623517870903015,0.05843916907906532,0.03670023754239082,0.2815834879875183,0.08650609105825424,0.03507149592041969,0.2946774661540985,0.0944952592253685,0.03394271060824394,0.2609427273273468,0.0960177555680275
Yo,0.0,0.0,0.0,0.08936231583356857,-0.681751012802124,0.07498924434185028,0.33912578225135803,-0.9569547772407532,0.1149643063545227,0.5606399178504944,-0.9134475588798523,0.13849343359470367,0.6794103384017944,-0.7162321209907532,0.15826699137687683,0.6917965412139893,-0.9612634778022766,0.07952375710010529,0.9110125303268433,-0.9500101208686829,0.12374988943338394,0.9658397436141968,-0.914368748664856,0.14413395524024963,0.9981497526168823,-0.9086817502975464,0.14762553572654724,0.8028336763381958,-0.5818853974342346,0.04616241902112961,0.8443190455436707,-0.5404360890388489,0.1208110898733139,0.7216693162918091,-0.5062922835350037,0.14410753548145294,0.624779999256134,-0.47309714555740356,0.14223720133304596,0.8258174657821655,-0.18655267357826233,0.02267349883913994,0.8261449933052063,-0.19974878430366516,0.08313648402690887,0.710338294506073,-0.1981092393398285,0.1020720824599266,0.6077340841293335,-0.17696067690849304,0.09433622658252716,0.809382438659668,0.16736681759357452,0.003954511135816574,0.8112796545028687,0.16573695838451385,0.06371758133172989,0.715384840965271,0.1595589816570282,0.10420297086238861,0.6192875504493713,0.17187051475048065,0.12702032923698425,0.0,0.0,0.0,0.029609451070427895,0.04266863688826561,0.03263603523373604,0.0547448992729187,0.04780961573123932,0.06163071468472481,0.07073575258255005,0.14153696596622467,0.08801109343767166,0.07305517047643661,0.20237725973129272,0.11033932864665985,0.05988609790802002,0.04891333356499672,0.055428192019462585,0.06301074475049973,0.20136408507823944,0.09963341057300568,0.18192371726036072,0.2938028573989868,0.13350337743759155,0.2835049629211426,0.3261828124523163,0.1565990298986435,0.06045979633927345,0.08681951463222504,0.05952834710478783,0.060858797281980515,0.23647837340831757,0.09873584657907486,0.06460361927747726,0.27568456530570984,0.11731843650341034,0.05912090092897415,0.24801355600357056,0.13089123368263245,0.05542431026697159,0.13181184232234955,0.06823938339948654,0.06525341421365738,0.2800481915473938,0.10791589319705963,0.07605729252099991,0.3003864884376526,0.11048831045627594,0.07275865972042084,0.2611599564552307,0.10936638712882996,0.03779200091958046,0.20346292853355408,0.08227928727865219,0.09739623963832855,0.33223941922187805,0.11929373443126678,0.12043574452400208,0.3481244742870331,0.1289975643157959,0.11447712779045105,0.31263911724090576,0.132022425532341
Yo,0.0,0.0,0.0,0.12583693861961365,-0.7340365648269653,0.06703919917345047,0.40215325355529785,-0.9658405184745789,0.1118641346693039,0.623429536819458,-0.8115208745002747,0.1405203640460968,0.7293355464935303,-0.5341587066650391,0.16577118635177612,0.7794473171234131,-0.8927453756332397,0.12279373407363892,0.927746593952179,-0.8784878849983215,0.17146727442741394,0.9269307255744934,-0.8434139490127563,0.17777173221111298,0.9279229044914246,-0.8273922204971313,0.17122426629066467,0.8717829585075378,-0.4666077494621277,0.09117701649665833,0.8498706817626953,-0.43596282601356506,0.1704988032579422,0.7136731743812561,-0.41801905632019043,0.17008009552955627,0.6230250597000122,-0.3822588324546814,0.15230363607406616,0.8680307269096375,-0.047997020184993744,0.06709752231836319,0.8353525996208191,-0.08124826848506927,0.12436874210834503,0.7065313458442688,-0.0962904840707779,0.13101732730865479,0.6138035655021667,-0.07807208597660065,0.1195303201675415,0.822152316570282,0.32821816205978394,0.047537289559841156,0.8331414461135864,0.3018355667591095,0.11058856546878815,0.7556208968162537,0.2652854323387146,0.15735001862049103,0.6945224404335022,0.2500089108943939,0.1872418224811554,0.0,0.0,0.0,0.03807462006807327,0.08169076591730118,0.04966689273715019,0.06098411604762077,0.10540371388196945,0.09045779705047607,0.08091838657855988,0.134977325797081,0.12379522621631622,0.08818629384040833,0.1925106942653656,0.15347705781459808,0.04468774423003197,0.04050144553184509,0.09401325136423111,0.09476350992918015,0.14500318467617035,0.15578748285770416,0.21532544493675232,0.21295641362667084,0.19747552275657654,0.31280580163002014,0.22555013000965118,0.22303348779678345,0.03791277855634689,0.0653357058763504,0.09084160625934601,0.0404830127954483,0.17186905443668365,0.13891644775867462,0.04784400761127472,0.19902323186397552,0.15169771015644073,0.049003466963768005,0.17736828327178955,0.15938159823417664,0.03320828825235367,0.13127641379833221,0.09338107705116272,0.04408285394310951,0.2322492152452469,0.13254976272583008,0.04950719326734543,0.2438618540763855,0.12899036705493927,0.04689311981201172,0.2261030673980713,0.12385702133178711,0.023176077753305435,0.22133538126945496,0.10268198698759079,0.09777159988880157,0.28771480917930603,0.13633546233177185,0.15932631492614746,0.311332106590271,0.14097781479358673,0.19960294663906097,0.3283413052558899,0.14125393331050873
Yo,0.0,0.0,0.0,0.159336656332016,-0.6799967885017395,0.060715414583683014,0.44069570302963257,-0.9332566261291504,0.10082396119832993,0.6665563583374023,-0.8304224014282227,0.12617112696170807,0.7814726233482361,-0.610071063041687,0.14954201877117157,0.8019193410873413,-0.8414776921272278,0.11073921620845795,0.9325553774833679,-0.8438844680786133,0.15560483932495117,0.9275099039077759,-0.8116154670715332,0.1615706831216812,0.933293342590332,-0.8017756342887878,0.15575499832630157,0.8769477009773254,-0.4485587179660797,0.07960213720798492,0.8527518510818481,-0.4474404752254486,0.1523495763540268,0.7195355296134949,-0.4285740852355957,0.15048667788505554,0.6280003786087036,-0.38358014822006226,0.1323505938053131,0.8638416528701782,-0.07631368935108185,0.055820316076278687,0.8338708877563477,-0.12548181414604187,0.11016486585140228,0.7103320360183716,-0.1367635577917099,0.1142476424574852,0.6156054139137268,-0.11587022244930267,0.10096271336078644,0.8126996159553528,0.2471548616886139,0.03555106371641159,0.8272947072982788,0.2139255255460739,0.09129580110311508,0.7628044486045837,0.17501947283744812,0.13079394400119781,0.705603301525116,0.1599011868238449,0.15624472498893738,0.0,0.0,0.0,0.07476162910461426,0.2131512612104416,0.06153950095176697,0.09475588798522949,0.2729402482509613,0.10649426281452179,0.10492068529129028,0.25594785809516907,0.14017270505428314,0.1255805790424347,0.21541404724121094,0.16993436217308044,0.05084778368473053,0.07985606789588928,0.12676852941513062,0.15929530560970306,0.1058460921049118,0.1845419555902481,0.2945965528488159,0.18482361733913422,0.2195536345243454,0.39878326654434204,0.21463944017887115,0.24126318097114563,0.06185274198651314,0.08328992873430252,0.11250878870487213,0.08817511796951294,0.1606704741716385,0.14859534800052643,0.09592947363853455,0.1958218365907669,0.14976121485233307,0.09506179392337799,0.1733056902885437,0.15328583121299744,0.06563273817300797,0.17378827929496765,0.10468994826078415,0.08236247301101685,0.2328372448682785,0.1369456797838211,0.09333375841379166,0.24234971404075623,0.12919434905052185,0.08722800016403198,0.21621786057949066,0.12260752171278,0.05841716006398201,0.2735449969768524,0.10715338587760925,0.11677486449480057,0.33874693512916565,0.13533571362495422,0.17567679286003113,0.3576142489910126,0.13808585703372955,0.20839367806911469,0.36257821321487427,0.13711705803871155
Yo,0.0,0.0,0.0,0.10364226996898651,-0.6300173997879028,0.1110815554857254,0.3556113839149475,-0.8752040863037109,0.16718262434005737,0.5605198740959167,-0.8279860615730286,0.19753681123256683,0.6797820329666138,-0.6366968750953674,0.22148601710796356,0.64173424243927,-0.954474925994873,0.1348799169063568,0.8799201846122742,-0.9267365336418152,0.20081834495067596,0.9731476902961731,-0.8823845982551575,0.2314969003200531,1.0416851043701172,-0.8617941737174988,0.2392316609621048,0.7609103918075562,-0.6227459907531738,0.08576860278844833,0.8242601156234741,-0.5296738743782043,0.1714245080947876,0.7065375447273254,-0.47646865248680115,0.19042018055915833,0.612951397895813,-0.4528557360172272,0.18580946326255798,0.8048392534255981,-0.24802497029304504,0.049748025834560394,0.8358182907104492,-0.2144993543624878,0.12144055217504501,0.7177056074142456,-0.18791697919368744,0.1418714076280594,0.6192219853401184,-0.17482154071331024,0.13595612347126007,0.8106676936149597,0.09669138491153717,0.021571876481175423,0.8810173869132996,0.13070526719093323,0.0945596992969513,0.7967889308929443,0.14816495776176453,0.14526258409023285,0.7019443511962891,0.16259512305259705,0.17499177157878876,0.0,0.0,0.0,0.03352200612425804,0.03280254080891609,0.04787932336330414,0.0469931997358799,0.10522126406431198,0.07901778072118759,0.0583498440682888,0.20580820739269257,0.10558211803436279,0.05579391121864319,0.2883305549621582,0.13024117052555084,0.08149588108062744,0.0827314481139183,0.07799283415079117,0.06074204668402672,0.24309514462947845,0.12124896794557571,0.12790490686893463,0.33412057161331177,0.14989016950130463,0.19606925547122955,0.3832031190395355,0.1694001406431198,0.09281285107135773,0.11282659322023392,0.06710214912891388,0.06590336561203003,0.2818189263343811,0.11529029160737991,0.0585624985396862,0.3230462670326233,0.1240113377571106,0.05064209923148155,0.2860937714576721,0.1266343593597412,0.09339521080255508,0.16197866201400757,0.06557837128639221,0.06427755206823349,0.32694903016090393,0.11894777417182922,0.0581810288131237,0.35412466526031494,0.11598533391952515,0.05189783498644829,0.3077583611011505,0.10441548377275467,0.08433520793914795,0.22943589091300964,0.07490044087171555,0.0643637627363205,0.3679617643356323,0.11860648542642593,0.06504958122968674,0.4006398618221283,0.12439171969890594,0.06305419653654099,0.36647123098373413,0.12146959453821182
Yo,0.0,0.0,0.0,0.08804138004779816,-0.7279903292655945,0.0502021424472332,0.34248220920562744,-1.09458327293396,0.06829854846000671,0.5565894842147827,-1.0272960662841797,0.07240402698516846,0.6558604836463928,-0.7800338864326477,0.06625701487064362,0.7684247493743896,-0.9556148648262024,0.0006463198224082589,1.122185468673706,-0.951801598072052,0.01932966150343418,1.3442304134368896,-0.9267691373825073,0.020908977836370468,1.5040090084075928,-0.890026867389679,0.01004631258547306,0.8545824885368347,-0.5104047060012817,-0.024236558005213737,0.8747963905334473,-0.6128972768783569,0.02668924070894718,0.7579808831214905,-0.6464542746543884,0.06267327815294266,0.6654638648033142,-0.5910945534706116,0.07055842131376266,0.8218698501586914,-0.11484198272228241,-0.03910665959119797,0.806361973285675,-0.30254095792770386,0.009367343969643116,0.7086597681045532,-0.34274277091026306,0.046445704996585846,0.6089394092559814,-0.2959946095943451,0.0522744283080101,0.7547658085823059,0.1865556389093399,-0.0522441491484642,0.7494695782661438,0.032828688621520996,-0.0017385378014296293,0.6662125587463379,-0.0020156120881438255,0.049058496952056885,0.5763792395591736,0.030803818255662918,0.08256201446056366,0.0,0.0,0.0,0.014028657227754593,0.0472409762442112,0.026210946962237358,0.01779484562575817,0.0677323117852211,0.04793538898229599,0.02200295217335224,0.0505056232213974,0.06798894703388214,0.032795242965221405,0.07458845525979996,0.09032047539949417,0.05492650717496872,0.033139389008283615,0.04778052121400833,0.07651908695697784,0.08282933384180069,0.0701146051287651,0.10307411104440689,0.11413829773664474,0.08940897136926651,0.12034004181623459,0.14186842739582062,0.10423491150140762,0.04569096118211746,0.06697437167167664,0.044890254735946655,0.03544752672314644,0.07725460827350616,0.061000291258096695,0.03363293036818504,0.07720034569501877,0.06445422768592834,0.02642197161912918,0.07325201481580734,0.06919741630554199,0.014479422941803932,0.0842147246003151,0.04436798766255379,0.06353902071714401,0.07204674929380417,0.053883146494627,0.06315798312425613,0.07138610631227493,0.05106181278824806,0.057903606444597244,0.06371182948350906,0.05072476714849472,0.020970219746232033,0.08546982705593109,0.04785465821623802,0.10191522538661957,0.07326261699199677,0.05344247817993164,0.1085442528128624,0.07469336688518524,0.05261895805597305,0.0990133136510849,0.07040532678365707,0.051565200090408325
Yo,0.0,0.0,0.0,-0.03989215940237045,-0.757300853729248,0.0006796132656745613,0.06412091106176376,-1.1633539199829102,-0.006914645433425903,0.1677132546901703,-1.1835834980010986,-0.017263546586036682,0.22634561359882355,-1.0110472440719604,-0.033148735761642456,0.663670003414154,-1.063626766204834,0.005676173605024815,0.7155233025550842,-1.152519941329956,0.03518536686897278,0.6658989787101746,-1.1309328079223633,0.02451869659125805,0.6277541518211365,-1.0920144319534302,0.005568868480622768,0.776925802230835,-0.6020210981369019,-0.0010863479692488909,0.7438503503799438,-0.6674951910972595,0.0684017762541771,0.6030906438827515,-0.6347506046295166,0.06597548723220825,0.4978579878807068,-0.5392042994499207,0.03946865350008011,0.7804713845252991,-0.16456446051597595,-0.0005939740804024041,0.717930018901825,-0.25777000188827515,0.06350602209568024,0.5931829214096069,-0.26041513681411743,0.05838293582201004,0.4957056939601898,-0.19829723238945007,0.028304463252425194,0.7382424473762512,0.1940646469593048,-0.0016039054607972503,0.6755288243293762,0.14742395281791687,0.05227396637201309,0.5699208974838257,0.13367339968681335,0.07828428596258163,0.490222692489624,0.16554313898086548,0.08763547986745834,0.0,0.0,0.0,0.07960730046033859,0.11375120282173157,0.08433444797992706,0.14264346659183502,0.13586848974227905,0.1413278877735138,0.20108121633529663,0.12468656897544861,0.18636685609817505,0.24306926131248474,0.1470157504081726,0.22978238761425018,0.09781178832054138,0.06610946357250214,0.11507868766784668,0.10163932293653488,0.14300698041915894,0.17652831971645355,0.23921827971935272,0.2196163833141327,0.22989270091056824,0.33494460582733154,0.29026859998703003,0.266341894865036,0.09655772149562836,0.11654745042324066,0.10511449724435806,0.04256531596183777,0.15610846877098083,0.15364664793014526,0.055824652314186096,0.14511477947235107,0.1779668629169464,0.05822272226214409,0.1536206752061844,0.19949521124362946,0.07376429438591003,0.17764495313167572,0.09993398189544678,0.05450586602091789,0.22083185613155365,0.137449249625206,0.06304352730512619,0.20234368741512299,0.13961303234100342,0.06496121734380722,0.19669650495052338,0.14459995925426483,0.05224238708615303,0.22698555886745453,0.10187851637601852,0.07724629342556,0.3161090910434723,0.12783443927764893,0.09509952366352081,0.30302873253822327,0.12927547097206116,0.09284761548042297,0.28401315212249756,0.13039907813072205
Yo,0.0,0.0,0.0,0.06067242473363876,-0.6651731729507446,0.07074463367462158,0.2614976763725281,-1.1244604587554932,0.12758980691432953,0.47535228729248047,-1.1925289630889893,0.18155868351459503,0.607951283454895,-1.017204761505127,0.2299744188785553,0.5561798810958862,-1.0502272844314575,0.05020885914564133,0.8005393147468567,-1.4656322002410889,0.12043116986751556,0.9135054349899292,-1.6872098445892334,0.16497449576854706,1.0155001878738403,-1.8562787771224976,0.18251654505729675,0.6904236078262329,-0.702386200428009,0.04619515314698219,0.7796703577041626,-1.0375244617462158,0.14062249660491943,0.6433606743812561,-1.0256783962249756,0.19558830559253693,0.5505111217498779,-0.9110740423202515,0.217136412858963,0.7434158325195312,-0.3602617383003235,0.05545419454574585,0.7987201809883118,-0.697613000869751,0.13241522014141083,0.6756173372268677,-0.708419680595398,0.16345860064029694,0.5823784470558167,-0.5986684560775757,0.1662696748971939,0.763800859451294,-0.07669858634471893,0.07312707602977753,0.8488149642944336,-0.36512428522109985,0.14293137192726135,0.7618345022201538,-0.3950480818748474,0.1890977919101715,0.6732997298240662,-0.29673051834106445,0.21460871398448944,0.0,0.0,0.0,0.03780660405755043,0.08411019295454025,0.0627574548125267,0.08509644120931625,0.16097141802310944,0.10474134236574173,0.1381235271692276,0.16211281716823578,0.13657449185848236,0.16104280948638916,0.09493754059076309,0.16606459021568298,0.05520050972700119,0.047930046916007996,0.13185732066631317,0.13643309473991394,0.1350524127483368,0.2012835294008255,0.18187908828258514,0.20945817232131958,0.2315187305212021,0.21951696276664734,0.26383092999458313,0.24847279489040375,0.0708758682012558,0.08321874588727951,0.12604105472564697,0.17613746225833893,0.13279786705970764,0.19865895807743073,0.16706249117851257,0.16513362526893616,0.19520017504692078,0.14829054474830627,0.1472495049238205,0.18176935613155365,0.09201376140117645,0.0937226340174675,0.12567675113677979,0.17620456218719482,0.09796358644962311,0.19033123552799225,0.16841952502727509,0.12681223452091217,0.1696435958147049,0.15554669499397278,0.10585347563028336,0.1424921602010727,0.10487721860408783,0.10702484101057053,0.13177774846553802,0.18696801364421844,0.05025593936443329,0.18425382673740387,0.1843947172164917,0.06851191818714142,0.18024438619613647,0.17134499549865723,0.06363479793071747,0.16825824975967407
Yo,0.0,0.0,0.0,0.058136146515607834,-0.648920476436615,-0.012521065771579742,0.2952039837837219,-1.1048482656478882,-0.03078462742269039,0.5608530044555664,-1.1859138011932373,-0.04248668625950813,0.7177141904830933,-1.0284397602081299,-0.056027621030807495,0.4931868612766266,-1.0520994663238525,-0.1354421228170395,0.802017867565155,-1.499445915222168,-0.15208594501018524,0.9502456784248352,-1.7518609762191772,-0.14566288888454437,1.0685222148895264,-1.9353545904159546,-0.1495308130979538,0.6408206224441528,-0.7032848596572876,-0.14202985167503357,0.8078018426895142,-1.0238457918167114,-0.15849986672401428,0.6978706121444702,-0.9766112565994263,-0.12681818008422852,0.6010841131210327,-0.8498029708862305,-0.10543066263198853,0.723394513130188,-0.3479667007923126,-0.13703909516334534,0.8371492624282837,-0.6758067011833191,-0.14400729537010193,0.7395076751708984,-0.6588119864463806,-0.09586875140666962,0.6460611820220947,-0.5410782098770142,-0.06623296439647675,0.7754932641983032,-0.04508757218718529,-0.13168048858642578,0.8872102499008179,-0.3446120619773865,-0.12013550102710724,0.8111823797225952,-0.3548724055290222,-0.07081502676010132,0.7321171760559082,-0.2502700686454773,-0.033616986125707626,0.0,0.0,0.0,0.06178329512476921,0.1644544154405594,0.06621569395065308,0.15183298289775848,0.2207212746143341,0.11504366248846054,0.26472973823547363,0.21634817123413086,0.1438874751329422,0.3324882984161377,0.17944464087486267,0.16801975667476654,0.08942683041095734,0.11604318767786026,0.18795762956142426,0.21683131158351898,0.11409545689821243,0.23803280293941498,0.25064176321029663,0.17376255989074707,0.24292881786823273,0.2972666621208191,0.23321619629859924,0.24281202256679535,0.10119538754224777,0.18873994052410126,0.16942098736763,0.2789797782897949,0.09801357984542847,0.23398050665855408,0.250470906496048,0.12540555000305176,0.22159388661384583,0.2058449238538742,0.10028015822172165,0.20057545602321625,0.118329718708992,0.2429102510213852,0.1465606540441513,0.27843815088272095,0.06446758657693863,0.1911081224679947,0.25278615951538086,0.06302782893180847,0.15844009816646576,0.22055895626544952,0.05161585658788681,0.12540706992149353,0.14194996654987335,0.2767985165119171,0.12720774114131927,0.28330719470977783,0.13351504504680634,0.15673886239528656,0.2725737988948822,0.09899628907442093,0.14316686987876892,0.2557595372200012,0.12039563059806824,0.12939204275608063
Yo,0.0,0.0,0.0,0.09066365659236908,-0.6530084013938904,0.0654555931687355,0.3450651168823242,-1.0433000326156616,0.10293348133563995,0.5713163614273071,-1.0419163703918457,0.13029643893241882,0.6835838556289673,-0.8297923803329468,0.1508469432592392,0.634168267250061,-0.9829645156860352,0.03114856779575348,0.8765309453010559,-1.2491481304168701,0.09164406359195709,1.0011804103851318,-1.4033551216125488,0.12969344854354858,1.0954105854034424,-1.5137444734573364,0.1400725245475769,0.7612478733062744,-0.623357892036438,0.006667772773653269,0.8188663721084595,-0.7697217464447021,0.08849035948514938,0.708548903465271,-0.7406877279281616,0.12749633193016052,0.6232270002365112,-0.66633540391922,0.1354142278432846,0.7990449666976929,-0.25606343150138855,-0.0039347386918962,0.8101841807365417,-0.43763217329978943,0.06500019133090973,0.7146099805831909,-0.4372103214263916,0.08968198299407959,0.6233604550361633,-0.37269458174705505,0.08365704119205475,0.7983378767967224,0.047309510409832,-0.009029259905219078,0.8299848437309265,-0.12632063031196594,0.05387505143880844,0.7532402873039246,-0.12687380611896515,0.09774567931890488,0.6627293229103088,-0.06008313223719597,0.12103220075368881,0.0,0.0,0.0,0.03377322852611542,0.06460285931825638,0.03904226794838905,0.08246483653783798,0.11763152480125427,0.061185505241155624,0.12539736926555634,0.08050473034381866,0.07797794789075851,0.1309303194284439,0.05217337608337402,0.09476955235004425,0.10032674670219421,0.08540713787078857,0.0667654499411583,0.17007261514663696,0.05715634673833847,0.10136985033750534,0.20896603167057037,0.09372598677873611,0.12274125963449478,0.24471840262413025,0.1313776969909668,0.13658569753170013,0.09129732102155685,0.14191104471683502,0.05837937444448471,0.1488097757101059,0.06787721067667007,0.09306905418634415,0.12536397576332092,0.10173939168453217,0.09581491351127625,0.10968580842018127,0.08111616969108582,0.0940447598695755,0.08193442970514297,0.15854571759700775,0.0545072965323925,0.1451960802078247,0.05348586663603783,0.08767857402563095,0.12727417051792145,0.06336122006177902,0.0793536826968193,0.11314346641302109,0.04469897970557213,0.0661580041050911,0.07394451647996902,0.17173676192760468,0.05548317730426788,0.15727008879184723,0.08515210449695587,0.07750814408063889,0.1447487622499466,0.05463661998510361,0.06895647197961807,0.12684595584869385,0.05740125849843025,0.05732279643416405
Yo,0.0,0.0,0.0,0.057924944907426834,-0.7485663890838623,-0.004020735155791044,0.30057746171951294,-1.1904683113098145,0.010661376640200615,0.5538946986198425,-1.2619578838348389,0.034407950937747955,0.6967495679855347,-1.164654016494751,0.05812832713127136,0.7150039076805115,-0.9100467562675476,-0.03548593446612358,0.9587346315383911,-1.255568265914917,0.004083852283656597,1.0564489364624023,-1.413517951965332,0.02331659197807312,1.1395454406738281,-1.503401756286621,0.021714618429541588,0.8290312886238098,-0.47394704818725586,-0.0255602840334177,0.8823325037956238,-0.7869111895561218,0.04228972643613815,0.7415981292724609,-0.8037837147712708,0.07667474448680878,0.6510785818099976,-0.6970661878585815,0.07999397814273834,0.8433856964111328,-0.08989166468381882,-0.007225006818771362,0.8723887205123901,-0.41207757592201233,0.04003168269991875,0.7476353645324707,-0.45960506796836853,0.06431134790182114,0.6560800075531006,-0.3740186393260956,0.0608949176967144,0.8153828382492065,0.22377721965312958,0.012339172884821892,0.8746734857559204,-0.04010685160756111,0.05317804217338562,0.7819564342498779,-0.10433541238307953,0.09453155100345612,0.684585452079773,-0.048753224313259125,0.11930853128433228,0.0,0.0,0.0,0.0754629373550415,0.06976747512817383,0.07326404750347137,0.14963454008102417,0.10353389382362366,0.10012825578451157,0.201304093003273,0.13156543672084808,0.10963691771030426,0.22819174826145172,0.2540397644042969,0.11693084985017776,0.12460903823375702,0.20444878935813904,0.12131348997354507,0.25040721893310547,0.11031579226255417,0.17299725115299225,0.34694811701774597,0.16929790377616882,0.19808316230773926,0.43044447898864746,0.2510986328125,0.21375147998332977,0.1128055676817894,0.2569408714771271,0.09318907558917999,0.22074836492538452,0.0920681282877922,0.13973866403102875,0.19560426473617554,0.13943271338939667,0.1319417506456375,0.17045193910598755,0.1158912405371666,0.1216391921043396,0.1112692803144455,0.24170078337192535,0.07453808933496475,0.21594132483005524,0.08454268425703049,0.1202019602060318,0.19414186477661133,0.11180523782968521,0.11075904965400696,0.17777316272258759,0.08972868323326111,0.09548765420913696,0.11052296310663223,0.21612919867038727,0.06608952581882477,0.2244063913822174,0.11942296475172043,0.10243342071771622,0.2208249419927597,0.10629580169916153,0.10522826761007309,0.19847144186496735,0.0902404934167862,0.10113003849983215
Yo,0.0,0.0,0.0,0.08638928830623627,-0.7217851281166077,0.00929049588739872,0.32565799355506897,-1.1644692420959473,0.023205837234854698,0.5436071753501892,-1.1710113286972046,0.03900181129574776,0.6535235643386841,-0.9621829986572266,0.052299678325653076,0.7569872140884399,-0.8848166465759277,-0.001765737310051918,0.9663509130477905,-1.2156416177749634,0.03255360573530197,1.0726902484893799,-1.40127694606781,0.03851044923067093,1.1585543155670166,-1.5211503505706787,0.026705419644713402,0.8550580739974976,-0.4557993412017822,-0.005704555194824934,0.8846050500869751,-0.7679367661476135,0.05196726322174072,0.7443150877952576,-0.7933659553527832,0.07380315661430359,0.647779107093811,-0.6970296502113342,0.07245039939880371,0.8510090112686157,-0.0817025825381279,-0.0024936555419117212,0.8672419786453247,-0.3991493880748749,0.039191775023937225,0.746872067451477,-0.4559233784675598,0.0581330768764019,0.6518317461013794,-0.3853098154067993,0.054359544068574905,0.8050968050956726,0.21638759970664978,0.0016164329135790467,0.8350028991699219,-0.07159949094057083,0.038549669086933136,0.7396875619888306,-0.14048726856708527,0.07664953917264938,0.6449557542800903,-0.0898212343454361,0.10082702338695526,0.0,0.0,0.0,0.07293201237916946,0.02898854948580265,0.05440383404493332,0.13358691334724426,0.09526190906763077,0.08151251077651978,0.1666364222764969,0.0998605415225029,0.1008772999048233,0.17548316717147827,0.05746070295572281,0.12194942682981491,0.11674930155277252,0.17155003547668457,0.0963602215051651,0.20068518817424774,0.07304123044013977,0.14372694492340088,0.2741151452064514,0.08297943323850632,0.17577169835567474,0.33927056193351746,0.1552518755197525,0.19833944737911224,0.09739135950803757,0.2115478366613388,0.08277928084135056,0.13723765313625336,0.04702313616871834,0.1365993469953537,0.10971767455339432,0.04794338718056679,0.1475091576576233,0.09260778874158859,0.05743063986301422,0.14896613359451294,0.08556108176708221,0.19435054063796997,0.080129474401474,0.13263514637947083,0.07228992134332657,0.13037274777889252,0.11438442021608353,0.0655815452337265,0.12774845957756042,0.10234223306179047,0.07589303702116013,0.11687247455120087,0.07820697873830795,0.16716815531253815,0.08913586288690567,0.13774079084396362,0.09224364161491394,0.12680235505104065,0.1309404969215393,0.08605547249317169,0.12769527733325958,0.11398626863956451,0.10022560507059097,0.12142959237098694
Yo,0.0,0.0,0.0,0.06779737770557404,-0.6771866083145142,0.01965494267642498,0.30435770750045776,-1.080341100692749,0.04317542165517807,0.5248023271560669,-1.0723403692245483,0.06439478695392609,0.6360040903091431,-0.886921226978302,0.08089916408061981,0.7414337396621704,-0.8813497424125671,0.022071072831749916,0.9612311124801636,-1.1838113069534302,0.06745599955320358,1.0691134929656982,-1.3528202772140503,0.08084709942340851,1.1524059772491455,-1.4558215141296387,0.07472163438796997,0.8428013920783997,-0.4744443893432617,0.014356027357280254,0.8609969019889832,-0.7332702279090881,0.08344234526157379,0.724704384803772,-0.7465695142745972,0.10677532106637955,0.6332145929336548,-0.6461735963821411,0.10521858930587769,0.8388324975967407,-0.10604685544967651,0.014123668894171715,0.8512706756591797,-0.37437430024147034,0.057515013962984085,0.7285633683204651,-0.42113083600997925,0.0734577476978302,0.6354274749755859,-0.34454190731048584,0.06901481002569199,0.7948169112205505,0.1964968591928482,0.016335193067789078,0.8583426475524902,-0.036554284393787384,0.05389871448278427,0.7769279479980469,-0.1164727658033371,0.09347519278526306,0.6908214092254639,-0.08225531131029129,0.11964620649814606,0.0,0.0,0.0,0.11487441509962082,0.14026007056236267,0.05069867521524429,0.19255207479000092,0.22286684811115265,0.07209430634975433,0.23054303228855133,0.2077808380126953,0.08287057280540466,0.2461104542016983,0.17062555253505707,0.09145666658878326,0.12680485844612122,0.24997268617153168,0.07517436146736145,0.2280500829219818,0.15862610936164856,0.10441862046718597,0.3030379116535187,0.11397779732942581,0.11924298852682114,0.3682156205177307,0.11779970675706863,0.1299901157617569,0.10745745152235031,0.22149020433425903,0.06145761162042618,0.17152340710163116,0.09498302638530731,0.0905606672167778,0.15530827641487122,0.08256160467863083,0.08832579851150513,0.13668061792850494,0.0805642157793045,0.08418300747871399,0.10070303827524185,0.19880859553813934,0.056175075471401215,0.16924424469470978,0.1217263862490654,0.08563166111707687,0.1585252285003662,0.09974952042102814,0.0784788429737091,0.14229391515254974,0.09920661151409149,0.06763669103384018,0.09965420514345169,0.23007747530937195,0.057540539652109146,0.200029656291008,0.22730466723442078,0.0791221484541893,0.22066983580589294,0.2476968616247177,0.07443828135728836,0.2299458235502243,0.294811487197876,0.0666651651263237
Yo,0.0,0.0,0.0,0.09241334348917007,-0.7280641198158264,0.029461830854415894,0.3793640732765198,-1.1146574020385742,0.06448213756084442,0.6396620273590088,-1.083359956741333,0.0978158563375473,0.7791435122489929,-0.8889455795288086,0.1274556964635849,0.7424623966217041,-0.9129019975662231,0.014841103926301003,1.0663715600967407,-1.1820932626724243,0.05304058641195297,1.2377207279205322,-1.34565269947052,0.07453590631484985,1.3733018636703491,-1.4606003761291504,0.07660800218582153,0.8513844609260559,-0.46769848465919495,0.006904153618961573,0.9909635782241821,-0.751482367515564,0.06077069789171219,0.8562976717948914,-0.7831029295921326,0.09899824857711792,0.7417782545089722,-0.6849480271339417,0.11605975776910782,0.8694474101066589,-0.060980699956417084,0.0066413888707757,0.9809601902961731,-0.367870569229126,0.0435774028301239,0.8557459712028503,-0.4211949408054352,0.07803128659725189,0.7483350038528442,-0.33806926012039185,0.09172074496746063,0.8476535081863403,0.2817644774913788,0.009671983309090137,0.9859350323677063,0.03922136873006821,0.05196830630302429,0.8977144360542297,-0.03789864853024483,0.10348983854055405,0.7916816473007202,0.017364036291837692,0.13949055969715118,0.0,0.0,0.0,0.06985994428396225,0.06486201286315918,0.05556010827422142,0.14027975499629974,0.11913783103227615,0.08261305838823318,0.18819504976272583,0.11717794835567474,0.10062213987112045,0.21012650430202484,0.09938821196556091,0.11916806548833847,0.08985541015863419,0.13030743598937988,0.13373850286006927,0.2182237058877945,0.07793541997671127,0.19670161604881287,0.29646262526512146,0.09460840374231339,0.22093862295150757,0.36580005288124084,0.12883973121643066,0.23318840563297272,0.08078254759311676,0.18710075318813324,0.12174751609563828,0.2116977572441101,0.06212826818227768,0.18954850733280182,0.1982218474149704,0.0946255475282669,0.18375107645988464,0.17306937277317047,0.08678010106086731,0.1686909794807434,0.08575041592121124,0.21369320154190063,0.1136147677898407,0.20930656790733337,0.07447100430727005,0.17036747932434082,0.19568684697151184,0.08489826321601868,0.14817748963832855,0.1776934266090393,0.08532724529504776,0.11997377872467041,0.08814901113510132,0.23818477988243103,0.11072153598070145,0.2095300257205963,0.14130958914756775,0.15049859881401062,0.20869180560112,0.11207298189401627,0.140046626329422,0.1879613846540451,0.1192934662103653,0.12457176297903061
Yo,0.0,0.0,0.0,0.06374607235193253,-0.7119702100753784,0.037438325583934784,0.3029375672340393,-1.117173433303833,0.07312579452991486,0.5271884799003601,-1.1102827787399292,0.10440822690725327,0.6378079056739807,-0.9162033796310425,0.13157421350479126,0.7349483370780945,-0.9192388653755188,0.05224449560046196,0.9676908254623413,-1.1694583892822266,0.11107458919286728,1.089051365852356,-1.3078445196151733,0.13435979187488556,1.1788055896759033,-1.385223150253296,0.13344398140907288,0.8416672945022583,-0.5001273155212402,0.04117294028401375,0.8480228185653687,-0.6834567189216614,0.11882990598678589,0.7111339569091797,-0.6876663565635681,0.14473314583301544,0.6159869432449341,-0.6011385917663574,0.1445312350988388,0.8411941528320312,-0.11435985565185547,0.03818896412849426,0.8213311433792114,-0.311194509267807,0.09574488550424576,0.7014466524124146,-0.34444406628608704,0.11260230839252472,0.6065948605537415,-0.2789674997329712,0.10446910560131073,0.8031530380249023,0.21045319736003876,0.0376698262989521,0.7956993579864502,0.020717304199934006,0.08797983825206757,0.6930129528045654,-0.015923796221613884,0.12443748861551285,0.5982373952865601,0.03454204648733139,0.1458149254322052,0.0,0.0,0.0,0.04952312633395195,0.05793124437332153,0.08991784602403641,0.1014593318104744,0.13116289675235748,0.1371098905801773,0.14309412240982056,0.11058078706264496,0.17090561985969543,0.15427666902542114,0.09824716299772263,0.20490917563438416,0.10067512840032578,0.09506307542324066,0.14376312494277954,0.1539955586194992,0.06051180139183998,0.22024518251419067,0.20331691205501556,0.12315115332603455,0.27323442697525024,0.2534392178058624,0.17272278666496277,0.3086790144443512,0.08063779771327972,0.13193868100643158,0.12595005333423615,0.08894947916269302,0.0528753288090229,0.20381906628608704,0.06403698027133942,0.09340676665306091,0.22854164242744446,0.05608436465263367,0.07175828516483307,0.23801220953464508,0.06396632641553879,0.13176894187927246,0.1176532655954361,0.0928533524274826,0.07444006949663162,0.1914815902709961,0.07552164047956467,0.09667780995368958,0.19625937938690186,0.06815584748983383,0.0817645788192749,0.18569032847881317,0.04749593511223793,0.1318240612745285,0.11935945600271225,0.08492933213710785,0.10411698371171951,0.17787420749664307,0.07396308332681656,0.1110633984208107,0.18572498857975006,0.06337540596723557,0.0983753353357315,0.1808171272277832
Yo,0.0,0.0,0.0,0.08513180166482925,-0.6782474517822266,0.08317630738019943,0.32388240098953247,-1.0334302186965942,0.1418347805738449,0.5473107695579529,-1.0263783931732178,0.18672508001327515,0.6695905327796936,-0.8511277437210083,0.22633323073387146,0.6869906187057495,-0.9577633142471313,0.11341364681720734,0.9319251775741577,-1.1634397506713867,0.2055252492427826,1.040298342704773,-1.2707810401916504,0.25527799129486084,1.1192370653152466,-1.338549017906189,0.2749003767967224,0.7966684103012085,-0.5860986113548279,0.09469284117221832,0.8256316184997559,-0.7292423844337463,0.2145179957151413,0.6995213031768799,-0.7355361580848694,0.25307002663612366,0.6113585233688354,-0.6600156426429749,0.2566564679145813,0.8094773292541504,-0.21968837082386017,0.08847381174564362,0.8224973678588867,-0.4004499316215515,0.18414245545864105,0.7087726593017578,-0.4336916506290436,0.201835036277771,0.6148236989974976,-0.3743085265159607,0.18917497992515564,0.7888736724853516,0.08044669777154922,0.08970644325017929,0.8494464159011841,-0.07581554353237152,0.17836937308311462,0.7725808620452881,-0.11170092970132828,0.22732579708099365,0.680921196937561,-0.0640493780374527,0.2528354823589325,0.0,0.0,0.0,0.0478796549141407,0.022640077397227287,0.031963687390089035,0.08887434005737305,0.06097690761089325,0.04448062554001808,0.11000575125217438,0.03707568347454071,0.0512068010866642,0.11454115808010101,0.08360294997692108,0.05817103758454323,0.07167356461286545,0.05421864986419678,0.05811522901058197,0.1345502734184265,0.04387642443180084,0.08245862275362015,0.1864093542098999,0.0831584483385086,0.09805041551589966,0.2388349324464798,0.13059554994106293,0.10942389816045761,0.06155072897672653,0.08177337050437927,0.04863961786031723,0.10335879027843475,0.04137852415442467,0.07100295275449753,0.08652440458536148,0.0637030303478241,0.0704345628619194,0.07338295131921768,0.049817126244306564,0.06732932478189468,0.05540117621421814,0.09136597812175751,0.04258717969059944,0.11527254432439804,0.04656992852687836,0.06752865761518478,0.10508780181407928,0.06212922930717468,0.06219657137989998,0.09064441174268723,0.05374534800648689,0.05172910541296005,0.05246448889374733,0.0994114801287651,0.04103730246424675,0.14003345370292664,0.06685933470726013,0.06047627702355385,0.14321665465831757,0.062205057591199875,0.059073757380247116,0.12995746731758118,0.06767142564058304,0.055179812014102936
Yo,0.0,0.0,0.0,0.07481664419174194,-0.6015121936798096,0.0645889937877655,0.2980048358440399,-0.945073127746582,0.11681579053401947,0.5058685541152954,-0.9596430063247681,0.1604139357805252,0.6110317707061768,-0.8373762369155884,0.19704663753509521,0.6706252694129944,-0.8949443697929382,0.0903838723897934,0.8768278360366821,-1.1618468761444092,0.18109658360481262,0.972828209400177,-1.2923376560211182,0.22551164031028748,1.053235650062561,-1.3693625926971436,0.23924896121025085,0.7728586792945862,-0.5756007432937622,0.07818417996168137,0.7825170159339905,-0.7710041999816895,0.1885657012462616,0.6600632071495056,-0.7629069089889526,0.22282937169075012,0.5795174241065979,-0.6690136790275574,0.22482633590698242,0.7779333591461182,-0.26229673624038696,0.07854415476322174,0.7730101346969604,-0.47833865880966187,0.16804371774196625,0.6629799604415894,-0.4959931969642639,0.18680104613304138,0.5829533934593201,-0.4211631417274475,0.17566534876823425,0.747802197933197,-0.006774148438125849,0.08460910618305206,0.785415530204773,-0.19753333926200867,0.1626468300819397,0.7192424535751343,-0.2465553730726242,0.20595872402191162,0.6515182852745056,-0.20792356133460999,0.22739902138710022,0.0,0.0,0.0,0.11629638820886612,0.21200449764728546,0.05986563116312027,0.20645995438098907,0.2777470350265503,0.09297738969326019,0.2540273368358612,0.24668926000595093,0.11360187828540802,0.2597326636314392,0.1812690645456314,0.13356973230838776,0.14900723099708557,0.2173859030008316,0.13363492488861084,0.2329961210489273,0.10361824929714203,0.18311931192874908,0.2863483130931854,0.09121432900428772,0.2064579576253891,0.33853384852409363,0.12000148743391037,0.2207198143005371,0.12134306132793427,0.1913629174232483,0.11796839535236359,0.19030223786830902,0.043258462101221085,0.174640953540802,0.17408421635627747,0.05200636386871338,0.1789472997188568,0.15392212569713593,0.043956149369478226,0.17576180398464203,0.11127825826406479,0.18486975133419037,0.10516268759965897,0.1815384030342102,0.10403776168823242,0.15606945753097534,0.17254352569580078,0.08202561736106873,0.1476176232099533,0.15533915162086487,0.06634552776813507,0.13206356763839722,0.1068844199180603,0.2221805602312088,0.09853963553905487,0.20522454380989075,0.1870538294315338,0.13388116657733917,0.22716744244098663,0.1917704939842224,0.12948398292064667,0.24134773015975952,0.22356931865215302,0.12018610537052155
Yo,0.0,0.0,0.0,0.009114199317991734,-0.6302008628845215,0.01812228001654148,0.16875886917114258,-1.0624572038650513,0.028732310980558395,0.32715684175491333,-1.1727142333984375,0.036159150302410126,0.42438608407974243,-1.104840636253357,0.039943140000104904,0.6481438875198364,-0.8909298181533813,0.04064730182290077,0.8148260116577148,-1.2139593362808228,0.09634749591350555,0.8772608041763306,-1.3604966402053833,0.10809202492237091,0.9270826578140259,-1.4398201704025269,0.10125883668661118,0.7667185068130493,-0.5347703695297241,0.03731045126914978,0.7552220821380615,-0.8185103535652161,0.12239082157611847,0.6195183396339417,-0.8228057026863098,0.14228367805480957,0.5342381000518799,-0.7199686765670776,0.1353551596403122,0.7769840955734253,-0.21209900081157684,0.04180653765797615,0.7648939490318298,-0.48969870805740356,0.10885288566350937,0.6456114649772644,-0.5199496746063232,0.12516775727272034,0.5620672106742859,-0.4313425123691559,0.11515794694423676,0.7448006272315979,0.05504255369305611,0.04819875210523605,0.7683483958244324,-0.19093112647533417,0.10830304771661758,0.697358250617981,-0.2713702321052551,0.15227365493774414,0.6354914903640747,-0.24627220630645752,0.176933154463768,0.0,0.0,0.0,0.15266482532024384,0.19101375341415405,0.05380171164870262,0.25828683376312256,0.23532867431640625,0.08667419105768204,0.32651403546333313,0.19524440169334412,0.11209327727556229,0.35479873418807983,0.21607376635074615,0.13533662259578705,0.1921738088130951,0.4006064534187317,0.09589236974716187,0.2801901400089264,0.2896682918071747,0.14569909870624542,0.35322752594947815,0.27406561374664307,0.1761292964220047,0.42744505405426025,0.3085758686065674,0.19524265825748444,0.16043739020824432,0.3031872808933258,0.08431200683116913,0.21347814798355103,0.12588641047477722,0.14973145723342896,0.19656549394130707,0.0991617813706398,0.16688556969165802,0.17726309597492218,0.10482728481292725,0.17228305339813232,0.14499714970588684,0.2073362171649933,0.08394047617912292,0.1992110311985016,0.1348995864391327,0.14901256561279297,0.18943209946155548,0.14188644289970398,0.15276554226875305,0.1772218644618988,0.13904143869876862,0.14381177723407745,0.14070355892181396,0.2541041672229767,0.09436555951833725,0.23108315467834473,0.28255778551101685,0.14637720584869385,0.2842349708080292,0.35931888222694397,0.15731844305992126,0.33373090624809265,0.43651360273361206,0.15669137239456177
Yo,0.0,0.0,0.0,0.05586099624633789,-0.5269075036048889,0.06706605851650238,0.250366747379303,-0.8056732416152954,0.11190269142389297,0.4294973313808441,-0.8224954605102539,0.14083270728588104,0.5269829034805298,-0.7362836599349976,0.16410456597805023,0.6534165143966675,-0.8937234878540039,0.11403904110193253,0.8078600764274597,-1.0846245288848877,0.18284693360328674,0.8536547422409058,-1.1547520160675049,0.20732295513153076,0.880070686340332,-1.1791232824325562,0.21091154217720032,0.7507200241088867,-0.6270345449447632,0.08619467914104462,0.7522537708282471,-0.7015028595924377,0.17612096667289734,0.6410417556762695,-0.6611228585243225,0.19078212976455688,0.5599164366722107,-0.5774872303009033,0.18113383650779724,0.7521947622299194,-0.3439483940601349,0.06683747470378876,0.7450359463691711,-0.4513377547264099,0.13153387606143951,0.6411987543106079,-0.43548569083213806,0.13784773647785187,0.5571678280830383,-0.36792486906051636,0.12298949807882309,0.715345025062561,-0.10474512726068497,0.05243861675262451,0.75203537940979,-0.2239774763584137,0.10831346362829208,0.7068902850151062,-0.25779661536216736,0.14255201816558838,0.6580143570899963,-0.2451898157596588,0.16076816618442535,0.0,0.0,0.0,0.1014820858836174,0.3330477476119995,0.03469419479370117,0.14024831354618073,0.4515005052089691,0.05555988848209381,0.14360672235488892,0.4433600604534149,0.0715985894203186,0.13336224853992462,0.3911304175853729,0.08585674315690994,0.08370573073625565,0.3342841565608978,0.053567614406347275,0.1000252515077591,0.2878839075565338,0.08512832969427109,0.13016454875469208,0.2919255197048187,0.10810994356870651,0.1731269210577011,0.3189453184604645,0.12402594089508057,0.08406522870063782,0.16206763684749603,0.04984660446643829,0.08121791481971741,0.11932342499494553,0.09493518620729446,0.07062599062919617,0.12388840317726135,0.11060664802789688,0.05679229274392128,0.12491367757320404,0.11500968039035797,0.0946759432554245,0.14753495156764984,0.05368399620056152,0.094480000436306,0.15551674365997314,0.09483528137207031,0.08173591643571854,0.14948885142803192,0.09534213691949844,0.07162176817655563,0.13506801426410675,0.08852152526378632,0.10394053906202316,0.3101358413696289,0.06406950950622559,0.14273996651172638,0.3576265275478363,0.09723535925149918,0.200788676738739,0.4097172021865845,0.102153480052948,0.25855958461761475,0.46076500415802,0.10231055319309235
Yo,0.0,0.0,0.0,0.039930276572704315,-0.5399712920188904,0.07701397687196732,0.22454734146595,-0.8684514760971069,0.13757404685020447,0.39354434609413147,-0.9103584289550781,0.18541041016578674,0.4812299609184265,-0.815119743347168,0.22932609915733337,0.695846438407898,-0.8174507021903992,0.13379338383674622,0.8341686129570007,-1.0397266149520874,0.22794099152088165,0.8247489929199219,-1.1000230312347412,0.2669932246208191,0.8053566217422485,-1.101425290107727,0.2805538773536682,0.7992933988571167,-0.5225328207015991,0.11514009535312653,0.7894375920295715,-0.6800066232681274,0.24008846282958984,0.6611757278442383,-0.6789999604225159,0.264066219329834,0.5696109533309937,-0.6054237484931946,0.2559034824371338,0.7968991994857788,-0.24218109250068665,0.10730699449777603,0.7712552547454834,-0.4143064022064209,0.20156817138195038,0.6526044607162476,-0.4363662302494049,0.20283114910125732,0.5610647797584534,-0.379153847694397,0.1787785142660141,0.7583585977554321,-0.013614015653729439,0.10663142055273056,0.7704126238822937,-0.16829901933670044,0.17975804209709167,0.7118156552314758,-0.22532160580158234,0.2111179530620575,0.6596795320510864,-0.22112944722175598,0.22474798560142517,0.0,0.0,0.0,0.11321201175451279,0.34927016496658325,0.0702761709690094,0.1679886132478714,0.4520355463027954,0.11692900210618973,0.1874351054430008,0.3852856457233429,0.15444695949554443,0.19118398427963257,0.2649591565132141,0.19117018580436707,0.10913833230733871,0.47620266675949097,0.11423277854919434,0.10592277348041534,0.39977356791496277,0.16829149425029755,0.1486651748418808,0.388921320438385,0.20260047912597656,0.21654003858566284,0.42121610045433044,0.22637736797332764,0.08727657794952393,0.23729807138442993,0.10442505776882172,0.0908198356628418,0.15445354580879211,0.15821219980716705,0.08926233649253845,0.14374850690364838,0.17653097212314606,0.0852246955037117,0.14532718062400818,0.18734309077262878,0.0729636624455452,0.07904937118291855,0.10287639498710632,0.10522449761629105,0.16031447052955627,0.15051664412021637,0.10293357819318771,0.16720837354660034,0.1530669629573822,0.0977846086025238,0.15058036148548126,0.1500387191772461,0.06094789877533913,0.29522231221199036,0.11004066467285156,0.1676703244447708,0.35585787892341614,0.14423374831676483,0.24916061758995056,0.405291885137558,0.14638842642307281,0.31784147024154663,0.45098671317100525,0.14444276690483093
Yo,0.0,0.0,0.0,0.07847669720649719,-0.7140823602676392,0.055959414690732956,0.34798678755760193,-1.0758253335952759,0.09993565082550049,0.6029732823371887,-1.065989375114441,0.13677500188350677,0.732362687587738,-0.8748529553413391,0.16959530115127563,0.692613959312439,-0.9308021664619446,0.03823770210146904,1.0046085119247437,-1.146202564239502,0.08984517306089401,1.1624358892440796,-1.2564581632614136,0.12505796551704407,1.2784960269927979,-1.3248871564865112,0.13782913982868195,0.8180099725723267,-0.5201877355575562,0.02318958379328251,0.932232677936554,-0.7203935980796814,0.10118991136550903,0.8074566125869751,-0.7392593026161194,0.1482481062412262,0.7020411491394043,-0.6648556590080261,0.16488990187644958,0.8526030778884888,-0.13104000687599182,0.01801019348204136,0.9269953966140747,-0.3565318286418915,0.07860158383846283,0.8103111386299133,-0.39290857315063477,0.11239087581634521,0.7043235898017883,-0.32811790704727173,0.11736351251602173,0.8468716740608215,0.19213515520095825,0.017777932807803154,0.9379122853279114,0.009526613168418407,0.07905042916536331,0.8545624017715454,-0.039197105914354324,0.1284290850162506,0.7524018287658691,-0.002468397840857506,0.15809181332588196,0.0,0.0,0.0,0.05748071148991585,0.06125010550022125,0.0700155720114708,0.13720740377902985,0.12128390371799469,0.09519176930189133,0.19907592236995697,0.1139734759926796,0.10482003539800644,0.21254076063632965,0.0819031372666359,0.11354698985815048,0.09782109409570694,0.12388426065444946,0.12954074144363403,0.21754060685634613,0.05648074671626091,0.18379557132720947,0.29087167978286743,0.08222245424985886,0.2063126564025879,0.3591417074203491,0.14669063687324524,0.2201956808567047,0.08725490421056747,0.20237240195274353,0.10563483089208603,0.19463010132312775,0.058225858956575394,0.1594098061323166,0.16915476322174072,0.08999517560005188,0.14950065314769745,0.1427496373653412,0.07862861454486847,0.13716664910316467,0.09101759642362595,0.22685539722442627,0.08823485672473907,0.20152153074741364,0.0921752005815506,0.1456342190504074,0.17995725572109222,0.09521248936653137,0.129586324095726,0.1634129285812378,0.09028840810060501,0.10702203214168549,0.09454081952571869,0.244816854596138,0.07677344977855682,0.21308530867099762,0.14539606869220734,0.12401796877384186,0.20619386434555054,0.13678781688213348,0.1216694638133049,0.18664009869098663,0.13926558196544647,0.1125967800617218
Yo,0.0,0.0,0.0,0.09390359371900558,-0.6716987490653992,0.054064832627773285,0.3394147455692291,-1.0101135969161987,0.09705694764852524,0.5636090636253357,-0.984887957572937,0.13274972140789032,0.6760821342468262,-0.8117263913154602,0.16342762112617493,0.7446570992469788,-0.8952852487564087,0.06771188229322433,0.9905916452407837,-1.1100877523422241,0.14116239547729492,1.0913329124450684,-1.1999119520187378,0.17383143305778503,1.1679906845092773,-1.2466394901275635,0.18012739717960358,0.8457993268966675,-0.504646360874176,0.056432027369737625,0.8859854936599731,-0.7043449878692627,0.15438318252563477,0.7582036256790161,-0.7094601392745972,0.18565282225608826,0.6648634672164917,-0.6201270818710327,0.18624797463417053,0.8403992652893066,-0.13751307129859924,0.056739091873168945,0.8631212115287781,-0.3594484031200409,0.13837283849716187,0.7508643269538879,-0.39743512868881226,0.1618271768093109,0.658430278301239,-0.33123236894607544,0.15473410487174988,0.7958077192306519,0.16910341382026672,0.06179399415850639,0.851778507232666,-0.02122502587735653,0.13956212997436523,0.7709184885025024,-0.07475290447473526,0.19205889105796814,0.6838684678077698,-0.0323488712310791,0.221262127161026,0.0,0.0,0.0,0.09836267679929733,0.2390889823436737,0.0665624737739563,0.1500578671693802,0.3272740840911865,0.10052385181188583,0.16571727395057678,0.2862236201763153,0.12283656001091003,0.16693605482578278,0.195572167634964,0.14469288289546967,0.07437772303819656,0.15383204817771912,0.11999509483575821,0.13923649489879608,0.09270075708627701,0.17647315561771393,0.24117663502693176,0.1128372922539711,0.21010594069957733,0.33390703797340393,0.1722012162208557,0.23361752927303314,0.060997363179922104,0.10618878155946732,0.10850953310728073,0.10044044256210327,0.05655450373888016,0.17134560644626617,0.09884493798017502,0.07506484538316727,0.17754624783992767,0.09336662292480469,0.07960005104541779,0.17225781083106995,0.0649939775466919,0.17914043366909027,0.10134472697973251,0.09868120402097702,0.13905902206897736,0.16129930317401886,0.09267471730709076,0.11872465908527374,0.154403954744339,0.08816865086555481,0.11703050136566162,0.13655029237270355,0.07215883582830429,0.26766860485076904,0.10018882900476456,0.12662647664546967,0.23817318677902222,0.14760953187942505,0.13294453918933868,0.20641326904296875,0.14954811334609985,0.12757526338100433,0.20036710798740387,0.1417255699634552
Yo,0.0,0.0,0.0,0.13516154885292053,-0.6151806712150574,0.038088344037532806,0.4263717234134674,-0.9476605653762817,0.06630124151706696,0.6766141653060913,-0.9658828973770142,0.08149342238903046,0.8207408785820007,-0.8484557867050171,0.09333895146846771,0.7532058358192444,-0.774379551410675,0.04925923049449921,1.0203343629837036,-1.04029381275177,0.07303625345230103,1.1290194988250732,-1.1568787097930908,0.07755503803491592,1.2119051218032837,-1.2161296606063843,0.07192564010620117,0.8451555967330933,-0.43132805824279785,0.023342963308095932,0.9412256479263306,-0.6677709221839905,0.05921276658773422,0.811017632484436,-0.6754950284957886,0.06777392327785492,0.7037588953971863,-0.5876320600509644,0.06522595137357712,0.8547539710998535,-0.11087566614151001,0.004221171606332064,0.9451845288276672,-0.3698786199092865,0.022521700710058212,0.8258767127990723,-0.3936426043510437,0.04083478823304176,0.717362642288208,-0.31106582283973694,0.04712005704641342,0.8298527598381042,0.15826229751110077,-0.010635639540851116,0.9902094602584839,-0.032116521149873734,0.018428456038236618,0.9528295397758484,-0.10420962423086166,0.06538813561201096,0.8919528722763062,-0.08254897594451904,0.10080783069133759,0.0,0.0,0.0,0.10015401244163513,0.2978099286556244,0.06333300471305847,0.15925954282283783,0.40954381227493286,0.09055684506893158,0.19298896193504333,0.3637472987174988,0.10904569923877716,0.2253459244966507,0.3172980546951294,0.1288137584924698,0.13250243663787842,0.4368434548377991,0.10513831675052643,0.16068118810653687,0.3752458989620209,0.13629266619682312,0.2470819503068924,0.3994152843952179,0.1482163816690445,0.34758350253105164,0.4626963436603546,0.1607089340686798,0.09705185890197754,0.2841617465019226,0.09463753551244736,0.1434202641248703,0.1915411800146103,0.12906736135482788,0.1296413689851761,0.16795502603054047,0.11669919639825821,0.1117766797542572,0.14594513177871704,0.10770639032125473,0.07483728229999542,0.19862450659275055,0.08927742391824722,0.13987421989440918,0.16136829555034637,0.11300414800643921,0.13070139288902283,0.14954133331775665,0.0923498347401619,0.11683280766010284,0.13574005663394928,0.0758153647184372,0.06617915630340576,0.3150765299797058,0.09013335406780243,0.14422392845153809,0.3211252987384796,0.11318261176347733,0.1875140517950058,0.3414551317691803,0.10877490043640137,0.24246113002300262,0.37894174456596375,0.10375728458166122
Yo,0.0,0.0,0.0,0.09616974741220474,-0.6561149954795837,0.04032091423869133,0.3572130799293518,-0.9903977513313293,0.059498824179172516,0.6010175943374634,-1.0097379684448242,0.07028957456350327,0.7485077381134033,-0.8952854871749878,0.07849050313234329,0.6851703524589539,-0.9231001138687134,0.0018550582462921739,0.9933871030807495,-1.17181396484375,0.02494562789797783,1.1304433345794678,-1.2748174667358398,0.040692150592803955,1.2354755401611328,-1.342925786972046,0.04234931245446205,0.7962665557861328,-0.5655707716941833,-0.018821384757757187,0.918804943561554,-0.7538204789161682,0.02387731336057186,0.7977220416069031,-0.7270170450210571,0.05396168678998947,0.6980257630348206,-0.635709822177887,0.06376995146274567,0.826970100402832,-0.1957549750804901,-0.02887057699263096,0.9228000640869141,-0.4069252610206604,0.00942192692309618,0.8121589422225952,-0.4110807478427887,0.04903344437479973,0.715145468711853,-0.3388350307941437,0.06255631148815155,0.818383514881134,0.1312257945537567,-0.03529597818851471,0.9509724378585815,-0.028451155871152878,0.0142082329839468,0.8810425996780396,-0.07843823730945587,0.07377034425735474,0.7982116937637329,-0.051005084067583084,0.11403928697109222,0.0,0.0,0.0,0.07463173568248749,0.14258620142936707,0.06479571759700775,0.11731208860874176,0.20452912151813507,0.09548790007829666,0.14850515127182007,0.20776429772377014,0.11384489387273788,0.1726386696100235,0.18583129346370697,0.13336999714374542,0.09769418835639954,0.1324506402015686,0.12334055453538895,0.19620633125305176,0.08934081345796585,0.16993838548660278,0.2993372678756714,0.1428171694278717,0.19118128716945648,0.3954077363014221,0.23403020203113556,0.20576903223991394,0.092461958527565,0.1635538786649704,0.10215672105550766,0.15979763865470886,0.08478080481290817,0.15671004354953766,0.13979658484458923,0.1102931797504425,0.15202277898788452,0.11564510315656662,0.09898819774389267,0.1408897489309311,0.09515252709388733,0.19857530295848846,0.08613051474094391,0.1571897566318512,0.09727538377046585,0.1298903375864029,0.13907447457313538,0.09897550195455551,0.1137864887714386,0.12034943699836731,0.08701837807893753,0.0932711586356163,0.09997760504484177,0.2266833633184433,0.0780029445886612,0.15764150023460388,0.176986962556839,0.10770280659198761,0.15138939023017883,0.18774864077568054,0.10212524235248566,0.14244286715984344,0.2121763527393341,0.091765858232975
Yo,0.0,0.0,0.0,0.05695433169603348,-0.685635507106781,0.010309572331607342,0.29464438557624817,-1.1177464723587036,0.02802189067006111,0.5417906641960144,-1.1468560695648193,0.047881416976451874,0.6767187118530273,-0.949485182762146,0.06560181081295013,0.6764097809791565,-0.94707190990448,-0.036001019179821014,0.9859687089920044,-1.2479655742645264,-0.016678666695952415,1.1516889333724976,-1.3938905000686646,-0.007258151657879353,1.2849328517913818,-1.4963098764419556,-0.012906556949019432,0.8027923703193665,-0.5500238537788391,-0.03769123926758766,0.8720192909240723,-0.8111222982406616,0.009543527849018574,0.7385566234588623,-0.801751971244812,0.04434201121330261,0.6432151198387146,-0.696272075176239,0.053261857479810715,0.836068332195282,-0.17220765352249146,-0.03126245737075806,0.8729720115661621,-0.4432063102722168,0.0038637600373476744,0.7574957013130188,-0.4610770344734192,0.03533666580915451,0.6618808507919312,-0.37244853377342224,0.041577067226171494,0.8270780444145203,0.15593311190605164,-0.023904751986265182,0.9094858169555664,-0.047694746404886246,0.010099606588482857,0.8248807787895203,-0.0871337428689003,0.05457884073257446,0.7283685803413391,-0.02784852683544159,0.08557490259408951,0.0,0.0,0.0,0.07223471999168396,0.048924561589956284,0.06416800618171692,0.12124677747488022,0.10857997089624405,0.09493471682071686,0.14946898818016052,0.11174958199262619,0.11429036408662796,0.1544114649295807,0.0808209553360939,0.13519710302352905,0.1250694990158081,0.12672613561153412,0.12025945633649826,0.21348698437213898,0.07955348491668701,0.17235317826271057,0.2741410732269287,0.1401740461587906,0.20264647901058197,0.3364149034023285,0.20303258299827576,0.22283005714416504,0.10492579638957977,0.17370641231536865,0.10195241868495941,0.15156331658363342,0.06631070375442505,0.1554892212152481,0.12177692353725433,0.09256768971681595,0.1604383885860443,0.10418622195720673,0.0707707405090332,0.1588192731142044,0.09030207246541977,0.17093084752559662,0.09105710685253143,0.14542709290981293,0.07232637703418732,0.13962772488594055,0.12241407483816147,0.097441665828228,0.13203008472919464,0.1056399866938591,0.0856616348028183,0.11817929148674011,0.07873363047838211,0.15864498913288116,0.09013605862855911,0.15404662489891052,0.10130616277456284,0.1311519742012024,0.1532917022705078,0.11094702035188675,0.13289524614810944,0.13635995984077454,0.11009635031223297,0.12669260799884796
Yo,0.0,0.0,0.0,0.039561927318573,-0.7277321219444275,-0.02483511157333851,0.2765127122402191,-1.2070374488830566,-0.011611232534050941,0.5392819046974182,-1.2599647045135498,0.015363836660981178,0.6802447438240051,-1.0884459018707275,0.0435873307287693,0.6953384876251221,-0.9054223299026489,-0.053001172840595245,0.9997455477714539,-1.2764651775360107,-0.020761221647262573,1.1381404399871826,-1.4698784351348877,-0.004627624060958624,1.2549656629562378,-1.6033918857574463,-0.008157787844538689,0.8196867108345032,-0.49604374170303345,-0.029710182920098305,0.8922823071479797,-0.8641500473022461,0.025821387767791748,0.7378562688827515,-0.8818289637565613,0.0621676929295063,0.6340032815933228,-0.7636620998382568,0.06959643214941025,0.8504453897476196,-0.15534907579421997,-0.00028433851548470557,0.901466965675354,-0.5318386554718018,0.03517558053135872,0.7664108276367188,-0.5638245344161987,0.06101290136575699,0.6689688563346863,-0.4589652419090271,0.06273786723613739,0.8416673541069031,0.128239244222641,0.02903766930103302,0.9301298260688782,-0.1855851411819458,0.059727031737565994,0.8373308181762695,-0.24712519347667694,0.0984874814748764,0.7408266067504883,-0.17848266661167145,0.12388255447149277,0.0,0.0,0.0,0.08570991456508636,0.09867128729820251,0.09121110290288925,0.17914342880249023,0.18091829121112823,0.12528052926063538,0.2580486834049225,0.16092167794704437,0.13622644543647766,0.2932933270931244,0.09479524940252304,0.1439131200313568,0.11999774724245071,0.19041942059993744,0.18098744750022888,0.2944507598876953,0.08113851398229599,0.24116460978984833,0.40841397643089294,0.19238509237766266,0.258973628282547,0.5054113864898682,0.29541242122650146,0.2685277462005615,0.11382827907800674,0.2180820107460022,0.1437179297208786,0.23062099516391754,0.10526641458272934,0.20407408475875854,0.1969352662563324,0.170057475566864,0.18601326644420624,0.16741882264614105,0.1486431062221527,0.16867384314537048,0.12521953880786896,0.1998661756515503,0.11601876467466354,0.23703919351100922,0.11503235995769501,0.171970933675766,0.20741721987724304,0.15812382102012634,0.15270628035068512,0.18301549553871155,0.1432969868183136,0.1310071349143982,0.13808687031269073,0.21186891198158264,0.10188353806734085,0.2679426372051239,0.16664570569992065,0.14490577578544617,0.26639193296432495,0.19739168882369995,0.1440695822238922,0.24688684940338135,0.21491023898124695,0.13706859946250916
Yo,0.0,0.0,0.0,0.016024548560380936,-0.6850972175598145,-0.006467591039836407,0.21271570026874542,-1.098858118057251,-0.01521909050643444,0.4547589421272278,-1.191037893295288,-0.017342353239655495,0.5980851650238037,-1.0965869426727295,-0.016122017055749893,0.6037752628326416,-0.9711223840713501,-0.07963594049215317,0.834996223449707,-1.2814934253692627,-0.07391130179166794,0.8391517400741577,-1.2936993837356567,-0.067371666431427,0.837427020072937,-1.2612125873565674,-0.06834647804498672,0.7357686161994934,-0.605676531791687,-0.07862596213817596,0.8314685821533203,-0.8958880305290222,-0.03764155134558678,0.7125495672225952,-0.8840327262878418,-0.010997858829796314,0.6179060339927673,-0.7884141206741333,-0.010342419147491455,0.7833002209663391,-0.2808750867843628,-0.06834206730127335,0.8435093760490417,-0.5711791515350342,-0.034372586756944656,0.7381577491760254,-0.5829832553863525,-0.006828407756984234,0.6476247310638428,-0.49992185831069946,-0.006851838435977697,0.7887595295906067,-0.013212365098297596,-0.056713927537202835,0.8512037992477417,-0.2593143582344055,-0.02367100678384304,0.7818800210952759,-0.3029382526874542,0.018263932317495346,0.7179273962974548,-0.26982706785202026,0.04409506544470787,0.0,0.0,0.0,0.11354528367519379,0.25204432010650635,0.06927741318941116,0.19523777067661285,0.3305511176586151,0.09650992602109909,0.23961299657821655,0.29048243165016174,0.10945095121860504,0.25433868169784546,0.23842525482177734,0.12248795479536057,0.17447549104690552,0.32846593856811523,0.11739211529493332,0.27029794454574585,0.27223798632621765,0.16312359273433685,0.39732351899147034,0.2793448269367218,0.18313878774642944,0.5015134811401367,0.36016929149627686,0.19496731460094452,0.13844546675682068,0.23968170583248138,0.09488891065120697,0.19674231112003326,0.16404707729816437,0.13367114961147308,0.19301503896713257,0.17495335638523102,0.12856073677539825,0.18818281590938568,0.21162235736846924,0.12166191637516022,0.1120012104511261,0.18646056950092316,0.08513998985290527,0.19592230021953583,0.15845425426959991,0.11713993549346924,0.19218355417251587,0.17984136939048767,0.10650217533111572,0.19386541843414307,0.21976180374622345,0.09449422359466553,0.1038612350821495,0.26508399844169617,0.09008564800024033,0.21734869480133057,0.28271281719207764,0.1163182184100151,0.2535701394081116,0.3373790383338928,0.12140355259180069,0.28635749220848083,0.4032781422138214,0.1225668340921402
Yo,0.0,0.0,0.0,0.05358674004673958,-0.7194247245788574,-0.007001853082329035,0.3065221905708313,-1.1542010307312012,0.0030447274912148714,0.5779248476028442,-1.2204669713974,0.019199343398213387,0.7447099089622498,-1.092976450920105,0.03537879139184952,0.6292970776557922,-0.937984824180603,-0.05580031871795654,0.970726490020752,-1.2176681756973267,-0.044575147330760956,1.1366816759109497,-1.347314476966858,-0.033024612814188004,1.2767785787582397,-1.4390525817871094,-0.03517865762114525,0.765052080154419,-0.5725913047790527,-0.047780171036720276,0.919090747833252,-0.931689441204071,-0.01972389593720436,0.785715639591217,-0.9509158134460449,0.02084631286561489,0.675183892250061,-0.8373804092407227,0.0418863408267498,0.8180556297302246,-0.24531292915344238,-0.03278333693742752,0.9328234791755676,-0.6165899038314819,-0.009844939224421978,0.8066645860671997,-0.6444624662399292,0.03839296102523804,0.707908034324646,-0.5402374267578125,0.06270216405391693,0.8306272625923157,0.03252889961004257,-0.017179541289806366,0.9608486890792847,-0.27432161569595337,0.017955314368009567,0.8702195286750793,-0.33768221735954285,0.07623200118541718,0.77098149061203,-0.27205735445022583,0.11741969734430313,0.0,0.0,0.0,0.07689365744590759,0.2366819828748703,0.12811896204948425,0.14915840327739716,0.35957545042037964,0.18803004920482635,0.22004657983779907,0.349911630153656,0.22153374552726746,0.2710128426551819,0.282610684633255,0.2507522702217102,0.09246321022510529,0.13161514699459076,0.2271205186843872,0.2925514578819275,0.066855289041996,0.32642069458961487,0.45227640867233276,0.15575344860553741,0.36702442169189453,0.576080322265625,0.2679956555366516,0.38937878608703613,0.11304409801959991,0.19181184470653534,0.18703149259090424,0.26661935448646545,0.1163281723856926,0.296221524477005,0.23339103162288666,0.20287516713142395,0.2866014242172241,0.18568621575832367,0.17563265562057495,0.26084813475608826,0.14364786446094513,0.23563998937606812,0.15740463137626648,0.28013715147972107,0.10203279554843903,0.2555677592754364,0.24011929333209991,0.1457824856042862,0.2234007567167282,0.20421083271503448,0.12243212759494781,0.17864689230918884,0.1697114259004593,0.2737433612346649,0.13909511268138885,0.3031005561351776,0.14249837398529053,0.21741370856761932,0.2785276770591736,0.14227616786956787,0.21529348194599152,0.23992186784744263,0.15106254816055298,0.19907031953334808
Yo,0.0,0.0,0.0,0.08834993094205856,-0.7534083127975464,0.025611484423279762,0.32010048627853394,-1.1775602102279663,0.05262167006731033,0.5642000436782837,-1.2282390594482422,0.07892437279224396,0.7113678455352783,-1.0877436399459839,0.1044103354215622,0.695871114730835,-0.9307429194450378,0.026159752160310745,0.984326183795929,-1.2357114553451538,0.08525456488132477,1.1030128002166748,-1.376954197883606,0.11966536194086075,1.1996169090270996,-1.4585371017456055,0.13155125081539154,0.807778537273407,-0.5341204404830933,0.03141831234097481,0.8767817616462708,-0.8633950352668762,0.11384016275405884,0.7481901049613953,-0.90044766664505,0.1480487883090973,0.6558480858802795,-0.8032370805740356,0.15292197465896606,0.8274076581001282,-0.1952643096446991,0.04658236354589462,0.8774698376655579,-0.5497170686721802,0.11153169721364975,0.7639526128768921,-0.6076841950416565,0.135829359292984,0.6718260049819946,-0.5318452715873718,0.1331857442855835,0.8115285038948059,0.06886414438486099,0.06601014733314514,0.8922897577285767,-0.21901202201843262,0.13320240378379822,0.826331615447998,-0.30313342809677124,0.18304641544818878,0.747684895992279,-0.27278804779052734,0.21260371804237366,0.0,0.0,0.0,0.06352154910564423,0.08976537734270096,0.06515341997146606,0.1209743395447731,0.10474880039691925,0.0971139520406723,0.15633726119995117,0.14652210474014282,0.11958924680948257,0.18461182713508606,0.21503832936286926,0.14218851923942566,0.1258891075849533,0.15722833573818207,0.12092675268650055,0.19074924290180206,0.09994367510080338,0.1814693957567215,0.28053194284439087,0.06599495559930801,0.21164099872112274,0.3674837052822113,0.10380023717880249,0.23108553886413574,0.1110457181930542,0.1904243677854538,0.11238142848014832,0.12460649013519287,0.07342184334993362,0.17528711259365082,0.10337237268686295,0.08843591064214706,0.17725561559200287,0.09180966764688492,0.09116046875715256,0.17162811756134033,0.09904532879590988,0.17799422144889832,0.11275934427976608,0.12477606534957886,0.07786186039447784,0.1674516350030899,0.1077086552977562,0.08520769327878952,0.1600242555141449,0.10060825943946838,0.09765240550041199,0.14493146538734436,0.08747509866952896,0.16428729891777039,0.1222720816731453,0.14353492856025696,0.10574805736541748,0.1645713597536087,0.16134029626846313,0.10153269022703171,0.17000897228717804,0.1745595932006836,0.11892149597406387,0.16643527150154114
Yo,0.0,0.0,0.0,0.04175078496336937,-0.664732813835144,0.07645856589078903,0.22706492245197296,-1.0886642932891846,0.1322304606437683,0.42723193764686584,-1.1607036590576172,0.17781049013137817,0.5417997241020203,-1.0052083730697632,0.21717104315757751,0.6216404438018799,-0.9899681210517883,0.08653269708156586,0.9003421664237976,-1.2363778352737427,0.1786142885684967,1.032545566558838,-1.356245756149292,0.23115584254264832,1.1351534128189087,-1.4460514783859253,0.25108030438423157,0.7454262375831604,-0.6290983557701111,0.07584389299154282,0.7775181531906128,-0.815792441368103,0.19305163621902466,0.6461038589477539,-0.8045343160629272,0.2391650229692459,0.5577259063720703,-0.7115575671195984,0.2476148158311844,0.769960343837738,-0.27527374029159546,0.0793735459446907,0.7720333933830261,-0.5053636431694031,0.17559269070625305,0.6566804051399231,-0.5172879695892334,0.20064496994018555,0.5690004229545593,-0.43813037872314453,0.1922132521867752,0.754622757434845,0.015420207753777504,0.09036706387996674,0.8086711764335632,-0.17106284201145172,0.1737951934337616,0.7337595224380493,-0.20894496142864227,0.22226497530937195,0.6471449732780457,-0.1518518626689911,0.24783475697040558,0.0,0.0,0.0,0.08117170631885529,0.024792499840259552,0.046683672815561295,0.1445588320493698,0.07897501438856125,0.07192956656217575,0.1880955547094345,0.08128674328327179,0.08865279704332352,0.20701061189174652,0.10515013337135315,0.10407979041337967,0.1238815113902092,0.09090632200241089,0.11137550324201584,0.20683827996253967,0.04657158628106117,0.15906396508216858,0.2556593418121338,0.0696980282664299,0.17606572806835175,0.305503249168396,0.10175289958715439,0.1842828094959259,0.11381268501281738,0.1425202190876007,0.09776183217763901,0.17356452345848083,0.055606622248888016,0.1401136815547943,0.15193724632263184,0.08737975358963013,0.13253071904182434,0.13820941746234894,0.07699058204889297,0.12374161928892136,0.10761009156703949,0.15486904978752136,0.08734844624996185,0.17459501326084137,0.05936780571937561,0.12760159373283386,0.15799036622047424,0.07893931865692139,0.11592627316713333,0.13996046781539917,0.07456091791391373,0.10031644254922867,0.10037429630756378,0.1562505066394806,0.08185610175132751,0.20280864834785461,0.09379544109106064,0.11079838871955872,0.2103138417005539,0.07220638543367386,0.10781776905059814,0.1960982382297516,0.07656368613243103,0.09984024614095688
Yo,0.0,0.0,0.0,0.027273233979940414,-0.6583263874053955,0.06213798001408577,0.2068392038345337,-1.0803292989730835,0.10312394797801971,0.37921518087387085,-1.183811902999878,0.13185952603816986,0.46382665634155273,-1.111680030822754,0.15495188534259796,0.6154344081878662,-1.0176435708999634,0.0682452917098999,0.8767010569572449,-1.2153708934783936,0.14051154255867004,0.9928263425827026,-1.2919846773147583,0.1800234615802765,1.0582951307296753,-1.3319294452667236,0.19376622140407562,0.7375738024711609,-0.6577318906784058,0.04928618669509888,0.7327641844749451,-0.7076947093009949,0.13799549639225006,0.6117640733718872,-0.682451069355011,0.1643800288438797,0.5239725112915039,-0.6199594736099243,0.1627604067325592,0.7576868534088135,-0.28851398825645447,0.04260098189115524,0.7229591608047485,-0.39523443579673767,0.11891172081232071,0.6206189393997192,-0.39365333318710327,0.13511568307876587,0.5338554382324219,-0.3444802165031433,0.12242033332586288,0.7416020035743713,0.02152041345834732,0.04089690372347832,0.729092538356781,-0.08173393458127975,0.11014940589666367,0.6475780010223389,-0.10038769245147705,0.15129929780960083,0.5634666681289673,-0.06273394078016281,0.1735808253288269,0.0,0.0,0.0,0.08382650464773178,0.036678966134786606,0.023211747407913208,0.15466368198394775,0.06444321572780609,0.035477861762046814,0.2077307105064392,0.15622612833976746,0.04702019691467285,0.2354957014322281,0.3111632466316223,0.058950673788785934,0.09896884113550186,0.08131109923124313,0.05636253580451012,0.1732126921415329,0.04612065106630325,0.08143890649080276,0.22411124408245087,0.03569657728075981,0.0920829176902771,0.28357699513435364,0.0789824053645134,0.10104619711637497,0.08324217051267624,0.10506194084882736,0.05456385016441345,0.1503087878227234,0.05517980083823204,0.08173378556966782,0.13733604550361633,0.08774209022521973,0.08182086795568466,0.1264025717973709,0.08357659727334976,0.08163813501596451,0.07725657522678375,0.1106342151761055,0.05496085807681084,0.15627427399158478,0.06744974851608276,0.08007992058992386,0.1460382044315338,0.07654271274805069,0.07291087508201599,0.1297069489955902,0.06949187815189362,0.06431647390127182,0.07514249533414841,0.11436787992715836,0.05931907147169113,0.1731814742088318,0.09031903743743896,0.07683756202459335,0.17548991739749908,0.08584055304527283,0.0758071169257164,0.16044758260250092,0.08080066740512848,0.07243792712688446
Yo,0.0,0.0,0.0,0.027422934770584106,-0.6135501861572266,0.07286311686038971,0.20973367989063263,-0.9967525601387024,0.12347680330276489,0.3966927230358124,-1.076982855796814,0.16157564520835876,0.4971143305301666,-0.995998203754425,0.19338776171207428,0.5629040002822876,-1.0220913887023926,0.0875973105430603,0.8155350685119629,-1.207696557044983,0.16883446276187897,0.9387654066085815,-1.2887192964553833,0.20687814056873322,1.0196305513381958,-1.346537470817566,0.21643483638763428,0.6815468668937683,-0.7183419466018677,0.06832793354988098,0.677742600440979,-0.7337371110916138,0.169443741440773,0.5684823393821716,-0.6802064776420593,0.19578030705451965,0.4938870370388031,-0.6175457239151001,0.1904301792383194,0.7028464078903198,-0.3878140151500702,0.062278978526592255,0.6671725511550903,-0.4674166738986969,0.1525184065103531,0.5747480392456055,-0.4442311227321625,0.1721983402967453,0.5006600618362427,-0.39135482907295227,0.15777572989463806,0.6915938258171082,-0.09844650328159332,0.061618078500032425,0.6802340149879456,-0.19923363626003265,0.142206609249115,0.6050736904144287,-0.20048363506793976,0.18745023012161255,0.5305398106575012,-0.1572996973991394,0.20940835773944855,0.0,0.0,0.0,0.09022887796163559,0.19538597762584686,0.05175112560391426,0.14173465967178345,0.2663126587867737,0.08699456602334976,0.16134777665138245,0.2502971589565277,0.11586082726716995,0.16727544367313385,0.2555690407752991,0.1445450782775879,0.04778856784105301,0.10288427025079727,0.10690214484930038,0.09609438478946686,0.07593226432800293,0.16250941157341003,0.14909057319164276,0.08498269319534302,0.19432517886161804,0.2016458809375763,0.11255453526973724,0.2146570235490799,0.053275540471076965,0.04323449358344078,0.10051215440034866,0.09182026237249374,0.07739540934562683,0.15557242929935455,0.09363249689340591,0.09973425418138504,0.16320544481277466,0.08953054994344711,0.09241126477718353,0.16172818839550018,0.08092296123504639,0.13457587361335754,0.09660863876342773,0.10565047711133957,0.09463594108819962,0.1439497172832489,0.10108664631843567,0.08317291736602783,0.1356772780418396,0.09161913394927979,0.07272297888994217,0.119587741792202,0.10096071660518646,0.20883305370807648,0.0974641889333725,0.13193461298942566,0.16343165934085846,0.13182902336120605,0.13042590022087097,0.13655683398246765,0.12848973274230957,0.1224096491932869,0.12602831423282623,0.11875709891319275
Yo,0.0,0.0,0.0,0.022918561473488808,-0.6929033398628235,0.025316676124930382,0.2319718897342682,-1.11142897605896,0.05413147062063217,0.45011240243911743,-1.1126267910003662,0.0794825404882431,0.5678907036781311,-0.9164886474609375,0.09933323413133621,0.6475599408149719,-0.9891523122787476,0.019293734803795815,0.9273442029953003,-1.2131316661834717,0.06777751445770264,1.0887105464935303,-1.3331736326217651,0.08869985491037369,1.2141538858413696,-1.4160172939300537,0.08790276199579239,0.7747896909713745,-0.592647910118103,0.015360398218035698,0.8011032342910767,-0.788794994354248,0.09160581976175308,0.6721967458724976,-0.7852039337158203,0.12567612528800964,0.5838308930397034,-0.6892503499984741,0.13050003349781036,0.7950260043144226,-0.21706993877887726,0.01967647112905979,0.7940874099731445,-0.44265857338905334,0.07820472866296768,0.6811496019363403,-0.4720138609409332,0.10309388488531113,0.5940497517585754,-0.39576905965805054,0.10127254575490952,0.7717359066009521,0.09546594321727753,0.025778332725167274,0.8109733462333679,-0.09719197452068329,0.07937905937433243,0.7342036962509155,-0.14958243072032928,0.12381410598754883,0.6518073081970215,-0.10526809841394424,0.1511475294828415,0.0,0.0,0.0,0.07354021072387695,0.05250256136059761,0.06606283783912659,0.14374512434005737,0.09030171483755112,0.10268339514732361,0.19096295535564423,0.07335328310728073,0.12824703752994537,0.21018044650554657,0.053644850850105286,0.1520203948020935,0.1160845085978508,0.11716755479574203,0.1255425363779068,0.2008856236934662,0.06853009760379791,0.18386110663414001,0.2531404495239258,0.07209526002407074,0.21595406532287598,0.30408281087875366,0.10486529022455215,0.23644211888313293,0.10359176248311996,0.15865330398082733,0.11104633659124374,0.1641407161951065,0.0546659417450428,0.1718093752861023,0.14585722982883453,0.07437780499458313,0.18295510113239288,0.12817342579364777,0.07135879993438721,0.18458087742328644,0.10075753927230835,0.1577981561422348,0.10228527337312698,0.17225730419158936,0.05987517535686493,0.1585925817489624,0.15664038062095642,0.07475226372480392,0.15389090776443481,0.13865926861763,0.07618609815835953,0.14018869400024414,0.09980538487434387,0.14652486145496368,0.10142852365970612,0.19393512606620789,0.08071064949035645,0.1445014476776123,0.20591479539871216,0.07686828821897507,0.14406028389930725,0.1984403431415558,0.09440700709819794,0.13588924705982208
Yo,0.0,0.0,0.0,0.07895559072494507,-0.714195966720581,0.012831991538405418,0.32054153084754944,-1.1269004344940186,0.02890149876475334,0.5693270564079285,-1.176096796989441,0.04274684935808182,0.7098175883293152,-1.0451024770736694,0.05542542412877083,0.7299319505691528,-0.8837966918945312,0.011198313906788826,0.959585964679718,-1.1630747318267822,0.04161011055111885,1.0332211256027222,-1.2525522708892822,0.04553535580635071,1.1041990518569946,-1.2796002626419067,0.035544782876968384,0.8322016000747681,-0.4965403079986572,0.004782362375408411,0.8679953813552856,-0.8233315348625183,0.05668065696954727,0.7276407480239868,-0.841424286365509,0.07097528129816055,0.6317664384841919,-0.7289464473724365,0.06494252383708954,0.8379405736923218,-0.15805821120738983,0.006098569370806217,0.8692699670791626,-0.4998738765716553,0.042874887585639954,0.7482856512069702,-0.5407466888427734,0.06438606232404709,0.6520504355430603,-0.446530282497406,0.06438592821359634,0.8032379150390625,0.11960016191005707,0.009379403665661812,0.8866068720817566,-0.15439413487911224,0.04846707731485367,0.8240470886230469,-0.2397158145904541,0.09590218961238861,0.7553046941757202,-0.20842508971691132,0.12828214466571808,0.0,0.0,0.0,0.12269151210784912,0.16491180658340454,0.06718504428863525,0.1818271279335022,0.23118075728416443,0.09775206446647644,0.21157297492027283,0.21277929842472076,0.11628501862287521,0.23365356028079987,0.20516782999038696,0.137796089053154,0.13554124534130096,0.2383342683315277,0.12737655639648438,0.22522079944610596,0.13291244208812714,0.17751458287239075,0.35964304208755493,0.14758899807929993,0.2048204392194748,0.4730569124221802,0.23656995594501495,0.2257658690214157,0.10266192257404327,0.19552196562290192,0.10998669266700745,0.14343471825122833,0.07900876551866531,0.16143889725208282,0.1255696415901184,0.09092631191015244,0.1588944047689438,0.11053869873285294,0.08641663938760757,0.15120068192481995,0.08753757178783417,0.17526960372924805,0.10435385257005692,0.13760843873023987,0.15758845210075378,0.15009522438049316,0.12269396334886551,0.16222567856311798,0.13651980459690094,0.10835696011781693,0.15819430351257324,0.11779122799634933,0.08114642649888992,0.23157967627048492,0.11185875535011292,0.1609160155057907,0.24972301721572876,0.1511204093694687,0.19539138674736023,0.2933187186717987,0.1515675038099289,0.22404605150222778,0.35095784068107605,0.14411452412605286
Yo,0.0,0.0,0.0,0.015134328976273537,-0.7006558179855347,-0.024626655504107475,0.22135496139526367,-1.1647124290466309,-0.03890595957636833,0.45168256759643555,-1.212896704673767,-0.04939170181751251,0.584449291229248,-1.0480766296386719,-0.06213883310556412,0.6892333030700684,-0.9401845932006836,-0.06591056287288666,0.9800024032592773,-1.2298924922943115,-0.06701233983039856,1.1035196781158447,-1.3626879453659058,-0.07661477476358414,1.1990306377410889,-1.4313567876815796,-0.09519355744123459,0.8186229467391968,-0.5143487453460693,-0.0644894614815712,0.8988442420959473,-0.8541566729545593,-0.04499252885580063,0.7553714513778687,-0.8735443949699402,-0.02728395164012909,0.6498767733573914,-0.7498865723609924,-0.025631580501794815,0.8430677652359009,-0.1427653729915619,-0.05832170322537422,0.8975752592086792,-0.4904555380344391,-0.04767044261097908,0.7716759443283081,-0.5298304557800293,-0.020589042454957962,0.6721091270446777,-0.4249424338340759,-0.012086437083780766,0.823823094367981,0.1663261204957962,-0.05289465934038162,0.9038007855415344,-0.122683584690094,-0.03562561422586441,0.8229398727416992,-0.1984701156616211,0.008200295269489288,0.7445220947265625,-0.1420661062002182,0.04081123322248459,0.0,0.0,0.0,0.11630373448133469,0.2371145337820053,0.05718160420656204,0.17814622819423676,0.31611311435699463,0.0814320370554924,0.19901487231254578,0.28178510069847107,0.09496735781431198,0.19971530139446259,0.24187235534191132,0.11134299635887146,0.14400224387645721,0.30963006615638733,0.08524440973997116,0.19935502111911774,0.25830796360969543,0.12284023314714432,0.28395283222198486,0.2554888427257538,0.14497189223766327,0.36960405111312866,0.2964785397052765,0.1629338413476944,0.10625996440649033,0.2116655856370926,0.07105915993452072,0.11702767014503479,0.14741000533103943,0.11276160180568695,0.10538596659898758,0.1578896939754486,0.11350511014461517,0.09633021056652069,0.1530056595802307,0.10911642014980316,0.07932449877262115,0.15607477724552155,0.07225558161735535,0.1197647899389267,0.130703866481781,0.1068909764289856,0.10905925929546356,0.13868317008018494,0.09619027376174927,0.10228577256202698,0.13174864649772644,0.08493123948574066,0.0687679648399353,0.2225676029920578,0.08613334596157074,0.15242533385753632,0.21971233189105988,0.11294358223676682,0.19996581971645355,0.2512495815753937,0.11415383219718933,0.24265733361244202,0.29326510429382324,0.1129317432641983
Yo,0.0,0.0,0.0,0.004587370436638594,-0.7421008944511414,0.01860404945909977,0.1952788531780243,-1.1939716339111328,0.0321398600935936,0.41793593764305115,-1.2395122051239014,0.04330532252788544,0.5535935759544373,-1.0630524158477783,0.05064786225557327,0.6357769966125488,-1.0197761058807373,0.0033210688270628452,0.9082633852958679,-1.2766598463058472,0.04287639260292053,1.0249254703521729,-1.3961584568023682,0.058861471712589264,1.1143524646759033,-1.4617588520050049,0.055951546877622604,0.7686117887496948,-0.6085413098335266,-0.0012381263077259064,0.8292113542556763,-0.8865860104560852,0.05929230898618698,0.6973362565040588,-0.8969534039497375,0.08564238250255585,0.6018974184989929,-0.7788776159286499,0.08793126046657562,0.8007057309150696,-0.22280871868133545,0.003185167210176587,0.838645339012146,-0.5381392240524292,0.05001349002122879,0.7203807234764099,-0.5722397565841675,0.07630012929439545,0.62699294090271,-0.47196730971336365,0.07802479714155197,0.7904618978500366,0.10483356565237045,0.010598598048090935,0.8489834666252136,-0.1704302430152893,0.05858098343014717,0.7563089728355408,-0.22261610627174377,0.10837717354297638,0.6651560664176941,-0.14924773573875427,0.14116404950618744,0.0,0.0,0.0,0.0853787213563919,0.08614033460617065,0.05583707615733147,0.12846814095973969,0.1444779932498932,0.08920694887638092,0.15554800629615784,0.16320523619651794,0.1171354129910469,0.17288070917129517,0.1682482361793518,0.14894303679466248,0.10827340185642242,0.11851520836353302,0.12225494533777237,0.17143955826759338,0.12312168627977371,0.19137775897979736,0.26648467779159546,0.16541942954063416,0.22760353982448578,0.3465457260608673,0.2256750911474228,0.25005146861076355,0.08520691096782684,0.12896856665611267,0.12255220860242844,0.11923035234212875,0.14925400912761688,0.19874821603298187,0.10586976259946823,0.1785011738538742,0.20467089116573334,0.09302461892366409,0.15758097171783447,0.19739437103271484,0.0732230693101883,0.12649300694465637,0.12917694449424744,0.12458238005638123,0.13111375272274017,0.1906336396932602,0.10911650210618973,0.14910206198692322,0.17562633752822876,0.09951122105121613,0.13306911289691925,0.15376640856266022,0.07595909386873245,0.13854768872261047,0.14206044375896454,0.13609710335731506,0.1356598287820816,0.1893739551305771,0.12856358289718628,0.1406928300857544,0.18961171805858612,0.11705359071493149,0.13725827634334564,0.18139752745628357
Yo,0.0,0.0,0.0,0.04515785351395607,-0.6891638040542603,0.03273762762546539,0.26070499420166016,-1.1378980875015259,0.05851682275533676,0.47999709844589233,-1.1567270755767822,0.07937366515398026,0.5945209264755249,-0.933148205280304,0.09375154227018356,0.6873531341552734,-0.9521679878234863,0.00837047677487135,1.002837896347046,-1.2243995666503906,0.05597969889640808,1.1690326929092407,-1.3672019243240356,0.08141478151082993,1.294494390487671,-1.4679206609725952,0.0840381532907486,0.8038762211799622,-0.5505384802818298,0.004044752102345228,0.8439048528671265,-0.8083318471908569,0.07147107273340225,0.7005985379219055,-0.8178390264511108,0.1081455796957016,0.6047619581222534,-0.7151601314544678,0.1161392331123352,0.8207036852836609,-0.1772843599319458,0.010811926797032356,0.837499737739563,-0.4633726179599762,0.06521297991275787,0.7150602340698242,-0.5011078119277954,0.09557686746120453,0.619570791721344,-0.4185837209224701,0.09843607246875763,0.8003268241882324,0.13223488628864288,0.02128816395998001,0.8653217554092407,-0.1033647432923317,0.07444474846124649,0.7763086557388306,-0.1679944097995758,0.12478725612163544,0.683138370513916,-0.11374225467443466,0.15733379125595093,0.0,0.0,0.0,0.09953033924102783,0.04873711243271828,0.0514536090195179,0.18224860727787018,0.11401204764842987,0.0741545706987381,0.24202795326709747,0.11023396253585815,0.08579665422439575,0.2624270021915436,0.0839189812541008,0.09807729721069336,0.1310751885175705,0.1424921303987503,0.10893833637237549,0.22692163288593292,0.10609070956707001,0.1466706544160843,0.28963199257850647,0.10250983387231827,0.16409996151924133,0.3534112274646759,0.1276901364326477,0.17791979014873505,0.10994014143943787,0.1741868406534195,0.09080851078033447,0.18658822774887085,0.06844306737184525,0.12463195621967316,0.1660814732313156,0.08297987282276154,0.11831219494342804,0.14433573186397552,0.07265312969684601,0.113113634288311,0.10677411407232285,0.1713588386774063,0.07634425908327103,0.18822482228279114,0.07198441028594971,0.11042274534702301,0.17623689770698547,0.07889439165592194,0.099051833152771,0.15712080895900726,0.07770601660013199,0.08671287447214127,0.10889476537704468,0.18229155242443085,0.06857793033123016,0.21278783679008484,0.1164129227399826,0.0993107482790947,0.21290171146392822,0.1014477089047432,0.09904017299413681,0.19305911660194397,0.10883694142103195,0.09517023712396622
Yo,0.0,0.0,0.0,0.04376084357500076,-0.7070984244346619,0.051474642008543015,0.25879397988319397,-1.089760661125183,0.08588415384292603,0.4758499264717102,-1.079379916191101,0.10932304710149765,0.5918422937393188,-0.8897122144699097,0.12525424361228943,0.6271873116493225,-1.0118224620819092,0.039291203022003174,0.9141815900802612,-1.2173188924789429,0.08870413154363632,1.0710551738739014,-1.3153375387191772,0.11163230240345001,1.1898996829986572,-1.3794625997543335,0.11277393251657486,0.7553830146789551,-0.63618004322052,0.020015472546219826,0.7887297868728638,-0.7722287178039551,0.08940502256155014,0.6651071310043335,-0.7565096616744995,0.11757943779230118,0.5806666612625122,-0.6730062961578369,0.11964564025402069,0.7826849818229675,-0.2588668465614319,0.011598953977227211,0.7835336923599243,-0.4454353451728821,0.07020184397697449,0.675605058670044,-0.45521244406700134,0.09713301807641983,0.5892237424850464,-0.383379191160202,0.0961405411362648,0.7702139616012573,0.06429480016231537,0.0070516495034098625,0.8033604621887207,-0.10561724752187729,0.06753711402416229,0.7242754101753235,-0.13422192633152008,0.11866717040538788,0.6405017971992493,-0.08393102139234543,0.15027721226215363,0.0,0.0,0.0,0.052978161722421646,0.044351726770401,0.06688251346349716,0.08352164179086685,0.10743845999240875,0.10381273925304413,0.09172754734754562,0.09447402507066727,0.13038043677806854,0.1024087443947792,0.08186622709035873,0.1568118780851364,0.07789769023656845,0.0618155263364315,0.12345484644174576,0.12617892026901245,0.0618174746632576,0.18565326929092407,0.17744189500808716,0.08085265010595322,0.22325308620929718,0.22703130543231964,0.11475466191768646,0.2483104169368744,0.06484832614660263,0.08565675467252731,0.11282051354646683,0.09591622650623322,0.06390319019556046,0.17277182638645172,0.08485841006040573,0.07429759204387665,0.1781371831893921,0.07030913233757019,0.06605388969182968,0.1758783757686615,0.05518733337521553,0.10158494859933853,0.10793352872133255,0.09856392443180084,0.05932522192597389,0.15906664729118347,0.08938959985971451,0.06646458059549332,0.14819340407848358,0.07610069215297699,0.07044345140457153,0.13175539672374725,0.051587868481874466,0.1320343166589737,0.10983436554670334,0.12407319992780685,0.09496543556451797,0.15343371033668518,0.1254427134990692,0.09144033491611481,0.15330687165260315,0.11502761393785477,0.10433150082826614,0.14562776684761047
Yo,0.0,0.0,0.0,0.06754268705844879,-0.6768063306808472,0.02759498357772827,0.2990722954273224,-1.0421086549758911,0.05376724526286125,0.5185269117355347,-1.0373857021331787,0.07711879909038544,0.6117868423461914,-0.8789324760437012,0.0948244109749794,0.7272613644599915,-0.8657296895980835,0.00560434814542532,1.0399081707000732,-1.1152410507202148,0.046737369149923325,1.216983437538147,-1.2403249740600586,0.058290887624025345,1.3568408489227295,-1.318237543106079,0.04995672404766083,0.8383000493049622,-0.46553295850753784,-0.0025461192708462477,0.8541952967643738,-0.624387264251709,0.06383560597896576,0.724763810634613,-0.6197725534439087,0.08820073306560516,0.6376567482948303,-0.5344278216362,0.08576779812574387,0.8366419672966003,-0.09455342590808868,-1.2532249456853606e-05,0.8330243229866028,-0.31297144293785095,0.05215854197740555,0.7228255271911621,-0.33923763036727905,0.07451289892196655,0.6388636827468872,-0.27683550119400024,0.0710328221321106,0.7903751730918884,0.2137758731842041,0.005241368897259235,0.8570348024368286,0.049975547939538956,0.055287569761276245,0.8052557110786438,-0.012161755934357643,0.10267134010791779,0.7384868264198303,0.005560523364692926,0.1331566870212555,0.0,0.0,0.0,0.11388029903173447,0.17322687804698944,0.07970474660396576,0.1952497363090515,0.2291126698255539,0.11085494607686996,0.236003577709198,0.21356341242790222,0.12488239258527756,0.25422176718711853,0.22947712242603302,0.1368018090724945,0.13691265881061554,0.2483113706111908,0.12644799053668976,0.21384797990322113,0.16112704575061798,0.17429682612419128,0.2630261778831482,0.13555477559566498,0.1990823596715927,0.3185133934020996,0.13824261724948883,0.21423083543777466,0.10851813852787018,0.24433104693889618,0.09514109045267105,0.18497005105018616,0.08174142241477966,0.13348928093910217,0.15533119440078735,0.09692337363958359,0.1300904005765915,0.1318301260471344,0.07881366461515427,0.12479232251644135,0.09747369587421417,0.21546229720115662,0.07677196711301804,0.18409696221351624,0.11612017452716827,0.11858487129211426,0.15595833957195282,0.10920065641403198,0.11244767159223557,0.13058343529701233,0.09554530680179596,0.09951262921094894,0.09687373042106628,0.2316845804452896,0.07384184002876282,0.21609655022621155,0.20105046033859253,0.10629137605428696,0.2500246465206146,0.2110666185617447,0.10816091299057007,0.2767135202884674,0.24155697226524353,0.10361380130052567
Yo,0.0,0.0,0.0,0.07827214151620865,-0.7028144598007202,0.056500136852264404,0.3045703172683716,-1.0660592317581177,0.08747963607311249,0.516984224319458,-1.0755109786987305,0.10627633333206177,0.6290432810783386,-0.9260047674179077,0.11770035326480865,0.6866540312767029,-0.9433373212814331,0.03380530700087547,1.0071251392364502,-1.1529167890548706,0.07543342560529709,1.1881353855133057,-1.2633806467056274,0.09468235075473785,1.3267372846603394,-1.3437455892562866,0.0950886532664299,0.8006836771965027,-0.560990571975708,0.012199231423437595,0.851211428642273,-0.7042454481124878,0.07747144252061844,0.727314829826355,-0.7009322643280029,0.10850783437490463,0.6350979804992676,-0.6217477321624756,0.11382555961608887,0.8132500648498535,-0.18175138533115387,0.002197136403992772,0.8321946263313293,-0.3809153735637665,0.05623006075620651,0.7229627966880798,-0.39626848697662354,0.08642464876174927,0.6308894157409668,-0.3294326364994049,0.08947965502738953,0.7857335209846497,0.13862207531929016,-0.0030519450083374977,0.8445584177970886,-0.012128019705414772,0.05715078115463257,0.7628180980682373,-0.04577949643135071,0.11358734220266342,0.6676779985427856,-1.59159299073508e-05,0.1503288745880127,0.0,0.0,0.0,0.07046840339899063,0.08201070874929428,0.05151313543319702,0.11446623504161835,0.14665603637695312,0.08162567019462585,0.12497103959321976,0.19311761856079102,0.10230182856321335,0.1338653713464737,0.22093330323696136,0.1241513267159462,0.10583358258008957,0.12322098016738892,0.11432002484798431,0.15678982436656952,0.11377038061618805,0.15808063745498657,0.19341795146465302,0.11553627997636795,0.17804557085037231,0.23243917524814606,0.11997820436954498,0.18892189860343933,0.08633090555667877,0.16322602331638336,0.09975382685661316,0.11701700091362,0.11624886840581894,0.13312794268131256,0.09566541016101837,0.13593530654907227,0.12522397935390472,0.08003421127796173,0.11630592495203018,0.11814707517623901,0.06604739278554916,0.1723809838294983,0.08959938585758209,0.11157753318548203,0.10664598643779755,0.1218438670039177,0.09445656090974808,0.11454888433218002,0.11087726056575775,0.07755845785140991,0.10236425697803497,0.09810278564691544,0.05429089069366455,0.17761072516441345,0.08573728054761887,0.12785489857196808,0.13251036405563354,0.11006045341491699,0.12420804798603058,0.12176880240440369,0.10684052854776382,0.10874617099761963,0.11845758557319641,0.1003149226307869
Yo,0.0,0.0,0.0,0.057839833199977875,-0.6859230995178223,0.044160567224025726,0.26096343994140625,-1.1186645030975342,0.08034086972475052,0.4660392701625824,-1.1620973348617554,0.11039920896291733,0.5758333206176758,-0.9849759936332703,0.13743939995765686,0.7074686288833618,-0.932761549949646,0.04857862368226051,0.9708571434020996,-1.1272408962249756,0.1104370504617691,1.0937490463256836,-1.218543529510498,0.13953189551830292,1.1882201433181763,-1.2789320945739746,0.14459358155727386,0.8210803270339966,-0.5354906320571899,0.03933928161859512,0.8200088739395142,-0.6846225261688232,0.13095605373382568,0.6900498270988464,-0.6872596740722656,0.1600489318370819,0.6042435765266418,-0.6100468635559082,0.15784591436386108,0.8245946764945984,-0.16045242547988892,0.040933866053819656,0.8039800524711609,-0.3608706593513489,0.11187473684549332,0.6899977326393127,-0.38757437467575073,0.12809422612190247,0.6024053692817688,-0.3330477774143219,0.11727891862392426,0.7871271967887878,0.15749533474445343,0.046603985130786896,0.8140732049942017,-0.008849555626511574,0.10988686978816986,0.7331117987632751,-0.05127941444516182,0.15272420644760132,0.6451889872550964,-0.018001237884163857,0.17809978127479553,0.0,0.0,0.0,0.0827026516199112,0.03628312051296234,0.04078572243452072,0.14494450390338898,0.05574736371636391,0.06976047158241272,0.1758221685886383,0.05872790515422821,0.09821595251560211,0.19027964770793915,0.09640256315469742,0.12812431156635284,0.11246981471776962,0.11602535098791122,0.08944996446371078,0.2107601761817932,0.07659172266721725,0.1369226723909378,0.296869158744812,0.11414726823568344,0.1670892834663391,0.373615562915802,0.15259258449077606,0.18574491143226624,0.09690458327531815,0.1473046988248825,0.080251045525074,0.14195650815963745,0.09249046444892883,0.12567771971225739,0.12338390946388245,0.13475313782691956,0.13986781239509583,0.10740559548139572,0.12578190863132477,0.1473698765039444,0.08538440614938736,0.15044094622135162,0.07901713252067566,0.1332416832447052,0.10859773308038712,0.12151194363832474,0.11845119297504425,0.1370154321193695,0.12000951170921326,0.10157164931297302,0.1286647766828537,0.11250320822000504,0.07867167145013809,0.15119557082653046,0.08875880390405655,0.16099224984645844,0.13582108914852142,0.11919842660427094,0.1720951944589615,0.13607701659202576,0.11949490755796432,0.15918977558612823,0.1283336877822876,0.11495240032672882
Yo,0.0,0.0,0.0,0.05634092539548874,-0.691766619682312,0.059094708412885666,0.25919654965400696,-1.1193819046020508,0.10084065049886703,0.45006442070007324,-1.1882970333099365,0.13140855729579926,0.5383466482162476,-1.0494154691696167,0.1578546017408371,0.6907975673675537,-0.9554516673088074,0.07391659170389175,0.9765637516975403,-1.1329214572906494,0.14599810540676117,1.0964971780776978,-1.1897231340408325,0.18226489424705505,1.1648328304290771,-1.2179681062698364,0.19277408719062805,0.8004831075668335,-0.5588231086730957,0.05767399072647095,0.797535240650177,-0.6594129800796509,0.15276646614074707,0.6667348742485046,-0.6513274908065796,0.18116804957389832,0.5740741491317749,-0.5853772759437561,0.17836198210716248,0.8043921589851379,-0.18208160996437073,0.05279797315597534,0.7730246782302856,-0.3384363353252411,0.13492853939533234,0.6611364483833313,-0.35731634497642517,0.15445466339588165,0.5699836015701294,-0.3102853000164032,0.14203739166259766,0.7735108137130737,0.14073869585990906,0.052097778767347336,0.7747200131416321,-0.0013116979971528053,0.12532071769237518,0.6893267631530762,-0.03732335940003395,0.17072442173957825,0.6009278893470764,-0.00541952857747674,0.19546467065811157,0.0,0.0,0.0,0.0806160643696785,0.03291060030460358,0.05938511714339256,0.16159185767173767,0.08982554078102112,0.09942382574081421,0.22591137886047363,0.16533973813056946,0.1332230567932129,0.2518422603607178,0.30191394686698914,0.16708111763000488,0.11165665090084076,0.1100401058793068,0.12826313078403473,0.1919643133878708,0.06934012472629547,0.18899722397327423,0.2771867513656616,0.08265133202075958,0.2235250324010849,0.37318962812423706,0.14013434946537018,0.24717916548252106,0.0980360209941864,0.1407971829175949,0.11908978968858719,0.1435299813747406,0.06742539256811142,0.18342727422714233,0.13026463985443115,0.1119299829006195,0.1938927322626114,0.12344217300415039,0.09058647602796555,0.19565041363239288,0.09084035456180573,0.14352594316005707,0.11582823097705841,0.14588496088981628,0.0746983215212822,0.17349211871623993,0.13450025022029877,0.09528312087059021,0.16712112724781036,0.1201043576002121,0.07586091011762619,0.15316994488239288,0.08374062925577164,0.14098960161209106,0.12144153565168381,0.16624349355697632,0.09945109486579895,0.16505484282970428,0.17123232781887054,0.09940691292285919,0.168083056807518,0.15607789158821106,0.08760598301887512,0.16303537786006927
Yo,0.0,0.0,0.0,0.12130171060562134,-0.6748077869415283,0.06586717069149017,0.3690028190612793,-1.0231354236602783,0.0982121005654335,0.5846878886222839,-0.9676089286804199,0.12032882869243622,0.6900334358215332,-0.7272228598594666,0.13447222113609314,0.705428957939148,-0.9291985630989075,0.011064741760492325,1.0209308862686157,-1.0978717803955078,0.06251995265483856,1.2053050994873047,-1.187272310256958,0.09546457231044769,1.343904733657837,-1.2491519451141357,0.10728869587182999,0.8263417482376099,-0.5589452385902405,-0.00890442170202732,0.8693047761917114,-0.6101154088973999,0.08217523992061615,0.7483285665512085,-0.5878719687461853,0.12550058960914612,0.658788800239563,-0.5215055346488953,0.13398320972919464,0.8419936299324036,-0.1800795942544937,-0.012249612249433994,0.872363269329071,-0.303549200296402,0.05159732699394226,0.7679155468940735,-0.31924474239349365,0.07791828364133835,0.6741694808006287,-0.2716643214225769,0.07832545787096024,0.8180543780326843,0.13912266492843628,-0.006923022214323282,0.9422138333320618,0.035849619656801224,0.05627564713358879,0.8788897395133972,0.01606721058487892,0.11580773442983627,0.7777540683746338,0.05215518921613693,0.15620186924934387,0.0,0.0,0.0,0.014630109071731567,0.018536977469921112,0.04064703360199928,0.028265276923775673,0.06275412440299988,0.059099916368722916,0.04044297710061073,0.06895805895328522,0.07065387815237045,0.04682048410177231,0.05333138629794121,0.0798143669962883,0.028433160856366158,0.030131766572594643,0.05368189886212349,0.05013197660446167,0.03266675025224686,0.08517531305551529,0.06870119273662567,0.04251113161444664,0.1058608666062355,0.08459071069955826,0.05067075043916702,0.11957890540361404,0.023517729714512825,0.04720120131969452,0.043349429965019226,0.043452370911836624,0.038984742015600204,0.07422694563865662,0.0397566556930542,0.06159914284944534,0.07895082235336304,0.03148272633552551,0.05174398794770241,0.07974621653556824,0.019786695018410683,0.047403834760189056,0.03813285380601883,0.039808906614780426,0.03014533780515194,0.06783925741910934,0.0381869338452816,0.04722347855567932,0.06732268631458282,0.031188758090138435,0.0391954630613327,0.0628514438867569,0.017881570383906364,0.050005845725536346,0.03618517890572548,0.02518410049378872,0.026804400607943535,0.06336919963359833,0.022946441546082497,0.03269508481025696,0.06935153901576996,0.020117631182074547,0.022438522428274155,0.07051191478967667
Yo,0.0,0.0,0.0,0.11966105550527573,-0.6738259196281433,0.08252497017383575,0.38323649764060974,-0.9583303332328796,0.12456891685724258,0.5984901189804077,-0.8896929025650024,0.14594276249408722,0.6925950050354004,-0.664724588394165,0.16255246102809906,0.7393609285354614,-0.8810189962387085,0.09629710763692856,1.0184942483901978,-0.9648764729499817,0.16791275143623352,1.1272698640823364,-0.9868690371513367,0.20539036393165588,1.1820626258850098,-0.9928795099258423,0.21558670699596405,0.8461142778396606,-0.5141079425811768,0.06102443486452103,0.838039755821228,-0.4531802535057068,0.14576706290245056,0.7144865393638611,-0.4229608476161957,0.15753377974033356,0.6243553757667542,-0.40282028913497925,0.1455453485250473,0.8487129211425781,-0.12962348759174347,0.040070027112960815,0.7972540855407715,-0.1745234578847885,0.1196870431303978,0.6919001340866089,-0.17429062724113464,0.13174553215503693,0.6015617847442627,-0.1696993112564087,0.11424185335636139,0.8141524195671082,0.19338937103748322,0.024168919771909714,0.790777325630188,0.14154520630836487,0.10041377693414688,0.7081478834152222,0.12205789238214493,0.14391320943832397,0.619405210018158,0.1146065965294838,0.1675925999879837,0.0,0.0,0.0,0.04636147618293762,0.02601446583867073,0.04903540015220642,0.08520076423883438,0.044381897896528244,0.08494691550731659,0.099390909075737,0.048707544803619385,0.11525118350982666,0.09124462306499481,0.12875832617282867,0.14411069452762604,0.05511130392551422,0.06240998953580856,0.09175406396389008,0.09393519908189774,0.056441713124513626,0.14620903134346008,0.1580677330493927,0.067351795732975,0.18146130442619324,0.232975035905838,0.09662365168333054,0.20239444077014923,0.04809463396668434,0.0797434151172638,0.08595064282417297,0.07942992448806763,0.06967800855636597,0.14658719301223755,0.07733812183141708,0.0916186198592186,0.1614210158586502,0.07489316910505295,0.07275395095348358,0.161842480301857,0.04214916750788689,0.07523146271705627,0.08528600633144379,0.08456666767597198,0.06706666201353073,0.1389317363500595,0.08351598680019379,0.0861450731754303,0.13623423874378204,0.07766932994127274,0.06682150065898895,0.1220879852771759,0.04505741968750954,0.06760823726654053,0.09093891829252243,0.12456688284873962,0.08606921881437302,0.13242697715759277,0.13533377647399902,0.09577678889036179,0.13607777655124664,0.12908965349197388,0.08647295832633972,0.13066019117832184
Yo,0.0,0.0,0.0,0.12489683926105499,-0.6906624436378479,0.07228367030620575,0.3840382993221283,-0.9745575189590454,0.12613284587860107,0.5802396535873413,-0.8981834650039673,0.1652984917163849,0.6717236638069153,-0.6765192747116089,0.19653785228729248,0.8246999979019165,-0.7998999357223511,0.11786661297082901,1.0784964561462402,-0.9307155609130859,0.20661494135856628,1.2206720113754272,-0.9926463961601257,0.24253372848033905,1.3325105905532837,-1.0198588371276855,0.25038713216781616,0.9072558283805847,-0.38610655069351196,0.09565018862485886,0.9015496373176575,-0.49875006079673767,0.20346173644065857,0.7758738994598389,-0.5213905572891235,0.22051143646240234,0.6860603094100952,-0.4633611738681793,0.21145455539226532,0.8780597448348999,-0.0032899691723287106,0.08610028028488159,0.8619688153266907,-0.1743767112493515,0.1650313436985016,0.7454749345779419,-0.22521157562732697,0.16868285834789276,0.6508272290229797,-0.19206571578979492,0.1527625024318695,0.8161942362785339,0.29786354303359985,0.08308546990156174,0.8760077357292175,0.19403354823589325,0.15688368678092957,0.8286955952644348,0.13846513628959656,0.2005501091480255,0.7610365748405457,0.13605889678001404,0.22770699858665466,0.0,0.0,0.0,0.0663251280784607,0.045587606728076935,0.04399488866329193,0.09828972071409225,0.06990323960781097,0.07143348455429077,0.11086577922105789,0.06107040122151375,0.09200014919042587,0.11433029919862747,0.091832734644413,0.1115102767944336,0.056420307606458664,0.13883094489574432,0.08154283463954926,0.11932744085788727,0.10730115324258804,0.11830216646194458,0.16494643688201904,0.07602746784687042,0.13945002853870392,0.20521274209022522,0.06063147634267807,0.15555618703365326,0.045292872935533524,0.10671811550855637,0.07224667817354202,0.07618867605924606,0.05413590371608734,0.10289275646209717,0.07552214711904526,0.07241201400756836,0.10156258195638657,0.06938910484313965,0.07287298887968063,0.09988794475793839,0.04108632355928421,0.09104585647583008,0.0678088590502739,0.07972151041030884,0.10431037098169327,0.09629667550325394,0.08013198524713516,0.11505110561847687,0.08795773237943649,0.07415704429149628,0.10612047463655472,0.07814204692840576,0.043092869222164154,0.13490386307239532,0.0698399618268013,0.12894207239151,0.16530603170394897,0.09787946939468384,0.17922456562519073,0.1927531659603119,0.10155906528234482,0.215565025806427,0.22870780527591705,0.10073396563529968
Yo,0.0,0.0,0.0,0.21295137703418732,-0.45652803778648376,0.07394455373287201,0.48008471727371216,-0.6066495776176453,0.11986695230007172,0.6666660308837891,-0.5353512167930603,0.144023597240448,0.7519641518592834,-0.42924150824546814,0.16193470358848572,0.7428590655326843,-0.7663859128952026,0.12453196197748184,0.9694656133651733,-0.82933509349823,0.16630347073078156,1.0905416011810303,-0.8131716847419739,0.17141589522361755,1.1780587434768677,-0.7852579355239868,0.16232776641845703,0.765267550945282,-0.49985256791114807,0.0805901437997818,0.8202271461486816,-0.4538223147392273,0.13114488124847412,0.7574981451034546,-0.40523332357406616,0.121884785592556,0.7130743861198425,-0.38043099641799927,0.1024722009897232,0.7126300930976868,-0.20098359882831573,0.043116189539432526,0.7483057975769043,-0.20358090102672577,0.08068288862705231,0.6862886548042297,-0.183643639087677,0.07863333076238632,0.6372469663619995,-0.18139582872390747,0.06340406835079193,0.6335164904594421,0.06884215027093887,0.00985846109688282,0.6708081364631653,0.06699472665786743,0.05290365219116211,0.6319774389266968,0.07623191922903061,0.08298834413290024,0.5851515531539917,0.07328779995441437,0.10115225613117218,0.0,0.0,0.0,0.1348682940006256,0.3559090197086334,0.04745332896709442,0.2280896008014679,0.43357840180397034,0.07009760290384293,0.2951592803001404,0.39121049642562866,0.08699435740709305,0.3346191346645355,0.2765074074268341,0.10501453280448914,0.2935040593147278,0.12689462304115295,0.07930292189121246,0.36402395367622375,0.08787364512681961,0.12115385383367538,0.3865850567817688,0.11090697348117828,0.1542137712240219,0.4043644964694977,0.11842188984155655,0.17775596678256989,0.3482760787010193,0.17623072862625122,0.07526450604200363,0.35844239592552185,0.15654610097408295,0.13127394020557404,0.35330522060394287,0.18661698698997498,0.15498653054237366,0.3768783211708069,0.19900234043598175,0.16675567626953125,0.3755204677581787,0.2930960953235626,0.08382227271795273,0.36433500051498413,0.253686785697937,0.13794219493865967,0.34572505950927734,0.2555903196334839,0.14993339776992798,0.3594436049461365,0.2577957808971405,0.15034469962120056,0.38968053460121155,0.38283056020736694,0.1021118015050888,0.3662419319152832,0.3509043753147125,0.1558316946029663,0.3311423659324646,0.33748510479927063,0.17823636531829834,0.3230707347393036,0.33052271604537964,0.19080576300621033
Yo,0.0,0.0,0.0,0.14023816585540771,-0.7017441987991333,0.10033230483531952,0.38566330075263977,-1.0576856136322021,0.17521271109580994,0.5730459690093994,-1.08542799949646,0.23768118023872375,0.6783052682876587,-0.9030264019966125,0.290422260761261,0.7828733325004578,-0.851141631603241,0.139366015791893,1.0581685304641724,-0.9942728877067566,0.2720579504966736,1.184691309928894,-1.0522849559783936,0.3434511125087738,1.2923556566238403,-1.085402011871338,0.37516075372695923,0.864607036113739,-0.47057247161865234,0.13084839284420013,0.8909662365913391,-0.674066424369812,0.2866819202899933,0.754808247089386,-0.7200726270675659,0.3276888430118561,0.6588605046272278,-0.6585506796836853,0.32875218987464905,0.8399413824081421,-0.127604141831398,0.14152389764785767,0.8468971252441406,-0.3912361264228821,0.26812243461608887,0.7250128388404846,-0.45370253920555115,0.2769079804420471,0.6247742772102356,-0.41203489899635315,0.2540889382362366,0.7900937795639038,0.12492486089468002,0.16394005715847015,0.8809641003608704,-0.06203524023294449,0.2707764804363251,0.8464415669441223,-0.1339256316423416,0.31707173585891724,0.7846451997756958,-0.12674638628959656,0.3388039469718933,0.0,0.0,0.0,0.06883086264133453,0.056363582611083984,0.04872991517186165,0.13306546211242676,0.12379003316164017,0.07801452279090881,0.1752265989780426,0.1606072634458542,0.10359624773263931,0.20607885718345642,0.19063137471675873,0.13165870308876038,0.05966348946094513,0.13112621009349823,0.05605467036366463,0.12350686639547348,0.1077682226896286,0.0787314921617508,0.1658248007297516,0.11146045476198196,0.09942396730184555,0.2111167162656784,0.12784543633460999,0.1169164851307869,0.048678260296583176,0.09668763726949692,0.046657051891088486,0.07686764746904373,0.059627361595630646,0.06857943534851074,0.0670846700668335,0.05743096023797989,0.07828149944543839,0.06279251724481583,0.05396236106753349,0.08474460244178772,0.04895218834280968,0.0616329088807106,0.048605673015117645,0.07943954318761826,0.07131268084049225,0.066803939640522,0.06721765547990799,0.07539327442646027,0.06446915864944458,0.06044495478272438,0.05862535163760185,0.06034426391124725,0.05732247233390808,0.0964108556509018,0.06095276400446892,0.1609775722026825,0.13454791903495789,0.07662806659936905,0.2305319905281067,0.1625395566225052,0.07899586111307144,0.2878655791282654,0.19636763632297516,0.08011025935411453
Yo,0.0,0.0,0.0,0.11060172319412231,-0.7036978602409363,0.05742541700601578,0.34787553548812866,-1.0905561447143555,0.1006447821855545,0.5249115824699402,-1.0685200691223145,0.13273371756076813,0.6024913787841797,-0.8354768753051758,0.1555977612733841,0.7872281074523926,-0.8640688061714172,0.06914674490690231,1.0777438879013062,-0.9515184164047241,0.1482272893190384,1.2476961612701416,-0.9936977624893188,0.18469521403312683,1.3813071250915527,-1.0181519985198975,0.19193938374519348,0.872870922088623,-0.44264641404151917,0.05658084154129028,0.8788043260574341,-0.61396324634552,0.1571776419878006,0.7451196908950806,-0.644553005695343,0.18989703059196472,0.6483629941940308,-0.5786672234535217,0.19065096974372864,0.8485977053642273,-0.056949544697999954,0.056473344564437866,0.833832859992981,-0.2942715287208557,0.13686534762382507,0.7167432308197021,-0.34208422899246216,0.15226544439792633,0.6189522743225098,-0.29244571924209595,0.14097043871879578,0.7929775714874268,0.24560172855854034,0.061271000653505325,0.8283748626708984,0.06158526986837387,0.13247305154800415,0.754666268825531,0.0027448595501482487,0.17598798871040344,0.6651796698570251,0.032089702785015106,0.201304629445076,0.0,0.0,0.0,0.08402563631534576,0.012606236152350903,0.04866228625178337,0.1610928177833557,0.058550670742988586,0.07164540141820908,0.21214160323143005,0.07237072288990021,0.08970921486616135,0.22902800142765045,0.07772878557443619,0.10749322175979614,0.08547917008399963,0.14873000979423523,0.0711614340543747,0.15721376240253448,0.14767812192440033,0.10527758300304413,0.1993059515953064,0.1390518993139267,0.12125027924776077,0.2375832498073578,0.12717874348163605,0.13050583004951477,0.06740013509988785,0.17563630640506744,0.059735290706157684,0.10433512926101685,0.081577368080616,0.1002134159207344,0.09744913130998611,0.058013129979372025,0.10550760477781296,0.09374316781759262,0.06230773776769638,0.10409005731344223,0.06401071697473526,0.16669201850891113,0.054775748401880264,0.10797792673110962,0.08689620345830917,0.08919106423854828,0.10062303394079208,0.0700802132487297,0.0832245871424675,0.09400300681591034,0.07922230660915375,0.0730370432138443,0.06517155468463898,0.1571512371301651,0.05691204220056534,0.12615934014320374,0.1210956797003746,0.08426313102245331,0.13833042979240417,0.09527402371168137,0.08831741660833359,0.1350003480911255,0.09509427845478058,0.08763905614614487
Yo,0.0,0.0,0.0,0.09114087373018265,-0.7203749418258667,0.09705490618944168,0.30997899174690247,-1.0911411046981812,0.18778803944587708,0.46968498826026917,-1.0985363721847534,0.2682121992111206,0.5500791072845459,-0.8961150050163269,0.3423622250556946,0.8101407289505005,-0.8332147598266602,0.17634162306785583,1.0690982341766357,-0.8951597213745117,0.32963019609451294,1.144713044166565,-0.8933721780776978,0.4107595980167389,1.1917033195495605,-0.8812116384506226,0.44877785444259644,0.8744341135025024,-0.37889614701271057,0.17667600512504578,0.9082301259040833,-0.5321358442306519,0.36126086115837097,0.7678760886192322,-0.5772466063499451,0.4106237292289734,0.6571844816207886,-0.5276540517807007,0.41309699416160583,0.8390806913375854,0.026684245094656944,0.1921769678592682,0.846899688243866,-0.19060860574245453,0.34475281834602356,0.7176171541213989,-0.2524368166923523,0.34704405069351196,0.6104586720466614,-0.2188192903995514,0.31360164284706116,0.7830973863601685,0.34459081292152405,0.2176847904920578,0.8156813383102417,0.17547297477722168,0.33727768063545227,0.7375680208206177,0.09525946527719498,0.3738320469856262,0.6493754982948303,0.09661620110273361,0.38521426916122437,0.0,0.0,0.0,0.12139534205198288,0.07007220387458801,0.0883113294839859,0.21313664317131042,0.1364988535642624,0.15374036133289337,0.2721179723739624,0.162265345454216,0.2092653512954712,0.2984716296195984,0.17331185936927795,0.2605283856391907,0.08232062309980392,0.18924637138843536,0.1648714691400528,0.19326114654541016,0.1854197382926941,0.24498866498470306,0.2913000285625458,0.15103696286678314,0.2820630371570587,0.3895776569843292,0.11925575882196426,0.30261415243148804,0.07597891241312027,0.17598867416381836,0.1544135957956314,0.14715158939361572,0.06571947038173676,0.2338763326406479,0.14273253083229065,0.04773881286382675,0.2422155737876892,0.13317781686782837,0.05865377560257912,0.24048131704330444,0.08182020485401154,0.1662721037864685,0.14988374710083008,0.15459933876991272,0.09192592650651932,0.22068235278129578,0.15252357721328735,0.08620981872081757,0.208230659365654,0.14018514752388,0.08963646739721298,0.18837109208106995,0.08532431721687317,0.1681971698999405,0.154216930270195,0.1825380176305771,0.15810798108577728,0.20240548253059387,0.2083204686641693,0.14944404363632202,0.19644270837306976,0.2054782211780548,0.15555767714977264,0.18341860175132751
Yo,0.0,0.0,0.0,0.12796953320503235,-0.6960084438323975,0.06370903551578522,0.4043731689453125,-1.1090251207351685,0.11557910591363907,0.6083653569221497,-1.0731937885284424,0.1555931270122528,0.6819518208503723,-0.830264687538147,0.18769195675849915,0.8270888328552246,-0.8320702314376831,0.08136647194623947,1.1097824573516846,-0.9879244565963745,0.1577259749174118,1.259832501411438,-1.0705127716064453,0.19263793528079987,1.3726741075515747,-1.114954948425293,0.19796796143054962,0.9065611958503723,-0.39307910203933716,0.06297674775123596,0.9213241338729858,-0.5860109925270081,0.15702037513256073,0.7852858304977417,-0.6216514706611633,0.1869920790195465,0.6838628053665161,-0.5487184524536133,0.18742422759532928,0.8792116045951843,-0.001827142434194684,0.055457133799791336,0.8846093416213989,-0.23808547854423523,0.1259230673313141,0.7726855278015137,-0.30297771096229553,0.13636012375354767,0.6703768968582153,-0.2569845914840698,0.12276649475097656,0.8204290270805359,0.3064420819282532,0.05371228978037834,0.8519936800003052,0.09205968677997589,0.1146196499466896,0.764825701713562,0.02451954036951065,0.15078537166118622,0.6647640466690063,0.06180927902460098,0.17111057043075562,0.0,0.0,0.0,0.05392412468791008,0.04501382261514664,0.03354967385530472,0.10060422122478485,0.06682393699884415,0.05675279721617699,0.15941165387630463,0.08950801193714142,0.07699818164110184,0.18062354624271393,0.13938818871974945,0.09806758165359497,0.054851699620485306,0.12153476476669312,0.05023840814828873,0.09558883309364319,0.10665219277143478,0.07395163923501968,0.1250423640012741,0.09170770645141602,0.0897563248872757,0.1589871197938919,0.08305924385786057,0.10025734454393387,0.052280839532613754,0.12227628380060196,0.044550832360982895,0.06329469382762909,0.07720231264829636,0.06746956706047058,0.06264111399650574,0.06202772259712219,0.07579899579286575,0.06380315870046616,0.06502193957567215,0.08091187477111816,0.05124662071466446,0.10995447635650635,0.04209915176033974,0.06662299484014511,0.06606592237949371,0.06476123631000519,0.06940615177154541,0.0519682802259922,0.06721272319555283,0.068313367664814,0.05276348069310188,0.0661153495311737,0.0509176030755043,0.09327246248722076,0.04302245378494263,0.0887756198644638,0.06814801692962646,0.0611523799598217,0.09332394599914551,0.06191921979188919,0.06438232213258743,0.08540881425142288,0.06889858841896057,0.06483469158411026
Yo,0.0,0.0,0.0,0.11431829631328583,-0.6650997400283813,0.11999334394931793,0.3463209569454193,-0.9815716743469238,0.23146291077136993,0.5193406343460083,-0.9778537750244141,0.3303629755973816,0.6067619323730469,-0.8175220489501953,0.4202851355075836,0.7638362050056458,-0.812945544719696,0.2370128333568573,0.9045720100402832,-0.9175945520401001,0.4117020070552826,0.9265225529670715,-0.9259452819824219,0.4898145794868469,0.9557250142097473,-0.9149471521377563,0.5210368633270264,0.845422089099884,-0.4543537199497223,0.22937457263469696,0.7977821826934814,-0.5563565492630005,0.4399556517601013,0.6635469198226929,-0.5687485933303833,0.47158384323120117,0.5734614133834839,-0.4984770715236664,0.4559066891670227,0.8205001950263977,-0.11564113944768906,0.23813028633594513,0.7631713151931763,-0.28473860025405884,0.4105295240879059,0.6391004920005798,-0.3234626352787018,0.3924104869365692,0.5549396276473999,-0.27292558550834656,0.338037371635437,0.7694153785705566,0.15839792788028717,0.25840842723846436,0.755571722984314,-0.00041569172753952444,0.39273983240127563,0.6645237803459167,-0.04937119036912918,0.4232129156589508,0.5752385854721069,-0.0220312662422657,0.4245151877403259,0.0,0.0,0.0,0.08362897485494614,0.2038012146949768,0.08092514425516129,0.1216614693403244,0.2550954818725586,0.1483536958694458,0.136773943901062,0.1950102001428604,0.20871376991271973,0.14171691238880157,0.14782412350177765,0.26497218012809753,0.04369708150625229,0.23612459003925323,0.12883614003658295,0.12583467364311218,0.20691928267478943,0.20874980092048645,0.23536473512649536,0.18146184086799622,0.2636086940765381,0.3191182017326355,0.17884400486946106,0.29653558135032654,0.04317509010434151,0.09351367503404617,0.12491070479154587,0.03847122564911842,0.08668842911720276,0.20441068708896637,0.04529177024960518,0.08355208486318588,0.2295767217874527,0.05138419568538666,0.08383721858263016,0.23945125937461853,0.041775379329919815,0.12236744910478592,0.13002485036849976,0.03551006689667702,0.1326446533203125,0.200571671128273,0.040167223662137985,0.12447009235620499,0.19300788640975952,0.04353555291891098,0.1218022033572197,0.17673185467720032,0.034922562539577484,0.2636970281600952,0.14582781493663788,0.06538260728120804,0.25938111543655396,0.1973198801279068,0.08541222661733627,0.23363785445690155,0.19467364251613617,0.08248723298311234,0.22058214247226715,0.18410548567771912
Yo,0.0,0.0,0.0,0.04680125042796135,-0.6469904184341431,0.0751904770731926,0.24872465431690216,-1.0165742635726929,0.11762182414531708,0.4515973925590515,-1.042383074760437,0.14580409228801727,0.5772584080696106,-0.8959096074104309,0.16612863540649414,0.5447494983673096,-1.0584299564361572,0.062317878007888794,0.7874239683151245,-1.281014323234558,0.12533141672611237,0.911749005317688,-1.4023544788360596,0.1611946076154709,1.0059292316436768,-1.4931005239486694,0.17315369844436646,0.6718493700027466,-0.7345246076583862,0.03651092201471329,0.7017748951911926,-0.8238155245780945,0.12138458341360092,0.5877937078475952,-0.7739752531051636,0.15364257991313934,0.5115088820457458,-0.6882709264755249,0.1580217182636261,0.714234471321106,-0.37456709146499634,0.024799983948469162,0.7104935646057129,-0.5306011438369751,0.09125009924173355,0.6067899465560913,-0.5083037614822388,0.11531998962163925,0.5257705450057983,-0.43211880326271057,0.11378957331180573,0.7217206358909607,-0.06441111862659454,0.020333927124738693,0.7727721333503723,-0.22830621898174286,0.0845566838979721,0.7043597102165222,-0.2329293042421341,0.1359211802482605,0.6277897357940674,-0.16982968151569366,0.16829727590084076,0.0,0.0,0.0,0.035525694489479065,0.03018779866397381,0.028485212475061417,0.08846644312143326,0.06486711651086807,0.045701928436756134,0.1298598349094391,0.0676904171705246,0.05816271901130676,0.15610024333000183,0.07676642388105392,0.06988973170518875,0.04053528979420662,0.018751969560980797,0.0658344253897667,0.11540132761001587,0.060660604387521744,0.1037827655673027,0.17111171782016754,0.11199354380369186,0.12075433135032654,0.220183327794075,0.15984749794006348,0.12987791001796722,0.04418439418077469,0.04607021436095238,0.06069934368133545,0.12351696938276291,0.05277756601572037,0.09827503561973572,0.11546032875776291,0.0646701455116272,0.0939897894859314,0.10322606563568115,0.056856751441955566,0.0851866602897644,0.058363743126392365,0.06298454850912094,0.05803139507770538,0.13022281229496002,0.04420660063624382,0.08917832374572754,0.12324768304824829,0.0541156642138958,0.07379740476608276,0.11052287369966507,0.043110672384500504,0.05659935995936394,0.07477493584156036,0.0832473412156105,0.058247197419404984,0.1529512256383896,0.05332450941205025,0.07971140742301941,0.15334215760231018,0.05077050253748894,0.07281471788883209,0.1438107043504715,0.052230555564165115,0.06466934829950333
Yo,0.0,0.0,0.0,0.08372240513563156,-0.6100858449935913,0.0752505362033844,0.31311631202697754,-0.9451723098754883,0.1280490756034851,0.5233575701713562,-0.9481655955314636,0.16611942648887634,0.6530250906944275,-0.8064419627189636,0.19862279295921326,0.6026983261108398,-1.0018222332000732,0.09447714686393738,0.8531123995780945,-1.2330336570739746,0.16154064238071442,0.9774124026298523,-1.357859492301941,0.1983044147491455,1.071703314781189,-1.4490580558776855,0.21248170733451843,0.7149558663368225,-0.6881802082061768,0.0692424476146698,0.7672122716903687,-0.7924384474754333,0.14892718195915222,0.6504462957382202,-0.7484773397445679,0.1721649020910263,0.5637391805648804,-0.6689784526824951,0.1749519407749176,0.745771050453186,-0.34737399220466614,0.05555194616317749,0.7729149460792542,-0.5060742497444153,0.11768405139446259,0.6653183102607727,-0.48465341329574585,0.13336274027824402,0.5786111950874329,-0.4171428084373474,0.12984009087085724,0.7446070313453674,-0.050921015441417694,0.04891602322459221,0.8242121934890747,-0.20831353962421417,0.11343061923980713,0.7722941637039185,-0.22936300933361053,0.15946578979492188,0.7066904306411743,-0.18806006014347076,0.18849459290504456,0.0,0.0,0.0,0.06943074613809586,0.14019371569156647,0.059833455830812454,0.11596347391605377,0.20861579477787018,0.09296727180480957,0.15570741891860962,0.21125492453575134,0.11819855868816376,0.18707291781902313,0.16613441705703735,0.13893498480319977,0.04829980805516243,0.08955605328083038,0.09313471615314484,0.12144004553556442,0.08520395308732986,0.15133757889270782,0.1808624267578125,0.11890815943479538,0.1806282103061676,0.2401181310415268,0.16100327670574188,0.19643180072307587,0.0414896123111248,0.04301075264811516,0.08294737339019775,0.13552728295326233,0.0647994726896286,0.14390060305595398,0.13245907425880432,0.07611654698848724,0.14810000360012054,0.1187337189912796,0.06927298754453659,0.14026711881160736,0.05809713900089264,0.0961136668920517,0.08080285787582397,0.14836955070495605,0.09250201284885406,0.13408276438713074,0.14373552799224854,0.08468449860811234,0.12089890986680984,0.13074828684329987,0.07528750598430634,0.09984847158193588,0.07747124135494232,0.17627295851707458,0.08570446819067001,0.16356287896633148,0.19726406037807465,0.12497008591890335,0.17951449751853943,0.219194233417511,0.12457185238599777,0.19057220220565796,0.250720739364624,0.11781907826662064
Yo,0.0,0.0,0.0,0.06937970966100693,-0.6133014559745789,0.11449278891086578,0.2809317708015442,-0.9955469369888306,0.2089013308286667,0.47245484590530396,-1.0388100147247314,0.2940375506877899,0.5948745608329773,-0.8910199403762817,0.37255626916885376,0.5678133368492126,-1.0249429941177368,0.12682318687438965,0.8299948573112488,-1.315186858177185,0.2401551753282547,0.949906051158905,-1.460733413696289,0.3091910481452942,1.05266273021698,-1.5692774057388306,0.34380775690078735,0.6842802166938782,-0.7080791592597961,0.11641788482666016,0.7435961961746216,-0.9140357971191406,0.2634485065937042,0.6095579862594604,-0.8934139013290405,0.32400432229042053,0.5207584500312805,-0.7979681491851807,0.3412047028541565,0.7260276079177856,-0.37825560569763184,0.12250075489282608,0.7599509954452515,-0.6236176490783691,0.24008476734161377,0.6345500946044922,-0.6199679374694824,0.2599733769893646,0.546026349067688,-0.5330134630203247,0.24724586308002472,0.7431837320327759,-0.10355113446712494,0.14148898422718048,0.8442744016647339,-0.33251670002937317,0.23902761936187744,0.780792772769928,-0.35969820618629456,0.28460440039634705,0.7037245631217957,-0.29170316457748413,0.30599597096443176,0.0,0.0,0.0,0.04270713031291962,0.10509997606277466,0.051152218133211136,0.08175240457057953,0.16858600080013275,0.0927572250366211,0.11536966264247894,0.17140129208564758,0.13240164518356323,0.13150088489055634,0.13458435237407684,0.1723872423171997,0.04485202208161354,0.10339725017547607,0.1165255680680275,0.09907456487417221,0.13505679368972778,0.17946596443653107,0.14720475673675537,0.1777172088623047,0.2035658061504364,0.18611998856067657,0.2121712863445282,0.21569882333278656,0.04402679577469826,0.03735252097249031,0.11618010699748993,0.11040319502353668,0.06218451261520386,0.18118755519390106,0.11119747161865234,0.0681152194738388,0.17950379848480225,0.10299339145421982,0.05793503671884537,0.1703769415616989,0.05807962641119957,0.07530073076486588,0.12120244652032852,0.11962394416332245,0.07242945581674576,0.17973746359348297,0.12346106767654419,0.07197453826665878,0.15948757529258728,0.11464034765958786,0.06680844724178314,0.1343972086906433,0.06936518102884293,0.15778382122516632,0.13214072585105896,0.13496629893779755,0.17534206807613373,0.1723862886428833,0.1473802626132965,0.20501720905303955,0.16262494027614594,0.15639834105968475,0.24656669795513153,0.14825297892093658
Yo,0.0,0.0,0.0,0.03263542801141739,-0.5965317487716675,0.09902329742908478,0.21644063293933868,-0.9756719470024109,0.1762808859348297,0.3844788074493408,-1.0432493686676025,0.24171182513237,0.48837074637413025,-0.928155243396759,0.3010633885860443,0.5014703273773193,-1.0563443899154663,0.11098892986774445,0.7365126609802246,-1.3185358047485352,0.2054111659526825,0.8542335629463196,-1.4602895975112915,0.2642645239830017,0.9457372426986694,-1.5593007802963257,0.2930920124053955,0.6325028538703918,-0.7653447389602661,0.09629188477993011,0.6744970083236694,-0.897758960723877,0.21750394999980927,0.5649577379226685,-0.8647505044937134,0.26649776101112366,0.48775386810302734,-0.7799071669578552,0.2797885537147522,0.6857285499572754,-0.435554563999176,0.09575335681438446,0.6954888701438904,-0.6107710003852844,0.19389155507087708,0.5959683656692505,-0.5985292196273804,0.20956888794898987,0.514427900314331,-0.5172697305679321,0.197483628988266,0.7085260152816772,-0.15582486987113953,0.10520025342702866,0.7671259641647339,-0.3149816393852234,0.18799598515033722,0.7085065841674805,-0.32770538330078125,0.22434163093566895,0.6320807933807373,-0.2605520784854889,0.24176347255706787,0.0,0.0,0.0,0.022656291723251343,0.027941275388002396,0.039391178637742996,0.051601942628622055,0.060755517333745956,0.06415964663028717,0.08070071786642075,0.07311142981052399,0.0846027061343193,0.09865770488977432,0.06952809542417526,0.10523826628923416,0.01824096404016018,0.021333353593945503,0.07444208115339279,0.07649948447942734,0.07626494020223618,0.10847891867160797,0.11032181978225708,0.10951217263936996,0.12256428599357605,0.1388445496559143,0.13837435841560364,0.12935630977153778,0.020984040573239326,0.0134814428165555,0.06552363932132721,0.07984207570552826,0.07619255036115646,0.10021772980690002,0.07627461105585098,0.08650485426187515,0.10025905817747116,0.06775058060884476,0.0767383873462677,0.09610447287559509,0.030868852511048317,0.02243548259139061,0.06029730290174484,0.08690529316663742,0.07084565609693527,0.09037770330905914,0.08300070464611053,0.08093952387571335,0.08110073208808899,0.07474856823682785,0.06842043995857239,0.06957631558179855,0.04013434797525406,0.04272904619574547,0.06042945384979248,0.114114910364151,0.058061420917510986,0.08238182216882706,0.1272600293159485,0.06768772006034851,0.08086158335208893,0.12821699678897858,0.06713750213384628,0.07679722458124161
Yo,0.0,0.0,0.0,0.0024878880940377712,-0.5770987868309021,0.06808088719844818,0.16518326103687286,-0.956633448600769,0.11834774166345596,0.3372991383075714,-1.0346770286560059,0.15743118524551392,0.44963377714157104,-0.9332062602043152,0.19067876040935516,0.43626293540000916,-1.0746181011199951,0.07192723453044891,0.6521815061569214,-1.3475786447525024,0.13760824501514435,0.7689838409423828,-1.4970786571502686,0.1763620674610138,0.8608586192131042,-1.603070855140686,0.19216732680797577,0.5728561282157898,-0.8135099411010742,0.05668157339096069,0.5953296422958374,-0.9390552639961243,0.1406591385602951,0.49417662620544434,-0.8903962969779968,0.1735946238040924,0.4288482069969177,-0.7976557016372681,0.18074537813663483,0.6350389122962952,-0.509239912033081,0.05285818502306938,0.6290251612663269,-0.6705776453018188,0.11783800274133682,0.5363174080848694,-0.6415407657623291,0.13286657631397247,0.4646541476249695,-0.5494393110275269,0.12719862163066864,0.6665961742401123,-0.24692563712596893,0.05555351451039314,0.7083210349082947,-0.3984026312828064,0.11492111533880234,0.6492353677749634,-0.3941105008125305,0.1507113128900528,0.5811165571212769,-0.31579574942588806,0.1722463220357895,0.0,0.0,0.0,0.03062381036579609,0.03976184129714966,0.03619058430194855,0.06413636356592178,0.08310385048389435,0.059474390000104904,0.08790470659732819,0.08570529520511627,0.07911966741085052,0.09926516562700272,0.06463239341974258,0.09826939553022385,0.03679627552628517,0.021827246993780136,0.06976112723350525,0.09079843759536743,0.07369352877140045,0.10733284056186676,0.1197972372174263,0.11371657252311707,0.12729227542877197,0.14423440396785736,0.14682637155056,0.1401115357875824,0.03997665271162987,0.02810370922088623,0.0666084736585617,0.0951652079820633,0.06303511559963226,0.10492739826440811,0.08984147012233734,0.07818406075239182,0.10702832788228989,0.07878948748111725,0.0709255263209343,0.10467281192541122,0.04733683541417122,0.03478008881211281,0.06742385774850845,0.10123373568058014,0.05367878079414368,0.10323474556207657,0.09695404022932053,0.07081874459981918,0.09277482330799103,0.08721510320901871,0.061814114451408386,0.07929275184869766,0.05149432271718979,0.050071779638528824,0.07284170389175415,0.11533515155315399,0.03459238260984421,0.10240314155817032,0.12473716586828232,0.05346295237541199,0.09790819138288498,0.12004586309194565,0.059215039014816284,0.08920785039663315
Yo,0.0,0.0,0.0,0.027467364445328712,-0.6165686845779419,0.08412521332502365,0.21267728507518768,-1.0108559131622314,0.16347719728946686,0.3952361047267914,-1.0599921941757202,0.23684458434581757,0.5139924883842468,-0.927096962928772,0.3048322796821594,0.496757447719574,-1.0628525018692017,0.09510583430528641,0.7441701292991638,-1.387454867362976,0.18426232039928436,0.8721647262573242,-1.5659363269805908,0.23814451694488525,0.978534996509552,-1.6938230991363525,0.2642532289028168,0.6308822631835938,-0.7624462246894836,0.093361496925354,0.6775178909301758,-0.9580413103103638,0.21875004470348358,0.5591431856155396,-0.9266763925552368,0.2778893709182739,0.4847639501094818,-0.8257386088371277,0.2986767292022705,0.6850331425666809,-0.4350047707557678,0.10395067930221558,0.7048565149307251,-0.6672743558883667,0.20569312572479248,0.594713568687439,-0.6578179597854614,0.23092198371887207,0.5182589888572693,-0.5648653507232666,0.22628481686115265,0.7036102414131165,-0.155007004737854,0.12303521484136581,0.7767820358276367,-0.35487332940101624,0.20822755992412567,0.7151528000831604,-0.3819234371185303,0.2512432634830475,0.6395142078399658,-0.3079848885536194,0.27386778593063354,0.0,0.0,0.0,0.04530925303697586,0.033553458750247955,0.04029572382569313,0.10198803246021271,0.04137616977095604,0.06751108169555664,0.1378982812166214,0.05540412664413452,0.09380210936069489,0.15900419652462006,0.05207788571715355,0.12003125995397568,0.05151879042387009,0.02116832137107849,0.08775192499160767,0.12827615439891815,0.05921151489019394,0.14448828995227814,0.17029237747192383,0.09098518639802933,0.16783322393894196,0.20635655522346497,0.11169371753931046,0.1772972196340561,0.055021271109580994,0.037836797535419464,0.08653236925601959,0.13455989956855774,0.06029422953724861,0.1441325843334198,0.13244861364364624,0.07948357611894608,0.15084649622440338,0.11996657401323318,0.07438300549983978,0.14842970669269562,0.0657743513584137,0.049781933426856995,0.08951164036989212,0.14280208945274353,0.043440062552690506,0.1382698267698288,0.14024627208709717,0.059760093688964844,0.12766361236572266,0.13004380464553833,0.0544792003929615,0.11160875856876373,0.0690833330154419,0.07217887043952942,0.09765992313623428,0.15581119060516357,0.05175809934735298,0.12779511511325836,0.1674458384513855,0.04551698639988899,0.12263087928295135,0.1583968549966812,0.055186957120895386,0.1132274940609932
Yo,0.0,0.0,0.0,0.03614187613129616,-0.6588007211685181,0.05527815967798233,0.24800094962120056,-1.0690613985061646,0.11563915014266968,0.44242724776268005,-1.1259915828704834,0.17347224056720734,0.5753547549247742,-1.0075201988220215,0.2276085913181305,0.5805419683456421,-1.0284063816070557,0.05911274626851082,0.8617989420890808,-1.3382354974746704,0.1378716677427292,1.0082896947860718,-1.5061384439468384,0.18727624416351318,1.1292824745178223,-1.6286529302597046,0.20887653529644012,0.7074570655822754,-0.6777689456939697,0.060255907475948334,0.7701789140701294,-0.9432409405708313,0.16320446133613586,0.641030490398407,-0.9322038888931274,0.21116559207439423,0.5529113411903381,-0.8267264366149902,0.22601917386054993,0.7526928186416626,-0.32618826627731323,0.07267209887504578,0.786027193069458,-0.6297844052314758,0.15262703597545624,0.6655543446540833,-0.6321796178817749,0.17298606038093567,0.5777378082275391,-0.5358133316040039,0.16788829863071442,0.7650178074836731,-0.03375516086816788,0.09167759120464325,0.8575359582901001,-0.2751568555831909,0.1572587788105011,0.7937445640563965,-0.31387093663215637,0.19562549889087677,0.7142332792282104,-0.24592408537864685,0.21802043914794922,0.0,0.0,0.0,0.04047686979174614,0.054671432822942734,0.054839059710502625,0.09287842363119125,0.12397166341543198,0.08994907140731812,0.13830243051052094,0.16728566586971283,0.11534855514764786,0.16835470497608185,0.15906278789043427,0.1373136341571808,0.08492814749479294,0.05825423821806908,0.1295740008354187,0.1907285451889038,0.0854693055152893,0.18825116753578186,0.24323593080043793,0.1531953662633896,0.20931576192378998,0.2888590395450592,0.20587268471717834,0.21911951899528503,0.09944053739309311,0.11188925802707672,0.11872415989637375,0.1681574583053589,0.09039444476366043,0.1772979348897934,0.14999058842658997,0.10740440338850021,0.17411136627197266,0.13569563627243042,0.08319884538650513,0.1648106873035431,0.11530637741088867,0.12569493055343628,0.10969384759664536,0.17287515103816986,0.06695576757192612,0.15795989334583282,0.1578458547592163,0.08624397963285446,0.13964341580867767,0.14496296644210815,0.0680522695183754,0.1182670071721077,0.12169068306684494,0.13139568269252777,0.10498308390378952,0.19479426741600037,0.04238763079047203,0.13718897104263306,0.19374749064445496,0.0485989972949028,0.12680554389953613,0.17995576560497284,0.05175481364130974,0.11258785426616669
Yo,0.0,0.0,0.0,0.013883503153920174,-0.6863915920257568,0.007804408669471741,0.2129099816083908,-1.1238373517990112,0.012797501869499683,0.4287108778953552,-1.1857472658157349,0.013548816554248333,0.5585827827453613,-1.0753870010375977,0.010500779375433922,0.5886186957359314,-1.0389001369476318,0.0006603769725188613,0.7610165476799011,-1.2935221195220947,0.013296703808009624,0.8326438665390015,-1.4352684020996094,0.00042484700679779053,0.8893030285835266,-1.5314650535583496,-0.022216293960809708,0.700977087020874,-0.6981401443481445,-0.01296059601008892,0.6686292886734009,-0.8140058517456055,0.012847468256950378,0.5435166358947754,-0.765155553817749,0.010271790437400341,0.4684793949127197,-0.6717990636825562,-0.004021535627543926,0.7171238660812378,-0.35065504908561707,-0.020419931039214134,0.6733484864234924,-0.5178135633468628,7.629841275047511e-05,0.5637648701667786,-0.5091522336006165,0.016530554741621017,0.4855797290802002,-0.4388626217842102,0.014558903872966766,0.6926513314247131,-0.05340651422739029,-0.02799903228878975,0.6677128672599792,-0.2246209681034088,0.0009812370408326387,0.5736953020095825,-0.23787781596183777,0.04248391464352608,0.49834537506103516,-0.17961065471172333,0.07081165909767151,0.0,0.0,0.0,0.0490039587020874,0.06849730759859085,0.05283631384372711,0.08212753385305405,0.1089259460568428,0.09804192185401917,0.0996045246720314,0.11505011469125748,0.13735030591487885,0.10745109617710114,0.1568157821893692,0.1744503378868103,0.06106920167803764,0.0597774013876915,0.11021026223897934,0.11264418065547943,0.0836518332362175,0.17727188766002655,0.19841420650482178,0.165184885263443,0.22051388025283813,0.26774829626083374,0.24269093573093414,0.24916942417621613,0.06200584024190903,0.06794911623001099,0.11225683242082596,0.08089055120944977,0.08195363730192184,0.18136988580226898,0.07818692922592163,0.10287318378686905,0.19706156849861145,0.066268190741539,0.09002603590488434,0.2004309743642807,0.0626995787024498,0.08509993553161621,0.11863943934440613,0.07595961540937424,0.10898835211992264,0.17613418400287628,0.07454194873571396,0.1226484626531601,0.1672210395336151,0.06796829402446747,0.10930262506008148,0.15181507170200348,0.06039746105670929,0.1083415225148201,0.13142582774162292,0.08022396266460419,0.13931326568126678,0.1791134625673294,0.07531183958053589,0.14796863496303558,0.18095552921295166,0.06713882088661194,0.13757635653018951,0.17428706586360931
Yo,0.0,0.0,0.0,-0.03280593082308769,-0.6588518023490906,0.07159758359193802,0.11240296065807343,-1.0603641271591187,0.134736105799675,0.28145477175712585,-1.1187026500701904,0.19333522021770477,0.38854286074638367,-1.008978247642517,0.24791574478149414,0.5308144688606262,-1.0954113006591797,0.11765003204345703,0.6714834570884705,-1.3069241046905518,0.2334377020597458,0.6971240043640137,-1.3739744424819946,0.2892170548439026,0.7050583958625793,-1.400962471961975,0.3095363676548004,0.6555203199386597,-0.7389630675315857,0.11631021648645401,0.6083170175552368,-0.8280693292617798,0.26253706216812134,0.4929003119468689,-0.7797864675521851,0.29955029487609863,0.42266955971717834,-0.6907473802566528,0.29475805163383484,0.6764212846755981,-0.3797502815723419,0.12770971655845642,0.6111133694648743,-0.5053683519363403,0.24843871593475342,0.5115875601768494,-0.4963156580924988,0.25661349296569824,0.44093403220176697,-0.42910870909690857,0.2281339466571808,0.6663196086883545,-0.07643447816371918,0.1459175944328308,0.6113461256027222,-0.2143571823835373,0.2393818348646164,0.5255350470542908,-0.22450634837150574,0.2717213034629822,0.45670515298843384,-0.17757701873779297,0.27948886156082153,0.0,0.0,0.0,0.045599982142448425,0.024626338854432106,0.06392852216959,0.08417358249425888,0.047105610370635986,0.10845775902271271,0.11875538527965546,0.06783782690763474,0.14709681272506714,0.13744178414344788,0.13993090391159058,0.18142633140087128,0.051182642579078674,0.054425422102212906,0.0778181403875351,0.10931012779474258,0.04851017892360687,0.13977153599262238,0.1740814447402954,0.12000344693660736,0.1821955144405365,0.22797198593616486,0.19130341708660126,0.20771773159503937,0.049169544130563736,0.04870085045695305,0.07687124609947205,0.04939242824912071,0.06282347440719604,0.14659006893634796,0.04530046507716179,0.08225809782743454,0.17724138498306274,0.045115724205970764,0.08359619230031967,0.18776749074459076,0.044470589607954025,0.04255368933081627,0.08330225944519043,0.03487023338675499,0.06393693387508392,0.14919514954090118,0.03419118374586105,0.08009664714336395,0.1547427624464035,0.03372522071003914,0.08160815387964249,0.14389033615589142,0.040852997452020645,0.04506329447031021,0.09637615084648132,0.04626711085438728,0.08335946500301361,0.14655491709709167,0.04966104403138161,0.09885364770889282,0.1532769650220871,0.04728946089744568,0.09943687170743942,0.14809969067573547
Yo,0.0,0.0,0.0,0.1532580554485321,-0.6253842115402222,0.08919303119182587,0.4271722733974457,-0.9202200174331665,0.17559340596199036,0.6394004225730896,-0.8736664056777954,0.2528820037841797,0.7434388399124146,-0.6878467798233032,0.3243679702281952,0.7583896517753601,-0.8515890836715698,0.1511709839105606,1.0205769538879395,-1.0137192010879517,0.2919653356075287,1.1316239833831787,-1.0842912197113037,0.370645672082901,1.2223351001739502,-1.1256715059280396,0.4058157503604889,0.8389431238174438,-0.48872771859169006,0.14752471446990967,0.8792517781257629,-0.6087510585784912,0.3083551526069641,0.7554958462715149,-0.6193450689315796,0.3500134348869324,0.6628527045249939,-0.5522319674491882,0.35130801796913147,0.8245989680290222,-0.1306219846010208,0.15988728404045105,0.8463979959487915,-0.3121400773525238,0.2914350628852844,0.734298586845398,-0.3426406979560852,0.2978064715862274,0.6402424573898315,-0.2924807071685791,0.271511971950531,0.783756673336029,0.1629633754491806,0.18121178448200226,0.856400191783905,0.019414037466049194,0.28917691111564636,0.7955392599105835,-0.02334805391728878,0.33043718338012695,0.7078953385353088,0.009042784571647644,0.3473525047302246,0.0,0.0,0.0,0.08639318495988846,0.21792899072170258,0.05454524978995323,0.14667052030563354,0.29944977164268494,0.08474138379096985,0.17816874384880066,0.3000616133213043,0.10992730408906937,0.18315716087818146,0.2618972957134247,0.13595698773860931,0.07769589871168137,0.11182136088609695,0.10963905602693558,0.17455598711967468,0.09533669799566269,0.16266557574272156,0.23931869864463806,0.08332446217536926,0.18799985945224762,0.2981525659561157,0.08375491946935654,0.20281913876533508,0.08601303398609161,0.13319486379623413,0.10206439346075058,0.1490970104932785,0.05809209123253822,0.15461356937885284,0.1394033133983612,0.10442714393138885,0.15672573447227478,0.1292451024055481,0.11469316482543945,0.1521865278482437,0.10239701718091965,0.19658325612545013,0.09881523996591568,0.149344801902771,0.07430458813905716,0.14582830667495728,0.14150471985340118,0.055735185742378235,0.13632650673389435,0.12439482659101486,0.05700316280126572,0.12150271981954575,0.11158668994903564,0.2523706257343292,0.10121976584196091,0.18251612782478333,0.19802500307559967,0.13429556787014008,0.19733980298042297,0.1533324122428894,0.13164547085762024,0.18739786744117737,0.14270809292793274,0.1238500252366066
Yo,0.0,0.0,0.0,0.06295696645975113,-0.785953164100647,0.04053457826375961,0.28850996494293213,-1.2010422945022583,0.07885812222957611,0.519679069519043,-1.1644419431686401,0.11161984503269196,0.6390765905380249,-0.9674562215805054,0.13869956135749817,0.7242943644523621,-0.9674541354179382,0.08513206988573074,0.9311388731002808,-1.1876436471939087,0.17071591317653656,1.0092583894729614,-1.3049004077911377,0.2013094425201416,1.0778125524520874,-1.3755981922149658,0.2013896405696869,0.8250230550765991,-0.5478571653366089,0.08115176856517792,0.8417161703109741,-0.7425776720046997,0.1856774389743805,0.7110470533370972,-0.7463711500167847,0.2068115919828415,0.6255627870559692,-0.6563495993614197,0.19796252250671387,0.8152734637260437,-0.16412195563316345,0.08708585798740387,0.8158690333366394,-0.402412086725235,0.17106863856315613,0.7012704610824585,-0.44143539667129517,0.18310263752937317,0.6135345101356506,-0.3779532015323639,0.16679862141609192,0.7700334787368774,0.15365058183670044,0.09678594022989273,0.79352867603302,-0.07216934114694595,0.17555029690265656,0.7045104503631592,-0.12574021518230438,0.22115711867809296,0.6192747354507446,-0.07723788172006607,0.2435837686061859,0.0,0.0,0.0,0.06883343309164047,0.03880986571311951,0.04541005194187164,0.11163946241140366,0.08343241363763809,0.07557500153779984,0.12167096138000488,0.12312854081392288,0.10015733540058136,0.1301937997341156,0.1801743507385254,0.1231287494301796,0.04891813173890114,0.07494721561670303,0.07811304181814194,0.11449407041072845,0.11201003193855286,0.13107828795909882,0.1973738968372345,0.14651842415332794,0.16449502110481262,0.2570279836654663,0.20295193791389465,0.18531331419944763,0.040030401200056076,0.06767580658197403,0.08013343065977097,0.0728306844830513,0.0872567892074585,0.14241714775562286,0.07505450397729874,0.08616070449352264,0.1570921093225479,0.0678359642624855,0.07125835120677948,0.15565049648284912,0.039007674902677536,0.06507761776447296,0.08770822733640671,0.06981445103883743,0.0851677730679512,0.1407855898141861,0.0717456042766571,0.08811245858669281,0.13903926312923431,0.06589249521493912,0.07448844611644745,0.12472841143608093,0.04254498332738876,0.06476391851902008,0.10066825896501541,0.08194936066865921,0.10361547768115997,0.1416589915752411,0.08734538406133652,0.10048763453960419,0.14672447741031647,0.08068888634443283,0.09024287015199661,0.1415644735097885
Yo,0.0,0.0,0.0,0.21009905636310577,-0.554637610912323,0.06773141026496887,0.5347406268119812,-0.8925711512565613,0.14597706496715546,0.7662129998207092,-0.8704354166984558,0.22252900898456573,0.8557472229003906,-0.639535129070282,0.29449042677879333,0.8434567451477051,-0.7401531934738159,0.09176258742809296,1.1762595176696777,-0.9311830401420593,0.2030489444732666,1.336283802986145,-1.0513323545455933,0.2678076922893524,1.4739127159118652,-1.1277110576629639,0.29657110571861267,0.8988849520683289,-0.3820815682411194,0.0998835414648056,0.9390524625778198,-0.5988298058509827,0.2314811646938324,0.7912307977676392,-0.6346191167831421,0.274737149477005,0.6875360012054443,-0.569076418876648,0.28353351354599,0.8644229173660278,-0.062458138912916183,0.12344060838222504,0.8950397372245789,-0.32098180055618286,0.2316397875547409,0.763556718826294,-0.3676906228065491,0.23637719452381134,0.6583960652351379,-0.3213006854057312,0.2162371575832367,0.8126779794692993,0.1851375848054886,0.15547259151935577,0.9009773135185242,-0.007665963377803564,0.25377437472343445,0.8286606073379517,-0.05035275220870972,0.2948952317237854,0.7286856770515442,-0.00900204386562109,0.31497085094451904,0.0,0.0,0.0,0.05482177436351776,0.26930442452430725,0.039888158440589905,0.05232619121670723,0.36109402775764465,0.08120746165513992,0.03610224649310112,0.2993650734424591,0.12470421195030212,0.04216579720377922,0.17842140793800354,0.16709285974502563,0.05446232482790947,0.09026005119085312,0.06446701288223267,0.09509452432394028,0.07589662820100784,0.1233934834599495,0.10884250700473785,0.08876927942037582,0.1641254425048828,0.12375058978796005,0.10966242104768753,0.18979290127754211,0.09457667917013168,0.14813829958438873,0.07178409397602081,0.05545990541577339,0.08285357803106308,0.14302566647529602,0.041692279279232025,0.10203099250793457,0.16552706062793732,0.042465899139642715,0.1129687950015068,0.1727110743522644,0.12100458890199661,0.2860267162322998,0.08649463951587677,0.07908470928668976,0.1566159874200821,0.1439976692199707,0.05936422571539879,0.10343325138092041,0.13042661547660828,0.05450578033924103,0.09556577354669571,0.111974336206913,0.142971009016037,0.38666465878486633,0.1080642119050026,0.1270717829465866,0.2907356917858124,0.14844144880771637,0.1169823482632637,0.23372404277324677,0.14588871598243713,0.11116059869527817,0.2269258201122284,0.1390152871608734
Yo,0.0,0.0,0.0,0.09144249558448792,-0.7456949949264526,0.02862783707678318,0.34327179193496704,-1.1265723705291748,0.05342479795217514,0.5359742045402527,-1.0880107879638672,0.07304419577121735,0.6083454489707947,-0.8487716913223267,0.08903031051158905,0.8244727253913879,-0.8811526298522949,0.03685491159558296,1.0246695280075073,-1.0109971761703491,0.09245365858078003,1.049081563949585,-1.035348892211914,0.1121748685836792,1.0627861022949219,-1.0285061597824097,0.1119994968175888,0.9044895172119141,-0.40777549147605896,0.029705936089158058,0.8893057107925415,-0.5665364861488342,0.11712459474802017,0.7402502298355103,-0.5881463289260864,0.13738246262073517,0.6377676725387573,-0.5163629651069641,0.1291228085756302,0.8758043050765991,0.013459503650665283,0.032565075904130936,0.8473513722419739,-0.1894754320383072,0.10126805305480957,0.7206243276596069,-0.245883509516716,0.11223280429840088,0.6123316287994385,-0.20145626366138458,0.09816518425941467,0.8104578256607056,0.344209223985672,0.03798290342092514,0.8128600120544434,0.17069759964942932,0.09882766753435135,0.7153984904289246,0.1064177006483078,0.1412535458803177,0.6191543340682983,0.13284388184547424,0.16712619364261627,0.0,0.0,0.0,0.092185840010643,0.0632466971874237,0.04518623277544975,0.17169985175132751,0.10074986517429352,0.0859362781047821,0.2377866804599762,0.10487645864486694,0.12071746587753296,0.26958316564559937,0.12906518578529358,0.15319688618183136,0.0411270409822464,0.10416726768016815,0.08992042392492294,0.18691076338291168,0.07230336219072342,0.13216552138328552,0.33619073033332825,0.08712998032569885,0.15853074193000793,0.4582664966583252,0.14113099873065948,0.17523139715194702,0.03593245893716812,0.07797089219093323,0.08581848442554474,0.08776751160621643,0.05656985938549042,0.11991409957408905,0.08266045898199081,0.0931943729519844,0.12171994894742966,0.08097151666879654,0.09706573933362961,0.12347476184368134,0.04400896653532982,0.07099033892154694,0.08442791551351547,0.09673818945884705,0.10255440324544907,0.11564527451992035,0.09634819626808167,0.1200013980269432,0.10988692194223404,0.09375781565904617,0.11607286334037781,0.1042528748512268,0.06117210537195206,0.09750960022211075,0.08743215352296829,0.12977808713912964,0.1468624621629715,0.11374972760677338,0.1356838196516037,0.15588180720806122,0.11437638849020004,0.12612059712409973,0.14819476008415222,0.11185523122549057
Yo,0.0,0.0,0.0,0.0009306082502007484,-0.6027191281318665,0.0803077295422554,0.1707601696252823,-0.9503338932991028,0.13912758231163025,0.34396305680274963,-0.9870568513870239,0.18481945991516113,0.45459046959877014,-0.869179368019104,0.22299110889434814,0.515724241733551,-1.0637837648391724,0.10784701257944107,0.7244390249252319,-1.2640368938446045,0.19271761178970337,0.8385485410690308,-1.364578366279602,0.23610110580921173,0.9275433421134949,-1.4300987720489502,0.2520262598991394,0.6435391306877136,-0.7589928507804871,0.0905723050236702,0.6411595344543457,-0.8199371099472046,0.1971404105424881,0.5281468629837036,-0.7782583236694336,0.22971341013908386,0.4529641568660736,-0.704192578792572,0.2328084409236908,0.6815499067306519,-0.4141954779624939,0.08504939824342728,0.6439169645309448,-0.5266784429550171,0.16627082228660583,0.5395671129226685,-0.5038025379180908,0.1747656762599945,0.46165069937705994,-0.43515539169311523,0.16079434752464294,0.6847909688949585,-0.12368389219045639,0.0869608074426651,0.6841357946395874,-0.23833484947681427,0.1578449159860611,0.607774019241333,-0.22956010699272156,0.19206503033638,0.5294886231422424,-0.16518819332122803,0.21009168028831482,0.0,0.0,0.0,0.041695814579725266,0.01868160255253315,0.027642708271741867,0.07206656783819199,0.019042184576392174,0.04773390293121338,0.08032926172018051,0.028989840298891068,0.06586940586566925,0.08650971204042435,0.03835555166006088,0.08429345488548279,0.022451873868703842,0.018458353355526924,0.03518258035182953,0.05610732361674309,0.023931005969643593,0.056044138967990875,0.0743841826915741,0.03620772063732147,0.07111036777496338,0.0956789031624794,0.052935343235731125,0.08169925212860107,0.015851829200983047,0.01384818647056818,0.03377576544880867,0.0301992055028677,0.0492134615778923,0.05689104646444321,0.02737383171916008,0.06557753682136536,0.06666074693202972,0.029167575761675835,0.06480418145656586,0.07136478275060654,0.016733547672629356,0.013314077630639076,0.03476672247052193,0.03969736024737358,0.0583309642970562,0.05620274320244789,0.03684878349304199,0.06551045179367065,0.05796750634908676,0.03849418833851814,0.05741208791732788,0.0556383915245533,0.021360820159316063,0.02013588510453701,0.038924768567085266,0.07313448190689087,0.05310050770640373,0.05816022679209709,0.07716988772153854,0.0611020028591156,0.06425328552722931,0.07296628504991531,0.05218973383307457,0.0661080926656723
Yo,0.0,0.0,0.0,0.06770031154155731,-0.5969154238700867,0.11014451831579208,0.27985063195228577,-0.8967742919921875,0.18154723942279816,0.4642513394355774,-0.9389715194702148,0.2352873533964157,0.5821490287780762,-0.8329049944877625,0.28130513429641724,0.5705357789993286,-0.9920979738235474,0.13853387534618378,0.7814559936523438,-1.2150928974151611,0.23077628016471863,0.8869320154190063,-1.324974536895752,0.27898257970809937,0.9741092920303345,-1.396111011505127,0.29989615082740784,0.6831494569778442,-0.7157562971115112,0.11099903285503387,0.7009608149528503,-0.8062616586685181,0.23043358325958252,0.5888224840164185,-0.7743707895278931,0.2671690881252289,0.5162361264228821,-0.6980301141738892,0.27178773283958435,0.7115957140922546,-0.4002586901187897,0.09837071597576141,0.704311728477478,-0.5437098741531372,0.19492092728614807,0.5957032442092896,-0.5327577590942383,0.2131350338459015,0.5199018716812134,-0.4675862193107605,0.20292384922504425,0.7046051621437073,-0.1334790587425232,0.09617326408624649,0.7644007205963135,-0.2685120701789856,0.18478068709373474,0.7120463848114014,-0.2914368510246277,0.23286814987659454,0.6521836519241333,-0.2606442868709564,0.2583337426185608,0.0,0.0,0.0,0.068372443318367,0.1476507931947708,0.05107991397380829,0.08354081213474274,0.18246802687644958,0.08125504106283188,0.0809658020734787,0.14080478250980377,0.10468263179063797,0.07415416091680527,0.09627707302570343,0.12645010650157928,0.05883026495575905,0.1626068502664566,0.08421269804239273,0.060043662786483765,0.14157387614250183,0.12521661818027496,0.09208260476589203,0.16725590825080872,0.1437818557024002,0.13079623878002167,0.2018117755651474,0.154704287648201,0.03196034952998161,0.045162640511989594,0.07495266944169998,0.06519526988267899,0.0984744057059288,0.10934235900640488,0.0625610500574112,0.10769999772310257,0.10531352460384369,0.05521644651889801,0.09511371701955795,0.10078784078359604,0.01877330057322979,0.09052080661058426,0.07093458622694016,0.0689394623041153,0.16541481018066406,0.10045552998781204,0.0705491229891777,0.16003374755382538,0.08994553238153458,0.06611267477273941,0.14085514843463898,0.07907441258430481,0.034185972064733505,0.2228536456823349,0.07248866558074951,0.0977349653840065,0.2861955463886261,0.0939563512802124,0.12065555900335312,0.3257942199707031,0.0931246280670166,0.14567184448242188,0.3696199059486389,0.08982779830694199
Yo,0.0,0.0,0.0,0.07390858232975006,-0.6644906997680664,0.07976008951663971,0.30518287420272827,-1.005895972251892,0.13170363008975983,0.5176868438720703,-1.032639980316162,0.17066390812397003,0.6503554582595825,-0.8974684476852417,0.20369315147399902,0.5906013250350952,-1.0294990539550781,0.07515905797481537,0.8301876187324524,-1.300172209739685,0.12983807921409607,0.9400240182876587,-1.4303462505340576,0.1632721722126007,1.029750943183899,-1.518385887145996,0.17742817103862762,0.7095297574996948,-0.6973938345909119,0.05303734540939331,0.7799437046051025,-0.8804950714111328,0.13330130279064178,0.6680761575698853,-0.8553913831710815,0.17105768620967865,0.5891328454017639,-0.7657557725906372,0.18269158899784088,0.7501268982887268,-0.34592291712760925,0.04294611141085625,0.7932435274124146,-0.5709021091461182,0.10400746017694473,0.6868039965629578,-0.5723557472229004,0.13249491155147552,0.6020177602767944,-0.4958478808403015,0.13738584518432617,0.7543684244155884,-0.04499610513448715,0.04082215204834938,0.8395365476608276,-0.24348554015159607,0.10287103801965714,0.7748141884803772,-0.2768954634666443,0.1529994010925293,0.6993454098701477,-0.23452571034431458,0.18517997860908508,0.0,0.0,0.0,0.04307987913489342,0.03521571308374405,0.03279399499297142,0.06245201453566551,0.06378227472305298,0.0572478324174881,0.0806606113910675,0.09744919091463089,0.07686472684144974,0.09535185247659683,0.11245560646057129,0.09493182599544525,0.03234155476093292,0.05093340948224068,0.08618342876434326,0.08931578695774078,0.1117885559797287,0.1190510168671608,0.1599162518978119,0.18560607731342316,0.12723329663276672,0.22078447043895721,0.25399330258369446,0.13108733296394348,0.018220525234937668,0.023809149861335754,0.0806068480014801,0.09424946457147598,0.1257864385843277,0.10959643870592117,0.08889263868331909,0.1422240436077118,0.09815122932195663,0.07784898579120636,0.12706142663955688,0.09045878797769547,0.03197181597352028,0.03404621407389641,0.07461319118738174,0.10394109785556793,0.12793706357479095,0.09715019911527634,0.10113760083913803,0.14056874811649323,0.07956303656101227,0.09414131939411163,0.12193543463945389,0.06649038195610046,0.05501085892319679,0.07329222559928894,0.07069744169712067,0.13095544278621674,0.1371052861213684,0.08861782401800156,0.13764870166778564,0.18059317767620087,0.08156836777925491,0.13826683163642883,0.20960885286331177,0.07398650050163269
Yo,0.0,0.0,0.0,0.07673175632953644,-0.6111262440681458,0.12193174660205841,0.2856697738170624,-0.9321775436401367,0.1999809443950653,0.4749094545841217,-0.9870508313179016,0.26025253534317017,0.6027124524116516,-0.8791502118110657,0.31318217515945435,0.5305193662643433,-1.0335204601287842,0.12546604871749878,0.7701591849327087,-1.3262823820114136,0.20435698330402374,0.8875678181648254,-1.4714199304580688,0.25486716628074646,0.9839736223220825,-1.5783262252807617,0.28159695863723755,0.6539604067802429,-0.7468823790550232,0.09978701174259186,0.7216881513595581,-0.9247030019760132,0.20625877380371094,0.6133126020431519,-0.8911213874816895,0.25742876529693604,0.5363835096359253,-0.8028461337089539,0.2773817181587219,0.7054967284202576,-0.41577377915382385,0.08976533263921738,0.7425602078437805,-0.6296350359916687,0.18114061653614044,0.6367890238761902,-0.620517373085022,0.21590635180473328,0.5591129064559937,-0.5403854250907898,0.2213962972164154,0.7206014394760132,-0.12496830523014069,0.09162861108779907,0.8109520673751831,-0.3076462745666504,0.18180358409881592,0.7442089319229126,-0.3257426619529724,0.23893189430236816,0.6682933568954468,-0.2605430781841278,0.27311256527900696,0.0,0.0,0.0,0.02738696150481701,0.02753167226910591,0.030516132712364197,0.03975316882133484,0.038202811032533646,0.050771187990903854,0.05310165882110596,0.07377540320158005,0.06828147172927856,0.06571979075670242,0.10214924812316895,0.08613181114196777,0.02514893375337124,0.02903081104159355,0.0669383704662323,0.06278838217258453,0.10329273343086243,0.0948559120297432,0.10208699852228165,0.15687574446201324,0.09987321496009827,0.14029252529144287,0.20276762545108795,0.10000424832105637,0.020284153521060944,0.016068780794739723,0.06225257366895676,0.06853297352790833,0.11741968244314194,0.09459953755140305,0.06289453059434891,0.12742817401885986,0.0921400934457779,0.056034479290246964,0.11114005744457245,0.09025224298238754,0.02467079646885395,0.018632033839821815,0.05774058401584625,0.07128265500068665,0.10534845292568207,0.08381770551204681,0.06772708892822266,0.11944414675235748,0.07877194881439209,0.06426571309566498,0.10279552638530731,0.07590850442647934,0.03425063192844391,0.0354352667927742,0.05544396489858627,0.09267507493495941,0.08166999369859695,0.07435078173875809,0.09651827812194824,0.10678569972515106,0.07558491080999374,0.09438345581293106,0.10906092822551727,0.07574035227298737
Yo,0.0,0.0,0.0,0.015300613828003407,-0.5939120054244995,0.10986673831939697,0.18216270208358765,-0.9775740504264832,0.19541530311107635,0.3577505648136139,-1.0613270998001099,0.2717437446117401,0.4771822988986969,-0.9590123891830444,0.34112992882728577,0.4737316071987152,-1.0771043300628662,0.10650914907455444,0.7101720571517944,-1.4027900695800781,0.19866883754730225,0.8258940577507019,-1.5637626647949219,0.2584174573421478,0.9214425086975098,-1.6758140325546265,0.2901052236557007,0.6082959175109863,-0.7786445617675781,0.09750746190547943,0.6698147058486938,-0.9657849073410034,0.22868892550468445,0.5490838289260864,-0.9163148999214172,0.29982078075408936,0.46577364206314087,-0.8101762533187866,0.3295693099498749,0.6679060459136963,-0.4408798813819885,0.10310854017734528,0.6925573348999023,-0.656923234462738,0.20980031788349152,0.5782719850540161,-0.6267700791358948,0.24381089210510254,0.4983882009983063,-0.5267737507820129,0.24508988857269287,0.6930302977561951,-0.15314702689647675,0.12013821303844452,0.7588664889335632,-0.35515350103378296,0.2080366164445877,0.6788597106933594,-0.3580474853515625,0.2548004388809204,0.5963008999824524,-0.26601430773735046,0.2797190248966217,0.0,0.0,0.0,0.04388649761676788,0.042934536933898926,0.03390254080295563,0.09380700439214706,0.0742783322930336,0.059173740446567535,0.12823323905467987,0.110347680747509,0.08000560104846954,0.15119682252407074,0.1014619991183281,0.10015679895877838,0.03464217483997345,0.018772395327687263,0.11346983909606934,0.12140042334794998,0.11288771778345108,0.17606519162654877,0.16531576216220856,0.16448400914669037,0.19840945303440094,0.2073925882577896,0.20683413743972778,0.20530132949352264,0.042342837899923325,0.026269366964697838,0.10815775394439697,0.1354275494813919,0.13042476773262024,0.16023720800876617,0.1290556788444519,0.14282500743865967,0.14574824273586273,0.11387159675359726,0.12520065903663635,0.12910696864128113,0.060071736574172974,0.03448110446333885,0.10358994454145432,0.1435060203075409,0.11766248196363449,0.14511439204216003,0.13794158399105072,0.1257677972316742,0.11872952431440353,0.12744370102882385,0.09669871628284454,0.09283196926116943,0.0714404359459877,0.05179781839251518,0.10099466890096664,0.15923380851745605,0.06759678572416306,0.12436239421367645,0.1572529673576355,0.08684933185577393,0.10989765077829361,0.1414801925420761,0.06728590279817581,0.09537921100854874
Yo,0.0,0.0,0.0,0.025760332122445107,-0.6133817434310913,0.08218804746866226,0.22571861743927002,-0.9778656959533691,0.1316152960062027,0.42622679471969604,-1.049381136894226,0.17000441253185272,0.5543304681777954,-0.928078830242157,0.20131485164165497,0.4962194859981537,-1.0736629962921143,0.04315482825040817,0.764126181602478,-1.368443250656128,0.09795175492763519,0.9018572568893433,-1.504521369934082,0.13855385780334473,1.0042833089828491,-1.5950911045074463,0.15828169882297516,0.6408966183662415,-0.7575024366378784,0.022069629281759262,0.7330529689788818,-0.8930453062057495,0.10707755386829376,0.6254336833953857,-0.8428395986557007,0.15921881794929504,0.5398004055023193,-0.7553435564041138,0.1795438826084137,0.7058403491973877,-0.3985184133052826,0.01502006035298109,0.7500091791152954,-0.5682977437973022,0.08358407020568848,0.6498770117759705,-0.5472815036773682,0.11738233268260956,0.5638894438743591,-0.4640933871269226,0.12300284951925278,0.7343172430992126,-0.08631838858127594,0.016546113416552544,0.8065817952156067,-0.24592041969299316,0.08441326022148132,0.7322829961776733,-0.24663949012756348,0.135116845369339,0.6485159993171692,-0.17933490872383118,0.1653030812740326,0.0,0.0,0.0,0.031444452702999115,0.0326978974044323,0.034047167748212814,0.05649423226714134,0.08648283034563065,0.06321732699871063,0.08572468161582947,0.1424150913953781,0.08605782687664032,0.1109650582075119,0.1540183275938034,0.1083904281258583,0.02057991549372673,0.03693678602576256,0.12352024763822556,0.07096048444509506,0.1482047736644745,0.18032319843769073,0.11658274382352829,0.22055408358573914,0.1984671652317047,0.1627374142408371,0.2865963280200958,0.20553843677043915,0.018357545137405396,0.01836051046848297,0.11950038373470306,0.106826551258564,0.18708498775959015,0.16941411793231964,0.09802048653364182,0.19658321142196655,0.14951969683170319,0.07943825423717499,0.1707572489976883,0.130171000957489,0.025349782779812813,0.021750429645180702,0.11584518849849701,0.11598527431488037,0.1695733666419983,0.15631908178329468,0.10971459746360779,0.17064183950424194,0.12600311636924744,0.09767772257328033,0.13456518948078156,0.09807265549898148,0.044424425810575485,0.030973611399531364,0.11445342004299164,0.137614905834198,0.13651660084724426,0.1430215686559677,0.13685733079910278,0.14702126383781433,0.12899592518806458,0.12608467042446136,0.11660636216402054,0.1142430528998375
Yo,0.0,0.0,0.0,0.0510922372341156,-0.6329039335250854,0.06875509768724442,0.2666487991809845,-0.9917213320732117,0.10359090566635132,0.47552910447120667,-1.0357779264450073,0.127666175365448,0.5976088643074036,-0.8915648460388184,0.1448734700679779,0.5261415243148804,-1.0670173168182373,0.021739859133958817,0.7899433970451355,-1.3450889587402344,0.06486624479293823,0.9215068817138672,-1.459949254989624,0.09775639325380325,1.0135173797607422,-1.5307337045669556,0.11197163909673691,0.6636693477630615,-0.7435027360916138,-0.000907754700165242,0.7390071153640747,-0.8564246892929077,0.0652092769742012,0.6337586641311646,-0.8103887438774109,0.10642894357442856,0.5465683341026306,-0.7336455583572388,0.12183435261249542,0.7197007536888123,-0.3858758807182312,-0.01002999022603035,0.7318801879882812,-0.5313331484794617,0.049040962010622025,0.6363667845726013,-0.5073317289352417,0.07791921496391296,0.5479099750518799,-0.4335816502571106,0.08017098903656006,0.7371264696121216,-0.08085267245769501,-0.012822064571082592,0.7494136095046997,-0.22112885117530823,0.04970373585820198,0.6714844703674316,-0.2134767770767212,0.094874307513237,0.5889179110527039,-0.15444722771644592,0.12123079597949982,0.0,0.0,0.0,0.02185407280921936,0.02552051655948162,0.024457378312945366,0.0375598780810833,0.08153736591339111,0.042420823127031326,0.06836215406656265,0.12234652787446976,0.054879218339920044,0.0940990000963211,0.12067283689975739,0.06760461628437042,0.022021276876330376,0.03509970381855965,0.08865083009004593,0.06743182986974716,0.13648127019405365,0.11444073915481567,0.11847550421953201,0.20822086930274963,0.11913851648569107,0.1712205559015274,0.2823273539543152,0.12187635153532028,0.014563566073775291,0.011219974607229233,0.08004729449748993,0.08489842712879181,0.17533448338508606,0.10452032089233398,0.07575780898332596,0.19175967574119568,0.0892917811870575,0.06006748974323273,0.1672629565000534,0.07860340923070908,0.014623708091676235,0.020956620573997498,0.06968334317207336,0.08546401560306549,0.15826594829559326,0.08704917132854462,0.07853914797306061,0.1679224818944931,0.06802468001842499,0.06775516271591187,0.1345088630914688,0.05402623862028122,0.03648117184638977,0.04510127007961273,0.061076704412698746,0.10725957155227661,0.15206310153007507,0.07206810265779495,0.1058228462934494,0.15893611311912537,0.06294946372509003,0.09913034737110138,0.12423213571310043,0.056021083146333694
Yo,0.0,0.0,0.0,0.06530995666980743,-0.6990442872047424,0.05978739261627197,0.31307655572891235,-1.0551426410675049,0.10412715375423431,0.5394188165664673,-1.0265185832977295,0.1388050615787506,0.6518460512161255,-0.8165997266769409,0.1695059984922409,0.6883847713470459,-0.9895121455192566,0.06722303479909897,0.9233505129814148,-1.1621695756912231,0.1324150115251541,1.0024511814117432,-1.2228907346725464,0.16666676104068756,1.0521502494812012,-1.2547576427459717,0.1767532080411911,0.8017431497573853,-0.5843983888626099,0.050838083028793335,0.82341068983078,-0.6998482942581177,0.14550800621509552,0.6966019868850708,-0.679659366607666,0.18079598248004913,0.607803225517273,-0.6026487946510315,0.18494471907615662,0.8174910545349121,-0.1885078251361847,0.04491528496146202,0.8031021952629089,-0.3477404713630676,0.11842348426580429,0.6882789134979248,-0.3622077703475952,0.13691392540931702,0.5897093415260315,-0.3050351142883301,0.12801522016525269,0.7958127856254578,0.14331413805484772,0.04380185902118683,0.7999204397201538,-0.002714002039283514,0.10937035083770752,0.7092151641845703,-0.030013058334589005,0.14980244636535645,0.6175244450569153,0.011128626763820648,0.17230258882045746,0.0,0.0,0.0,0.047298580408096313,0.028037026524543762,0.04188194125890732,0.09486765414476395,0.10040829330682755,0.07548661530017853,0.13381105661392212,0.11081713438034058,0.10476181656122208,0.14486992359161377,0.07005158811807632,0.1327790766954422,0.03668135777115822,0.051592886447906494,0.09738057106733322,0.12989476323127747,0.10122702270746231,0.1469263881444931,0.2306322455406189,0.19445161521434784,0.17279715836048126,0.3274702727794647,0.2773418426513672,0.18916068971157074,0.04191774129867554,0.050298694521188736,0.09388837963342667,0.10247129201889038,0.12735147774219513,0.14490264654159546,0.09532906115055084,0.15269868075847626,0.14894412457942963,0.08792628347873688,0.13596998155117035,0.14653632044792175,0.05520515888929367,0.05205826461315155,0.09328567981719971,0.11202682554721832,0.137782022356987,0.13842341303825378,0.10899825394153595,0.1541690230369568,0.12983156740665436,0.0990118682384491,0.12781782448291779,0.11624640971422195,0.07060150802135468,0.06751613318920135,0.09736602753400803,0.14486534893512726,0.1454562395811081,0.12631481885910034,0.14924797415733337,0.15904073417186737,0.12078677862882614,0.13843677937984467,0.12965089082717896,0.11163462698459625
Yo,0.0,0.0,0.0,0.08515968173742294,-0.709774374961853,0.06751464307308197,0.33360159397125244,-1.0752861499786377,0.11244742572307587,0.5681381225585938,-1.0987019538879395,0.14766080677509308,0.7048431038856506,-0.9373194575309753,0.17698894441127777,0.6543940305709839,-0.9882445335388184,0.05998627468943596,0.9396276473999023,-1.2236274480819702,0.13242869079113007,1.0716632604599,-1.3198456764221191,0.1780654489994049,1.171240210533142,-1.3847163915634155,0.19700992107391357,0.7699181437492371,-0.6239550709724426,0.046145323663949966,0.8539726138114929,-0.8273445963859558,0.1416843831539154,0.7336231470108032,-0.8308536410331726,0.1834135353565216,0.639114260673523,-0.7560799717903137,0.19408299028873444,0.798199474811554,-0.2613942325115204,0.046380989253520966,0.8451984524726868,-0.5146248936653137,0.1275886595249176,0.7333691716194153,-0.5351157784461975,0.15777677297592163,0.6356421709060669,-0.4651750922203064,0.15701685845851898,0.7895249724388123,0.04204235225915909,0.053386468440294266,0.8690875172615051,-0.1715325564146042,0.13322320580482483,0.8012049794197083,-0.22651255130767822,0.18766038119792938,0.7191020250320435,-0.19478628039360046,0.21874725818634033,0.0,0.0,0.0,0.04979619383811951,0.026076793670654297,0.05261969938874245,0.09370733052492142,0.08781404793262482,0.08623196929693222,0.13884805142879486,0.10602080076932907,0.11035161465406418,0.16808626055717468,0.09614957123994827,0.13162177801132202,0.03473277390003204,0.07188061624765396,0.12685072422027588,0.12021460384130478,0.11942602694034576,0.18628181517124176,0.20323148369789124,0.19175107777118683,0.20818406343460083,0.28117454051971436,0.26289668679237366,0.21953769028186798,0.027762508019804955,0.039768729358911514,0.11586363613605499,0.12735849618911743,0.1313563883304596,0.1777869164943695,0.12204144150018692,0.15191780030727386,0.1685757339000702,0.10760793834924698,0.13951468467712402,0.15246260166168213,0.04592689499258995,0.046913258731365204,0.10778385400772095,0.14173342287540436,0.1281248927116394,0.16109849512577057,0.13762347400188446,0.14622683823108673,0.14091360569000244,0.12343522906303406,0.13249388337135315,0.11648828536272049,0.0755993202328682,0.09617583453655243,0.10475288331508636,0.16445112228393555,0.1294538378715515,0.14781421422958374,0.17046116292476654,0.1676226556301117,0.14696063101291656,0.1709146499633789,0.2001258134841919,0.13911762833595276
Yo,0.0,0.0,0.0,0.059777118265628815,-0.6848663091659546,0.08885404467582703,0.2750341594219208,-1.033294439315796,0.14689397811889648,0.47601598501205444,-1.0677297115325928,0.19006074965000153,0.6001808047294617,-0.9319847226142883,0.22622665762901306,0.6277959942817688,-1.007588267326355,0.10912710428237915,0.8717573285102844,-1.1732653379440308,0.19433410465717316,0.9819706082344055,-1.2329668998718262,0.23861458897590637,1.0654218196868896,-1.270937442779541,0.25537657737731934,0.7396012544631958,-0.6599568128585815,0.08790682256221771,0.7792913913726807,-0.786878228187561,0.20314332842826843,0.6606152653694153,-0.7684810757637024,0.24165590107440948,0.5788811445236206,-0.6880303621292114,0.24542835354804993,0.7610097527503967,-0.3003775477409363,0.08028332144021988,0.7754227519035339,-0.48468366265296936,0.17425034940242767,0.6651049852371216,-0.49459320306777954,0.19714854657649994,0.5761275291442871,-0.426116406917572,0.1882922351360321,0.7468818426132202,0.0035092271864414215,0.08078069984912872,0.7991646528244019,-0.16776877641677856,0.16917327046394348,0.7234591841697693,-0.19896486401557922,0.2220826894044876,0.6390408277511597,-0.14979229867458344,0.25039687752723694,0.0,0.0,0.0,0.05003722757101059,0.027397410944104195,0.047762706875801086,0.09161779284477234,0.06392258405685425,0.0788891613483429,0.11660037934780121,0.09156356751918793,0.10363919287919998,0.1309722363948822,0.1095217913389206,0.12523585557937622,0.03443809971213341,0.041285354644060135,0.08966080099344254,0.11097801476716995,0.04710852727293968,0.13872945308685303,0.1830722540616989,0.10567318648099899,0.1615206003189087,0.24727676808834076,0.16723081469535828,0.17326968908309937,0.03536869212985039,0.03674491122364998,0.08436950296163559,0.09576713293790817,0.07271784543991089,0.13067470490932465,0.09095223248004913,0.0934862494468689,0.1286928355693817,0.08230745792388916,0.08528521656990051,0.12209808826446533,0.04307907819747925,0.06369266659021378,0.08315997570753098,0.10431980341672897,0.09738140553236008,0.12861129641532898,0.10445766150951385,0.11442831158638,0.1174478605389595,0.09634117782115936,0.10947363078594208,0.10174792259931564,0.05192537605762482,0.10595183819532394,0.08573199808597565,0.12537986040115356,0.12390338629484177,0.1248152032494545,0.13231781125068665,0.1432575136423111,0.12544970214366913,0.12543468177318573,0.1556319296360016,0.11938640475273132
Yo,0.0,0.0,0.0,0.03227604553103447,-0.7164376974105835,0.03358270600438118,0.2570576071739197,-1.183828353881836,0.05806169658899307,0.4960043430328369,-1.245254635810852,0.0828966349363327,0.6425779461860657,-1.073286771774292,0.10184641927480698,0.5750061273574829,-1.0859073400497437,-0.035130299627780914,0.9409433603286743,-1.3355271816253662,0.006635461002588272,1.1256158351898193,-1.4454691410064697,0.04767580330371857,1.2663805484771729,-1.5252450704574585,0.06512836366891861,0.7192367315292358,-0.6717287302017212,-0.03599453717470169,0.8623945116996765,-0.9689977765083313,0.01422867737710476,0.7332398891448975,-0.9665107727050781,0.06641499698162079,0.6251146793365479,-0.8701444864273071,0.0932641252875328,0.7827366590499878,-0.2814115583896637,-0.022792434319853783,0.8663501739501953,-0.6303225755691528,0.0201950054615736,0.7431173324584961,-0.629984974861145,0.06483887135982513,0.6356805562973022,-0.528903603553772,0.083778515458107,0.8131681680679321,0.030842041596770287,-0.004443345591425896,0.8999788165092468,-0.27893880009651184,0.036897607147693634,0.8039247393608093,-0.3103516697883606,0.08439286798238754,0.706139862537384,-0.21941331028938293,0.11715728044509888,0.0,0.0,0.0,0.05340520292520523,0.10660238564014435,0.08711949735879898,0.14476704597473145,0.2193703055381775,0.1400332748889923,0.2671257257461548,0.23546554148197174,0.1740267425775528,0.3495054244995117,0.20193322002887726,0.20229920744895935,0.02385597676038742,0.047794658690690994,0.1823677122592926,0.16296029090881348,0.16310063004493713,0.25725626945495605,0.2515171766281128,0.24467897415161133,0.28003787994384766,0.3342756927013397,0.31689921021461487,0.2911853790283203,0.03184987232089043,0.05267799273133278,0.16246266663074493,0.20185035467147827,0.2000298947095871,0.26107507944107056,0.19207763671875,0.22836102545261383,0.2591360807418823,0.16932810842990875,0.20213466882705688,0.237945556640625,0.08044758439064026,0.08862613886594772,0.14484108984470367,0.2342524528503418,0.17674922943115234,0.22834838926792145,0.21177983283996582,0.18777307868003845,0.1948455274105072,0.19099655747413635,0.1508367359638214,0.1513899564743042,0.13011957705020905,0.12157025933265686,0.13365839421749115,0.2615741789340973,0.1411995142698288,0.19157783687114716,0.24252590537071228,0.1650325059890747,0.17874132096767426,0.22455327212810516,0.13144046068191528,0.158426433801651
Yo,0.0,0.0,0.0,0.027026033028960228,-0.6848292350769043,0.022673295810818672,0.23696263134479523,-1.1255910396575928,0.03474363684654236,0.46727657318115234,-1.1693484783172607,0.044171158224344254,0.6067479848861694,-0.9951335191726685,0.051513057202100754,0.5347077250480652,-1.0952378511428833,-0.0363110713660717,0.864974319934845,-1.322876214981079,-0.01761321909725666,1.0150163173675537,-1.3897533416748047,0.0037312880158424377,1.1177562475204468,-1.4198936223983765,0.013475144281983376,0.6812092065811157,-0.7100274562835693,-0.045258089900016785,0.8130152821540833,-0.973800539970398,-0.014977822080254555,0.7553204298019409,-1.0177114009857178,0.012347320094704628,0.7086005210876465,-0.9866523742675781,0.023427259176969528,0.748719334602356,-0.32937347888946533,-0.043152641505002975,0.8247967958450317,-0.6231555342674255,-0.022270241752266884,0.7179870009422302,-0.6110793948173523,0.011427541263401508,0.6143549084663391,-0.5169736742973328,0.030476287007331848,0.7790505290031433,-0.015899324789643288,-0.03768337145447731,0.8466812968254089,-0.2814384996891022,-0.008131719194352627,0.7624108791351318,-0.2983427047729492,0.039456818252801895,0.6737672090530396,-0.21499183773994446,0.07710223644971848,0.0,0.0,0.0,0.054568637162446976,0.06569640338420868,0.06486652046442032,0.1274186223745346,0.15115158259868622,0.11182695627212524,0.23305124044418335,0.1783590167760849,0.143032968044281,0.30730921030044556,0.15325498580932617,0.16524815559387207,0.04607253894209862,0.05945071950554848,0.17543819546699524,0.1638297587633133,0.12107846885919571,0.24618090689182281,0.23640009760856628,0.17004312574863434,0.26097583770751953,0.3056163489818573,0.25922295451164246,0.25803038477897644,0.039572883397340775,0.0491875521838665,0.16056513786315918,0.22029049694538116,0.20772886276245117,0.24002951383590698,0.3181309401988983,0.3364661633968353,0.241847425699234,0.3970917761325836,0.44605639576911926,0.22932836413383484,0.07449274510145187,0.08895086497068405,0.1435464471578598,0.2370903044939041,0.14112277328968048,0.21232257783412933,0.2174793928861618,0.14009793102741241,0.17954258620738983,0.18755663931369781,0.11374406516551971,0.13525398075580597,0.12408245354890823,0.13663148880004883,0.1294107586145401,0.2558286190032959,0.08082111924886703,0.16801750659942627,0.24280056357383728,0.09890482574701309,0.14354129135608673,0.22761446237564087,0.08388231694698334,0.11579761654138565
