label,mean_x0,mean_y0,mean_z0,mean_x1,mean_y1,mean_z1,mean_x2,mean_y2,mean_z2,mean_x3,mean_y3,mean_z3,mean_x4,mean_y4,mean_z4,mean_x5,mean_y5,mean_z5,mean_x6,mean_y6,mean_z6,mean_x7,mean_y7,mean_z7,mean_x8,mean_y8,mean_z8,mean_x9,mean_y9,mean_z9,mean_x10,mean_y10,mean_z10,mean_x11,mean_y11,mean_z11,mean_x12,mean_y12,mean_z12,mean_x13,mean_y13,mean_z13,mean_x14,mean_y14,mean_z14,mean_x15,mean_y15,mean_z15,mean_x16,mean_y16,mean_z16,mean_x17,mean_y17,mean_z17,mean_x18,mean_y18,mean_z18,mean_x19,mean_y19,mean_z19,mean_x20,mean_y20,mean_z20,std_x0,std_y0,std_z0,std_x1,std_y1,std_z1,std_x2,std_y2,std_z2,std_x3,std_y3,std_z3,std_x4,std_y4,std_z4,std_x5,std_y5,std_z5,std_x6,std_y6,std_z6,std_x7,std_y7,std_z7,std_x8,std_y8,std_z8,std_x9,std_y9,std_z9,std_x10,std_y10,std_z10,std_x11,std_y11,std_z11,std_x12,std_y12,std_z12,std_x13,std_y13,std_z13,std_x14,std_y14,std_z14,std_x15,std_y15,std_z15,std_x16,std_y16,std_z16,std_x17,std_y17,std_z17,std_x18,std_y18,std_z18,std_x19,std_y19,std_z19,std_x20,std_y20,std_z20
hola,0.0,0.0,0.0,0.22531840205192566,0.03845548629760742,-0.09619884192943573,0.46733513474464417,-0.2086714804172516,-0.11543425172567368,0.6093063950538635,-0.4890056252479553,-0.12913574278354645,0.7209509611129761,-0.7001556158065796,-0.14118845760822296,0.5210341215133667,-0.7353373169898987,-0.02366182766854763,0.7147026062011719,-0.9753825068473816,-0.09549371898174286,0.8473102450370789,-1.1227037906646729,-0.16122426092624664,0.9570358395576477,-1.2488758563995361,-0.205596923828125,0.4409569203853607,-0.8607880473136902,-0.024943038821220398,0.654951810836792,-1.1204402446746826,-0.08806358277797699,0.8016322255134583,-1.2739280462265015,-0.14660826325416565,0.9323693513870239,-1.3998743295669556,-0.18528121709823608,0.33915165066719055,-0.9297105073928833,-0.04568084329366684,0.53669273853302,-1.2003973722457886,-0.11871570348739624,0.6788845658302307,-1.3519991636276245,-0.1631343513727188,0.8047720789909363,-1.4732048511505127,-0.1868724822998047,0.21368758380413055,-0.9556589126586914,-0.0769462138414383,0.3716585338115692,-1.1771591901779175,-0.14502252638339996,0.488908052444458,-1.288555383682251,-0.1700679361820221,0.596800684928894,-1.3694581985473633,-0.18064765632152557,0.0,0.0,0.0,0.049618277698755264,0.1567995250225067,0.025655630975961685,0.10082869976758957,0.24820123612880707,0.038120876997709274,0.15474648773670197,0.2799990475177765,0.04447336122393608,0.22695165872573853,0.3180594742298126,0.05063779652118683,0.19917714595794678,0.15771175920963287,0.04035498574376106,0.31092339754104614,0.21638724207878113,0.05230537801980972,0.39365023374557495,0.2599843442440033,0.06200380623340607,0.4638184905052185,0.28459519147872925,0.06950940936803818,0.23420056700706482,0.08987832814455032,0.032414671033620834,0.36942675709724426,0.14121830463409424,0.04986239969730377,0.46425846219062805,0.1797945499420166,0.06253233551979065,0.54915452003479,0.2015329748392105,0.07030731439590454,0.25294366478919983,0.09033600986003876,0.03386196121573448,0.3866899311542511,0.09578472375869751,0.05654805526137352,0.48348408937454224,0.1100301593542099,0.06746672093868256,0.5676012635231018,0.12914840877056122,0.07205478101968765,0.2545454204082489,0.18600201606750488,0.044510602951049805,0.3730161786079407,0.190909743309021,0.06565774232149124,0.4581201672554016,0.18570519983768463,0.07539953291416168,0.532469630241394,0.18770034611225128,0.08052890747785568
hola,0.0,0.0,0.0,0.26359301805496216,0.12283457815647125,-0.06869442760944366,0.5150611400604248,-0.07072388380765915,-0.06950829923152924,0.6632135510444641,-0.3410545885562897,-0.07096444070339203,0.78781658411026,-0.5507962107658386,-0.07213256508111954,0.5914520025253296,-0.6626409292221069,0.019182588905096054,0.8281710743904114,-0.9013587236404419,-0.04010682553052902,0.983335018157959,-1.0524876117706299,-0.09805319458246231,1.1076730489730835,-1.1929585933685303,-0.1374436318874359,0.5264180302619934,-0.8483722805976868,0.006475967355072498,0.7933751344680786,-1.1280322074890137,-0.04684355482459068,0.9686435461044312,-1.2963197231292725,-0.09953039884567261,1.1175323724746704,-1.4383556842803955,-0.13415107131004333,0.43025240302085876,-0.9856289625167847,-0.025444060564041138,0.6808570027351379,-1.2924816608428955,-0.09068164229393005,0.8557507395744324,-1.464339017868042,-0.1357147991657257,1.0050806999206543,-1.6000633239746094,-0.16024208068847656,0.29798245429992676,-1.0866258144378662,-0.06585066020488739,0.500874400138855,-1.3342171907424927,-0.12700724601745605,0.6501930356025696,-1.4621713161468506,-0.15098980069160461,0.7878202199935913,-1.5547572374343872,-0.16214832663536072,0.0,0.0,0.0,0.020662199705839157,0.032484326511621475,0.024002620950341225,0.02832992747426033,0.044038861989974976,0.037352971732616425,0.037837836891412735,0.030555805191397667,0.045394279062747955,0.04404524341225624,0.015464507043361664,0.05336727574467659,0.03407227620482445,0.046151671558618546,0.03955070301890373,0.05072668939828873,0.05064549669623375,0.051978420466184616,0.05846044048666954,0.06621585041284561,0.06046004220843315,0.0650646835565567,0.079643614590168,0.06521550565958023,0.03928561881184578,0.02397952228784561,0.031435612589120865,0.06680133193731308,0.02923288568854332,0.0416276678442955,0.0785251334309578,0.05044370889663696,0.05048983171582222,0.0850825235247612,0.07635412365198135,0.05638537183403969,0.042837414890527725,0.014299983158707619,0.023976916447281837,0.0744563415646553,0.02781039848923683,0.031123705208301544,0.08593108505010605,0.04076055437326431,0.03645933046936989,0.09471530467271805,0.04829651862382889,0.039509158581495285,0.04239298403263092,0.026607638224959373,0.019395282492041588,0.06395861506462097,0.03153783082962036,0.0261857807636261,0.07822742313146591,0.03943604975938797,0.03036447986960411,0.0933375284075737,0.048327505588531494,0.03250538185238838
hola,0.0,0.0,0.0,0.24743366241455078,0.05225174501538277,-0.1013139933347702,0.4917878210544586,-0.1060723215341568,-0.1296280324459076,0.6293528079986572,-0.3814046084880829,-0.1516904979944229,0.6911574602127075,-0.6597924828529358,-0.1727030724287033,0.5615497827529907,-0.6839550733566284,-0.037542909383773804,0.7400617003440857,-0.9750508069992065,-0.10972199589014053,0.8480170965194702,-1.1653411388397217,-0.17720113694667816,0.9386622309684753,-1.336617112159729,-0.2230851948261261,0.4724332392215729,-0.8608415722846985,-0.03811002895236015,0.668803870677948,-1.1818797588348389,-0.09882716089487076,0.7950634360313416,-1.3879973888397217,-0.15850798785686493,0.9005225896835327,-1.5586293935775757,-0.19941261410713196,0.3568085730075836,-0.9716247320175171,-0.05678781121969223,0.5403320789337158,-1.303382158279419,-0.12028263509273529,0.6596246957778931,-1.506495714187622,-0.16548113524913788,0.7606599926948547,-1.6702781915664673,-0.19276376068592072,0.20768575370311737,-1.0276702642440796,-0.0868009552359581,0.3408958315849304,-1.2967290878295898,-0.14554186165332794,0.43422403931617737,-1.458239197731018,-0.16932392120361328,0.519495964050293,-1.5901029109954834,-0.1807461977005005,0.0,0.0,0.0,0.022173145785927773,0.11459576338529587,0.009519812650978565,0.05941323935985565,0.17973282933235168,0.016796119511127472,0.09642914682626724,0.20747064054012299,0.022307904437184334,0.14258378744125366,0.21637846529483795,0.028449781239032745,0.1437961757183075,0.13421593606472015,0.018212415277957916,0.20965878665447235,0.18793722987174988,0.021524598821997643,0.2561352550983429,0.22091685235500336,0.027332762256264687,0.2950837016105652,0.24407212436199188,0.031844284385442734,0.1617649644613266,0.08912789076566696,0.013955380767583847,0.24416501820087433,0.14958281815052032,0.02067376859486103,0.2983970046043396,0.19142159819602966,0.029146214947104454,0.34418827295303345,0.2219834178686142,0.03522186726331711,0.16834670305252075,0.02883833460509777,0.015539927408099174,0.24994435906410217,0.07751493901014328,0.023524023592472076,0.3050015866756439,0.10892901569604874,0.02841954119503498,0.35151147842407227,0.13418513536453247,0.030959758907556534,0.1641603410243988,0.05046355724334717,0.02319321595132351,0.23903575539588928,0.02467472106218338,0.029321901500225067,0.2901436686515808,0.0234484001994133,0.03132762014865875,0.3371766209602356,0.049658212810754776,0.032471757382154465
hola,0.0,0.0,0.0,0.2680083215236664,0.07640532404184341,-0.0916820839047432,0.527856171131134,-0.07678209245204926,-0.11302743852138519,0.6863067150115967,-0.3537537157535553,-0.1300555169582367,0.759277880191803,-0.6351572871208191,-0.14643613994121552,0.5917646884918213,-0.6459149122238159,-0.024543670937418938,0.7887090444564819,-0.9161192178726196,-0.09440118074417114,0.9084342122077942,-1.0880062580108643,-0.15991006791591644,1.0097675323486328,-1.2454971075057983,-0.20494456589221954,0.5096600651741028,-0.8397579193115234,-0.028948750346899033,0.7264440059661865,-1.1472570896148682,-0.08756688982248306,0.8648918867111206,-1.3409422636032104,-0.1449355185031891,0.9809554815292358,-1.5042239427566528,-0.1845979392528534,0.39513441920280457,-0.9690483212471008,-0.051412761211395264,0.5981000661849976,-1.2888965606689453,-0.11439602077007294,0.731078565120697,-1.4830979108810425,-0.1598692685365677,0.8450109362602234,-1.6413724422454834,-0.18807628750801086,0.2421915978193283,-1.046921968460083,-0.08422107994556427,0.3890075385570526,-1.2982399463653564,-0.1433669924736023,0.49473148584365845,-1.4481046199798584,-0.1681985855102539,0.592016875743866,-1.5717805624008179,-0.18116365373134613,0.0,0.0,0.0,0.02664627879858017,0.12388074398040771,0.009034990333020687,0.0666462779045105,0.19465096294879913,0.01571701467037201,0.10420150309801102,0.21411176025867462,0.02097710780799389,0.14673493802547455,0.22771549224853516,0.026975641027092934,0.13603922724723816,0.1459043025970459,0.02283506654202938,0.1993638277053833,0.20448407530784607,0.024693593382835388,0.2436663657426834,0.2435169517993927,0.02709764428436756,0.2808898985385895,0.2737691104412079,0.0297083780169487,0.1570591926574707,0.09589359909296036,0.01876252330839634,0.23666608333587646,0.16082888841629028,0.021171854808926582,0.28673458099365234,0.21072275936603546,0.02541176974773407,0.32944053411483765,0.2508884072303772,0.02944016456604004,0.167814239859581,0.03148045763373375,0.015218435786664486,0.2506878674030304,0.08466123789548874,0.019525302574038506,0.30316388607025146,0.1222490519285202,0.024051791056990623,0.3475535213947296,0.15598812699317932,0.027129683643579483,0.16798877716064453,0.05267263948917389,0.016022631898522377,0.24162200093269348,0.01847955211997032,0.02211727946996689,0.28993338346481323,0.0314086377620697,0.02617323398590088,0.33445706963539124,0.07091481238603592,0.029109502211213112
hola,0.0,0.0,0.0,0.3086296319961548,0.2463008165359497,-0.10066108405590057,0.6218947768211365,0.2199433594942093,-0.12182529270648956,0.8264901041984558,-0.031697534024715424,-0.13914979994297028,0.9596797227859497,-0.29539433121681213,-0.1561453491449356,0.7676851153373718,-0.4331398010253906,-0.017682790756225586,1.0468448400497437,-0.6703339219093323,-0.09628839045763016,1.219208002090454,-0.8261650800704956,-0.1698540449142456,1.3611915111541748,-0.9669909477233887,-0.2182464897632599,0.6961365938186646,-0.7142886519432068,-0.023099277168512344,1.0099884271621704,-0.9931713938713074,-0.0910148024559021,1.2104326486587524,-1.1641976833343506,-0.15820784866809845,1.370563268661499,-1.2969766855239868,-0.2022980898618698,0.5849305391311646,-0.9363963007926941,-0.04920768737792969,0.8755747675895691,-1.2424330711364746,-0.12304913997650146,1.0660436153411865,-1.4083192348480225,-0.17468741536140442,1.2184580564498901,-1.5230954885482788,-0.20331475138664246,0.42865389585494995,-1.1176286935806274,-0.08653987944126129,0.6559966802597046,-1.3736618757247925,-0.15199749171733856,0.8137644529342651,-1.4978572130203247,-0.1763409674167633,0.9547867774963379,-1.581235647201538,-0.18636223673820496,0.0,0.0,0.0,0.03755810111761093,0.032723043113946915,0.017283227294683456,0.0479123555123806,0.06915748864412308,0.026440603658556938,0.06316602230072021,0.07480761408805847,0.03346344083547592,0.0646769255399704,0.07428005337715149,0.040542494505643845,0.03709539398550987,0.04461277276277542,0.02868151292204857,0.04773417115211487,0.07942938804626465,0.034812081605196,0.05671142041683197,0.11820832639932632,0.03689318522810936,0.06663310527801514,0.15044622123241425,0.03833095356822014,0.04621974751353264,0.041330695152282715,0.028414154425263405,0.06567913293838501,0.09775245934724808,0.03387821465730667,0.08127760887145996,0.1362965852022171,0.03541072458028793,0.09851677715778351,0.16764181852340698,0.03657360374927521,0.05676000565290451,0.040179695934057236,0.028283484280109406,0.08145739883184433,0.09626054763793945,0.03179946914315224,0.1003648191690445,0.12448301911354065,0.033019695430994034,0.12063014507293701,0.14390581846237183,0.03398993983864784,0.06613705307245255,0.0418030321598053,0.028779106214642525,0.08619503676891327,0.09476491063833237,0.03218049183487892,0.10212549567222595,0.12453283369541168,0.03541171923279762,0.12011735886335373,0.15172921121120453,0.03837486729025841
hola,0.0,0.0,0.0,0.23971720039844513,0.07969319820404053,-0.13611827790737152,0.495380699634552,-0.05244874209165573,-0.17402060329914093,0.6465475559234619,-0.328358918428421,-0.19896793365478516,0.7255450487136841,-0.6151074171066284,-0.22043025493621826,0.5816795825958252,-0.6276804208755493,-0.053104229271411896,0.7428606748580933,-0.9452124834060669,-0.12646521627902985,0.8339748382568359,-1.170676589012146,-0.19701144099235535,0.9140655398368835,-1.3671352863311768,-0.24840232729911804,0.4972086548805237,-0.8192831873893738,-0.03648893162608147,0.6760876774787903,-1.1521873474121094,-0.10198517888784409,0.7925119996070862,-1.3748265504837036,-0.17092888057231903,0.8935065269470215,-1.5608563423156738,-0.21977755427360535,0.38546866178512573,-0.9311874508857727,-0.04076733440160751,0.5520460605621338,-1.2650134563446045,-0.11345960199832916,0.660832941532135,-1.465018630027771,-0.16584698855876923,0.7559888958930969,-1.6336116790771484,-0.1985684484243393,0.24265308678150177,-0.9819561839103699,-0.05907332897186279,0.35882964730262756,-1.256230115890503,-0.12751376628875732,0.43576446175575256,-1.4123013019561768,-0.15794771909713745,0.509567379951477,-1.5495177507400513,-0.17450769245624542,0.0,0.0,0.0,0.0554393045604229,0.18549171090126038,0.019687486812472343,0.12865358591079712,0.33498507738113403,0.02704824134707451,0.1969688981771469,0.37310582399368286,0.03263896703720093,0.25922131538391113,0.38585835695266724,0.03878201171755791,0.22128160297870636,0.2572467625141144,0.020380055531859398,0.3178718686103821,0.31555306911468506,0.031536273658275604,0.3820483088493347,0.3497965931892395,0.042413268238306046,0.4386930763721466,0.3799683749675751,0.04917582869529724,0.23456189036369324,0.15757180750370026,0.019469447433948517,0.3415781557559967,0.21420221030712128,0.031362634152173996,0.4153009057044983,0.24795958399772644,0.03977765887975693,0.47441497445106506,0.28088611364364624,0.04526466876268387,0.2307565063238144,0.06664133816957474,0.023951657116413116,0.3319241404533386,0.10683523118495941,0.03498871251940727,0.3992147743701935,0.14249223470687866,0.039725467562675476,0.45311206579208374,0.1772565394639969,0.04188171774148941,0.21147441864013672,0.06671054661273956,0.031110607087612152,0.2926025092601776,0.06446072459220886,0.03944116458296776,0.3472836911678314,0.07287497818470001,0.04106524959206581,0.3966519236564636,0.09734781831502914,0.04113154485821724
hola,0.0,0.0,0.0,0.2743314504623413,0.12286557257175446,-0.10955557972192764,0.5509552359580994,-0.002757381647825241,-0.13133350014686584,0.7198607325553894,-0.2802576422691345,-0.14592894911766052,0.8243560791015625,-0.5526910424232483,-0.1580776572227478,0.6368876695632935,-0.6005262732505798,-0.021300051361322403,0.843504786491394,-0.8792781829833984,-0.08923260122537613,0.9671119451522827,-1.065209984779358,-0.15549011528491974,1.0750329494476318,-1.2366665601730347,-0.20274308323860168,0.5565302968025208,-0.8095699548721313,-0.017252186313271523,0.7841531038284302,-1.1272372007369995,-0.07633928954601288,0.9312475323677063,-1.3320631980895996,-0.13935592770576477,1.0593379735946655,-1.5027039051055908,-0.18388892710208893,0.4445492625236511,-0.9508935809135437,-0.033742524683475494,0.659648597240448,-1.2773784399032593,-0.1002950668334961,0.8044500350952148,-1.4692577123641968,-0.15125766396522522,0.9327789545059204,-1.625396728515625,-0.18318957090377808,0.29474255442619324,-1.0455541610717773,-0.0624544732272625,0.4549356997013092,-1.3116123676300049,-0.1256679743528366,0.5690017938613892,-1.4554731845855713,-0.15454255044460297,0.6788114309310913,-1.57522451877594,-0.1705562025308609,0.0,0.0,0.0,0.028524164110422134,0.10937339812517166,0.013316020369529724,0.06705395132303238,0.1798551380634308,0.02372749149799347,0.10642524063587189,0.2035820037126541,0.031039370223879814,0.14149552583694458,0.21676862239837646,0.03788089379668236,0.1334160417318344,0.14833715558052063,0.023933496326208115,0.20128922164440155,0.2121126651763916,0.02520465850830078,0.247969388961792,0.2483575940132141,0.02581421099603176,0.2866358458995819,0.2770751416683197,0.026879433542490005,0.15364237129688263,0.10338184237480164,0.016708727926015854,0.23411786556243896,0.174375981092453,0.018481744453310966,0.28581923246383667,0.21887098252773285,0.01999422162771225,0.32667478919029236,0.2565135955810547,0.022007115185260773,0.1622806042432785,0.04824337735772133,0.011627273634076118,0.23718348145484924,0.10306248068809509,0.015493281185626984,0.28361189365386963,0.14038893580436707,0.0199855025857687,0.3222920596599579,0.1734841763973236,0.023717965930700302,0.16090235114097595,0.024649012833833694,0.013570795767009258,0.22177842259407043,0.02440795674920082,0.018694793805480003,0.25953415036201477,0.05377095192670822,0.0232040174305439,0.2944297790527344,0.0877743810415268,0.02741204760968685
hola,0.0,0.0,0.0,0.286591112613678,0.14906010031700134,-0.11470802873373032,0.5743620991706848,0.0673639252781868,-0.13930556178092957,0.749503493309021,-0.2102428376674652,-0.15635037422180176,0.8489616513252258,-0.49384650588035583,-0.17113575339317322,0.681247353553772,-0.5377799868583679,-0.01710766926407814,0.8900415301322937,-0.8253488540649414,-0.08690221607685089,1.0132477283477783,-1.022735834121704,-0.15684042870998383,1.121014952659607,-1.1959774494171143,-0.20666129887104034,0.599693238735199,-0.7686872482299805,-0.01177254319190979,0.8332482576370239,-1.0812276601791382,-0.07376478612422943,0.9829546213150024,-1.2885627746582031,-0.14175641536712646,1.1102949380874634,-1.4541652202606201,-0.18900147080421448,0.48537927865982056,-0.9284766912460327,-0.02787075936794281,0.706536054611206,-1.2504947185516357,-0.09774471819400787,0.8516463041305542,-1.4385868310928345,-0.15057052671909332,0.9785186648368835,-1.585541009902954,-0.18257097899913788,0.3299373984336853,-1.037011981010437,-0.05666637420654297,0.49742332100868225,-1.2985464334487915,-0.12205888330936432,0.6124394536018372,-1.440746545791626,-0.15071550011634827,0.722358763217926,-1.5591412782669067,-0.1654946655035019,0.0,0.0,0.0,0.0321357324719429,0.14510799944400787,0.020554764196276665,0.07649634778499603,0.24976986646652222,0.03325190022587776,0.12406595051288605,0.27586477994918823,0.043088532984256744,0.16765423119068146,0.28057941794395447,0.052429791539907455,0.15930378437042236,0.20077265799045563,0.025760995224118233,0.23487277328968048,0.2589190602302551,0.03533724695444107,0.2860167324542999,0.290321409702301,0.043435052037239075,0.3288128972053528,0.31962814927101135,0.04795285314321518,0.1778600960969925,0.13148774206638336,0.02064266800880432,0.27010634541511536,0.20085595548152924,0.027651282027363777,0.33123552799224854,0.24461229145526886,0.03242484852671623,0.37899237871170044,0.2867152690887451,0.03528118133544922,0.18282988667488098,0.05882233381271362,0.017348673194646835,0.2685462534427643,0.11270886659622192,0.02306351438164711,0.32152464985847473,0.15317687392234802,0.02592385932803154,0.36433568596839905,0.19526223838329315,0.028063643723726273,0.17609849572181702,0.03377646207809448,0.017790835350751877,0.24237248301506042,0.025451168417930603,0.022767867892980576,0.28194090723991394,0.04926562309265137,0.02507799305021763,0.3191606104373932,0.08037492632865906,0.027604835107922554
hola,0.0,0.0,0.0,0.30737847089767456,0.20124724507331848,-0.11067706346511841,0.6244906187057495,0.14031243324279785,-0.13076172769069672,0.819909393787384,-0.13183824717998505,-0.14455363154411316,0.9440752863883972,-0.39848995208740234,-0.15563172101974487,0.7541307806968689,-0.4658833146095276,-0.009081127122044563,0.999138355255127,-0.7308400273323059,-0.08233435451984406,1.1459624767303467,-0.9165037274360657,-0.15457575023174286,1.271824598312378,-1.0841432809829712,-0.20518998801708221,0.6813062429428101,-0.7201428413391113,-0.006515569053590298,0.9573457837104797,-0.9981889724731445,-0.07344120740890503,1.1332398653030396,-1.1837413311004639,-0.14349983632564545,1.2806440591812134,-1.3381291627883911,-0.19041860103607178,0.5735448598861694,-0.9063398241996765,-0.025790253654122353,0.8354408144950867,-1.1969070434570312,-0.09901590645313263,1.005424976348877,-1.3651455640792847,-0.15076056122779846,1.1512088775634766,-1.498481273651123,-0.18054936826229095,0.4209142327308655,-1.0463135242462158,-0.05775017663836479,0.6263191103935242,-1.2756147384643555,-0.1240033283829689,0.7645930051803589,-1.3943870067596436,-0.15070031583309174,0.895492434501648,-1.4897680282592773,-0.16302546858787537,0.0,0.0,0.0,0.01938607171177864,0.08651106059551239,0.018386781215667725,0.042147375643253326,0.13781210780143738,0.027532415464520454,0.07719568908214569,0.14361679553985596,0.033517662435770035,0.12045010179281235,0.15637493133544922,0.03923838213086128,0.08358872681856155,0.12223081290721893,0.01786787621676922,0.1446566879749298,0.16142526268959045,0.02372412197291851,0.18608003854751587,0.19488893449306488,0.030373428016901016,0.21994930505752563,0.22319255769252777,0.03521682322025299,0.10064727813005447,0.08302607387304306,0.012263906188309193,0.1713845431804657,0.11767648905515671,0.019344910979270935,0.215837761759758,0.15131039917469025,0.026044311001896858,0.25135862827301025,0.18898466229438782,0.03088715486228466,0.11029927432537079,0.036791566759347916,0.01299356296658516,0.1767553687095642,0.061660200357437134,0.017788393422961235,0.21950764954090118,0.07709155231714249,0.019875096157193184,0.2538917660713196,0.1025356724858284,0.020890628919005394,0.11176914721727371,0.04113764315843582,0.01900041475892067,0.16365782916545868,0.023023709654808044,0.02176583930850029,0.20001159608364105,0.02368636429309845,0.023599620908498764,0.23351845145225525,0.03719716891646385,0.02490563690662384
hola,0.0,0.0,0.0,0.3012945353984833,0.17516367137432098,-0.11029491573572159,0.6062553524971008,0.1199699267745018,-0.1341661959886551,0.8001238703727722,-0.1502787172794342,-0.15219850838184357,0.9100515246391296,-0.4383433759212494,-0.1687050759792328,0.7214998006820679,-0.4832586646080017,-0.017638232558965683,0.9513766169548035,-0.7595252990722656,-0.09532749652862549,1.0906095504760742,-0.9476644396781921,-0.16972395777702332,1.2125171422958374,-1.1139144897460938,-0.22143831849098206,0.6468865275382996,-0.7338975667953491,-0.01844843104481697,0.9061187505722046,-1.0413538217544556,-0.08932150155305862,1.0747463703155518,-1.2457195520401,-0.16158849000930786,1.219731330871582,-1.4098979234695435,-0.2098623514175415,0.5351012349128723,-0.9105006456375122,-0.04034095257520676,0.7833747267723083,-1.22768235206604,-0.1180042177438736,0.9464064836502075,-1.4117257595062256,-0.1712593138217926,1.0889314413070679,-1.554565668106079,-0.20159392058849335,0.3748038411140442,-1.0384728908538818,-0.07442151010036469,0.5691531300544739,-1.2831194400787354,-0.1453966498374939,0.7022700905799866,-1.408574104309082,-0.1733679324388504,0.8281623125076294,-1.5104888677597046,-0.18595613539218903,0.0,0.0,0.0,0.031319282948970795,0.14730240404605865,0.01764697954058647,0.07238936424255371,0.25249749422073364,0.026915064081549644,0.11544691026210785,0.2690002918243408,0.03349845111370087,0.1621847152709961,0.2732478976249695,0.039631035178899765,0.14229075610637665,0.2014748752117157,0.027720535174012184,0.21052980422973633,0.24908100068569183,0.039062369614839554,0.2536211609840393,0.2748992145061493,0.04644215106964111,0.2886542081832886,0.2998351454734802,0.05030692368745804,0.15804515779018402,0.13055989146232605,0.023826606571674347,0.24089868366718292,0.1811365932226181,0.03387680649757385,0.29341962933540344,0.21568118035793304,0.03967934101819992,0.33320188522338867,0.2530156373977661,0.0428396575152874,0.16288629174232483,0.0559406504034996,0.02122487500309944,0.24527159333229065,0.09514062106609344,0.030035367235541344,0.29474517703056335,0.12159481644630432,0.033814918249845505,0.3334115147590637,0.15412238240242004,0.03553489223122597,0.15737862884998322,0.03305567055940628,0.02136073261499405,0.22094972431659698,0.0140477130189538,0.029293246567249298,0.2608374059200287,0.03086649253964424,0.03199638053774834,0.29834625124931335,0.06204468384385109,0.03296637907624245
hola,0.0,0.0,0.0,0.27971142530441284,0.08222393691539764,-0.07599439471960068,0.5379295945167542,-0.07089939713478088,-0.08204814046621323,0.6647320985794067,-0.34766921401023865,-0.08825330436229706,0.7500275373458862,-0.5948144197463989,-0.0922856479883194,0.6189696788787842,-0.6326781511306763,0.02491798996925354,0.8144148588180542,-0.9150055646896362,-0.032244034111499786,0.9365245699882507,-1.098563551902771,-0.09267120063304901,1.0406997203826904,-1.266606330871582,-0.13495877385139465,0.544322669506073,-0.8296077847480774,0.015208149328827858,0.7693471312522888,-1.137917160987854,-0.036056678742170334,0.9153672456741333,-1.3398799896240234,-0.09458765387535095,1.0408658981323242,-1.5075461864471436,-0.13382333517074585,0.44465360045433044,-0.9658249616622925,-0.014011887833476067,0.6562379598617554,-1.2782961130142212,-0.07076825946569443,0.7964364290237427,-1.460141658782959,-0.11325794458389282,0.918784499168396,-1.60823655128479,-0.13752923905849457,0.3063453733921051,-1.0561147928237915,-0.05376181751489639,0.4841548800468445,-1.3056681156158447,-0.10414822399616241,0.6049672961235046,-1.4380223751068115,-0.12240077555179596,0.7183395624160767,-1.54872465133667,-0.13011887669563293,0.0,0.0,0.0,0.018246827647089958,0.08219092339277267,0.011428183875977993,0.042141664773225784,0.12919306755065918,0.019241902977228165,0.05793055146932602,0.12969866394996643,0.025877906009554863,0.07768045365810394,0.13179491460323334,0.03323250263929367,0.08786696940660477,0.09992622584104538,0.02510865591466427,0.13041715323925018,0.13170315325260162,0.030258264392614365,0.15719594061374664,0.15190230309963226,0.033259447664022446,0.17846712470054626,0.16715963184833527,0.035061370581388474,0.10407842695713043,0.06244533881545067,0.022376684471964836,0.15592649579048157,0.09606335312128067,0.027105141431093216,0.18733766674995422,0.1200714260339737,0.028649769723415375,0.21126198768615723,0.1398685723543167,0.029688633978366852,0.11656319350004196,0.018348583951592445,0.0195071492344141,0.16645531356334686,0.05083648860454559,0.022877614945173264,0.1945732682943344,0.0726546123623848,0.022462954744696617,0.21553003787994385,0.09251820296049118,0.02240043319761753,0.12489264458417892,0.042277343571186066,0.018401889130473137,0.16708870232105255,0.022174667567014694,0.021319346502423286,0.1925085484981537,0.017347440123558044,0.02191258780658245,0.21451212465763092,0.029571089893579483,0.02226973883807659
hola,0.0,0.0,0.0,0.27620309591293335,0.054705340415239334,-0.06267430633306503,0.5248945355415344,-0.16182366013526917,-0.052847038954496384,0.6461601257324219,-0.4495794177055359,-0.04605121910572052,0.7258858680725098,-0.693894624710083,-0.03675105422735214,0.5718017816543579,-0.6872228384017944,0.061243630945682526,0.7529858350753784,-0.9617582559585571,0.016089124605059624,0.8727908134460449,-1.1353850364685059,-0.0378471314907074,0.976488471031189,-1.2956435680389404,-0.07714520394802094,0.5019896030426025,-0.8516055941581726,0.04916100203990936,0.7103229761123657,-1.1509697437286377,0.009117493405938148,0.8513568043708801,-1.3429404497146606,-0.04467811807990074,0.9794489145278931,-1.506583333015442,-0.08204983174800873,0.40903815627098083,-0.9634596109390259,0.016228990629315376,0.608890175819397,-1.269766092300415,-0.03393196314573288,0.7457152605056763,-1.4522298574447632,-0.07600868493318558,0.869158923625946,-1.6046926975250244,-0.10074026882648468,0.27963683009147644,-1.0406572818756104,-0.026667242869734764,0.4463896155357361,-1.2880496978759766,-0.07341665029525757,0.5631352663040161,-1.4273802042007446,-0.09382189810276031,0.6752946972846985,-1.5500876903533936,-0.10448767244815826,0.0,0.0,0.0,0.025908030569553375,0.09809356182813644,0.016837337985634804,0.05261377990245819,0.14432170987129211,0.026662230491638184,0.07836010307073593,0.1585990935564041,0.031888507306575775,0.10940302163362503,0.1720261573791504,0.03711067512631416,0.10376981645822525,0.10642801970243454,0.03244423866271973,0.15484517812728882,0.14193879067897797,0.03509819507598877,0.19053374230861664,0.1665279120206833,0.03536596521735191,0.21981370449066162,0.1837410181760788,0.03596555441617966,0.12373434007167816,0.06698071211576462,0.023684104904532433,0.18467959761619568,0.10151461511850357,0.027359889820218086,0.2244359254837036,0.1293681263923645,0.02796732820570469,0.2578086256980896,0.15225255489349365,0.028767652809619904,0.13649673759937286,0.01841372437775135,0.015448711812496185,0.19316832721233368,0.050714921206235886,0.018911240622401237,0.22639498114585876,0.07443849742412567,0.020001577213406563,0.25352445244789124,0.0935172438621521,0.02121770568192005,0.1438160091638565,0.045094724744558334,0.012784880585968494,0.19516238570213318,0.02598944678902626,0.016300927847623825,0.22663792967796326,0.026214126497507095,0.01898259110748768,0.25400879979133606,0.03945627808570862,0.021202802658081055
hola,0.0,0.0,0.0,0.271328866481781,0.03444908931851387,-0.11758086830377579,0.5395874977111816,-0.16626723110675812,-0.13875819742679596,0.687847375869751,-0.46750760078430176,-0.15465115010738373,0.7718714475631714,-0.772063136100769,-0.16507874429225922,0.5836747884750366,-0.7115114331245422,-0.025282541289925575,0.7698062062263489,-1.031322717666626,-0.0926891416311264,0.8801243901252747,-1.238307237625122,-0.1466238796710968,0.9696925282478333,-1.4268327951431274,-0.18184272944927216,0.4866311550140381,-0.864386260509491,-0.021545272320508957,0.7081488370895386,-1.2152726650238037,-0.09859524667263031,0.8570125699043274,-1.4327318668365479,-0.15885792672634125,0.9864484667778015,-1.6161658763885498,-0.19283530116081238,0.3514308035373688,-0.9462135434150696,-0.04020800441503525,0.5410957336425781,-1.1151906251907349,-0.16698643565177917,0.5729659795761108,-1.02559494972229,-0.21503308415412903,0.5949296355247498,-0.9676716923713684,-0.21855369210243225,0.18678507208824158,-0.984213650226593,-0.06865349411964417,0.3467702567577362,-1.0582399368286133,-0.18379472196102142,0.44366002082824707,-0.9950219392776489,-0.2201707363128662,0.5312771797180176,-0.9487022161483765,-0.2275353968143463,0.0,0.0,0.0,0.01633574068546295,0.08625432103872299,0.018952855840325356,0.04239474982023239,0.13903962075710297,0.026339538395404816,0.06730187684297562,0.15631310641765594,0.03052370250225067,0.10593944787979126,0.1630076915025711,0.035103123635053635,0.08882094919681549,0.09847941249608994,0.03739960119128227,0.1422586441040039,0.1571909338235855,0.04397215694189072,0.1739875227212906,0.20168425142765045,0.052128296345472336,0.19946974515914917,0.23032838106155396,0.058501675724983215,0.1068391501903534,0.05714188888669014,0.029709592461586,0.16758815944194794,0.11320941895246506,0.028521277010440826,0.2092236578464508,0.15738429129123688,0.03117310255765915,0.24522437155246735,0.1855170875787735,0.03394198417663574,0.11686432361602783,0.016466330736875534,0.020100276917219162,0.1738845407962799,0.14440102875232697,0.026465021073818207,0.1864514946937561,0.29239508509635925,0.01745673641562462,0.22437351942062378,0.3832602798938751,0.02498968504369259,0.12690718472003937,0.0870308205485344,0.014177229255437851,0.19264443218708038,0.036285802721977234,0.013924220576882362,0.22398628294467926,0.08645369857549667,0.019466860219836235,0.25542402267456055,0.12087755650281906,0.030991660431027412
hola,0.0,0.0,0.0,0.3039162755012512,0.11807127296924591,-0.08569417148828506,0.5894709825515747,-0.014903033152222633,-0.09347008168697357,0.7575608491897583,-0.3032425343990326,-0.09948554635047913,0.8524201512336731,-0.5796512365341187,-0.10372181981801987,0.6605805158615112,-0.5810219049453735,0.018781214952468872,0.877105712890625,-0.8552653193473816,-0.04360334202647209,1.010726809501648,-1.0384190082550049,-0.10734913498163223,1.1275413036346436,-1.2025632858276367,-0.15243740379810333,0.5855504274368286,-0.8006235361099243,0.01380697451531887,0.829838752746582,-1.1069754362106323,-0.041782744228839874,0.9897803068161011,-1.3016574382781982,-0.10111488401889801,1.1308910846710205,-1.4574925899505615,-0.14086423814296722,0.47678789496421814,-0.9547494053840637,-0.011787579394876957,0.706037700176239,-1.282109022140503,-0.07598093897104263,0.8584582209587097,-1.4670251607894897,-0.12021307647228241,0.9949917793273926,-1.60906982421875,-0.14557424187660217,0.324453741312027,-1.0598526000976562,-0.048238229006528854,0.5009995698928833,-1.3034369945526123,-0.10674421489238739,0.6276236176490784,-1.4305585622787476,-0.12894000113010406,0.7498420476913452,-1.533515453338623,-0.13923104107379913,0.0,0.0,0.0,0.023881729692220688,0.09783100336790085,0.00853766966611147,0.04965916648507118,0.14949505031108856,0.013932221569120884,0.07456087321043015,0.16221262514591217,0.01731632649898529,0.1182139441370964,0.17964431643486023,0.02061680145561695,0.08689125627279282,0.11113015562295914,0.014430294744670391,0.14190104603767395,0.1457003802061081,0.016605336219072342,0.17943033576011658,0.1726752370595932,0.018257562071084976,0.20932644605636597,0.194405198097229,0.01940959505736828,0.10421491414308548,0.0703304260969162,0.011614102870225906,0.17143866419792175,0.10467681288719177,0.015364741906523705,0.2138543426990509,0.13269321620464325,0.0170428566634655,0.24793580174446106,0.15764327347278595,0.01802956499159336,0.11513757705688477,0.023609161376953125,0.012107841670513153,0.18297380208969116,0.05372552201151848,0.017593922093510628,0.22504575550556183,0.0788089856505394,0.020846787840127945,0.2592996060848236,0.10396892577409744,0.02287767454981804,0.11893972754478455,0.042454373091459274,0.01598035916686058,0.17114749550819397,0.023367231711745262,0.021666016429662704,0.20580995082855225,0.024413546547293663,0.025144988670945168,0.23722971975803375,0.04373680055141449,0.027609875425696373
hola,0.0,0.0,0.0,0.30361315608024597,0.13400785624980927,-0.09909017384052277,0.5965503454208374,0.0337175652384758,-0.11449180543422699,0.7640624046325684,-0.2512841820716858,-0.12650232017040253,0.841620147228241,-0.545149028301239,-0.13696381449699402,0.6869185566902161,-0.5437343120574951,0.006338334642350674,0.8996891975402832,-0.8219236135482788,-0.062020909041166306,1.0282312631607056,-1.0163782835006714,-0.1322070062160492,1.1396913528442383,-1.1913474798202515,-0.182054340839386,0.6113187074661255,-0.7787609696388245,0.003949757665395737,0.8546916842460632,-1.080492377281189,-0.05961586907505989,1.0130760669708252,-1.2812373638153076,-0.12781964242458344,1.1495850086212158,-1.445857286453247,-0.17352668941020966,0.5024740099906921,-0.9435440897941589,-0.019980641081929207,0.7369255423545837,-1.2600634098052979,-0.09129531681537628,0.8917322158813477,-1.445685863494873,-0.14260241389274597,1.0270740985870361,-1.5921528339385986,-0.17167310416698456,0.3500324785709381,-1.0561583042144775,-0.055798716843128204,0.5363252758979797,-1.3064179420471191,-0.12002301216125488,0.663299560546875,-1.4423320293426514,-0.14601223170757294,0.7841550707817078,-1.5551187992095947,-0.15820105373859406,0.0,0.0,0.0,0.025276005268096924,0.09894509613513947,0.014509779401123524,0.05167979747056961,0.17292560636997223,0.02204490825533867,0.080032579600811,0.18554428219795227,0.02699385955929756,0.11869706958532333,0.18220306932926178,0.0317443422973156,0.09663034230470657,0.12458829581737518,0.023431457579135895,0.1553417146205902,0.16540828347206116,0.029352832585573196,0.19508929550647736,0.1963789314031601,0.03418726101517677,0.2285228669643402,0.21997550129890442,0.03760527819395065,0.11332453042268753,0.08112036436796188,0.01954551786184311,0.18177665770053864,0.12104272842407227,0.025727899745106697,0.2249438315629959,0.15123532712459564,0.029482722282409668,0.25953590869903564,0.17772233486175537,0.03155216947197914,0.12340205907821655,0.03533657640218735,0.016887784004211426,0.1887652575969696,0.06410860270261765,0.022049790248274803,0.23030680418014526,0.08652046322822571,0.023155556991696358,0.26298847794532776,0.10913852602243423,0.023331409320235252,0.12661594152450562,0.044656675308942795,0.017590468749403954,0.1830238699913025,0.02907702513039112,0.02079579420387745,0.21916450560092926,0.039824407547712326,0.020954733714461327,0.2504991292953491,0.06336714327335358,0.02084800787270069
hola,0.0,0.0,0.0,0.286639541387558,0.04923759028315544,-0.09174710512161255,0.5566750168800354,-0.09862838685512543,-0.10684876143932343,0.7025190591812134,-0.3878045082092285,-0.11871673911809921,0.7585523128509521,-0.6716457605361938,-0.12894119322299957,0.6171727180480957,-0.633782684803009,0.010627727024257183,0.7953101396560669,-0.923562228679657,-0.05162220075726509,0.9018962979316711,-1.1192103624343872,-0.11777503788471222,0.9963658452033997,-1.2945747375488281,-0.16525809466838837,0.5297539830207825,-0.8294989466667175,0.008462367579340935,0.7302432060241699,-1.1381514072418213,-0.04759039729833603,0.8602377772331238,-1.3365418910980225,-0.11054688692092896,0.9778448939323425,-1.5002609491348267,-0.15378166735172272,0.4151565134525299,-0.9566283226013184,-0.013939556665718555,0.6055535674095154,-1.2738769054412842,-0.0769498199224472,0.7316504716873169,-1.45973801612854,-0.12083027511835098,0.846530556678772,-1.6074116230010986,-0.1463189423084259,0.26305216550827026,-1.031299352645874,-0.04785636067390442,0.41785091161727905,-1.2823984622955322,-0.10451674461364746,0.5242148637771606,-1.421570897102356,-0.12553632259368896,0.6281446814537048,-1.53948175907135,-0.13517892360687256,0.0,0.0,0.0,0.020780052989721298,0.11980545520782471,0.010695219971239567,0.06139613315463066,0.19943729043006897,0.016325589269399643,0.0897630900144577,0.22623367607593536,0.02113393321633339,0.1313248574733734,0.2390945553779602,0.026199229061603546,0.1321224421262741,0.14286762475967407,0.01434741448611021,0.19186653196811676,0.18851888179779053,0.024102363735437393,0.234690323472023,0.21797333657741547,0.030476650223135948,0.2688301205635071,0.2450827658176422,0.0330839604139328,0.1501038372516632,0.09142378717660904,0.018201828002929688,0.22607074677944183,0.13799451291561127,0.027582887560129166,0.27552857995033264,0.17140528559684753,0.030213454738259315,0.31382328271865845,0.20008759200572968,0.030405182391405106,0.15847371518611908,0.03400096297264099,0.024384312331676483,0.23653681576251984,0.072576142847538,0.03205060586333275,0.28433161973953247,0.10276783257722855,0.03446129336953163,0.3219136595726013,0.13023142516613007,0.03529687598347664,0.15631581842899323,0.03733331337571144,0.031239841133356094,0.21719656884670258,0.0156584270298481,0.03657962381839752,0.2565828859806061,0.03931504487991333,0.037835996598005295,0.29046258330345154,0.07240266352891922,0.03894563019275665
hola,0.0,0.0,0.0,0.2835756242275238,0.08071158081293106,-0.08185924589633942,0.5630066394805908,-0.07021480053663254,-0.08903329819440842,0.7172191739082336,-0.35093069076538086,-0.09481614828109741,0.7913060188293457,-0.618911623954773,-0.09871857613325119,0.6346221566200256,-0.6219269633293152,0.022221023216843605,0.8295036554336548,-0.8835477828979492,-0.03689226880669594,0.9496834874153137,-1.056591510772705,-0.09972041100263596,1.0556175708770752,-1.2145389318466187,-0.1451745182275772,0.5587149858474731,-0.8170157670974731,0.01471345592290163,0.7809714078903198,-1.1037981510162354,-0.038724690675735474,0.9270786046981812,-1.2845380306243896,-0.09806526452302933,1.0599697828292847,-1.4390084743499756,-0.13897863030433655,0.45202702283859253,-0.9502105712890625,-0.013082318007946014,0.6678604483604431,-1.2533773183822632,-0.07538597285747528,0.8110606074333191,-1.429546594619751,-0.11917255073785782,0.941479504108429,-1.576195478439331,-0.14510761201381683,0.3040313124656677,-1.0379247665405273,-0.05167894810438156,0.4766902029514313,-1.276119351387024,-0.10916538536548615,0.5978398323059082,-1.403449296951294,-0.1313614845275879,0.7154139280319214,-1.513049602508545,-0.14248469471931458,0.0,0.0,0.0,0.019181890413165092,0.098773293197155,0.00972655601799488,0.04701095446944237,0.15278838574886322,0.015760522335767746,0.07286892831325531,0.17476829886436462,0.01992078870534897,0.12015646696090698,0.19822190701961517,0.024258635938167572,0.1003619134426117,0.11363675445318222,0.013230967335402966,0.15618202090263367,0.15768441557884216,0.017563585191965103,0.19848965108394623,0.19154106080532074,0.02094307355582714,0.23288753628730774,0.22025936841964722,0.023019282147288322,0.11903528869152069,0.07599424570798874,0.012729592621326447,0.18712744116783142,0.12159932404756546,0.01930375210940838,0.23232050240039825,0.15794046223163605,0.021685127168893814,0.26994001865386963,0.1883140355348587,0.023198425769805908,0.12960059940814972,0.02958354912698269,0.01689070463180542,0.1960347592830658,0.06693514436483383,0.024471111595630646,0.23842023313045502,0.09400825202465057,0.0276636965572834,0.2735004723072052,0.11929159611463547,0.029400847852230072,0.13324885070323944,0.03957044333219528,0.023203108459711075,0.1869204342365265,0.02155928872525692,0.02938157506287098,0.22396861016750336,0.03321832790970802,0.03260917216539383,0.2573947012424469,0.05941285938024521,0.03517153486609459
hola,0.0,0.0,0.0,0.23894557356834412,-0.04775717854499817,-0.04538089036941528,0.4342222213745117,-0.3545869290828705,-0.045820821076631546,0.525506854057312,-0.6356080770492554,-0.0536780059337616,0.6017990708351135,-0.8705289959907532,-0.060861796140670776,0.487659215927124,-0.8119217157363892,0.03987901285290718,0.6381731033325195,-1.10149085521698,-0.019254285842180252,0.7532046437263489,-1.2885507345199585,-0.07963317632675171,0.8493741154670715,-1.4595305919647217,-0.12316016852855682,0.4170406758785248,-0.8940593600273132,0.0111783342435956,0.598124623298645,-1.1845003366470337,-0.044762831181287766,0.7299878597259521,-1.3663924932479858,-0.10055281966924667,0.8503570556640625,-1.5351871252059937,-0.13891832530498505,0.32318514585494995,-0.9324592351913452,-0.035972319543361664,0.5072950124740601,-1.2180441617965698,-0.10154254734516144,0.6432187557220459,-1.3895260095596313,-0.1443760097026825,0.7648442983627319,-1.5456351041793823,-0.1694449931383133,0.20286765694618225,-0.9342033267021179,-0.09080870449542999,0.3647986352443695,-1.1498008966445923,-0.15122973918914795,0.4853154122829437,-1.2707879543304443,-0.17594115436077118,0.6005140542984009,-1.3813878297805786,-0.1898605078458786,0.0,0.0,0.0,0.03245372325181961,0.06501968204975128,0.043619245290756226,0.04529484733939171,0.07706720381975174,0.0639563649892807,0.07285181432962418,0.09020670503377914,0.07245589047670364,0.11484614759683609,0.10204321891069412,0.08048636466264725,0.11923834681510925,0.07467830926179886,0.06373095512390137,0.17308007180690765,0.08970120549201965,0.07703658938407898,0.21454721689224243,0.0924147516489029,0.08308044821023941,0.24557960033416748,0.08514958620071411,0.08460850268602371,0.14574888348579407,0.06183571740984917,0.03928843140602112,0.2123802900314331,0.08277779072523117,0.05173730105161667,0.2582286596298218,0.090830959379673,0.055829375982284546,0.2945100665092468,0.08789630979299545,0.05650787055492401,0.16360527276992798,0.03698716312646866,0.020153673365712166,0.2368251532316208,0.06483624875545502,0.029990307986736298,0.2845178544521332,0.07090720534324646,0.03231937065720558,0.31957921385765076,0.0699692815542221,0.03286341205239296,0.18023385107517242,0.03261476382613182,0.02473999187350273,0.24887549877166748,0.04139994457364082,0.029531164094805717,0.29232609272003174,0.05285269767045975,0.03414731100201607,0.32820022106170654,0.05968014895915985,0.038014139980077744
hola,0.0,0.0,0.0,0.20266655087471008,-0.06842376291751862,-0.07781995087862015,0.3993400037288666,-0.35246217250823975,-0.08972448110580444,0.49150189757347107,-0.6485844850540161,-0.09932423382997513,0.5464392900466919,-0.896507740020752,-0.10725817829370499,0.4252435266971588,-0.8258517980575562,0.0023159408010542393,0.551998496055603,-1.117638111114502,-0.06034987419843674,0.6334871649742126,-1.30408775806427,-0.12247598171234131,0.7038135528564453,-1.4687715768814087,-0.16665102541446686,0.35961395502090454,-0.9121742248535156,-0.005500831175595522,0.5061255097389221,-1.2177642583847046,-0.06185835599899292,0.603075385093689,-1.4102144241333008,-0.11841074377298355,0.6912518739700317,-1.5777720212936401,-0.15732194483280182,0.27579763531684875,-0.9386499524116516,-0.03173081576824188,0.41617122292518616,-1.2492291927337646,-0.0956626683473587,0.5112103819847107,-1.4348514080047607,-0.13579688966274261,0.5978215932846069,-1.5963994264602661,-0.15940861403942108,0.16601085662841797,-0.9169667959213257,-0.06774099171161652,0.2788430154323578,-1.156543493270874,-0.12747898697853088,0.3604218065738678,-1.2935149669647217,-0.14981737732887268,0.4390689730644226,-1.414442777633667,-0.16098856925964355,0.0,0.0,0.0,0.10436639189720154,0.1455603539943695,0.026068706065416336,0.17924723029136658,0.20924648642539978,0.039529960602521896,0.21911785006523132,0.2222638577222824,0.04749756306409836,0.26943501830101013,0.23541827499866486,0.05587736517190933,0.198091059923172,0.13570278882980347,0.0387224443256855,0.28037121891975403,0.16155044734477997,0.04688676446676254,0.3424738347530365,0.1805143505334854,0.053061459213495255,0.3928442597389221,0.18953435122966766,0.05705065652728081,0.18297147750854492,0.06587450206279755,0.027708249166607857,0.27835923433303833,0.09269451349973679,0.03600538522005081,0.3459356725215912,0.11165760457515717,0.04198973625898361,0.4062412977218628,0.12082914263010025,0.046592168509960175,0.17091646790504456,0.04919525980949402,0.022015435621142387,0.2618238627910614,0.06230119615793228,0.027621475979685783,0.3271149694919586,0.07065219432115555,0.028986530378460884,0.3860192596912384,0.07217832654714584,0.030351420864462852,0.17073433101177216,0.13265688717365265,0.0267556831240654,0.23785802721977234,0.13127508759498596,0.030671142041683197,0.2882196307182312,0.12274100631475449,0.03247077763080597,0.3365086615085602,0.11568799614906311,0.03443970903754234
hola,0.0,0.0,0.0,0.23030820488929749,-0.04171999171376228,-0.09181730449199677,0.4661877751350403,-0.28872114419937134,-0.11025527864694595,0.5865340232849121,-0.5761476755142212,-0.12395511567592621,0.6539441347122192,-0.8189166784286499,-0.13587698340415955,0.52154541015625,-0.764992892742157,-0.015426388010382652,0.6718586683273315,-1.0512503385543823,-0.08073191344738007,0.7622271776199341,-1.2374913692474365,-0.14442402124404907,0.8399519920349121,-1.4035030603408813,-0.1905476152896881,0.44156956672668457,-0.8696470260620117,-0.018698986619710922,0.6115317344665527,-1.168090581893921,-0.0781201422214508,0.7207620739936829,-1.3604986667633057,-0.13770171999931335,0.8169363737106323,-1.5269383192062378,-0.17896237969398499,0.3368225395679474,-0.9072907567024231,-0.04061007872223854,0.4949416518211365,-1.217033863067627,-0.10936178267002106,0.5912338495254517,-1.4019254446029663,-0.15405163168907166,0.6768190860748291,-1.5620734691619873,-0.1806894689798355,0.20111162960529327,-0.8902161717414856,-0.0731191337108612,0.3144567012786865,-1.127150297164917,-0.1383453756570816,0.3900779187679291,-1.2638648748397827,-0.1643032729625702,0.4618566632270813,-1.3855841159820557,-0.17765271663665771,0.0,0.0,0.0,0.04633099585771561,0.16005779802799225,0.019920099526643753,0.08731954544782639,0.23013116419315338,0.028312349691987038,0.12720009684562683,0.23270176351070404,0.03214716166257858,0.1861882209777832,0.24079719185829163,0.0369618758559227,0.17064306139945984,0.12725898623466492,0.026241833344101906,0.2528916895389557,0.15910232067108154,0.027795936912298203,0.3129797875881195,0.18499229848384857,0.030662113800644875,0.36387738585472107,0.20539911091327667,0.033309455960989,0.19837066531181335,0.09321331977844238,0.018476974219083786,0.2897501587867737,0.12622667849063873,0.022744525223970413,0.3524513840675354,0.15345679223537445,0.02866666205227375,0.40563809871673584,0.17948748171329498,0.03339165821671486,0.21297171711921692,0.13702291250228882,0.020583465695381165,0.300814688205719,0.1557910293340683,0.02951299026608467,0.3517199158668518,0.1665942519903183,0.03268357738852501,0.39690011739730835,0.1846102774143219,0.033174555748701096,0.21598562598228455,0.21567323803901672,0.030692514032125473,0.28701111674308777,0.20895381271839142,0.03721213713288307,0.33260655403137207,0.19769836962223053,0.038173362612724304,0.3741037845611572,0.1973496675491333,0.038439277559518814
hola,0.0,0.0,0.0,0.23873743414878845,0.04523143917322159,-0.12184987217187881,0.48202458024024963,-0.14529958367347717,-0.157475084066391,0.5994083881378174,-0.4180409908294678,-0.18328718841075897,0.6544265151023865,-0.6734575033187866,-0.20715005695819855,0.5573449730873108,-0.6954843401908875,-0.046315841376781464,0.7033412456512451,-0.9883804321289062,-0.12300457060337067,0.7834486961364746,-1.1853551864624023,-0.19722126424312592,0.8515388369560242,-1.3626251220703125,-0.25022128224372864,0.46786004304885864,-0.8563265800476074,-0.03791016712784767,0.63555908203125,-1.1580886840820312,-0.10672622919082642,0.7443768382072449,-1.3582687377929688,-0.17587842047214508,0.8392206430435181,-1.5312269926071167,-0.22405175864696503,0.35205766558647156,-0.9455234408378601,-0.050130464136600494,0.511989951133728,-1.258105993270874,-0.1234281063079834,0.6164696216583252,-1.445383071899414,-0.1745447814464569,0.7098873853683472,-1.6074650287628174,-0.20633836090564728,0.2065095156431198,-0.9770992994308472,-0.0754714161157608,0.32741400599479675,-1.2212097644805908,-0.14192475378513336,0.41286501288414,-1.3554726839065552,-0.17051337659358978,0.49480676651000977,-1.470745325088501,-0.1864943504333496,0.0,0.0,0.0,0.03650486096739769,0.11316656321287155,0.04101523756980896,0.08590930700302124,0.19412048161029816,0.06488843262195587,0.1273684948682785,0.2384480983018875,0.08115533739328384,0.18490158021450043,0.26133179664611816,0.09726357460021973,0.1734074354171753,0.14323502779006958,0.04942474886775017,0.2524537444114685,0.189675435423851,0.06425981223583221,0.3127516210079193,0.22416120767593384,0.07755299657583237,0.36527305841445923,0.25705230236053467,0.08628617227077484,0.19226649403572083,0.0914476290345192,0.03233473375439644,0.28361377120018005,0.1427387297153473,0.045542001724243164,0.3503012955188751,0.1835556924343109,0.05773166939616203,0.4081041216850281,0.22116686403751373,0.06699145585298538,0.19596904516220093,0.03749028220772743,0.021535538136959076,0.2858837842941284,0.07924573123455048,0.03381672874093056,0.3479587137699127,0.11135800927877426,0.04070824012160301,0.40270519256591797,0.14183184504508972,0.04509999230504036,0.18557286262512207,0.051962509751319885,0.02373618446290493,0.2596757113933563,0.045318275690078735,0.030058514326810837,0.31066152453422546,0.05576005205512047,0.0323140025138855,0.3568355441093445,0.0745709240436554,0.03448103740811348
hola,0.0,0.0,0.0,0.2833828032016754,0.05194935202598572,-0.08064839988946915,0.5512365102767944,-0.12047901004552841,-0.09002046287059784,0.7015334367752075,-0.4063478112220764,-0.09839161485433578,0.7765825390815735,-0.6763395071029663,-0.10524187982082367,0.6211419105529785,-0.6474542617797852,0.020667333155870438,0.8018113970756531,-0.9315176010131836,-0.03697695955634117,0.9019647836685181,-1.1215449571609497,-0.09971090406179428,0.9879790544509888,-1.2912042140960693,-0.14480307698249817,0.5340021252632141,-0.8307655453681946,0.015265186317265034,0.7368291020393372,-1.1410729885101318,-0.0333225317299366,0.8624798059463501,-1.3415052890777588,-0.09217537939548492,0.974063515663147,-1.511915922164917,-0.1339191496372223,0.4180827736854553,-0.9482080340385437,-0.009550100192427635,0.609647810459137,-1.2655125856399536,-0.06605596095323563,0.7307831645011902,-1.4511632919311523,-0.10859396308660507,0.8404034376144409,-1.6041462421417236,-0.1352652907371521,0.2641504406929016,-1.017656683921814,-0.04485512524843216,0.4048144817352295,-1.272686243057251,-0.09751872718334198,0.5039268136024475,-1.4075621366500854,-0.1177956834435463,0.6024643182754517,-1.5211665630340576,-0.12814266979694366,0.0,0.0,0.0,0.030494505539536476,0.1028834655880928,0.013386685401201248,0.05929211899638176,0.17029809951782227,0.020604407414793968,0.09161897003650665,0.19910261034965515,0.025128820911049843,0.1441088616847992,0.21850939095020294,0.02962454780936241,0.11316382884979248,0.12202158570289612,0.023012323305010796,0.17604708671569824,0.16402162611484528,0.030027393251657486,0.22147604823112488,0.19171497225761414,0.03364274278283119,0.26128754019737244,0.2081940621137619,0.035748742520809174,0.13394637405872345,0.07737908512353897,0.02254214510321617,0.20961202681064606,0.10785014182329178,0.030392419546842575,0.2620670199394226,0.12617067992687225,0.03043603152036667,0.3056561052799225,0.13641390204429626,0.029870081692934036,0.14251931011676788,0.02948136068880558,0.026582472026348114,0.21496175229549408,0.049727458506822586,0.03476952016353607,0.26287955045700073,0.06482025980949402,0.03803876414895058,0.3044155240058899,0.07477080821990967,0.03969339281320572,0.138999804854393,0.040983546525239944,0.0336218923330307,0.19448575377464294,0.033682577311992645,0.04206781089305878,0.23416505753993988,0.032168563455343246,0.04706750437617302,0.2719182074069977,0.036997754126787186,0.05060607194900513
hola,0.0,0.0,0.0,0.2856920659542084,0.11126544326543808,-0.08680764585733414,0.5804888010025024,-0.040598999708890915,-0.09527218341827393,0.7548641562461853,-0.31011852622032166,-0.10248937457799911,0.8758739233016968,-0.5572035908699036,-0.10749472677707672,0.6891433000564575,-0.5837315320968628,0.02114635892212391,0.9156883358955383,-0.8229440450668335,-0.04471341148018837,1.0627402067184448,-0.9784035682678223,-0.11196724325418472,1.191396951675415,-1.1209174394607544,-0.15924234688282013,0.6223374009132385,-0.773589551448822,0.014133247546851635,0.8770982623100281,-1.0334010124206543,-0.04283595830202103,1.0455691814422607,-1.1949713230133057,-0.10279786586761475,1.1985063552856445,-1.3261072635650635,-0.1438083052635193,0.5196405053138733,-0.9100288152694702,-0.015093971975147724,0.7658721208572388,-1.1829521656036377,-0.0805286318063736,0.926429271697998,-1.3430596590042114,-0.1241074800491333,1.0713589191436768,-1.4694154262542725,-0.149468794465065,0.37125134468078613,-1.0148332118988037,-0.055912453681230545,0.564857542514801,-1.219780445098877,-0.11547236144542694,0.6980689764022827,-1.3312817811965942,-0.1379539668560028,0.825109601020813,-1.4258110523223877,-0.14902488887310028,0.0,0.0,0.0,0.01156305056065321,0.06978581845760345,0.00858363788574934,0.0281631201505661,0.09704709053039551,0.011864682659506798,0.0435597263276577,0.1265738308429718,0.013494561426341534,0.08082547783851624,0.16614565253257751,0.015620586462318897,0.07341789454221725,0.08258669823408127,0.012019220739603043,0.11663784831762314,0.13373886048793793,0.0168744083493948,0.15044982731342316,0.17410287261009216,0.020575691014528275,0.1786307543516159,0.20004218816757202,0.023088281974196434,0.09422221779823303,0.07062990963459015,0.01375055592507124,0.14915484189987183,0.12608817219734192,0.02304311841726303,0.1885978877544403,0.1641474813222885,0.02561408095061779,0.224075049161911,0.18806584179401398,0.026305129751563072,0.10750124603509903,0.0483095608651638,0.021212635561823845,0.16355574131011963,0.0964677706360817,0.0311235710978508,0.2039221078157425,0.12372300773859024,0.03586622700095177,0.24112209677696228,0.14135970175266266,0.038027074187994,0.11441757529973984,0.016029492020606995,0.03053979203104973,0.15663716197013855,0.05819566175341606,0.03880862891674042,0.19087530672550201,0.07990387827157974,0.04423554986715317,0.22556723654270172,0.09694111347198486,0.04821400344371796
hola,0.0,0.0,0.0,0.28971853852272034,0.09765138477087021,-0.09695933759212494,0.5711423754692078,-0.03548210859298706,-0.11637157201766968,0.7318786978721619,-0.30638593435287476,-0.1321541666984558,0.8169546127319336,-0.572701632976532,-0.1464354693889618,0.6600573062896729,-0.5947445034980774,-0.006938918028026819,0.8577707409858704,-0.8709967732429504,-0.07887648046016693,0.9790997505187988,-1.056913137435913,-0.1491176337003708,1.0856999158859253,-1.2232962846755981,-0.1989012062549591,0.5786858797073364,-0.7988532185554504,-0.010651159100234509,0.8009681701660156,-1.0949432849884033,-0.07599949836730957,0.943115234375,-1.2877905368804932,-0.14138929545879364,1.0700703859329224,-1.449688196182251,-0.18576574325561523,0.4632143974304199,-0.9377933740615845,-0.034668631851673126,0.6772125959396362,-1.2454659938812256,-0.10679326951503754,0.815443217754364,-1.4212323427200317,-0.15345662832260132,0.9403846859931946,-1.5663597583770752,-0.180728942155838,0.3050526976585388,-1.0270236730575562,-0.07012366503477097,0.46928858757019043,-1.2574636936187744,-0.13562904298305511,0.5856075286865234,-1.3791173696517944,-0.16055989265441895,0.6983551383018494,-1.4818967580795288,-0.17261114716529846,0.0,0.0,0.0,0.026161178946495056,0.11333382874727249,0.02493109367787838,0.0632951408624649,0.17962294816970825,0.038026995956897736,0.09818971902132034,0.2042352259159088,0.04692479595541954,0.14952176809310913,0.2212754637002945,0.0549851693212986,0.11792749166488647,0.13376812636852264,0.027521612122654915,0.1839931458234787,0.19763171672821045,0.03631940856575966,0.23173083364963531,0.24140894412994385,0.04370352625846863,0.2715150713920593,0.2760920524597168,0.047914523631334305,0.1355411857366562,0.09009154140949249,0.018838990479707718,0.2147200107574463,0.15707296133041382,0.027720654383301735,0.2673683166503906,0.20505107939243317,0.032863009721040726,0.3114822804927826,0.243940532207489,0.035806816071271896,0.14380483329296112,0.035867806524038315,0.014095809310674667,0.2222795933485031,0.09280894696712494,0.022491533309221268,0.27070966362953186,0.13010548055171967,0.02571689337491989,0.31112343072891235,0.1647045612335205,0.027044840157032013,0.14306363463401794,0.04253325238823891,0.015732333064079285,0.203205868601799,0.02959560975432396,0.022788068279623985,0.2433115839958191,0.059416692703962326,0.02768450416624546,0.2805577218532562,0.0971551463007927,0.03152149170637131
hola,0.0,0.0,0.0,0.24205240607261658,0.02506735362112522,-0.10913064330816269,0.47848978638648987,-0.18031412363052368,-0.1367717683315277,0.5956162810325623,-0.45376354455947876,-0.15707240998744965,0.6559168100357056,-0.6956616640090942,-0.17519742250442505,0.5316428542137146,-0.7185544967651367,-0.0272772666066885,0.6730508208274841,-1.0040321350097656,-0.098368801176548,0.751773476600647,-1.1921461820602417,-0.16862981021404266,0.8193291425704956,-1.3632776737213135,-0.21897569298744202,0.44299596548080444,-0.8684242963790894,-0.022615868598222733,0.6068151593208313,-1.1643555164337158,-0.08602482080459595,0.7130842804908752,-1.3608564138412476,-0.15074139833450317,0.8077118992805481,-1.5333688259124756,-0.19553498923778534,0.32962629199028015,-0.9470569491386414,-0.038142018020153046,0.4842645525932312,-1.2579772472381592,-0.10711617767810822,0.5866808891296387,-1.4446930885314941,-0.15379436314105988,0.6800194382667542,-1.607229471206665,-0.18204070627689362,0.18613897264003754,-0.9685247540473938,-0.06599925458431244,0.301177978515625,-1.2112191915512085,-0.12922599911689758,0.3852645456790924,-1.3484528064727783,-0.1551644206047058,0.46820181608200073,-1.4679253101348877,-0.16881868243217468,0.0,0.0,0.0,0.04323723167181015,0.1221960261464119,0.01730133593082428,0.09986844658851624,0.19452308118343353,0.03270353376865387,0.15137985348701477,0.22372272610664368,0.0454641692340374,0.21743042767047882,0.24520398676395416,0.05867981165647507,0.18028786778450012,0.15010912716388702,0.0306719783693552,0.2648804783821106,0.19346776604652405,0.039238233119249344,0.3278302550315857,0.22379037737846375,0.0486345998942852,0.38303041458129883,0.25189658999443054,0.054746367037296295,0.19816040992736816,0.0960819199681282,0.024144679307937622,0.2919161915779114,0.1403540074825287,0.03369991481304169,0.35834458470344543,0.17225269973278046,0.04250793531537056,0.41666534543037415,0.20173555612564087,0.048798732459545135,0.20079943537712097,0.03638776019215584,0.022467583417892456,0.2933962941169739,0.06758293509483337,0.03243114799261093,0.35479971766471863,0.09291568398475647,0.038981784135103226,0.4094022512435913,0.12094791978597641,0.042855843901634216,0.18968582153320312,0.05431559681892395,0.0276707261800766,0.26916077733039856,0.0418245829641819,0.035046402364969254,0.3228398561477661,0.04237313196063042,0.03928389400243759,0.3729497790336609,0.05828680843114853,0.04274630546569824
hola,0.0,0.0,0.0,0.2549436390399933,0.054728150367736816,-0.08824023604393005,0.5289555788040161,-0.1067102700471878,-0.10522446781396866,0.6859182119369507,-0.3829644024372101,-0.11904630810022354,0.7866843938827515,-0.6273971796035767,-0.13115248084068298,0.6533102989196777,-0.6264130473136902,-0.009440467692911625,0.8611284494400024,-0.8895816802978516,-0.07677220553159714,0.9901397824287415,-1.0687525272369385,-0.1425788253545761,1.1012263298034668,-1.2354170083999634,-0.18958190083503723,0.5841168165206909,-0.7937560081481934,-0.017561493441462517,0.8202003240585327,-1.0664043426513672,-0.0766119584441185,0.9739527702331543,-1.2390644550323486,-0.13489192724227905,1.1102186441421509,-1.3863180875778198,-0.17423319816589355,0.4806903302669525,-0.8988308906555176,-0.044636111706495285,0.7041719555854797,-1.1990749835968018,-0.10911048948764801,0.8503006100654602,-1.3775426149368286,-0.150239959359169,0.9827361106872559,-1.5255463123321533,-0.17484557628631592,0.33296313881874084,-0.9577503204345703,-0.08286106586456299,0.49777278304100037,-1.1959477663040161,-0.1421484500169754,0.6125931739807129,-1.329082727432251,-0.1624467819929123,0.723764181137085,-1.4426301717758179,-0.17183253169059753,0.0,0.0,0.0,0.05155355483293533,0.1568940430879593,0.013882294297218323,0.08115856349468231,0.2498311549425125,0.0191329512745142,0.09714792668819427,0.27156999707221985,0.021995527669787407,0.13114511966705322,0.29587242007255554,0.0256153866648674,0.12571415305137634,0.15331792831420898,0.016327865421772003,0.17398181557655334,0.19816507399082184,0.022967606782913208,0.21185147762298584,0.2260173112154007,0.02929299883544445,0.24418963491916656,0.2448752224445343,0.03344627469778061,0.13962048292160034,0.09363170713186264,0.013777023181319237,0.1991865038871765,0.14639927446842194,0.02459346503019333,0.24221429228782654,0.18115265667438507,0.030155979096889496,0.2803030014038086,0.20746652781963348,0.032564397901296616,0.15148571133613586,0.09043364971876144,0.01907154731452465,0.21028850972652435,0.11547552794218063,0.03081141598522663,0.2505042552947998,0.12847700715065002,0.03641005605459213,0.28612273931503296,0.13919149339199066,0.03859005123376846,0.16231778264045715,0.15643860399723053,0.027661455795168877,0.21283583343029022,0.16835495829582214,0.03686712682247162,0.24484771490097046,0.1685555875301361,0.040675949305295944,0.2749192416667938,0.1689525544643402,0.04264148697257042
hola,0.0,0.0,0.0,0.29266518354415894,0.13749411702156067,-0.0895673856139183,0.5970515608787537,0.025121282786130905,-0.10457412153482437,0.7835732698440552,-0.23584990203380585,-0.11774929612874985,0.9089647531509399,-0.48346108198165894,-0.1296187937259674,0.7412924766540527,-0.5097843408584595,0.0028707734309136868,0.9813011288642883,-0.7420445680618286,-0.0665251612663269,1.1348358392715454,-0.9057114720344543,-0.13582728803157806,1.2672559022903442,-1.061370849609375,-0.18508313596248627,0.6714843511581421,-0.7247945666313171,-0.005494742188602686,0.9411619901657104,-0.9595646858215332,-0.06537669152021408,1.1169096231460571,-1.1061677932739258,-0.12557801604270935,1.2739992141723633,-1.2293237447738647,-0.16629108786582947,0.5616095662117004,-0.882774829864502,-0.03447752445936203,0.8200461268424988,-1.1439341306686401,-0.10040541738271713,0.9868737459182739,-1.2988555431365967,-0.14210245013237,1.1387567520141602,-1.4239479303359985,-0.16697736084461212,0.40071505308151245,-1.0048725605010986,-0.07502250373363495,0.5945419669151306,-1.2087414264678955,-0.13433684408664703,0.7295008897781372,-1.3108928203582764,-0.15324696898460388,0.8594875335693359,-1.3948585987091064,-0.16170181334018707,0.0,0.0,0.0,0.009741406887769699,0.07270298153162003,0.008915225975215435,0.031069377437233925,0.11507905274629593,0.01253371499478817,0.05429801344871521,0.1471976786851883,0.015384417027235031,0.08117008209228516,0.18435832858085632,0.018870681524276733,0.09592822194099426,0.11557033658027649,0.012256755493581295,0.13369585573673248,0.16942141950130463,0.014034229330718517,0.1616806536912918,0.20562539994716644,0.017681840807199478,0.1843312829732895,0.2306702584028244,0.0208441074937582,0.11550483852624893,0.1014716699719429,0.010657815262675285,0.16380968689918518,0.16939565539360046,0.01693672314286232,0.19605059921741486,0.21228237450122833,0.0213631559163332,0.2236243635416031,0.2424987107515335,0.02420703135430813,0.12659449875354767,0.07574798166751862,0.015493682585656643,0.1797475665807724,0.1379442811012268,0.02270030416548252,0.21377995610237122,0.1770908683538437,0.02583329565823078,0.24343790113925934,0.20492880046367645,0.027485033497214317,0.13048765063285828,0.03982243686914444,0.023468954488635063,0.17274391651153564,0.09550078213214874,0.0292215533554554,0.20142748951911926,0.12874944508075714,0.03185758739709854,0.2289132922887802,0.15698650479316711,0.03394908457994461
hola,0.0,0.0,0.0,0.2770077586174011,0.10691051185131073,-0.09424792230129242,0.5590778589248657,-0.0030587478540837765,-0.11657049506902695,0.7189391851425171,-0.22277870774269104,-0.13769635558128357,0.8149639368057251,-0.4453662931919098,-0.1557903289794922,0.7055357098579407,-0.5377674698829651,0.002480909926816821,0.9160779714584351,-0.7490638494491577,-0.07252301275730133,1.0325489044189453,-0.8689510226249695,-0.14821696281433105,1.1335718631744385,-0.9818116426467896,-0.20027191936969757,0.6320945024490356,-0.7422119975090027,-0.005204832646995783,0.8687292337417603,-0.9707196950912476,-0.06736493110656738,1.0217396020889282,-1.099228024482727,-0.1306760609149933,1.1611452102661133,-1.2056117057800293,-0.1740838587284088,0.5185860395431519,-0.8901503682136536,-0.03528016805648804,0.7480929493904114,-1.1352133750915527,-0.10389058291912079,0.895307719707489,-1.2461973428726196,-0.14749129116535187,1.0297162532806396,-1.3324916362762451,-0.17318110167980194,0.35908016562461853,-0.9982566833496094,-0.07773454487323761,0.5292608737945557,-1.191033124923706,-0.13671602308750153,0.6519445776939392,-1.279937982559204,-0.15633462369441986,0.7721645832061768,-1.3496110439300537,-0.1659475415945053,0.0,0.0,0.0,0.018542610108852386,0.1234060674905777,0.01923084259033203,0.056936781853437424,0.21337255835533142,0.032644398510456085,0.09737839549779892,0.271176278591156,0.045407768338918686,0.1510699838399887,0.3054567873477936,0.058329105377197266,0.14495407044887543,0.1789252609014511,0.021389655768871307,0.21404202282428741,0.26491132378578186,0.03328020125627518,0.26544636487960815,0.3321584463119507,0.0467846654355526,0.31320422887802124,0.3895570635795593,0.053517553955316544,0.1720884144306183,0.14002619683742523,0.018138160929083824,0.25131818652153015,0.23395301401615143,0.03437652811408043,0.3045905530452728,0.3081260323524475,0.04287015646696091,0.3509308695793152,0.37228697538375854,0.04705828055739403,0.18639039993286133,0.08394414931535721,0.023679297417402267,0.2667788565158844,0.1697070151567459,0.040020424872636795,0.31694918870925903,0.24283981323242188,0.04289844259619713,0.35934871435165405,0.3153974115848541,0.04230162873864174,0.1897439956665039,0.02874583564698696,0.03483635559678078,0.2601732909679413,0.08742789179086685,0.04525068774819374,0.3061544597148895,0.1407657265663147,0.04785921424627304,0.3468773663043976,0.19520500302314758,0.04920541122555733
hola,0.0,0.0,0.0,0.23079578578472137,-0.038438841700553894,-0.052424002438783646,0.4347447454929352,-0.30546900629997253,-0.05891742184758186,0.5267213582992554,-0.5622840523719788,-0.07057861983776093,0.5636313557624817,-0.7660292387008667,-0.08181750774383545,0.48955291509628296,-0.791729211807251,0.02883785031735897,0.6391762495040894,-1.0720365047454834,-0.03024890646338463,0.738666296005249,-1.2362260818481445,-0.09149812161922455,0.8192351460456848,-1.3839294910430908,-0.134918674826622,0.4167986512184143,-0.8945310711860657,0.0059247552417218685,0.6004751920700073,-1.1791040897369385,-0.04679877310991287,0.733853816986084,-1.348515272140503,-0.10107667744159698,0.8564688563346863,-1.4986575841903687,-0.13845433294773102,0.3186900317668915,-0.9463407397270203,-0.03494029492139816,0.5002787113189697,-1.2385551929473877,-0.09666401892900467,0.6356932520866394,-1.4011116027832031,-0.1387881189584732,0.7591644525527954,-1.5406272411346436,-0.16413936018943787,0.19090008735656738,-0.9547739028930664,-0.08382319658994675,0.33810147643089294,-1.1709356307983398,-0.13954706490039825,0.4509778618812561,-1.2787258625030518,-0.16043628752231598,0.561905026435852,-1.3694041967391968,-0.17219343781471252,0.0,0.0,0.0,0.022081196308135986,0.07881146669387817,0.023323509842157364,0.04290533438324928,0.11165137588977814,0.03185810521245003,0.06319231539964676,0.15473432838916779,0.035548288375139236,0.10502535849809647,0.20719671249389648,0.04092155396938324,0.12691469490528107,0.08111438155174255,0.028630798682570457,0.1787652224302292,0.1075386330485344,0.033380571752786636,0.22547464072704315,0.15262891352176666,0.03818211331963539,0.2669222056865692,0.20910626649856567,0.039513420313596725,0.14513364434242249,0.0678011029958725,0.01992577500641346,0.20626817643642426,0.10791927576065063,0.02599557489156723,0.2514007091522217,0.13747750222682953,0.02973512001335621,0.28838998079299927,0.15536175668239594,0.032565243542194366,0.15543054044246674,0.03977803885936737,0.02493210881948471,0.2209073007106781,0.08915060758590698,0.031183721497654915,0.2703644037246704,0.11690884083509445,0.03731904178857803,0.30909138917922974,0.1347261518239975,0.042066048830747604,0.16221360862255096,0.021700002253055573,0.03775590658187866,0.2228044867515564,0.05137034133076668,0.04210229590535164,0.2665593922138214,0.08702442795038223,0.045419976115226746,0.3056996464729309,0.1221311092376709,0.04897765442728996
hola,0.0,0.0,0.0,0.24645280838012695,0.0005480848485603929,-0.06727533787488937,0.48299169540405273,-0.22158090770244598,-0.06823056936264038,0.6002575159072876,-0.5003928542137146,-0.07113555073738098,0.6499751210212708,-0.7465733885765076,-0.07180089503526688,0.5548833608627319,-0.7132623195648193,0.04578419029712677,0.7074235081672668,-0.9978199005126953,-0.001375960186123848,0.7986192107200623,-1.1862695217132568,-0.057887814939022064,0.8764657974243164,-1.3556997776031494,-0.0997689813375473,0.47763723134994507,-0.8566167950630188,0.03540940582752228,0.6499261856079102,-1.1555755138397217,-0.009065751917660236,0.7597593069076538,-1.3465702533721924,-0.06643335521221161,0.8565607070922852,-1.5110899209976196,-0.10595639795064926,0.3796918988227844,-0.9449136853218079,0.005649422761052847,0.5466923117637634,-1.2451525926589966,-0.04587925970554352,0.6545189619064331,-1.4234868288040161,-0.08630377054214478,0.7503805160522461,-1.5759589672088623,-0.11032278835773468,0.25375697016716003,-0.9897187352180481,-0.034368764609098434,0.39612430334091187,-1.2363519668579102,-0.08050258457660675,0.49059367179870605,-1.3764218091964722,-0.09886642545461655,0.5828321576118469,-1.4982160329818726,-0.10812671482563019,0.0,0.0,0.0,0.04560786113142967,0.1274583786725998,0.012547536753118038,0.08728102594614029,0.1951807588338852,0.021899310871958733,0.11841198801994324,0.21620430052280426,0.02834589034318924,0.16646556556224823,0.22637416422367096,0.03505128622055054,0.14993923902511597,0.1356097161769867,0.02240927703678608,0.21564948558807373,0.1613556444644928,0.026894481852650642,0.2663542926311493,0.17627659440040588,0.03115229122340679,0.3087786138057709,0.18055690824985504,0.03436191380023956,0.1714954376220703,0.08404397964477539,0.018505176529288292,0.2517135739326477,0.11162318289279938,0.02617192082107067,0.3077857196331024,0.12827669084072113,0.03159326687455177,0.3568548858165741,0.1387682408094406,0.0351000539958477,0.18269813060760498,0.02871917001903057,0.02062699757516384,0.2613297402858734,0.04995991662144661,0.028176048770546913,0.3152063488960266,0.06140213832259178,0.03301520645618439,0.36306309700012207,0.06938951462507248,0.035820942372083664,0.1827094554901123,0.06828059256076813,0.028511933982372284,0.24940553307533264,0.048701461404561996,0.03492285683751106,0.295183390378952,0.03699633851647377,0.0384858176112175,0.3376144766807556,0.038606684654951096,0.041169993579387665
hola,0.0,0.0,0.0,0.27799874544143677,0.11651420593261719,-0.0938948467373848,0.562727153301239,-0.00795738399028778,-0.11123333871364594,0.7224268317222595,-0.26159173250198364,-0.12631109356880188,0.8045137524604797,-0.4945376515388489,-0.1389285773038864,0.6970861554145813,-0.5540469884872437,0.011645758524537086,0.9149768948554993,-0.7962828874588013,-0.054125912487506866,1.0497477054595947,-0.9530345797538757,-0.12318550050258636,1.1653807163238525,-1.089368462562561,-0.17194786667823792,0.6291831731796265,-0.7532932162284851,0.007505523506551981,0.8744314312934875,-1.0043317079544067,-0.050560832023620605,1.036548376083374,-1.1546112298965454,-0.1140991672873497,1.1763461828231812,-1.27668297290802,-0.15693998336791992,0.5267363786697388,-0.8943694233894348,-0.018297921866178513,0.7631469964981079,-1.157147765159607,-0.08160276710987091,0.9191713333129883,-1.306536316871643,-0.12634673714637756,1.0546679496765137,-1.4257980585098267,-0.15238407254219055,0.38487762212753296,-0.9930461645126343,-0.056334204971790314,0.573101818561554,-1.2027289867401123,-0.11081361770629883,0.6995741724967957,-1.3133386373519897,-0.1304014027118683,0.8175079226493835,-1.4039816856384277,-0.13954271376132965,0.0,0.0,0.0,0.028003733605146408,0.1016848012804985,0.021358730271458626,0.05446746200323105,0.16977161169052124,0.03496308624744415,0.08590707182884216,0.2004333734512329,0.044470593333244324,0.14348845183849335,0.2385542094707489,0.05464255064725876,0.12815456092357635,0.14818944036960602,0.030497146770358086,0.19229553639888763,0.1967080682516098,0.0357385091483593,0.24021108448505402,0.24192920327186584,0.04119139909744263,0.282969206571579,0.27927470207214355,0.04613732546567917,0.15231014788150787,0.11309162527322769,0.025167221203446388,0.23042482137680054,0.15732619166374207,0.03493224084377289,0.28468289971351624,0.1896037459373474,0.04054662212729454,0.33237627148628235,0.2157699465751648,0.04421939328312874,0.1642736941576004,0.0676146149635315,0.027698630467057228,0.24275001883506775,0.10297779738903046,0.038804132491350174,0.29574114084243774,0.1281057745218277,0.04642518237233162,0.342433899641037,0.15108005702495575,0.05080726370215416,0.16505718231201172,0.02769460901618004,0.03693486750125885,0.22783300280570984,0.051911525428295135,0.04610930755734444,0.2733648717403412,0.07047651708126068,0.05269338935613632,0.31631338596343994,0.08618318289518356,0.05741029977798462
hola,0.0,0.0,0.0,0.22335222363471985,-0.057509876787662506,-0.07052154093980789,0.41865047812461853,-0.31678181886672974,-0.08492282778024673,0.4978533685207367,-0.5798979997634888,-0.100184366106987,0.5299402475357056,-0.7976117134094238,-0.11493410915136337,0.44805437326431274,-0.8058649897575378,0.0046345083974301815,0.5779547691345215,-1.0863049030303955,-0.06016793102025986,0.6656293272972107,-1.2568631172180176,-0.12453971058130264,0.740900456905365,-1.4086710214614868,-0.1696486473083496,0.3642727732658386,-0.9063189625740051,-0.009447567164897919,0.517026960849762,-1.2031614780426025,-0.06778964400291443,0.6264699697494507,-1.3841748237609863,-0.12485300004482269,0.7271965146064758,-1.5432498455047607,-0.1634013056755066,0.2586226165294647,-0.9466862678527832,-0.041595276445150375,0.4038251042366028,-1.252731204032898,-0.10534025728702545,0.5106285810470581,-1.4272538423538208,-0.14511939883232117,0.6093038320541382,-1.5785958766937256,-0.16801370680332184,0.12493916600942612,-0.9348329305648804,-0.08328760415315628,0.24205107986927032,-1.1735423803329468,-0.14004544913768768,0.331704318523407,-1.3080828189849854,-0.1601264625787735,0.4192192554473877,-1.4273149967193604,-0.1700497269630432,0.0,0.0,0.0,0.03369142487645149,0.10493884235620499,0.01983560621738434,0.08055727928876877,0.1704660952091217,0.03264538198709488,0.11681389063596725,0.20059078931808472,0.041944555938243866,0.16337330639362335,0.2204248011112213,0.052149657160043716,0.17989081144332886,0.12224459648132324,0.030552249401807785,0.2505600154399872,0.1464160531759262,0.03890080377459526,0.3007669746875763,0.1581340730190277,0.04496943950653076,0.341685950756073,0.17119048535823822,0.047909125685691833,0.20045359432697296,0.07181178778409958,0.02152811922132969,0.28320401906967163,0.10203877836465836,0.029110228642821312,0.3382532298564911,0.12435945868492126,0.03524719551205635,0.38351738452911377,0.1437647044658661,0.03916357085108757,0.20885518193244934,0.01675991155207157,0.01768796518445015,0.29212960600852966,0.039192475378513336,0.023787572979927063,0.34856241941452026,0.05810422822833061,0.0271769929677248,0.39561527967453003,0.0834980234503746,0.028755968436598778,0.20672687888145447,0.07376905530691147,0.022342119365930557,0.2801685035228729,0.057806164026260376,0.024643946439027786,0.3290914297103882,0.044271357357501984,0.025766631588339806,0.37425264716148376,0.03531237691640854,0.02668132819235325
hola,0.0,0.0,0.0,0.21759352087974548,-0.05292460322380066,-0.07202943414449692,0.41316524147987366,-0.3207910358905792,-0.08609415590763092,0.49484848976135254,-0.5953077077865601,-0.09955073893070221,0.5376944541931152,-0.82542484998703,-0.11255653202533722,0.4476358890533447,-0.8171287775039673,-0.006023142021149397,0.5773913860321045,-1.1330605745315552,-0.0678153708577156,0.6646843552589417,-1.3407094478607178,-0.12817206978797913,0.736498236656189,-1.5319955348968506,-0.17136023938655853,0.3626157343387604,-0.9116023182868958,-0.01950356364250183,0.5200799703598022,-1.2393630743026733,-0.07529161870479584,0.6299160718917847,-1.4473340511322021,-0.12910175323486328,0.7298504114151001,-1.6347898244857788,-0.16598162055015564,0.2576647400856018,-0.945785403251648,-0.04991212114691734,0.40936559438705444,-1.270702600479126,-0.11088526248931885,0.5189223289489746,-1.4706823825836182,-0.14968140423297882,0.6191047430038452,-1.6491544246673584,-0.17299915850162506,0.12440277636051178,-0.9318720698356628,-0.08976384252309799,0.25001803040504456,-1.1785342693328857,-0.14646442234516144,0.3456608057022095,-1.3220951557159424,-0.16684725880622864,0.437488317489624,-1.4510968923568726,-0.1772223711013794,0.0,0.0,0.0,0.022268787026405334,0.10071541368961334,0.018923990428447723,0.057402603328228,0.14231210947036743,0.030727267265319824,0.08501613140106201,0.16719657182693481,0.03720838204026222,0.12275642901659012,0.19413170218467712,0.04419667273759842,0.1587013304233551,0.10129154473543167,0.03409881889820099,0.21458373963832855,0.11443280428647995,0.03975183516740799,0.2598700225353241,0.11901970207691193,0.04237249493598938,0.29668083786964417,0.12429547309875488,0.04346878081560135,0.17818500101566315,0.06917376071214676,0.023998090997338295,0.2510293126106262,0.10060122609138489,0.028872333467006683,0.3044106960296631,0.12374303489923477,0.03176328167319298,0.35058847069740295,0.14394596219062805,0.03376971185207367,0.18708546459674835,0.02579496055841446,0.016771117225289345,0.26230889558792114,0.05534130707383156,0.02066265605390072,0.31595367193222046,0.07181806117296219,0.023189984261989594,0.3616398572921753,0.08967076987028122,0.024991299957036972,0.18921564519405365,0.05733811482787132,0.018997568637132645,0.257492333650589,0.04524148255586624,0.021342532709240913,0.3039085566997528,0.037505555897951126,0.022606026381254196,0.3468419015407562,0.039803531020879745,0.023661509156227112
hola,0.0,0.0,0.0,0.23983880877494812,-0.02426878549158573,-0.04757392033934593,0.44616594910621643,-0.31800955533981323,-0.04854125156998634,0.5447962284088135,-0.5969915390014648,-0.05559880658984184,0.6311031579971313,-0.828429102897644,-0.061674706637859344,0.5068312287330627,-0.7856030464172363,0.03236360847949982,0.6743313074111938,-1.0663117170333862,-0.024383997544646263,0.7955096960067749,-1.2513035535812378,-0.0805470421910286,0.8946605920791626,-1.4240972995758057,-0.12223239243030548,0.435812383890152,-0.8877955675125122,0.005077747628092766,0.6408275961875916,-1.1664496660232544,-0.04909332096576691,0.7870546579360962,-1.328835129737854,-0.0990457758307457,0.9180585145950317,-1.4773293733596802,-0.1331188976764679,0.3360775113105774,-0.9370166659355164,-0.040680065751075745,0.5404486060142517,-1.2382633686065674,-0.10783940553665161,0.6812493801116943,-1.4122703075408936,-0.15029680728912354,0.8084511756896973,-1.5704472064971924,-0.1754450649023056,0.20587274432182312,-0.942038893699646,-0.09354392439126968,0.3760066628456116,-1.1453913450241089,-0.15864001214504242,0.5026116967201233,-1.25614333152771,-0.1862059235572815,0.6254348754882812,-1.3596683740615845,-0.20215027034282684,0.0,0.0,0.0,0.027131734415888786,0.05683935806155205,0.041153308004140854,0.04077951982617378,0.06971405446529388,0.05993466451764107,0.060390904545784,0.08154381066560745,0.06739333271980286,0.08558810502290726,0.09812714904546738,0.0743987187743187,0.10510974377393723,0.07329884171485901,0.06140903756022453,0.14420196413993835,0.10011105239391327,0.07145282626152039,0.18067726492881775,0.11467180401086807,0.07490525394678116,0.20766779780387878,0.12548455595970154,0.07567746937274933,0.12881867587566376,0.062006670981645584,0.03770582005381584,0.18073487281799316,0.09381620585918427,0.04705534130334854,0.21962480247020721,0.11894642561674118,0.04891949146986008,0.2496446669101715,0.13639560341835022,0.04862681403756142,0.14597353339195251,0.03509174659848213,0.016182636842131615,0.2041909098625183,0.07649117708206177,0.023609397932887077,0.2469547688961029,0.10290564596652985,0.023641208186745644,0.2788518965244293,0.12238789349794388,0.022958310320973396,0.16318605840206146,0.02403593435883522,0.01707966811954975,0.2157256007194519,0.03593079000711441,0.016819361597299576,0.25078263878822327,0.062257420271635056,0.018457740545272827,0.2814784049987793,0.09018766134977341,0.020572377368807793
hola,0.0,0.0,0.0,0.227140873670578,-0.05755849927663803,-0.0456741601228714,0.4082864820957184,-0.34735235571861267,-0.04901740700006485,0.4851307272911072,-0.6065417528152466,-0.05890507251024246,0.5382092595100403,-0.8187237977981567,-0.06855252385139465,0.4620644450187683,-0.8177884817123413,0.03299327567219734,0.6078063249588013,-1.0955835580825806,-0.022786015644669533,0.7149133682250977,-1.2750071287155151,-0.08100943267345428,0.8038718104362488,-1.4430172443389893,-0.1233987808227539,0.39173224568367004,-0.903278648853302,0.005635297857224941,0.5653142333030701,-1.1898173093795776,-0.045989662408828735,0.6890958547592163,-1.3653630018234253,-0.09814208745956421,0.8008691668510437,-1.5290114879608154,-0.13437247276306152,0.29821014404296875,-0.9414000511169434,-0.039371877908706665,0.47046583890914917,-1.2362910509109497,-0.09957773983478546,0.5965652465820312,-1.4171820878982544,-0.1409788280725479,0.70763099193573,-1.580774188041687,-0.16588114202022552,0.17822973430156708,-0.9397212266921997,-0.09202053397893906,0.3308655321598053,-1.164616346359253,-0.1471012532711029,0.4453302323818207,-1.295941948890686,-0.16990821063518524,0.5545905828475952,-1.4153928756713867,-0.18320029973983765,0.0,0.0,0.0,0.03324209153652191,0.06932635605335236,0.04239607974886894,0.04574041813611984,0.08959770202636719,0.06364855915307999,0.06298772990703583,0.113845594227314,0.07415639609098434,0.09112010896205902,0.1436544507741928,0.08505415916442871,0.12855464220046997,0.08403798192739487,0.06748198717832565,0.18129275739192963,0.12082313746213913,0.08105850964784622,0.22423844039440155,0.14057894051074982,0.0869172215461731,0.2564948499202728,0.14948208630084991,0.08969702571630478,0.15630893409252167,0.06354031711816788,0.04617469757795334,0.22132039070129395,0.1091160848736763,0.059586018323898315,0.26797112822532654,0.14255425333976746,0.06579694896936417,0.3051450848579407,0.16456136107444763,0.06879863888025284,0.17497555911540985,0.023952510207891464,0.02756815403699875,0.24634534120559692,0.06936752051115036,0.038797397166490555,0.29786401987075806,0.09320738911628723,0.040444258600473404,0.33722826838493347,0.11320725828409195,0.0404747873544693,0.19130757451057434,0.048802029341459274,0.02363935299217701,0.2641642093658447,0.0384264774620533,0.030186418443918228,0.3124704360961914,0.0471283458173275,0.033404212445020676,0.3547496497631073,0.061518698930740356,0.03502461686730385
hola,0.0,0.0,0.0,0.22435207664966583,-0.034569043666124344,-0.06986603885889053,0.4234604835510254,-0.2939812242984772,-0.07789401710033417,0.500169575214386,-0.5674365758895874,-0.08615388721227646,0.5322845578193665,-0.7926733493804932,-0.09329913556575775,0.46911484003067017,-0.8025599718093872,0.01719684712588787,0.5990532636642456,-1.093619704246521,-0.03706725686788559,0.6881265640258789,-1.283278465270996,-0.09516604989767075,0.7641152143478394,-1.4568326473236084,-0.13774935901165009,0.3894738256931305,-0.9032951593399048,0.004967690445482731,0.547467052936554,-1.2017848491668701,-0.04511019587516785,0.6577223539352417,-1.390024185180664,-0.09973619133234024,0.759369969367981,-1.5595003366470337,-0.13764503598213196,0.2893727421760559,-0.9484203457832336,-0.025504907593131065,0.44298434257507324,-1.247401237487793,-0.08344307541847229,0.5547353029251099,-1.4293944835662842,-0.1243002638220787,0.6569492816925049,-1.5931004285812378,-0.14886429905891418,0.1607920378446579,-0.9491114616394043,-0.06568656116724014,0.28902187943458557,-1.1870081424713135,-0.11965630203485489,0.38364923000335693,-1.3233795166015625,-0.1409980207681656,0.4765658378601074,-1.4469927549362183,-0.1524997502565384,0.0,0.0,0.0,0.024974524974822998,0.0922396183013916,0.031398266553878784,0.05330222100019455,0.13521593809127808,0.048557452857494354,0.0764157772064209,0.15521568059921265,0.05778658390045166,0.11269114166498184,0.1829710155725479,0.06644704192876816,0.1438017040491104,0.09871973097324371,0.04588356241583824,0.20316700637340546,0.12891191244125366,0.05623806267976761,0.24697622656822205,0.14859724044799805,0.061912138015031815,0.28115856647491455,0.16059941053390503,0.06488623470067978,0.1651686578989029,0.06476607173681259,0.029464680701494217,0.23450696468353271,0.09442011266946793,0.03858667612075806,0.27916812896728516,0.11688196659088135,0.04492966830730438,0.3144274652004242,0.13197186589241028,0.04904093220829964,0.1767013818025589,0.021612344309687614,0.0140747781842947,0.24458418786525726,0.04567098617553711,0.02210155688226223,0.2895367741584778,0.06020672246813774,0.02607237733900547,0.32450366020202637,0.07360363006591797,0.028380388393998146,0.18081633746623993,0.058725155889987946,0.010494431480765343,0.24639753997325897,0.04641587659716606,0.014986448921263218,0.2883140742778778,0.03533847630023956,0.020189505070447922,0.3255486488342285,0.030782802030444145,0.02330544963479042
hola,0.0,0.0,0.0,0.23275704681873322,-0.02182016707956791,-0.07150618731975555,0.4440787732601166,-0.2756302058696747,-0.08317650854587555,0.5356037020683289,-0.547171950340271,-0.0955047756433487,0.5807920098304749,-0.7806048393249512,-0.10740502178668976,0.5084320306777954,-0.7750073075294495,0.007910080254077911,0.6542099714279175,-1.0651566982269287,-0.05242953449487686,0.7520537972450256,-1.2510011196136475,-0.11451145261526108,0.8345500826835632,-1.4243513345718384,-0.15960058569908142,0.427685022354126,-0.8860704302787781,-0.006252054125070572,0.6067332625389099,-1.1701641082763672,-0.06179499626159668,0.731689453125,-1.3427164554595947,-0.11806048452854156,0.845714271068573,-1.497225046157837,-0.1567915976047516,0.3212655186653137,-0.9419280886650085,-0.03887539356946945,0.49649953842163086,-1.2320665121078491,-0.10132664442062378,0.6230068802833557,-1.4051390886306763,-0.1425013244152069,0.7388835549354553,-1.5588796138763428,-0.16718484461307526,0.1822042018175125,-0.9550615549087524,-0.08121804147958755,0.32542186975479126,-1.1871827840805054,-0.13909757137298584,0.4319496154785156,-1.3205492496490479,-0.16081306338310242,0.5362197160720825,-1.4408669471740723,-0.17235425114631653,0.0,0.0,0.0,0.022208059206604958,0.07698780298233032,0.02819732017815113,0.045578986406326294,0.12473319470882416,0.0412895642220974,0.06802184879779816,0.14940160512924194,0.04741433262825012,0.1015370711684227,0.17846255004405975,0.05366962030529976,0.13877920806407928,0.0962153971195221,0.041416969150304794,0.19360238313674927,0.12163233757019043,0.048341795802116394,0.2383003681898117,0.1405455619096756,0.051493603736162186,0.27432483434677124,0.1550942212343216,0.052924077957868576,0.16081476211547852,0.07296768575906754,0.027200821787118912,0.2302592694759369,0.10643304884433746,0.032503947615623474,0.27900466322898865,0.1322447657585144,0.035097889602184296,0.3193664252758026,0.1515403687953949,0.037018194794654846,0.17353452742099762,0.03805461525917053,0.017875680699944496,0.24235786497592926,0.07507544010877609,0.019968843087553978,0.29302385449409485,0.09787415713071823,0.021171538159251213,0.3345976173877716,0.11833272874355316,0.022347595542669296,0.17983362078666687,0.04453732445836067,0.021377049386501312,0.2454284429550171,0.048126380890607834,0.019599352031946182,0.28981542587280273,0.06286519765853882,0.018081383779644966,0.32953235507011414,0.08164847642183304,0.017789004370570183
hola,0.0,0.0,0.0,0.22712263464927673,-0.031640298664569855,-0.06802889704704285,0.4329725205898285,-0.2942018508911133,-0.07801531255245209,0.5145314931869507,-0.5698593854904175,-0.08900292962789536,0.5474773645401001,-0.7978545427322388,-0.09977398812770844,0.4832174777984619,-0.7958087921142578,0.010273774154484272,0.6242085099220276,-1.088335394859314,-0.04878411442041397,0.720717191696167,-1.2732383012771606,-0.10935468971729279,0.8012340664863586,-1.4436936378479004,-0.15296033024787903,0.4033450484275818,-0.8984944224357605,-0.005362042225897312,0.5743668675422668,-1.1982743740081787,-0.05938621237874031,0.6972346901893616,-1.3842865228652954,-0.11389093101024628,0.809982180595398,-1.5529917478561401,-0.1511877477169037,0.3003443777561188,-0.9452582597732544,-0.03924981504678726,0.46568194031715393,-1.253088116645813,-0.10056020319461823,0.5888455510139465,-1.4421532154083252,-0.14187362790107727,0.701844334602356,-1.6098979711532593,-0.16616709530353546,0.16745874285697937,-0.9483773112297058,-0.08260061591863632,0.3053566813468933,-1.1945394277572632,-0.13942041993141174,0.4102279245853424,-1.339773416519165,-0.1614464819431305,0.5127002596855164,-1.4709705114364624,-0.17311802506446838,0.0,0.0,0.0,0.01862814649939537,0.08309261500835419,0.027546193450689316,0.0401863269507885,0.11780676990747452,0.04062346741557121,0.05550919845700264,0.13998955488204956,0.04688871651887894,0.08003898710012436,0.17432087659835815,0.05302749201655388,0.13611911237239838,0.0885058343410492,0.03576081246137619,0.1871393471956253,0.10848600417375565,0.042487479746341705,0.230765238404274,0.12549547851085663,0.046035416424274445,0.26549485325813293,0.1400625854730606,0.04808264970779419,0.15823093056678772,0.06703521311283112,0.021470321342349052,0.22246117889881134,0.09568298608064651,0.02798420935869217,0.2693876028060913,0.12008729577064514,0.03278546407818794,0.30776599049568176,0.137201189994812,0.036436501890420914,0.17135988175868988,0.03258838132023811,0.013892898336052895,0.23811830580234528,0.0661105290055275,0.019252119585871696,0.28809842467308044,0.08458366245031357,0.02349040098488331,0.3272813856601715,0.10051698237657547,0.026485765352845192,0.180058553814888,0.03900378942489624,0.021191716194152832,0.2462770640850067,0.035261090844869614,0.021622369065880775,0.2905219495296478,0.04191603139042854,0.024168243631720543,0.3292510211467743,0.05246609449386597,0.026792891323566437
hola,0.0,0.0,0.0,0.2387184351682663,-0.011678437702357769,-0.05441445857286453,0.45407360792160034,-0.25933247804641724,-0.05449063330888748,0.547998309135437,-0.5304561257362366,-0.05812593176960945,0.5911781191825867,-0.7630877494812012,-0.060412656515836716,0.5038453340530396,-0.7753597497940063,0.04060431942343712,0.654945969581604,-1.051753282546997,-0.008350970223546028,0.7544289827346802,-1.220088243484497,-0.06332291662693024,0.8353031277656555,-1.371290683746338,-0.1022251695394516,0.43230414390563965,-0.8942488431930542,0.024143017828464508,0.6141649484634399,-1.1904575824737549,-0.017915796488523483,0.741315484046936,-1.3649296760559082,-0.06541295349597931,0.8555870056152344,-1.5200982093811035,-0.09772320836782455,0.33767151832580566,-0.9640242457389832,-0.010790015570819378,0.5137824416160583,-1.2692433595657349,-0.05951777845621109,0.6409041285514832,-1.4472724199295044,-0.09423860907554626,0.754504382610321,-1.599001169204712,-0.1146039143204689,0.2113633155822754,-0.9958164095878601,-0.05482441931962967,0.3590841293334961,-1.2440738677978516,-0.09841226041316986,0.4697556495666504,-1.3811819553375244,-0.11362578719854355,0.5760737061500549,-1.4998325109481812,-0.12117896974086761,0.0,0.0,0.0,0.01623239926993847,0.06383875757455826,0.021388445049524307,0.027881216257810593,0.08127262443304062,0.03433425724506378,0.03965194523334503,0.10193849354982376,0.04261377453804016,0.0672941729426384,0.12418697029352188,0.05167248845100403,0.08126667141914368,0.06069039925932884,0.033945899456739426,0.12006805092096329,0.09401354193687439,0.0414566695690155,0.1554429829120636,0.12049965560436249,0.04643509164452553,0.1852080076932907,0.1422426700592041,0.048776865005493164,0.10097530484199524,0.045652296394109726,0.023854006081819534,0.1462346464395523,0.07614658772945404,0.031113045290112495,0.17755331099033356,0.09914597868919373,0.03549473360180855,0.2029729187488556,0.1146160364151001,0.03782153129577637,0.11504628509283066,0.023006223142147064,0.016228454187512398,0.16131028532981873,0.054503608494997025,0.021860022097826004,0.1951655149459839,0.07727990299463272,0.0246218703687191,0.22095131874084473,0.0975845530629158,0.026235774159431458,0.12723490595817566,0.033377304673194885,0.016337884590029716,0.17042550444602966,0.029414178803563118,0.018362412229180336,0.20100271701812744,0.03571825847029686,0.0200798362493515,0.22659333050251007,0.046096526086330414,0.02150408737361431
hola,0.0,0.0,0.0,0.24976947903633118,0.03558563441038132,-0.04982587695121765,0.4807429313659668,-0.1735478937625885,-0.05169232562184334,0.5925655961036682,-0.4076065123081207,-0.06057724356651306,0.6527702212333679,-0.6178480386734009,-0.0684795156121254,0.5892958641052246,-0.7098065614700317,0.048726458102464676,0.7780457139015198,-0.9503921270370483,-0.007556432392448187,0.9070225954055786,-1.0941466093063354,-0.06896770000457764,1.0135929584503174,-1.2313615083694458,-0.1124146357178688,0.5302556157112122,-0.8404468297958374,0.023174157366156578,0.7567980289459229,-1.0909467935562134,-0.026556551456451416,0.913366436958313,-1.2367792129516602,-0.07905267179012299,1.0548856258392334,-1.3716810941696167,-0.11483035981655121,0.43945255875587463,-0.9298723936080933,-0.02236190438270569,0.6637800931930542,-1.1933939456939697,-0.08050613105297089,0.8194527626037598,-1.3457120656967163,-0.12012764066457748,0.9571588635444641,-1.4764918088912964,-0.142567440867424,0.3125711977481842,-0.9897686243057251,-0.0768464133143425,0.5047298073768616,-1.19319748878479,-0.1272796392440796,0.6431979537010193,-1.3044204711914062,-0.1457311362028122,0.7755172252655029,-1.402083158493042,-0.15552833676338196,0.0,0.0,0.0,0.018208874389529228,0.05823693424463272,0.0216685738414526,0.02291465923190117,0.08647790551185608,0.033662836998701096,0.027990087866783142,0.1133974939584732,0.041186776012182236,0.053340550512075424,0.15007634460926056,0.04926104471087456,0.0764969065785408,0.06307549774646759,0.03334322199225426,0.10495801270008087,0.09758895635604858,0.04143037274479866,0.13484451174736023,0.1269700974225998,0.04689519852399826,0.16174952685832977,0.15976494550704956,0.0489296019077301,0.09158098697662354,0.05483030155301094,0.02339915744960308,0.12871766090393066,0.09721609205007553,0.029845455661416054,0.15422362089157104,0.13126876950263977,0.03324035555124283,0.17499177157878876,0.15233305096626282,0.03494914248585701,0.10209322720766068,0.035689156502485275,0.0180735532194376,0.14094503223896027,0.0784754604101181,0.021596921607851982,0.16871562600135803,0.10946741700172424,0.021789783611893654,0.19005215167999268,0.13069844245910645,0.02179061993956566,0.11160346120595932,0.020343100652098656,0.02209942229092121,0.15103024244308472,0.04265802353620529,0.02249409630894661,0.1799963265657425,0.06725911051034927,0.022422470152378082,0.20557543635368347,0.08893495798110962,0.02296186238527298
hola,0.0,0.0,0.0,0.235956072807312,-0.02375168725848198,-0.07660061120986938,0.45033127069473267,-0.25393015146255493,-0.08850381523370743,0.5448969602584839,-0.5248870849609375,-0.09920158237218857,0.5631430149078369,-0.7532548308372498,-0.10846128314733505,0.4939427375793457,-0.7702311873435974,0.014871791005134583,0.634960412979126,-1.060728669166565,-0.03837224841117859,0.724919319152832,-1.2520502805709839,-0.09711562097072601,0.8026461601257324,-1.4266200065612793,-0.1402709186077118,0.41301313042640686,-0.8953930139541626,0.007989106699824333,0.5763828754425049,-1.1989622116088867,-0.039379943162202835,0.686895489692688,-1.3886812925338745,-0.09361875802278519,0.7859556674957275,-1.5558398962020874,-0.1314149647951126,0.3097565472126007,-0.9605799913406372,-0.01720254123210907,0.4651159346103668,-1.2707769870758057,-0.07082124054431915,0.5740891098976135,-1.4529922008514404,-0.10959724336862564,0.6708208918571472,-1.6115171909332275,-0.13283029198646545,0.17849144339561462,-0.9770408868789673,-0.05287540704011917,0.30803564190864563,-1.223746418952942,-0.10089515149593353,0.4012308716773987,-1.362026572227478,-0.1188940554857254,0.49046725034713745,-1.4834721088409424,-0.12824174761772156,0.0,0.0,0.0,0.015561379492282867,0.10111171752214432,0.025384631007909775,0.047084372490644455,0.1469937115907669,0.0397496223449707,0.06290583312511444,0.17993006110191345,0.04921240732073784,0.10314640402793884,0.2176634669303894,0.058967869728803635,0.13021549582481384,0.09672010689973831,0.031660083681344986,0.1839909851551056,0.13500994443893433,0.03876000642776489,0.228450745344162,0.1621161550283432,0.044094476848840714,0.2649666666984558,0.18639303743839264,0.04801953211426735,0.15022125840187073,0.06804779917001724,0.02075350284576416,0.21700438857078552,0.11389775574207306,0.028291091322898865,0.26524806022644043,0.15083351731300354,0.03391258418560028,0.30492067337036133,0.1807922124862671,0.03797806054353714,0.1607813835144043,0.02892197296023369,0.01789974607527256,0.2275424748659134,0.06425733864307404,0.02408035658299923,0.2761707901954651,0.09153151512145996,0.027369102463126183,0.3159393072128296,0.11486735194921494,0.029269827529788017,0.16520041227340698,0.03882063552737236,0.025577565655112267,0.2288123071193695,0.035183295607566833,0.028841231018304825,0.2726948857307434,0.04327597841620445,0.031450770795345306,0.3114651143550873,0.05941101536154747,0.03357388451695442
hola,0.0,0.0,0.0,0.24336251616477966,0.017306631430983543,-0.08176755905151367,0.4813438355922699,-0.18217715620994568,-0.09446630626916885,0.5959910750389099,-0.4505636692047119,-0.10535552352666855,0.6345058679580688,-0.691947877407074,-0.11427521705627441,0.5573990941047668,-0.7077160477638245,0.01585499569773674,0.7178041934967041,-0.9752441644668579,-0.0400545671582222,0.8177455067634583,-1.1532362699508667,-0.10160307586193085,0.9046980142593384,-1.312790870666504,-0.1459825336933136,0.47966355085372925,-0.8606189489364624,0.010254579596221447,0.6655880212783813,-1.148310899734497,-0.037887074053287506,0.7908305525779724,-1.3287345170974731,-0.09271183609962463,0.9037747383117676,-1.4823304414749146,-0.13060277700424194,0.37531331181526184,-0.951770007610321,-0.01490687020123005,0.5547334551811218,-1.2510573863983154,-0.06929662823677063,0.6764929890632629,-1.426875114440918,-0.10807149112224579,0.7858030796051025,-1.5748428106307983,-0.13134464621543884,0.23676618933677673,-0.994217038154602,-0.05126360058784485,0.3815634548664093,-1.2321805953979492,-0.099680595099926,0.4826904237270355,-1.3612046241760254,-0.11649086326360703,0.5800229907035828,-1.4722363948822021,-0.1247662901878357,0.0,0.0,0.0,0.02204529568552971,0.09554783254861832,0.02590150199830532,0.052251506596803665,0.15706752240657806,0.035998500883579254,0.06943850219249725,0.19399002194404602,0.03962796926498413,0.10567811131477356,0.2262062132358551,0.04295208305120468,0.1322244554758072,0.11194977909326553,0.026973264291882515,0.18664580583572388,0.16212381422519684,0.028393542394042015,0.22925600409507751,0.20254795253276825,0.030371854081749916,0.26484233140945435,0.23624172806739807,0.03187700733542442,0.15150511264801025,0.0774984359741211,0.013883896172046661,0.21868565678596497,0.124795101583004,0.015997393056750298,0.2650446593761444,0.16263365745544434,0.019083280116319656,0.3029147982597351,0.19219675660133362,0.02122117020189762,0.16091838479042053,0.03326357528567314,0.01553772110491991,0.22772791981697083,0.07325460016727448,0.01801716350018978,0.27283743023872375,0.10402430593967438,0.01971554383635521,0.3087541460990906,0.13059259951114655,0.02038983255624771,0.1623605489730835,0.03288399800658226,0.02836723066866398,0.22399400174617767,0.02845642901957035,0.02907588705420494,0.2654484510421753,0.04596276953816414,0.029709430411458015,0.3017560839653015,0.07084552943706512,0.030713051557540894
hola,0.0,0.0,0.0,0.21604232490062714,-0.04847012832760811,-0.07028722763061523,0.41951417922973633,-0.2787841260433197,-0.0832192525267601,0.5060407519340515,-0.5421125888824463,-0.09719403088092804,0.5144275426864624,-0.7614973783493042,-0.11054567247629166,0.48818454146385193,-0.7824594974517822,0.017800431698560715,0.6245743632316589,-1.0733721256256104,-0.03648287057876587,0.7060130834579468,-1.2574855089187622,-0.0968894511461258,0.7745128273963928,-1.4217993021011353,-0.1404798924922943,0.4128043055534363,-0.8919154405593872,0.005197801627218723,0.5726538300514221,-1.1982364654541016,-0.04145578667521477,0.682340681552887,-1.3915953636169434,-0.09686711430549622,0.780972957611084,-1.5563762187957764,-0.1358753740787506,0.3151128888130188,-0.943177342414856,-0.025397177785634995,0.4668065011501312,-1.2517508268356323,-0.07751384377479553,0.5738986730575562,-1.4333341121673584,-0.1167227029800415,0.6700612306594849,-1.5850186347961426,-0.14078472554683685,0.18726643919944763,-0.9484728574752808,-0.0662262886762619,0.31222742795944214,-1.2037607431411743,-0.11197757720947266,0.40001606941223145,-1.346810221672058,-0.1277332603931427,0.4850599765777588,-1.469118356704712,-0.1359310746192932,0.0,0.0,0.0,0.06025465577840805,0.13806286454200745,0.016749242320656776,0.09630507975816727,0.22448815405368805,0.025264887139201164,0.10185575485229492,0.25686025619506836,0.03111196868121624,0.10936792939901352,0.29133543372154236,0.037791747599840164,0.15602490305900574,0.13131211698055267,0.028024278581142426,0.21086376905441284,0.16688531637191772,0.035414181649684906,0.25361931324005127,0.19204948842525482,0.04019532725214958,0.29053205251693726,0.2114025056362152,0.0429345928132534,0.16762788593769073,0.07337109744548798,0.023874247446656227,0.23647741973400116,0.11254025250673294,0.03173818066716194,0.28517085313796997,0.13895432651042938,0.03509782254695892,0.32649028301239014,0.1570606678724289,0.03738798201084137,0.1791560798883438,0.059713613241910934,0.025740770623087883,0.24589253962039948,0.08762060850858688,0.03312113881111145,0.29345640540122986,0.1093168780207634,0.03621792793273926,0.33359017968177795,0.12708088755607605,0.03819890692830086,0.18937203288078308,0.12958969175815582,0.0330498069524765,0.2519443929195404,0.13318108022212982,0.037031639367341995,0.29217949509620667,0.13292913138866425,0.03837374225258827,0.32815036177635193,0.13578054308891296,0.039815738797187805
hola,0.0,0.0,0.0,0.26560813188552856,0.0726715624332428,-0.05871725082397461,0.5365670919418335,-0.11268971115350723,-0.05198441073298454,0.6763291358947754,-0.3743317127227783,-0.0494329109787941,0.7459225058555603,-0.6184358596801758,-0.044678185135126114,0.6439480781555176,-0.643808901309967,0.06745026260614395,0.8390982747077942,-0.8742967844009399,0.021382292732596397,0.9679949879646301,-1.0200178623199463,-0.035917844623327255,1.0762535333633423,-1.1517045497894287,-0.07670016586780548,0.5799065232276917,-0.8037740588188171,0.05201571062207222,0.8047477602958679,-1.0511019229888916,0.012565717101097107,0.9544879794120789,-1.1995463371276855,-0.03943640738725662,1.0885065793991089,-1.3287464380264282,-0.07479272782802582,0.48675236105918884,-0.9202696681022644,0.015263790264725685,0.705426812171936,-1.1738072633743286,-0.03370374068617821,0.8536472320556641,-1.3205502033233643,-0.07061691582202911,0.9847885370254517,-1.4414632320404053,-0.09149578213691711,0.3569459021091461,-1.0107778310775757,-0.03175942599773407,0.5457115769386292,-1.215574026107788,-0.07447798550128937,0.6765154600143433,-1.322447419166565,-0.08887197077274323,0.8004721403121948,-1.4106849431991577,-0.09528738260269165,0.0,0.0,0.0,0.008950025774538517,0.06776643544435501,0.01969132386147976,0.015944557264447212,0.09047509729862213,0.030098630115389824,0.02553909458220005,0.12077835947275162,0.036461614072322845,0.04780103266239166,0.15854378044605255,0.04349392652511597,0.07261183112859726,0.07524383813142776,0.025883294641971588,0.10941078513860703,0.1237519159913063,0.034081198275089264,0.14401492476463318,0.1618250161409378,0.03906816244125366,0.17524956166744232,0.18093210458755493,0.04191984981298447,0.09995044022798538,0.06598953902721405,0.02460310608148575,0.15480872988700867,0.11638827621936798,0.0337136834859848,0.1964939683675766,0.1504954695701599,0.03538939356803894,0.23624469339847565,0.16582797467708588,0.0361461341381073,0.1195659190416336,0.045548684895038605,0.03219068795442581,0.17896237969398499,0.09568987786769867,0.040682386606931686,0.22147950530052185,0.12803246080875397,0.043581850826740265,0.2583698034286499,0.14476324617862701,0.045022256672382355,0.13354620337486267,0.021208936348557472,0.0441385917365551,0.19032685458660126,0.05677877739071846,0.05111578479409218,0.229873389005661,0.08568187057971954,0.05504576489329338,0.2665613889694214,0.10647975653409958,0.058589279651641846
hola,0.0,0.0,0.0,0.2260584533214569,-0.04096629470586777,-0.06800524890422821,0.42755383253097534,-0.2960379719734192,-0.07778576761484146,0.5112472772598267,-0.5549274682998657,-0.08849421888589859,0.5366708040237427,-0.7736038565635681,-0.09868307411670685,0.4534851908683777,-0.8033273816108704,0.016263063997030258,0.5853362083435059,-1.0735756158828735,-0.041822582483291626,0.6697088479995728,-1.2391692399978638,-0.10296664386987686,0.742018461227417,-1.393808126449585,-0.1469828188419342,0.37421172857284546,-0.9053419232368469,0.0025938760954886675,0.5300762057304382,-1.195986032485962,-0.048797737807035446,0.636296272277832,-1.3784325122833252,-0.10385221242904663,0.7336447834968567,-1.543602705001831,-0.14238813519477844,0.2734593451023102,-0.9503471255302429,-0.029501352459192276,0.4236231744289398,-1.2536189556121826,-0.08778392523527145,0.5300033092498779,-1.4351431131362915,-0.12865979969501495,0.6265088319778442,-1.5969581604003906,-0.15339478850364685,0.14522507786750793,-0.9491757154464722,-0.07111857831478119,0.27060467004776,-1.188429832458496,-0.12460190057754517,0.36419543623924255,-1.3281829357147217,-0.14631327986717224,0.4561484456062317,-1.455305576324463,-0.1584658920764923,0.0,0.0,0.0,0.03294522315263748,0.11386070400476456,0.0230246651917696,0.07327542454004288,0.1776113659143448,0.037256576120853424,0.10848267376422882,0.216472789645195,0.046095557510852814,0.15790556371212006,0.24930191040039062,0.05587239935994148,0.16246888041496277,0.11588416248559952,0.040409620851278305,0.23384593427181244,0.16585233807563782,0.04760213568806648,0.28742992877960205,0.2027415931224823,0.051423557102680206,0.33258140087127686,0.2341872900724411,0.05341694876551628,0.18626609444618225,0.06952642649412155,0.028034666553139687,0.2687263786792755,0.11868564039468765,0.03504207730293274,0.32447513937950134,0.15265625715255737,0.038420170545578,0.3723281919956207,0.17739242315292358,0.040518976747989655,0.19630195200443268,0.016680901870131493,0.01914326474070549,0.2791004478931427,0.049889642745256424,0.02280089631676674,0.33420974016189575,0.07481684535741806,0.02410510741174221,0.38038527965545654,0.09695815294981003,0.025451645255088806,0.19543257355690002,0.07146188616752625,0.021698538213968277,0.27050453424453735,0.05151469260454178,0.021067004650831223,0.32026800513267517,0.03906841576099396,0.021399518474936485,0.36668160557746887,0.0393940806388855,0.022737624123692513
hola,0.0,0.0,0.0,0.23062705993652344,-0.05374911427497864,-0.036957331001758575,0.42087286710739136,-0.368757426738739,-0.03169099614024162,0.5114730596542358,-0.6428350210189819,-0.034855641424655914,0.5838755965232849,-0.8656543493270874,-0.03783613443374634,0.4494570791721344,-0.8303018808364868,0.05061478540301323,0.5939306616783142,-1.1157408952713013,-0.000678680487908423,0.7010976076126099,-1.3121328353881836,-0.05543198436498642,0.7902361154556274,-1.4872105121612549,-0.09563519805669785,0.37774714827537537,-0.9144954681396484,0.021140318363904953,0.5498947501182556,-1.2146320343017578,-0.028490614145994186,0.6750799417495728,-1.4109529256820679,-0.0811464935541153,0.7888615131378174,-1.5868310928344727,-0.11711637675762177,0.2861385941505432,-0.9470915794372559,-0.02563697099685669,0.4558525085449219,-1.2511481046676636,-0.08400919288396835,0.5815221071243286,-1.4397403001785278,-0.12295307964086533,0.6950975656509399,-1.6087982654571533,-0.14561381936073303,0.17181400954723358,-0.9385312795639038,-0.07956627756357193,0.322590172290802,-1.1832327842712402,-0.13452281057834625,0.43592962622642517,-1.3322890996932983,-0.15725073218345642,0.5457767844200134,-1.4669591188430786,-0.16974452137947083,0.0,0.0,0.0,0.030899332836270332,0.055352017283439636,0.06599652767181396,0.03703121095895767,0.0650421679019928,0.09843956679105759,0.05655581131577492,0.08611389249563217,0.11503147333860397,0.08639037609100342,0.1144852563738823,0.12977704405784607,0.09123257547616959,0.06258409470319748,0.09836457669734955,0.1332187056541443,0.09831106662750244,0.12550750374794006,0.16791024804115295,0.11589504033327103,0.13777650892734528,0.1938663274049759,0.12503404915332794,0.14301936328411102,0.11670048534870148,0.04939285293221474,0.0670778900384903,0.16883447766304016,0.08439422398805618,0.09352739155292511,0.20444807410240173,0.10538135468959808,0.10150355845689774,0.23135823011398315,0.11359341442584991,0.10320750623941422,0.1348857432603836,0.02410891279578209,0.038700271397829056,0.1933222860097885,0.06428783386945724,0.06155715510249138,0.23315414786338806,0.08617343008518219,0.06588756293058395,0.26171910762786865,0.09422192722558975,0.06466060131788254,0.15398550033569336,0.040816258639097214,0.02283341810107231,0.21352176368236542,0.04697083681821823,0.03807449713349342,0.2520585358142853,0.05918474867939949,0.04441510885953903,0.28411585092544556,0.06400089710950851,0.04567183181643486
hola,0.0,0.0,0.0,0.23150286078453064,-0.03302713483572006,-0.07217978686094284,0.4288383424282074,-0.30622735619544983,-0.08410169184207916,0.5185516476631165,-0.5818142890930176,-0.09666403383016586,0.5714723467826843,-0.8177486658096313,-0.10805772244930267,0.4671253263950348,-0.7912442684173584,0.012472299858927727,0.614172101020813,-1.0705317258834839,-0.04876607283949852,0.7101823091506958,-1.2485368251800537,-0.11076809465885162,0.7888475656509399,-1.4106944799423218,-0.15441647171974182,0.39175257086753845,-0.8986441493034363,-0.0005231956019997597,0.5612258315086365,-1.1968796253204346,-0.055411696434020996,0.6808355450630188,-1.3875908851623535,-0.1113763228058815,0.7869023084640503,-1.5533313751220703,-0.1496831327676773,0.2948184311389923,-0.9515274167060852,-0.03286316245794296,0.45709896087646484,-1.2568378448486328,-0.0953332856297493,0.5752675533294678,-1.441112756729126,-0.13771364092826843,0.6808628439903259,-1.5980565547943115,-0.16226057708263397,0.17360076308250427,-0.96037757396698,-0.07496950775384903,0.3101082146167755,-1.2079099416732788,-0.1318472921848297,0.413912296295166,-1.3528201580047607,-0.15496063232421875,0.5137873888015747,-1.4759399890899658,-0.16731713712215424,0.0,0.0,0.0,0.03291963040828705,0.08650611340999603,0.044961679726839066,0.06273798644542694,0.12186533212661743,0.06909984350204468,0.08740834891796112,0.1426326036453247,0.08223884552717209,0.13149751722812653,0.1742187738418579,0.09577976167201996,0.1499510258436203,0.09954623132944107,0.07063349336385727,0.21480530500411987,0.1414371281862259,0.08658286929130554,0.2669849395751953,0.17868782579898834,0.09585747867822647,0.3094140589237213,0.21089667081832886,0.10090259462594986,0.17795225977897644,0.07059573382139206,0.048142723739147186,0.2589170038700104,0.11784849315881729,0.06291236728429794,0.31413260102272034,0.15534895658493042,0.07224377244710922,0.3593311905860901,0.17878666520118713,0.07799572497606277,0.1965162754058838,0.025952810421586037,0.02610435150563717,0.2778230607509613,0.06194586306810379,0.03901331499218941,0.33362042903900146,0.08742139488458633,0.04462987557053566,0.3788449168205261,0.10854289680719376,0.04784224554896355,0.20736058056354523,0.06538916379213333,0.013610199093818665,0.2864243984222412,0.05198715999722481,0.02272353135049343,0.3390035331249237,0.04634596407413483,0.028846008703112602,0.3854687809944153,0.04751954227685928,0.03219279274344444
hola,0.0,0.0,0.0,0.23186831176280975,-0.009624851867556572,-0.06429393589496613,0.44034209847450256,-0.24239449203014374,-0.07413183897733688,0.5321815609931946,-0.5053561329841614,-0.08639411628246307,0.5843888521194458,-0.7270038723945618,-0.09810760617256165,0.5180663466453552,-0.7594189643859863,0.020198456943035126,0.6782137751579285,-1.0389801263809204,-0.0364699549973011,0.785812497138977,-1.2202880382537842,-0.09610816836357117,0.8747140169143677,-1.3848884105682373,-0.13892479240894318,0.44589605927467346,-0.8790919184684753,0.0024528438225388527,0.6387466192245483,-1.164217472076416,-0.05046575143933296,0.7749419808387756,-1.3364193439483643,-0.10414038598537445,0.8958096504211426,-1.4844863414764404,-0.13981780409812927,0.3470986485481262,-0.9487101435661316,-0.03400499373674393,0.534437358379364,-1.2509639263153076,-0.09377184510231018,0.6703871488571167,-1.4284964799880981,-0.13398754596710205,0.7935671806335449,-1.5787160396575928,-0.15718315541744232,0.21472135186195374,-0.976091742515564,-0.0797683447599411,0.36730557680130005,-1.2137638330459595,-0.1337515115737915,0.48048701882362366,-1.348660945892334,-0.1528148204088211,0.590659499168396,-1.4645060300827026,-0.16223140060901642,0.0,0.0,0.0,0.02214336395263672,0.07296830415725708,0.024065401405096054,0.04052267596125603,0.1267935037612915,0.03727690130472183,0.05647861957550049,0.14477470517158508,0.04461953416466713,0.085572250187397,0.16758601367473602,0.052357520908117294,0.12620492279529572,0.09798041731119156,0.04213745519518852,0.17305871844291687,0.13007278740406036,0.04992811381816864,0.20946675539016724,0.15077774226665497,0.05335899442434311,0.2382545918226242,0.16523155570030212,0.05484233424067497,0.14910216629505157,0.07248053699731827,0.029721571132540703,0.20474538207054138,0.10730745643377304,0.036502763628959656,0.2407398819923401,0.13182643055915833,0.03917521983385086,0.26821592450141907,0.14788393676280975,0.040741343051195145,0.16495034098625183,0.031044945120811462,0.018984612077474594,0.22319185733795166,0.06864141672849655,0.02494961954653263,0.2625572681427002,0.08974441885948181,0.02805407904088497,0.29122769832611084,0.10695000737905502,0.030061664059758186,0.17576701939105988,0.04462989792227745,0.01647285558283329,0.23577220737934113,0.035014305263757706,0.019561143592000008,0.2737685441970825,0.03897997364401817,0.022048665210604668,0.3062088191509247,0.05031793564558029,0.02386431023478508
hola,0.0,0.0,0.0,0.22538340091705322,-0.01502894889563322,-0.07137199491262436,0.43269261717796326,-0.24609580636024475,-0.08605369180440903,0.5193969011306763,-0.5073054432868958,-0.1013234481215477,0.5576456785202026,-0.72951740026474,-0.11620130389928818,0.49555420875549316,-0.769486129283905,0.005418254993855953,0.6431132555007935,-1.0383868217468262,-0.056857191026210785,0.7344790697097778,-1.197048544883728,-0.12012769281864166,0.8084276914596558,-1.3434169292449951,-0.1647629588842392,0.41770586371421814,-0.8894125819206238,-0.00883227027952671,0.6007841229438782,-1.1620844602584839,-0.0635843276977539,0.7314995527267456,-1.3176424503326416,-0.11609027534723282,0.8504506349563599,-1.4550460577011108,-0.15115328133106232,0.3118060231208801,-0.9486764073371887,-0.042121097445487976,0.4842701554298401,-1.2555512189865112,-0.10440979152917862,0.6096707582473755,-1.4299949407577515,-0.14421258866786957,0.7271469235420227,-1.5788071155548096,-0.1673564910888672,0.1729176938533783,-0.9572336077690125,-0.08500242978334427,0.3076258599758148,-1.1935641765594482,-0.14123867452144623,0.41145437955856323,-1.3224085569381714,-0.1607389748096466,0.5144144296646118,-1.435849905014038,-0.1706555187702179,0.0,0.0,0.0,0.021608684211969376,0.0824928879737854,0.028156541287899017,0.04782819375395775,0.13218052685260773,0.04116323962807655,0.06751006841659546,0.15424296259880066,0.047598063945770264,0.09776204079389572,0.18320332467556,0.05403779447078705,0.14294679462909698,0.10451928526163101,0.038918636739254,0.19877460598945618,0.1317090541124344,0.04677809029817581,0.24162933230400085,0.1576358675956726,0.05143723636865616,0.2766382396221161,0.188587948679924,0.05328337848186493,0.16751250624656677,0.0754057765007019,0.025351444259285927,0.23928548395633698,0.11081630736589432,0.030887963250279427,0.28737086057662964,0.14348115026950836,0.03403840959072113,0.32520076632499695,0.17053255438804626,0.03637251257896423,0.18220017850399017,0.035584092140197754,0.018382051959633827,0.2569286525249481,0.06622708588838577,0.023493319749832153,0.30832913517951965,0.0884489044547081,0.026981636881828308,0.3487410247325897,0.11001505702733994,0.029387006536126137,0.18956735730171204,0.050246961414813995,0.023564603179693222,0.2588208019733429,0.05314663425087929,0.026038527488708496,0.30496954917907715,0.060465533286333084,0.02816646546125412,0.3471682667732239,0.07364799827337265,0.030190715566277504
hola,0.0,0.0,0.0,0.22118404507637024,-0.06608617305755615,-0.07143865525722504,0.40907374024391174,-0.32697099447250366,-0.0869695171713829,0.48800569772720337,-0.5889803767204285,-0.10218975692987442,0.5146064758300781,-0.8183513879776001,-0.11733534187078476,0.42541438341140747,-0.8317187428474426,-0.0007382682524621487,0.551319420337677,-1.1127147674560547,-0.0612209215760231,0.6386231780052185,-1.2846968173980713,-0.12241031229496002,0.7155516743659973,-1.4469019174575806,-0.16673403978347778,0.33448466658592224,-0.9252073168754578,-0.012187160551548004,0.47951826453208923,-1.2171452045440674,-0.06466839462518692,0.5864444375038147,-1.3832603693008423,-0.11615979671478271,0.6881330609321594,-1.5366770029067993,-0.15236055850982666,0.2218504250049591,-0.9550015330314636,-0.041167233139276505,0.3599279224872589,-1.2670561075210571,-0.1011580228805542,0.46056509017944336,-1.4486620426177979,-0.13887850940227509,0.557073712348938,-1.614508032798767,-0.162074476480484,0.08152328431606293,-0.9310574531555176,-0.07936020195484161,0.18800418078899384,-1.1676411628723145,-0.13591068983078003,0.2743547558784485,-1.3047797679901123,-0.15680231153964996,0.36058610677719116,-1.4329960346221924,-0.16819030046463013,0.0,0.0,0.0,0.018412331119179726,0.09008375555276871,0.027504267171025276,0.04278142750263214,0.13436926901340485,0.04110189527273178,0.0648164227604866,0.1716713309288025,0.04781164601445198,0.09608946740627289,0.2114068865776062,0.054807741194963455,0.13768035173416138,0.09205503761768341,0.04497712850570679,0.19021134078502655,0.12187715619802475,0.0551740862429142,0.2309872955083847,0.14278461039066315,0.05886659026145935,0.26349514722824097,0.1622578203678131,0.06043485924601555,0.1634526252746582,0.06486524641513824,0.03222543001174927,0.2302449494600296,0.10206678509712219,0.04153710603713989,0.27773454785346985,0.13388796150684357,0.04444151744246483,0.31673526763916016,0.16392622888088226,0.045647356659173965,0.1799691766500473,0.02631957083940506,0.022236842662096024,0.25099629163742065,0.06787490844726562,0.030412977561354637,0.303419291973114,0.09804387390613556,0.032642800360918045,0.34533774852752686,0.1319786012172699,0.033516522496938705,0.18922100961208344,0.058437854051589966,0.02052723616361618,0.25469475984573364,0.051334280520677567,0.02504199929535389,0.2993287742137909,0.04514279216527939,0.028036117553710938,0.33969438076019287,0.05002032592892647,0.029515108093619347
hola,0.0,0.0,0.0,0.21318110823631287,-0.07028094679117203,-0.05706346035003662,0.38640928268432617,-0.35804980993270874,-0.06774337589740753,0.4557410776615143,-0.6200823187828064,-0.08177610486745834,0.48670369386672974,-0.8376075625419617,-0.0959431380033493,0.4217056632041931,-0.8444887399673462,0.011504372581839561,0.5478783249855042,-1.1368825435638428,-0.050395507365465164,0.6377631425857544,-1.3055827617645264,-0.11184046417474747,0.713424801826477,-1.4579548835754395,-0.15541967749595642,0.34279876947402954,-0.9181923866271973,-0.009913980029523373,0.4950599670410156,-1.2196353673934937,-0.0654538944363594,0.6057466268539429,-1.3968318700790405,-0.12015224993228912,0.708180844783783,-1.5578851699829102,-0.1584046632051468,0.24251988530158997,-0.936316967010498,-0.048688896000385284,0.39125120639801025,-1.239753007888794,-0.11217579990625381,0.502368688583374,-1.415770411491394,-0.1545824408531189,0.6040570139884949,-1.5737769603729248,-0.18050578236579895,0.11863406747579575,-0.9076014757156372,-0.09541448205709457,0.24405178427696228,-1.139660358428955,-0.15424053370952606,0.3402661681175232,-1.2693119049072266,-0.1780739277601242,0.43362975120544434,-1.386775255203247,-0.19186079502105713,0.0,0.0,0.0,0.04135112836956978,0.09970571845769882,0.03661594167351723,0.07209315896034241,0.133780837059021,0.05524450168013573,0.09393224120140076,0.16041705012321472,0.06516315788030624,0.14079974591732025,0.18251582980155945,0.07428306341171265,0.16261689364910126,0.0934397503733635,0.04744853079319,0.23216450214385986,0.10528140515089035,0.05778418853878975,0.2883146107196808,0.11556193232536316,0.06444356590509415,0.3321816623210907,0.13865023851394653,0.06689276546239853,0.184531569480896,0.06619072705507278,0.029671426862478256,0.2705956697463989,0.08711601793766022,0.038247957825660706,0.33151981234550476,0.10271330922842026,0.042702674865722656,0.3806982636451721,0.11012142896652222,0.044938549399375916,0.1956366002559662,0.030532263219356537,0.02359619364142418,0.285800576210022,0.050933897495269775,0.029983913525938988,0.34977129101753235,0.058877818286418915,0.034161269664764404,0.4010089933872223,0.07027924060821533,0.03668835014104843,0.20006063580513,0.05702763795852661,0.034366708248853683,0.28298068046569824,0.05726219341158867,0.038176171481609344,0.3405027985572815,0.0531492717564106,0.042534589767456055,0.39327993988990784,0.050456564873456955,0.04656612128019333
hola,0.0,0.0,0.0,0.23813855648040771,-0.011029653251171112,-0.08217242360115051,0.45777907967567444,-0.2607946991920471,-0.09354334324598312,0.5640714764595032,-0.5521379113197327,-0.10229787975549698,0.6365659832954407,-0.8015558123588562,-0.10900850594043732,0.4948182702064514,-0.7685219645500183,0.003934691660106182,0.6440304517745972,-1.057060956954956,-0.055065590888261795,0.7414863705635071,-1.2421939373016357,-0.1150420531630516,0.8258112072944641,-1.413917064666748,-0.1582007259130478,0.4143582284450531,-0.8980215787887573,-0.002143235644325614,0.5839269757270813,-1.2225712537765503,-0.05418689176440239,0.700053334236145,-1.4318126440048218,-0.10807821899652481,0.8062645196914673,-1.614635705947876,-0.14532971382141113,0.3112053871154785,-0.9607136845588684,-0.027445584535598755,0.47263988852500916,-1.2907192707061768,-0.08702735602855682,0.5859449505805969,-1.488801121711731,-0.12802371382713318,0.690302848815918,-1.6599582433700562,-0.15222996473312378,0.17748290300369263,-0.972091019153595,-0.0634356439113617,0.3073330521583557,-1.2292981147766113,-0.1198061928153038,0.40403738617897034,-1.3828718662261963,-0.14362087845802307,0.4993484616279602,-1.5198228359222412,-0.15633229911327362,0.0,0.0,0.0,0.015041457489132881,0.08083949238061905,0.025446604937314987,0.0428304485976696,0.11111762374639511,0.04105600714683533,0.0677139014005661,0.12965969741344452,0.0505882166326046,0.09574133157730103,0.15070520341396332,0.05993203818798065,0.11180275678634644,0.08319977670907974,0.03779841214418411,0.1554815173149109,0.1106785237789154,0.045491140335798264,0.1918715387582779,0.13348506391048431,0.04983247071504593,0.22142930328845978,0.15455523133277893,0.05271868035197258,0.13321852684020996,0.05899389460682869,0.02515128254890442,0.1884041428565979,0.08974360674619675,0.032185230404138565,0.229320228099823,0.11589568853378296,0.03716665133833885,0.2634723484516144,0.13664516806602478,0.041258782148361206,0.14695867896080017,0.024994393810629845,0.015721779316663742,0.20276643335819244,0.0508410818874836,0.023192638531327248,0.24336519837379456,0.07120455801486969,0.028833895921707153,0.27624863386154175,0.09108256548643112,0.03312315046787262,0.15450942516326904,0.03110703080892563,0.016898734495043755,0.20924241840839386,0.023079780861735344,0.022485636174678802,0.24486395716667175,0.01982995495200157,0.028354469686746597,0.2754555344581604,0.027676500380039215,0.03326062858104706
hola,0.0,0.0,0.0,0.24548748135566711,0.016826074570417404,-0.07468553632497787,0.4822801947593689,-0.22805671393871307,-0.08021151274442673,0.6040029525756836,-0.514316201210022,-0.08496437966823578,0.6928527355194092,-0.7533365488052368,-0.0878026932477951,0.5356575846672058,-0.73908531665802,0.017221685498952866,0.7029703855514526,-1.0109903812408447,-0.03957667574286461,0.8132060170173645,-1.1897132396697998,-0.09842772036790848,0.9074180722236633,-1.357525110244751,-0.1411677896976471,0.46151766180992126,-0.8768445253372192,0.007045090198516846,0.6547293663024902,-1.1784496307373047,-0.04413172975182533,0.787505030632019,-1.3723939657211304,-0.09702735394239426,0.9087961912155151,-1.542635202407837,-0.13344530761241913,0.36123964190483093,-0.9522725939750671,-0.022667456418275833,0.5475606322288513,-1.2650535106658936,-0.08262879401445389,0.6784535050392151,-1.451006293296814,-0.12254498153924942,0.7980502843856812,-1.609410047531128,-0.1458466649055481,0.22664900124073029,-0.9812019467353821,-0.06261928379535675,0.3781663477420807,-1.2251797914505005,-0.11906503140926361,0.4924768805503845,-1.3649094104766846,-0.14197653532028198,0.6044334173202515,-1.4858300685882568,-0.1541728973388672,0.0,0.0,0.0,0.017175469547510147,0.0778772309422493,0.017938537523150444,0.04438916966319084,0.09892398864030838,0.03038923069834709,0.07069196552038193,0.12033339589834213,0.03808867931365967,0.10108545422554016,0.1466222107410431,0.0456370934844017,0.09874364733695984,0.08288808166980743,0.02976083755493164,0.14401306211948395,0.12540630996227264,0.03396807610988617,0.17959371209144592,0.15339182317256927,0.03586690127849579,0.2083893120288849,0.17461790144443512,0.03663712739944458,0.11950799822807312,0.0588100366294384,0.018828868865966797,0.1741899847984314,0.10227232426404953,0.021673860028386116,0.21459487080574036,0.13199163973331451,0.023519305512309074,0.2485170066356659,0.1510499268770218,0.024785522371530533,0.13201038539409637,0.025130704045295715,0.00899135135114193,0.18611031770706177,0.05821480229496956,0.01171725895255804,0.22590984404087067,0.08033518493175507,0.012768927030265331,0.25829678773880005,0.09763585031032562,0.013582238927483559,0.1407831311225891,0.029464496299624443,0.010882322676479816,0.1901482343673706,0.022321371361613274,0.013639621436595917,0.22569723427295685,0.03609171509742737,0.015910135582089424,0.25729304552078247,0.05694444477558136,0.018083931878209114
hola,0.0,0.0,0.0,0.22503253817558289,-0.025261923670768738,-0.0595967099070549,0.42606455087661743,-0.3155196011066437,-0.058955948799848557,0.5188363790512085,-0.5969251394271851,-0.060518503189086914,0.5879930257797241,-0.821629524230957,-0.06029735133051872,0.46231311559677124,-0.7992416620254517,0.03168182820081711,0.6065760850906372,-1.0870441198349,-0.018179669976234436,0.7051465511322021,-1.2776451110839844,-0.07132948935031891,0.7861348390579224,-1.4544308185577393,-0.11038091033697128,0.3932988941669464,-0.9025242924690247,0.015322797000408173,0.5646451115608215,-1.2129623889923096,-0.03183997422456741,0.685416579246521,-1.412353754043579,-0.0818520337343216,0.7933224439620972,-1.592979073524475,-0.11575505882501602,0.303738534450531,-0.9534320831298828,-0.01943511888384819,0.46951955556869507,-1.2732555866241455,-0.07538941502571106,0.5929769277572632,-1.4695804119110107,-0.11384986340999603,0.7031576633453369,-1.6431434154510498,-0.1358403116464615,0.1876709759235382,-0.9614909887313843,-0.06324708461761475,0.32743629813194275,-1.2263305187225342,-0.11609889566898346,0.4333462715148926,-1.384122610092163,-0.13765236735343933,0.5349957942962646,-1.521028757095337,-0.14899025857448578,0.0,0.0,0.0,0.023619432002305984,0.09366139024496078,0.02365654893219471,0.057681214064359665,0.1293920874595642,0.04038552939891815,0.09245023131370544,0.14922913908958435,0.050609320402145386,0.13321875035762787,0.17174167931079865,0.06095581874251366,0.1347578763961792,0.09675094485282898,0.046395111829042435,0.1917419731616974,0.1396009922027588,0.05459368973970413,0.2345493882894516,0.16873224079608917,0.058147963136434555,0.26914095878601074,0.18703465163707733,0.0595209002494812,0.15904413163661957,0.06452888250350952,0.032743822783231735,0.22327296435832977,0.10574351996183395,0.04010637104511261,0.2670024335384369,0.13505958020687103,0.0437915176153183,0.30324921011924744,0.15344354510307312,0.04561033099889755,0.17346329987049103,0.02332914248108864,0.01810278557240963,0.23754245042800903,0.05537456274032593,0.022783253341913223,0.2809532582759857,0.07567120343446732,0.02430425025522709,0.31658944487571716,0.09137090295553207,0.02545691654086113,0.18368959426879883,0.05519077554345131,0.009541992098093033,0.24819201231002808,0.04395047947764397,0.014300957322120667,0.291569322347641,0.036562610417604446,0.017285091802477837,0.3312194347381592,0.030483270063996315,0.019031129777431488
hola,0.0,0.0,0.0,0.24700812995433807,0.026849161833524704,-0.05598203465342522,0.4746015965938568,-0.22856251895427704,-0.049215588718652725,0.5880613923072815,-0.498436838388443,-0.046547114849090576,0.675706684589386,-0.7209877967834473,-0.04136916995048523,0.5332851409912109,-0.734322190284729,0.055338054895401,0.7044757604598999,-0.9834195375442505,0.009082643315196037,0.8238417506217957,-1.1419366598129272,-0.04454481974244118,0.9262868165969849,-1.290862798690796,-0.08375698328018188,0.4705834984779358,-0.8720693588256836,0.0388195738196373,0.67067950963974,-1.1486408710479736,-0.0013800045708194375,0.8115955591201782,-1.3191626071929932,-0.04959668964147568,0.941634476184845,-1.4677026271820068,-0.08319644629955292,0.38223499059677124,-0.9580528140068054,0.0019554225727915764,0.5759671926498413,-1.2506306171417236,-0.048255424946546555,0.715170681476593,-1.4213517904281616,-0.08641189336776733,0.8418577909469604,-1.562604546546936,-0.1089000478386879,0.2616150975227356,-1.007271409034729,-0.04438292980194092,0.42400890588760376,-1.2467328310012817,-0.09062083810567856,0.5436080098152161,-1.3812791109085083,-0.10993679612874985,0.6603316068649292,-1.4947490692138672,-0.12067623436450958,0.0,0.0,0.0,0.018144752830266953,0.08124841749668121,0.020160268992185593,0.04002106934785843,0.11186963319778442,0.03040407970547676,0.06219877302646637,0.12649878859519958,0.03570496290922165,0.0954083725810051,0.14666159451007843,0.04062039405107498,0.09156200289726257,0.08152273297309875,0.028932632878422737,0.13819964230060577,0.12685438990592957,0.03311000019311905,0.17429736256599426,0.16116905212402344,0.03623365983366966,0.20288324356079102,0.18626239895820618,0.03829069808125496,0.11342346668243408,0.05781733617186546,0.018209965899586678,0.1717344969511032,0.10046691447496414,0.02429163083434105,0.2111099362373352,0.13616295158863068,0.02832549624145031,0.2435530424118042,0.16113804280757904,0.030698342248797417,0.1268160045146942,0.026201659813523293,0.01214651484042406,0.18325282633304596,0.054763056337833405,0.0177940484136343,0.22155600786209106,0.08158250153064728,0.021463023498654366,0.25212162733078003,0.10177755355834961,0.023444922640919685,0.13576239347457886,0.027759747579693794,0.017357226461172104,0.1864747256040573,0.02705782651901245,0.021410111337900162,0.22224996984004974,0.04767775535583496,0.024726765230298042,0.25311338901519775,0.06983384490013123,0.02732396312057972
hola,0.0,0.0,0.0,0.24338646233081818,0.011816872283816338,-0.06165919825434685,0.4703184962272644,-0.235061377286911,-0.06070047616958618,0.5793172717094421,-0.5033584237098694,-0.061649274080991745,0.6552602648735046,-0.7307261228561401,-0.06074907258152962,0.5215314626693726,-0.7443587183952332,0.03373618796467781,0.6892467737197876,-0.995357871055603,-0.018258213996887207,0.8034998774528503,-1.1486873626708984,-0.07445994019508362,0.9032371640205383,-1.2895616292953491,-0.11471579223871231,0.4491944909095764,-0.8801499605178833,0.019761253148317337,0.6417271494865417,-1.1633251905441284,-0.02425774559378624,0.7751424908638,-1.334608793258667,-0.0732061117887497,0.8984512090682983,-1.4809293746948242,-0.1072230115532875,0.3513264060020447,-0.9568678140640259,-0.0134767796844244,0.5362756252288818,-1.2607460021972656,-0.06657122075557709,0.6665505170822144,-1.4346598386764526,-0.10481135547161102,0.7863886952400208,-1.5797175168991089,-0.12775583565235138,0.22026073932647705,-0.9889717102050781,-0.05604517459869385,0.3684079945087433,-1.2288219928741455,-0.10608996450901031,0.47955042123794556,-1.3630516529083252,-0.12618349492549896,0.5896263122558594,-1.4779363870620728,-0.13716164231300354,0.0,0.0,0.0,0.02631031908094883,0.08381208777427673,0.023531056940555573,0.05431216582655907,0.11914783716201782,0.03614126145839691,0.08476969599723816,0.1440291404724121,0.04241616278886795,0.12368148565292358,0.16879694163799286,0.04818453639745712,0.11391579359769821,0.09392266720533371,0.03624482825398445,0.1648879498243332,0.13708147406578064,0.04045132175087929,0.20210623741149902,0.1704443097114563,0.04250603914260864,0.2325320541858673,0.19702130556106567,0.04331516474485397,0.13606135547161102,0.06431171298027039,0.02282915636897087,0.19858039915561676,0.10621114820241928,0.027427321299910545,0.24072909355163574,0.14338652789592743,0.02985415607690811,0.2760394215583801,0.17294801771640778,0.030806483700871468,0.14812521636486053,0.02451254613697529,0.011970564723014832,0.21002399921417236,0.05446001514792442,0.016011353582143784,0.25158992409706116,0.08122918009757996,0.018476827070116997,0.2859729528427124,0.10542942583560944,0.019864873960614204,0.15399692952632904,0.03940212354063988,0.014828743413090706,0.2081153690814972,0.030318669974803925,0.017333799973130226,0.24522128701210022,0.03459332138299942,0.019693702459335327,0.2789410948753357,0.047363076359033585,0.02178976684808731
hola,0.0,0.0,0.0,0.2296326607465744,-0.016084963455796242,-0.07667050510644913,0.44263577461242676,-0.2802635133266449,-0.08345682919025421,0.5382387638092041,-0.5667627453804016,-0.08810817450284958,0.5932351350784302,-0.809637725353241,-0.09053663909435272,0.4700656831264496,-0.784700870513916,0.014906448312103748,0.6087521910667419,-1.06099534034729,-0.03836023062467575,0.6999900937080383,-1.2376518249511719,-0.09544031322002411,0.7775759100914001,-1.4013500213623047,-0.1370757669210434,0.39234620332717896,-0.9051169157028198,0.00866553746163845,0.5580509901046753,-1.2049707174301147,-0.038217008113861084,0.6732257008552551,-1.3913710117340088,-0.08946479856967926,0.778545618057251,-1.556104063987732,-0.1254180371761322,0.29345306754112244,-0.9637816548347473,-0.016858719289302826,0.4541209638118744,-1.2746975421905518,-0.07277549803256989,0.5695324540138245,-1.4614280462265015,-0.11353136599063873,0.6739107966423035,-1.6225299835205078,-0.13840252161026,0.1661994755268097,-0.9744375348091125,-0.05254461616277695,0.2967735528945923,-1.2202037572860718,-0.10567706823348999,0.39491745829582214,-1.3601027727127075,-0.1286303997039795,0.4897964894771576,-1.4824492931365967,-0.141645610332489,0.0,0.0,0.0,0.027614373713731766,0.09141665697097778,0.03221272677183151,0.06341014802455902,0.12486470490694046,0.05031699314713478,0.09439131617546082,0.14249245822429657,0.060741253197193146,0.14146439731121063,0.1656825989484787,0.07052378356456757,0.13081389665603638,0.09392594546079636,0.04348835349082947,0.19081996381282806,0.13625313341617584,0.05186871066689491,0.23972459137439728,0.16965924203395844,0.057452160865068436,0.28119102120399475,0.19967339932918549,0.061408624053001404,0.15019647777080536,0.05858919396996498,0.027586843818426132,0.2201252579689026,0.09267998486757278,0.03693927451968193,0.271589070558548,0.12539249658584595,0.04452964663505554,0.31661003828048706,0.1547422856092453,0.04952197149395943,0.16034160554409027,0.017395704984664917,0.014473645947873592,0.2287847250699997,0.04021242633461952,0.021374940872192383,0.2787232995033264,0.06445444375276566,0.02582808956503868,0.3219057023525238,0.09020616859197617,0.02854813262820244,0.1641405075788498,0.056235115975141525,0.015343699604272842,0.22615674138069153,0.046598467975854874,0.017125846818089485,0.2721708118915558,0.04234033823013306,0.020737174898386,0.31471705436706543,0.05365373194217682,0.02343425340950489
hola,0.0,0.0,0.0,0.2228228747844696,-0.03291540592908859,-0.06296870112419128,0.4191717207431793,-0.3060387969017029,-0.06662876158952713,0.5028159618377686,-0.585537314414978,-0.0721885934472084,0.5456579923629761,-0.8122553825378418,-0.076225645840168,0.4507210850715637,-0.7989703416824341,0.027364278212189674,0.5854554176330566,-1.0808054208755493,-0.024502310901880264,0.6699737906455994,-1.2552833557128906,-0.08063465356826782,0.7394405007362366,-1.414268970489502,-0.12086639553308487,0.37590909004211426,-0.9130544662475586,0.013401070609688759,0.5369640588760376,-1.2185910940170288,-0.0318903848528862,0.6513146758079529,-1.4103740453720093,-0.08159056305885315,0.7548109292984009,-1.5762661695480347,-0.11563573777675629,0.27961158752441406,-0.9666599035263062,-0.019317928701639175,0.43291226029396057,-1.2915703058242798,-0.0725913718342781,0.5450661778450012,-1.4888871908187866,-0.11171523481607437,0.6468824148178101,-1.6567065715789795,-0.1349463164806366,0.15599839389324188,-0.971346378326416,-0.06140001490712166,0.282244473695755,-1.235837459564209,-0.11092904955148697,0.3769879937171936,-1.393085241317749,-0.13129781186580658,0.4699559807777405,-1.5299651622772217,-0.1424049437046051,0.0,0.0,0.0,0.022696303203701973,0.08280699700117111,0.031986430287361145,0.04581281170248985,0.12226030975580215,0.05111785605549812,0.06790284812450409,0.15086229145526886,0.06248147785663605,0.10636268556118011,0.18352875113487244,0.07403626292943954,0.11736322939395905,0.08310700207948685,0.055020254105329514,0.1641693264245987,0.12257618457078934,0.06760665774345398,0.20218221843242645,0.17004123330116272,0.07506255060434341,0.2353215515613556,0.2199719399213791,0.0788349136710167,0.14214445650577545,0.05573449283838272,0.03915347158908844,0.20317988097667694,0.09381578862667084,0.04999998211860657,0.2464160919189453,0.12568648159503937,0.05586796626448631,0.28218770027160645,0.14812222123146057,0.05954711139202118,0.15783996880054474,0.020046282559633255,0.024442706257104874,0.22059790790081024,0.05057479441165924,0.03127546235918999,0.2651052474975586,0.07508324831724167,0.03510754182934761,0.30103757977485657,0.09504137188196182,0.03788609057664871,0.16806739568710327,0.051280539482831955,0.018835866823792458,0.2285369634628296,0.04212307929992676,0.02239145338535309,0.26985737681388855,0.03770696371793747,0.026365594938397408,0.30652350187301636,0.041420649737119675,0.029039783403277397
hola,0.0,0.0,0.0,0.2512863278388977,0.03512466698884964,-0.05140186473727226,0.4852491319179535,-0.18801960349082947,-0.05089516565203667,0.6063653230667114,-0.4448053240776062,-0.056515973061323166,0.6832265257835388,-0.6688717603683472,-0.060978151857852936,0.5860745310783386,-0.6969412565231323,0.0481829009950161,0.7710239887237549,-0.9527497291564941,-0.007229046430438757,0.8958181142807007,-1.1088178157806396,-0.06840254366397858,0.9987799525260925,-1.2506433725357056,-0.11100231111049652,0.5283141136169434,-0.8421603441238403,0.02613823674619198,0.7522544860839844,-1.1109262704849243,-0.021798981353640556,0.9110755920410156,-1.267052412033081,-0.07309959828853607,1.0540565252304077,-1.399338960647583,-0.1071070209145546,0.4399496018886566,-0.9434935450553894,-0.015762871131300926,0.6608189344406128,-1.2271946668624878,-0.07033243030309677,0.8193842768669128,-1.3905260562896729,-0.10808753967285156,0.9608583450317383,-1.5196592807769775,-0.12919455766677856,0.3151940405368805,-1.010237455368042,-0.0668439194560051,0.49881497025489807,-1.238762378692627,-0.11360077559947968,0.6319184899330139,-1.3662230968475342,-0.12918110191822052,0.758734405040741,-1.4700952768325806,-0.13646717369556427,0.0,0.0,0.0,0.01353274192661047,0.04816751182079315,0.023047614842653275,0.017625849694013596,0.08176833391189575,0.03173505514860153,0.027828320860862732,0.11215899884700775,0.03494998812675476,0.04897693544626236,0.1419922113418579,0.03898671641945839,0.06959722191095352,0.06469675153493881,0.03392448276281357,0.09687477350234985,0.0971297025680542,0.03868262097239494,0.1194637268781662,0.13347870111465454,0.041307687759399414,0.14239583909511566,0.16338390111923218,0.04252796992659569,0.08804954588413239,0.05206160619854927,0.022442501038312912,0.12525446712970734,0.08827748149633408,0.028673825785517693,0.1495668590068817,0.12035258114337921,0.032018404453992844,0.16907371580600739,0.1392669379711151,0.033699583262205124,0.10135314613580704,0.03160102665424347,0.01698542758822441,0.13989104330539703,0.07205776870250702,0.022386768832802773,0.16892606019973755,0.10107025504112244,0.027099018916487694,0.19111207127571106,0.12048761546611786,0.02991914004087448,0.11332850158214569,0.021139074116945267,0.02276970073580742,0.15084794163703918,0.04176800698041916,0.024354003369808197,0.17738944292068481,0.06445644795894623,0.02664313279092312,0.19984208047389984,0.08530162274837494,0.028632305562496185
hola,0.0,0.0,0.0,0.22837230563163757,-0.019972901791334152,-0.05725343897938728,0.43092185258865356,-0.27587729692459106,-0.059619467705488205,0.520006537437439,-0.5466484427452087,-0.06507370620965958,0.5773943662643433,-0.7671090364456177,-0.06915411353111267,0.4896894097328186,-0.7794787287712097,0.03540364280343056,0.6412867307662964,-1.0584965944290161,-0.014102093875408173,0.7466298937797546,-1.2403875589370728,-0.06913506239652634,0.8340700268745422,-1.405623197555542,-0.10895206779241562,0.41860222816467285,-0.8962696194648743,0.01872185245156288,0.6002072095870972,-1.189254879951477,-0.02603851817548275,0.7292642593383789,-1.3697105646133423,-0.07519888877868652,0.8461233377456665,-1.5257856845855713,-0.10830819606781006,0.3253927528858185,-0.9627349972724915,-0.016256416216492653,0.5002362132072449,-1.2700812816619873,-0.06780019402503967,0.6284545063972473,-1.4540334939956665,-0.10397608578205109,0.7449954748153687,-1.6072088479995728,-0.12489469349384308,0.20163226127624512,-0.9859104156494141,-0.06034472584724426,0.34645408391952515,-1.232932448387146,-0.10691206157207489,0.4548722803592682,-1.3737943172454834,-0.12334984540939331,0.5601983666419983,-1.492777705192566,-0.1312919557094574,0.0,0.0,0.0,0.01625753752887249,0.07610482722520828,0.01749248057603836,0.03619152680039406,0.11790861189365387,0.026275426149368286,0.055104393512010574,0.14093558490276337,0.030712490901350975,0.08778097480535507,0.17166204750537872,0.03581142798066139,0.1088579073548317,0.0810728520154953,0.03019714541733265,0.1519049108028412,0.11214056611061096,0.03328309208154678,0.18718424439430237,0.13587990403175354,0.03433234989643097,0.21504203975200653,0.1536925733089447,0.03505465015769005,0.13058611750602722,0.059891559183597565,0.02197137288749218,0.18488551676273346,0.09573884308338165,0.027539560571312904,0.22514905035495758,0.12717671692371368,0.03008715994656086,0.25881215929985046,0.1488376259803772,0.03153318911790848,0.14526787400245667,0.025427842512726784,0.01929142139852047,0.20162411034107208,0.06108005717396736,0.02518187277019024,0.2459622621536255,0.086195208132267,0.028931958600878716,0.28183937072753906,0.10586033761501312,0.031017988920211792,0.15630853176116943,0.03503013029694557,0.025058569386601448,0.21298310160636902,0.034119464457035065,0.028779800981283188,0.25265777111053467,0.047834474593400955,0.030979325994849205,0.2870662212371826,0.06484461575746536,0.03273855149745941
hola,0.0,0.0,0.0,0.22720439732074738,-0.045961808413267136,-0.06621549278497696,0.42375174164772034,-0.3183397352695465,-0.07115626335144043,0.5052517652511597,-0.5943572521209717,-0.07708532363176346,0.5470471978187561,-0.8254441022872925,-0.08127482980489731,0.4428725242614746,-0.8117725253105164,0.026405924931168556,0.5767877101898193,-1.0915201902389526,-0.026361998170614243,0.6647392511367798,-1.2614433765411377,-0.08319242298603058,0.7393717765808105,-1.4151761531829834,-0.12357495725154877,0.36190101504325867,-0.916223406791687,0.01520594023168087,0.5198989510536194,-1.215782880783081,-0.03044569119811058,0.6320380568504333,-1.4003829956054688,-0.08099616318941116,0.7366123795509338,-1.5604296922683716,-0.11585529893636703,0.26233625411987305,-0.9626571536064148,-0.014996143989264965,0.41469937562942505,-1.278244972229004,-0.06874841451644897,0.5262030363082886,-1.4692130088806152,-0.10817112773656845,0.629497230052948,-1.6302223205566406,-0.1317720115184784,0.13524144887924194,-0.9616756439208984,-0.05461622029542923,0.258189857006073,-1.2119289636611938,-0.10465992987155914,0.35215669870376587,-1.3587993383407593,-0.1253005862236023,0.4455897808074951,-1.4882986545562744,-0.13656899333000183,0.0,0.0,0.0,0.022732125595211983,0.10275328159332275,0.018084345385432243,0.05728581175208092,0.16269682347774506,0.027070429176092148,0.09017986059188843,0.19670408964157104,0.032939448952674866,0.1327524036169052,0.22168037295341492,0.03919171914458275,0.13565534353256226,0.10200577229261398,0.025101378560066223,0.19715064764022827,0.1494228094816208,0.029140539467334747,0.24448581039905548,0.1884625256061554,0.033845432102680206,0.28332844376564026,0.2208293378353119,0.036108508706092834,0.15829326212406158,0.06304293870925903,0.01731685735285282,0.23256880044937134,0.1134401485323906,0.021723346784710884,0.2849602997303009,0.1569097489118576,0.025116976350545883,0.3290264308452606,0.18863172829151154,0.027071494609117508,0.17006942629814148,0.016905341297388077,0.016940368339419365,0.24482449889183044,0.05396395921707153,0.01967892237007618,0.2984103560447693,0.08624564856290817,0.021519390866160393,0.3419760465621948,0.11538391560316086,0.022202283143997192,0.17483913898468018,0.06345392763614655,0.024920281022787094,0.24211475253105164,0.0467306487262249,0.02450498193502426,0.28967151045799255,0.0414394810795784,0.02358544059097767,0.3318973481655121,0.05499918386340141,0.0233596321195364
hola,0.0,0.0,0.0,0.2241118848323822,-0.04844427481293678,-0.06294142454862595,0.4216119349002838,-0.3254655599594116,-0.06642695516347885,0.5051317811012268,-0.6019514799118042,-0.07107573002576828,0.5516834855079651,-0.834786057472229,-0.0743221640586853,0.4404725134372711,-0.8109594583511353,0.024821121245622635,0.5688658952713013,-1.0927183628082275,-0.025941094383597374,0.6539450287818909,-1.2725118398666382,-0.08042944222688675,0.7254319787025452,-1.438768982887268,-0.12031710147857666,0.360208123922348,-0.9156854748725891,0.011913888156414032,0.5147281885147095,-1.21676766872406,-0.03325409069657326,0.623293936252594,-1.3980776071548462,-0.08113585412502289,0.7238370180130005,-1.5581800937652588,-0.11418171226978302,0.2588256299495697,-0.9606612324714661,-0.0192832350730896,0.40703755617141724,-1.2774282693862915,-0.07375267893075943,0.5143206715583801,-1.4607388973236084,-0.11038694530725479,0.6145501732826233,-1.6200567483901978,-0.13239702582359314,0.1304285079240799,-0.9557226896286011,-0.05950140953063965,0.25126761198043823,-1.1973010301589966,-0.11139994859695435,0.3451605439186096,-1.3310998678207397,-0.13102805614471436,0.43817025423049927,-1.4496655464172363,-0.14145785570144653,0.0,0.0,0.0,0.027796415612101555,0.1025356575846672,0.03014916367828846,0.060999128967523575,0.14036694169044495,0.04809776693582535,0.09560874849557877,0.17132242023944855,0.058298006653785706,0.14294247329235077,0.19527970254421234,0.06835262477397919,0.13835757970809937,0.09654693305492401,0.04924165457487106,0.1980777531862259,0.1374160647392273,0.058883532881736755,0.24749425053596497,0.1676761955022812,0.06396102905273438,0.2884248197078705,0.19554711878299713,0.0668022558093071,0.16240862011909485,0.06372770667076111,0.034500185400247574,0.23386864364147186,0.1033397763967514,0.04393916577100754,0.28663843870162964,0.1417045295238495,0.04906643554568291,0.33210963010787964,0.1773722767829895,0.051822856068611145,0.1750805526971817,0.02368101105093956,0.021840574219822884,0.24812613427639008,0.048715557903051376,0.029379544779658318,0.3014785647392273,0.07337860763072968,0.032102182507514954,0.34777432680130005,0.10072289407253265,0.0333792120218277,0.18253375589847565,0.057166773825883865,0.019525110721588135,0.2515738904476166,0.04801768809556961,0.025263696908950806,0.300799161195755,0.04343782365322113,0.027839407324790955,0.3475559949874878,0.0526546910405159,0.029110737144947052
hola,0.0,0.0,0.0,0.22381234169006348,-0.08229367434978485,-0.06049128249287605,0.40576067566871643,-0.3842046856880188,-0.06657464802265167,0.48072394728660583,-0.6673387885093689,-0.07497075945138931,0.5150756239891052,-0.9023942947387695,-0.08271756768226624,0.4149404466152191,-0.8407862782478333,0.022625179961323738,0.533873438835144,-1.145380973815918,-0.030882900580763817,0.616182267665863,-1.3429286479949951,-0.08696432411670685,0.6861977577209473,-1.5209636688232422,-0.12769535183906555,0.3342166543006897,-0.9234161376953125,0.007966769859194756,0.4814053475856781,-1.234818458557129,-0.04033897817134857,0.5884106159210205,-1.4206936359405518,-0.09024839848279953,0.6876579523086548,-1.5821573734283447,-0.12432775646448135,0.23394140601158142,-0.949302077293396,-0.024392519146203995,0.375397264957428,-1.2682806253433228,-0.08029182255268097,0.47923922538757324,-1.4524712562561035,-0.1167980208992958,0.5760828852653503,-1.6113135814666748,-0.13854876160621643,0.1089061051607132,-0.9270111918449402,-0.06552723050117493,0.2241780012845993,-1.1695042848587036,-0.1171301007270813,0.31418704986572266,-1.3085578680038452,-0.13642656803131104,0.4026569724082947,-1.432673692703247,-0.1467139720916748,0.0,0.0,0.0,0.03202444687485695,0.08978511393070221,0.032902784645557404,0.06206304207444191,0.12626050412654877,0.047130875289440155,0.0919342115521431,0.15895338356494904,0.0525633729994297,0.1301676481962204,0.19025473296642303,0.05855154991149902,0.14777083694934845,0.09230871498584747,0.04934854805469513,0.20147807896137238,0.1179126650094986,0.056897491216659546,0.24569769203662872,0.1340191513299942,0.05919899418950081,0.28025680780410767,0.14537954330444336,0.060120388865470886,0.1726975440979004,0.06757926940917969,0.03387131541967392,0.24171030521392822,0.10440333187580109,0.04331908002495766,0.29115426540374756,0.13373233377933502,0.04665804281830788,0.3314659595489502,0.15286587178707123,0.04788469150662422,0.18719927966594696,0.029314259067177773,0.025691580027341843,0.26247647404670715,0.06779176741838455,0.03454699367284775,0.31647512316703796,0.09243342280387878,0.03848814219236374,0.359102338552475,0.11247213929891586,0.040637992322444916,0.19619576632976532,0.05410325527191162,0.03113940730690956,0.26784124970436096,0.04476023092865944,0.035359129309654236,0.3171102702617645,0.04209117963910103,0.0384780578315258,0.36085355281829834,0.05555887892842293,0.040871985256671906
hola,0.0,0.0,0.0,0.2231370210647583,-0.0415409654378891,-0.07047498226165771,0.4168139100074768,-0.30429989099502563,-0.07987096160650253,0.5010485649108887,-0.5784184336662292,-0.0895785316824913,0.5351889133453369,-0.8121622800827026,-0.09804262220859528,0.45566806197166443,-0.8049502372741699,0.02158917486667633,0.5870498418807983,-1.098595380783081,-0.030301466584205627,0.6714098453521729,-1.2909033298492432,-0.08770711719989777,0.7403167486190796,-1.4655722379684448,-0.1293601393699646,0.3781752288341522,-0.9115276336669922,0.01155699323862791,0.5420803427696228,-1.2119218111038208,-0.034345101565122604,0.656974732875824,-1.3974950313568115,-0.0855400338768959,0.7610934972763062,-1.5585880279541016,-0.12055860459804535,0.2781393527984619,-0.9611968994140625,-0.0172849390655756,0.43538451194763184,-1.2746671438217163,-0.07038372755050659,0.5480900406837463,-1.46077561378479,-0.10800458490848541,0.6511320471763611,-1.6178232431411743,-0.13027063012123108,0.14986225962638855,-0.9634979367256165,-0.05608992651104927,0.27578264474868774,-1.210818886756897,-0.10412012040615082,0.37058955430984497,-1.3516719341278076,-0.12151117622852325,0.46323496103286743,-1.472705602645874,-0.13040848076343536,0.0,0.0,0.0,0.01917886920273304,0.08777857571840286,0.028504515066742897,0.047052446752786636,0.13520050048828125,0.04215036705136299,0.06778217107057571,0.16424033045768738,0.04956735670566559,0.10295137763023376,0.19549338519573212,0.057390786707401276,0.12421604245901108,0.08865978568792343,0.03745432570576668,0.17652399837970734,0.11759980022907257,0.0440203882753849,0.2205890417098999,0.1390487402677536,0.047872260212898254,0.2552493214607239,0.15532194077968597,0.05023566633462906,0.14754225313663483,0.05879126116633415,0.027242297306656837,0.21796222031116486,0.09227380901575089,0.03631561994552612,0.2704714834690094,0.12095785140991211,0.04083291441202164,0.3135966360569,0.13931575417518616,0.042924247682094574,0.16143161058425903,0.02223694883286953,0.026533029973506927,0.2332218587398529,0.05292845144867897,0.03346486762166023,0.28737711906433105,0.07334588468074799,0.036910537630319595,0.3309013545513153,0.09068285673856735,0.038448914885520935,0.1691214144229889,0.05259937793016434,0.035396527498960495,0.23681536316871643,0.046269141137599945,0.03780651092529297,0.2857183516025543,0.040320418775081635,0.03825924172997475,0.3279895484447479,0.04049089178442955,0.038601648062467575
hola,0.0,0.0,0.0,0.23178057372570038,-0.01771371439099312,-0.05808134004473686,0.44097739458084106,-0.2724277377128601,-0.059723056852817535,0.537569522857666,-0.5370988249778748,-0.06474141776561737,0.5797911882400513,-0.7585269808769226,-0.0684942826628685,0.5037721991539001,-0.7678886651992798,0.042250506579875946,0.6492689847946167,-1.0369993448257446,-0.006242960691452026,0.7427013516426086,-1.206070065498352,-0.06300222873687744,0.8189264535903931,-1.3573237657546997,-0.10370184481143951,0.4307260513305664,-0.8869152069091797,0.026073560118675232,0.6071411371231079,-1.1690995693206787,-0.016107581555843353,0.7309651970863342,-1.3378430604934692,-0.06657450646162033,0.8415766954421997,-1.4811456203460693,-0.10088379681110382,0.3335205018520355,-0.9549111127853394,-0.009211964905261993,0.5046394467353821,-1.251441240310669,-0.059303272515535355,0.6285728812217712,-1.4235748052597046,-0.09642968326807022,0.7398913502693176,-1.5641531944274902,-0.11799703538417816,0.20791177451610565,-0.9803492426872253,-0.053922541439533234,0.34954962134361267,-1.2292871475219727,-0.09867548942565918,0.455664724111557,-1.3672610521316528,-0.11451457440853119,0.5588474869728088,-1.4797202348709106,-0.12238122522830963,0.0,0.0,0.0,0.01943918876349926,0.09268593043088913,0.025845982134342194,0.04443289339542389,0.13529837131500244,0.03925768658518791,0.0651552751660347,0.16824586689472198,0.0462297759950161,0.10632559657096863,0.20723433792591095,0.053359612822532654,0.12110543251037598,0.09414054453372955,0.03723326325416565,0.17852187156677246,0.1256939023733139,0.04318049177527428,0.2271611988544464,0.14264973998069763,0.0465347021818161,0.26772555708885193,0.1509915590286255,0.048315878957509995,0.14827169477939606,0.06651012599468231,0.027723707258701324,0.22063547372817993,0.10142239928245544,0.035490505397319794,0.27327409386634827,0.12578202784061432,0.039855457842350006,0.31939536333084106,0.13733628392219543,0.042608026415109634,0.16655318439006805,0.03047415427863598,0.027247756719589233,0.23946374654769897,0.05908315256237984,0.03395840898156166,0.29541704058647156,0.07619111984968185,0.03856625407934189,0.34129518270492554,0.09146316349506378,0.04178484529256821,0.17833910882472992,0.043767038732767105,0.03642228618264198,0.2483033984899521,0.040852662175893784,0.041087474673986435,0.2994777262210846,0.04345298931002617,0.04330332577228546,0.343596488237381,0.05436216667294502,0.045424945652484894
hola,0.0,0.0,0.0,0.2495829313993454,0.02193007990717888,-0.06924641132354736,0.4794583320617676,-0.22778041660785675,-0.07012400031089783,0.598577082157135,-0.5115938186645508,-0.07200504094362259,0.6817845106124878,-0.7454804182052612,-0.0719953179359436,0.5364903807640076,-0.7288597822189331,0.03337109461426735,0.7068520784378052,-0.9940416216850281,-0.01929415762424469,0.8174603581428528,-1.1602442264556885,-0.07659696042537689,0.9106888771057129,-1.3073095083236694,-0.11745275557041168,0.45975932478904724,-0.869437038898468,0.02356893941760063,0.6516956090927124,-1.1634490489959717,-0.02155565656721592,0.7803493738174438,-1.3442814350128174,-0.07348955422639847,0.8950432538986206,-1.4894887208938599,-0.10921280086040497,0.356173038482666,-0.948987603187561,-0.006307010538876057,0.5374976396560669,-1.2609055042266846,-0.06096766144037247,0.6598222255706787,-1.4444326162338257,-0.10202045738697052,0.7701870203018188,-1.5891538858413696,-0.12634220719337463,0.21995703876018524,-0.9832485318183899,-0.04595362767577171,0.36112916469573975,-1.2288954257965088,-0.09804459661245346,0.46433061361312866,-1.3728388547897339,-0.12080612033605576,0.5661917328834534,-1.4943296909332275,-0.13319261372089386,0.0,0.0,0.0,0.02200552262365818,0.11471257358789444,0.02699059247970581,0.06326675415039062,0.15317288041114807,0.041574735194444656,0.09449239820241928,0.17918281257152557,0.04989681392908096,0.1280159056186676,0.21503084897994995,0.057738084346055984,0.13364280760288239,0.11347190290689468,0.029930874705314636,0.19562068581581116,0.1592644304037094,0.03257376328110695,0.2457357496023178,0.191337451338768,0.03571242094039917,0.28872573375701904,0.20950080454349518,0.038312677294015884,0.16151636838912964,0.07580395042896271,0.01764056645333767,0.24429205060005188,0.11789900809526443,0.020025670528411865,0.30460360646247864,0.14826560020446777,0.022705955430865288,0.35846033692359924,0.16262692213058472,0.026352999731898308,0.17743617296218872,0.03081468865275383,0.01896895468235016,0.26006707549095154,0.05426596477627754,0.021766673773527145,0.3185579180717468,0.07334530353546143,0.024136951193213463,0.3693798780441284,0.08514617383480072,0.027025187388062477,0.183122918009758,0.04096737131476402,0.031184004619717598,0.25652334094047546,0.027587659657001495,0.03326912224292755,0.3083881139755249,0.03119952231645584,0.03396763652563095,0.35677096247673035,0.047865718603134155,0.03582599014043808
hola,0.0,0.0,0.0,0.23253123462200165,-0.031106814742088318,-0.07416079938411713,0.43825167417526245,-0.3033906817436218,-0.08032458275556564,0.5319929122924805,-0.5894182920455933,-0.0852896124124527,0.5834275484085083,-0.8284722566604614,-0.08836273103952408,0.4566957354545593,-0.7891601324081421,0.014707881025969982,0.5939932465553284,-1.0812110900878906,-0.03876201808452606,0.6833550930023193,-1.2675859928131104,-0.09535962343215942,0.7602115273475647,-1.4381133317947388,-0.13666710257530212,0.3755098581314087,-0.9083385467529297,0.007757184095680714,0.5366054773330688,-1.2209864854812622,-0.039067696779966354,0.6473556756973267,-1.4173622131347656,-0.09070795774459839,0.7500945925712585,-1.5854614973068237,-0.12688958644866943,0.2739621102809906,-0.9636772274971008,-0.017921006307005882,0.4258255958557129,-1.2875776290893555,-0.07286977767944336,0.5344445705413818,-1.4810223579406738,-0.11352293193340302,0.6349295377731323,-1.6437294483184814,-0.13854511082172394,0.14493638277053833,-0.9690211415290833,-0.05350515991449356,0.2628297507762909,-1.2212305068969727,-0.10581526905298233,0.352018803358078,-1.3701527118682861,-0.12873557209968567,0.4412321150302887,-1.5013093948364258,-0.1419120728969574,0.0,0.0,0.0,0.026298772543668747,0.115209199488163,0.028652334585785866,0.0720861405134201,0.15460456907749176,0.04440504312515259,0.10989686846733093,0.1812714785337448,0.05343227460980415,0.15562695264816284,0.2135985940694809,0.06234985962510109,0.14715416729450226,0.10754071176052094,0.037452831864356995,0.21119742095470428,0.1575818806886673,0.0428340807557106,0.2622242867946625,0.19604110717773438,0.046814925968647,0.3048994541168213,0.22907347977161407,0.04989313706755638,0.16972486674785614,0.06706102192401886,0.023444222286343575,0.2497664988040924,0.1156436949968338,0.029980694875121117,0.30751755833625793,0.1582183986902237,0.03564167022705078,0.3572385013103485,0.19154949486255646,0.04012543335556984,0.17954707145690918,0.022372979670763016,0.017551030963659286,0.2599182426929474,0.047242797911167145,0.022762523964047432,0.3153979778289795,0.07513018697500229,0.026199454441666603,0.3622039556503296,0.09988958388566971,0.029002273455262184,0.17922857403755188,0.05865645781159401,0.025529777631163597,0.2520085573196411,0.03701448440551758,0.028894782066345215,0.30264389514923096,0.026836395263671875,0.03110460750758648,0.3491145968437195,0.040756773203611374,0.03347846865653992
hola,0.0,0.0,0.0,0.18871921300888062,-0.07741395384073257,-0.06104292348027229,0.40765970945358276,-0.35951560735702515,-0.06326041370630264,0.5430798530578613,-0.6153385639190674,-0.07004614174365997,0.6310082674026489,-0.8250095248222351,-0.07497383654117584,0.5610092282295227,-0.7614139318466187,0.04597848653793335,0.747207760810852,-1.0246752500534058,-0.005974438041448593,0.8677358627319336,-1.1961735486984253,-0.0647890493273735,0.9690781831741333,-1.347963571548462,-0.10886181890964508,0.5315421223640442,-0.8273874521255493,0.02646656706929207,0.7463819980621338,-1.0953352451324463,-0.022409437224268913,0.8894587755203247,-1.265671730041504,-0.0818086713552475,1.0128899812698364,-1.4113202095031738,-0.12326069176197052,0.4675663411617279,-0.8425557017326355,-0.013032975606620312,0.6717692613601685,-1.1226303577423096,-0.07501453161239624,0.793938398361206,-1.293716311454773,-0.12221773713827133,0.8964536786079407,-1.4392253160476685,-0.15009142458438873,0.3720431625843048,-0.8187173008918762,-0.06164161488413811,0.5370144844055176,-1.0395190715789795,-0.11975105851888657,0.6391499638557434,-1.1716225147247314,-0.1452709138393402,0.73387211561203,-1.2842466831207275,-0.15955223143100739,0.0,0.0,0.0,0.09776341170072556,0.2287413477897644,0.033437032252550125,0.1284693479537964,0.32313013076782227,0.04715471342206001,0.11323882639408112,0.3458399176597595,0.053407106548547745,0.11094851046800613,0.3863137662410736,0.057489022612571716,0.15133962035179138,0.17171449959278107,0.03824976086616516,0.20388367772102356,0.21539047360420227,0.04901106283068657,0.24975301325321198,0.25148722529411316,0.05332428216934204,0.2879682779312134,0.27215734124183655,0.05529811605811119,0.15407125651836395,0.08583550155162811,0.03296824172139168,0.23049287497997284,0.13126856088638306,0.04421578347682953,0.28782597184181213,0.16998246312141418,0.045105334371328354,0.33927977085113525,0.19405090808868408,0.04620932415127754,0.16505677998065948,0.1277971714735031,0.04045138508081436,0.23697969317436218,0.13451524078845978,0.049690745770931244,0.28909873962402344,0.13577741384506226,0.0511074997484684,0.3406722843647003,0.14395953714847565,0.052126798778772354,0.18246708810329437,0.25287264585494995,0.05469749867916107,0.23170997202396393,0.24319882690906525,0.06041373312473297,0.2700854539871216,0.22913743555545807,0.06180400028824806,0.3149036467075348,0.22448082268238068,0.06379576027393341
hola,0.0,0.0,0.0,0.23648062348365784,-0.05207275226712227,-0.07308334857225418,0.4382588267326355,-0.31509438157081604,-0.07921499013900757,0.5274367928504944,-0.6034340262413025,-0.08502118289470673,0.5511499643325806,-0.8486917614936829,-0.08948259055614471,0.44606414437294006,-0.7951855659484863,0.025181952863931656,0.5725982785224915,-1.0878703594207764,-0.024477258324623108,0.6531549692153931,-1.2746533155441284,-0.08087548613548279,0.722383975982666,-1.4468153715133667,-0.12273027747869492,0.36205652356147766,-0.9106613993644714,0.017816733568906784,0.5080603361129761,-1.2303991317749023,-0.026228155940771103,0.6076593399047852,-1.433442234992981,-0.0795929804444313,0.6984978914260864,-1.6102689504623413,-0.1176164373755455,0.259292870759964,-0.9641702771186829,-0.008419770747423172,0.39973628520965576,-1.292003870010376,-0.06081802770495415,0.49989572167396545,-1.4904130697250366,-0.10247534513473511,0.5906668901443481,-1.6598103046417236,-0.1284259408712387,0.12901324033737183,-0.9679754376411438,-0.044733934104442596,0.2396436482667923,-1.2291699647903442,-0.0942094624042511,0.32324737310409546,-1.382204294204712,-0.11644412577152252,0.40603986382484436,-1.5178403854370117,-0.12953028082847595,0.0,0.0,0.0,0.024389805272221565,0.12179319560527802,0.023348290473222733,0.07376072555780411,0.18037070333957672,0.03674187511205673,0.10691679269075394,0.21974758803844452,0.044852450489997864,0.14640924334526062,0.2517777979373932,0.05242237448692322,0.1601586490869522,0.1221308708190918,0.026885883882641792,0.22513563930988312,0.17009256780147552,0.02943471632897854,0.2757512032985687,0.20582912862300873,0.030521078035235405,0.31853175163269043,0.2379324585199356,0.03150369971990585,0.18292517960071564,0.07498966157436371,0.014435693621635437,0.2648135721683502,0.13079705834388733,0.018436992540955544,0.3224726617336273,0.17785322666168213,0.019473161548376083,0.37196099758148193,0.21689219772815704,0.02068486250936985,0.19255277514457703,0.019731808453798294,0.011171902529895306,0.27201128005981445,0.060746874660253525,0.01573311537504196,0.32611510157585144,0.09637679159641266,0.016415851190686226,0.37211543321609497,0.12909309566020966,0.0185532309114933,0.19064083695411682,0.06276369094848633,0.020917030051350594,0.25980570912361145,0.03791781887412071,0.022511186078190804,0.30730748176574707,0.02179568260908127,0.023538637906312943,0.35100218653678894,0.03889087587594986,0.02624962478876114
hola,0.0,0.0,0.0,0.23369529843330383,-0.0015728585422039032,-0.05344635248184204,0.4449605941772461,-0.29648250341415405,-0.051158010959625244,0.5431120991706848,-0.5820146799087524,-0.05284254997968674,0.6217086315155029,-0.808180034160614,-0.05313918739557266,0.5026193261146545,-0.7763834595680237,0.033144764602184296,0.6684075593948364,-1.0661251544952393,-0.020454896613955498,0.78924959897995,-1.253901481628418,-0.0754183679819107,0.8879116773605347,-1.4242585897445679,-0.11492476612329483,0.43693894147872925,-0.8866817355155945,0.012512889690697193,0.6415619254112244,-1.181067943572998,-0.03589760512113571,0.7870596051216125,-1.3609083890914917,-0.08397574722766876,0.9175108671188354,-1.5203874111175537,-0.1161748394370079,0.3458455502986908,-0.9480231404304504,-0.026800716295838356,0.5428867340087891,-1.2565314769744873,-0.08379743993282318,0.6854699850082397,-1.441023588180542,-0.12131331115961075,0.8137140274047852,-1.5991798639297485,-0.14267095923423767,0.22313657402992249,-0.9723451733589172,-0.0746706873178482,0.3872268497943878,-1.2148185968399048,-0.12774132192134857,0.509533166885376,-1.3568511009216309,-0.14861124753952026,0.6263570785522461,-1.479797601699829,-0.15974989533424377,0.0,0.0,0.0,0.02127528376877308,0.07338197529315948,0.027788059785962105,0.04074885696172714,0.09984628856182098,0.041965458542108536,0.062469061464071274,0.12013768404722214,0.0481625534594059,0.09111069142818451,0.14160285890102386,0.05440770462155342,0.11036906391382217,0.07921084761619568,0.04673144966363907,0.15533550083637238,0.11427110433578491,0.05144507437944412,0.19211481511592865,0.14200831949710846,0.052609238773584366,0.22032909095287323,0.16090263426303864,0.05296384543180466,0.13440638780593872,0.06106916815042496,0.030477052554488182,0.19040188193321228,0.09599202871322632,0.035038258880376816,0.22793999314308167,0.1213613972067833,0.03593027964234352,0.2584071159362793,0.13329945504665375,0.03622589632868767,0.14999262988567352,0.0294648390263319,0.015574086457490921,0.20669205486774445,0.060140855610370636,0.018146228045225143,0.24590258300304413,0.07654375582933426,0.018786700442433357,0.27684709429740906,0.08603189885616302,0.01976449228823185,0.16375993192195892,0.03648801147937775,0.014946962706744671,0.21915055811405182,0.031570807099342346,0.015866214409470558,0.2570347785949707,0.04121556133031845,0.017316462472081184,0.2904570698738098,0.05482496693730354,0.018674688413739204
hola,0.0,0.0,0.0,0.2422707974910736,-0.025877486914396286,-0.06121445819735527,0.44343313574790955,-0.3088802695274353,-0.060196518898010254,0.5381707549095154,-0.5885034799575806,-0.06233572959899902,0.6039935350418091,-0.8305593729019165,-0.06278229504823685,0.47278013825416565,-0.793279767036438,0.04655834287405014,0.6275673508644104,-1.0719330310821533,9.990781836677343e-05,0.7378752827644348,-1.2491931915283203,-0.05431545898318291,0.8300321698188782,-1.4123280048370361,-0.09430209547281265,0.3978738784790039,-0.9043512344360352,0.03227803856134415,0.5751117467880249,-1.2047990560531616,-0.007405124604701996,0.7004092931747437,-1.3925589323043823,-0.05759240314364433,0.8145220875740051,-1.5542404651641846,-0.09378346800804138,0.30131369829177856,-0.9645987749099731,-0.002326619578525424,0.4736170172691345,-1.2776519060134888,-0.05274852365255356,0.5961266756057739,-1.4687349796295166,-0.09404876828193665,0.7063456177711487,-1.6291307210922241,-0.11972085386514664,0.1769704520702362,-0.9861645698547363,-0.04644887521862984,0.3247031271457672,-1.2338584661483765,-0.09520262479782104,0.4329027235507965,-1.3838988542556763,-0.11855779588222504,0.5375440716743469,-1.5173039436340332,-0.13294383883476257,0.0,0.0,0.0,0.021085649728775024,0.09515907615423203,0.03362360596656799,0.033491652458906174,0.11419563740491867,0.05069850757718086,0.05562543869018555,0.13367322087287903,0.06027523800730705,0.09348742663860321,0.16696271300315857,0.07019983977079391,0.10544155538082123,0.08073857426643372,0.04729628935456276,0.15612724423408508,0.1267222911119461,0.05574824661016464,0.19869640469551086,0.1546207219362259,0.05910588055849075,0.23138360679149628,0.17106765508651733,0.060327667742967606,0.13496175408363342,0.059337593615055084,0.03267870098352432,0.2007715106010437,0.11306952685117722,0.04015666991472244,0.24901190400123596,0.15440116822719574,0.04058234021067619,0.28992438316345215,0.17910459637641907,0.04251343384385109,0.15490320324897766,0.026887327432632446,0.023207975551486015,0.2205781191587448,0.06415656208992004,0.02679123915731907,0.267904669046402,0.09239762276411057,0.02679821103811264,0.3065493702888489,0.11301245540380478,0.032620277255773544,0.16929569840431213,0.03245576098561287,0.026625320315361023,0.22699429094791412,0.01684136874973774,0.02715163305401802,0.2698422074317932,0.03263596445322037,0.02852097526192665,0.30741533637046814,0.058442678302526474,0.034389808773994446
hola,0.0,0.0,0.0,0.26619380712509155,0.015034297481179237,-0.07018330693244934,0.5050673484802246,-0.18287460505962372,-0.07631585001945496,0.6379743218421936,-0.41729727387428284,-0.08321543782949448,0.7294409871101379,-0.6292625069618225,-0.08865893632173538,0.5367288589477539,-0.7303740382194519,0.024041160941123962,0.7020220756530762,-0.995182991027832,-0.02780408039689064,0.8078566789627075,-1.1573882102966309,-0.0846322625875473,0.8997217416763306,-1.305594801902771,-0.12575605511665344,0.4489797055721283,-0.8828913569450378,0.015066052787005901,0.6296793222427368,-1.1773265600204468,-0.0287832822650671,0.7500841617584229,-1.3448522090911865,-0.08083894103765488,0.8613122701644897,-1.4816820621490479,-0.11779110133647919,0.3361671566963196,-0.9760962724685669,-0.012466778047382832,0.5025473237037659,-1.2882519960403442,-0.06524309515953064,0.6178502440452576,-1.456925868988037,-0.10481347143650055,0.725614607334137,-1.5874788761138916,-0.1293865144252777,0.19188831746578217,-1.0203437805175781,-0.04978550970554352,0.3160659670829773,-1.2775262594223022,-0.09985796362161636,0.41361889243125916,-1.4047739505767822,-0.11934597790241241,0.5118039846420288,-1.5018181800842285,-0.12941904366016388,0.0,0.0,0.0,0.017636684700846672,0.08267731964588165,0.012252777814865112,0.04281676560640335,0.11805903166532516,0.02145201899111271,0.06490061432123184,0.14494237303733826,0.029697390273213387,0.09888787567615509,0.16196808218955994,0.03844452649354935,0.09421734511852264,0.08583755791187286,0.024667056277394295,0.1457332819700241,0.15086844563484192,0.025198251008987427,0.18998470902442932,0.20305126905441284,0.028902340680360794,0.22853055596351624,0.24914588034152985,0.03259488195180893,0.11846572160720825,0.06590667366981506,0.017754871398210526,0.1797712743282318,0.13705089688301086,0.021454984322190285,0.22357609868049622,0.19425347447395325,0.025882838293910027,0.2644769549369812,0.2423623949289322,0.029436912387609482,0.13497692346572876,0.033900659531354904,0.01363598182797432,0.19765156507492065,0.0913994312286377,0.02201540395617485,0.24238549172878265,0.14205798506736755,0.0260725487023592,0.2814265191555023,0.19413693249225616,0.0289019588381052,0.14528688788414001,0.015290828421711922,0.01827877201139927,0.2012101709842682,0.027805259451270103,0.02669159509241581,0.24418000876903534,0.0685884952545166,0.030250681564211845,0.2821078896522522,0.12002356350421906,0.033172301948070526
hola,0.0,0.0,0.0,0.254276305437088,-0.0009704269468784332,-0.06745864450931549,0.4745069444179535,-0.21484021842479706,-0.07571101933717728,0.5888606309890747,-0.460979700088501,-0.08470136672258377,0.6743532419204712,-0.6712989807128906,-0.09249930828809738,0.4948956072330475,-0.7577660083770752,0.015918118879199028,0.6528475284576416,-1.0292165279388428,-0.04088826850056648,0.7503625750541687,-1.184739351272583,-0.09992122650146484,0.8325139284133911,-1.3271735906600952,-0.14102140069007874,0.4105526804924011,-0.9008195996284485,0.004717967007309198,0.5876704454421997,-1.2071884870529175,-0.04080379009246826,0.7080429196357727,-1.384081482887268,-0.09216167777776718,0.8195182085037231,-1.530747652053833,-0.12848074734210968,0.30208951234817505,-0.980854868888855,-0.024437904357910156,0.4635325074195862,-1.3083364963531494,-0.07729785144329071,0.5796585083007812,-1.4897284507751465,-0.1170237809419632,0.6890920400619507,-1.632493019104004,-0.14184142649173737,0.16180676221847534,-1.008955717086792,-0.06284043937921524,0.2791699767112732,-1.2785083055496216,-0.11153403669595718,0.37608999013900757,-1.416801929473877,-0.13016477227210999,0.47472959756851196,-1.5242313146591187,-0.13996289670467377,0.0,0.0,0.0,0.013571438379585743,0.0945948138833046,0.018790362402796745,0.03380436822772026,0.13009916245937347,0.0287756510078907,0.05369894951581955,0.16543039679527283,0.034112539142370224,0.07785369455814362,0.19512289762496948,0.03893524408340454,0.09730640053749084,0.0890859067440033,0.03032909706234932,0.15678294003009796,0.1544548124074936,0.030768686905503273,0.2023768275976181,0.21617825329303741,0.032442983239889145,0.2430248111486435,0.2744579017162323,0.032856013625860214,0.12719020247459412,0.05788206681609154,0.020514333620667458,0.19890232384204865,0.12657798826694489,0.02196180447936058,0.24887166917324066,0.17771786451339722,0.022818371653556824,0.293375164270401,0.21629101037979126,0.023780368268489838,0.1449841409921646,0.016483750194311142,0.015072631649672985,0.21546508371829987,0.06112655997276306,0.018266022205352783,0.26556140184402466,0.099419966340065,0.0221767108887434,0.3089015781879425,0.1346343606710434,0.025665322318673134,0.15318499505519867,0.04686105623841286,0.02045481652021408,0.21294841170310974,0.028079884126782417,0.02456643059849739,0.2584116458892822,0.0260862335562706,0.0283171609044075,0.29995980858802795,0.05923724174499512,0.03214295580983162
hola,0.0,0.0,0.0,0.2504420876502991,0.04176398366689682,-0.060476936399936676,0.48327016830444336,-0.15717729926109314,-0.06424052268266678,0.6064869165420532,-0.3926578164100647,-0.06946192681789398,0.7069159746170044,-0.5790964365005493,-0.0738116055727005,0.5318955183029175,-0.72350013256073,0.018264517188072205,0.7179844975471497,-0.970058262348175,-0.03607921674847603,0.8421707153320312,-1.1203876733779907,-0.09263133257627487,0.9486082792282104,-1.2590696811676025,-0.1329766809940338,0.45995038747787476,-0.8808317184448242,0.0034194092731922865,0.670383095741272,-1.159758448600769,-0.04174298793077469,0.8137015104293823,-1.3174324035644531,-0.09052842110395432,0.9428974390029907,-1.4468920230865479,-0.12490546703338623,0.3610764741897583,-0.9786860346794128,-0.028620030730962753,0.5527883768081665,-1.2906767129898071,-0.08069168031215668,0.6907984018325806,-1.4626834392547607,-0.11958467960357666,0.8172650337219238,-1.5968620777130127,-0.1443834751844406,0.226333349943161,-1.0259017944335938,-0.06947582215070724,0.3663274943828583,-1.2862857580184937,-0.11799268424510956,0.47989553213119507,-1.4127057790756226,-0.1364305168390274,0.5918319225311279,-1.5026037693023682,-0.14657384157180786,0.0,0.0,0.0,0.00888050440698862,0.07822734117507935,0.01897948421537876,0.023151403293013573,0.10155387222766876,0.028709810227155685,0.039236489683389664,0.11592229455709457,0.0340626984834671,0.06747109442949295,0.13676340878009796,0.03897922858595848,0.07496859133243561,0.07163209468126297,0.025858689099550247,0.12351898103952408,0.12156616896390915,0.02945980429649353,0.16048702597618103,0.1599474549293518,0.03246055915951729,0.19193510711193085,0.19106385111808777,0.0346333384513855,0.09940887242555618,0.04882271960377693,0.01741856522858143,0.15587039291858673,0.10012705624103546,0.022095177322626114,0.19552572071552277,0.14596706628799438,0.02622862718999386,0.23045407235622406,0.18067623674869537,0.028715798631310463,0.11536619812250137,0.016140468418598175,0.012000889517366886,0.16929161548614502,0.05234908312559128,0.016137151047587395,0.2085569053888321,0.08773253858089447,0.018514448776841164,0.2421785444021225,0.1178678572177887,0.019872769713401794,0.12570054829120636,0.03489965572953224,0.01446457114070654,0.17119793593883514,0.020092004910111427,0.017404591664671898,0.2081739753484726,0.027432149276137352,0.01936568133533001,0.24060620367527008,0.0646091029047966,0.021281812340021133
hola,0.0,0.0,0.0,0.2358943223953247,0.023208875209093094,-0.05707623437047005,0.44959789514541626,-0.1984836757183075,-0.06280216574668884,0.561525285243988,-0.42127999663352966,-0.07138263434171677,0.6502182483673096,-0.6001474261283875,-0.07974589616060257,0.5147497057914734,-0.7468599081039429,0.014431193470954895,0.6937772035598755,-1.0135438442230225,-0.04039143770933151,0.8132392168045044,-1.1852010488510132,-0.0967603474855423,0.9139153361320496,-1.3431055545806885,-0.1381033957004547,0.4492555558681488,-0.8859054446220398,-0.004874966107308865,0.6550098657608032,-1.1705210208892822,-0.05415496230125427,0.7997097969055176,-1.334001898765564,-0.10468481481075287,0.9268889427185059,-1.4706718921661377,-0.13983726501464844,0.3550688624382019,-0.9658635854721069,-0.04107215255498886,0.5454043745994568,-1.2835415601730347,-0.09685233980417252,0.6864067912101746,-1.4609310626983643,-0.13829375803470612,0.8132797479629517,-1.6029192209243774,-0.1645989865064621,0.2286943942308426,-0.9958871603012085,-0.08571792393922806,0.370991587638855,-1.2519500255584717,-0.13713237643241882,0.48562678694725037,-1.3864946365356445,-0.1584451049566269,0.5981393456459045,-1.4885907173156738,-0.1711263358592987,0.0,0.0,0.0,0.011021736077964306,0.05945929139852524,0.03213616833090782,0.021567918360233307,0.07885991781949997,0.04716874659061432,0.03133440762758255,0.09874178469181061,0.05430714413523674,0.04819764941930771,0.12237342447042465,0.060497090220451355,0.07709336280822754,0.06215916946530342,0.04087734594941139,0.12073100358247757,0.10729223489761353,0.046730946749448776,0.15549233555793762,0.14036571979522705,0.04916319623589516,0.18453344702720642,0.16671530902385712,0.05053647235035896,0.10201681405305862,0.04774609953165054,0.025102434679865837,0.15392525494098663,0.08755670487880707,0.03243008628487587,0.19191408157348633,0.1235063448548317,0.03645572438836098,0.2238786220550537,0.14921364188194275,0.03902101889252663,0.11927544325590134,0.022983670234680176,0.01652119867503643,0.1680281013250351,0.04915165901184082,0.02185978926718235,0.20638500154018402,0.07457464933395386,0.024624809622764587,0.2380785048007965,0.09628336876630783,0.02647368423640728,0.1321195363998413,0.018440006300807,0.023127248510718346,0.17223474383354187,0.013479356653988361,0.023405250161886215,0.20680910348892212,0.03128241002559662,0.02448468655347824,0.23772579431533813,0.057349905371665955,0.026316802948713303
hola,0.0,0.0,0.0,0.2286769151687622,-0.03542542830109596,-0.0726451724767685,0.42716485261917114,-0.2661551535129547,-0.09095089882612228,0.528389573097229,-0.48687219619750977,-0.11011072248220444,0.5868696570396423,-0.6669141054153442,-0.12790580093860626,0.4369273781776428,-0.8022310137748718,0.0008751562563702464,0.580440104007721,-1.0717642307281494,-0.06290677934885025,0.6655479669570923,-1.215388536453247,-0.12704503536224365,0.7351781129837036,-1.3405354022979736,-0.17150016129016876,0.3523518741130829,-0.9258373379707336,-0.011352741159498692,0.5118253827095032,-1.2311346530914307,-0.0645596981048584,0.6236732602119446,-1.4045566320419312,-0.11952845007181168,0.7227573394775391,-1.5435537099838257,-0.1577112376689911,0.2450770139694214,-0.9826118350028992,-0.042009852826595306,0.3908351957798004,-1.3167084455490112,-0.10114435851573944,0.49742740392684937,-1.5038682222366333,-0.1446615755558014,0.595748782157898,-1.6557327508926392,-0.17171280086040497,0.11353671550750732,-0.9814748764038086,-0.08223167806863785,0.22048108279705048,-1.2472426891326904,-0.13499075174331665,0.30505630373954773,-1.3994646072387695,-0.15706931054592133,0.39118069410324097,-1.526880145072937,-0.16999951004981995,0.0,0.0,0.0,0.01379507314413786,0.07849609851837158,0.02749265544116497,0.031602080911397934,0.10523148626089096,0.04221848025918007,0.043072447180747986,0.1280045062303543,0.05168784409761429,0.07025621831417084,0.15558558702468872,0.06086709722876549,0.10065895318984985,0.07646762579679489,0.03282399848103523,0.15358972549438477,0.12869329750537872,0.034890420734882355,0.18754471838474274,0.1938188076019287,0.03881328925490379,0.21685737371444702,0.26524779200553894,0.04175924137234688,0.12493383139371872,0.050783827900886536,0.018894176930189133,0.18656934797763824,0.09685970842838287,0.024707002565264702,0.2317028045654297,0.13683554530143738,0.02861929126083851,0.26924267411231995,0.17557817697525024,0.03162244334816933,0.1374766230583191,0.021383078768849373,0.011976041831076145,0.19678613543510437,0.04723383113741875,0.016982536762952805,0.24202893674373627,0.07813238352537155,0.01918281428515911,0.27975401282310486,0.11365856230258942,0.020955661311745644,0.14090155065059662,0.036005131900310516,0.02077263407409191,0.19065380096435547,0.026577915996313095,0.021339265629649162,0.23122158646583557,0.030824098736047745,0.022875504568219185,0.267988383769989,0.05122452601790428,0.025185251608490944
hola,0.0,0.0,0.0,0.23547282814979553,-0.022515712305903435,-0.08919702470302582,0.4438840448856354,-0.24863305687904358,-0.11476415395736694,0.5573869347572327,-0.4726928174495697,-0.13649967312812805,0.6366502642631531,-0.659934401512146,-0.15794850885868073,0.43992549180984497,-0.8055263757705688,-0.02861458621919155,0.5649898052215576,-1.1107531785964966,-0.09087416529655457,0.644044041633606,-1.3023955821990967,-0.1531466841697693,0.7110835313796997,-1.473705530166626,-0.19856177270412445,0.34643957018852234,-0.9228917360305786,-0.0322914645075798,0.485341876745224,-1.254111647605896,-0.08669652044773102,0.5799252390861511,-1.4562714099884033,-0.14553388953208923,0.6628196835517883,-1.626063346862793,-0.18844841420650482,0.23574146628379822,-0.9761831164360046,-0.05269725248217583,0.36369046568870544,-1.3132541179656982,-0.11050005257129669,0.45645633339881897,-1.5080225467681885,-0.1563410758972168,0.5390628576278687,-1.6654865741729736,-0.18666240572929382,0.10396324098110199,-0.9747327566146851,-0.08369378745555878,0.19576910138130188,-1.252468466758728,-0.1366773396730423,0.26799440383911133,-1.4110747575759888,-0.16152402758598328,0.33946239948272705,-1.542893409729004,-0.1769622266292572,0.0,0.0,0.0,0.021119987592101097,0.09106381237506866,0.045299142599105835,0.04866006597876549,0.14440542459487915,0.06957791745662689,0.06425004452466965,0.19202107191085815,0.08488800376653671,0.0736803486943245,0.22262820601463318,0.10021964460611343,0.1237659677863121,0.09274514019489288,0.06061721593141556,0.19949807226657867,0.15304073691368103,0.07291702181100845,0.25826579332351685,0.20183058083057404,0.08116002380847931,0.30890071392059326,0.24311190843582153,0.08746930211782455,0.14976932108402252,0.05512537062168121,0.04168849065899849,0.23475630581378937,0.11703196913003922,0.05607243627309799,0.2963969111442566,0.1732836365699768,0.06756814569234848,0.35077333450317383,0.22058650851249695,0.07629506289958954,0.16358500719070435,0.012043719179928303,0.027238501235842705,0.24338902533054352,0.05309005826711655,0.03863408789038658,0.302668958902359,0.0954689159989357,0.047466643154621124,0.35507285594940186,0.13455864787101746,0.05435601994395256,0.1649155169725418,0.052745092660188675,0.02453533187508583,0.23308706283569336,0.031125927343964577,0.02901792712509632,0.2877444624900818,0.03252827748656273,0.03466428071260452,0.3385189175605774,0.06435656547546387,0.04093175008893013
hola,0.0,0.0,0.0,0.2300214320421219,-0.06417454779148102,-0.06972335278987885,0.42581862211227417,-0.30774006247520447,-0.08471699804067612,0.5305436849594116,-0.5336307287216187,-0.10080365836620331,0.6118703484535217,-0.7026193141937256,-0.11668337881565094,0.4105454981327057,-0.8395646214485168,0.006626150105148554,0.5226230621337891,-1.1414910554885864,-0.046075232326984406,0.593268632888794,-1.3267511129379272,-0.10306034237146378,0.6557263135910034,-1.4912258386611938,-0.1451530158519745,0.312125027179718,-0.9374560117721558,-0.003658958477899432,0.4330809712409973,-1.2667526006698608,-0.051314543932676315,0.509971022605896,-1.4560706615447998,-0.10652770847082138,0.5820430517196655,-1.6102559566497803,-0.1455271989107132,0.19786402583122253,-0.9770092964172363,-0.030272226780653,0.3052399456501007,-1.311659574508667,-0.08306130021810532,0.3792244791984558,-1.4924452304840088,-0.12265317142009735,0.4508760869503021,-1.6349166631698608,-0.14717023074626923,0.0619230791926384,-0.9670066833496094,-0.06635765731334686,0.14083941280841827,-1.2385505437850952,-0.11366347968578339,0.20522157847881317,-1.384773850440979,-0.13256022334098816,0.2736901044845581,-1.5069830417633057,-0.1428324282169342,0.0,0.0,0.0,0.022801438346505165,0.10071741789579391,0.029684538021683693,0.04943796247243881,0.154762402176857,0.04533258080482483,0.07048175483942032,0.203383669257164,0.055499736219644547,0.09492829442024231,0.2238517701625824,0.06529692560434341,0.11758054047822952,0.09618007391691208,0.03290347382426262,0.18491865694522858,0.14503811299800873,0.036935076117515564,0.23684006929397583,0.18446582555770874,0.03997365012764931,0.28187882900238037,0.21675655245780945,0.042446985840797424,0.14195220172405243,0.05610797181725502,0.02102535031735897,0.22247432172298431,0.10301122814416885,0.027919510379433632,0.28037208318710327,0.1469314694404602,0.033584438264369965,0.3334999084472656,0.18772780895233154,0.037273094058036804,0.15463699400424957,0.014789042994379997,0.020818542689085007,0.2314268946647644,0.038621533662080765,0.028647497296333313,0.286257803440094,0.07703080773353577,0.03275775536894798,0.3335266411304474,0.12407730519771576,0.03613704442977905,0.15680086612701416,0.05289246514439583,0.030907128006219864,0.21910099685192108,0.037317462265491486,0.03733060881495476,0.26660144329071045,0.038682032376527786,0.042630791664123535,0.3100743591785431,0.07474910467863083,0.04797069728374481
hola,0.0,0.0,0.0,0.2290349006652832,-0.06872818619012833,-0.08042164146900177,0.42143863439559937,-0.33637505769729614,-0.10242904722690582,0.5299410223960876,-0.5598822236061096,-0.1239204853773117,0.622997522354126,-0.7159988880157471,-0.14598344266414642,0.3987547755241394,-0.851403534412384,-0.01506446860730648,0.5032089948654175,-1.145410180091858,-0.07628967612981796,0.5725533962249756,-1.325595498085022,-0.1386566460132599,0.6333655118942261,-1.4849225282669067,-0.18486371636390686,0.29769763350486755,-0.9416759610176086,-0.023641416803002357,0.41026514768600464,-1.2634212970733643,-0.08175166696310043,0.4885031282901764,-1.4508455991744995,-0.14278356730937958,0.5629221200942993,-1.6046006679534912,-0.1861533224582672,0.18208369612693787,-0.9684244990348816,-0.049108900129795074,0.2863810062408447,-1.293325662612915,-0.11428673565387726,0.36412081122398376,-1.4638566970825195,-0.16297465562820435,0.43735671043395996,-1.5960993766784668,-0.1931527554988861,0.04762662574648857,-0.9436758160591125,-0.0841592401266098,0.12163127958774567,-1.209261178970337,-0.14447948336601257,0.1861560195684433,-1.3459733724594116,-0.1734670102596283,0.2532581388950348,-1.4530856609344482,-0.19079045951366425,0.0,0.0,0.0,0.025477692484855652,0.09267715364694595,0.0379573293030262,0.056383028626441956,0.144596129655838,0.057889752089977264,0.07353854924440384,0.2029561996459961,0.07092002034187317,0.07200551778078079,0.24115094542503357,0.08348903059959412,0.12035486847162247,0.0846676453948021,0.04468142241239548,0.18435706198215485,0.12930060923099518,0.05011375620961189,0.2359197437763214,0.1688929796218872,0.053014155477285385,0.28056108951568604,0.20503006875514984,0.05498160794377327,0.14395223557949066,0.051250308752059937,0.026735909283161163,0.21842844784259796,0.10600171983242035,0.0359644740819931,0.2733728587627411,0.15839242935180664,0.04525814577937126,0.32387983798980713,0.20684008300304413,0.051650337874889374,0.1582266390323639,0.01101400051265955,0.014481011778116226,0.2325524389743805,0.05924716964364052,0.024963445961475372,0.2901158928871155,0.11521819978952408,0.0358736626803875,0.3400956094264984,0.18342941999435425,0.042817797511816025,0.16145139932632446,0.0632498562335968,0.018984682857990265,0.22959350049495697,0.05986131727695465,0.02259005978703499,0.28224948048591614,0.05783731862902641,0.030326534062623978,0.3297635614871979,0.09264828264713287,0.03783797845244408
hola,0.0,0.0,0.0,0.2435605525970459,-0.005123194307088852,-0.07213278859853745,0.4675052762031555,-0.22510965168476105,-0.08501684665679932,0.6079111695289612,-0.4159441888332367,-0.10010738670825958,0.724406361579895,-0.5511561632156372,-0.1148819774389267,0.49037283658981323,-0.7763136625289917,0.016605308279395103,0.6405653357505798,-1.0533256530761719,-0.03499698266386986,0.7371183037757874,-1.2240493297576904,-0.09329184889793396,0.8213005065917969,-1.3806602954864502,-0.13782629370689392,0.40205812454223633,-0.8964182138442993,0.003357409965246916,0.5666931867599487,-1.1918047666549683,-0.04615340381860733,0.6782952547073364,-1.3628753423690796,-0.10675251483917236,0.7795780301094055,-1.5036933422088623,-0.15076720714569092,0.29115408658981323,-0.9612458944320679,-0.028169628232717514,0.443361759185791,-1.2646018266677856,-0.08650664985179901,0.5457533597946167,-1.4210809469223022,-0.13537129759788513,0.6394132375717163,-1.5400850772857666,-0.16690638661384583,0.15523691475391388,-0.9817146062850952,-0.06961439549922943,0.2653147578239441,-1.2356023788452148,-0.12422996759414673,0.3496716618537903,-1.366807222366333,-0.15126900374889374,0.435822069644928,-1.46802818775177,-0.16848859190940857,0.0,0.0,0.0,0.02172689139842987,0.11020756512880325,0.038882847875356674,0.05423596501350403,0.16371093690395355,0.05893898755311966,0.07458639144897461,0.21313953399658203,0.07161454111337662,0.08873768150806427,0.2538911700248718,0.08369754254817963,0.1354951560497284,0.11444398760795593,0.043903134763240814,0.20950239896774292,0.17237570881843567,0.05094866082072258,0.26350393891334534,0.21449579298496246,0.05692410469055176,0.30789852142333984,0.24782907962799072,0.061322446912527084,0.16553479433059692,0.08190380036830902,0.025742050260305405,0.25178468227386475,0.1463755965232849,0.03388049826025963,0.3081325888633728,0.1992860734462738,0.04356727749109268,0.35653212666511536,0.24007557332515717,0.05111169070005417,0.18425430357456207,0.03806901350617409,0.017938053235411644,0.2680216133594513,0.08158724755048752,0.024166809394955635,0.32703420519828796,0.12672185897827148,0.03148437663912773,0.3774144947528839,0.1777043491601944,0.03723650053143501,0.1918077915906906,0.04297388345003128,0.027385935187339783,0.26558664441108704,0.038188207894563675,0.029069576412439346,0.32086730003356934,0.058377496898174286,0.03163204342126846,0.3703823685646057,0.09811024367809296,0.03614877536892891
hola,0.0,0.0,0.0,0.24865460395812988,-0.01383913867175579,-0.04018636792898178,0.4628751873970032,-0.26140913367271423,-0.0387238971889019,0.5887742042541504,-0.47028225660324097,-0.04519861564040184,0.6992093920707703,-0.6284615397453308,-0.052562613040208817,0.48887038230895996,-0.7841552495956421,0.04735283926129341,0.6668010950088501,-1.0381250381469727,-0.0040290625765919685,0.7954205274581909,-1.1935919523239136,-0.06116998940706253,0.905619740486145,-1.3303987979888916,-0.1030731052160263,0.4170108735561371,-0.9014023542404175,0.019702492281794548,0.6133499145507812,-1.1811258792877197,-0.02680491842329502,0.7559179067611694,-1.3407500982284546,-0.0811600536108017,0.884833037853241,-1.4723045825958252,-0.11976554244756699,0.3205854594707489,-0.9662251472473145,-0.025351960211992264,0.5081014633178711,-1.2698060274124146,-0.08326053619384766,0.6459106206893921,-1.442361831665039,-0.12830233573913574,0.7711968421936035,-1.5813407897949219,-0.15627175569534302,0.19633382558822632,-0.9853737950325012,-0.07729581743478775,0.34843429923057556,-1.2239142656326294,-0.13165561854839325,0.4643193185329437,-1.352227807044983,-0.15511634945869446,0.5774595737457275,-1.4546977281570435,-0.1688896119594574,0.0,0.0,0.0,0.024533413350582123,0.06174345314502716,0.02492353320121765,0.028128137812018394,0.06110261753201485,0.036448895931243896,0.035580456256866455,0.06461081653833389,0.04133986309170723,0.04536254331469536,0.07837358862161636,0.0463690385222435,0.07738088071346283,0.06157404184341431,0.042359359562397,0.11276163905858994,0.1011938601732254,0.04848480224609375,0.14525853097438812,0.122654490172863,0.04841172695159912,0.17036324739456177,0.138382688164711,0.04681508615612984,0.09932444244623184,0.05014603212475777,0.0284205824136734,0.14618006348609924,0.09847739338874817,0.034461215138435364,0.182546928524971,0.13442270457744598,0.03430557623505592,0.21281014382839203,0.1571999192237854,0.03640678524971008,0.11521588265895844,0.026961274445056915,0.01960034854710102,0.16705721616744995,0.06386736780405045,0.026121994480490685,0.20668454468250275,0.08931830525398254,0.03197719156742096,0.23753175139427185,0.10567597299814224,0.03934790566563606,0.12845253944396973,0.015743643045425415,0.02446582354605198,0.17623549699783325,0.03217374533414841,0.03015802800655365,0.21045193076133728,0.05988842993974686,0.03780543804168701,0.23847787082195282,0.0856434553861618,0.04606132209300995
hola,0.0,0.0,0.0,0.22740428149700165,-0.06845377385616302,-0.056880928575992584,0.41024714708328247,-0.3130117654800415,-0.06815779954195023,0.5068028569221497,-0.5325719714164734,-0.08433344215154648,0.5711284875869751,-0.6896872520446777,-0.10086885839700699,0.4080103039741516,-0.8298056721687317,0.030261483043432236,0.5514506101608276,-1.0935918092727661,-0.024501480162143707,0.6538441181182861,-1.2587792873382568,-0.08544058352708817,0.7414439916610718,-1.4098899364471436,-0.12998521327972412,0.33250778913497925,-0.9304620623588562,0.00978312361985445,0.4929414391517639,-1.2350819110870361,-0.03900120407342911,0.6079674363136292,-1.4237862825393677,-0.09548332542181015,0.7116197347640991,-1.5826208591461182,-0.13563068211078644,0.23882408440113068,-0.9786602258682251,-0.028781941160559654,0.39030176401138306,-1.3012502193450928,-0.08525210618972778,0.5027848482131958,-1.4932582378387451,-0.13155755400657654,0.6042763590812683,-1.6506788730621338,-0.16031913459300995,0.12205474078655243,-0.980911910533905,-0.07601429522037506,0.2401491403579712,-1.2378714084625244,-0.12596511840820312,0.3329022228717804,-1.385918378829956,-0.14899733662605286,0.42472323775291443,-1.5125194787979126,-0.1631881296634674,0.0,0.0,0.0,0.018942659720778465,0.08887999504804611,0.029984893277287483,0.032304298132658005,0.13839709758758545,0.04314042627811432,0.03620733693242073,0.17609187960624695,0.049654439091682434,0.02805514819920063,0.20581254363059998,0.05513344705104828,0.11215262860059738,0.08250897377729416,0.035261768847703934,0.17837092280387878,0.1406746208667755,0.04258984327316284,0.22975195944309235,0.17578017711639404,0.04671488329768181,0.2704138159751892,0.2024964988231659,0.04871032014489174,0.14222292602062225,0.053400129079818726,0.02245263010263443,0.2228163778781891,0.11909555643796921,0.03278670087456703,0.2777247726917267,0.16735655069351196,0.03724392503499985,0.3217651844024658,0.20244979858398438,0.038631848990917206,0.16160494089126587,0.015287302434444427,0.020114857703447342,0.24204908311367035,0.06645142287015915,0.02579173631966114,0.3005664050579071,0.10635282844305038,0.026891391724348068,0.3448418080806732,0.1409890204668045,0.027055125683546066,0.17393270134925842,0.06041349843144417,0.029735172167420387,0.24555903673171997,0.03623216226696968,0.026916643604636192,0.2963460087776184,0.04148288443684578,0.024853380396962166,0.3373224437236786,0.07429555803537369,0.02470370940864086
hola,0.0,0.0,0.0,0.22591456770896912,-0.07492686808109283,-0.06005958467721939,0.4073713421821594,-0.3428804874420166,-0.07191665470600128,0.5060108304023743,-0.5704557299613953,-0.0871070995926857,0.6013643741607666,-0.729557991027832,-0.10202093422412872,0.3740074336528778,-0.8520426750183105,0.019472500309348106,0.48685789108276367,-1.1320652961730957,-0.034451983869075775,0.5675325989723206,-1.2992181777954102,-0.09273061901330948,0.6374982595443726,-1.447556734085083,-0.1357170194387436,0.28878551721572876,-0.9378078579902649,0.0031698383390903473,0.41032424569129944,-1.2491341829299927,-0.04557095840573311,0.4986453056335449,-1.4274744987487793,-0.1007886677980423,0.5799429416656494,-1.5738033056259155,-0.14062082767486572,0.1929885298013687,-0.9707769155502319,-0.03024343214929104,0.3091530501842499,-1.2902905941009521,-0.08568340539932251,0.40059608221054077,-1.4683024883270264,-0.12832048535346985,0.4846521019935608,-1.6089824438095093,-0.15519826114177704,0.08007390052080154,-0.9559529423713684,-0.07244176417589188,0.17026039958000183,-1.217067003250122,-0.12242525815963745,0.245781809091568,-1.3632956743240356,-0.14510175585746765,0.32075121998786926,-1.483168363571167,-0.15862275660037994,0.0,0.0,0.0,0.029062602669000626,0.10629911720752716,0.04366647079586983,0.05802746117115021,0.17710788547992706,0.06696828454732895,0.0709928646683693,0.23753435909748077,0.08040210604667664,0.06878228485584259,0.26998481154441833,0.09378519654273987,0.14806094765663147,0.09785696119070053,0.060114536434412,0.2378896176815033,0.15032662451267242,0.0699504017829895,0.3091003894805908,0.18877603113651276,0.07504159212112427,0.36812540888786316,0.221623033285141,0.07935331016778946,0.18044009804725647,0.05448174476623535,0.039780404418706894,0.2822032570838928,0.11106512695550919,0.05357855185866356,0.3536171615123749,0.16505379974842072,0.06279444694519043,0.414887398481369,0.21192431449890137,0.06921331584453583,0.19979017972946167,0.014736974611878395,0.02341749705374241,0.300531268119812,0.04153949394822121,0.036544181406497955,0.3725556433200836,0.07941127568483353,0.04439506679773331,0.43271705508232117,0.1213214099407196,0.048815008252859116,0.20693252980709076,0.08510766923427582,0.02187390625476837,0.2913229167461395,0.06292200833559036,0.02821275219321251,0.3536743223667145,0.04705583304166794,0.03540615364909172,0.4083808362483978,0.05387766286730766,0.04107467085123062
hola,0.0,0.0,0.0,0.2476692944765091,-0.00875937007367611,-0.044811490923166275,0.46429604291915894,-0.23413081467151642,-0.04932435229420662,0.592225968837738,-0.43581047654151917,-0.06019292399287224,0.7004190683364868,-0.5817141532897949,-0.07190244644880295,0.4866255223751068,-0.7789968252182007,0.021737946197390556,0.6609266996383667,-1.0467798709869385,-0.034787096083164215,0.7801228165626526,-1.2055625915527344,-0.09249511361122131,0.8818755149841309,-1.3481900691986084,-0.1342507153749466,0.41101473569869995,-0.9032448530197144,-0.0032672982197254896,0.6017781496047974,-1.209964632987976,-0.0519808828830719,0.7344115376472473,-1.3802813291549683,-0.10319914668798447,0.8519991040229797,-1.5217000246047974,-0.13958695530891418,0.31175005435943604,-0.9701825976371765,-0.04395315796136856,0.4868459701538086,-1.3026033639907837,-0.09920676797628403,0.6129716634750366,-1.4913973808288574,-0.1388687789440155,0.7273995280265808,-1.6455833911895752,-0.16393299400806427,0.18595914542675018,-0.9891496896743774,-0.09195882081985474,0.31673192977905273,-1.256713628768921,-0.1420327126979828,0.418647825717926,-1.4100149869918823,-0.16106745600700378,0.5197182893753052,-1.538578987121582,-0.17207248508930206,0.0,0.0,0.0,0.014557454735040665,0.06036897376179695,0.028383832424879074,0.02336185611784458,0.0774296373128891,0.041345544159412384,0.03441019356250763,0.10012107342481613,0.04694710671901703,0.047467224299907684,0.11582181602716446,0.052720170468091965,0.08069276064634323,0.05746991187334061,0.04395762458443642,0.12612810730934143,0.10171515494585037,0.04891738295555115,0.164969339966774,0.13258051872253418,0.049975745379924774,0.19628627598285675,0.1619233936071396,0.05057397112250328,0.10827597230672836,0.05039840564131737,0.030682222917675972,0.1624998301267624,0.09991820156574249,0.03789050132036209,0.20076805353164673,0.1446639746427536,0.040939830243587494,0.23338325321674347,0.18392063677310944,0.04284433647990227,0.1299232542514801,0.028728419914841652,0.022542152553796768,0.18681441247463226,0.0755036398768425,0.02883046679198742,0.22916342318058014,0.11304860562086105,0.030696680769324303,0.262895405292511,0.15128672122955322,0.03214767202734947,0.14729377627372742,0.012867641635239124,0.026550574228167534,0.1984020173549652,0.028418196365237236,0.029169432818889618,0.2359425127506256,0.05304175987839699,0.03078138642013073,0.2673899829387665,0.08332899957895279,0.03274797648191452
hola,0.0,0.0,0.0,0.2310759276151657,-0.060058437287807465,-0.07023434340953827,0.42759257555007935,-0.3194946050643921,-0.08787540346384048,0.5355340242385864,-0.5432802438735962,-0.10727695375680923,0.6334480047225952,-0.7071637511253357,-0.12690524756908417,0.41803866624832153,-0.8359300494194031,-0.0005485274596139789,0.5448287129402161,-1.1215640306472778,-0.06383385509252548,0.6346309185028076,-1.2960556745529175,-0.1275104284286499,0.7125349640846252,-1.45462965965271,-0.17407038807868958,0.3282833695411682,-0.9263029098510742,-0.015673968940973282,0.46568769216537476,-1.2417618036270142,-0.07529124617576599,0.5635181665420532,-1.4275009632110596,-0.1363992989063263,0.6541710495948792,-1.5875674486160278,-0.17924374341964722,0.22319760918617249,-0.9598712921142578,-0.04826680198311806,0.3535367548465729,-1.283987045288086,-0.1143185943365097,0.4514175355434418,-1.4705870151519775,-0.1624116599559784,0.541086733341217,-1.6250594854354858,-0.1916235387325287,0.09827964007854462,-0.9480819702148438,-0.08994995057582855,0.2042359560728073,-1.2098437547683716,-0.14949941635131836,0.28718721866607666,-1.3628062009811401,-0.17749319970607758,0.36931312084198,-1.4951978921890259,-0.19404336810112,0.0,0.0,0.0,0.02248924784362316,0.10198193788528442,0.02965305559337139,0.05673658847808838,0.1396472007036209,0.04756978154182434,0.07547108083963394,0.17569668591022491,0.05942089855670929,0.08534777164459229,0.1990247517824173,0.07180339097976685,0.13866929709911346,0.09938373416662216,0.043769896030426025,0.2168244570493698,0.1606789529323578,0.0463702566921711,0.2848573327064514,0.20791491866111755,0.04757236689329147,0.341768354177475,0.25263479351997375,0.04979206994175911,0.16940371692180634,0.06631755828857422,0.029185524210333824,0.2613789737224579,0.1358860731124878,0.03407781571149826,0.33428555727005005,0.1958385407924652,0.038052938878536224,0.3984600603580475,0.25024983286857605,0.042138513177633286,0.18950720131397247,0.02238788828253746,0.018591277301311493,0.2819761335849762,0.07536742091178894,0.023356156423687935,0.35633426904678345,0.1212817132472992,0.02809062786400318,0.4182228446006775,0.16907672584056854,0.03279314935207367,0.19969172775745392,0.05528659746050835,0.022045832127332687,0.27783212065696716,0.041799094527959824,0.024811701849102974,0.3361395001411438,0.060432638972997665,0.027267904952168465,0.3867640197277069,0.0937856137752533,0.03083743527531624
hola,0.0,0.0,0.0,0.2365371733903885,-0.059505678713321686,-0.05593186616897583,0.4220937192440033,-0.3254796862602234,-0.06442560255527496,0.5149883031845093,-0.5669451951980591,-0.0772978886961937,0.5879102945327759,-0.7774280905723572,-0.09070777893066406,0.42205390334129333,-0.8386368751525879,0.02217927761375904,0.5496810674667358,-1.1434667110443115,-0.033377986401319504,0.6394616365432739,-1.336548089981079,-0.09227112680673599,0.7158859968185425,-1.5153368711471558,-0.13584908843040466,0.33958369493484497,-0.9293373823165894,-0.00034300703555345535,0.48640164732933044,-1.2660423517227173,-0.05207831412553787,0.5904840230941772,-1.484662413597107,-0.11053482443094254,0.6835160851478577,-1.6774845123291016,-0.15294314920902252,0.23922240734100342,-0.9625347852706909,-0.04043171554803848,0.3822990953922272,-1.3040436506271362,-0.10150345414876938,0.4861891269683838,-1.5154516696929932,-0.15139135718345642,0.5789631009101868,-1.6991941928863525,-0.18284456431865692,0.11882530152797699,-0.9490923881530762,-0.08850526809692383,0.24246558547019958,-1.2235891819000244,-0.14679625630378723,0.33414342999458313,-1.3936723470687866,-0.17730435729026794,0.4237828254699707,-1.5486421585083008,-0.19655342400074005,0.0,0.0,0.0,0.021866004914045334,0.062373075634241104,0.05819413810968399,0.03154488280415535,0.06337039172649384,0.08896807581186295,0.03517339378595352,0.09114687889814377,0.10628435015678406,0.03784852847456932,0.1121138334274292,0.12211482226848602,0.09639054536819458,0.055951137095689774,0.08110842853784561,0.1453949213027954,0.09169495850801468,0.0988788828253746,0.18771888315677643,0.11171887814998627,0.10730050504207611,0.22127488255500793,0.13059361279010773,0.11159249395132065,0.12600556015968323,0.04945746436715126,0.05187779664993286,0.18749068677425385,0.09502626210451126,0.06867606937885284,0.2330653965473175,0.12498335540294647,0.07633638381958008,0.27076712250709534,0.14630931615829468,0.08091636002063751,0.14716529846191406,0.02563472092151642,0.02538272552192211,0.21180152893066406,0.06564299762248993,0.039503395557403564,0.25861525535583496,0.08954855799674988,0.04594147205352783,0.29456812143325806,0.10873834788799286,0.05021835118532181,0.16453388333320618,0.021619774401187897,0.017456071451306343,0.22813595831394196,0.0186614990234375,0.023061450570821762,0.27322515845298767,0.03137361630797386,0.031076626852154732,0.31191882491111755,0.05009879171848297,0.03819796070456505
hola,0.0,0.0,0.0,0.26037538051605225,0.015977436676621437,-0.04299972578883171,0.4712170660495758,-0.17257174849510193,-0.03570835664868355,0.5763781070709229,-0.3871643841266632,-0.03593650460243225,0.6352626085281372,-0.5846476554870605,-0.035361647605895996,0.5034380555152893,-0.7537174820899963,0.07563579082489014,0.667968213558197,-1.0190340280532837,0.03513123840093613,0.7798053622245789,-1.180238962173462,-0.018351880833506584,0.8764505386352539,-1.3202393054962158,-0.056453973054885864,0.4327445924282074,-0.8916276097297668,0.05535866692662239,0.6182613968849182,-1.1781691312789917,0.02367996983230114,0.7440404295921326,-1.3479204177856445,-0.02764921821653843,0.8591507077217102,-1.4823009967803955,-0.06469683349132538,0.3406985402107239,-0.9834745526313782,0.016059715300798416,0.5145843029022217,-1.2784159183502197,-0.025506362318992615,0.636816143989563,-1.4474740028381348,-0.06588748097419739,0.7475413084030151,-1.5760751962661743,-0.09079895168542862,0.21909384429454803,-1.0364625453948975,-0.031703777611255646,0.3669912815093994,-1.2907302379608154,-0.06875205039978027,0.47116369009017944,-1.428119421005249,-0.08420057594776154,0.5715335607528687,-1.5372819900512695,-0.09234888851642609,0.0,0.0,0.0,0.017426680773496628,0.0614570714533329,0.03104635886847973,0.02414708025753498,0.07770992815494537,0.04796348512172699,0.02983224205672741,0.10634083300828934,0.05719393119215965,0.05089499428868294,0.13497178256511688,0.06584957242012024,0.07729776948690414,0.0680568665266037,0.047360651195049286,0.12157509475946426,0.11697173118591309,0.05483882874250412,0.1589837521314621,0.1531151980161667,0.05882658064365387,0.1914212852716446,0.17585192620754242,0.06120613217353821,0.10462020337581635,0.052539974451065063,0.031014839187264442,0.1645718216896057,0.09876317530870438,0.04024571180343628,0.20942917466163635,0.13311859965324402,0.04427719488739967,0.24983131885528564,0.15359468758106232,0.046163320541381836,0.1265348643064499,0.02372932806611061,0.021305497735738754,0.1900227963924408,0.05902596190571785,0.02807754836976528,0.23630420863628387,0.0832180604338646,0.02815742790699005,0.27570945024490356,0.09789503365755081,0.028157513588666916,0.14431320130825043,0.028678234666585922,0.02828652411699295,0.20436398684978485,0.020744873210787773,0.0300604160875082,0.24781519174575806,0.03755487874150276,0.029803108423948288,0.2879506051540375,0.05599486082792282,0.030823029577732086
hola,0.0,0.0,0.0,0.2658180296421051,0.020150696858763695,-0.054290615022182465,0.48361048102378845,-0.1492154747247696,-0.05272297188639641,0.5820709466934204,-0.3827938139438629,-0.05742388218641281,0.6194204688072205,-0.6050110459327698,-0.06165953725576401,0.5161059498786926,-0.7312942743301392,0.0679069235920906,0.6864332556724548,-0.9975565671920776,0.02130904793739319,0.8011125326156616,-1.1559995412826538,-0.037643883377313614,0.9025610089302063,-1.2950865030288696,-0.07941866666078568,0.44469982385635376,-0.8771481513977051,0.05060673505067825,0.634776771068573,-1.1683717966079712,0.013494270853698254,0.7625395655632019,-1.3341766595840454,-0.04327049106359482,0.8785203695297241,-1.4608124494552612,-0.08380694687366486,0.353275328874588,-0.975457489490509,0.01322131883352995,0.5325948596000671,-1.2722842693328857,-0.03131552040576935,0.6589404940605164,-1.435910940170288,-0.07358987629413605,0.77333664894104,-1.5578091144561768,-0.09955036640167236,0.23174846172332764,-1.0342919826507568,-0.033996276557445526,0.38308000564575195,-1.2957704067230225,-0.07197985798120499,0.4902302622795105,-1.4323539733886719,-0.08728238940238953,0.5937236547470093,-1.5414769649505615,-0.09544819593429565,0.0,0.0,0.0,0.02520032599568367,0.10113503038883209,0.029580922797322273,0.04445269703865051,0.12570028007030487,0.048767250031232834,0.06752980500459671,0.1439027339220047,0.06098615378141403,0.10758168995380402,0.16728338599205017,0.07381124794483185,0.11538896709680557,0.1107557937502861,0.058179404586553574,0.17802610993385315,0.16988225281238556,0.06894055753946304,0.22417810559272766,0.22247759997844696,0.07339932769536972,0.2630824148654938,0.2656840682029724,0.07622390985488892,0.14769776165485382,0.08020460605621338,0.04521823674440384,0.22321735322475433,0.1452457308769226,0.0566747672855854,0.2753579020500183,0.20148125290870667,0.05988980457186699,0.3195744752883911,0.24738244712352753,0.06180889904499054,0.17225758731365204,0.02996516227722168,0.033440712839365005,0.2490876466035843,0.0866391733288765,0.04213631898164749,0.3025068938732147,0.1278584748506546,0.04245952144265175,0.34645408391952515,0.16103431582450867,0.0421469584107399,0.19050191342830658,0.04344258829951286,0.028963619843125343,0.2539733946323395,0.017605163156986237,0.03505517542362213,0.2988400161266327,0.04499468952417374,0.038140807300806046,0.3380964994430542,0.07996289432048798,0.03999805822968483
hola,0.0,0.0,0.0,0.2384900599718094,-0.008419925346970558,-0.07281892001628876,0.44818314909935,-0.22975261509418488,-0.08286620676517487,0.5383860468864441,-0.4958649277687073,-0.09366445243358612,0.5845626592636108,-0.7256009578704834,-0.10281907021999359,0.4875456392765045,-0.7638301849365234,0.021452058106660843,0.6434819102287292,-1.0535322427749634,-0.03358141705393791,0.7423549890518188,-1.2331647872924805,-0.09223911911249161,0.8246973156929016,-1.3934550285339355,-0.1338096559047699,0.4085085988044739,-0.8938566446304321,0.011026492342352867,0.5893235802650452,-1.2020065784454346,-0.037979163229465485,0.7121886014938354,-1.3942147493362427,-0.09403108060359955,0.8200005292892456,-1.5553267002105713,-0.13227517902851105,0.3102544844150543,-0.9688390493392944,-0.01848715916275978,0.48148447275161743,-1.2831060886383057,-0.07435227930545807,0.5997406840324402,-1.4673161506652832,-0.1174100860953331,0.7061273455619812,-1.620160698890686,-0.14271938800811768,0.1833098828792572,-0.9991618394851685,-0.0580085925757885,0.32004067301750183,-1.2568342685699463,-0.10777411609888077,0.4190080165863037,-1.4038764238357544,-0.12835073471069336,0.5172151923179626,-1.531894326210022,-0.13918274641036987,0.0,0.0,0.0,0.021841835230588913,0.10430020093917847,0.023316320031881332,0.0524383969604969,0.15676617622375488,0.03364122658967972,0.07764369249343872,0.17906920611858368,0.03897571936249733,0.0968368873000145,0.2069052755832672,0.04502345994114876,0.14086724817752838,0.1221809983253479,0.03366722911596298,0.19965098798274994,0.16588009893894196,0.03732096031308174,0.2428918182849884,0.20290710031986237,0.040403999388217926,0.2795712351799011,0.2362491339445114,0.04343973472714424,0.16354915499687195,0.08238513767719269,0.021998180076479912,0.2330211102962494,0.13422517478466034,0.029228150844573975,0.2783307731151581,0.17666403949260712,0.034893978387117386,0.3158910572528839,0.20832623541355133,0.0394500233232975,0.17790549993515015,0.028462352231144905,0.017619937658309937,0.24801687896251678,0.08055675029754639,0.026835590600967407,0.2947426736354828,0.11767598241567612,0.03070458024740219,0.33235377073287964,0.14603769779205322,0.03285355120897293,0.18447986245155334,0.04826946184039116,0.025448404252529144,0.24557921290397644,0.02454056590795517,0.029761163517832756,0.28538790345191956,0.035622432827949524,0.031720392405986786,0.31911444664001465,0.06096486747264862,0.033526644110679626
hola,0.0,0.0,0.0,0.22356359660625458,-0.06291737407445908,-0.0717371255159378,0.4134905934333801,-0.3178054392337799,-0.08888481557369232,0.48865407705307007,-0.5789653062820435,-0.10702010244131088,0.5145719051361084,-0.7995268702507019,-0.12476594746112823,0.43743419647216797,-0.8189295530319214,0.004069440066814423,0.5714894533157349,-1.1148250102996826,-0.06085081025958061,0.6669149994850159,-1.2931431531906128,-0.12520982325077057,0.7491970062255859,-1.448777437210083,-0.16995085775852203,0.3532535433769226,-0.9157616496086121,-0.009985176846385002,0.5089452266693115,-1.2274436950683594,-0.0690724328160286,0.6257648468017578,-1.411616563796997,-0.1277855932712555,0.7325149178504944,-1.5669550895690918,-0.16710075736045837,0.24969491362571716,-0.9559623003005981,-0.04226800054311752,0.39921000599861145,-1.2770740985870361,-0.10569332540035248,0.5137637853622437,-1.4609401226043701,-0.1483214944601059,0.6191040873527527,-1.6133325099945068,-0.17260712385177612,0.11909276247024536,-0.9478524923324585,-0.0842142403125763,0.24087533354759216,-1.2047364711761475,-0.14066284894943237,0.33550384640693665,-1.3564822673797607,-0.16341812908649445,0.4290735721588135,-1.4895132780075073,-0.17516610026359558,0.0,0.0,0.0,0.018707068637013435,0.09825816750526428,0.020844094455242157,0.04435448721051216,0.15305374562740326,0.031874995678663254,0.0681888684630394,0.1954568475484848,0.039885200560092926,0.1046237125992775,0.23627188801765442,0.049322064965963364,0.15298870205879211,0.10590868443250656,0.02916744351387024,0.2155490219593048,0.14472827315330505,0.036319807171821594,0.26555442810058594,0.17077437043190002,0.04185294732451439,0.3054441809654236,0.1951841562986374,0.04448523372411728,0.17476843297481537,0.07368151098489761,0.02279774285852909,0.2498927265405655,0.12982746958732605,0.031365301460027695,0.30343037843704224,0.17155785858631134,0.036948688328266144,0.3487301766872406,0.20590639114379883,0.03997928649187088,0.18495546281337738,0.030218057334423065,0.024587413296103477,0.26060187816619873,0.07678540050983429,0.03052714467048645,0.313385933637619,0.10838466137647629,0.03254856541752815,0.35691285133361816,0.13954253494739532,0.033878736197948456,0.18755726516246796,0.04059147462248802,0.03347695991396904,0.2556005120277405,0.034238748252391815,0.03611157834529877,0.30159395933151245,0.05673821270465851,0.035779789090156555,0.3422347903251648,0.08685553073883057,0.035640113055706024
hola,0.0,0.0,0.0,0.21705766022205353,-0.08838972449302673,-0.06622038781642914,0.3892834484577179,-0.341763436794281,-0.08493630588054657,0.44351711869239807,-0.6039794683456421,-0.10548456758260727,0.4393238127231598,-0.8117116689682007,-0.12584750354290009,0.38786500692367554,-0.8458857536315918,0.001891743391752243,0.5037834048271179,-1.1359426975250244,-0.06001703813672066,0.5793310403823853,-1.2979850769042969,-0.12069368362426758,0.6426367163658142,-1.4418977499008179,-0.16288363933563232,0.2998550236225128,-0.9375718235969543,-0.013127988204360008,0.43391507863998413,-1.2477996349334717,-0.07086475193500519,0.5329734086990356,-1.4092892408370972,-0.12505468726158142,0.6221350431442261,-1.5456676483154297,-0.16095390915870667,0.19246399402618408,-0.9683371782302856,-0.04505347087979317,0.3129149079322815,-1.298506736755371,-0.10946253687143326,0.400390088558197,-1.4568109512329102,-0.14886827766895294,0.48089584708213806,-1.5845677852630615,-0.16963191330432892,0.06192317605018616,-0.9444379806518555,-0.08553994446992874,0.1612885296344757,-1.2147680521011353,-0.13856321573257446,0.24288316071033478,-1.3667123317718506,-0.1579473316669464,0.3242090940475464,-1.4977017641067505,-0.1680663675069809,0.0,0.0,0.0,0.019825659692287445,0.0978827029466629,0.016031747683882713,0.049483299255371094,0.15774701535701752,0.021767213940620422,0.0630626454949379,0.1932402104139328,0.027490293607115746,0.07571197301149368,0.23289628326892853,0.03613970801234245,0.14522723853588104,0.09381268918514252,0.02351127192378044,0.1996043175458908,0.13117580115795135,0.030586140230298042,0.24017244577407837,0.16227823495864868,0.037824660539627075,0.2748330533504486,0.20777104794979095,0.040846262127161026,0.16556207835674286,0.05608181282877922,0.017818890511989594,0.23229244351387024,0.10726726055145264,0.028357267379760742,0.27745890617370605,0.1559838056564331,0.034607551991939545,0.3164387345314026,0.21114525198936462,0.03628840669989586,0.17403900623321533,0.01462115254253149,0.019054129719734192,0.24278488755226135,0.061341460794210434,0.028521766886115074,0.2854580581188202,0.16344673931598663,0.028354626148939133,0.3231102526187897,0.26720988750457764,0.026762546971440315,0.17262627184391022,0.06384792923927307,0.02658727578818798,0.23027759790420532,0.05566532537341118,0.028565578162670135,0.2704015374183655,0.07524620741605759,0.027771443128585815,0.3082018196582794,0.11119665205478668,0.028560170903801918
hola,0.0,0.0,0.0,0.22481369972229004,-0.0496179535984993,-0.06471079587936401,0.41137832403182983,-0.2912326455116272,-0.0792958214879036,0.4766581952571869,-0.5444644093513489,-0.09572239965200424,0.475147545337677,-0.7480720281600952,-0.11250074207782745,0.4363108277320862,-0.8192009925842285,0.007925158366560936,0.567949116230011,-1.1045706272125244,-0.052606575191020966,0.6571282744407654,-1.2758492231369019,-0.11451653391122818,0.732094407081604,-1.4305286407470703,-0.1583690047264099,0.35490596294403076,-0.9221266508102417,-0.007755002938210964,0.510285496711731,-1.2341454029083252,-0.06049226596951485,0.6242454648017883,-1.4224580526351929,-0.11426584422588348,0.7284932136535645,-1.5890305042266846,-0.15151485800743103,0.25213831663131714,-0.9661933183670044,-0.04088535159826279,0.3978753685951233,-1.2987887859344482,-0.09848873317241669,0.5068694353103638,-1.5040228366851807,-0.1404518336057663,0.6069952249526978,-1.6791284084320068,-0.16574740409851074,0.12227188050746918,-0.961442768573761,-0.08310028165578842,0.24220530688762665,-1.226240873336792,-0.13370385766029358,0.33523431420326233,-1.385080337524414,-0.15476280450820923,0.4269653260707855,-1.5277602672576904,-0.16696617007255554,0.0,0.0,0.0,0.020824100822210312,0.07948240637779236,0.021854642778635025,0.03412517160177231,0.11440542340278625,0.0315270721912384,0.04008869826793671,0.14536592364311218,0.03582245483994484,0.05903388932347298,0.18251313269138336,0.040171392261981964,0.12198180705308914,0.07063731551170349,0.03281174972653389,0.1695418357849121,0.104457788169384,0.03645999729633331,0.21285182237625122,0.13082566857337952,0.038432180881500244,0.24995405972003937,0.16081029176712036,0.03912383317947388,0.14171713590621948,0.05619170516729355,0.020562125369906425,0.19681492447853088,0.1049385815858841,0.02362978272140026,0.23814088106155396,0.14658638834953308,0.02521410770714283,0.2733634114265442,0.18235014379024506,0.026330986991524696,0.15362583100795746,0.02655656822025776,0.01094472873955965,0.21174700558185577,0.07296720892190933,0.01383883971720934,0.25462791323661804,0.1047835499048233,0.015041920356452465,0.2903377115726471,0.13228662312030792,0.01635703817009926,0.1594485193490982,0.02523861452937126,0.014249274507164955,0.208816796541214,0.023356541991233826,0.015088371001183987,0.24481551349163055,0.04599342867732048,0.01681297831237316,0.2779698967933655,0.0704100951552391,0.019232196733355522
hola,0.0,0.0,0.0,0.23178894817829132,-0.06104394793510437,-0.07214827090501785,0.42286211252212524,-0.2920747399330139,-0.0871172621846199,0.49349865317344666,-0.5534042119979858,-0.10212534666061401,0.4881246089935303,-0.7791862487792969,-0.11689114570617676,0.4155352711677551,-0.8248668909072876,0.010681098327040672,0.5446912050247192,-1.0999579429626465,-0.04683443158864975,0.6310600638389587,-1.2732633352279663,-0.10723958909511566,0.7076655030250549,-1.435132622718811,-0.15067388117313385,0.32862168550491333,-0.9325106739997864,0.0005466847796924412,0.4759206771850586,-1.2367486953735352,-0.0507279634475708,0.5771273970603943,-1.419257640838623,-0.10557518154382706,0.6718720197677612,-1.581385850906372,-0.14398691058158875,0.22125014662742615,-0.9825340509414673,-0.027808433398604393,0.36217397451400757,-1.3019214868545532,-0.08653955906629562,0.46444398164749146,-1.4897910356521606,-0.1289600431919098,0.559190571308136,-1.650639295578003,-0.1542498767375946,0.08528993278741837,-0.9853665232658386,-0.06558221578598022,0.20466391742229462,-1.238990068435669,-0.11787625402212143,0.2977253794670105,-1.3877573013305664,-0.1401991993188858,0.3905550539493561,-1.520426630973816,-0.15281738340854645,0.0,0.0,0.0,0.0283429566770792,0.08340214937925339,0.022301407530903816,0.04827659949660301,0.12579090893268585,0.035233303904533386,0.06023859605193138,0.14312028884887695,0.04265211522579193,0.07793880999088287,0.1663236916065216,0.050823770463466644,0.1184060201048851,0.08452533930540085,0.04492488503456116,0.16879363358020782,0.1277884691953659,0.05177517235279083,0.20810867846012115,0.1569013148546219,0.05303344503045082,0.24058948457241058,0.18123693764209747,0.053422775119543076,0.13525648415088654,0.054232969880104065,0.03457915037870407,0.19656623899936676,0.10666719079017639,0.042806658893823624,0.23823042213916779,0.14662176370620728,0.04379897564649582,0.2750304937362671,0.17959296703338623,0.04344231262803078,0.14418445527553558,0.011167274788022041,0.025205321609973907,0.2064174860715866,0.06117033213376999,0.032466113567352295,0.25000980496406555,0.10209985822439194,0.03534878417849541,0.2872219681739807,0.13870248198509216,0.03717687726020813,0.14494571089744568,0.05313274636864662,0.0216012392193079,0.19889956712722778,0.027780242264270782,0.027582557871937752,0.23701457679271698,0.03828701749444008,0.032973241060972214,0.2725241184234619,0.06627031415700912,0.03704730048775673
hola,0.0,0.0,0.0,0.23813080787658691,-0.061675358563661575,-0.0672701746225357,0.43624401092529297,-0.308782160282135,-0.07496616244316101,0.5095335245132446,-0.5851253867149353,-0.08363738656044006,0.5027074217796326,-0.8122447729110718,-0.09177811443805695,0.4139312207698822,-0.8198578953742981,0.024710282683372498,0.5415171384811401,-1.0897468328475952,-0.029175516217947006,0.6279082298278809,-1.2530295848846436,-0.08695824444293976,0.7052165269851685,-1.4030749797821045,-0.12808522582054138,0.3282912075519562,-0.9293345212936401,0.01355114858597517,0.4710768163204193,-1.2333481311798096,-0.035791490226984024,0.5736366510391235,-1.4077250957489014,-0.09004022181034088,0.6693390607833862,-1.5606780052185059,-0.127524733543396,0.22297194600105286,-0.9828251004219055,-0.01620894856750965,0.36013486981391907,-1.298492193222046,-0.07663695514202118,0.45898324251174927,-1.4653570652008057,-0.12064696848392487,0.5483850240707397,-1.6056331396102905,-0.1454227715730667,0.08933901786804199,-0.9911015629768372,-0.05483186990022659,0.2026967704296112,-1.2506464719772339,-0.10866397619247437,0.29439616203308105,-1.4011304378509521,-0.1332508623600006,0.3860950469970703,-1.5340121984481812,-0.14727208018302917,0.0,0.0,0.0,0.02655063010752201,0.10599375516176224,0.023651771247386932,0.04747520759701729,0.15920013189315796,0.03511098772287369,0.06572230160236359,0.1902393400669098,0.04092077538371086,0.10666812211275101,0.20588280260562897,0.04684816673398018,0.13202418386936188,0.09729170799255371,0.03668652102351189,0.19609546661376953,0.15427438914775848,0.04064422845840454,0.24713456630706787,0.1954396516084671,0.04183781519532204,0.28999432921409607,0.22864316403865814,0.04235656186938286,0.15567444264888763,0.058263540267944336,0.02737722173333168,0.23603405058383942,0.12509633600711823,0.035704147070646286,0.29045990109443665,0.1809326410293579,0.038548145443201065,0.33830776810646057,0.22759591042995453,0.039228279143571854,0.1665283441543579,0.005548662506043911,0.023258451372385025,0.24826708436012268,0.06163278967142105,0.035528041422367096,0.3034050166606903,0.15900082886219025,0.03506515920162201,0.3503212034702301,0.2511789798736572,0.030724892392754555,0.16663749516010284,0.07181298732757568,0.0280066579580307,0.2343912124633789,0.0332864411175251,0.03339686617255211,0.28296148777008057,0.02243737131357193,0.03357694670557976,0.32774391770362854,0.05821245536208153,0.03264626860618591
hola,0.0,0.0,0.0,0.21799209713935852,-0.08732704073190689,-0.0711921826004982,0.3946446180343628,-0.3328341841697693,-0.09114810824394226,0.4571616053581238,-0.5835661292076111,-0.11186138540506363,0.44356757402420044,-0.792230486869812,-0.13228024542331696,0.3864983916282654,-0.8504210710525513,0.005134829320013523,0.49794912338256836,-1.1344830989837646,-0.0552193745970726,0.5745831727981567,-1.3044929504394531,-0.1174456924200058,0.643517017364502,-1.4558041095733643,-0.16173993051052094,0.29803985357284546,-0.9420703649520874,-0.006538839545100927,0.4233929216861725,-1.2557997703552246,-0.06041141226887703,0.5141749978065491,-1.434928297996521,-0.11584930121898651,0.5983254313468933,-1.5861679315567017,-0.1543649137020111,0.19174858927726746,-0.9727498292922974,-0.03594326972961426,0.3118517994880676,-1.2965662479400635,-0.0952586978673935,0.4017545282840729,-1.4729100465774536,-0.13566526770591736,0.4843403697013855,-1.6177711486816406,-0.1596190482378006,0.06251011788845062,-0.9500726461410522,-0.07491346448659897,0.16351918876171112,-1.2054200172424316,-0.12726104259490967,0.24291245639324188,-1.3507951498031616,-0.14854472875595093,0.32168298959732056,-1.4800384044647217,-0.16053545475006104,0.0,0.0,0.0,0.020954634994268417,0.08029339462518692,0.02581724151968956,0.041427403688430786,0.12254420667886734,0.03852217271924019,0.05637481063604355,0.15684214234352112,0.047320280224084854,0.07498706877231598,0.19049398601055145,0.05753340944647789,0.12358932197093964,0.07882341742515564,0.03791175037622452,0.1715257465839386,0.1205548569560051,0.04837900772690773,0.2096908986568451,0.1522406041622162,0.05447637662291527,0.24164670705795288,0.18221834301948547,0.05804033204913139,0.14193876087665558,0.05163662135601044,0.028634510934352875,0.20046426355838776,0.0971141904592514,0.04108047112822533,0.23982222378253937,0.14073297381401062,0.04842199385166168,0.27277669310569763,0.18205401301383972,0.052683018147945404,0.15125684440135956,0.013051971793174744,0.02394641935825348,0.2110195755958557,0.05208601802587509,0.03322388231754303,0.2523707151412964,0.10346300899982452,0.03671252727508545,0.28649622201919556,0.16106826066970825,0.03824923187494278,0.15384098887443542,0.0453612394630909,0.026500200852751732,0.20689384639263153,0.03008372336626053,0.0303971990942955,0.24327068030834198,0.05472042039036751,0.03317009657621384,0.2758384346961975,0.09543018043041229,0.03530077263712883
hola,0.0,0.0,0.0,0.20187664031982422,-0.09405481815338135,-0.06927506625652313,0.37278324365615845,-0.37732550501823425,-0.08577477931976318,0.43504032492637634,-0.6470510959625244,-0.10369189083576202,0.4316576421260834,-0.8557795286178589,-0.1212732195854187,0.3970068395137787,-0.8592904210090637,0.007322382181882858,0.5226211547851562,-1.1380761861801147,-0.05490987375378609,0.6114629507064819,-1.3086185455322266,-0.11811218410730362,0.6902605891227722,-1.4584803581237793,-0.1635223925113678,0.3250921964645386,-0.9299575090408325,-0.007055199705064297,0.4669914245605469,-1.226525068283081,-0.06449344754219055,0.5733787417411804,-1.4014852046966553,-0.12208020687103271,0.6694335341453552,-1.5508140325546265,-0.16189904510974884,0.2327895164489746,-0.9402070045471191,-0.039323680102825165,0.3704339861869812,-1.240833044052124,-0.10513639450073242,0.4680759310722351,-1.4068292379379272,-0.14795741438865662,0.5526310205459595,-1.5448200702667236,-0.17192651331424713,0.11740322411060333,-0.899134635925293,-0.0806959718465805,0.22907023131847382,-1.1464048624038696,-0.13915789127349854,0.3107230067253113,-1.2850525379180908,-0.16293838620185852,0.38793984055519104,-1.4049558639526367,-0.17585489153862,0.0,0.0,0.0,0.04950102046132088,0.13426710665225983,0.03176673501729965,0.07348013669252396,0.20827138423919678,0.04754681512713432,0.07822160422801971,0.24637708067893982,0.05696415901184082,0.0901302769780159,0.28788694739341736,0.06607750803232193,0.13815373182296753,0.1032705008983612,0.042173873633146286,0.18982158601284027,0.12990954518318176,0.05452805384993553,0.23400191962718964,0.15701697766780853,0.06237296760082245,0.2711891233921051,0.18311400711536407,0.06669197976589203,0.15937229990959167,0.05649322643876076,0.02921370044350624,0.2254820466041565,0.10260976850986481,0.044615618884563446,0.2717437446117401,0.14887838065624237,0.05249511078000069,0.31195610761642456,0.20082682371139526,0.05633971095085144,0.17365698516368866,0.06641727685928345,0.022586625069379807,0.24022448062896729,0.10748349130153656,0.0356559120118618,0.28218480944633484,0.16607658565044403,0.03557319939136505,0.322377473115921,0.2325226068496704,0.0326291099190712,0.18316179513931274,0.13516020774841309,0.027088571339845657,0.2365383505821228,0.1497289538383484,0.032341618090867996,0.27076444029808044,0.18140676617622375,0.03297901526093483,0.3061066269874573,0.22700805962085724,0.03171086683869362
hola,0.0,0.0,0.0,0.2278023213148117,-0.03964412212371826,-0.0909254401922226,0.41945528984069824,-0.26679015159606934,-0.11868040263652802,0.4909995198249817,-0.5313698649406433,-0.14337511360645294,0.4969131052494049,-0.754134476184845,-0.1675911396741867,0.4246595501899719,-0.8156582713127136,-0.017453286796808243,0.5442471504211426,-1.1078981161117554,-0.08249372243881226,0.622382402420044,-1.2920221090316772,-0.1469806581735611,0.6905248761177063,-1.4584819078445435,-0.19349238276481628,0.33476534485816956,-0.9267926216125488,-0.022251270711421967,0.47005048394203186,-1.2444630861282349,-0.08258025348186493,0.5675100088119507,-1.4349149465560913,-0.14257216453552246,0.6540078520774841,-1.5995978116989136,-0.18422889709472656,0.22708380222320557,-0.9728568196296692,-0.0458693690598011,0.35339027643203735,-1.3024475574493408,-0.1124921441078186,0.44511860609054565,-1.4865295886993408,-0.1590900421142578,0.5263053178787231,-1.6423397064208984,-0.18637672066688538,0.09766899794340134,-0.9653326869010925,-0.08026415854692459,0.20026974380016327,-1.2390649318695068,-0.13870738446712494,0.2797921299934387,-1.3991825580596924,-0.1656220555305481,0.3583946228027344,-1.539770245552063,-0.18141265213489532,0.0,0.0,0.0,0.019905636087059975,0.09054796397686005,0.041211627423763275,0.04362458363175392,0.12548252940177917,0.06360047310590744,0.05343208834528923,0.15220923721790314,0.07833828032016754,0.06828194856643677,0.20178364217281342,0.0929548516869545,0.13129939138889313,0.08689673990011215,0.05212096869945526,0.18783584237098694,0.1291452944278717,0.06857970356941223,0.23412451148033142,0.16265998780727386,0.07852888852357864,0.2735488712787628,0.19416940212249756,0.08452462404966354,0.1555502861738205,0.05376969650387764,0.03748764842748642,0.2279004454612732,0.10385225713253021,0.059593647718429565,0.27975401282310486,0.14893284440040588,0.07406563311815262,0.32335302233695984,0.18968777358531952,0.08290739357471466,0.16795723140239716,0.013421722687780857,0.03133836388587952,0.23987402021884918,0.05829746648669243,0.053212378174066544,0.29019638895988464,0.12443419545888901,0.06288470327854156,0.33268746733665466,0.18986016511917114,0.06616640836000443,0.16823148727416992,0.052492253482341766,0.03576064854860306,0.2273954451084137,0.03422483801841736,0.04783135652542114,0.2694290280342102,0.024580402299761772,0.05664908140897751,0.3086535930633545,0.04512786492705345,0.062397681176662445
hola,0.0,0.0,0.0,0.235404372215271,-0.025167811661958694,-0.05966738983988762,0.4319305419921875,-0.2650708556175232,-0.06475741416215897,0.5025905966758728,-0.5376790165901184,-0.07237975299358368,0.5145982503890991,-0.75374835729599,-0.08007510006427765,0.4660256803035736,-0.789894163608551,0.028687138110399246,0.6152585744857788,-1.0712794065475464,-0.023158645257353783,0.7205539345741272,-1.2457454204559326,-0.07990973442792892,0.8108850717544556,-1.40180504322052,-0.12059222161769867,0.3908180594444275,-0.909868061542511,0.012737761251628399,0.568687379360199,-1.2148890495300293,-0.034211885184049606,0.6984012722969055,-1.397017478942871,-0.08555777370929718,0.8151321411132812,-1.5512919425964355,-0.12027435004711151,0.29142090678215027,-0.976075291633606,-0.021470237523317337,0.45973634719848633,-1.3081064224243164,-0.07645310461521149,0.5844916105270386,-1.5068719387054443,-0.11921485513448715,0.698432207107544,-1.6689281463623047,-0.14421698451042175,0.15928684175014496,-0.9976471662521362,-0.0642717108130455,0.29598602652549744,-1.261821985244751,-0.11336769163608551,0.4003698229789734,-1.4179270267486572,-0.13436132669448853,0.5031275749206543,-1.5548584461212158,-0.1462114453315735,0.0,0.0,0.0,0.01281364168971777,0.08564257621765137,0.01628262549638748,0.0245000422000885,0.14053483307361603,0.024858508259058,0.029702557250857353,0.15841761231422424,0.030624059960246086,0.04831048101186752,0.18492187559604645,0.037579845637083054,0.10540162026882172,0.07900888472795486,0.03010649047791958,0.14563831686973572,0.11479541659355164,0.037125859409570694,0.1771051287651062,0.14354702830314636,0.04248426854610443,0.20257031917572021,0.16593335568904877,0.045612674206495285,0.12540529668331146,0.053288038820028305,0.025944538414478302,0.1769561767578125,0.0976516604423523,0.033401258289813995,0.21234473586082458,0.13803550601005554,0.03732401877641678,0.2405814230442047,0.16712374985218048,0.03939323127269745,0.1382085233926773,0.016218820586800575,0.0254815686494112,0.19006839394569397,0.04652818292379379,0.030672864988446236,0.22743044793605804,0.07296643406152725,0.03278655931353569,0.25714001059532166,0.09151498228311539,0.03387037664651871,0.14580437541007996,0.03629168123006821,0.030080437660217285,0.1918783038854599,0.02221362106502056,0.032533444464206696,0.22387056052684784,0.024087974801659584,0.03212050721049309,0.2513400614261627,0.04296690970659256,0.03189743310213089
hola,0.0,0.0,0.0,0.20736408233642578,-0.0877138003706932,-0.0735384151339531,0.38100963830947876,-0.3502087891101837,-0.09147654473781586,0.4406006932258606,-0.6158943772315979,-0.10954737663269043,0.4306584298610687,-0.8243584632873535,-0.1271107941865921,0.3868858814239502,-0.8499125242233276,0.005347580648958683,0.5021825432777405,-1.1381913423538208,-0.05283049866557121,0.5802831649780273,-1.3169816732406616,-0.1138080507516861,0.648091197013855,-1.4777390956878662,-0.157316654920578,0.30266258120536804,-0.9333940744400024,-0.005894420202821493,0.4359288215637207,-1.245593786239624,-0.05847039818763733,0.5305424928665161,-1.4344322681427002,-0.11358330398797989,0.6142180562019348,-1.594254732131958,-0.15118297934532166,0.20170874893665314,-0.9581046104431152,-0.03494727611541748,0.32847529649734497,-1.2809029817581177,-0.09297925978899002,0.4184662401676178,-1.4706485271453857,-0.1334059238433838,0.49738749861717224,-1.6276524066925049,-0.15658625960350037,0.07716520130634308,-0.9331907033920288,-0.07385491579771042,0.1806768923997879,-1.1973695755004883,-0.12445491552352905,0.25757887959480286,-1.3571549654006958,-0.14466369152069092,0.3318626880645752,-1.497602105140686,-0.15548089146614075,0.0,0.0,0.0,0.023511525243520737,0.11944425851106644,0.022854434326291084,0.052440471947193146,0.1889958381652832,0.03386281430721283,0.06475070118904114,0.21920926868915558,0.041218288242816925,0.09128022193908691,0.24657966196537018,0.048834748566150665,0.15881922841072083,0.10858362913131714,0.032189980149269104,0.2241850644350052,0.15036624670028687,0.03946531563997269,0.2741689682006836,0.17945238947868347,0.04302113503217697,0.3149801194667816,0.20456764101982117,0.04466797411441803,0.1806563436985016,0.06234375387430191,0.024751262739300728,0.26028257608413696,0.11499650776386261,0.033025141805410385,0.31475943326950073,0.15180836617946625,0.03607422113418579,0.36098191142082214,0.18380020558834076,0.03709567338228226,0.19163089990615845,0.02776513621211052,0.023038150742650032,0.26982954144477844,0.062365178018808365,0.02868775837123394,0.3239631652832031,0.09891877323389053,0.02807530388236046,0.36990272998809814,0.14360909163951874,0.027886483818292618,0.1919650286436081,0.09005413204431534,0.0284439567476511,0.2610659897327423,0.07766325026750565,0.03081074170768261,0.30794137716293335,0.07650217413902283,0.030832771211862564,0.3503657281398773,0.0938110277056694,0.03086969070136547
hola,0.0,0.0,0.0,0.22310540080070496,-0.07075992226600647,-0.05652894824743271,0.39683881402015686,-0.3274681866168976,-0.06549041718244553,0.45645108819007874,-0.5787047147750854,-0.07822374999523163,0.46488437056541443,-0.7782954573631287,-0.09005360305309296,0.4173620343208313,-0.8312285542488098,0.027562806382775307,0.5551341772079468,-1.1088390350341797,-0.026525327935814857,0.653343677520752,-1.2823107242584229,-0.0839373990893364,0.7371927499771118,-1.441341757774353,-0.12501737475395203,0.34097233414649963,-0.9247511625289917,0.008622599765658379,0.49623116850852966,-1.2270934581756592,-0.041709642857313156,0.6110483407974243,-1.3962931632995605,-0.09371450543403625,0.7136670351028442,-1.5442330837249756,-0.12880662083625793,0.2445210963487625,-0.9687991142272949,-0.0282810740172863,0.3917795419692993,-1.2859946489334106,-0.085088811814785,0.5048080086708069,-1.4660136699676514,-0.12526102364063263,0.6051253080368042,-1.6176550388336182,-0.14811201393604279,0.1242772787809372,-0.9689902067184448,-0.0738285556435585,0.24962222576141357,-1.2252627611160278,-0.12257899343967438,0.3492339849472046,-1.3771275281906128,-0.1427234411239624,0.445381224155426,-1.5117056369781494,-0.15413039922714233,0.0,0.0,0.0,0.02079630270600319,0.09531880915164948,0.026107996702194214,0.035888977348804474,0.1410239338874817,0.0404125452041626,0.049373842775821686,0.16614404320716858,0.04928132891654968,0.08437208831310272,0.18919207155704498,0.05927582457661629,0.12918739020824432,0.08272827416658401,0.04264838248491287,0.19059115648269653,0.12145010381937027,0.05254063010215759,0.24093417823314667,0.1475560963153839,0.057901252061128616,0.2821803390979767,0.1708633452653885,0.06057583540678024,0.15529665350914001,0.057299960404634476,0.03314420208334923,0.22702844440937042,0.1055711954832077,0.04873374477028847,0.2781236469745636,0.14304189383983612,0.055324334651231766,0.32156816124916077,0.17686112225055695,0.05686431750655174,0.17147131264209747,0.016887249425053596,0.029576027765870094,0.24126119911670685,0.049960292875766754,0.04097467288374901,0.29214978218078613,0.08236349374055862,0.0421685166656971,0.33435338735580444,0.12390069663524628,0.041177697479724884,0.18208098411560059,0.04727312549948692,0.03521699085831642,0.24346217513084412,0.024354448541998863,0.040799397975206375,0.2866038978099823,0.028406694531440735,0.04239488020539284,0.32458609342575073,0.048572324216365814,0.043084751814603806
