label,mean_x0,mean_y0,mean_z0,mean_x1,mean_y1,mean_z1,mean_x2,mean_y2,mean_z2,mean_x3,mean_y3,mean_z3,mean_x4,mean_y4,mean_z4,mean_x5,mean_y5,mean_z5,mean_x6,mean_y6,mean_z6,mean_x7,mean_y7,mean_z7,mean_x8,mean_y8,mean_z8,mean_x9,mean_y9,mean_z9,mean_x10,mean_y10,mean_z10,mean_x11,mean_y11,mean_z11,mean_x12,mean_y12,mean_z12,mean_x13,mean_y13,mean_z13,mean_x14,mean_y14,mean_z14,mean_x15,mean_y15,mean_z15,mean_x16,mean_y16,mean_z16,mean_x17,mean_y17,mean_z17,mean_x18,mean_y18,mean_z18,mean_x19,mean_y19,mean_z19,mean_x20,mean_y20,mean_z20,std_x0,std_y0,std_z0,std_x1,std_y1,std_z1,std_x2,std_y2,std_z2,std_x3,std_y3,std_z3,std_x4,std_y4,std_z4,std_x5,std_y5,std_z5,std_x6,std_y6,std_z6,std_x7,std_y7,std_z7,std_x8,std_y8,std_z8,std_x9,std_y9,std_z9,std_x10,std_y10,std_z10,std_x11,std_y11,std_z11,std_x12,std_y12,std_z12,std_x13,std_y13,std_z13,std_x14,std_y14,std_z14,std_x15,std_y15,std_z15,std_x16,std_y16,std_z16,std_x17,std_y17,std_z17,std_x18,std_y18,std_z18,std_x19,std_y19,std_z19,std_x20,std_y20,std_z20
hola,0.0,0.0,0.0,0.24765536189079285,0.0738433375954628,-0.08320584148168564,0.48715734481811523,-0.10101111233234406,-0.09594841301441193,0.6143792271614075,-0.37950631976127625,-0.10540588200092316,0.6952008008956909,-0.6218432784080505,-0.11335141956806183,0.5768774747848511,-0.6641786694526672,-0.009464886970818043,0.7692698240280151,-0.9484549760818481,-0.06891249120235443,0.888209342956543,-1.1291897296905518,-0.12688593566417694,0.9872766733169556,-1.2913219928741455,-0.16675755381584167,0.4988526403903961,-0.8511381149291992,-0.015210730023682117,0.7192059755325317,-1.1752755641937256,-0.06448902189731598,0.8606184124946594,-1.379927396774292,-0.1161283478140831,0.9798274040222168,-1.5441457033157349,-0.15137892961502075,0.3926249146461487,-0.9703588485717773,-0.03903282806277275,0.591724693775177,-1.3110191822052002,-0.09358030557632446,0.7206279039382935,-1.5115107297897339,-0.13621683418750763,0.83380126953125,-1.6685006618499756,-0.16246579587459564,0.24829550087451935,-1.0405935049057007,-0.07319867610931396,0.3928129971027374,-1.3217403888702393,-0.12455769628286362,0.4960057735443115,-1.4845954179763794,-0.14665253460407257,0.5984845161437988,-1.620828628540039,-0.15854883193969727,0.0,0.0,0.0,0.013075104914605618,0.10655223578214645,0.01969100907444954,0.04414922744035721,0.1589464545249939,0.035846956074237823,0.06841995567083359,0.16675110161304474,0.047574177384376526,0.09974931925535202,0.1834772676229477,0.05935988947749138,0.12247554957866669,0.12196262180805206,0.036672141402959824,0.17543911933898926,0.1659194380044937,0.04635336622595787,0.20937085151672363,0.19760768115520477,0.052092693746089935,0.2366558462381363,0.22087416052818298,0.05557166039943695,0.14215140044689178,0.07370322942733765,0.02897333912551403,0.2074871063232422,0.12099900096654892,0.038117416203022,0.24401183426380157,0.152808278799057,0.042206861078739166,0.27124515175819397,0.17442946135997772,0.04437192156910896,0.15485109388828278,0.018362736329436302,0.021485265344381332,0.21571671962738037,0.05616367980837822,0.027683207765221596,0.2507389485836029,0.08365954458713531,0.028440343216061592,0.2768489718437195,0.10331666469573975,0.028999241068959236,0.15952500700950623,0.051767706871032715,0.01684632897377014,0.21793261170387268,0.029620015993714333,0.021661652252078056,0.2530439794063568,0.015366959385573864,0.024131568148732185,0.2839491367340088,0.03186015412211418,0.026134638115763664
hola,0.0,0.0,0.0,0.2533200681209564,0.059118401259183884,-0.09029717743396759,0.49661484360694885,-0.10355198383331299,-0.1110558956861496,0.6275963187217712,-0.37049776315689087,-0.12853017449378967,0.6898892521858215,-0.6254563927650452,-0.14453944563865662,0.5877977609634399,-0.6562981605529785,-0.014027158729732037,0.772285521030426,-0.9407714009284973,-0.07819836586713791,0.8738037943840027,-1.115978479385376,-0.1420370191335678,0.9531883001327515,-1.2718271017074585,-0.18522417545318604,0.5039534568786621,-0.8487154841423035,-0.018289538100361824,0.7205789685249329,-1.171262502670288,-0.06856562942266464,0.8589385151863098,-1.3720390796661377,-0.12313953787088394,0.9737175703048706,-1.532482624053955,-0.16081687808036804,0.38845810294151306,-0.9709793925285339,-0.04178838059306145,0.5867931246757507,-1.3157050609588623,-0.09779025614261627,0.7149175405502319,-1.5173289775848389,-0.14341077208518982,0.8274504542350769,-1.6745531558990479,-0.17218080163002014,0.23497600853443146,-1.0406196117401123,-0.07616294175386429,0.37114590406417847,-1.3326457738876343,-0.12817594408988953,0.4681118428707123,-1.5001490116119385,-0.15043257176876068,0.5653398036956787,-1.640080451965332,-0.1629910171031952,0.0,0.0,0.0,0.012110188603401184,0.09725134074687958,0.019665569067001343,0.038878217339515686,0.15131829679012299,0.028571443632245064,0.058602772653102875,0.16546402871608734,0.035519424825906754,0.08359062671661377,0.18306636810302734,0.04317966848611832,0.11974073946475983,0.12393147498369217,0.02388010546565056,0.16658759117126465,0.16174666583538055,0.027934277430176735,0.2054239958524704,0.1978309601545334,0.0352247953414917,0.24393914639949799,0.23367010056972504,0.03923916071653366,0.1356540471315384,0.0806521326303482,0.021715983748435974,0.19435881078243256,0.12495103478431702,0.027015114203095436,0.2310050129890442,0.15856881439685822,0.02845863811671734,0.2596687376499176,0.1833563894033432,0.029694095253944397,0.14505796134471893,0.032514963299036026,0.024421609938144684,0.20258565247058868,0.06477782130241394,0.028188301250338554,0.2388983815908432,0.08860629796981812,0.02894269861280918,0.26719874143600464,0.10666973888874054,0.03086383268237114,0.14756426215171814,0.03419416397809982,0.030870474874973297,0.20132708549499512,0.02522740513086319,0.03186127543449402,0.2353905439376831,0.026726460084319115,0.03200295567512512,0.26563760638237,0.046592287719249725,0.03392254188656807
hola,0.0,0.0,0.0,0.24828295409679413,0.04439510777592659,-0.0792471393942833,0.48441949486732483,-0.12735745310783386,-0.09647931158542633,0.609470009803772,-0.3959861397743225,-0.11218737065792084,0.6803324222564697,-0.6492664813995361,-0.12620334327220917,0.5713303685188293,-0.6751495003700256,-0.006582545582205057,0.7511349320411682,-0.9575441479682922,-0.07076267898082733,0.8514633178710938,-1.1223100423812866,-0.13314718008041382,0.9312556982040405,-1.266723394393921,-0.17457056045532227,0.49026188254356384,-0.8568615913391113,-0.015520209446549416,0.700901985168457,-1.1799170970916748,-0.065630242228508,0.8361562490463257,-1.374770998954773,-0.11772608757019043,0.9507253766059875,-1.5323259830474854,-0.15307791531085968,0.37892958521842957,-0.9718557596206665,-0.04278898611664772,0.5709241032600403,-1.3167599439620972,-0.09796241670846939,0.6943569779396057,-1.5162731409072876,-0.13933460414409637,0.805251955986023,-1.6744253635406494,-0.16481681168079376,0.22879895567893982,-1.0339958667755127,-0.07997129112482071,0.3592855632305145,-1.3243247270584106,-0.1298772543668747,0.45522841811180115,-1.4879993200302124,-0.1485799103975296,0.5527949333190918,-1.6252599954605103,-0.15820935368537903,0.0,0.0,0.0,0.012001254595816135,0.09693848341703415,0.01611206866800785,0.039789047092199326,0.143862783908844,0.026644224300980568,0.06375938653945923,0.15906812250614166,0.035502880811691284,0.09291943907737732,0.17872166633605957,0.04541313275694847,0.11762849241495132,0.12111363559961319,0.022832995280623436,0.16541515290737152,0.1633099764585495,0.03047126904129982,0.20264112949371338,0.20741917192935944,0.03917338699102402,0.23998118937015533,0.24925485253334045,0.042936086654663086,0.13665923476219177,0.07884405553340912,0.017280617728829384,0.19626161456108093,0.12819339334964752,0.022965911775827408,0.23064599931240082,0.16180519759655,0.02590927667915821,0.2565895915031433,0.18651358783245087,0.02744704857468605,0.14841018617153168,0.030266407877206802,0.015469037927687168,0.2073238492012024,0.07081214338541031,0.019537752494215965,0.24244508147239685,0.09795699268579483,0.02031298540532589,0.2693844735622406,0.11968754231929779,0.021408632397651672,0.15334086120128632,0.039053548127412796,0.018902253359556198,0.21023191511631012,0.03165879473090172,0.019006358459591866,0.24438679218292236,0.034878432750701904,0.018173448741436005,0.27395763993263245,0.05253792181611061,0.019397513940930367
hola,0.0,0.0,0.0,0.27784600853919983,0.13310332596302032,-0.07724383473396301,0.5535867810249329,-0.003298568306490779,-0.07953718304634094,0.7066075205802917,-0.266904354095459,-0.08249048888683319,0.7941640615463257,-0.5210200548171997,-0.08472096174955368,0.6629879474639893,-0.5791876912117004,0.028606057167053223,0.8822453618049622,-0.8442726135253906,-0.029110824689269066,1.0199918746948242,-1.014273762702942,-0.09083355218172073,1.1373463869094849,-1.167678713798523,-0.13497014343738556,0.5984879732131958,-0.7844465374946594,0.016858883202075958,0.8470759391784668,-1.0812345743179321,-0.035634636878967285,1.0111809968948364,-1.270536184310913,-0.09799140691757202,1.151375651359558,-1.4235644340515137,-0.1409405916929245,0.5000276565551758,-0.9290186762809753,-0.01569502428174019,0.7369997501373291,-1.2401124238967896,-0.0773349329829216,0.8959230184555054,-1.4249521493911743,-0.1301061064004898,1.0354901552200317,-1.573347806930542,-0.16241422295570374,0.35885244607925415,-1.0373210906982422,-0.05857699364423752,0.5531915426254272,-1.2830651998519897,-0.11710164695978165,0.6867898106575012,-1.4217116832733154,-0.1454578936100006,0.8162480592727661,-1.5386816263198853,-0.16163361072540283,0.0,0.0,0.0,0.014065449126064777,0.10576257854700089,0.027123961597681046,0.035881832242012024,0.14644955098628998,0.044736191630363464,0.05553281679749489,0.1661478877067566,0.05657404661178589,0.08143279701471329,0.19866327941417694,0.06795722246170044,0.10821010172367096,0.1282825469970703,0.034097470343112946,0.1597093790769577,0.17708146572113037,0.04242975637316704,0.19603201746940613,0.2135823667049408,0.049291275441646576,0.22429560124874115,0.2433943897485733,0.05436839908361435,0.13072513043880463,0.09267539530992508,0.022220827639102936,0.19307111203670502,0.14586679637432098,0.030858121812343597,0.23076769709587097,0.1833914965391159,0.03670385479927063,0.2599196135997772,0.21161040663719177,0.040849898010492325,0.14649231731891632,0.04811317101120949,0.013924967497587204,0.20674960315227509,0.09160995483398438,0.019556976854801178,0.244795024394989,0.12117315828800201,0.022276736795902252,0.27544745802879333,0.14329171180725098,0.024565720930695534,0.1545037031173706,0.016926445066928864,0.015007559210062027,0.20554672181606293,0.03060709498822689,0.016736743971705437,0.23866523802280426,0.055402446538209915,0.019320394843816757,0.26750755310058594,0.0816880390048027,0.022187013179063797
hola,0.0,0.0,0.0,0.27633506059646606,0.22526080906391144,-0.09253616631031036,0.5669885873794556,0.1577589362859726,-0.10810530185699463,0.7534952759742737,-0.1003631204366684,-0.1213696226477623,0.8657552599906921,-0.3514745235443115,-0.13402040302753448,0.753290057182312,-0.44946008920669556,-0.008257651701569557,1.0198606252670288,-0.6985663175582886,-0.07959502190351486,1.1857001781463623,-0.8567954897880554,-0.14825068414211273,1.3268547058105469,-0.9961745142936707,-0.196573406457901,0.7005621194839478,-0.6992018222808838,-0.017733696848154068,1.0001929998397827,-0.973059356212616,-0.08202653378248215,1.1942025423049927,-1.1429624557495117,-0.1498434692621231,1.3530391454696655,-1.2757294178009033,-0.1963472068309784,0.605878472328186,-0.883773684501648,-0.047105349600315094,0.8840031623840332,-1.1787623167037964,-0.11931870877742767,1.0647140741348267,-1.3385250568389893,-0.17563486099243164,1.2165086269378662,-1.4586467742919922,-0.20934748649597168,0.4656373858451843,-1.027205228805542,-0.087067611515522,0.688440203666687,-1.2686277627944946,-0.15512509644031525,0.8379064798355103,-1.3922032117843628,-0.1861322522163391,0.9787459373474121,-1.488664984703064,-0.20262208580970764,0.0,0.0,0.0,0.07561353594064713,0.18342474102973938,0.023119866847991943,0.12080259621143341,0.31569305062294006,0.03708680719137192,0.16086003184318542,0.3312426209449768,0.048011016100645065,0.1952275037765503,0.3290221095085144,0.05954327434301376,0.12202385812997818,0.1887071430683136,0.03569299355149269,0.17243549227714539,0.20666852593421936,0.046388570219278336,0.204965278506279,0.22088384628295898,0.05277654156088829,0.23223429918289185,0.23427842557430267,0.05736713856458664,0.11112607270479202,0.08195198327302933,0.030821001157164574,0.1724197417497635,0.1065269187092781,0.04182223230600357,0.21322844922542572,0.1353207230567932,0.04892706871032715,0.25009748339653015,0.16351649165153503,0.0541408434510231,0.10414516180753708,0.06717487424612045,0.02842213399708271,0.15881973505020142,0.07744303345680237,0.039140552282333374,0.20097491145133972,0.07989222556352615,0.04435163736343384,0.24121230840682983,0.07870753854513168,0.04688012972474098,0.09989576041698456,0.17566390335559845,0.029113883152604103,0.13334593176841736,0.1861296147108078,0.037455376237630844,0.1628829538822174,0.1850118637084961,0.04291311278939247,0.19740374386310577,0.17935620248317719,0.04613254964351654
hola,0.0,0.0,0.0,0.2829356789588928,0.13823261857032776,-0.08664995431900024,0.5612701177597046,0.03561484068632126,-0.1004505380988121,0.7208505868911743,-0.22966818511486053,-0.11263607442378998,0.8104574084281921,-0.4987775683403015,-0.12323673069477081,0.677454948425293,-0.5695973038673401,0.003791316645219922,0.8916863203048706,-0.8464103937149048,-0.06008465215563774,1.024551510810852,-1.0250976085662842,-0.12525661289691925,1.1409591436386108,-1.187135934829712,-0.17136183381080627,0.6029454469680786,-0.7901763319969177,-0.00345428055152297,0.8447108268737793,-1.1011533737182617,-0.05852355808019638,1.0033454895019531,-1.296970248222351,-0.11934433877468109,1.1407921314239502,-1.4594757556915283,-0.161850243806839,0.4975837767124176,-0.9448831677436829,-0.030119728296995163,0.7245355248451233,-1.2634501457214355,-0.08995801210403442,0.8739816546440125,-1.4488139152526855,-0.1358778178691864,1.0042158365249634,-1.5976840257644653,-0.16406629979610443,0.35118383169174194,-1.054430365562439,-0.06805820763111115,0.531654953956604,-1.3138935565948486,-0.12214647233486176,0.6541687250137329,-1.4550572633743286,-0.14408712089061737,0.7688206434249878,-1.574310302734375,-0.1554075926542282,0.0,0.0,0.0,0.0160503126680851,0.07757996767759323,0.013994015753269196,0.03544814512133598,0.12133625894784927,0.021933212876319885,0.053822118788957596,0.13084739446640015,0.02736162208020687,0.07801767438650131,0.14152060449123383,0.03276000916957855,0.0773080587387085,0.097549207508564,0.016895491629838943,0.11050999164581299,0.1187797263264656,0.018785685300827026,0.13328003883361816,0.13420774042606354,0.020706111565232277,0.1524144411087036,0.14877331256866455,0.022356456145644188,0.0884137824177742,0.06403852999210358,0.012179967947304249,0.1277226209640503,0.0918857753276825,0.013929822482168674,0.15250641107559204,0.10894463211297989,0.015036008320748806,0.1722327470779419,0.12385706603527069,0.016847360879182816,0.09641629457473755,0.02637735940515995,0.009615490213036537,0.13375145196914673,0.05271183326840401,0.012191169895231724,0.15520577132701874,0.06931187212467194,0.015014419332146645,0.17213942110538483,0.08215030282735825,0.017682310193777084,0.1001506820321083,0.022797396406531334,0.01024161372333765,0.13168983161449432,0.020121227949857712,0.013834083452820778,0.14902883768081665,0.027435697615146637,0.018257688730955124,0.1647074818611145,0.03856760635972023,0.021871978417038918
hola,0.0,0.0,0.0,0.2798813581466675,0.12364272028207779,-0.08569531887769699,0.5463110208511353,-0.003262890502810478,-0.0977030023932457,0.7010065317153931,-0.2583652138710022,-0.10852591693401337,0.7877483367919922,-0.5193802118301392,-0.11797106266021729,0.6468244194984436,-0.6017213463783264,0.009912051260471344,0.8483484983444214,-0.8798373937606812,-0.05049368739128113,0.971299946308136,-1.0613915920257568,-0.11406628787517548,1.0790706872940063,-1.2280853986740112,-0.1599656641483307,0.5709121227264404,-0.8076872825622559,0.003319747047498822,0.7972694039344788,-1.118274450302124,-0.050137847661972046,0.9435952305793762,-1.3188416957855225,-0.11175527423620224,1.0734374523162842,-1.4908397197723389,-0.15552549064159393,0.46407946944236755,-0.9508973360061646,-0.02292923629283905,0.6812299489974976,-1.2636969089508057,-0.08359570801258087,0.8237512707710266,-1.4473659992218018,-0.13160094618797302,0.9504746198654175,-1.6017112731933594,-0.16139641404151917,0.3179948329925537,-1.0518425703048706,-0.060010772198438644,0.49177688360214233,-1.3061344623565674,-0.11603174358606339,0.6105378866195679,-1.446635365486145,-0.14041027426719666,0.7251368761062622,-1.5679152011871338,-0.15378959476947784,0.0,0.0,0.0,0.026627764105796814,0.10410205274820328,0.016635820269584656,0.05186200886964798,0.15956167876720428,0.029070116579532623,0.07773294299840927,0.16810251772403717,0.03928343951702118,0.10990142077207565,0.1815319061279297,0.049450092017650604,0.10421108454465866,0.1285857856273651,0.0245265681296587,0.15737572312355042,0.15733766555786133,0.02942945994436741,0.19292819499969482,0.17741712927818298,0.03344329446554184,0.22349634766578674,0.19436533749103546,0.036294061690568924,0.12059247493743896,0.08225132524967194,0.019537407904863358,0.1840129792690277,0.11158115416765213,0.0245288647711277,0.22433993220329285,0.13027417659759521,0.02638392150402069,0.25670894980430603,0.14823263883590698,0.027967669069767,0.12974058091640472,0.03345556557178497,0.0179236251860857,0.18717291951179504,0.059165891259908676,0.021843321621418,0.22268809378147125,0.07778418064117432,0.023340512067079544,0.2523004412651062,0.09646275639533997,0.025001784786581993,0.13258831202983856,0.033715471625328064,0.02078280597925186,0.17998594045639038,0.026604343205690384,0.02421773597598076,0.20894816517829895,0.03154477849602699,0.02654496766626835,0.2364630401134491,0.04299229383468628,0.02855636179447174
hola,0.0,0.0,0.0,0.2638224959373474,0.05048726126551628,-0.08929437398910522,0.49865883588790894,-0.1130586713552475,-0.10763105005025864,0.6247943043708801,-0.36500105261802673,-0.12382417917251587,0.6932737827301025,-0.6238366961479187,-0.13902647793293,0.5683640241622925,-0.690107524394989,-0.003024506848305464,0.7440999150276184,-0.9866542816162109,-0.06657724827528,0.8531297445297241,-1.176858901977539,-0.1313401758670807,0.9496692419052124,-1.352307915687561,-0.17812559008598328,0.48644256591796875,-0.8603121638298035,-0.00922403670847416,0.6849560141563416,-1.1900560855865479,-0.06671617925167084,0.8145583271980286,-1.40176260471344,-0.13095241785049438,0.9305825233459473,-1.583054780960083,-0.17678287625312805,0.3758702874183655,-0.9679069519042969,-0.034832749515771866,0.5647804737091064,-1.2990808486938477,-0.09923634678125381,0.6916635632514954,-1.493468165397644,-0.15153054893016815,0.8058911561965942,-1.6562618017196655,-0.18439653515815735,0.23001034557819366,-1.0306469202041626,-0.07112015038728714,0.3815004527568817,-1.29481041431427,-0.13145002722740173,0.48866063356399536,-1.4428884983062744,-0.16122882068157196,0.5941742062568665,-1.571671724319458,-0.17898502945899963,0.0,0.0,0.0,0.02310033328831196,0.10418745130300522,0.01564645767211914,0.047956567257642746,0.16088949143886566,0.027042455971240997,0.07375706732273102,0.18086665868759155,0.03631729260087013,0.1064675971865654,0.19546005129814148,0.0450669564306736,0.11273346841335297,0.12192600965499878,0.01739722117781639,0.16395080089569092,0.16037949919700623,0.020231030881404877,0.19889867305755615,0.18368810415267944,0.023499252274632454,0.22885508835315704,0.202774778008461,0.02651524730026722,0.12926554679870605,0.07918689399957657,0.013091315515339375,0.19056180119514465,0.128771111369133,0.01732294075191021,0.23012825846672058,0.16284078359603882,0.02071487344801426,0.26366519927978516,0.18987397849559784,0.02425430156290531,0.13793595135211945,0.02883601374924183,0.0127865606918931,0.19453102350234985,0.0697573646903038,0.017581675201654434,0.23117254674434662,0.10201428830623627,0.022358044981956482,0.26330316066741943,0.1266890913248062,0.02683057263493538,0.13855336606502533,0.03697609901428223,0.016149522736668587,0.18513166904449463,0.021281922236084938,0.021658385172486305,0.21390537917613983,0.03260408341884613,0.02675229124724865,0.24134589731693268,0.05406983569264412,0.03143901005387306
hola,0.0,0.0,0.0,0.2429523915052414,0.024650607258081436,-0.06798114627599716,0.4619449973106384,-0.18103568255901337,-0.07792291045188904,0.5625799894332886,-0.4322391152381897,-0.09010583162307739,0.6101543307304382,-0.6577727198600769,-0.1021234393119812,0.5575332045555115,-0.7282876968383789,0.016111847013235092,0.7352879643440247,-1.0075428485870361,-0.042148418724536896,0.854224681854248,-1.1822950839996338,-0.10351140797138214,0.956368088722229,-1.3444101810455322,-0.14776279032230377,0.4847196042537689,-0.86522376537323,-0.0002601098676677793,0.6876665353775024,-1.1723971366882324,-0.05271565169095993,0.82550048828125,-1.3675206899642944,-0.11083020269870758,0.9484186172485352,-1.5368117094039917,-0.1516159176826477,0.3837422728538513,-0.9481754302978516,-0.03494962304830551,0.5777159929275513,-1.259633183479309,-0.0940457209944725,0.7129642367362976,-1.4491016864776611,-0.14021658897399902,0.8326433300971985,-1.6095689535140991,-0.16837665438652039,0.24741676449775696,-0.9930437207221985,-0.0791398137807846,0.40996450185775757,-1.2393200397491455,-0.13353857398033142,0.524523138999939,-1.3847486972808838,-0.1574201136827469,0.6342519521713257,-1.512871265411377,-0.1711290329694748,0.0,0.0,0.0,0.016276948153972626,0.0725758895277977,0.016283530741930008,0.02981683984398842,0.11434484273195267,0.02819497510790825,0.043863870203495026,0.13502661883831024,0.03716704621911049,0.05639931187033653,0.1629525125026703,0.04568135738372803,0.09622974693775177,0.0850953683257103,0.025091474875807762,0.12802165746688843,0.11793140321969986,0.031431302428245544,0.15312080085277557,0.14198946952819824,0.03385345637798309,0.17428700625896454,0.1631849706172943,0.035045139491558075,0.10943135619163513,0.06462932378053665,0.016810405999422073,0.14718785881996155,0.10065887868404388,0.023563344031572342,0.17399823665618896,0.1226915568113327,0.025653580203652382,0.1969587802886963,0.13922560214996338,0.027258945629000664,0.11853029578924179,0.03516821190714836,0.010412569157779217,0.15718446671962738,0.07365436851978302,0.017009753733873367,0.1860719919204712,0.09587705135345459,0.01902216300368309,0.20952001214027405,0.11269467324018478,0.020876379683613777,0.12359808385372162,0.013791339471936226,0.010624097660183907,0.16048838198184967,0.02075856737792492,0.015301349572837353,0.18345506489276886,0.03788062930107117,0.0192739088088274,0.20390528440475464,0.05902888998389244,0.022501517087221146
hola,0.0,0.0,0.0,0.24293038249015808,0.053301531821489334,-0.06037791445851326,0.46847066283226013,-0.1529475748538971,-0.0684967190027237,0.5693085193634033,-0.4016527533531189,-0.080926813185215,0.625114381313324,-0.6025568842887878,-0.0938083827495575,0.5963386297225952,-0.6922845840454102,0.01849888637661934,0.7960863709449768,-0.9569802284240723,-0.04271576926112175,0.9324005246162415,-1.115036964416504,-0.10441712290048599,1.0485106706619263,-1.2608250379562378,-0.14841848611831665,0.5331820845603943,-0.8355971574783325,-0.0048457724042236805,0.7670729160308838,-1.1205154657363892,-0.06040384620428085,0.9270534515380859,-1.2943341732025146,-0.11722071468830109,1.0687910318374634,-1.4453319311141968,-0.15612927079200745,0.43650752305984497,-0.9285842776298523,-0.04650801792740822,0.6618668437004089,-1.228137493133545,-0.10884902626276016,0.8173268437385559,-1.4056029319763184,-0.15500375628471375,0.9552072286605835,-1.5569158792495728,-0.18255391716957092,0.30117225646972656,-0.9864176511764526,-0.09699362516403198,0.4879480302333832,-1.220943570137024,-0.15341168642044067,0.6200804114341736,-1.3552850484848022,-0.1769765317440033,0.7465392351150513,-1.4740203619003296,-0.19041302800178528,0.0,0.0,0.0,0.015291789546608925,0.06393972039222717,0.026393722742795944,0.024103010073304176,0.09911249577999115,0.041724611073732376,0.03305041790008545,0.1301376074552536,0.05109277740120888,0.059292636811733246,0.1751207411289215,0.06004681810736656,0.09107774496078491,0.0835353434085846,0.03842049464583397,0.12429948151111603,0.12111169099807739,0.0476667694747448,0.1497231423854828,0.157816544175148,0.052158840000629425,0.17144501209259033,0.18629518151283264,0.05450814589858055,0.10899050533771515,0.07039463520050049,0.025227747857570648,0.14658071100711823,0.11163116991519928,0.03459004685282707,0.16973716020584106,0.14089924097061157,0.0381481871008873,0.1899539828300476,0.1585938036441803,0.03963600471615791,0.12262606620788574,0.045039061456918716,0.014549994841217995,0.163790762424469,0.09267954528331757,0.020620504394173622,0.19294898211956024,0.12253886461257935,0.02281402051448822,0.2162010371685028,0.13865627348423004,0.023420466110110283,0.13364434242248535,0.016200928017497063,0.013938005082309246,0.17561370134353638,0.03847035765647888,0.013076229020953178,0.20125378668308258,0.0637180507183075,0.014974414370954037,0.22319947183132172,0.08502031117677689,0.016178874298930168
hola,0.0,0.0,0.0,0.23939678072929382,0.04259176552295685,-0.0784018486738205,0.4663844108581543,-0.149244487285614,-0.09411551803350449,0.5705956220626831,-0.4091070294380188,-0.10908295214176178,0.6065461039543152,-0.6323191523551941,-0.12319359928369522,0.5639256238937378,-0.6969879865646362,-0.0016392301768064499,0.7410769462585449,-0.9731850624084473,-0.06110801547765732,0.8541213870048523,-1.1345313787460327,-0.1216469407081604,0.9531766772270203,-1.280942678451538,-0.16532839834690094,0.49086347222328186,-0.8556289672851562,-0.012453574687242508,0.6920948028564453,-1.1603801250457764,-0.0644020289182663,0.8252646327018738,-1.344247579574585,-0.11996312439441681,0.9424561262130737,-1.5002899169921875,-0.15913385152816772,0.38860267400741577,-0.9517543911933899,-0.041432082653045654,0.5807979106903076,-1.2705602645874023,-0.09880369156599045,0.7114813923835754,-1.4559813737869263,-0.1435461789369583,0.8271223902702332,-1.611337423324585,-0.17167523503303528,0.2511890232563019,-1.0024442672729492,-0.08066302537918091,0.40508636832237244,-1.2603342533111572,-0.13281255960464478,0.5137253403663635,-1.4062092304229736,-0.1556316614151001,0.6185749173164368,-1.532380223274231,-0.169345885515213,0.0,0.0,0.0,0.011548535898327827,0.08091516047716141,0.03078039363026619,0.03286683186888695,0.12252998352050781,0.048075124621391296,0.043309856206178665,0.14318731427192688,0.059220071882009506,0.0799887478351593,0.18468913435935974,0.0697520449757576,0.12038217484951019,0.10337193310260773,0.03711014986038208,0.1686081439256668,0.15325815975666046,0.04576997458934784,0.20226864516735077,0.19826234877109528,0.05126098915934563,0.2289486974477768,0.2379312962293625,0.05536345764994621,0.14167721569538116,0.07858201861381531,0.02344072051346302,0.20129774510860443,0.13293614983558655,0.032187752425670624,0.23756615817546844,0.1766010820865631,0.03844968229532242,0.26655831933021545,0.2096090167760849,0.04312654957175255,0.1549084633588791,0.041971366852521896,0.014405293390154839,0.21462059020996094,0.08730732649564743,0.020016038790345192,0.252784788608551,0.12008077651262283,0.023903220891952515,0.28359708189964294,0.14332497119903564,0.02673693560063839,0.15979298949241638,0.019956806674599648,0.0169137641787529,0.21323326230049133,0.02689099870622158,0.017159830778837204,0.2459069788455963,0.04779068008065224,0.02030946873128414,0.27488017082214355,0.06765448302030563,0.02333834581077099
hola,0.0,0.0,0.0,0.25546082854270935,0.08922310918569565,-0.05705506354570389,0.509282648563385,-0.08389079570770264,-0.05886174365878105,0.6387223601341248,-0.33337515592575073,-0.06595572084188461,0.7157376408576965,-0.5661329627037048,-0.07251401245594025,0.6481913328170776,-0.6262234449386597,0.03489606827497482,0.8669837713241577,-0.8647680282592773,-0.026284465566277504,1.017380952835083,-0.9999510645866394,-0.08959133923053741,1.145943284034729,-1.1218823194503784,-0.13346198201179504,0.5956927537918091,-0.7967480421066284,0.011629266664385796,0.8510946035385132,-1.0598657131195068,-0.041983701288700104,1.0251822471618652,-1.2131755352020264,-0.09872827678918839,1.178906798362732,-1.3431199789047241,-0.1366291344165802,0.5081526637077332,-0.9217187166213989,-0.031020259484648705,0.7542961239814758,-1.2060061693191528,-0.09099559485912323,0.9220247268676758,-1.369049310684204,-0.13536855578422546,1.070255994796753,-1.5035122632980347,-0.1611439287662506,0.37796255946159363,-1.0161253213882446,-0.08279095590114594,0.5780079960823059,-1.247483730316162,-0.13588783144950867,0.7177222371101379,-1.3787403106689453,-0.15648803114891052,0.8506027460098267,-1.491018533706665,-0.16728097200393677,0.0,0.0,0.0,0.011630683206021786,0.04184431955218315,0.018877912312746048,0.013982740230858326,0.06490562111139297,0.026417827233672142,0.020947663113474846,0.08046349138021469,0.029880229383707047,0.03284715488553047,0.1059766411781311,0.033518023788928986,0.06510690599679947,0.06794505566358566,0.027063900604844093,0.08838675916194916,0.10018343478441238,0.03112870268523693,0.1081627756357193,0.1379138082265854,0.03233230859041214,0.12351714074611664,0.17268994450569153,0.0331486240029335,0.08089761435985565,0.0581183061003685,0.01688811369240284,0.1110280305147171,0.09187464416027069,0.02208130434155464,0.130865216255188,0.12173821777105331,0.02304583042860031,0.14760681986808777,0.14518696069717407,0.022897690534591675,0.09338584542274475,0.037649646401405334,0.010081269778311253,0.12464279681444168,0.07614743709564209,0.015161954797804356,0.14738136529922485,0.10558538138866425,0.01735004410147667,0.16487713158130646,0.1288212090730667,0.018380267545580864,0.10397832095623016,0.014206414110958576,0.013098025694489479,0.1348303109407425,0.0280953049659729,0.015138820745050907,0.15304066240787506,0.04730384424328804,0.01905873790383339,0.1682462990283966,0.06314561516046524,0.02234361693263054
hola,0.0,0.0,0.0,0.2537060081958771,0.023338204249739647,-0.06441451609134674,0.4853431284427643,-0.1801450401544571,-0.07061734795570374,0.5964757800102234,-0.44090136885643005,-0.07961169630289078,0.643767774105072,-0.6730306148529053,-0.08800599724054337,0.5597437620162964,-0.7036010026931763,0.02627725899219513,0.7317243814468384,-0.980798602104187,-0.029009725898504257,0.8427864909172058,-1.152703046798706,-0.08876676857471466,0.9387251734733582,-1.3104897737503052,-0.13170169293880463,0.48484936356544495,-0.8560158014297485,0.01041028369218111,0.6796399354934692,-1.162209153175354,-0.038640182465314865,0.8107482194900513,-1.3510266542434692,-0.09481847286224365,0.9273388981819153,-1.5127571821212769,-0.13390909135341644,0.3840026557445526,-0.9530870318412781,-0.023690754547715187,0.5740597248077393,-1.2661473751068115,-0.07837937772274017,0.7055672407150269,-1.4519058465957642,-0.1213366836309433,0.8229808807373047,-1.6079784631729126,-0.14776967465877533,0.24861010909080505,-1.0098326206207275,-0.06730393320322037,0.403679758310318,-1.2636557817459106,-0.11663012206554413,0.5148290395736694,-1.4088196754455566,-0.13680511713027954,0.6219698786735535,-1.5339741706848145,-0.1479572057723999,0.0,0.0,0.0,0.015843398869037628,0.08882507681846619,0.022613486275076866,0.03779422864317894,0.12801341712474823,0.03562941774725914,0.05489341542124748,0.15490366518497467,0.04241049289703369,0.09003552794456482,0.1959478110074997,0.049031827598810196,0.12738871574401855,0.12154965102672577,0.0377470962703228,0.17759838700294495,0.17088621854782104,0.043471045792102814,0.2145290970802307,0.21035821735858917,0.04511181265115738,0.24512089788913727,0.24116601049900055,0.045390784740448,0.15069234371185303,0.09335095435380936,0.025042807683348656,0.2111324667930603,0.15469199419021606,0.03071773611009121,0.25068455934524536,0.20241975784301758,0.03200247883796692,0.28409895300865173,0.24078799784183502,0.03250906988978386,0.1662324219942093,0.05058138817548752,0.013741676695644855,0.22647519409656525,0.10667746514081955,0.01866731606423855,0.2655787169933319,0.14690670371055603,0.020386887714266777,0.29842257499694824,0.18020565807819366,0.021287648007273674,0.1744687855243683,0.025402110069990158,0.013176513835787773,0.22821316123008728,0.041753754019737244,0.015507045201957226,0.2610984742641449,0.06745629757642746,0.018742769956588745,0.29078561067581177,0.09405170381069183,0.021465517580509186
hola,0.0,0.0,0.0,0.2608015835285187,0.03704432025551796,-0.059023551642894745,0.48966044187545776,-0.17002901434898376,-0.05849933624267578,0.5959342122077942,-0.42297887802124023,-0.06160684674978256,0.6399644613265991,-0.6607792973518372,-0.06486445665359497,0.5557470917701721,-0.7138314247131348,0.03498159721493721,0.7291445136070251,-0.9854679107666016,-0.014782247133553028,0.8412039875984192,-1.1537935733795166,-0.0710064023733139,0.9399393796920776,-1.315557599067688,-0.11291338503360748,0.4801667332649231,-0.8676546216011047,0.01769149675965309,0.6760170459747314,-1.1747307777404785,-0.026568671688437462,0.8057549595832825,-1.3673532009124756,-0.08236577361822128,0.924652099609375,-1.5410445928573608,-0.12314245849847794,0.37620311975479126,-0.9655377268791199,-0.01768670417368412,0.565761387348175,-1.2768430709838867,-0.07130369544029236,0.6959069967269897,-1.4633334875106812,-0.11815754324197769,0.8125919103622437,-1.6282989978790283,-0.1482679545879364,0.2372424602508545,-1.025761604309082,-0.06173978000879288,0.3962884247303009,-1.2779948711395264,-0.11283817142248154,0.5088702440261841,-1.4196165800094604,-0.1373678594827652,0.6186644434928894,-1.548440933227539,-0.15266826748847961,0.0,0.0,0.0,0.01481737568974495,0.0681765004992485,0.027642253786325455,0.025991013273596764,0.08268667012453079,0.04342027008533478,0.03083094395697117,0.11241354793310165,0.05283203348517418,0.04931902512907982,0.1507824808359146,0.061551984399557114,0.08622819930315018,0.07673493772745132,0.039410341531038284,0.12933723628520966,0.13465316593647003,0.04796341806650162,0.16284620761871338,0.18136842548847198,0.05137547850608826,0.19069494307041168,0.2174844592809677,0.05312618240714073,0.10824116319417953,0.06258576363325119,0.02587064914405346,0.16117875277996063,0.128624826669693,0.03493709862232208,0.19634927809238434,0.1787090003490448,0.03882375732064247,0.22778964042663574,0.21322910487651825,0.04122353717684746,0.12310060858726501,0.03365636244416237,0.015332787297666073,0.17759227752685547,0.09303698688745499,0.022690696641802788,0.21438859403133392,0.135688915848732,0.02598198503255844,0.24548929929733276,0.16475290060043335,0.028431294485926628,0.13246148824691772,0.016684086993336678,0.015484106726944447,0.17888614535331726,0.03727797046303749,0.019274787977337837,0.20980407297611237,0.06923380494117737,0.023280948400497437,0.2391221970319748,0.0984380692243576,0.02683691307902336
hola,0.0,0.0,0.0,0.2722591161727905,0.09699519723653793,-0.04429518058896065,0.5226672887802124,-0.09396547079086304,-0.034242548048496246,0.6540269255638123,-0.326353520154953,-0.03233001008629799,0.7403837442398071,-0.5431703925132751,-0.02968173287808895,0.6392704844474792,-0.6312515139579773,0.06061632186174393,0.8649056553840637,-0.8544050455093384,0.009924408048391342,1.0151628255844116,-0.9867287874221802,-0.046883322298526764,1.1442866325378418,-1.117276668548584,-0.08739013224840164,0.5903756022453308,-0.8039667010307312,0.03431564196944237,0.8479627370834351,-1.0619909763336182,-0.00719374930486083,1.0173686742782593,-1.220117449760437,-0.05905856937170029,1.1673226356506348,-1.361790418624878,-0.09595423936843872,0.5056973099708557,-0.9333019256591797,-0.011555367149412632,0.7525849342346191,-1.2066197395324707,-0.061442434787750244,0.9170821309089661,-1.3656566143035889,-0.1048932820558548,1.0607407093048096,-1.504887342453003,-0.13230468332767487,0.37885865569114685,-1.0370948314666748,-0.06588959693908691,0.5776627659797668,-1.2612552642822266,-0.11115757375955582,0.717290997505188,-1.3869192600250244,-0.13077911734580994,0.8504723310470581,-1.4989010095596313,-0.14287637174129486,0.0,0.0,0.0,0.010295157320797443,0.029044263064861298,0.02112152986228466,0.01691586524248123,0.028928615152835846,0.029795106500387192,0.026549551635980606,0.05145372450351715,0.03354867547750473,0.0299952644854784,0.09258660674095154,0.03643907234072685,0.03474854305386543,0.036140356212854385,0.0261839646846056,0.05352866277098656,0.07546849548816681,0.030314285308122635,0.06858137249946594,0.10255260020494461,0.031245877966284752,0.07961767911911011,0.11988931149244308,0.031579434871673584,0.048750076442956924,0.0353623628616333,0.0170176699757576,0.07300563901662827,0.07485947012901306,0.02234208956360817,0.08726394921541214,0.09830234944820404,0.02335057221353054,0.09950427711009979,0.10939161479473114,0.023434363305568695,0.05961862951517105,0.02501848340034485,0.014577829279005527,0.0841226801276207,0.05823437124490738,0.018076645210385323,0.10108806192874908,0.08036205172538757,0.0198495015501976,0.11421877145767212,0.092387355864048,0.02143155038356781,0.06844832003116608,0.007738287560641766,0.02041209302842617,0.09024352580308914,0.02280462719500065,0.021463673561811447,0.10563065111637115,0.04078422114253044,0.02281433716416359,0.11986559629440308,0.05606740713119507,0.02497676946222782
hola,0.0,0.0,0.0,0.2472492754459381,0.06393860280513763,-0.05402013659477234,0.48029661178588867,-0.13769377768039703,-0.05402824282646179,0.5888069272041321,-0.37603864073753357,-0.0605529360473156,0.6355068683624268,-0.5650448203086853,-0.06673189252614975,0.6004316210746765,-0.6709302067756653,0.04771371930837631,0.7957057356834412,-0.9147946238517761,-0.0043030185624957085,0.9282641410827637,-1.0633207559585571,-0.06397497653961182,1.042380452156067,-1.2025827169418335,-0.10730893909931183,0.5419474244117737,-0.8273109197616577,0.024247223511338234,0.7691987752914429,-1.0946621894836426,-0.021088171750307083,0.9242763519287109,-1.2564539909362793,-0.07604213804006577,1.0616575479507446,-1.3970948457717896,-0.11456003040075302,0.45279067754745483,-0.9385417103767395,-0.018807651475071907,0.6723981499671936,-1.2193868160247803,-0.070894256234169,0.8274906873703003,-1.3796954154968262,-0.11513300240039825,0.9634817242622375,-1.515367031097412,-0.14248225092887878,0.32786446809768677,-1.0215213298797607,-0.07128409296274185,0.5149658918380737,-1.2528131008148193,-0.11684317886829376,0.645911693572998,-1.3814976215362549,-0.1361037790775299,0.7701943516731262,-1.491944432258606,-0.14783987402915955,0.0,0.0,0.0,0.022619163617491722,0.08050862699747086,0.021762290969491005,0.04618758708238602,0.09868688136339188,0.03565619885921478,0.07025693356990814,0.11927558481693268,0.04385560750961304,0.12052526324987411,0.15658073127269745,0.05202767625451088,0.10190995782613754,0.10373737663030624,0.03440125286579132,0.15011928975582123,0.15418390929698944,0.036447156220674515,0.18514913320541382,0.18758919835090637,0.03709815442562103,0.21405068039894104,0.20723143219947815,0.037533994764089584,0.12220411747694016,0.07689915597438812,0.020359991118311882,0.18091818690299988,0.1241958737373352,0.023460926488041878,0.21834290027618408,0.15292426943778992,0.024612903594970703,0.25074121356010437,0.171967014670372,0.025592321529984474,0.13601377606391907,0.03496483340859413,0.011000617407262325,0.19274035096168518,0.07556001096963882,0.015981892123818398,0.23230497539043427,0.10438113659620285,0.02035980112850666,0.2650139629840851,0.1270761489868164,0.02315494418144226,0.14461593329906464,0.03127564117312431,0.018825018778443336,0.1949620395898819,0.018999487161636353,0.023169752210378647,0.2319573312997818,0.03674103319644928,0.027301784604787827,0.26609763503074646,0.05936260148882866,0.030883699655532837
hola,0.0,0.0,0.0,0.2666477560997009,0.09341312944889069,-0.06362356245517731,0.5335361361503601,-0.07758107781410217,-0.0638020932674408,0.677013635635376,-0.33732110261917114,-0.06645205616950989,0.7489998936653137,-0.5891682505607605,-0.06786702573299408,0.639954149723053,-0.6208988428115845,0.03179282695055008,0.8580495715141296,-0.8589349985122681,-0.02532370388507843,1.0022122859954834,-0.9945899844169617,-0.08508902788162231,1.1266695261001587,-1.1167758703231812,-0.12650367617607117,0.5824714303016663,-0.8031020164489746,0.015675004571676254,0.8326056599617004,-1.072729468345642,-0.03298300877213478,1.0007790327072144,-1.2306479215621948,-0.0868055447936058,1.1480062007904053,-1.361613154411316,-0.12319161742925644,0.49008044600486755,-0.9320982098579407,-0.019789371639490128,0.73050457239151,-1.2189733982086182,-0.07548141479492188,0.8925743103027344,-1.3819206953048706,-0.11851732432842255,1.0343010425567627,-1.5137699842453003,-0.14407339692115784,0.3546128273010254,-1.0259926319122314,-0.06469418108463287,0.5463738441467285,-1.2579345703125,-0.11528342962265015,0.6812667846679688,-1.3889997005462646,-0.1358547955751419,0.8092686533927917,-1.5004708766937256,-0.14682133495807648,0.0,0.0,0.0,0.008657470345497131,0.05782552435994148,0.019862547516822815,0.026433834806084633,0.08600442111492157,0.031110092997550964,0.03799794241786003,0.1029965952038765,0.03762316331267357,0.053210336714982986,0.13131724298000336,0.04398459568619728,0.0818186029791832,0.0887417122721672,0.03089606761932373,0.11356338113546371,0.13277631998062134,0.03671511635184288,0.1358976662158966,0.17035694420337677,0.038760263472795486,0.15318100154399872,0.20132479071617126,0.04016004502773285,0.10015908628702164,0.07074186205863953,0.021727433428168297,0.13948002457618713,0.11936315894126892,0.02852296642959118,0.16301196813583374,0.1538771092891693,0.02995539829134941,0.18228165805339813,0.17841649055480957,0.03094421699643135,0.11396542191505432,0.042133886367082596,0.0156379546970129,0.15211744606494904,0.08786159008741379,0.02237982489168644,0.17553412914276123,0.11886332184076309,0.02400500699877739,0.194043830037117,0.14102666079998016,0.02521178126335144,0.12346529215574265,0.010502804070711136,0.01675986498594284,0.15913066267967224,0.031660571694374084,0.02195456437766552,0.18067342042922974,0.05446983873844147,0.026414357125759125,0.1997578889131546,0.07485861331224442,0.03019607625901699
hola,0.0,0.0,0.0,0.23474209010601044,0.008471144363284111,-0.07983244955539703,0.4513198733329773,-0.20104503631591797,-0.09620406478643417,0.5497728586196899,-0.4534247815608978,-0.11160775274038315,0.573710560798645,-0.6687694191932678,-0.1256067454814911,0.529445230960846,-0.7273661494255066,0.004844665993005037,0.6908577680587769,-1.0087745189666748,-0.051303304731845856,0.7947721481323242,-1.1862777471542358,-0.11109872162342072,0.8845651745796204,-1.3468061685562134,-0.15483175218105316,0.4524667263031006,-0.8733056783676147,-0.003873181063681841,0.6364356875419617,-1.1786614656448364,-0.05418118089437485,0.7640531063079834,-1.3658459186553955,-0.10958226025104523,0.8755964040756226,-1.5243723392486572,-0.14804285764694214,0.34824272990226746,-0.9570601582527161,-0.031192850321531296,0.5253399610519409,-1.2768014669418335,-0.0879313200712204,0.6492818593978882,-1.4655030965805054,-0.1322585493326187,0.7593367099761963,-1.6262115240097046,-0.15950635075569153,0.2144012749195099,-0.9919970631599426,-0.06896831095218658,0.3564864993095398,-1.248699426651001,-0.12069986015558243,0.4575297236442566,-1.39957857131958,-0.14345045387744904,0.5555015802383423,-1.5308973789215088,-0.1566721498966217,0.0,0.0,0.0,0.014521264471113682,0.0952007994055748,0.026803242042660713,0.03689670190215111,0.15471981465816498,0.040778327733278275,0.052480198442935944,0.18301282823085785,0.049235958606004715,0.07509104162454605,0.22822733223438263,0.05652951821684837,0.13837000727653503,0.12269549816846848,0.02838161587715149,0.18302839994430542,0.16098707914352417,0.03197895362973213,0.2157909870147705,0.1829916536808014,0.03320866450667381,0.24285311996936798,0.2006564736366272,0.033903032541275024,0.15736918151378632,0.08677664399147034,0.017338763922452927,0.21230731904506683,0.13303512334823608,0.02257687970995903,0.24970577657222748,0.16351379454135895,0.024376902729272842,0.279967337846756,0.1885954588651657,0.026210343465209007,0.1683516800403595,0.039831697940826416,0.015670297667384148,0.22411198914051056,0.07944183796644211,0.021397367119789124,0.2617623209953308,0.10575670748949051,0.02505599893629551,0.29164808988571167,0.12680433690547943,0.027931977063417435,0.17195498943328857,0.03086143359541893,0.02377374656498432,0.22181102633476257,0.022017041221261024,0.027523156255483627,0.2522701919078827,0.03477740287780762,0.032584596425294876,0.27844560146331787,0.056070953607559204,0.03714616969227791
hola,0.0,0.0,0.0,0.2394029200077057,-0.00759356003254652,-0.0677117109298706,0.45611491799354553,-0.22078272700309753,-0.07875961810350418,0.5534957051277161,-0.4836277961730957,-0.09099570661783218,0.5647968053817749,-0.7081778049468994,-0.10281051695346832,0.5105458498001099,-0.746833324432373,0.016617972403764725,0.667449951171875,-1.017728328704834,-0.038192324340343475,0.7664439082145691,-1.1823208332061768,-0.09679796546697617,0.8512536287307739,-1.3330048322677612,-0.13917800784111023,0.4334131181240082,-0.8840360641479492,0.0029117646627128124,0.614625096321106,-1.1841528415679932,-0.044306449592113495,0.7384174466133118,-1.3646814823150635,-0.09587548673152924,0.8494607210159302,-1.5210076570510864,-0.13204266130924225,0.32918408513069153,-0.9611846208572388,-0.028941776603460312,0.5023269057273865,-1.2827504873275757,-0.0837085172533989,0.6221498250961304,-1.475370168685913,-0.12538401782512665,0.7305930256843567,-1.638512372970581,-0.151213139295578,0.19191858172416687,-0.9904224276542664,-0.07025693356990814,0.3289611339569092,-1.2471834421157837,-0.1199343204498291,0.4284180700778961,-1.3968207836151123,-0.14056362211704254,0.5262619256973267,-1.5298607349395752,-0.15285104513168335,0.0,0.0,0.0,0.018067697063088417,0.08913853764533997,0.02192739024758339,0.04164843261241913,0.14919070899486542,0.03488216921687126,0.05699457600712776,0.18046364188194275,0.042629923671483994,0.09088893234729767,0.21634434163570404,0.05043136328458786,0.1330903321504593,0.10976820439100266,0.03344225883483887,0.1801571547985077,0.16011780500411987,0.03898840770125389,0.2162025272846222,0.19831934571266174,0.04100944101810455,0.24810250103473663,0.23136691749095917,0.04181009158492088,0.154274120926857,0.07928632944822311,0.023196890950202942,0.2110774964094162,0.1376260668039322,0.02905387245118618,0.24549898505210876,0.18389344215393066,0.03136211261153221,0.2748309373855591,0.21916811168193817,0.03237821161746979,0.16682696342468262,0.03449355438351631,0.015137366019189358,0.22720789909362793,0.09010766446590424,0.01957152597606182,0.2641891837120056,0.12890008091926575,0.022362085059285164,0.2940621078014374,0.15884624421596527,0.023529423400759697,0.17061986029148102,0.03160826861858368,0.015133950859308243,0.22282685339450836,0.018577836453914642,0.01625906117260456,0.2536911964416504,0.04228220880031586,0.019621750339865685,0.2811286747455597,0.06840061396360397,0.022045958787202835
hola,0.0,0.0,0.0,0.24480387568473816,0.019463686272501945,-0.04976349323987961,0.4666096270084381,-0.19244492053985596,-0.0538787767291069,0.5691350102424622,-0.4397004246711731,-0.06400053203105927,0.612062931060791,-0.6649285554885864,-0.07412439584732056,0.5527637600898743,-0.7243990898132324,0.03347933292388916,0.729259192943573,-0.9898780584335327,-0.02484341338276863,0.8458691835403442,-1.1372787952423096,-0.08597534894943237,0.9444831013679504,-1.2690852880477905,-0.12813271582126617,0.4883444309234619,-0.8643614649772644,0.009962168522179127,0.6979670524597168,-1.1543782949447632,-0.039670102298259735,0.8451608419418335,-1.318861722946167,-0.09204638004302979,0.9773405194282532,-1.4627504348754883,-0.12755273282527924,0.394962877035141,-0.9532710313796997,-0.031534768640995026,0.5992213487625122,-1.2584145069122314,-0.08618845045566559,0.742846667766571,-1.430088996887207,-0.12606942653656006,0.8708047866821289,-1.574776291847229,-0.14965692162513733,0.26517948508262634,-1.0031238794326782,-0.08146778494119644,0.4320322871208191,-1.2500132322311401,-0.12875951826572418,0.5528608560562134,-1.389191746711731,-0.14646652340888977,0.6684361100196838,-1.5112744569778442,-0.15606501698493958,0.0,0.0,0.0,0.014094172045588493,0.05495063215494156,0.01854090206325054,0.02780947834253311,0.08555244654417038,0.028840648010373116,0.036158736795186996,0.10602528601884842,0.034872427582740784,0.04948081448674202,0.13425901532173157,0.041343338787555695,0.08410882949829102,0.0724543109536171,0.03452429920434952,0.11507769674062729,0.11356551945209503,0.04120732098817825,0.14138202369213104,0.15060557425022125,0.043269552290439606,0.16781309247016907,0.18093223869800568,0.04421588033437729,0.10141410678625107,0.05820348858833313,0.025042792782187462,0.13570915162563324,0.10060928016901016,0.032921649515628815,0.15538133680820465,0.13516049087047577,0.034359436482191086,0.17324195802211761,0.1600382924079895,0.03477655351161957,0.1145876944065094,0.03188013285398483,0.016440575942397118,0.15230754017829895,0.07588187605142593,0.024111159145832062,0.17620177567005157,0.10820042341947556,0.02547651156783104,0.19538095593452454,0.13129538297653198,0.025935659185051918,0.12331411987543106,0.014685451984405518,0.012851561419665813,0.15769878029823303,0.025118045508861542,0.019676359370350838,0.17872492969036102,0.045461416244506836,0.024416334927082062,0.19772689044475555,0.0638153925538063,0.02748274989426136
hola,0.0,0.0,0.0,0.22869841754436493,-0.028529131785035133,-0.05969810485839844,0.4296482503414154,-0.27501171827316284,-0.0657968670129776,0.5207995176315308,-0.5200297236442566,-0.0758502334356308,0.5502684116363525,-0.718889057636261,-0.08577586710453033,0.48666444420814514,-0.7737377285957336,0.029719188809394836,0.6420424580574036,-1.0396920442581177,-0.025953242555260658,0.7506316304206848,-1.1996504068374634,-0.08676958084106445,0.8457409739494324,-1.3493130207061768,-0.13098256289958954,0.41222867369651794,-0.8830903172492981,0.010035969316959381,0.5892070531845093,-1.1703691482543945,-0.03943019360303879,0.7164290547370911,-1.3432070016860962,-0.0954049676656723,0.8355493545532227,-1.498504877090454,-0.13521458208560944,0.3140682876110077,-0.9417428970336914,-0.028227606788277626,0.48649731278419495,-1.2398958206176758,-0.08525697886943817,0.6141453981399536,-1.415926218032837,-0.1292843222618103,0.7316914796829224,-1.5683133602142334,-0.15641987323760986,0.18489596247673035,-0.9625104069709778,-0.07572857290506363,0.32813382148742676,-1.2049460411071777,-0.12841716408729553,0.43621620535850525,-1.347569227218628,-0.15193697810173035,0.5432321429252625,-1.4744747877120972,-0.1660376340150833,0.0,0.0,0.0,0.019307492300868034,0.12759193778038025,0.02435179054737091,0.05361787602305412,0.1741432547569275,0.03728558123111725,0.07821627706289291,0.21119648218154907,0.04375379532575607,0.12058065086603165,0.26456180214881897,0.04992138221859932,0.17298199236392975,0.13640789687633514,0.03319965675473213,0.24311897158622742,0.19044052064418793,0.037187591195106506,0.2955652177333832,0.23010988533496857,0.038985513150691986,0.33935219049453735,0.25826266407966614,0.03934166207909584,0.2010357677936554,0.09699132293462753,0.017195668071508408,0.28404510021209717,0.16022300720214844,0.022164663299918175,0.34034690260887146,0.21018247306346893,0.025492388755083084,0.3889356255531311,0.247496098279953,0.02770272269845009,0.2178342044353485,0.03995555266737938,0.008716766722500324,0.300089031457901,0.09462347626686096,0.014212751761078835,0.3582664132118225,0.1358705759048462,0.01703542098402977,0.405606746673584,0.1667984426021576,0.0190341267734766,0.22579367458820343,0.048387158662080765,0.021294141188263893,0.301649272441864,0.028350641950964928,0.02208242192864418,0.3512008786201477,0.045570485293865204,0.022770622745156288,0.3948996067047119,0.07679110765457153,0.024209678173065186
hola,0.0,0.0,0.0,0.23826774954795837,-0.0350860133767128,-0.06515105068683624,0.4525788724422455,-0.27498576045036316,-0.0712108463048935,0.5546749830245972,-0.5328859090805054,-0.07950810343027115,0.57211834192276,-0.7676274180412292,-0.08756466954946518,0.49674129486083984,-0.7729870080947876,0.025530586019158363,0.6486675143241882,-1.0502569675445557,-0.028049614280462265,0.7482908964157104,-1.2196862697601318,-0.08759550750255585,0.8372650146484375,-1.3773261308670044,-0.1318550854921341,0.4175366461277008,-0.8965303301811218,0.011000579223036766,0.5913600921630859,-1.1981481313705444,-0.03672490268945694,0.7127881646156311,-1.380649447441101,-0.09249234199523926,0.8248875737190247,-1.541597843170166,-0.1328621655702591,0.31220749020576477,-0.9615553617477417,-0.0221706535667181,0.48130735754966736,-1.276390790939331,-0.07857713103294373,0.6011239290237427,-1.4638069868087769,-0.12425009906291962,0.7093604803085327,-1.6264442205429077,-0.1535477340221405,0.1752476692199707,-0.98187655210495,-0.06472266465425491,0.3108159601688385,-1.2356154918670654,-0.11736802756786346,0.4096378684043884,-1.386587142944336,-0.14249715209007263,0.5066601634025574,-1.5241410732269287,-0.15884089469909668,0.0,0.0,0.0,0.038270577788352966,0.11073227971792221,0.0160820372402668,0.05230994150042534,0.1658848524093628,0.024324117228388786,0.059725988656282425,0.1955123096704483,0.02919752709567547,0.0636664554476738,0.23176272213459015,0.03306147828698158,0.11315616220235825,0.09281011670827866,0.021096553653478622,0.15649452805519104,0.14117999374866486,0.02553524263203144,0.19215092062950134,0.1814487874507904,0.027189094573259354,0.22123581171035767,0.21809786558151245,0.027955658733844757,0.13096828758716583,0.06669263541698456,0.013226008974015713,0.18347015976905823,0.11878850311040878,0.01896059326827526,0.2192966639995575,0.15955159068107605,0.02264445088803768,0.2500245273113251,0.19150780141353607,0.0272454135119915,0.1430380642414093,0.038980890065431595,0.013212219811975956,0.19643813371658325,0.08331946283578873,0.017704885452985764,0.23484626412391663,0.1212000846862793,0.026121480390429497,0.26614388823509216,0.15483435988426208,0.034460727125406265,0.14829808473587036,0.05158122256398201,0.020861977711319923,0.1947915405035019,0.040241681039333344,0.023073870688676834,0.22558724880218506,0.04820334166288376,0.02962483838200569,0.25368809700012207,0.07144220918416977,0.0373748280107975
hola,0.0,0.0,0.0,0.23119857907295227,-0.024511728435754776,-0.06564809381961823,0.44792526960372925,-0.26565021276474,-0.0726325660943985,0.5511573553085327,-0.5289770364761353,-0.08158419281244278,0.5836480855941772,-0.7694772481918335,-0.08982811868190765,0.5065128207206726,-0.7648916840553284,0.021533053368330002,0.6646856069564819,-1.0352580547332764,-0.03618543967604637,0.7629262208938599,-1.1907316446304321,-0.09711254388093948,0.8493873476982117,-1.3329414129257202,-0.14105749130249023,0.4361693263053894,-0.8891549110412598,0.007616761140525341,0.6180127859115601,-1.1839429140090942,-0.04217623919248581,0.7451403141021729,-1.3551702499389648,-0.09615865349769592,0.8625286221504211,-1.5030543804168701,-0.1343684047460556,0.33782869577407837,-0.9533886909484863,-0.025365108624100685,0.5144179463386536,-1.2693836688995361,-0.08368939906358719,0.6373603940010071,-1.4524866342544556,-0.12772305309772491,0.7495471239089966,-1.6087642908096313,-0.15534454584121704,0.20696048438549042,-0.9700244665145874,-0.06761547923088074,0.3455272614955902,-1.2192573547363281,-0.12196922302246094,0.4445205330848694,-1.3686867952346802,-0.14637959003448486,0.5417792201042175,-1.5055134296417236,-0.16149263083934784,0.0,0.0,0.0,0.056078337132930756,0.12510599195957184,0.018693843856453896,0.08072292804718018,0.1935666799545288,0.027540581300854683,0.07876681536436081,0.22027714550495148,0.03332966938614845,0.07586488127708435,0.24299737811088562,0.03888450935482979,0.11108163744211197,0.10287155210971832,0.024070359766483307,0.14844846725463867,0.13928557932376862,0.026854831725358963,0.182671457529068,0.1798917055130005,0.02892531454563141,0.2144763171672821,0.2196275144815445,0.03111158311367035,0.12331559509038925,0.05990134924650192,0.017518846318125725,0.1723828911781311,0.10308688133955002,0.022249305620789528,0.20623572170734406,0.14511439204216003,0.024720845744013786,0.2348444163799286,0.1834040731191635,0.027435464784502983,0.1378232091665268,0.06281416863203049,0.01634771004319191,0.18781425058841705,0.08116782456636429,0.01927405782043934,0.221608966588974,0.10578100383281708,0.021529097110033035,0.25001364946365356,0.13663488626480103,0.024398474022746086,0.15359556674957275,0.12573891878128052,0.02165435254573822,0.19095654785633087,0.12439040094614029,0.021124111488461494,0.21281698346138,0.1162213534116745,0.023345647379755974,0.23403331637382507,0.11327631771564484,0.026829442009329796
hola,0.0,0.0,0.0,0.23241250216960907,-0.0038997470401227474,-0.07323740422725677,0.4437747895717621,-0.23973634839057922,-0.08455170691013336,0.5376691818237305,-0.5024428367614746,-0.09599622339010239,0.5728102922439575,-0.7326605916023254,-0.10645315796136856,0.5060312151908875,-0.7634240984916687,0.008173518814146519,0.6625970602035522,-1.0578110218048096,-0.04738520085811615,0.7607306241989136,-1.2456246614456177,-0.10624301433563232,0.8442016839981079,-1.4221924543380737,-0.14998771250247955,0.42992329597473145,-0.8907559514045715,-0.003604533849284053,0.6093917489051819,-1.213066816329956,-0.05495055764913559,0.7264165878295898,-1.4248408079147339,-0.1134432926774025,0.8290141224861145,-1.6177761554718018,-0.15511010587215424,0.3292274475097656,-0.9566906094551086,-0.033066704869270325,0.5033679008483887,-1.279659628868103,-0.09039785712957382,0.6192070245742798,-1.4756872653961182,-0.1380041390657425,0.7192111015319824,-1.6535648107528687,-0.16865289211273193,0.19875821471214294,-0.976122260093689,-0.07214836031198502,0.3400251865386963,-1.2290798425674438,-0.12544918060302734,0.43787217140197754,-1.3798575401306152,-0.151753768324852,0.5315818190574646,-1.5221340656280518,-0.16851332783699036,0.0,0.0,0.0,0.018740182742476463,0.08579185605049133,0.030625153332948685,0.036026597023010254,0.1263815462589264,0.046181630343198776,0.05115579441189766,0.14823885262012482,0.05562577396631241,0.07372215390205383,0.17635495960712433,0.06288699805736542,0.11274329572916031,0.09085161983966827,0.029328005388379097,0.15866433084011078,0.13768909871578217,0.03352046385407448,0.19536156952381134,0.1780228167772293,0.037388455122709274,0.227263405919075,0.21318727731704712,0.040504131466150284,0.13150455057621002,0.06460815668106079,0.015464412979781628,0.18916647136211395,0.12252177298069,0.020204845815896988,0.2292187362909317,0.171142116189003,0.02632162719964981,0.264580100774765,0.2080501765012741,0.03184736520051956,0.14169812202453613,0.028325023129582405,0.015656068921089172,0.20167185366153717,0.07586469501256943,0.01865394040942192,0.24413003027439117,0.11265002191066742,0.024742262437939644,0.2805146276950836,0.13720311224460602,0.030629433691501617,0.14429661631584167,0.029248010367155075,0.027336928993463516,0.19826152920722961,0.022898374125361443,0.02974463626742363,0.23405633866786957,0.046966347843408585,0.03379565477371216,0.26723966002464294,0.0710800290107727,0.038902703672647476
hola,0.0,0.0,0.0,0.257207453250885,0.0023830868303775787,-0.08488146215677261,0.48359736800193787,-0.19844934344291687,-0.0978284627199173,0.5894714593887329,-0.4905374050140381,-0.10784993320703506,0.6204661130905151,-0.7520597577095032,-0.11633074283599854,0.4941127896308899,-0.7428302764892578,0.0036427415907382965,0.6346360445022583,-1.060839056968689,-0.051120929419994354,0.7178776860237122,-1.2658535242080688,-0.10961228609085083,0.7898218035697937,-1.4544999599456787,-0.15224263072013855,0.40362435579299927,-0.8965080380439758,0.0013845565263181925,0.5625237226486206,-1.2462483644485474,-0.0470186285674572,0.664170503616333,-1.4766255617141724,-0.1050536185503006,0.7528012990951538,-1.6752525568008423,-0.1464807391166687,0.29446330666542053,-0.9789296984672546,-0.018775608390569687,0.44252029061317444,-1.3248409032821655,-0.07349534332752228,0.541749894618988,-1.5313552618026733,-0.11893031746149063,0.629734992980957,-1.7067562341690063,-0.14765307307243347,0.15628114342689514,-1.0057473182678223,-0.04937123507261276,0.27306899428367615,-1.2817773818969727,-0.10049738734960556,0.3564390540122986,-1.4406930208206177,-0.12412480264902115,0.4380531311035156,-1.5817539691925049,-0.13771001994609833,0.0,0.0,0.0,0.025622567161917686,0.12482242286205292,0.02318987250328064,0.07059695571660995,0.1867235153913498,0.03768453001976013,0.100592240691185,0.20131580531597137,0.04759000241756439,0.14185035228729248,0.2098076343536377,0.057475946843624115,0.14890514314174652,0.1303795725107193,0.028768396005034447,0.21356403827667236,0.16902147233486176,0.033687084913253784,0.25673767924308777,0.19429358839988708,0.038055311888456345,0.2928280830383301,0.21853329241275787,0.04179716482758522,0.16617628931999207,0.07328519970178604,0.01932837814092636,0.24277326464653015,0.11825646460056305,0.02501612715423107,0.29061707854270935,0.15045695006847382,0.030148079618811607,0.32975512742996216,0.17739997804164886,0.03476959839463234,0.17386774718761444,0.011961511336266994,0.012311330996453762,0.24364902079105377,0.04624079167842865,0.01593519188463688,0.28413912653923035,0.07400359213352203,0.01809447631239891,0.3179095983505249,0.09328208118677139,0.021700982004404068,0.17117919027805328,0.0632862076163292,0.012587208300828934,0.2292378842830658,0.03898434340953827,0.013257710263133049,0.26277264952659607,0.026864446699619293,0.015468440018594265,0.2931792140007019,0.03316746652126312,0.01963268779218197
hola,0.0,0.0,0.0,0.23295462131500244,-0.030577529221773148,-0.10827367007732391,0.44598880410194397,-0.23961994051933289,-0.13797074556350708,0.5409704446792603,-0.5274274349212646,-0.1600085198879242,0.5472994446754456,-0.7850759029388428,-0.17994233965873718,0.4341225028038025,-0.786614179611206,-0.03111703135073185,0.5379961729049683,-1.113688349723816,-0.09607625007629395,0.596293568611145,-1.3216495513916016,-0.1612081527709961,0.6504920721054077,-1.5110979080200195,-0.20890335738658905,0.3371010422706604,-0.9183138012886047,-0.024421118199825287,0.45466479659080505,-1.2694557905197144,-0.0831853598356247,0.5322078466415405,-1.4974157810211182,-0.14692972600460052,0.603561520576477,-1.6962426900863647,-0.19288092851638794,0.2254832535982132,-0.9777282476425171,-0.036212824285030365,0.3393753468990326,-1.3258014917373657,-0.09964003413915634,0.42010149359703064,-1.532867670059204,-0.14830707013607025,0.4937713146209717,-1.7115776538848877,-0.17923608422279358,0.09069997072219849,-0.9782808423042297,-0.05998491123318672,0.17895403504371643,-1.2548719644546509,-0.1181325912475586,0.24497410655021667,-1.4159959554672241,-0.1460917443037033,0.31056660413742065,-1.5605682134628296,-0.1626249998807907,0.0,0.0,0.0,0.0429878905415535,0.12431234121322632,0.023368798196315765,0.09307808429002762,0.20562928915023804,0.038553912192583084,0.13409844040870667,0.22732289135456085,0.049095410853624344,0.18659625947475433,0.22152702510356903,0.05929170921444893,0.17780770361423492,0.14060088992118835,0.03607579693198204,0.25422242283821106,0.17002859711647034,0.04190201684832573,0.30745959281921387,0.19152100384235382,0.045437041670084,0.3542526662349701,0.21448716521263123,0.04878045991063118,0.1894253045320511,0.07692261040210724,0.025832591578364372,0.27677273750305176,0.1141856461763382,0.032190896570682526,0.3364314138889313,0.14575771987438202,0.035779114812612534,0.3877306580543518,0.17740055918693542,0.039233118295669556,0.1880873739719391,0.014179239980876446,0.016262991353869438,0.2682949900627136,0.042030058801174164,0.021210916340351105,0.31869491934776306,0.07168585807085037,0.02483285404741764,0.3618379533290863,0.09900985658168793,0.028301967307925224,0.17400553822517395,0.07325951755046844,0.01088992040604353,0.24300548434257507,0.05440928041934967,0.015788575634360313,0.2860696017742157,0.03586385026574135,0.02130606397986412,0.32539328932762146,0.030717451125383377,0.02622050605714321
hola,0.0,0.0,0.0,0.25022822618484497,-0.0035592138301581144,-0.09310300648212433,0.4779050946235657,-0.19448032975196838,-0.11645587533712387,0.5881397128105164,-0.46368208527565,-0.1357262134552002,0.6124361753463745,-0.7285946607589722,-0.153571218252182,0.4996121823787689,-0.752377986907959,-0.01602080836892128,0.6375249624252319,-1.0596710443496704,-0.07949311286211014,0.7182685136795044,-1.2602899074554443,-0.1439070999622345,0.7902067303657532,-1.447110891342163,-0.19080723822116852,0.40777310729026794,-0.9014433026313782,-0.01726384460926056,0.5621000528335571,-1.2387568950653076,-0.07419712096452713,0.6631274223327637,-1.459463357925415,-0.13572847843170166,0.7556793689727783,-1.6572816371917725,-0.1796177327632904,0.29413434863090515,-0.979311466217041,-0.036326855421066284,0.44165998697280884,-1.3151485919952393,-0.09721530228853226,0.5412683486938477,-1.5152682065963745,-0.1427326500415802,0.6318114995956421,-1.691549301147461,-0.1716417372226715,0.15031641721725464,-1.0009281635284424,-0.06637803465127945,0.2633936107158661,-1.2681896686553955,-0.12202964723110199,0.3449622094631195,-1.4235703945159912,-0.14648039638996124,0.42494750022888184,-1.5638062953948975,-0.16052991151809692,0.0,0.0,0.0,0.019189054146409035,0.08567959815263748,0.01698680967092514,0.04700097814202309,0.1421205848455429,0.028176724910736084,0.0717489942908287,0.17125797271728516,0.03675292059779167,0.102279432117939,0.1854764074087143,0.04492301121354103,0.1154264286160469,0.09545299410820007,0.0248942319303751,0.16259515285491943,0.1348317712545395,0.029180077835917473,0.19569940865039825,0.16122813522815704,0.03151341900229454,0.22405238449573517,0.18487276136875153,0.03373165428638458,0.12977389991283417,0.06004827097058296,0.019385702908039093,0.18764983117580414,0.1061989963054657,0.023690614849328995,0.22480043768882751,0.14082470536231995,0.02584977261722088,0.25638073682785034,0.1668771356344223,0.028196534141898155,0.1343599259853363,0.016247615218162537,0.016886556521058083,0.19000306725502014,0.05876699835062027,0.019462138414382935,0.22250774502754211,0.09382061660289764,0.021473968401551247,0.2500312924385071,0.1192280724644661,0.023443089798092842,0.1283598244190216,0.041170042008161545,0.01907387189567089,0.17596732079982758,0.020635224878787994,0.02151724323630333,0.20439128577709198,0.03201817348599434,0.024799179285764694,0.23035231232643127,0.052950166165828705,0.027712710201740265
hola,0.0,0.0,0.0,0.26307862997055054,0.049210693687200546,-0.08169937878847122,0.5135647058486938,-0.12106187641620636,-0.09517457336187363,0.6433029770851135,-0.3856675326824188,-0.10656920820474625,0.6952841877937317,-0.6485957503318787,-0.11697361618280411,0.5804098844528198,-0.6895666718482971,-0.00018993858247995377,0.7507799863815308,-0.9652268290519714,-0.06071750074625015,0.8560142517089844,-1.140474557876587,-0.12322000414133072,0.951789379119873,-1.3040478229522705,-0.16873875260353088,0.4942483901977539,-0.8595220446586609,-0.007220517843961716,0.6851431131362915,-1.171952247619629,-0.06000228971242905,0.8115392923355103,-1.3675504922866821,-0.11709612607955933,0.9303361773490906,-1.5405027866363525,-0.15783533453941345,0.37930506467819214,-0.9606865644454956,-0.03252222761511803,0.5635285973548889,-1.2793887853622437,-0.09154868125915527,0.6868804693222046,-1.4684603214263916,-0.13533365726470947,0.8020240664482117,-1.6355184316635132,-0.16325484216213226,0.2260902374982834,-1.0124648809432983,-0.0681520625948906,0.36969682574272156,-1.2629162073135376,-0.12352506816387177,0.47200220823287964,-1.406224012374878,-0.14696285128593445,0.5730613470077515,-1.5394710302352905,-0.1604292094707489,0.0,0.0,0.0,0.01252953801304102,0.07524386793375015,0.012817244045436382,0.0332198292016983,0.1204848513007164,0.020775185897946358,0.04709955304861069,0.1363358348608017,0.027426591143012047,0.07289227843284607,0.1510722041130066,0.03499029949307442,0.09499503672122955,0.09327401220798492,0.022612087428569794,0.13216333091259003,0.12927420437335968,0.028294121846556664,0.16028256714344025,0.15768925845623016,0.031022517010569572,0.1851223260164261,0.1816718429327011,0.03256400302052498,0.10996511578559875,0.0663597509264946,0.019810250028967857,0.15806569159030914,0.1112673208117485,0.026293573901057243,0.19009029865264893,0.14433757960796356,0.028977815061807632,0.2184697836637497,0.17030254006385803,0.030739646404981613,0.11857030540704727,0.031762056052684784,0.018943455070257187,0.16760721802711487,0.07304652035236359,0.025417804718017578,0.19895079731941223,0.1010698452591896,0.02827843651175499,0.2262902408838272,0.12362677603960037,0.02985946461558342,0.11879677325487137,0.01735796593129635,0.020789945498108864,0.16183814406394958,0.023569827899336815,0.026649920269846916,0.18652097880840302,0.046740200370550156,0.030501462519168854,0.20963440835475922,0.06814851611852646,0.033142536878585815
hola,0.0,0.0,0.0,0.27520814538002014,0.06236005574464798,-0.062385909259319305,0.5284520387649536,-0.13149698078632355,-0.06209651753306389,0.6629261374473572,-0.3902844786643982,-0.06479893624782562,0.7356662154197693,-0.6432055234909058,-0.06785281747579575,0.5982984900474548,-0.6760116815567017,0.028209581971168518,0.7955721020698547,-0.943385899066925,-0.028129953891038895,0.9230043292045593,-1.1104481220245361,-0.08746382594108582,1.0346285104751587,-1.2679749727249146,-0.1306951493024826,0.5261614322662354,-0.8398507833480835,0.010151577182114124,0.7502272129058838,-1.1443763971328735,-0.040279798209667206,0.8997825384140015,-1.3373082876205444,-0.09823445975780487,1.034399151802063,-1.5062404870986938,-0.13968025147914886,0.42194023728370667,-0.9455645680427551,-0.026587635278701782,0.6377396583557129,-1.254746675491333,-0.08607176691293716,0.7825403809547424,-1.438466191291809,-0.1339714080095291,0.9131881594657898,-1.5991241931915283,-0.1643476039171219,0.2789783775806427,-1.0124603509902954,-0.07221309840679169,0.45495444536209106,-1.256067156791687,-0.12989090383052826,0.579310953617096,-1.394392728805542,-0.15739716589450836,0.7002016305923462,-1.5195999145507812,-0.17420876026153564,0.0,0.0,0.0,0.01771332323551178,0.07546103000640869,0.012047206982970238,0.039820294827222824,0.1059739887714386,0.021483002230525017,0.061648689210414886,0.12458236515522003,0.0284659955650568,0.08975186944007874,0.14847825467586517,0.03611971437931061,0.09075981378555298,0.09354233741760254,0.027224481105804443,0.12889701128005981,0.14114731550216675,0.03336326405405998,0.15689772367477417,0.17472133040428162,0.03502742573618889,0.17981009185314178,0.20092275738716125,0.03513563051819801,0.10906495898962021,0.0732375904917717,0.02103906124830246,0.15682163834571838,0.12883591651916504,0.026742782443761826,0.18721948564052582,0.17012152075767517,0.0255805142223835,0.21404995024204254,0.19954048097133636,0.025235939770936966,0.12092791497707367,0.04125118628144264,0.014950156211853027,0.17034345865249634,0.08827988058328629,0.017982536926865578,0.20037300884723663,0.12292594462633133,0.015087232924997807,0.22582702338695526,0.14878173172473907,0.017248855903744698,0.12669198215007782,0.012867682613432407,0.013358406722545624,0.16719505190849304,0.03341333940625191,0.014431602321565151,0.19444815814495087,0.05861830711364746,0.013813518919050694,0.21919846534729004,0.0834469124674797,0.01662377454340458
hola,0.0,0.0,0.0,0.27534136176109314,0.10810749232769012,-0.04575090482831001,0.5340983867645264,-0.08222286403179169,-0.0343109667301178,0.6731127500534058,-0.33409255743026733,-0.030043473467230797,0.7569499015808105,-0.5594652891159058,-0.025672901421785355,0.6345585584640503,-0.6292024850845337,0.05598686262965202,0.8508850932121277,-0.8687456250190735,0.006134903524070978,0.9936402440071106,-1.014318585395813,-0.049559008330106735,1.116989254951477,-1.1523058414459229,-0.09004911780357361,0.5795738697052002,-0.8077903985977173,0.03128436207771301,0.8286131620407104,-1.0866849422454834,-0.011373058892786503,0.9946085214614868,-1.2568504810333252,-0.06316763907670975,1.1416057348251343,-1.4030215740203857,-0.10002110153436661,0.4897180497646332,-0.9364904165267944,-0.012471229769289494,0.7297095060348511,-1.2264835834503174,-0.06492765247821808,0.8910142183303833,-1.393110990524292,-0.10856322944164276,1.0340800285339355,-1.5361639261245728,-0.13591910898685455,0.35863423347473145,-1.033164620399475,-0.06436900049448013,0.5548604726791382,-1.2604576349258423,-0.11355873197317123,0.6927672028541565,-1.3897392749786377,-0.13534820079803467,0.8245460391044617,-1.5043014287948608,-0.14871320128440857,0.0,0.0,0.0,0.01515958458185196,0.06086883321404457,0.017330745235085487,0.013397447764873505,0.0768212154507637,0.027366451919078827,0.030452638864517212,0.10940873622894287,0.03356519713997841,0.06332086771726608,0.16225753724575043,0.03990808129310608,0.0653286948800087,0.07037992775440216,0.028872249647974968,0.09430477768182755,0.113335981965065,0.035415004938840866,0.1146027222275734,0.14495305716991425,0.03836798667907715,0.13005231320858002,0.16946011781692505,0.03982729837298393,0.08261040598154068,0.05713570863008499,0.02238502912223339,0.12028437852859497,0.10353542864322662,0.029390444979071617,0.14180715382099152,0.1404048353433609,0.03263453394174576,0.16003255546092987,0.16838549077510834,0.034299835562705994,0.09632978588342667,0.03525771573185921,0.01772305741906166,0.1334424763917923,0.07833874225616455,0.02397347427904606,0.15593762695789337,0.10933161526918411,0.02726263366639614,0.1744435727596283,0.13239829242229462,0.028559090569615364,0.10732390731573105,0.013180320151150227,0.01775534451007843,0.13812728226184845,0.042804181575775146,0.02257833257317543,0.15880143642425537,0.06548857688903809,0.026593370363116264,0.17773616313934326,0.08535635471343994,0.02906934730708599
hola,0.0,0.0,0.0,0.2713039219379425,0.0866459310054779,-0.07988754659891129,0.5333980321884155,-0.06707161664962769,-0.08910131454467773,0.6976906061172485,-0.3115233778953552,-0.09575866907835007,0.8093385696411133,-0.5185653567314148,-0.10083726793527603,0.5928136706352234,-0.6486159563064575,-0.0011693434789776802,0.7928720712661743,-0.9293588399887085,-0.0556323416531086,0.9133842587471008,-1.1108715534210205,-0.11057521402835846,1.0143752098083496,-1.276708960533142,-0.14960061013698578,0.5099598169326782,-0.8409999012947083,-0.0071320123970508575,0.73041832447052,-1.1568056344985962,-0.05220552161335945,0.872092604637146,-1.348935842514038,-0.10238002240657806,0.9918394088745117,-1.5045647621154785,-0.1374341994524002,0.39702731370925903,-0.9660196304321289,-0.03078053519129753,0.5960874557495117,-1.3036319017410278,-0.0833481103181839,0.7278839945793152,-1.494694709777832,-0.12559854984283447,0.8433491587638855,-1.646597146987915,-0.1523764282464981,0.24684317409992218,-1.0407084226608276,-0.06447082757949829,0.3847305476665497,-1.3283569812774658,-0.1158779039978981,0.4866505265235901,-1.492783784866333,-0.138217955827713,0.5880319476127625,-1.6309322118759155,-0.1504257321357727,0.0,0.0,0.0,0.018961748108267784,0.11522232741117477,0.01166242454200983,0.05311509221792221,0.17278636991977692,0.018512921407818794,0.07503511756658554,0.15989762544631958,0.02380257472395897,0.09103263169527054,0.13874036073684692,0.02957562915980816,0.12867721915245056,0.14846403896808624,0.02207206003367901,0.18872025609016418,0.1996074914932251,0.023725926876068115,0.22982226312160492,0.22956912219524384,0.0256121214479208,0.2630961239337921,0.25217586755752563,0.02737743780016899,0.15122021734714508,0.0969674363732338,0.018414271995425224,0.22584976255893707,0.16051524877548218,0.020107528194785118,0.2716044485569,0.202314555644989,0.021253498271107674,0.308184951543808,0.23499301075935364,0.022115034982562065,0.1647472232580185,0.03354012221097946,0.01471418235450983,0.23765778541564941,0.08002907037734985,0.01630253903567791,0.2814660966396332,0.11562167853116989,0.01732250303030014,0.31656113266944885,0.14866235852241516,0.018549760803580284,0.16808190941810608,0.04491512477397919,0.014062175527215004,0.2325557917356491,0.02812613546848297,0.015900831669569016,0.27358531951904297,0.022924812510609627,0.017074208706617355,0.3099096417427063,0.042266733944416046,0.018564647063612938
hola,0.0,0.0,0.0,0.24194438755512238,0.0026255236007273197,-0.05882930010557175,0.4550113081932068,-0.24106912314891815,-0.06309527158737183,0.5653890371322632,-0.4934709668159485,-0.06892570108175278,0.6551183462142944,-0.6990691423416138,-0.07416116446256638,0.48290449380874634,-0.7718490362167358,0.011820295825600624,0.6585425734519958,-1.0411587953567505,-0.043394383043050766,0.7746312618255615,-1.2038054466247559,-0.09740648418664932,0.8728745579719543,-1.3514448404312134,-0.1353873461484909,0.40721550583839417,-0.9024651646614075,-0.0031954958103597164,0.6016024351119995,-1.2082350254058838,-0.04910224303603172,0.7337169051170349,-1.391375184059143,-0.0958443433046341,0.8519918322563171,-1.5480117797851562,-0.12851236760616302,0.30748796463012695,-0.9694324731826782,-0.034943222999572754,0.4846935272216797,-1.3008216619491577,-0.08808688074350357,0.6083179712295532,-1.4934663772583008,-0.12606535851955414,0.7218115329742432,-1.6529767513275146,-0.14968211948871613,0.17654076218605042,-0.9858382344245911,-0.07484906166791916,0.3062654137611389,-1.2530667781829834,-0.12527617812156677,0.4082251191139221,-1.4086027145385742,-0.14591826498508453,0.5105921030044556,-1.5410531759262085,-0.15753068029880524,0.0,0.0,0.0,0.01653098873794079,0.08354812860488892,0.020946182310581207,0.04174686595797539,0.10434781759977341,0.035087816417217255,0.06185392662882805,0.11917363107204437,0.044333502650260925,0.08325812220573425,0.14308881759643555,0.05332902818918228,0.1011737734079361,0.08823248744010925,0.0363176129758358,0.14488226175308228,0.13090580701828003,0.04239751026034355,0.17628046870231628,0.1665758490562439,0.04507924243807793,0.20155857503414154,0.19705815613269806,0.046840351074934006,0.12366969138383865,0.06104203313589096,0.026487041264772415,0.17727899551391602,0.10590555518865585,0.03305000811815262,0.2111913561820984,0.14013120532035828,0.03459571301937103,0.23991648852825165,0.16643023490905762,0.03525415062904358,0.13981060683727264,0.023049229755997658,0.016451627016067505,0.19514435529708862,0.06727947294712067,0.022939899936318398,0.2322257161140442,0.10084155946969986,0.024781543761491776,0.2628924548625946,0.12775427103042603,0.025585975497961044,0.1497299075126648,0.03283558413386345,0.009147091768682003,0.19900724291801453,0.018679440021514893,0.014999925158917904,0.23079268634319305,0.029036875814199448,0.01901325397193432,0.2580627501010895,0.050707362592220306,0.021247949451208115
hola,0.0,0.0,0.0,0.23287205398082733,0.03687164932489395,-0.027840157970786095,0.42230796813964844,-0.21646741032600403,-0.02127496525645256,0.5156479477882385,-0.4709087014198303,-0.024984676390886307,0.5996208190917969,-0.6768198013305664,-0.02917954884469509,0.5235599279403687,-0.7320095300674438,0.0559900626540184,0.7233748435974121,-0.9716671705245972,0.003974299877882004,0.8685019612312317,-1.1053135395050049,-0.05080648511648178,0.9892529249191284,-1.2286335229873657,-0.08838925510644913,0.48106011748313904,-0.8701425790786743,0.022616125643253326,0.7143422365188599,-1.1502306461334229,-0.018805373460054398,0.8768390417098999,-1.3058497905731201,-0.06348631531000137,1.018932819366455,-1.4414600133895874,-0.09421726316213608,0.4055623412132263,-0.9693636894226074,-0.028200488537549973,0.6218491792678833,-1.2923686504364014,-0.07726182788610458,0.7766321301460266,-1.4689770936965942,-0.11528261750936508,0.9134318232536316,-1.6142698526382446,-0.13820433616638184,0.29399579763412476,-1.034742832183838,-0.08549652993679047,0.4708098769187927,-1.31356942653656,-0.12881824374198914,0.6072983145713806,-1.4597605466842651,-0.145480215549469,0.7396973371505737,-1.575560450553894,-0.1551920473575592,0.0,0.0,0.0,0.010138103738427162,0.04118712246417999,0.026963047683238983,0.009104466997087002,0.0668250024318695,0.0403347872197628,0.015319788828492165,0.07524073123931885,0.04601768031716347,0.027736471965909004,0.09391626715660095,0.05164641514420509,0.05909397453069687,0.05945084989070892,0.05679624527692795,0.07909490168094635,0.09397147595882416,0.06938526034355164,0.091133251786232,0.12852704524993896,0.07309915125370026,0.10017870366573334,0.1539279818534851,0.0757439061999321,0.08191939443349838,0.04758564010262489,0.04411788657307625,0.10728280246257782,0.08035893738269806,0.05907748267054558,0.11871188879013062,0.10293153673410416,0.06389772146940231,0.12818625569343567,0.11855702102184296,0.06578779220581055,0.10133806616067886,0.020032627508044243,0.0299893356859684,0.1346072256565094,0.05817161872982979,0.0442749448120594,0.1528499275445938,0.08915244042873383,0.04822492226958275,0.16615113615989685,0.11321312189102173,0.049296051263809204,0.11766315251588821,0.03168213739991188,0.01688504032790661,0.15824222564697266,0.017440112307667732,0.03239697217941284,0.17972657084465027,0.03233771026134491,0.04078160598874092,0.1972673386335373,0.052346788346767426,0.044767025858163834
hola,0.0,0.0,0.0,0.25914162397384644,0.0654686838388443,-0.0358336940407753,0.4751247465610504,-0.12867245078086853,-0.028335442766547203,0.5842081308364868,-0.37525683641433716,-0.03009965643286705,0.6545129418373108,-0.5868552923202515,-0.0318346731364727,0.5343688726425171,-0.6931028366088867,0.0641087144613266,0.7243703007698059,-0.9361990094184875,0.01769224926829338,0.8563729524612427,-1.069519281387329,-0.0359269455075264,0.9683458209037781,-1.189738392829895,-0.0720617026090622,0.4795137941837311,-0.8679453730583191,0.03879789635539055,0.7065340876579285,-1.160857081413269,0.006656474433839321,0.8590452075004578,-1.321117639541626,-0.0362844243645668,0.9912701845169067,-1.4508581161499023,-0.06665676087141037,0.39332905411720276,-0.995215892791748,-0.004856320098042488,0.5988818407058716,-1.3202178478240967,-0.042928725481033325,0.7395921349525452,-1.491472840309143,-0.07711104303598404,0.863499641418457,-1.6244251728057861,-0.09865550696849823,0.26954203844070435,-1.0830906629562378,-0.05638821795582771,0.43332523107528687,-1.3629721403121948,-0.08773890882730484,0.5540388822555542,-1.5157159566879272,-0.09806308895349503,0.6688967943191528,-1.6407734155654907,-0.10418540239334106,0.0,0.0,0.0,0.011608310975134373,0.05822010710835457,0.0473889485001564,0.018820293247699738,0.08054325729608536,0.0698511078953743,0.026456428691744804,0.14180687069892883,0.07884816825389862,0.04753097519278526,0.22469744086265564,0.08692578971385956,0.05440930649638176,0.07832665741443634,0.08777579665184021,0.08375729620456696,0.14951828122138977,0.10570269823074341,0.10690398514270782,0.2159920334815979,0.11115255951881409,0.12422022968530655,0.27188941836357117,0.11631519347429276,0.0882202684879303,0.05648301914334297,0.06525985896587372,0.1320304572582245,0.11886366456747055,0.09004858881235123,0.15654432773590088,0.17568323016166687,0.09785489737987518,0.17620010673999786,0.22664636373519897,0.1013188436627388,0.1160588264465332,0.01697705127298832,0.04162798449397087,0.16813090443611145,0.07038750499486923,0.06567595899105072,0.2009880542755127,0.12592564523220062,0.07181554287672043,0.2261226326227188,0.17754775285720825,0.07320986688137054,0.14038433134555817,0.05801274627447128,0.02242630161345005,0.19786512851715088,0.03128884732723236,0.046453289687633514,0.23667559027671814,0.026607628911733627,0.059738777577877045,0.2702193558216095,0.055695708841085434,0.06617515534162521
hola,0.0,0.0,0.0,0.24529051780700684,0.01935892552137375,-0.06710310280323029,0.4647732377052307,-0.18806292116641998,-0.07698571681976318,0.559961199760437,-0.4563467502593994,-0.08747366070747375,0.5919519662857056,-0.6956883668899536,-0.0973212718963623,0.5068040490150452,-0.735791802406311,0.008420677855610847,0.6726057529449463,-1.003769040107727,-0.05122918635606766,0.7787969708442688,-1.1488726139068604,-0.1115860715508461,0.8716303110122681,-1.2808654308319092,-0.1530379056930542,0.4300020635128021,-0.8874844312667847,-0.0046891095116734505,0.6201093792915344,-1.1968176364898682,-0.05178303271532059,0.750641405582428,-1.374558925628662,-0.10272230952978134,0.8687268495559692,-1.523924469947815,-0.13847140967845917,0.32611194252967834,-0.9805570840835571,-0.035738006234169006,0.5019859075546265,-1.3222553730010986,-0.08903304487466812,0.6259686946868896,-1.5212782621383667,-0.1325218379497528,0.7392222881317139,-1.6865265369415283,-0.1598639190196991,0.18815305829048157,-1.0274841785430908,-0.07574815303087234,0.3192700147628784,-1.3144123554229736,-0.12367962300777435,0.41935116052627563,-1.4793721437454224,-0.1448538601398468,0.5205012559890747,-1.6231107711791992,-0.15753225982189178,0.0,0.0,0.0,0.01514433789998293,0.098426453769207,0.02170630730688572,0.03164972737431526,0.1377440094947815,0.03431692346930504,0.042172871530056,0.15688595175743103,0.04181452840566635,0.06535714119672775,0.18670719861984253,0.04863942787051201,0.11739082634449005,0.11149928718805313,0.03450058773159981,0.17011356353759766,0.1690485030412674,0.03826206177473068,0.21247756481170654,0.22982381284236908,0.04163800925016403,0.25202932953834534,0.29111823439598083,0.04381789267063141,0.14562386274337769,0.07545647025108337,0.023401014506816864,0.21289782226085663,0.13501740992069244,0.031211642548441887,0.25715553760528564,0.18496021628379822,0.0358315147459507,0.2962731719017029,0.22944875061511993,0.03918704763054848,0.1632058322429657,0.023829549551010132,0.014119070954620838,0.22988872230052948,0.06217923387885094,0.022072266787290573,0.275141179561615,0.09699218720197678,0.02762845903635025,0.3122648000717163,0.12914152443408966,0.031534284353256226,0.1710127890110016,0.04908987879753113,0.015025894157588482,0.23036234080791473,0.032658882439136505,0.020450647920370102,0.26933643221855164,0.02487174980342388,0.027871092781424522,0.30325159430503845,0.034546297043561935,0.03374146297574043
hola,0.0,0.0,0.0,0.2322031557559967,-0.036445021629333496,-0.08977928012609482,0.441352516412735,-0.24344877898693085,-0.11555691808462143,0.5340901613235474,-0.5066958069801331,-0.13797660171985626,0.5541760325431824,-0.7572712898254395,-0.15988105535507202,0.4515116810798645,-0.7901078462600708,-0.017345279455184937,0.5879599452018738,-1.0662459135055542,-0.08556617796421051,0.6765869855880737,-1.2281819581985474,-0.15292176604270935,0.7583167552947998,-1.380344271659851,-0.20103037357330322,0.36149972677230835,-0.9168914556503296,-0.022713778540492058,0.5150692462921143,-1.224034070968628,-0.0815858244895935,0.6202901601791382,-1.4016774892807007,-0.14119122922420502,0.7190248370170593,-1.556542992591858,-0.183818057179451,0.2478347271680832,-0.9780219197273254,-0.047233887016773224,0.3926413059234619,-1.3132072687149048,-0.11269533634185791,0.49311333894729614,-1.5154427289962769,-0.1610664427280426,0.5887674689292908,-1.6915199756622314,-0.19183199107646942,0.10506780445575714,-0.9843192100524902,-0.08220503479242325,0.21334318816661835,-1.257775068283081,-0.14318402111530304,0.2948743402957916,-1.4209623336791992,-0.17200133204460144,0.37941378355026245,-1.5702288150787354,-0.1897440403699875,0.0,0.0,0.0,0.020895957946777344,0.0962216705083847,0.021420083940029144,0.041333917528390884,0.14877291023731232,0.031271643936634064,0.06391053646802902,0.1811525970697403,0.03767111897468567,0.10804151743650436,0.20465080440044403,0.04512835294008255,0.12795811891555786,0.10130708664655685,0.023042749613523483,0.18809302151203156,0.14904294908046722,0.026670433580875397,0.23351235687732697,0.19222408533096313,0.03123108111321926,0.2729511260986328,0.23383978009223938,0.03566434234380722,0.15165811777114868,0.06912944465875626,0.01824587769806385,0.2264692634344101,0.12396040558815002,0.025834131985902786,0.27697688341140747,0.17404408752918243,0.0331631675362587,0.3208777904510498,0.21897709369659424,0.03974246606230736,0.16451680660247803,0.027202297002077103,0.021653350442647934,0.23590892553329468,0.06474699079990387,0.03003142587840557,0.2856728732585907,0.10272612422704697,0.03761306405067444,0.3284105658531189,0.13961903750896454,0.043996214866638184,0.16600312292575836,0.03812273219227791,0.030165597796440125,0.22664989531040192,0.031994421035051346,0.036158256232738495,0.26901954412460327,0.039913732558488846,0.04138775169849396,0.3084997236728668,0.061329662799835205,0.0470622219145298
hola,0.0,0.0,0.0,0.24508893489837646,-0.004373210482299328,-0.045016445219516754,0.4523400366306305,-0.244415283203125,-0.04429609328508377,0.5391742587089539,-0.5067917108535767,-0.050094861537218094,0.5826682448387146,-0.7403250336647034,-0.05640699341893196,0.4998185634613037,-0.7716968059539795,0.042061831802129745,0.6753805875778198,-1.0337934494018555,-0.013479788787662983,0.8024288415908813,-1.1906028985977173,-0.07199461758136749,0.9109021425247192,-1.3339418172836304,-0.11312200874090195,0.43393006920814514,-0.8912420272827148,0.015986206009984016,0.6390849351882935,-1.1870572566986084,-0.03265918046236038,0.7818154692649841,-1.3712745904922485,-0.08687292039394379,0.9096685647964478,-1.5350862741470337,-0.12451795488595963,0.34068983793258667,-0.9625849723815918,-0.02814498171210289,0.5423191785812378,-1.2696845531463623,-0.08634809404611588,0.6839843988418579,-1.4542821645736694,-0.13254442811012268,0.8085719347000122,-1.6182405948638916,-0.16038119792938232,0.21323330700397491,-0.9965478181838989,-0.07937472313642502,0.3822591006755829,-1.2370352745056152,-0.13349273800849915,0.5036320686340332,-1.378617286682129,-0.15823939442634583,0.6196982860565186,-1.509448766708374,-0.17278774082660675,0.0,0.0,0.0,0.023945005610585213,0.06599070876836777,0.02220553159713745,0.038078851997852325,0.09560944885015488,0.03165297582745552,0.05255834385752678,0.11563974618911743,0.03551878035068512,0.07985545694828033,0.13813729584217072,0.03927521035075188,0.09859079122543335,0.0697995200753212,0.030982254073023796,0.1389962136745453,0.10595804452896118,0.03430021181702614,0.17150303721427917,0.13352692127227783,0.03575243055820465,0.1964840441942215,0.15551456809043884,0.03646455705165863,0.11527073383331299,0.059594444930553436,0.01726098172366619,0.1671617031097412,0.10542039573192596,0.02120901830494404,0.20102740824222565,0.13741667568683624,0.02377263642847538,0.22898833453655243,0.157869353890419,0.025775359943509102,0.12531709671020508,0.03505348414182663,0.007937091402709484,0.17925024032592773,0.07660043984651566,0.01309816911816597,0.2169611006975174,0.10721572488546371,0.018191438168287277,0.2466748058795929,0.127716064453125,0.021537743508815765,0.13090230524539948,0.01846183091402054,0.016268711537122726,0.179703488945961,0.034039583057165146,0.01785060204565525,0.21158024668693542,0.06176828220486641,0.020509066060185432,0.23925133049488068,0.08579163253307343,0.023560907691717148
hola,0.0,0.0,0.0,0.26278090476989746,0.10472948849201202,-0.04417523369193077,0.5000666379928589,-0.08659814298152924,-0.03313884139060974,0.6181017160415649,-0.36393800377845764,-0.02973353862762451,0.6941913366317749,-0.606526792049408,-0.025493305176496506,0.597537636756897,-0.654614269733429,0.06680590659379959,0.8147555589675903,-0.8830617070198059,0.016623495146632195,0.9642489552497864,-1.0093510150909424,-0.04040268808603287,1.0933641195297241,-1.1242142915725708,-0.07979719340801239,0.5501976609230042,-0.8278584480285645,0.04314311593770981,0.8033536672592163,-1.0989911556243896,0.003919749986380339,0.972756028175354,-1.2522222995758057,-0.045539867132902145,1.1215966939926147,-1.3792823553085327,-0.08007288724184036,0.472534716129303,-0.9602779150009155,-0.0006026908522471786,0.715627133846283,-1.2436949014663696,-0.04902692884206772,0.8824982643127441,-1.400510549545288,-0.09002937376499176,1.0282635688781738,-1.5304005146026611,-0.11494261026382446,0.35387250781059265,-1.0657405853271484,-0.05271593853831291,0.5541539788246155,-1.2976151704788208,-0.09554900228977203,0.6963094472885132,-1.420070767402649,-0.11259035766124725,0.8297284245491028,-1.524235486984253,-0.12235077470541,0.0,0.0,0.0,0.013736645691096783,0.04527837410569191,0.01702895388007164,0.021509520709514618,0.07235345989465714,0.02357851341366768,0.029303492978215218,0.08374224603176117,0.025394001975655556,0.05226913467049599,0.1016978994011879,0.027438372373580933,0.06494735926389694,0.0655047670006752,0.029916591942310333,0.09183015674352646,0.11121653020381927,0.032095663249492645,0.10782758891582489,0.14992348849773407,0.03154474124312401,0.12142927944660187,0.18111547827720642,0.03132402524352074,0.08142971247434616,0.05486096441745758,0.020762817934155464,0.11636245250701904,0.10356481373310089,0.025457000359892845,0.13497339189052582,0.1449590027332306,0.027794798836112022,0.15068694949150085,0.1784725934267044,0.028928840532898903,0.09453251957893372,0.03528182953596115,0.01323320809751749,0.129487544298172,0.07969407737255096,0.016338732093572617,0.14895491302013397,0.1119195893406868,0.019272470846772194,0.1649330109357834,0.13780075311660767,0.02107570506632328,0.10516250878572464,0.020314466208219528,0.014893625862896442,0.1354406625032425,0.0411292128264904,0.016130108386278152,0.15445590019226074,0.06732596457004547,0.019666997715830803,0.1710200160741806,0.09062464535236359,0.02273569256067276
hola,0.0,0.0,0.0,0.26744168996810913,0.04793057218194008,-0.07005651295185089,0.5129689574241638,-0.12172374874353409,-0.07669460028409958,0.6412330865859985,-0.392413854598999,-0.08465909957885742,0.6906272172927856,-0.6525334119796753,-0.09160439670085907,0.5646518468856812,-0.6844366192817688,0.026848360896110535,0.7468000650405884,-0.9638784527778625,-0.027649208903312683,0.8598085641860962,-1.1363041400909424,-0.0874033197760582,0.9589992761611938,-1.2954202890396118,-0.130324587225914,0.49092426896095276,-0.8544906377792358,0.015163017436861992,0.6973680257797241,-1.171739101409912,-0.0321102999150753,0.8323895335197449,-1.3707735538482666,-0.08970479667186737,0.9503993988037109,-1.5388482809066772,-0.13045373558998108,0.39183998107910156,-0.9658738374710083,-0.015191304497420788,0.5886116027832031,-1.2866450548171997,-0.06932986527681351,0.7206581830978394,-1.4760799407958984,-0.11405126750469208,0.8364253044128418,-1.6329476833343506,-0.14186564087867737,0.25718173384666443,-1.0337436199188232,-0.0552518367767334,0.4129394590854645,-1.2956560850143433,-0.1043441891670227,0.5238867998123169,-1.4439778327941895,-0.1255047619342804,0.6304749250411987,-1.5716863870620728,-0.1375095099210739,0.0,0.0,0.0,0.01615338772535324,0.10558289289474487,0.023299802094697952,0.03358837962150574,0.14757101237773895,0.03648921474814415,0.05804086849093437,0.17438283562660217,0.04411289468407631,0.09987497329711914,0.19830353558063507,0.051661811769008636,0.11617465317249298,0.12380623817443848,0.036250144243240356,0.17420439422130585,0.18370451033115387,0.04432433843612671,0.21432852745056152,0.2263927161693573,0.04759009927511215,0.2463274449110031,0.26241034269332886,0.04920625686645508,0.14219632744789124,0.08726100623607635,0.027833199128508568,0.21151050925254822,0.14790654182434082,0.03760147839784622,0.25511685013771057,0.19358770549297333,0.04001859575510025,0.2903698682785034,0.22925694286823273,0.04052611440420151,0.15999077260494232,0.03817813843488693,0.022805150598287582,0.22496649622917175,0.08648199588060379,0.02921602688729763,0.26431846618652344,0.12282238155603409,0.028722016140818596,0.29534897208213806,0.1506846398115158,0.027916263788938522,0.17090174555778503,0.032670482993125916,0.02461150288581848,0.2234533429145813,0.02116421051323414,0.02512858621776104,0.2568977475166321,0.04532020911574364,0.024095913395285606,0.28446173667907715,0.07120445370674133,0.023780133575201035
hola,0.0,0.0,0.0,0.2519480884075165,-0.01901816949248314,-0.07320992648601532,0.47982272505760193,-0.24734142422676086,-0.07821337878704071,0.5914472341537476,-0.5300573110580444,-0.08267511427402496,0.6353648900985718,-0.786506175994873,-0.08453421294689178,0.5094081163406372,-0.7496258616447449,0.0279587060213089,0.6545233726501465,-1.034611463546753,-0.020838964730501175,0.744153618812561,-1.2113864421844482,-0.07700110971927643,0.8230806589126587,-1.375363826751709,-0.11800793558359146,0.42892083525657654,-0.890457808971405,0.023395664989948273,0.5918977856636047,-1.2024760246276855,-0.01933736726641655,0.6984530687332153,-1.3987585306167603,-0.07331743836402893,0.7953034043312073,-1.572836995124817,-0.11132653802633286,0.3275053799152374,-0.9701102375984192,0.00027010365738533437,0.4881671369075775,-1.279720425605774,-0.04905098304152489,0.5976001024246216,-1.4613322019577026,-0.08923566341400146,0.694780170917511,-1.6179335117340088,-0.11407545953989029,0.19389116764068604,-1.0035184621810913,-0.03297213837504387,0.32073724269866943,-1.2637183666229248,-0.0781552866101265,0.4112430214881897,-1.4132288694381714,-0.09757037460803986,0.498674213886261,-1.5466586351394653,-0.10802750289440155,0.0,0.0,0.0,0.019237468019127846,0.08624438941478729,0.015473224222660065,0.05149426311254501,0.1345030814409256,0.02409183792769909,0.0797625407576561,0.15478397905826569,0.028996378183364868,0.10510940104722977,0.16878856718540192,0.033440086990594864,0.11623013764619827,0.10279000550508499,0.024772943928837776,0.16132129728794098,0.13910022377967834,0.029494509100914,0.19385670125484467,0.16793131828308105,0.031452424824237823,0.22196708619594574,0.19304293394088745,0.03296485170722008,0.13226604461669922,0.06874299794435501,0.018560854718089104,0.18754655122756958,0.1098083108663559,0.02446613647043705,0.22384628653526306,0.14760634303092957,0.02677782066166401,0.25505390763282776,0.17957904934883118,0.028559578582644463,0.14085698127746582,0.026932010427117348,0.01570296473801136,0.19505849480628967,0.06567631661891937,0.022341229021549225,0.2291627824306488,0.10058864951133728,0.0259263776242733,0.25824302434921265,0.1308223456144333,0.028293870389461517,0.1417558491230011,0.037480100989341736,0.018350811675190926,0.1854105144739151,0.02244383469223976,0.024476690217852592,0.21358121931552887,0.024539748206734657,0.029708335176110268,0.2392943799495697,0.04352646693587303,0.03366340696811676
hola,0.0,0.0,0.0,0.26748770475387573,0.12975166738033295,-0.04274079203605652,0.5189910531044006,-0.057927388697862625,-0.025178248062729836,0.6335070133209229,-0.34842783212661743,-0.014593137428164482,0.7072716951370239,-0.5778878927230835,-0.0026208688504993916,0.6267463564872742,-0.6217884421348572,0.07587374746799469,0.8446102142333984,-0.8573641777038574,0.034240782260894775,0.9942411184310913,-0.9885795712471008,-0.01693573221564293,1.1232390403747559,-1.1086435317993164,-0.052761010825634,0.5798842906951904,-0.8064484596252441,0.053688693791627884,0.8370040655136108,-1.0711983442306519,0.02123374119400978,1.0118935108184814,-1.2204129695892334,-0.02526322938501835,1.1680699586868286,-1.345096230506897,-0.057266123592853546,0.5021682977676392,-0.9509260058403015,0.011465943418443203,0.7503031492233276,-1.2260478734970093,-0.03172764182090759,0.9209232330322266,-1.3799326419830322,-0.07347364723682404,1.0714820623397827,-1.506014108657837,-0.098594069480896,0.38143080472946167,-1.0737682580947876,-0.039049454033374786,0.5887511968612671,-1.3068733215332031,-0.07850031554698944,0.7342549562454224,-1.4310067892074585,-0.09571541845798492,0.8723039627075195,-1.534778356552124,-0.10520192235708237,0.0,0.0,0.0,0.017490306869149208,0.04683947563171387,0.01786239631474018,0.0219122301787138,0.08407550305128098,0.023763388395309448,0.031243637204170227,0.09011973440647125,0.0253555029630661,0.04696638882160187,0.10814522951841354,0.027513684704899788,0.06415504217147827,0.0758785530924797,0.029644278809428215,0.09167945384979248,0.1090267151594162,0.03397982195019722,0.10550399124622345,0.14090488851070404,0.03590310364961624,0.11666055023670197,0.16426675021648407,0.03712297976016998,0.08142131567001343,0.05849570408463478,0.02101307176053524,0.11864197254180908,0.09857570379972458,0.02641957253217697,0.13610859215259552,0.13437248766422272,0.028293510898947716,0.14916729927062988,0.16227634251117706,0.028769493103027344,0.0945638045668602,0.03396059572696686,0.01478804275393486,0.13168610632419586,0.06919565051794052,0.019395727664232254,0.1498553305864334,0.09560053795576096,0.020162221044301987,0.16482284665107727,0.11397814005613327,0.020117152482271194,0.10462736338376999,0.028676627203822136,0.016389699652791023,0.13542495667934418,0.03617773577570915,0.018462661653757095,0.15386918187141418,0.05491545796394348,0.019809909164905548,0.17147192358970642,0.06990759819746017,0.020974690094590187
hola,0.0,0.0,0.0,0.2622133493423462,0.02479197084903717,-0.07168803364038467,0.5083600282669067,-0.17554983496665955,-0.07695195823907852,0.6305822134017944,-0.44755858182907104,-0.08313813805580139,0.6728188991546631,-0.7126139402389526,-0.0873577892780304,0.5604907870292664,-0.7020735144615173,0.031370650976896286,0.716128945350647,-0.9832816123962402,-0.020200595259666443,0.8128584027290344,-1.153319239616394,-0.07936996966600418,0.9004157781600952,-1.3104902505874634,-0.12313826382160187,0.47853726148605347,-0.8626524806022644,0.022643867880105972,0.6560981869697571,-1.168212652206421,-0.02212507650256157,0.7729376554489136,-1.3515374660491943,-0.07853785902261734,0.8810819387435913,-1.5134804248809814,-0.11894746869802475,0.37260428071022034,-0.9621450304985046,-0.005175983067601919,0.5482996702194214,-1.268323302268982,-0.05689634010195732,0.6665511727333069,-1.44466233253479,-0.09856199473142624,0.7732604742050171,-1.5995885133743286,-0.12500682473182678,0.23450055718421936,-1.0147407054901123,-0.043207358568906784,0.3759964406490326,-1.2665826082229614,-0.0906887874007225,0.4740299582481384,-1.4115145206451416,-0.11068244278430939,0.5683091878890991,-1.543158769607544,-0.12213271856307983,0.0,0.0,0.0,0.014873587526381016,0.09938833862543106,0.02212335728108883,0.0425175279378891,0.14059001207351685,0.035045281052589417,0.06445688009262085,0.1588766872882843,0.04271569475531578,0.08957969397306442,0.1722625494003296,0.04998520016670227,0.1135634034872055,0.11523574590682983,0.03377775102853775,0.1615563929080963,0.1636454313993454,0.038788020610809326,0.1980474293231964,0.20643816888332367,0.040836479514837265,0.22899781167507172,0.24684250354766846,0.04287155717611313,0.13826321065425873,0.08163401484489441,0.023220323026180267,0.19903558492660522,0.12960956990718842,0.031011277809739113,0.23916377127170563,0.1762395054101944,0.035903070122003555,0.27416929602622986,0.22043856978416443,0.03921149671077728,0.1551685631275177,0.03506672754883766,0.015237167477607727,0.2133713811635971,0.07590337097644806,0.021865643560886383,0.24995890259742737,0.1148269847035408,0.024761980399489403,0.28295865654945374,0.1507713496685028,0.026851486414670944,0.164347842335701,0.030623942613601685,0.01652531698346138,0.21492132544517517,0.021224547177553177,0.01833985559642315,0.2463575154542923,0.04196659103035927,0.020339734852313995,0.2757721543312073,0.06824678182601929,0.022707292810082436
hola,0.0,0.0,0.0,0.2130005657672882,-0.09605223685503006,-0.08070123195648193,0.41874033212661743,-0.36078357696533203,-0.09433124959468842,0.5272082090377808,-0.6358343958854675,-0.1065722331404686,0.5629311800003052,-0.8858558535575867,-0.11683490127325058,0.4632822573184967,-0.8058949708938599,0.013447515666484833,0.5913835763931274,-1.1029027700424194,-0.04246475547552109,0.6645845174789429,-1.2937276363372803,-0.10456705093383789,0.7315956354141235,-1.4692069292068481,-0.15196263790130615,0.40045079588890076,-0.8983939290046692,0.007975783199071884,0.54054856300354,-1.2186470031738281,-0.04312578961253166,0.6286493539810181,-1.4264558553695679,-0.10510965436697006,0.7100673913955688,-1.61728835105896,-0.15048249065876007,0.3154066205024719,-0.9310523867607117,-0.016156556084752083,0.45497971773147583,-1.249574899673462,-0.07619796693325043,0.5416145920753479,-1.4497742652893066,-0.1227160096168518,0.6157351732254028,-1.6284878253936768,-0.15254345536231995,0.20445844531059265,-0.9126795530319214,-0.050357915461063385,0.31361082196235657,-1.169681191444397,-0.10633982717990875,0.3802573084831238,-1.3219940662384033,-0.13109086453914642,0.44302472472190857,-1.4631577730178833,-0.14587906002998352,0.0,0.0,0.0,0.09145021438598633,0.17651554942131042,0.022871293127536774,0.1346019208431244,0.2776147425174713,0.037279028445482254,0.14720390737056732,0.3127191364765167,0.0482478030025959,0.16995321214199066,0.3289768695831299,0.05876171588897705,0.15325410664081573,0.14868490397930145,0.029462840408086777,0.21617375314235687,0.1967960000038147,0.0384056530892849,0.26524099707603455,0.24537970125675201,0.045304350554943085,0.30935898423194885,0.2849450707435608,0.04997361823916435,0.16305820643901825,0.07305799424648285,0.023205172270536423,0.23992741107940674,0.13683933019638062,0.03321942687034607,0.2933245599269867,0.19055873155593872,0.03727513551712036,0.3437314033508301,0.2363814413547516,0.03979337587952614,0.17892347276210785,0.09592735767364502,0.02327793836593628,0.24758030474185944,0.11964625865221024,0.03182166442275047,0.29299062490463257,0.14294467866420746,0.03283413127064705,0.3380054235458374,0.17104895412921906,0.03370499610900879,0.20144103467464447,0.19766181707382202,0.029501711949706078,0.24790455400943756,0.2046409547328949,0.03623565286397934,0.2758322060108185,0.20532387495040894,0.037440866231918335,0.3075355887413025,0.20981843769550323,0.03845580667257309
hola,0.0,0.0,0.0,0.2802780866622925,0.06390919536352158,-0.05991513654589653,0.5372399091720581,-0.1262032687664032,-0.056853998452425,0.671446681022644,-0.4059779644012451,-0.05670957639813423,0.7303124070167542,-0.6706141233444214,-0.056203462183475494,0.5977891683578491,-0.6691712141036987,0.040729351341724396,0.7894256711006165,-0.9366141557693481,-0.011812614277005196,0.9144582748413086,-1.0986337661743164,-0.06952130794525146,1.025638222694397,-1.2458308935165405,-0.11075031757354736,0.5268784761428833,-0.8454588651657104,0.026498323306441307,0.7445386648178101,-1.1467262506484985,-0.018981602042913437,0.8901156187057495,-1.332720398902893,-0.07329016923904419,1.0224467515945435,-1.4923045635223389,-0.11099888384342194,0.42526230216026306,-0.965319037437439,-0.0065557463094592094,0.6364654302597046,-1.2761099338531494,-0.0608355887234211,0.7766791582107544,-1.4594005346298218,-0.10376157611608505,0.903039276599884,-1.616111159324646,-0.12971508502960205,0.28293266892433167,-1.045353651046753,-0.04838176071643829,0.4563516080379486,-1.2908401489257812,-0.09859563410282135,0.577935516834259,-1.4297465085983276,-0.119825579226017,0.6946951150894165,-1.5544952154159546,-0.13139313459396362,0.0,0.0,0.0,0.014772524125874043,0.05351853743195534,0.016346389427781105,0.02119526080787182,0.07667650282382965,0.027912365272641182,0.031600892543792725,0.0957685187458992,0.0355994738638401,0.05329641327261925,0.11525391042232513,0.04368918761610985,0.05174896866083145,0.05561571940779686,0.03495046868920326,0.08024770766496658,0.09550513327121735,0.045073576271533966,0.10512632876634598,0.13096566498279572,0.0491735003888607,0.12702295184135437,0.16127915680408478,0.051058877259492874,0.06540754437446594,0.041020117700099945,0.030583731830120087,0.10201400518417358,0.08638337254524231,0.04234340786933899,0.12901939451694489,0.12688083946704865,0.046006940305233,0.15452982485294342,0.15830020606517792,0.04757502302527428,0.07427377253770828,0.02043803781270981,0.027256885543465614,0.11060449481010437,0.05474243685603142,0.0387146882712841,0.13775743544101715,0.08273164927959442,0.04327859729528427,0.1625186800956726,0.10479319840669632,0.04535772651433945,0.07872416824102402,0.026514047756791115,0.026341114193201065,0.10703430324792862,0.022004326805472374,0.03612979128956795,0.12757474184036255,0.03470892459154129,0.041533783078193665,0.14741507172584534,0.047129251062870026,0.044818975031375885
hola,0.0,0.0,0.0,0.29209524393081665,0.07916853576898575,-0.06490261852741241,0.557742714881897,-0.10289158672094345,-0.06280453503131866,0.6838952302932739,-0.4044944643974304,-0.06354500353336334,0.7267826795578003,-0.6959758996963501,-0.06270401924848557,0.6100839376449585,-0.6514662504196167,0.05100018531084061,0.7912138104438782,-0.9515579342842102,0.00018464816093910486,0.9050309062004089,-1.1501624584197998,-0.05957464501261711,1.0030831098556519,-1.3238519430160522,-0.10199330002069473,0.5304337739944458,-0.8345117568969727,0.041274119168519974,0.7321823239326477,-1.1514207124710083,-0.00304758595302701,0.8627431988716125,-1.3587405681610107,-0.061664510518312454,0.9795770645141602,-1.5373866558074951,-0.1012672409415245,0.4298662543296814,-0.9604069590568542,0.012464155443012714,0.6228141784667969,-1.272058129310608,-0.038739923387765884,0.7499128580093384,-1.4607456922531128,-0.07747425138950348,0.8604834675788879,-1.6203609704971313,-0.09867949783802032,0.2977711260318756,-1.0396573543548584,-0.026149675250053406,0.4613814949989319,-1.301876187324524,-0.06936617195606232,0.5692234635353088,-1.4471094608306885,-0.08208860456943512,0.6656985282897949,-1.5679864883422852,-0.08564665913581848,0.0,0.0,0.0,0.029944898560643196,0.1082104742527008,0.02265874482691288,0.05437181144952774,0.17098063230514526,0.04090583696961403,0.07166951894760132,0.16331586241722107,0.0543062649667263,0.08340691775083542,0.1618354767560959,0.06879908591508865,0.0993167906999588,0.12366793304681778,0.06416118890047073,0.14088644087314606,0.14308561384677887,0.08632827550172806,0.16865411400794983,0.17609767615795135,0.09777895361185074,0.19441930949687958,0.20218564569950104,0.10491647571325302,0.11000416427850723,0.06945354491472244,0.06001552566885948,0.16304022073745728,0.08301931619644165,0.08357194066047668,0.19667299091815948,0.10714702308177948,0.09097691625356674,0.2256188541650772,0.13056130707263947,0.09458329528570175,0.11926259100437164,0.053508955985307693,0.05511042848229408,0.17156481742858887,0.0635707899928093,0.07285992056131363,0.2024674266576767,0.07727969437837601,0.075210802257061,0.22970138490200043,0.0933176577091217,0.0752837136387825,0.12762892246246338,0.117549367249012,0.05260758474469185,0.17257510125637054,0.12230544537305832,0.06535972654819489,0.20172984898090363,0.12821274995803833,0.06910666823387146,0.22868137061595917,0.13698649406433105,0.0707608014345169
hola,0.0,0.0,0.0,0.2950688302516937,0.13161137700080872,-0.08045360445976257,0.5759824514389038,0.0002142741286661476,-0.08802226930856705,0.7456501126289368,-0.27168312668800354,-0.09500377625226974,0.8407891988754272,-0.5422583818435669,-0.10092749446630478,0.6570481061935425,-0.5699281692504883,0.014151600189507008,0.87932950258255,-0.8266758918762207,-0.04793628677725792,1.0150411128997803,-0.9932482838630676,-0.11194493621587753,1.1326816082000732,-1.1487452983856201,-0.15720459818840027,0.5859919786453247,-0.7855297923088074,0.005898472853004932,0.8325169682502747,-1.0757884979248047,-0.04678596183657646,0.9915088415145874,-1.2590190172195435,-0.1062416061758995,1.1290051937103271,-1.4124786853790283,-0.14808297157287598,0.48213991522789,-0.9402084350585938,-0.021961644291877747,0.7153635621070862,-1.2465224266052246,-0.08044116199016571,0.869530975818634,-1.4185047149658203,-0.12612152099609375,1.0042356252670288,-1.5572806596755981,-0.15496312081813812,0.33718279004096985,-1.0542490482330322,-0.060283880680799484,0.5123417973518372,-1.315804123878479,-0.11397792398929596,0.6359950304031372,-1.4583775997161865,-0.1363692581653595,0.7536198496818542,-1.5780508518218994,-0.1487535685300827,0.0,0.0,0.0,0.030493278056383133,0.138737753033638,0.011136102490127087,0.0670304074883461,0.21750083565711975,0.019237495958805084,0.11112713068723679,0.2478628158569336,0.025353433564305305,0.15519402921199799,0.26529932022094727,0.031057821586728096,0.13229475915431976,0.1804923415184021,0.02442057989537716,0.20301607251167297,0.2418227642774582,0.026427071541547775,0.24919788539409637,0.2760244309902191,0.026994438841938972,0.2859078347682953,0.30398255586624146,0.02780223824083805,0.15738718211650848,0.11953268945217133,0.02151102013885975,0.23852024972438812,0.17755912244319916,0.02497381530702114,0.28965210914611816,0.2141970843076706,0.02644001692533493,0.32678961753845215,0.24644573032855988,0.028190182521939278,0.17237302660942078,0.052327632904052734,0.02010587975382805,0.24784815311431885,0.09915037453174591,0.02629716694355011,0.29433029890060425,0.13297761976718903,0.032807186245918274,0.3288864493370056,0.16610653698444366,0.037416938692331314,0.17892281711101532,0.03152284398674965,0.021839087828993797,0.23830890655517578,0.024880675598978996,0.029750676825642586,0.277243435382843,0.04135541617870331,0.037816502153873444,0.3116556704044342,0.06371506303548813,0.04352177679538727
hola,0.0,0.0,0.0,0.2909974753856659,0.087313711643219,-0.06928230822086334,0.5645714998245239,-0.08053259551525116,-0.06998983770608902,0.7251903414726257,-0.357713520526886,-0.07282887399196625,0.8002974390983582,-0.6390089988708496,-0.07512953877449036,0.6290084719657898,-0.6233688592910767,0.03715873137116432,0.8314210772514343,-0.8924610018730164,-0.018419548869132996,0.9638978838920593,-1.0617690086364746,-0.07965993136167526,1.080698847770691,-1.2130091190338135,-0.12311160564422607,0.5570923686027527,-0.8182598948478699,0.025469403713941574,0.78544682264328,-1.1178395748138428,-0.020314116030931473,0.9393171072006226,-1.295612096786499,-0.07533349841833115,1.076696753501892,-1.4405124187469482,-0.1135171428322792,0.4537302553653717,-0.9589563608169556,-0.0064515708945691586,0.6686495542526245,-1.2772010564804077,-0.059817660599946976,0.8144128918647766,-1.4582188129425049,-0.1014297753572464,0.9454885721206665,-1.603576421737671,-0.12685029208660126,0.3102654218673706,-1.0616204738616943,-0.048732589930295944,0.47726988792419434,-1.3315086364746094,-0.09687711298465729,0.5951353907585144,-1.4789478778839111,-0.11579141765832901,0.7080224752426147,-1.6016767024993896,-0.12597478926181793,0.0,0.0,0.0,0.019275709986686707,0.08747436851263046,0.011035383678972721,0.04733182489871979,0.14330962300300598,0.014198326505720615,0.08126933127641678,0.15993653237819672,0.016631722450256348,0.10434819757938385,0.17017458379268646,0.020391253754496574,0.09564444422721863,0.11677709221839905,0.020661458373069763,0.13841472566127777,0.1483720988035202,0.031782738864421844,0.1668134182691574,0.17274047434329987,0.037469666451215744,0.19055277109146118,0.19401468336582184,0.03993934020400047,0.11182872951030731,0.08049789816141129,0.021552888676524162,0.16190345585346222,0.11720270663499832,0.03161230310797691,0.19332778453826904,0.14768798649311066,0.03162370249629021,0.2200736254453659,0.17150355875492096,0.030415495857596397,0.123531274497509,0.04068801924586296,0.02366633340716362,0.1705382913351059,0.0723499283194542,0.028283506631851196,0.19970691204071045,0.09669838845729828,0.024275541305541992,0.2237597554922104,0.11833582073450089,0.023913465440273285,0.1289016306400299,0.019128017127513885,0.028131593018770218,0.16606393456459045,0.03142654523253441,0.028466904535889626,0.19221428036689758,0.046653199940919876,0.02638140320777893,0.2151830941438675,0.06530468910932541,0.027462678030133247
hola,0.0,0.0,0.0,0.2395634949207306,-0.013799888081848621,-0.07126764953136444,0.4777945578098297,-0.23769788444042206,-0.07707641273736954,0.6110457181930542,-0.5119816064834595,-0.08450357615947723,0.6812790036201477,-0.7695325613021851,-0.08976472914218903,0.5589879155158997,-0.7119046449661255,0.030385633930563927,0.7386488318443298,-0.969300389289856,-0.025330618023872375,0.849251389503479,-1.128156304359436,-0.08605127781629562,0.9475795030593872,-1.275068998336792,-0.13013234734535217,0.4978538155555725,-0.8477522730827332,0.01921706274151802,0.6991381645202637,-1.1335833072662354,-0.026948997750878334,0.8297014236450195,-1.3089030981063843,-0.08104725927114487,0.9468975067138672,-1.4574428796768188,-0.11984415352344513,0.4077305793762207,-0.9272265434265137,-0.012102637439966202,0.600051999092102,-1.2318366765975952,-0.06669380515813828,0.7259646058082581,-1.4141604900360107,-0.1068515032529831,0.8372699618339539,-1.5651724338531494,-0.13221247494220734,0.2833074629306793,-0.9632031321525574,-0.05381615087389946,0.4273715913295746,-1.2206224203109741,-0.10374350845813751,0.5264321565628052,-1.3695398569107056,-0.12284255027770996,0.6211684942245483,-1.4988861083984375,-0.13393622636795044,0.0,0.0,0.0,0.06625653058290482,0.1834133267402649,0.017324987798929214,0.0994056835770607,0.27564525604248047,0.027824122458696365,0.11634324491024017,0.30796581506729126,0.03446032106876373,0.14230990409851074,0.328468382358551,0.041230183094739914,0.13056990504264832,0.1536623239517212,0.02970185875892639,0.18984845280647278,0.21618491411209106,0.035750310868024826,0.23356083035469055,0.26845628023147583,0.039461132138967514,0.27080556750297546,0.3132871985435486,0.04217618331313133,0.15590478479862213,0.09074684232473373,0.023390362039208412,0.2293764054775238,0.16202351450920105,0.030946139246225357,0.2749248743057251,0.22133108973503113,0.03287837281823158,0.31453806161880493,0.2692451477050781,0.03498554229736328,0.17855659127235413,0.09864506125450134,0.022218497470021248,0.24919192492961884,0.13383910059928894,0.031491413712501526,0.29150888323783875,0.15952597558498383,0.03470732644200325,0.32784998416900635,0.18538029491901398,0.038119684904813766,0.19801229238510132,0.18129445612430573,0.027919085696339607,0.25123757123947144,0.1872108280658722,0.03512442857027054,0.2851780652999878,0.18242017924785614,0.03949730098247528,0.3173179030418396,0.1827479898929596,0.044198062270879745
hola,0.0,0.0,0.0,0.26939040422439575,0.05135646462440491,-0.08336811512708664,0.534638524055481,-0.11581294238567352,-0.09581184387207031,0.6786810755729675,-0.38896042108535767,-0.10665420442819595,0.7307701110839844,-0.6693615317344666,-0.1152184009552002,0.5933038592338562,-0.6537092924118042,0.012936411425471306,0.7693828344345093,-0.9187801480293274,-0.047559864819049835,0.8696849942207336,-1.0818843841552734,-0.11222364753484726,0.9571704864501953,-1.2258003950119019,-0.15722177922725677,0.5104628801345825,-0.843614399433136,0.00932228285819292,0.7054691314697266,-1.1418120861053467,-0.037866733968257904,0.831623911857605,-1.3246077299118042,-0.09310881048440933,0.9428550601005554,-1.473732352256775,-0.1318480670452118,0.39977604150772095,-0.9641167521476746,-0.014232139103114605,0.5863202214241028,-1.2811180353164673,-0.06625579297542572,0.7095821499824524,-1.4688740968704224,-0.10624223947525024,0.8191326856613159,-1.620975136756897,-0.1315271556377411,0.2528241276741028,-1.0290262699127197,-0.04901731759309769,0.38809797167778015,-1.3043670654296875,-0.09538833796977997,0.48336973786354065,-1.4616882801055908,-0.11242423206567764,0.5748404860496521,-1.5965144634246826,-0.12148737907409668,0.0,0.0,0.0,0.014624853618443012,0.09987042099237442,0.014830473810434341,0.05103756859898567,0.15755847096443176,0.021729832515120506,0.08516615629196167,0.18669970333576202,0.026068923994898796,0.11074338108301163,0.19402442872524261,0.030150314792990685,0.12005002796649933,0.1263679713010788,0.01991615630686283,0.16626739501953125,0.18187326192855835,0.02419854700565338,0.1998351663351059,0.22316962480545044,0.028013329952955246,0.22953079640865326,0.26480934023857117,0.029814446344971657,0.14123591780662537,0.08652544021606445,0.014879043214023113,0.1999543011188507,0.14853769540786743,0.019387423992156982,0.23883110284805298,0.1998668611049652,0.020911427214741707,0.270052433013916,0.24494333565235138,0.023262085393071175,0.15263086557388306,0.0382421649992466,0.015341805294156075,0.21023833751678467,0.08151144534349442,0.01987200416624546,0.245738223195076,0.12013575434684753,0.023414066061377525,0.27488523721694946,0.1535039097070694,0.02734123170375824,0.1549900323152542,0.022444365546107292,0.02108042500913143,0.20305731892585754,0.013639760203659534,0.02270566299557686,0.23202629387378693,0.03796140104532242,0.026334119960665703,0.25547724962234497,0.06818430870771408,0.03131302446126938
hola,0.0,0.0,0.0,0.2647916376590729,0.06307835131883621,-0.07331612706184387,0.5251047015190125,-0.11826978623867035,-0.07999254018068314,0.6813880801200867,-0.39095908403396606,-0.0874631255865097,0.7755961418151855,-0.6475072503089905,-0.09331594407558441,0.608603835105896,-0.646429181098938,0.02381676249206066,0.8216314315795898,-0.888476550579071,-0.03687029704451561,0.9592866897583008,-1.0274162292480469,-0.09887540340423584,1.0793594121932983,-1.1520110368728638,-0.1422584056854248,0.5472149848937988,-0.821973979473114,0.012412074953317642,0.7880322337150574,-1.090570330619812,-0.03743171691894531,0.9474412202835083,-1.2377392053604126,-0.09073518961668015,1.0876483917236328,-1.3546125888824463,-0.12785641849040985,0.45052942633628845,-0.9439576864242554,-0.01961403898894787,0.6772687435150146,-1.2446532249450684,-0.07849383354187012,0.8285157084465027,-1.4112846851348877,-0.12065295875072479,0.9634418487548828,-1.5389925241470337,-0.14658086001873016,0.313087522983551,-1.0254265069961548,-0.06169705465435982,0.47809213399887085,-1.2890840768814087,-0.11537738144397736,0.5990710258483887,-1.4253520965576172,-0.13607265055179596,0.71688312292099,-1.532454252243042,-0.14777562022209167,0.0,0.0,0.0,0.053721025586128235,0.1274842619895935,0.014596168883144855,0.08147743344306946,0.18587663769721985,0.022775884717702866,0.09180130809545517,0.1938774287700653,0.027883686125278473,0.11310038715600967,0.21134603023529053,0.033381275832653046,0.1053316593170166,0.1427854597568512,0.028246112167835236,0.15231844782829285,0.2031540721654892,0.03327962011098862,0.1836753785610199,0.25111740827560425,0.034396667033433914,0.21061280369758606,0.28679293394088745,0.034718211740255356,0.12752069532871246,0.08883890509605408,0.02462768368422985,0.193215012550354,0.16094668209552765,0.03162125125527382,0.22998884320259094,0.21912646293640137,0.030978022143244743,0.26071542501449585,0.2623107135295868,0.029241375625133514,0.15105368196964264,0.08614389598369598,0.02439832128584385,0.21814009547233582,0.12959109246730804,0.031289342790842056,0.25816279649734497,0.16936039924621582,0.031439658254384995,0.2895330488681793,0.2035580277442932,0.03237353637814522,0.17128948867321014,0.15251582860946655,0.02882368676364422,0.22437138855457306,0.1777075231075287,0.0329071506857872,0.25829046964645386,0.19765643775463104,0.0335649810731411,0.2877333462238312,0.2265164852142334,0.03505502641201019
hola,0.0,0.0,0.0,0.2703160345554352,0.06635875999927521,-0.07257474958896637,0.5329610705375671,-0.1035645455121994,-0.07804784178733826,0.6798230409622192,-0.3860936760902405,-0.0850079283118248,0.7436253428459167,-0.6574388742446899,-0.09038734436035156,0.6056578755378723,-0.6392057538032532,0.03526719659566879,0.7981969714164734,-0.8771952390670776,-0.021628523245453835,0.9217454791069031,-1.0152697563171387,-0.08463280647993088,1.0309951305389404,-1.1414151191711426,-0.12977896630764008,0.5371554493904114,-0.8258383870124817,0.02574368752539158,0.756885826587677,-1.088307499885559,-0.021651016548275948,0.901059627532959,-1.2328561544418335,-0.07641224563121796,1.0306514501571655,-1.35284423828125,-0.11475900560617447,0.4380003809928894,-0.9581810832023621,-0.0044949352741241455,0.6476355791091919,-1.2492297887802124,-0.05998571962118149,0.7875198125839233,-1.4077013731002808,-0.10006459802389145,0.9127553105354309,-1.5302245616912842,-0.12431846559047699,0.2988666296005249,-1.0504035949707031,-0.04527619108557701,0.4583979547023773,-1.3028062582015991,-0.09347954392433167,0.5724254250526428,-1.4335476160049438,-0.11094288527965546,0.6815862059593201,-1.539902687072754,-0.12049420177936554,0.0,0.0,0.0,0.017249537631869316,0.11300947517156601,0.017166292294859886,0.04343560338020325,0.17248393595218658,0.027067024260759354,0.06888126581907272,0.19692274928092957,0.03391701355576515,0.10372456908226013,0.2142425924539566,0.041013170033693314,0.11518911272287369,0.12867005169391632,0.029465366154909134,0.16543421149253845,0.1912708878517151,0.031921397894620895,0.20453821122646332,0.24739888310432434,0.03331834450364113,0.23685310781002045,0.2991815209388733,0.03512667864561081,0.1409606784582138,0.0919710174202919,0.0215376578271389,0.20428526401519775,0.15986889600753784,0.026998676359653473,0.24508963525295258,0.21885327994823456,0.02963307499885559,0.27851244807243347,0.27050691843032837,0.031548433005809784,0.16033495962619781,0.04303069785237312,0.01602819561958313,0.2251431941986084,0.09610563516616821,0.022435180842876434,0.266568660736084,0.14982271194458008,0.02516261488199234,0.30017203092575073,0.19909252226352692,0.027568310499191284,0.17363184690475464,0.034192901104688644,0.017787650227546692,0.22971613705158234,0.027662957087159157,0.02259940095245838,0.26694241166114807,0.06294243782758713,0.02747681923210621,0.2987331748008728,0.11084316670894623,0.031972043216228485
hola,0.0,0.0,0.0,0.27719148993492126,0.03415588662028313,-0.06643785536289215,0.5276079773902893,-0.18110540509223938,-0.06779025495052338,0.6529832482337952,-0.47395986318588257,-0.07065318524837494,0.6933145523071289,-0.7479041218757629,-0.0729951411485672,0.5462464690208435,-0.704861044883728,0.03196205571293831,0.717666506767273,-0.9772432446479797,-0.021862223744392395,0.8308678865432739,-1.137205719947815,-0.07977716624736786,0.9329364895820618,-1.2829771041870117,-0.12137987464666367,0.46490222215652466,-0.8729904294013977,0.020907573401927948,0.6628579497337341,-1.1690691709518433,-0.025751303881406784,0.8009308576583862,-1.336347222328186,-0.07872993499040604,0.9278024435043335,-1.4803301095962524,-0.11561981588602066,0.3569161593914032,-0.9854079484939575,-0.009451167657971382,0.5426744818687439,-1.3080098628997803,-0.06580214202404022,0.6748124957084656,-1.488286018371582,-0.10827215015888214,0.7953301072120667,-1.6352927684783936,-0.13385437428951263,0.21425935626029968,-1.0555568933486938,-0.049058668315410614,0.35210591554641724,-1.3302123546600342,-0.099594347178936,0.46010875701904297,-1.475311279296875,-0.12062656879425049,0.5667030215263367,-1.594577670097351,-0.1328200399875641,0.0,0.0,0.0,0.014854964800179005,0.10795484483242035,0.016571631655097008,0.049841683357954025,0.1434599906206131,0.027853183448314667,0.07708896696567535,0.161227747797966,0.03634495660662651,0.10672555863857269,0.17873622477054596,0.045713234692811966,0.10331687331199646,0.10126660764217377,0.032321155071258545,0.1498817354440689,0.15444758534431458,0.03597148880362511,0.1863287091255188,0.20385999977588654,0.03721095621585846,0.21776510775089264,0.2494543492794037,0.037809666246175766,0.1253013163805008,0.07072930037975311,0.024770982563495636,0.18395474553108215,0.13112737238407135,0.028878845274448395,0.22423391044139862,0.18595902621746063,0.02966194972395897,0.2593725919723511,0.23557035624980927,0.03000522032380104,0.14187943935394287,0.028108205646276474,0.017263779416680336,0.20227067172527313,0.0768391340970993,0.019721871241927147,0.24380357563495636,0.1220199465751648,0.018904194235801697,0.27858439087867737,0.16437463462352753,0.01892167702317238,0.15251758694648743,0.03895404189825058,0.014411448501050472,0.2055465131998062,0.01913462020456791,0.016462011262774467,0.2416616529226303,0.03720497339963913,0.018890947103500366,0.2739890217781067,0.07393180578947067,0.021569501608610153
hola,0.0,0.0,0.0,0.2816474735736847,0.051291000097990036,-0.06284312903881073,0.5357217788696289,-0.15237964689731598,-0.06420706957578659,0.6697197556495667,-0.4398247301578522,-0.06803444772958755,0.7301483154296875,-0.7117565870285034,-0.07209444791078568,0.5714017152786255,-0.6835059523582458,0.027615150436758995,0.7637373208999634,-0.9494306445121765,-0.029502099379897118,0.8910534977912903,-1.1042349338531494,-0.08787140995264053,1.0041157007217407,-1.2440004348754883,-0.12899163365364075,0.49623697996139526,-0.8601323962211609,0.012791939079761505,0.7186983823776245,-1.154246211051941,-0.03594406321644783,0.8690454363822937,-1.3198405504226685,-0.08853782713413239,1.0047099590301514,-1.4586139917373657,-0.12506629526615143,0.3902120292186737,-0.9834409952163696,-0.02092355117201805,0.5989391803741455,-1.305909514427185,-0.07904559373855591,0.7448455095291138,-1.4833524227142334,-0.12229236215353012,0.8780220150947571,-1.6243820190429688,-0.14878767728805542,0.24546213448047638,-1.0684642791748047,-0.06330305337905884,0.39872950315475464,-1.3441236019134521,-0.11592898517847061,0.5196346044540405,-1.4795395135879517,-0.1373315006494522,0.6391488909721375,-1.583948016166687,-0.14992456138134003,0.0,0.0,0.0,0.012877056375145912,0.07629159092903137,0.015751702710986137,0.03003975935280323,0.10901238769292831,0.02506532520055771,0.049662355333566666,0.13671691715717316,0.03127221390604973,0.06503691524267197,0.15985672175884247,0.038311783224344254,0.0781317725777626,0.07848138362169266,0.030769960954785347,0.11375493556261063,0.13722868263721466,0.03675773739814758,0.1407741904258728,0.18441107869148254,0.0403873473405838,0.16459247469902039,0.2243989109992981,0.04336358979344368,0.09794624894857407,0.058756064623594284,0.02668062038719654,0.14155550301074982,0.12062150239944458,0.034249477088451385,0.1682572066783905,0.1726720929145813,0.036623042076826096,0.19265353679656982,0.21622224152088165,0.038112033158540726,0.11270605027675629,0.03055802546441555,0.024888813495635986,0.15960778295993805,0.08064503967761993,0.030712608247995377,0.19212958216667175,0.12030135840177536,0.029893698170781136,0.21977511048316956,0.15515650808811188,0.03036913461983204,0.12262327969074249,0.025491470471024513,0.027963533997535706,0.166908398270607,0.027227511629462242,0.03104880079627037,0.196674644947052,0.05918118730187416,0.03152880817651749,0.22296488285064697,0.09808072447776794,0.033775247633457184
hola,0.0,0.0,0.0,0.2673609256744385,0.011991958133876324,-0.0677192360162735,0.5024893879890442,-0.21915225684642792,-0.07087194174528122,0.618813157081604,-0.513049304485321,-0.07533710449934006,0.6681628823280334,-0.7793065905570984,-0.07965641468763351,0.5166555047035217,-0.7300897836685181,0.025282150134444237,0.685113787651062,-1.0031802654266357,-0.031440507620573044,0.7959369421005249,-1.169126272201538,-0.09106515347957611,0.8932283520698547,-1.3204269409179688,-0.13336746394634247,0.4353775382041931,-0.8912872076034546,0.013612963259220123,0.6323378086090088,-1.1991379261016846,-0.034340135753154755,0.7701137661933899,-1.380977749824524,-0.08850821107625961,0.8958491086959839,-1.5349576473236084,-0.1266510933637619,0.32757648825645447,-0.9912330508232117,-0.017377931624650955,0.5079147815704346,-1.3237080574035645,-0.07494603097438812,0.6381900310516357,-1.5112993717193604,-0.1206631064414978,0.7584036588668823,-1.6623245477676392,-0.1491437405347824,0.18489167094230652,-1.0444494485855103,-0.057559363543987274,0.3139408230781555,-1.3267087936401367,-0.11081787198781967,0.42067059874534607,-1.4732956886291504,-0.1352149099111557,0.5288687944412231,-1.5908244848251343,-0.1502533257007599,0.0,0.0,0.0,0.015169280581176281,0.09474775195121765,0.014586647041141987,0.046386707574129105,0.12240765988826752,0.02602318674325943,0.07087352871894836,0.13852007687091827,0.03618385270237923,0.09516002982854843,0.15678152441978455,0.04684208333492279,0.09068363159894943,0.08491358906030655,0.02895369753241539,0.13197672367095947,0.1338072270154953,0.03641621023416519,0.16674527525901794,0.17568345367908478,0.040822479873895645,0.197411447763443,0.21285922825336456,0.04335474595427513,0.11063764244318008,0.05468028038740158,0.025246379896998405,0.16505348682403564,0.10885807126760483,0.03339769318699837,0.20176304876804352,0.15487544238567352,0.035594332963228226,0.2338831126689911,0.1918691098690033,0.03708399459719658,0.12465158104896545,0.01768883503973484,0.02256430685520172,0.18065591156482697,0.0589057058095932,0.028111040592193604,0.22133754193782806,0.10011003166437149,0.026840390637516975,0.25451815128326416,0.1367725133895874,0.02821671962738037,0.1321176141500473,0.043807465583086014,0.023300902917981148,0.18508706986904144,0.02813134714961052,0.025058714672923088,0.2232607752084732,0.02471531555056572,0.02477092295885086,0.2560236155986786,0.05777198076248169,0.027487732470035553
hola,0.0,0.0,0.0,0.26890096068382263,-0.010707171633839607,-0.0716371238231659,0.49965381622314453,-0.24086448550224304,-0.07943576574325562,0.6141358613967896,-0.5465986728668213,-0.08666897565126419,0.6515167951583862,-0.8261726498603821,-0.09391848742961884,0.49715930223464966,-0.7459859848022461,0.010434264317154884,0.6598144173622131,-1.0430275201797485,-0.048134636133909225,0.7631176114082336,-1.2256076335906982,-0.10655810683965683,0.8545541763305664,-1.3906595706939697,-0.14744453132152557,0.40856868028640747,-0.9067384600639343,0.001115193241275847,0.5959562659263611,-1.2440898418426514,-0.04750531166791916,0.7235926389694214,-1.4474170207977295,-0.09947587549686432,0.8397504091262817,-1.6180518865585327,-0.13578912615776062,0.29420003294944763,-1.0002005100250244,-0.026376884430646896,0.46258220076560974,-1.35737943649292,-0.08302709460258484,0.5809226632118225,-1.5645350217819214,-0.1256410926580429,0.6905401945114136,-1.7322838306427002,-0.15221582353115082,0.14583303034305573,-1.0401277542114258,-0.0629890039563179,0.26029473543167114,-1.3361753225326538,-0.11531142890453339,0.3555822968482971,-1.496345043182373,-0.13722288608551025,0.4532700181007385,-1.6281592845916748,-0.1501508355140686,0.0,0.0,0.0,0.010019810870289803,0.08156921714544296,0.010630489327013493,0.042311325669288635,0.1098826676607132,0.020089473575353622,0.06072881072759628,0.11895439773797989,0.028854578733444214,0.07669899612665176,0.1296490579843521,0.03845202177762985,0.0787893757224083,0.07026712596416473,0.023559479042887688,0.1114799827337265,0.10801751166582108,0.03031759336590767,0.13723021745681763,0.13781896233558655,0.03411485254764557,0.15894761681556702,0.16439111530780792,0.03650480508804321,0.09285779297351837,0.04269574210047722,0.02121918275952339,0.13712742924690247,0.08645596355199814,0.02822786755859852,0.16697841882705688,0.12338906526565552,0.03116552159190178,0.19331148266792297,0.15515665709972382,0.03281884640455246,0.103119857609272,0.010511323809623718,0.01925370842218399,0.14871276915073395,0.044081322848796844,0.02457956038415432,0.1809386909008026,0.07746796309947968,0.02525102160871029,0.20826904475688934,0.109836645424366,0.025945408269762993,0.10744807124137878,0.04355637729167938,0.019257498905062675,0.15013176202774048,0.029129382222890854,0.02277301624417305,0.18055330216884613,0.02569650113582611,0.024139147251844406,0.20812790095806122,0.05601128190755844,0.025726480409502983
hola,0.0,0.0,0.0,0.2682904899120331,0.015332234092056751,-0.06797316670417786,0.5115463733673096,-0.19849470257759094,-0.07632045447826385,0.6419888138771057,-0.48381146788597107,-0.08644673228263855,0.6922762393951416,-0.7532996535301208,-0.09606513381004333,0.5437996983528137,-0.7054315209388733,0.017824189737439156,0.7228893041610718,-0.9645965695381165,-0.04551588371396065,0.8277485966682434,-1.118353247642517,-0.10933299362659454,0.9158356785774231,-1.2559616565704346,-0.15288585424423218,0.4650250971317291,-0.8782621622085571,0.005386723671108484,0.6730214357376099,-1.1768969297409058,-0.044786371290683746,0.8125220537185669,-1.3514723777770996,-0.09639018774032593,0.9373752474784851,-1.4956591129302979,-0.13203278183937073,0.3557225167751312,-0.9867894053459167,-0.02646397054195404,0.5448356866836548,-1.3221776485443115,-0.08437059074640274,0.6729709506034851,-1.5108931064605713,-0.12460924685001373,0.7909067273139954,-1.6595758199691772,-0.14919911324977875,0.20872104167938232,-1.043534517288208,-0.0677405521273613,0.33910098671913147,-1.3249861001968384,-0.11926855146884918,0.44299259781837463,-1.4697788953781128,-0.13836976885795593,0.5478485226631165,-1.584899663925171,-0.14928464591503143,0.0,0.0,0.0,0.012109683826565742,0.07263169437646866,0.015024456195533276,0.03847804665565491,0.09700926393270493,0.022801198065280914,0.061343226581811905,0.11664789915084839,0.028188470751047134,0.0839674323797226,0.13720309734344482,0.03453085571527481,0.07944158464670181,0.07322147488594055,0.023476889356970787,0.1161271259188652,0.11954167485237122,0.030684085562825203,0.14918388426303864,0.15845772624015808,0.036839526146650314,0.18360233306884766,0.19439007341861725,0.03939337655901909,0.0976211428642273,0.04993383213877678,0.018838981166481972,0.14337961375713348,0.10514701902866364,0.024945730343461037,0.17268018424510956,0.15626724064350128,0.027252469211816788,0.19737495481967926,0.20016264915466309,0.028298581019043922,0.11092426627874374,0.018165258690714836,0.016458094120025635,0.15811820328235626,0.06369949877262115,0.021465875208377838,0.18927989900112152,0.10610946267843246,0.0204911008477211,0.21534138917922974,0.1441088765859604,0.019704360514879227,0.1192721277475357,0.03623775765299797,0.0180917140096426,0.1614953875541687,0.02778935246169567,0.020710954442620277,0.19185377657413483,0.04780851677060127,0.021242257207632065,0.21863046288490295,0.08640997856855392,0.02226571924984455
hola,0.0,0.0,0.0,0.2609393894672394,0.0013871698174625635,-0.06949899345636368,0.4989379942417145,-0.2145136594772339,-0.08031699806451797,0.6206930875778198,-0.5077499151229858,-0.0920640230178833,0.6716411113739014,-0.781262993812561,-0.1030631810426712,0.5267714858055115,-0.725712239742279,0.01606631651520729,0.6972164511680603,-0.9858177304267883,-0.048410654067993164,0.8010010719299316,-1.1280728578567505,-0.11280717700719833,0.8895476460456848,-1.2521469593048096,-0.1559993028640747,0.44746676087379456,-0.8847090601921082,0.0044367192313075066,0.6467808485031128,-1.1785231828689575,-0.04668097943067551,0.785000205039978,-1.3416889905929565,-0.09826096147298813,0.9108598828315735,-1.4753050804138184,-0.13322582840919495,0.3397582471370697,-0.9814861416816711,-0.02678677998483181,0.5235978960990906,-1.3103313446044922,-0.08570016175508499,0.6543958783149719,-1.4897661209106445,-0.12562337517738342,0.7764483094215393,-1.6287486553192139,-0.14930622279644012,0.19554443657398224,-1.0279781818389893,-0.06746725738048553,0.3225601017475128,-1.3084965944290161,-0.12033472955226898,0.4283958375453949,-1.449406385421753,-0.13982219994068146,0.5354112386703491,-1.5580178499221802,-0.15018074214458466,0.0,0.0,0.0,0.01259138248860836,0.0737326592206955,0.014588095247745514,0.04866781085729599,0.10920725017786026,0.02351745404303074,0.07453221082687378,0.12380139529705048,0.030801188200712204,0.09633482247591019,0.13550691306591034,0.03826320916414261,0.09756330400705338,0.08898596465587616,0.020251894369721413,0.13586486876010895,0.13113079965114594,0.030749015510082245,0.1644326150417328,0.16903941333293915,0.0395650677382946,0.19392548501491547,0.20925021171569824,0.04319584369659424,0.1153150275349617,0.05879542976617813,0.017008323222398758,0.16506129503250122,0.10774199664592743,0.025063708424568176,0.19573429226875305,0.15158070623874664,0.028176723048090935,0.219450905919075,0.19102169573307037,0.02918049693107605,0.1263599693775177,0.021615641191601753,0.017953971400856972,0.1788916438817978,0.05889095738530159,0.025002310052514076,0.21457476913928986,0.09771604090929031,0.025607125833630562,0.2420230209827423,0.1348450928926468,0.025528084486722946,0.13099564611911774,0.029844600707292557,0.022523455321788788,0.17926400899887085,0.016237065196037292,0.026303566992282867,0.21265926957130432,0.027472738176584244,0.026298901066184044,0.2398017793893814,0.0685746893286705,0.026519348844885826
hola,0.0,0.0,0.0,0.2656421661376953,0.026548292487859726,-0.07372324168682098,0.5150889158248901,-0.1740073263645172,-0.07836384326219559,0.6417158246040344,-0.45875129103660583,-0.08349951356649399,0.693623960018158,-0.7238200902938843,-0.08658544719219208,0.5504648089408875,-0.7062500715255737,0.033213257789611816,0.7138789892196655,-0.9837362170219421,-0.020340759307146072,0.8185786008834839,-1.153010368347168,-0.0799235999584198,0.9126970171928406,-1.3071322441101074,-0.12348733842372894,0.4732864499092102,-0.8636720776557922,0.026101699098944664,0.6575021147727966,-1.162337064743042,-0.022111836820840836,0.7811225652694702,-1.3429499864578247,-0.07920850068330765,0.8949963450431824,-1.5002663135528564,-0.11908018589019775,0.37496867775917053,-0.9597743153572083,-0.0008262649062089622,0.5547492504119873,-1.2636005878448486,-0.056801341474056244,0.6794200539588928,-1.4368664026260376,-0.09927157312631607,0.7914706468582153,-1.5830421447753906,-0.12475480884313583,0.24633915722370148,-1.0093244314193726,-0.03814169391989708,0.3925754427909851,-1.2588064670562744,-0.08934787660837173,0.4977104663848877,-1.3967845439910889,-0.11145087331533432,0.5982858538627625,-1.5177195072174072,-0.12343242019414902,0.0,0.0,0.0,0.018487071618437767,0.10669919103384018,0.017524978145956993,0.055521160364151,0.15714716911315918,0.03021150641143322,0.09001140296459198,0.18321587145328522,0.038679953664541245,0.13279227912425995,0.20050935447216034,0.04672955349087715,0.12534061074256897,0.11523901671171188,0.032145146280527115,0.18389123678207397,0.16858504712581635,0.03862245753407478,0.22847579419612885,0.21267803013324738,0.04291297122836113,0.26583948731422424,0.25113019347190857,0.04547366499900818,0.14842383563518524,0.08235462754964828,0.02402934990823269,0.21888604760169983,0.1408333033323288,0.031284332275390625,0.2662678062915802,0.18868669867515564,0.033293161541223526,0.3068563938140869,0.22555670142173767,0.03384886309504509,0.16304732859134674,0.03798944130539894,0.02017783932387829,0.23173944652080536,0.08550472557544708,0.026202404871582985,0.2771145701408386,0.1238807663321495,0.026753617450594902,0.3156203627586365,0.1540377289056778,0.027085520327091217,0.17026539146900177,0.028191324323415756,0.024677101522684097,0.22983908653259277,0.02810344472527504,0.028969241306185722,0.27044957876205444,0.05724214389920235,0.03076784685254097,0.30640509724617004,0.09140035510063171,0.032759763300418854
hola,0.0,0.0,0.0,0.27570030093193054,0.03294704481959343,-0.07160622626543045,0.5377957224845886,-0.14878778159618378,-0.07882581651210785,0.6823590993881226,-0.42712458968162537,-0.08794582635164261,0.7410196661949158,-0.698356032371521,-0.09598998725414276,0.5968142151832581,-0.6708226203918457,0.030636632815003395,0.774104118347168,-0.9502280354499817,-0.027705321088433266,0.8819631338119507,-1.1293556690216064,-0.09107209742069244,0.977214515209198,-1.2922284603118896,-0.1371663361787796,0.518710732460022,-0.835085391998291,0.01892528496682644,0.717293381690979,-1.1363846063613892,-0.03350899741053581,0.8477364778518677,-1.3253719806671143,-0.09382669627666473,0.9648900032043457,-1.4899423122406006,-0.13604752719402313,0.41584762930870056,-0.9393040537834167,-0.012393482029438019,0.6066258549690247,-1.2508386373519897,-0.07117826491594315,0.7331324815750122,-1.4375311136245728,-0.11448981612920761,0.8447990417480469,-1.5947444438934326,-0.14089438319206238,0.277930349111557,-0.9989730715751648,-0.05403979495167732,0.42806997895240784,-1.257224678993225,-0.10730954259634018,0.5330429077148438,-1.4084819555282593,-0.12949085235595703,0.6328853964805603,-1.5429799556732178,-0.14169111847877502,0.0,0.0,0.0,0.026909349486231804,0.12824341654777527,0.018156958743929863,0.05875931307673454,0.19409804046154022,0.02726837433874607,0.09138931334018707,0.20719267427921295,0.03367976099252701,0.13493509590625763,0.224858820438385,0.040835656225681305,0.12888845801353455,0.13768714666366577,0.033597271889448166,0.18652084469795227,0.18783359229564667,0.042142387479543686,0.22649458050727844,0.23504287004470825,0.04724539443850517,0.26086869835853577,0.27965694665908813,0.05105288326740265,0.151374951004982,0.09738174825906754,0.02856307290494442,0.2201899141073227,0.15622523427009583,0.03776564449071884,0.2629120647907257,0.2065591961145401,0.04200681298971176,0.2990609407424927,0.25066590309143066,0.045217305421829224,0.16635073721408844,0.06603775918483734,0.02570258267223835,0.23409131169319153,0.11117365956306458,0.03317973017692566,0.2736485004425049,0.14670634269714355,0.03366997092962265,0.30649712681770325,0.17909397184848785,0.034363847225904465,0.17359519004821777,0.08487958461046219,0.027398215606808662,0.22786718606948853,0.08888504654169083,0.03157467022538185,0.2613033056259155,0.09736207127571106,0.031620293855667114,0.2911031246185303,0.11237864941358566,0.03251338750123978
hola,0.0,0.0,0.0,0.2778053879737854,0.04364375025033951,-0.07767422497272491,0.5369701981544495,-0.14997395873069763,-0.08204184472560883,0.672580361366272,-0.4430232048034668,-0.08564364910125732,0.72458815574646,-0.7251551151275635,-0.08759068697690964,0.5678964257240295,-0.6895109415054321,0.029513150453567505,0.7405699491500854,-0.965072751045227,-0.025490740314126015,0.8509534597396851,-1.1400563716888428,-0.08582450449466705,0.9510921239852905,-1.2987302541732788,-0.1296577751636505,0.48715096712112427,-0.8586510419845581,0.02406686544418335,0.6832764148712158,-1.1623681783676147,-0.024480780586600304,0.8173386454582214,-1.3478095531463623,-0.08115221560001373,0.9411147832870483,-1.5048075914382935,-0.12050008773803711,0.38022202253341675,-0.9658787846565247,-0.0015593715943396091,0.5702437162399292,-1.2848106622695923,-0.059856563806533813,0.701752781867981,-1.4701974391937256,-0.10409902036190033,0.8212624788284302,-1.624081015586853,-0.13034580647945404,0.23750872910022736,-1.0275604724884033,-0.03746690973639488,0.3866497874259949,-1.2822675704956055,-0.09204981476068497,0.4942973554134369,-1.425213098526001,-0.11607257276773453,0.5984773635864258,-1.5513932704925537,-0.12894999980926514,0.0,0.0,0.0,0.02231355756521225,0.10314563661813736,0.014768613502383232,0.05229261890053749,0.1540699154138565,0.024587640538811684,0.08214451372623444,0.17897577583789825,0.030691031366586685,0.11667633056640625,0.19671715795993805,0.03659301623702049,0.11213231086730957,0.11839009076356888,0.028956947848200798,0.16331999003887177,0.16492703557014465,0.032618992030620575,0.20127427577972412,0.20317669212818146,0.03380708768963814,0.23333442211151123,0.23759478330612183,0.03474322333931923,0.13355204463005066,0.0807311087846756,0.021668532863259315,0.1966497004032135,0.13326798379421234,0.025455856695771217,0.23855802416801453,0.17575626075267792,0.025871431455016136,0.27400147914886475,0.21308422088623047,0.026827087625861168,0.14845266938209534,0.03300042077898979,0.01538056880235672,0.20899352431297302,0.0819048210978508,0.01918216422200203,0.2481928914785385,0.11863406002521515,0.020407745614647865,0.28072816133499146,0.15264566242694855,0.022562168538570404,0.15596747398376465,0.03447818011045456,0.014626746065914631,0.20817261934280396,0.026342865079641342,0.018298638984560966,0.24195212125778198,0.04552067071199417,0.022027499973773956,0.27244919538497925,0.07482749968767166,0.025615129619836807
hola,0.0,0.0,0.0,0.2763685882091522,0.05546339228749275,-0.0660967230796814,0.544043242931366,-0.13845834136009216,-0.06310676038265228,0.6940355896949768,-0.408924400806427,-0.06301526725292206,0.770329475402832,-0.6683304309844971,-0.061759334057569504,0.6122008562088013,-0.6568894982337952,0.045307088643312454,0.8096127510070801,-0.9041513204574585,-0.008518572896718979,0.9350892901420593,-1.0542069673538208,-0.068987175822258,1.0480464696884155,-1.1942275762557983,-0.11324528604745865,0.548819899559021,-0.8200234174728394,0.03209913149476051,0.7682781219482422,-1.1026508808135986,-0.014031169936060905,0.913634181022644,-1.2745254039764404,-0.07112491130828857,1.0476676225662231,-1.421924114227295,-0.11209391057491302,0.4548061490058899,-0.9294735789299011,-0.0016561798984184861,0.6691012978553772,-1.2223984003067017,-0.05801521986722946,0.8108396530151367,-1.393045425415039,-0.10310386121273041,0.9382991790771484,-1.5366125106811523,-0.13144539296627045,0.32267114520072937,-1.0024856328964233,-0.045246247202157974,0.4933187961578369,-1.2399547100067139,-0.09797174483537674,0.6116807460784912,-1.3715407848358154,-0.1212678775191307,0.7252100706100464,-1.4877701997756958,-0.1351233869791031,0.0,0.0,0.0,0.05460161715745926,0.16333739459514618,0.02112497203052044,0.08345665782690048,0.24007593095302582,0.03311234340071678,0.10046644508838654,0.26303961873054504,0.04032572731375694,0.13194459676742554,0.27816319465637207,0.04785820469260216,0.11018681526184082,0.14343075454235077,0.03318357095122337,0.16660159826278687,0.19770678877830505,0.03635719045996666,0.21033336222171783,0.24016346037387848,0.03789377957582474,0.24572400748729706,0.2775822579860687,0.03949772194027901,0.13265882432460785,0.08479468524456024,0.023222317919135094,0.20091015100479126,0.15134721994400024,0.027437426149845123,0.2469865083694458,0.2007342129945755,0.0301806777715683,0.2880043387413025,0.2416556179523468,0.03299691528081894,0.15368539094924927,0.08851805329322815,0.015109752304852009,0.2190040946006775,0.13120624423027039,0.02120673842728138,0.26066306233406067,0.1574530154466629,0.027665503323078156,0.29834166169166565,0.18111440539360046,0.03279369696974754,0.17137469351291656,0.16669657826423645,0.015272727236151695,0.22231246531009674,0.17892037332057953,0.02161031775176525,0.25515884160995483,0.18007877469062805,0.0290574599057436,0.28798380494117737,0.18150299787521362,0.03541780635714531
hola,0.0,0.0,0.0,0.2851608991622925,0.06101609393954277,-0.062168776988983154,0.549510657787323,-0.12216337025165558,-0.06057318300008774,0.6967760920524597,-0.3855699896812439,-0.06302855908870697,0.7643304467201233,-0.646242082118988,-0.0643397718667984,0.6115812659263611,-0.6524401903152466,0.0492851585149765,0.8056656718254089,-0.8991023302078247,-0.004251382313668728,0.9293621182441711,-1.049352765083313,-0.06478025019168854,1.0394670963287354,-1.1891148090362549,-0.10839436948299408,0.5440970659255981,-0.8275318145751953,0.03528084605932236,0.7636875510215759,-1.097944974899292,-0.010992634110152721,0.9088172912597656,-1.2569102048873901,-0.06655984371900558,1.0409812927246094,-1.395311951637268,-0.10527963936328888,0.4473244547843933,-0.9515144228935242,0.0009802194545045495,0.6608635783195496,-1.2360163927078247,-0.052343495190143585,0.803026556968689,-1.39365816116333,-0.0923215001821518,0.9300733804702759,-1.5230212211608887,-0.11655517667531967,0.3116455078125,-1.0397071838378906,-0.04335172846913338,0.4801301062107086,-1.2784336805343628,-0.09019699692726135,0.6006581783294678,-1.4063081741333008,-0.1086052879691124,0.7169505953788757,-1.5159951448440552,-0.11881004273891449,0.0,0.0,0.0,0.016625136137008667,0.08524273335933685,0.021160541102290154,0.042587801814079285,0.12055443972349167,0.033723991364240646,0.06808048486709595,0.1453062891960144,0.04280703514814377,0.09544090926647186,0.1648983657360077,0.05163482949137688,0.09243336319923401,0.09587055444717407,0.029578562825918198,0.13894513249397278,0.14683902263641357,0.03455519303679466,0.17242488265037537,0.18679958581924438,0.03722295165061951,0.19923777878284454,0.22327658534049988,0.03995351865887642,0.11264839768409729,0.06916207075119019,0.020776882767677307,0.16941262781620026,0.12189345061779022,0.027987772598862648,0.2053082436323166,0.16642141342163086,0.03084244392812252,0.23500001430511475,0.205142080783844,0.033360064029693604,0.12730810046195984,0.03118610754609108,0.016916142776608467,0.18100564181804657,0.0789184719324112,0.023194018751382828,0.21424858272075653,0.11824824661016464,0.02560502663254738,0.2425926923751831,0.15288303792476654,0.02863355353474617,0.13627445697784424,0.03145059943199158,0.02128221094608307,0.1804361343383789,0.0299100149422884,0.02335270866751671,0.2093227356672287,0.05201943591237068,0.026833195239305496,0.23542551696300507,0.07913609594106674,0.03154906630516052
hola,0.0,0.0,0.0,0.2918507158756256,0.08529657870531082,-0.06423333287239075,0.5592930912971497,-0.09327290952205658,-0.06047550588846207,0.7073785066604614,-0.3811611533164978,-0.060112785547971725,0.7784106135368347,-0.6552732586860657,-0.05877191573381424,0.6046862602233887,-0.6421696543693542,0.0503612644970417,0.8092419505119324,-0.8977687954902649,-0.005703172646462917,0.9484708905220032,-1.052290439605713,-0.06700178235769272,1.072479248046875,-1.188230037689209,-0.11023906618356705,0.540558934211731,-0.8289910554885864,0.03667463734745979,0.7720168232917786,-1.1182730197906494,-0.011514787562191486,0.932674765586853,-1.2878062725067139,-0.06721940636634827,1.0781389474868774,-1.4239294528961182,-0.10496433079242706,0.4475657045841217,-0.9631778597831726,0.002042878419160843,0.6674322485923767,-1.275848150253296,-0.05412174388766289,0.8215195536613464,-1.4505282640457153,-0.09656048566102982,0.9613916277885437,-1.5867054462432861,-0.12131581455469131,0.3153851628303528,-1.0582420825958252,-0.042625270783901215,0.48635196685791016,-1.3155242204666138,-0.09257346391677856,0.6118861436843872,-1.4560682773590088,-0.11292658001184464,0.7333792448043823,-1.5705482959747314,-0.12374012172222137,0.0,0.0,0.0,0.015326305292546749,0.08038266003131866,0.009568470530211926,0.04106505960226059,0.12341604381799698,0.016715457662940025,0.06903747469186783,0.1421699821949005,0.02321455627679825,0.09861759096384048,0.16002333164215088,0.030558742582798004,0.09510298073291779,0.10209183394908905,0.0241092462092638,0.1359327733516693,0.14649860560894012,0.034188102930784225,0.1643291413784027,0.18260738253593445,0.04016750678420067,0.1868051290512085,0.21342012286186218,0.04338134452700615,0.11418202519416809,0.07516337931156158,0.023188311606645584,0.16351360082626343,0.12650659680366516,0.03206861764192581,0.193599671125412,0.1731632649898529,0.03290397673845291,0.21758116781711578,0.2128400206565857,0.03247499093413353,0.12769316136837006,0.040003810077905655,0.02397511526942253,0.17730659246444702,0.08060124516487122,0.029822740703821182,0.20657600462436676,0.11518271267414093,0.027020448818802834,0.23011502623558044,0.14445260167121887,0.02517103962600231,0.1364017128944397,0.0167077723890543,0.027642803266644478,0.1807127594947815,0.03278724104166031,0.029886629432439804,0.20809060335159302,0.05936992168426514,0.027812404558062553,0.2315187156200409,0.08727515488862991,0.02693312056362629
hola,0.0,0.0,0.0,0.27611956000328064,0.04134320095181465,-0.06943538039922714,0.5313845872879028,-0.14054538309574127,-0.07431809604167938,0.6619521379470825,-0.4234306812286377,-0.08117030560970306,0.7073782682418823,-0.698157548904419,-0.08673856407403946,0.5753194093704224,-0.6759053468704224,0.035959791392087936,0.7503452301025391,-0.9474536776542664,-0.020725790411233902,0.8601951599121094,-1.1176040172576904,-0.08252712339162827,0.9577375650405884,-1.272441029548645,-0.12656141817569733,0.4990180432796478,-0.8519036173820496,0.025171633809804916,0.6984118223190308,-1.1474562883377075,-0.023522796109318733,0.8300196528434753,-1.3258696794509888,-0.07941825687885284,0.9480175971984863,-1.477809190750122,-0.11782592535018921,0.39859554171562195,-0.9699388742446899,-0.005646286066621542,0.5872941017150879,-1.2825276851654053,-0.06005243584513664,0.7129862308502197,-1.4633524417877197,-0.10000981390476227,0.8249702453613281,-1.611327886581421,-0.12368392944335938,0.26405709981918335,-1.0418379306793213,-0.04688321053981781,0.41164645552635193,-1.3046703338623047,-0.094080850481987,0.5168653726577759,-1.449718952178955,-0.11213135719299316,0.6178466081619263,-1.5720949172973633,-0.12142501771450043,0.0,0.0,0.0,0.0199870765209198,0.10555148869752884,0.01377660408616066,0.056409090757369995,0.15633483231067657,0.023473436012864113,0.0919484794139862,0.17540214955806732,0.03058447130024433,0.1316179633140564,0.18471182882785797,0.038153424859046936,0.11506663262844086,0.11343155056238174,0.02731035277247429,0.1721605658531189,0.1629427671432495,0.032227773219347,0.2145492285490036,0.20367026329040527,0.03454172611236572,0.25044578313827515,0.24032646417617798,0.03632844612002373,0.13620740175247192,0.074652299284935,0.021965859457850456,0.20535704493522644,0.12454575300216675,0.02763342298567295,0.2507394850254059,0.16807352006435394,0.029666388407349586,0.28858986496925354,0.2080809324979782,0.031247930601239204,0.1498124748468399,0.027130654081702232,0.017700091004371643,0.21526174247264862,0.06632938235998154,0.023107361048460007,0.2577528655529022,0.10334093123674393,0.025829680263996124,0.293232262134552,0.13867945969104767,0.02853143773972988,0.15676842629909515,0.047837745398283005,0.017401795834302902,0.21156206727027893,0.02769463136792183,0.02234148420393467,0.2496204674243927,0.03508259728550911,0.026389524340629578,0.2842006981372833,0.06211022287607193,0.030465345829725266
hola,0.0,0.0,0.0,0.2715531587600708,0.005292857531458139,-0.0782676413655281,0.5188814997673035,-0.2004709541797638,-0.0886416882276535,0.6441289186477661,-0.5076116919517517,-0.09808499366044998,0.6747755408287048,-0.7944743633270264,-0.10604389011859894,0.5349273681640625,-0.7170535326004028,0.01886485330760479,0.6911353468894958,-1.008502721786499,-0.03991856053471565,0.7839001417160034,-1.1877347230911255,-0.10263560712337494,0.865043044090271,-1.3476855754852295,-0.14632003009319305,0.4486919045448303,-0.8807163238525391,0.013989013619720936,0.6274756193161011,-1.2031490802764893,-0.033038072288036346,0.7456632852554321,-1.4007312059402466,-0.0865149274468422,0.8527616262435913,-1.5667604207992554,-0.12354645878076553,0.3400121033191681,-0.9804787635803223,-0.010363774374127388,0.509222149848938,-1.3148518800735474,-0.06301955878734589,0.6235248446464539,-1.510834813117981,-0.10040370374917984,0.7271929979324341,-1.6702892780303955,-0.122702457010746,0.19640891253948212,-1.030653476715088,-0.04540138319134712,0.3229711353778839,-1.3076099157333374,-0.0910957008600235,0.4154485762119293,-1.4631059169769287,-0.10666148364543915,0.505264401435852,-1.5972421169281006,-0.11415789276361465,0.0,0.0,0.0,0.01849517971277237,0.09134311974048615,0.010289454832673073,0.05368362367153168,0.14424389600753784,0.018271654844284058,0.08563113957643509,0.16368122398853302,0.02477872185409069,0.11620121449232101,0.16846005618572235,0.031538449227809906,0.11371870338916779,0.10861636698246002,0.022789625450968742,0.15990044176578522,0.1554519236087799,0.029894249513745308,0.19418741762638092,0.19579093158245087,0.03604302182793617,0.2258051484823227,0.23597683012485504,0.03862648457288742,0.13262943923473358,0.06963136792182922,0.019486233592033386,0.18776005506515503,0.12139718979597092,0.023029545322060585,0.22285377979278564,0.1627168357372284,0.02363012731075287,0.25226590037345886,0.19665385782718658,0.02433696575462818,0.14448058605194092,0.022895554080605507,0.016837773844599724,0.19920460879802704,0.06837059557437897,0.0191353727132082,0.23301860690116882,0.10437670350074768,0.02021072432398796,0.26065391302108765,0.1350703239440918,0.022285468876361847,0.14791476726531982,0.041624341160058975,0.01702059432864189,0.1964671015739441,0.017932305112481117,0.017763599753379822,0.22642339766025543,0.03003081865608692,0.019796214997768402,0.2512916326522827,0.05787975713610649,0.02330632135272026
hola,0.0,0.0,0.0,0.27239784598350525,0.042096950113773346,-0.06836741417646408,0.5255343914031982,-0.16003891825675964,-0.07201056182384491,0.6610270738601685,-0.455453097820282,-0.07659146934747696,0.7162184715270996,-0.7299535870552063,-0.08019442856311798,0.5589544773101807,-0.6941433548927307,0.027329284697771072,0.7383991479873657,-0.9642518758773804,-0.029314512386918068,0.8556027412414551,-1.1293147802352905,-0.08892633765935898,0.9579827189445496,-1.276544213294983,-0.13071806728839874,0.4854680001735687,-0.8651820421218872,0.01709499955177307,0.6930583715438843,-1.1666591167449951,-0.030036766082048416,0.8358789682388306,-1.3413989543914795,-0.08085089921951294,0.9648061990737915,-1.4872127771377563,-0.11528003215789795,0.38501226902008057,-0.977196216583252,-0.012437050230801105,0.5784393548965454,-1.3055349588394165,-0.06627123057842255,0.7139832377433777,-1.492358922958374,-0.1040351614356041,0.838150680065155,-1.6405693292617798,-0.12627166509628296,0.2473720759153366,-1.044245719909668,-0.051901429891586304,0.39184442162513733,-1.317425012588501,-0.09980406612157822,0.5031696557998657,-1.4658424854278564,-0.11745169013738632,0.6122890114784241,-1.5871427059173584,-0.1265600472688675,0.0,0.0,0.0,0.01067234855145216,0.07719754427671432,0.010508828796446323,0.038168277591466904,0.11896177381277084,0.015576204285025597,0.06441859900951385,0.13450533151626587,0.018966572359204292,0.09318101406097412,0.14353273808956146,0.022993845865130424,0.08794177323579788,0.08944632112979889,0.018441297113895416,0.125751331448555,0.13255608081817627,0.018243469297885895,0.15392282605171204,0.16855154931545258,0.01811477169394493,0.1780010312795639,0.20214027166366577,0.019227230921387672,0.10683422535657883,0.062062736600637436,0.014939665794372559,0.1537601798772812,0.1130349338054657,0.016288714483380318,0.1849946230649948,0.15476703643798828,0.017095055431127548,0.21248628199100494,0.19078049063682556,0.01846110075712204,0.11987432092428207,0.02608433924615383,0.01221069972962141,0.16915781795978546,0.06917466223239899,0.015330765396356583,0.20026221871376038,0.10276710242033005,0.01688724011182785,0.2261062115430832,0.13277222216129303,0.018967807292938232,0.12773214280605316,0.027506476268172264,0.013109753839671612,0.1698654443025589,0.018055051565170288,0.016936590895056725,0.19696581363677979,0.037971727550029755,0.019775116816163063,0.22017888724803925,0.06476601213216782,0.022838452830910683
hola,0.0,0.0,0.0,0.26985424757003784,0.014549275860190392,-0.06591564416885376,0.5003983974456787,-0.20943160355091095,-0.06957337260246277,0.6132367253303528,-0.5180807709693909,-0.0744885802268982,0.6583184599876404,-0.7892688512802124,-0.07878588885068893,0.5047903656959534,-0.7336671352386475,0.024086153134703636,0.6681295037269592,-1.022118091583252,-0.03251583129167557,0.7742209434509277,-1.1947888135910034,-0.0911930724978447,0.8686636090278625,-1.3510116338729858,-0.13271847367286682,0.42341727018356323,-0.8973549604415894,0.013220530934631824,0.6127921938896179,-1.22311532497406,-0.03371542692184448,0.7426133751869202,-1.416198968887329,-0.08473040163516998,0.8611916303634644,-1.5790832042694092,-0.12050721794366837,0.3195207118988037,-0.996888279914856,-0.016221942380070686,0.49219781160354614,-1.3468458652496338,-0.07031203806400299,0.6143164038658142,-1.5487359762191772,-0.1096605658531189,0.7268655896186829,-1.7114194631576538,-0.13378861546516418,0.18246552348136902,-1.0448434352874756,-0.05498705431818962,0.3111153244972229,-1.3308368921279907,-0.10314321517944336,0.4136961102485657,-1.4860689640045166,-0.12221274524927139,0.5153980255126953,-1.615160346031189,-0.13332967460155487,0.0,0.0,0.0,0.014655718579888344,0.09758368879556656,0.009544008411467075,0.040663037449121475,0.14425110816955566,0.01688629761338234,0.06514110416173935,0.1534961462020874,0.0224466510117054,0.09741915017366409,0.1607894003391266,0.028509125113487244,0.09029863774776459,0.08971317112445831,0.025909241288900375,0.13329458236694336,0.13196782767772675,0.028079822659492493,0.16635391116142273,0.16732554137706757,0.027925021946430206,0.1956602782011032,0.20008188486099243,0.028313197195529938,0.10963042825460434,0.05264253541827202,0.022517118602991104,0.16196176409721375,0.09825170785188675,0.026112422347068787,0.19615718722343445,0.1385229080915451,0.027100585401058197,0.22620144486427307,0.17516812682151794,0.027743950486183167,0.12394911795854568,0.010205288417637348,0.018208960071206093,0.17543789744377136,0.04450032860040665,0.021879903972148895,0.2083408236503601,0.0792093425989151,0.024391889572143555,0.23675811290740967,0.11293352395296097,0.02649727463722229,0.13234299421310425,0.049369994550943375,0.015287301503121853,0.1754016876220703,0.027363134548068047,0.019996918737888336,0.20534583926200867,0.017153020948171616,0.024529632180929184,0.23271754384040833,0.04752536118030548,0.028216591104865074
hola,0.0,0.0,0.0,0.2685108780860901,-0.012912213802337646,-0.06734919548034668,0.49510860443115234,-0.23774667084217072,-0.07224322855472565,0.6036878824234009,-0.5352454781532288,-0.07912768423557281,0.6366713643074036,-0.8129829168319702,-0.08560709655284882,0.4942254424095154,-0.7519944310188293,0.03167006000876427,0.6421304941177368,-1.0471265316009521,-0.024208348244428635,0.7354154586791992,-1.2260863780975342,-0.08448679745197296,0.8194114565849304,-1.3872101306915283,-0.12741082906723022,0.4073941707611084,-0.9016343951225281,0.021191731095314026,0.5747396349906921,-1.2322428226470947,-0.0262673981487751,0.6907773613929749,-1.4285651445388794,-0.0821032002568245,0.7992002367973328,-1.5938563346862793,-0.1215796247124672,0.29926174879074097,-0.9903128743171692,-0.00828995369374752,0.4552939534187317,-1.333748698234558,-0.06373955309391022,0.5662482976913452,-1.5302822589874268,-0.10623563826084137,0.6700229048728943,-1.688908576965332,-0.13238994777202606,0.1593896448612213,-1.0315968990325928,-0.04724839702248573,0.2750014662742615,-1.311967134475708,-0.09680040925741196,0.3669290542602539,-1.4686321020126343,-0.11760170757770538,0.4594803750514984,-1.6024678945541382,-0.12958966195583344,0.0,0.0,0.0,0.021965140476822853,0.09826623648405075,0.013184340670704842,0.055510420352220535,0.14966966211795807,0.023211732506752014,0.08463985472917557,0.17032207548618317,0.030179444700479507,0.10748644173145294,0.17498226463794708,0.037974316626787186,0.10519701987504959,0.0988570973277092,0.03812645003199577,0.14976896345615387,0.14666001498699188,0.04352878779172897,0.1843913197517395,0.18849670886993408,0.04442455992102623,0.21462012827396393,0.22980038821697235,0.04623222351074219,0.12672938406467438,0.058181874454021454,0.03450779244303703,0.18373972177505493,0.11209532618522644,0.04241890087723732,0.2237699031829834,0.16064561903476715,0.04358873888850212,0.2580007016658783,0.20308423042297363,0.045258037745952606,0.1416502296924591,0.014011509716510773,0.030490223318338394,0.19885452091693878,0.049766600131988525,0.0384090282022953,0.2386268973350525,0.09416113048791885,0.0397319495677948,0.27223488688468933,0.13927622139453888,0.04208609089255333,0.14903627336025238,0.06170887127518654,0.028913484886288643,0.20184935629367828,0.04540098085999489,0.036868415772914886,0.23750576376914978,0.03179420530796051,0.04073221608996391,0.268356055021286,0.0483875572681427,0.04476044327020645
hola,0.0,0.0,0.0,0.26343226432800293,0.03341503068804741,-0.048675619065761566,0.4928925633430481,-0.2114238739013672,-0.04037373512983322,0.6095089912414551,-0.4789447784423828,-0.03846476227045059,0.6895214319229126,-0.7200950384140015,-0.0362856462597847,0.5380110144615173,-0.7266042232513428,0.05590977519750595,0.7210627794265747,-0.9763253927230835,0.004921012558043003,0.8490507006645203,-1.1233558654785156,-0.05132731795310974,0.9614279866218567,-1.26025390625,-0.09196846187114716,0.4739714562892914,-0.8697320222854614,0.034446846693754196,0.6839605569839478,-1.153712511062622,-0.009620693512260914,0.8316411972045898,-1.3160908222198486,-0.06077771261334419,0.9689297676086426,-1.455676794052124,-0.09702727943658829,0.3818768858909607,-0.9627025723457336,-0.006988247390836477,0.5873221755027771,-1.2660479545593262,-0.06255330890417099,0.7338752746582031,-1.4363317489624023,-0.10574372857809067,0.8681424260139465,-1.5789339542388916,-0.1320526897907257,0.25793492794036865,-1.0192146301269531,-0.05667880177497864,0.429456889629364,-1.2630447149276733,-0.10891027748584747,0.5579754710197449,-1.3959757089614868,-0.1326693594455719,0.682839035987854,-1.5091787576675415,-0.14716951549053192,0.0,0.0,0.0,0.01714501902461052,0.08012587577104568,0.023346412926912308,0.036623477935791016,0.10554147511720657,0.03788965940475464,0.05798071622848511,0.13177195191383362,0.04622447490692139,0.0862669125199318,0.15616759657859802,0.054823216050863266,0.0901327133178711,0.08217975497245789,0.04475856199860573,0.13183090090751648,0.1379811316728592,0.05275283008813858,0.16465532779693604,0.1781063824892044,0.05530869960784912,0.1911136955022812,0.20924557745456696,0.05708959698677063,0.1140480786561966,0.05996566638350487,0.033584754914045334,0.16509898006916046,0.11803390830755234,0.043361544609069824,0.1999637633562088,0.16727924346923828,0.04778997600078583,0.2310013324022293,0.20413422584533691,0.050473447889089584,0.13255874812602997,0.02459416352212429,0.022159777581691742,0.18339639902114868,0.07534313201904297,0.031306490302085876,0.22087204456329346,0.11602108180522919,0.03644556179642677,0.2524488866329193,0.15089169144630432,0.04022880643606186,0.14803268015384674,0.03480591997504234,0.014970004558563232,0.19453199207782745,0.015009225346148014,0.022952457889914513,0.22663913667201996,0.03466473147273064,0.02989584393799305,0.2545587420463562,0.06803856045007706,0.034922871738672256
hola,0.0,0.0,0.0,0.25307852029800415,-0.0008777257171459496,-0.04542063549160957,0.4620968699455261,-0.2632126808166504,-0.03614571690559387,0.5602940320968628,-0.5418331027030945,-0.033351365476846695,0.6261972188949585,-0.7799030542373657,-0.03037169948220253,0.48701000213623047,-0.7705899477005005,0.05823447182774544,0.6499648690223694,-1.0412362813949585,0.01088307611644268,0.7664052844047546,-1.209479808807373,-0.04362666979432106,0.8675931096076965,-1.3643724918365479,-0.08359784632921219,0.42094773054122925,-0.8978179097175598,0.03630044311285019,0.6088598966598511,-1.2066158056259155,-0.0060494933277368546,0.744117259979248,-1.3961944580078125,-0.05806735157966614,0.8670861124992371,-1.5593496561050415,-0.0946834608912468,0.33098486065864563,-0.9728382229804993,-0.004645496606826782,0.5104122161865234,-1.2997149229049683,-0.05785413831472397,0.6414040327072144,-1.4933819770812988,-0.10202529281377792,0.7596678733825684,-1.6574342250823975,-0.12892238795757294,0.21174044907093048,-1.006624460220337,-0.053465165197849274,0.36364445090293884,-1.2697064876556396,-0.10412641614675522,0.47719526290893555,-1.4222694635391235,-0.12878219783306122,0.5873528718948364,-1.555588960647583,-0.1437445431947708,0.0,0.0,0.0,0.017617955803871155,0.0822615772485733,0.019460152834653854,0.03578389063477516,0.10353439301252365,0.030665669590234756,0.05680881068110466,0.12168079614639282,0.03763306513428688,0.08173694461584091,0.151579812169075,0.04560316726565361,0.08783621340990067,0.07557350397109985,0.03573836386203766,0.12554074823856354,0.12086787074804306,0.04306314140558243,0.1538076400756836,0.1508798748254776,0.04604218900203705,0.17555949091911316,0.17354939877986908,0.0475105457007885,0.1085934191942215,0.05451856553554535,0.02536524087190628,0.15487469732761383,0.10321665555238724,0.033395830541849136,0.18534629046916962,0.14482209086418152,0.03674132749438286,0.2116958498954773,0.17568302154541016,0.039434365928173065,0.12391233444213867,0.020294664427638054,0.016591276973485947,0.1713068187236786,0.06188349798321724,0.021886654198169708,0.2048758715391159,0.0968131348490715,0.02552984468638897,0.23297704756259918,0.12457726150751114,0.030614743009209633,0.13511991500854492,0.032502297312021255,0.015331347472965717,0.18041597306728363,0.017463767901062965,0.020266029983758926,0.2111465036869049,0.03327218070626259,0.026304418221116066,0.2378111183643341,0.06375773251056671,0.03245893865823746
hola,0.0,0.0,0.0,0.2531401216983795,0.021514419466257095,-0.05725212022662163,0.476713091135025,-0.21628403663635254,-0.052332084625959396,0.5818461179733276,-0.49616795778274536,-0.05073229596018791,0.6409872770309448,-0.7376891374588013,-0.047995470464229584,0.5156995058059692,-0.7403838038444519,0.04829923063516617,0.677899956703186,-1.0221916437149048,0.002985060680657625,0.7875465154647827,-1.1943199634552002,-0.04994051903486252,0.8822881579399109,-1.3504034280776978,-0.08855975419282913,0.4436919689178467,-0.8837959170341492,0.0336674340069294,0.6307220458984375,-1.1939407587051392,-0.005523079074919224,0.7607914805412292,-1.3811428546905518,-0.05581995099782944,0.8776663541793823,-1.5407483577728271,-0.09124569594860077,0.3499237895011902,-0.9728561639785767,-0.00013630269677378237,0.5303739309310913,-1.290507435798645,-0.04822593927383423,0.6580389142036438,-1.4733963012695312,-0.08900555968284607,0.7716259360313416,-1.6257339715957642,-0.11397173255681992,0.22536058723926544,-1.0204620361328125,-0.04315552860498428,0.37716031074523926,-1.280655026435852,-0.08817951381206512,0.4879973828792572,-1.4289392232894897,-0.10896044969558716,0.5948008298873901,-1.5572400093078613,-0.12104848772287369,0.0,0.0,0.0,0.016100946813821793,0.08997709304094315,0.03026663511991501,0.03945941850543022,0.12307265400886536,0.04894525557756424,0.060154326260089874,0.14053122699260712,0.05987229943275452,0.08584342151880264,0.16606423258781433,0.0710991844534874,0.10299529880285263,0.08699554949998856,0.05591565743088722,0.14073331654071808,0.12786734104156494,0.06773306429386139,0.17263390123844147,0.16371531784534454,0.07317623496055603,0.1994132101535797,0.196041077375412,0.07724273949861526,0.12486165016889572,0.059257492423057556,0.042506005614995956,0.17266276478767395,0.1049346774816513,0.05610642582178116,0.20735584199428558,0.1474931538105011,0.0627010241150856,0.2387213408946991,0.1863299012184143,0.06716091185808182,0.14231763780117035,0.020358828827738762,0.029099319130182266,0.1922365427017212,0.05962939187884331,0.040976423770189285,0.22714893519878387,0.09265314787626266,0.04585215449333191,0.25783392786979675,0.12402943521738052,0.04976457357406616,0.1550108939409256,0.04976511746644974,0.020337387919425964,0.2052791267633438,0.03064463846385479,0.031033402308821678,0.23747789859771729,0.026499731466174126,0.037553269416093826,0.2665717303752899,0.04163198918104172,0.04254056140780449
hola,0.0,0.0,0.0,0.2732795178890228,0.05317571759223938,-0.08157412707805634,0.5352981686592102,-0.11924830824136734,-0.09125613421201706,0.6742944717407227,-0.39510780572891235,-0.09950224310159683,0.7385956645011902,-0.6604909300804138,-0.10573102533817291,0.591547966003418,-0.6669668555259705,0.019451865926384926,0.7693426609039307,-0.9452502131462097,-0.037262752652168274,0.8772760629653931,-1.1231318712234497,-0.09867740422487259,0.9736632108688354,-1.2849104404449463,-0.14325599372386932,0.51228266954422,-0.8456622362136841,0.014815772883594036,0.7110729813575745,-1.150512933731079,-0.035257406532764435,0.8409941792488098,-1.3413828611373901,-0.09326277673244476,0.9585588574409485,-1.505443811416626,-0.13375237584114075,0.4076372981071472,-0.9597914814949036,-0.009554876014590263,0.5985897183418274,-1.2731010913848877,-0.06618637591600418,0.7251628637313843,-1.4527733325958252,-0.10895882546901703,0.8387858271598816,-1.6046253442764282,-0.13513091206550598,0.2684880197048187,-1.0235412120819092,-0.044756725430488586,0.4207288324832916,-1.2802917957305908,-0.0965065136551857,0.5255981683731079,-1.423147439956665,-0.11786724627017975,0.6262233257293701,-1.5495396852493286,-0.1293196976184845,0.0,0.0,0.0,0.017019566148519516,0.08764064311981201,0.02092684805393219,0.04833986237645149,0.13105323910713196,0.033138152211904526,0.07657896727323532,0.15826207399368286,0.04107414558529854,0.10905173420906067,0.17678029835224152,0.048274025321006775,0.1100008487701416,0.10698913037776947,0.02520519495010376,0.15452705323696136,0.14675895869731903,0.02854149229824543,0.18722519278526306,0.17870520055294037,0.03180390223860741,0.2141369879245758,0.20860984921455383,0.03471525013446808,0.12694105505943298,0.07637055963277817,0.0159969013184309,0.18278264999389648,0.12674127519130707,0.019974704831838608,0.21910090744495392,0.1677270233631134,0.02299855276942253,0.24903368949890137,0.20144164562225342,0.025779370218515396,0.13819719851016998,0.03567307069897652,0.012196029536426067,0.1936383992433548,0.08267850428819656,0.016729686409235,0.2276146411895752,0.11884014308452606,0.01987692527472973,0.25592172145843506,0.1482601910829544,0.022607972845435143,0.14276142418384552,0.023676814511418343,0.01710408926010132,0.1895158737897873,0.02049846574664116,0.021115068346261978,0.21879799664020538,0.04641973599791527,0.025855863466858864,0.24453802406787872,0.07328081130981445,0.030024349689483643
hola,0.0,0.0,0.0,0.2785680592060089,0.07363796979188919,-0.06569868326187134,0.5430494546890259,-0.102116659283638,-0.06728532165288925,0.6944561004638672,-0.3771578371524811,-0.07143690437078476,0.7737914323806763,-0.6420222520828247,-0.07385767996311188,0.6182346940040588,-0.6432167887687683,0.038363490253686905,0.8172942399978638,-0.9006689786911011,-0.016972286626696587,0.9442100524902344,-1.0602047443389893,-0.0771004855632782,1.0553463697433472,-1.207641363143921,-0.1201847568154335,0.5515351295471191,-0.8225628733634949,0.025146763771772385,0.775761604309082,-1.1091607809066772,-0.022486068308353424,0.9234015345573425,-1.2814465761184692,-0.07741669565439224,1.0545209646224976,-1.4312365055084229,-0.1156369224190712,0.45717453956604004,-0.9470664262771606,-0.00771030317991972,0.6723459959030151,-1.243259072303772,-0.06149538233876228,0.813951849937439,-1.4102085828781128,-0.10103565454483032,0.9391010999679565,-1.5504939556121826,-0.12496529519557953,0.32549500465393066,-1.0304142236709595,-0.05070067197084427,0.4956543445587158,-1.276192307472229,-0.09845510125160217,0.6145461201667786,-1.4092308282852173,-0.11679631471633911,0.7266818284988403,-1.5235533714294434,-0.126503124833107,0.0,0.0,0.0,0.01820305548608303,0.081354521214962,0.01545368880033493,0.04954369366168976,0.12460468709468842,0.024767089635133743,0.07603780180215836,0.13966818153858185,0.030377143993973732,0.10332515835762024,0.15341269969940186,0.03625493124127388,0.09796911478042603,0.10491146147251129,0.025447290390729904,0.13994766771793365,0.1398438811302185,0.030531449243426323,0.16888101398944855,0.16859827935695648,0.03314577415585518,0.19241036474704742,0.19619005918502808,0.03446848317980766,0.11302763968706131,0.07325681298971176,0.020617829635739326,0.1644747406244278,0.11274084448814392,0.02599146217107773,0.1969321221113205,0.14651364088058472,0.02846577949821949,0.2227623462677002,0.177150696516037,0.030022229999303818,0.12271682918071747,0.03333181515336037,0.01807030290365219,0.17191630601882935,0.06808177381753922,0.023584019392728806,0.20103727281093597,0.0930573120713234,0.02609735168516636,0.22458338737487793,0.11781638860702515,0.027602575719356537,0.12836501002311707,0.021958181634545326,0.019637053832411766,0.16975516080856323,0.018061697483062744,0.02453703060746193,0.19613301753997803,0.03191950544714928,0.027632400393486023,0.2193344533443451,0.04975859448313713,0.030110904946923256
hola,0.0,0.0,0.0,0.23978736996650696,-0.012694479897618294,-0.047369956970214844,0.4368869662284851,-0.2835930287837982,-0.03970580920577049,0.5257079601287842,-0.5698896646499634,-0.03711798042058945,0.5821772813796997,-0.8082433938980103,-0.03308381512761116,0.4574849605560303,-0.7831172347068787,0.053704261779785156,0.6079109311103821,-1.068063497543335,0.008730481378734112,0.7162341475486755,-1.2411878108978271,-0.0423630066215992,0.8090554475784302,-1.39385986328125,-0.07880799472332001,0.3923060894012451,-0.9060169458389282,0.03685865178704262,0.5660830736160278,-1.2236086130142212,-0.0018583715427666903,0.6914932131767273,-1.4122899770736694,-0.04798203334212303,0.8050581216812134,-1.5735121965408325,-0.07923485338687897,0.30719825625419617,-0.9787753224372864,0.0017465237760916352,0.4718974530696869,-1.3073614835739136,-0.04474731534719467,0.5931452512741089,-1.494071125984192,-0.07936741411685944,0.702727198600769,-1.648780107498169,-0.09918633103370667,0.19309358298778534,-1.0091556310653687,-0.04177257418632507,0.32903897762298584,-1.280922770500183,-0.08415614813566208,0.43117237091064453,-1.4384629726409912,-0.10065080225467682,0.5304474234580994,-1.5739662647247314,-0.10895123332738876,0.0,0.0,0.0,0.017906762659549713,0.09072594344615936,0.014815906062722206,0.058120742440223694,0.14362883567810059,0.02416287176311016,0.09362246841192245,0.1598992645740509,0.03085833415389061,0.12218480557203293,0.1730743795633316,0.03783678263425827,0.12226545810699463,0.1033114418387413,0.03023313730955124,0.16288791596889496,0.13566021621227264,0.038547225296497345,0.1875220090150833,0.16233722865581512,0.041994113475084305,0.2083948850631714,0.18208825588226318,0.04381541162729263,0.13708782196044922,0.06682202965021133,0.024747885763645172,0.18604786694049835,0.10605642199516296,0.03421349450945854,0.21554888784885406,0.13918814063072205,0.03615504875779152,0.24029357731342316,0.16516989469528198,0.03644696623086929,0.145695298910141,0.02478930912911892,0.02065020240843296,0.19303350150585175,0.060013432055711746,0.029021479189395905,0.22053644061088562,0.0883527398109436,0.03073716163635254,0.24309104681015015,0.11221174895763397,0.03087061643600464,0.1492035835981369,0.03464803099632263,0.020063549280166626,0.18831977248191833,0.033695679157972336,0.02600867860019207,0.2126924991607666,0.042170777916908264,0.029097620397806168,0.23497633635997772,0.055862922221422195,0.031014040112495422
hola,0.0,0.0,0.0,0.247355654835701,0.00442372914403677,-0.04821939021348953,0.4472261965274811,-0.2598706781864166,-0.040453724563121796,0.5387409925460815,-0.5493960380554199,-0.03821203485131264,0.6026530861854553,-0.7874182462692261,-0.03452178090810776,0.4764719605445862,-0.7697837352752686,0.055897731333971024,0.6320645213127136,-1.0503376722335815,0.009587881155312061,0.740571916103363,-1.2233021259307861,-0.043332289904356,0.8326225280761719,-1.3807861804962158,-0.08129920065402985,0.41166821122169495,-0.9031267166137695,0.03829637169837952,0.595434308052063,-1.212049126625061,-0.0016918284818530083,0.7260396480560303,-1.398164987564087,-0.048573046922683716,0.8446914553642273,-1.5590444803237915,-0.08072703331708908,0.32506054639816284,-0.9882444143295288,0.0017012904863804579,0.5000609159469604,-1.3120836019515991,-0.04766424745321274,0.6276448369026184,-1.5026590824127197,-0.08456762135028839,0.7430926561355591,-1.661718726158142,-0.10572997480630875,0.20884254574775696,-1.0327224731445312,-0.04334067925810814,0.35670122504234314,-1.29776930809021,-0.08757133781909943,0.4665866494178772,-1.4546146392822266,-0.10490487515926361,0.5723407864570618,-1.5915329456329346,-0.11412529647350311,0.0,0.0,0.0,0.011455100029706955,0.07055509090423584,0.020513875409960747,0.02391481213271618,0.1005503460764885,0.03139061853289604,0.040642254054546356,0.11868494004011154,0.037218593060970306,0.05652736499905586,0.13724888861179352,0.04370219260454178,0.08300599455833435,0.06682530045509338,0.039742257446050644,0.10914269834756851,0.10004709661006927,0.04661454260349274,0.13040469586849213,0.13100114464759827,0.04891473799943924,0.14933696389198303,0.15510183572769165,0.050799231976270676,0.10129391402006149,0.04850280284881592,0.028490131720900536,0.1336817443370819,0.08913102746009827,0.03777950257062912,0.1536865383386612,0.12616147100925446,0.04081486538052559,0.1722741425037384,0.15670329332351685,0.0420784093439579,0.11545407027006149,0.018894338980317116,0.016302505508065224,0.1497952938079834,0.05623064562678337,0.024464063346385956,0.17350152134895325,0.08528999239206314,0.026541277766227722,0.1944376677274704,0.1094948798418045,0.027049629017710686,0.12643922865390778,0.041001901030540466,0.00796892587095499,0.165620818734169,0.027466533705592155,0.014333424158394337,0.19106163084506989,0.02883061394095421,0.019152306020259857,0.21438513696193695,0.04238107055425644,0.021927205845713615
hola,0.0,0.0,0.0,0.27466198801994324,0.05255017429590225,-0.05170194432139397,0.5094015002250671,-0.1713215410709381,-0.04140276834368706,0.624261200428009,-0.45523762702941895,-0.036262668669223785,0.6992506980895996,-0.7028403878211975,-0.030210411176085472,0.5446547269821167,-0.7073207497596741,0.05904879420995712,0.726253867149353,-0.9688459634780884,0.009705936536192894,0.8531368970870972,-1.1279773712158203,-0.046200357377529144,0.9655286073684692,-1.2728564739227295,-0.08610959351062775,0.4794301390647888,-0.8696247935295105,0.04193222150206566,0.6878835558891296,-1.1711726188659668,0.0005153713864274323,0.8343533277511597,-1.3540139198303223,-0.05105067044496536,0.9701704978942871,-1.510150671005249,-0.08704680949449539,0.3879694938659668,-0.9790065884590149,0.005144141614437103,0.5850585699081421,-1.299214243888855,-0.0458739809691906,0.7233909964561462,-1.4845319986343384,-0.08725432306528091,0.8502451777458191,-1.6392675638198853,-0.11190889775753021,0.2606198787689209,-1.0488626956939697,-0.040365952998399734,0.4225161075592041,-1.3084726333618164,-0.08717752993106842,0.5424038171768188,-1.4541294574737549,-0.10787417739629745,0.6591157913208008,-1.5809420347213745,-0.11950363218784332,0.0,0.0,0.0,0.011876881122589111,0.07581751048564911,0.016982445493340492,0.025948869064450264,0.10020018368959427,0.028981758281588554,0.042928896844387054,0.11371656507253647,0.03729429095983505,0.061890557408332825,0.13317899405956268,0.04670165106654167,0.07239238917827606,0.07359752058982849,0.03907312825322151,0.10006025433540344,0.11142006516456604,0.045863669365644455,0.12296496331691742,0.14481221139431,0.04727839678525925,0.1417398303747177,0.17351870238780975,0.04864399880170822,0.09146283566951752,0.05248823016881943,0.03194694221019745,0.12744182348251343,0.09432675689458847,0.041273634880781174,0.15229162573814392,0.13273297250270844,0.04424893483519554,0.1743808388710022,0.16618546843528748,0.04610295966267586,0.10756919533014297,0.020995495840907097,0.024196350947022438,0.1427154242992401,0.05777450278401375,0.033042456954717636,0.16689151525497437,0.08849836140871048,0.0360184907913208,0.18783175945281982,0.11626753211021423,0.037884972989559174,0.1208503246307373,0.03288443386554718,0.01842014491558075,0.1541467010974884,0.019373828545212746,0.027677180245518684,0.17524118721485138,0.027397017925977707,0.033156462013721466,0.19389864802360535,0.04718669503927231,0.0366511195898056
hola,0.0,0.0,0.0,0.2809295058250427,0.06375067681074142,-0.06921075284481049,0.532178521156311,-0.1277279555797577,-0.06918736547231674,0.6708778142929077,-0.4075998365879059,-0.07073216140270233,0.7452366352081299,-0.667735755443573,-0.07090755552053452,0.5776165723800659,-0.6717910170555115,0.03830995410680771,0.7731164693832397,-0.9435350298881531,-0.01525674294680357,0.898391842842102,-1.1130727529525757,-0.0747595727443695,1.0070444345474243,-1.2711198329925537,-0.11756815016269684,0.5058428049087524,-0.849204421043396,0.02692062221467495,0.7271052598953247,-1.1540018320083618,-0.018601644784212112,0.8749634623527527,-1.343928575515747,-0.07598236948251724,1.0049021244049072,-1.5037140846252441,-0.1170167550444603,0.40556153655052185,-0.968786358833313,-0.004533456172794104,0.6139930486679077,-1.2846043109893799,-0.05905415490269661,0.7543797492980957,-1.467207908630371,-0.1061265617609024,0.8767773509025574,-1.617126703262329,-0.1357436329126358,0.26954036951065063,-1.0460333824157715,-0.045807965099811554,0.43434852361679077,-1.3040441274642944,-0.09764102846384048,0.5502247214317322,-1.4504554271697998,-0.12267507612705231,0.6607685089111328,-1.5777466297149658,-0.13767844438552856,0.0,0.0,0.0,0.014174497686326504,0.10898254066705704,0.012287742458283901,0.04113911837339401,0.15303678810596466,0.020311562344431877,0.0727827325463295,0.1802082359790802,0.025507699698209763,0.11164315044879913,0.20939448475837708,0.031180206686258316,0.10427791625261307,0.11233930289745331,0.019179310649633408,0.16169337928295135,0.16725990176200867,0.021886978298425674,0.2022504061460495,0.20563223958015442,0.02326185815036297,0.23379462957382202,0.23699446022510529,0.024099938571453094,0.12849831581115723,0.07448529452085495,0.013790682889521122,0.19908316433429718,0.133940652012825,0.017424939200282097,0.2418982982635498,0.18002989888191223,0.019097233191132545,0.2762881815433502,0.2148279994726181,0.02239033579826355,0.14471480250358582,0.02763231471180916,0.011806727387011051,0.20921625196933746,0.07212892174720764,0.014584769494831562,0.246932715177536,0.10936206579208374,0.017981084063649178,0.2763201892375946,0.13846316933631897,0.023812465369701385,0.15364594757556915,0.05339929461479187,0.015594378113746643,0.2061816304922104,0.03592115268111229,0.017422707751393318,0.23973548412322998,0.04329247772693634,0.022150514647364616,0.26846814155578613,0.06273144483566284,0.028447192162275314
hola,0.0,0.0,0.0,0.2693747282028198,0.03162900730967522,-0.06670031696557999,0.5152088403701782,-0.1852342188358307,-0.06794441491365433,0.6444762945175171,-0.4697490334510803,-0.07081644982099533,0.7027677297592163,-0.7371186017990112,-0.07254211604595184,0.5536807775497437,-0.705584704875946,0.031452447175979614,0.7312318682670593,-0.9783981442451477,-0.02390201762318611,0.847551703453064,-1.1465429067611694,-0.08367640525102615,0.9494001269340515,-1.299560785293579,-0.12650597095489502,0.48027509450912476,-0.8658967018127441,0.019990995526313782,0.680605411529541,-1.1748462915420532,-0.027729257941246033,0.8178818821907043,-1.3656002283096313,-0.08292201906442642,0.9406183362007141,-1.5284186601638794,-0.12157050520181656,0.38072171807289124,-0.9665586352348328,-0.010666398331522942,0.5712497234344482,-1.287184476852417,-0.06565119326114655,0.7014178037643433,-1.4730324745178223,-0.10846848785877228,0.8169698715209961,-1.6281821727752686,-0.1346496343612671,0.24625897407531738,-1.0207768678665161,-0.050987839698791504,0.39506325125694275,-1.2824065685272217,-0.10206465423107147,0.5023877024650574,-1.4340718984603882,-0.12511922419071198,0.6049858331680298,-1.567846417427063,-0.1384422928094864,0.0,0.0,0.0,0.013563595712184906,0.08397821336984634,0.014631352387368679,0.04381971061229706,0.12101335823535919,0.022595051676034927,0.0718289241194725,0.14180459082126617,0.02818838320672512,0.09536443650722504,0.1548403948545456,0.034618157893419266,0.10162939876317978,0.09726779907941818,0.020369332283735275,0.14079630374908447,0.13655106723308563,0.024081507697701454,0.16992923617362976,0.16782432794570923,0.026088954880833626,0.1935894936323166,0.19530132412910461,0.0277798343449831,0.11920042335987091,0.06842733174562454,0.016370723024010658,0.16787272691726685,0.11622250080108643,0.021930139511823654,0.199408158659935,0.1552518606185913,0.025149818509817123,0.2260681688785553,0.18529699742794037,0.028428005054593086,0.13115230202674866,0.029490480199456215,0.01617104932665825,0.17848844826221466,0.07275176793336868,0.02311289869248867,0.20764650404453278,0.10422766953706741,0.028289079666137695,0.23196259140968323,0.12792973220348358,0.032826751470565796,0.13738425076007843,0.03013600781559944,0.01953875832259655,0.17806582152843475,0.017250044271349907,0.025348320603370667,0.2043745219707489,0.03019021265208721,0.03104493021965027,0.22712014615535736,0.051602233201265335,0.03671589866280556
hola,0.0,0.0,0.0,0.27660781145095825,0.03917563334107399,-0.06144752353429794,0.5248696208000183,-0.16468513011932373,-0.06090777367353439,0.661109447479248,-0.44388142228126526,-0.0638023167848587,0.7281969785690308,-0.7065721154212952,-0.0653454065322876,0.5723703503608704,-0.6912490129470825,0.04365745931863785,0.7571595907211304,-0.9504755735397339,-0.010147852823138237,0.8779668807983398,-1.1067230701446533,-0.06960730254650116,0.9857150316238403,-1.251237154006958,-0.11256007850170135,0.5047479271888733,-0.852920413017273,0.029213711619377136,0.7122647762298584,-1.150270700454712,-0.016943644732236862,0.8529272079467773,-1.3294553756713867,-0.07105716317892075,0.9814470410346985,-1.4844233989715576,-0.10914810001850128,0.4097592830657959,-0.9587935209274292,-0.004847932606935501,0.6086403131484985,-1.2684705257415771,-0.058724623173475266,0.7436485886573792,-1.4450424909591675,-0.09896789491176605,0.8657744526863098,-1.5938491821289062,-0.12346228212118149,0.2781018614768982,-1.021440863609314,-0.04860518127679825,0.4346666932106018,-1.2738757133483887,-0.09793348610401154,0.5480459928512573,-1.4176536798477173,-0.11858651787042618,0.6570824384689331,-1.545231580734253,-0.1302821785211563,0.0,0.0,0.0,0.011021172627806664,0.06858392804861069,0.01260745245963335,0.03374854102730751,0.10682245343923569,0.02036433480679989,0.058546386659145355,0.13224904239177704,0.025019509717822075,0.08758486807346344,0.1523270606994629,0.030587902292609215,0.08896452188491821,0.08860861510038376,0.026175791397690773,0.12733079493045807,0.13302455842494965,0.029190223664045334,0.15458817780017853,0.1682087779045105,0.029300859197974205,0.1767265796661377,0.19744431972503662,0.029381586238741875,0.10969267785549164,0.06678814440965652,0.020238524302840233,0.15592998266220093,0.11736889183521271,0.0247053150087595,0.18354643881320953,0.15843918919563293,0.02528783679008484,0.2064986526966095,0.1914196014404297,0.025883659720420837,0.12538500130176544,0.03238465636968613,0.015221723355352879,0.16875289380550385,0.07762715965509415,0.020486980676651,0.19334577023983002,0.10926993936300278,0.023095345124602318,0.2139212042093277,0.13457676768302917,0.025298435240983963,0.1365310549736023,0.024698667228221893,0.014655018225312233,0.1737586110830307,0.019637852907180786,0.017676591873168945,0.19564878940582275,0.03754230588674545,0.021172979846596718,0.21413443982601166,0.05921371653676033,0.0246694628149271
hola,0.0,0.0,0.0,0.2703999876976013,0.05460374429821968,-0.06425079703330994,0.5176185369491577,-0.15269866585731506,-0.06447595357894897,0.649715781211853,-0.4412664771080017,-0.06682862341403961,0.7229429483413696,-0.7006642818450928,-0.06799113005399704,0.5697224140167236,-0.6850907206535339,0.032102085649967194,0.7558258771896362,-0.9501876831054688,-0.023630324751138687,0.8786393404006958,-1.1072317361831665,-0.08297865837812424,0.9879434704780579,-1.2505614757537842,-0.12565073370933533,0.5016236305236816,-0.851197361946106,0.018704557791352272,0.7127867937088013,-1.1547328233718872,-0.02873542532324791,0.8571636080741882,-1.3370559215545654,-0.0824800580739975,0.988315761089325,-1.4915413856506348,-0.12049500644207001,0.4061129689216614,-0.9585162997245789,-0.013773800805211067,0.6067026853561401,-1.2745949029922485,-0.06899874657392502,0.7441222071647644,-1.454211950302124,-0.11063812673091888,0.8678404688835144,-1.6028997898101807,-0.13623255491256714,0.2742869257926941,-1.0228673219680786,-0.05568908900022507,0.4319292902946472,-1.2805116176605225,-0.10686071962118149,0.5473779439926147,-1.4251538515090942,-0.12907381355762482,0.6581116914749146,-1.5508023500442505,-0.14199422299861908,0.0,0.0,0.0,0.01131656114012003,0.09040125459432602,0.013280220329761505,0.042803939431905746,0.1340588629245758,0.022285882383584976,0.07207927852869034,0.15554431080818176,0.028839852660894394,0.10551492869853973,0.17636220157146454,0.03695305436849594,0.10694560408592224,0.10791800916194916,0.030464932322502136,0.15396428108215332,0.15897659957408905,0.03564540296792984,0.18633849918842316,0.1992088407278061,0.03722579777240753,0.2120867520570755,0.2328912317752838,0.03889553248882294,0.1294703632593155,0.07768059521913528,0.026271313428878784,0.18632011115550995,0.1373102217912674,0.034139327704906464,0.22057966887950897,0.18654248118400574,0.037971604615449905,0.24950379133224487,0.22515302896499634,0.04093026742339134,0.14586202800273895,0.03326885774731636,0.022154340520501137,0.2028936892747879,0.09016016125679016,0.030989637598395348,0.23676680028438568,0.13051149249076843,0.03590274229645729,0.26497021317481995,0.16114656627178192,0.038798313587903976,0.1558327078819275,0.029503455385565758,0.02034800872206688,0.20299245417118073,0.017212072387337685,0.028090285137295723,0.23323385417461395,0.04249100759625435,0.033842019736766815,0.25982317328453064,0.07037793099880219,0.038067854940891266
hola,0.0,0.0,0.0,0.27420666813850403,0.06173739954829216,-0.07019814848899841,0.5268421769142151,-0.12686610221862793,-0.07216237485408783,0.667313814163208,-0.4175778925418854,-0.07465514540672302,0.7364264726638794,-0.6882108449935913,-0.07550335675477982,0.5779651403427124,-0.6724932193756104,0.030241483822464943,0.7642002701759338,-0.9521004557609558,-0.02344694919884205,0.8833613395690918,-1.12248957157135,-0.08166400343179703,0.9887092709541321,-1.276652216911316,-0.12358574569225311,0.5044458508491516,-0.848577618598938,0.02098480798304081,0.7126522660255432,-1.1657789945602417,-0.024741627275943756,0.8527467846870422,-1.36021888256073,-0.07952435314655304,0.9781357049942017,-1.5229636430740356,-0.11828342825174332,0.40537387132644653,-0.9621531367301941,-0.007350505795329809,0.6015306711196899,-1.2892942428588867,-0.06040875241160393,0.7354799509048462,-1.475748896598816,-0.1035962849855423,0.8551942706108093,-1.6279418468475342,-0.13042256236076355,0.2714204788208008,-1.030033826828003,-0.045587342232465744,0.42428678274154663,-1.2983086109161377,-0.09581255912780762,0.5357456803321838,-1.4487577676773071,-0.11913745105266571,0.6425648331642151,-1.5773961544036865,-0.1324026733636856,0.0,0.0,0.0,0.012652737088501453,0.09919802844524384,0.012332883663475513,0.04253515601158142,0.14971868693828583,0.022513888776302338,0.07251831144094467,0.1693679392337799,0.029562871903181076,0.10489177703857422,0.18523184955120087,0.037292469292879105,0.10793226212263107,0.11806941032409668,0.028047576546669006,0.15880224108695984,0.16850410401821136,0.03158807381987572,0.1939290314912796,0.20599274337291718,0.03311960771679878,0.22218583524227142,0.23703362047672272,0.03452985733747482,0.13270434737205505,0.08309471607208252,0.02224746160209179,0.1937672644853592,0.1391771286725998,0.027137286961078644,0.2313251495361328,0.18583647906780243,0.029227714985609055,0.2618727684020996,0.2222249060869217,0.030909739434719086,0.15131011605262756,0.034585144370794296,0.015987902879714966,0.2093631625175476,0.08242961764335632,0.021296987310051918,0.24342411756515503,0.11780338734388351,0.023296721279621124,0.2707839608192444,0.14545756578445435,0.025034625083208084,0.1636570394039154,0.03633604571223259,0.01221403293311596,0.21221396327018738,0.02021169662475586,0.017553336918354034,0.24228154122829437,0.0327756293118,0.02111073210835457,0.2675632834434509,0.05481645092368126,0.02396649681031704
hola,0.0,0.0,0.0,0.2856568396091461,0.05284656956791878,-0.06507545709609985,0.5383176803588867,-0.14321120083332062,-0.06444614380598068,0.6732486486434937,-0.433998167514801,-0.0659882053732872,0.7319146394729614,-0.7102454900741577,-0.06671257317066193,0.5739250183105469,-0.6821011900901794,0.036108553409576416,0.7510235905647278,-0.9698899984359741,-0.016627628356218338,0.8656672239303589,-1.1469687223434448,-0.07433727383613586,0.9694631695747375,-1.305683970451355,-0.11639539152383804,0.4965822100639343,-0.8567384481430054,0.024386905133724213,0.6918109059333801,-1.1865906715393066,-0.02105729468166828,0.8263154029846191,-1.390658974647522,-0.07635823637247086,0.9499114155769348,-1.5615832805633545,-0.11602004617452621,0.3939761519432068,-0.9681576490402222,-0.006203406024724245,0.5782586336135864,-1.304738163948059,-0.05921722576022148,0.7056999802589417,-1.5015642642974854,-0.10275937616825104,0.8219063878059387,-1.664454698562622,-0.13028693199157715,0.25618061423301697,-1.0334030389785767,-0.04630317538976669,0.4004248082637787,-1.311307668685913,-0.09613321721553802,0.5054498910903931,-1.468685269355774,-0.11948690563440323,0.6064829230308533,-1.6057809591293335,-0.1333157867193222,0.0,0.0,0.0,0.010913776233792305,0.08381159603595734,0.01436040922999382,0.03785888850688934,0.12361425906419754,0.02518901601433754,0.05721789970993996,0.14268670976161957,0.03263179585337639,0.07769908756017685,0.1584213227033615,0.040697209537029266,0.09288990497589111,0.09685534983873367,0.03192386403679848,0.1299758404493332,0.14732731878757477,0.03817569464445114,0.15672558546066284,0.18245384097099304,0.04018344357609749,0.17857946455478668,0.2118196338415146,0.041199374943971634,0.11415134370326996,0.07144652307033539,0.025985566899180412,0.15965138375759125,0.12550891935825348,0.03317885473370552,0.18856181204319,0.16923056542873383,0.036520350724458694,0.2135830670595169,0.20454706251621246,0.03872908279299736,0.13050533831119537,0.03522856533527374,0.019580736756324768,0.17682389914989471,0.08325551450252533,0.026117820292711258,0.20330440998077393,0.11818051338195801,0.028891239315271378,0.22522494196891785,0.14691470563411713,0.03099917806684971,0.14079560339450836,0.016779659315943718,0.01538179162889719,0.179595947265625,0.019842419773340225,0.02198493666946888,0.2029498666524887,0.04309260472655296,0.0261374544352293,0.22261889278888702,0.06762195378541946,0.029331568628549576
hola,0.0,0.0,0.0,0.2714387774467468,0.046608276665210724,-0.06510982662439346,0.5187102556228638,-0.1480676382780075,-0.06200491636991501,0.6435410380363464,-0.4321088194847107,-0.061116963624954224,0.7027326226234436,-0.6955046653747559,-0.059136293828487396,0.5679806470870972,-0.6903424263000488,0.04505596682429314,0.7512951493263245,-0.9609052538871765,-0.004270274192094803,0.8670506477355957,-1.1286509037017822,-0.06211674213409424,0.9706584215164185,-1.284869909286499,-0.10468105971813202,0.4988786578178406,-0.8567554354667664,0.03387044370174408,0.7025242447853088,-1.163520097732544,-0.008644324727356434,0.8376444578170776,-1.3562381267547607,-0.06641820073127747,0.9611285924911499,-1.52435302734375,-0.10789738595485687,0.40451860427856445,-0.9634095430374146,0.0032976274378597736,0.5959184765815735,-1.2787617444992065,-0.048339154571294785,0.7255295515060425,-1.4640777111053467,-0.09488259255886078,0.8419876098632812,-1.6221946477890015,-0.12429865449666977,0.2740989327430725,-1.0260818004608154,-0.03682851418852806,0.4290573000907898,-1.285536527633667,-0.08502238988876343,0.5378867983818054,-1.4288415908813477,-0.10802432149648666,0.6433157920837402,-1.5569884777069092,-0.12165920436382294,0.0,0.0,0.0,0.05533858388662338,0.1320531964302063,0.021086934953927994,0.08022630959749222,0.19836853444576263,0.032724156975746155,0.0902826189994812,0.21101416647434235,0.04092869162559509,0.11264549195766449,0.22883455455303192,0.04866129159927368,0.09678053855895996,0.11084642261266708,0.034041035920381546,0.14110532402992249,0.15354828536510468,0.04052058979868889,0.17556144297122955,0.18556207418441772,0.04369741305708885,0.20418059825897217,0.21429771184921265,0.046191755682229996,0.10832059383392334,0.058457281440496445,0.028148014098405838,0.16470976173877716,0.10515192896127701,0.035280488431453705,0.20232465863227844,0.1453324556350708,0.038081929087638855,0.23528294265270233,0.18314823508262634,0.040391601622104645,0.11978539824485779,0.04158167913556099,0.02452426590025425,0.17145507037639618,0.0641983300447464,0.029827676713466644,0.2050512433052063,0.09350529313087463,0.031801488250494,0.2348661869764328,0.12613767385482788,0.033980000764131546,0.12893103063106537,0.10507085919380188,0.024758612737059593,0.17094631493091583,0.09492405503988266,0.030876606702804565,0.20040446519851685,0.08240833878517151,0.034629590809345245,0.22937601804733276,0.07960948348045349,0.037272341549396515
hola,0.0,0.0,0.0,0.27850380539894104,0.04952331632375717,-0.06992702931165695,0.5299640893936157,-0.14365558326244354,-0.0726313441991806,0.6643906831741333,-0.42067623138427734,-0.07714013755321503,0.7329307794570923,-0.680006742477417,-0.08024821430444717,0.5822575688362122,-0.6744588613510132,0.03542713075876236,0.7677900791168213,-0.9351859092712402,-0.01914721354842186,0.8855074644088745,-1.0925629138946533,-0.07956873625516891,0.9900510907173157,-1.2391942739486694,-0.12361022084951401,0.5110549330711365,-0.8476229906082153,0.025320112705230713,0.721280574798584,-1.1410106420516968,-0.021567106246948242,0.8585494160652161,-1.3166669607162476,-0.0783357322216034,0.9839967489242554,-1.4715521335601807,-0.11925635486841202,0.41289329528808594,-0.9629508852958679,-0.004813642706722021,0.6131721138954163,-1.2681798934936523,-0.05823087692260742,0.7452331185340881,-1.4431406259536743,-0.10195066034793854,0.8637648820877075,-1.590587854385376,-0.13013538718223572,0.27732107043266296,-1.0361435413360596,-0.045223627239465714,0.43204402923583984,-1.2890156507492065,-0.09325601160526276,0.5416139960289001,-1.4296433925628662,-0.11546877771615982,0.6485124826431274,-1.5556107759475708,-0.12951669096946716,0.0,0.0,0.0,0.02020857483148575,0.09676753729581833,0.02860649675130844,0.053998131304979324,0.1364968866109848,0.048073604702949524,0.08040083944797516,0.15603072941303253,0.06284404546022415,0.1158827617764473,0.17917582392692566,0.07654659450054169,0.10221443325281143,0.1002136766910553,0.03361232206225395,0.15370744466781616,0.14687404036521912,0.041777197271585464,0.191913902759552,0.1835646629333496,0.04891784116625786,0.22436358034610748,0.21763285994529724,0.0552118681371212,0.12145562469959259,0.06706560403108597,0.021628066897392273,0.18501576781272888,0.1144263967871666,0.030521290376782417,0.22685641050338745,0.15565064549446106,0.03690500184893608,0.2620091140270233,0.19234228134155273,0.04258372634649277,0.13405360281467438,0.025765707716345787,0.014726578257977962,0.193721204996109,0.06527835875749588,0.02136257477104664,0.23139795660972595,0.09669237583875656,0.025079479441046715,0.2638665735721588,0.12399343401193619,0.02844792790710926,0.13824033737182617,0.03712228685617447,0.01796291023492813,0.1850081980228424,0.025594886392354965,0.02099563553929329,0.21630319952964783,0.03627711161971092,0.024037517607212067,0.24504369497299194,0.053574319928884506,0.027250586077570915
hola,0.0,0.0,0.0,0.2813389301300049,0.05037892609834671,-0.07393108308315277,0.5432831645011902,-0.12583601474761963,-0.08059563487768173,0.683377742767334,-0.40972670912742615,-0.08741210401058197,0.7392979860305786,-0.6836889386177063,-0.09330211579799652,0.5885838270187378,-0.6706374883651733,0.022663328796625137,0.7658705711364746,-0.9543299674987793,-0.034973546862602234,0.8765383958816528,-1.131278157234192,-0.09666202962398529,0.9756253361701965,-1.290772557258606,-0.14136764407157898,0.5079726576805115,-0.8485968708992004,0.01371628325432539,0.7059047818183899,-1.1604554653167725,-0.03762874752283096,0.8382150530815125,-1.3541522026062012,-0.09687196463346481,0.9584197998046875,-1.5207182168960571,-0.1383858174085617,0.40177756547927856,-0.9603825807571411,-0.014158541336655617,0.5922633409500122,-1.2826646566390991,-0.07235430181026459,0.7220237255096436,-1.4693772792816162,-0.11737815290689468,0.8383884429931641,-1.6269023418426514,-0.14505741000175476,0.2592378854751587,-1.0221449136734009,-0.05193120986223221,0.4078925549983978,-1.287770390510559,-0.10595552623271942,0.513450562953949,-1.4400660991668701,-0.1299898624420166,0.6150925755500793,-1.5756133794784546,-0.14335517585277557,0.0,0.0,0.0,0.0163640845566988,0.09529940783977509,0.01458279974758625,0.04441383108496666,0.138774573802948,0.024895131587982178,0.07073015719652176,0.16030104458332062,0.03261933475732803,0.10392606258392334,0.17785389721393585,0.03974195197224617,0.10460156947374344,0.11040749400854111,0.024134062230587006,0.151418998837471,0.1583288609981537,0.03083551675081253,0.18474118411540985,0.19245855510234833,0.034967631101608276,0.21130743622779846,0.22206299006938934,0.037874821573495865,0.12354204058647156,0.07748498767614365,0.019810976460576057,0.18346548080444336,0.1313154250383377,0.02674965001642704,0.22116214036941528,0.17181755602359772,0.029440896585583687,0.2516010105609894,0.20488594472408295,0.031130092218518257,0.13517875969409943,0.03586627542972565,0.017308348789811134,0.1932700127363205,0.08015812933444977,0.023153293877840042,0.22743220627307892,0.11249532550573349,0.02426736429333687,0.25510475039482117,0.13965578377246857,0.025123383849859238,0.13874399662017822,0.030290229246020317,0.01837890036404133,0.18542900681495667,0.023667309433221817,0.0226959940046072,0.2143014371395111,0.044406432658433914,0.024637028574943542,0.24003778398036957,0.06965281069278717,0.026587406173348427
hola,0.0,0.0,0.0,0.282523512840271,0.055065590888261795,-0.07928004115819931,0.546157956123352,-0.10891449451446533,-0.08707032352685928,0.6914273500442505,-0.40616726875305176,-0.09405206888914108,0.7499152421951294,-0.6870277523994446,-0.09938489645719528,0.5942822098731995,-0.6573716402053833,0.0268432404845953,0.7774031162261963,-0.9435070157051086,-0.02895912528038025,0.890473484992981,-1.123909592628479,-0.09040519595146179,0.9912756085395813,-1.2880525588989258,-0.1353124976158142,0.5157740712165833,-0.8379644155502319,0.019731275737285614,0.7207934260368347,-1.1549186706542969,-0.029819030314683914,0.8562484979629517,-1.3523802757263184,-0.09015364199876785,0.9777835011482239,-1.521043062210083,-0.13292735815048218,0.41237688064575195,-0.9527133107185364,-0.007140382193028927,0.6060440540313721,-1.2772181034088135,-0.064930260181427,0.7376781702041626,-1.4631859064102173,-0.11147715896368027,0.8556739687919617,-1.6174352169036865,-0.14027248322963715,0.27282971143722534,-1.020458698272705,-0.044503103941679,0.42307502031326294,-1.2885833978652954,-0.09860102832317352,0.5308843851089478,-1.4361997842788696,-0.12329264730215073,0.6356682181358337,-1.565147042274475,-0.13711950182914734,0.0,0.0,0.0,0.015623674727976322,0.11307090520858765,0.013928191736340523,0.049273695796728134,0.17029018700122833,0.022099165245890617,0.07905353605747223,0.19470083713531494,0.027030764147639275,0.12152072787284851,0.21469688415527344,0.032055795192718506,0.1267952024936676,0.13117659091949463,0.025579730048775673,0.1896222084760666,0.18486212193965912,0.03576933592557907,0.2349194437265396,0.2247663140296936,0.040573373436927795,0.27117976546287537,0.25992831587791443,0.042451370507478714,0.1500333845615387,0.09110330790281296,0.02436446212232113,0.22766904532909393,0.15620680153369904,0.03430930897593498,0.27722856402397156,0.20738455653190613,0.03430655971169472,0.31771188974380493,0.24904726445674896,0.033247604966163635,0.16526632010936737,0.04031985253095627,0.026889780536293983,0.2403116673231125,0.09529539942741394,0.03478709235787392,0.2858025133609772,0.13574080169200897,0.03343157842755318,0.32317978143692017,0.17100657522678375,0.03224659711122513,0.17218753695487976,0.03106655739247799,0.03256716951727867,0.23201872408390045,0.018429813906550407,0.037551719695329666,0.2693709135055542,0.04380463436245918,0.03768876567482948,0.3017798364162445,0.07428635656833649,0.0381854847073555
hola,0.0,0.0,0.0,0.25409162044525146,0.012788047082722187,-0.05570458620786667,0.47646528482437134,-0.2331535518169403,-0.053693681955337524,0.5828279256820679,-0.5214375257492065,-0.05492229387164116,0.6511911749839783,-0.7680959701538086,-0.055161021649837494,0.5172823667526245,-0.7473117709159851,0.03377929702401161,0.6883867383003235,-1.0292623043060303,-0.01789584942162037,0.8056308031082153,-1.2027337551116943,-0.07192648947238922,0.9059990644454956,-1.3601397275924683,-0.11025804281234741,0.44691723585128784,-0.8857925534248352,0.018192768096923828,0.6438354253768921,-1.1999917030334473,-0.02715291455388069,0.7808792591094971,-1.3897258043289185,-0.07614260166883469,0.903154730796814,-1.5532844066619873,-0.10933135449886322,0.3533357083797455,-0.9700137376785278,-0.015285134315490723,0.5404214262962341,-1.2969175577163696,-0.06759191304445267,0.6714467406272888,-1.4869203567504883,-0.10566272586584091,0.7884527444839478,-1.6475193500518799,-0.1278926581144333,0.22723522782325745,-1.0119432210922241,-0.05732090026140213,0.3778555989265442,-1.2774642705917358,-0.10559801757335663,0.4890104830265045,-1.429670810699463,-0.12545226514339447,0.5955382585525513,-1.5628668069839478,-0.13587313890457153,0.0,0.0,0.0,0.012247482314705849,0.0701071172952652,0.013933571986854076,0.03226117417216301,0.10113602131605148,0.023142363876104355,0.05049782618880272,0.11409422755241394,0.02924502268433571,0.07087289541959763,0.12845942378044128,0.035996679216623306,0.08936069160699844,0.08098022639751434,0.029008643701672554,0.12167856097221375,0.11264730989933014,0.03507267311215401,0.14446718990802765,0.1358555406332016,0.03701101988554001,0.1631123274564743,0.15211740136146545,0.03804958984255791,0.10659629851579666,0.0587385892868042,0.022193945944309235,0.145961195230484,0.09799975901842117,0.028312481939792633,0.1715378612279892,0.13059329986572266,0.029912229627370834,0.193490669131279,0.15215983986854553,0.031121060252189636,0.11927157640457153,0.026910586282610893,0.01572260633111,0.15963271260261536,0.06720178574323654,0.022351449355483055,0.1865682154893875,0.09656532108783722,0.025027180090546608,0.20838256180286407,0.11591341346502304,0.026694823056459427,0.12857896089553833,0.02149159461259842,0.012582411989569664,0.1656169891357422,0.01863686367869377,0.01818253844976425,0.18787051737308502,0.030210839584469795,0.022193200886249542,0.2066199779510498,0.04334777966141701,0.025165917351841927
hola,0.0,0.0,0.0,0.26244643330574036,0.041954778134822845,-0.04491572082042694,0.4990510046482086,-0.20838816463947296,-0.03195473551750183,0.6113206744194031,-0.496467649936676,-0.02574233151972294,0.6853504180908203,-0.7341387271881104,-0.018444696441292763,0.5693123936653137,-0.716244101524353,0.06498531997203827,0.7528250813484192,-0.9841346740722656,0.0199858658015728,0.8791370391845703,-1.1537635326385498,-0.032398711889982224,0.9845321774482727,-1.3137433528900146,-0.07103421539068222,0.5091801285743713,-0.8492860794067383,0.042979877442121506,0.7191330194473267,-1.1434495449066162,0.002044067718088627,0.8615342378616333,-1.3313047885894775,-0.04883280768990517,0.9879714250564575,-1.5042001008987427,-0.08432428538799286,0.4234725832939148,-0.9388213157653809,0.0017922495026141405,0.6298486590385437,-1.238476276397705,-0.04922804981470108,0.7695523500442505,-1.4213215112686157,-0.09045230597257614,0.8916166424751282,-1.5879292488098145,-0.11473555862903595,0.3027406334877014,-1.0005203485488892,-0.04760577529668808,0.47915560007095337,-1.2400076389312744,-0.09579376876354218,0.6034258008003235,-1.3816933631896973,-0.1181013360619545,0.7204223275184631,-1.513171911239624,-0.13067254424095154,0.0,0.0,0.0,0.014496301300823689,0.07005296647548676,0.020205745473504066,0.035317618399858475,0.08911177515983582,0.03145323693752289,0.059110481292009354,0.10153059661388397,0.03797534108161926,0.08047589659690857,0.12589068710803986,0.04493073374032974,0.09542574733495712,0.08233176171779633,0.03178257867693901,0.12915566563606262,0.11678621917963028,0.03697739169001579,0.1572464555501938,0.14018040895462036,0.03990751504898071,0.1794309765100479,0.15897585451602936,0.041557833552360535,0.11220171302556992,0.06759864091873169,0.021037166938185692,0.1530761569738388,0.11010778695344925,0.026742281392216682,0.18358707427978516,0.1393047720193863,0.029270265251398087,0.20955990254878998,0.16291506588459015,0.03087693266570568,0.12328492850065231,0.04115829989314079,0.013791915029287338,0.16425293684005737,0.07848930358886719,0.01825689896941185,0.19335497915744781,0.10229221731424332,0.020226366817951202,0.21874967217445374,0.12107305228710175,0.02185133472084999,0.13207784295082092,0.013973253779113293,0.017002427950501442,0.17067432403564453,0.033587776124477386,0.018661875277757645,0.1965901106595993,0.05520736053586006,0.02075520157814026,0.220931276679039,0.07725344598293304,0.0233547892421484
hola,0.0,0.0,0.0,0.2682163119316101,0.030177254229784012,-0.046357471495866776,0.499581515789032,-0.20146706700325012,-0.035707686096429825,0.610645592212677,-0.4696299135684967,-0.03179461136460304,0.6735119819641113,-0.709141194820404,-0.0276632122695446,0.5489352345466614,-0.7227935194969177,0.06470733135938644,0.7313331365585327,-0.9765170812606812,0.018023261800408363,0.8568970561027527,-1.1329728364944458,-0.037006817758083344,0.9647881388664246,-1.2820913791656494,-0.07688018679618835,0.4848249852657318,-0.863874077796936,0.04317564517259598,0.6942431926727295,-1.1502336263656616,0.0035572759807109833,0.8357071876525879,-1.330568790435791,-0.0491403304040432,0.9641101956367493,-1.4933873414993286,-0.08689947426319122,0.39455583691596985,-0.9597932696342468,0.0021768922451883554,0.599521279335022,-1.2506964206695557,-0.047424230724573135,0.7415180802345276,-1.4239325523376465,-0.09063427150249481,0.8675335049629211,-1.5773661136627197,-0.11758379638195038,0.2680858373641968,-1.0266168117523193,-0.04709038510918617,0.4381083846092224,-1.266571283340454,-0.09341802448034286,0.5617431402206421,-1.3990322351455688,-0.11462777853012085,0.6798350214958191,-1.5176424980163574,-0.12742795050144196,0.0,0.0,0.0,0.015620318241417408,0.07884375005960464,0.02165388874709606,0.029707133769989014,0.10733827203512192,0.03477560356259346,0.044279370456933975,0.1295853704214096,0.04224864020943642,0.0658816397190094,0.16593942046165466,0.049594540148973465,0.08912110328674316,0.08206485211849213,0.038727615028619766,0.1286165565252304,0.12718595564365387,0.04560726508498192,0.16062751412391663,0.1545296460390091,0.048042312264442444,0.184175044298172,0.17632810771465302,0.049599286168813705,0.10884460806846619,0.06464764475822449,0.027853049337863922,0.1590626984834671,0.11935045570135117,0.03617605194449425,0.19134920835494995,0.15716338157653809,0.039015933871269226,0.21801617741584778,0.18805456161499023,0.04071181267499924,0.12353890389204025,0.031324777752161026,0.017916327342391014,0.17331303656101227,0.08032512664794922,0.025907494127750397,0.2084314376115799,0.11618460714817047,0.029287876561284065,0.2370072901248932,0.14502005279064178,0.03142571821808815,0.13336902856826782,0.030918993055820465,0.014567499980330467,0.17724797129631042,0.01670680195093155,0.02124016173183918,0.2058008462190628,0.041822806000709534,0.026530936360359192,0.23154453933238983,0.0701238289475441,0.030252868309617043
hola,0.0,0.0,0.0,0.2817845344543457,0.05572573468089104,-0.044771455228328705,0.52464759349823,-0.1497311294078827,-0.032720405608415604,0.6483839750289917,-0.4186682105064392,-0.0285482294857502,0.7161927819252014,-0.6660765409469604,-0.024486849084496498,0.5858319997787476,-0.6777738928794861,0.07256578654050827,0.7762950658798218,-0.9331932067871094,0.02618662640452385,0.9006121754646301,-1.0849285125732422,-0.02989647351205349,1.0104178190231323,-1.228805661201477,-0.07093833386898041,0.5215078592300415,-0.8392864465713501,0.04976210370659828,0.7389900088310242,-1.1270846128463745,0.010235617868602276,0.8824607729911804,-1.3016778230667114,-0.044913727790117264,1.012539267539978,-1.453092336654663,-0.08456893265247345,0.4287335276603699,-0.9520522952079773,0.007184328977018595,0.6392987966537476,-1.2464536428451538,-0.04235587641596794,0.7811095118522644,-1.413178563117981,-0.08624234795570374,0.9082373380661011,-1.5571374893188477,-0.11381467431783676,0.2987974286079407,-1.0318834781646729,-0.043693095445632935,0.4731104373931885,-1.2790467739105225,-0.08983267098665237,0.5961297750473022,-1.410172462463379,-0.11055509001016617,0.7145861983299255,-1.527426838874817,-0.12304417788982391,0.0,0.0,0.0,0.01809781976044178,0.09180080145597458,0.02097046934068203,0.035886116325855255,0.12064806371927261,0.036385998129844666,0.05649925023317337,0.14857417345046997,0.046961646527051926,0.09330587089061737,0.1763330101966858,0.057460859417915344,0.09912902116775513,0.09510159492492676,0.04064387455582619,0.1476612240076065,0.15265417098999023,0.05006744712591171,0.1836615949869156,0.19382525980472565,0.05522066354751587,0.21273308992385864,0.22646461427211761,0.058418530970811844,0.12209781259298325,0.07247725129127502,0.03147825971245766,0.18357396125793457,0.1345926821231842,0.04128609597682953,0.2237851619720459,0.18214741349220276,0.0448339618742466,0.25875771045684814,0.21917960047721863,0.04692879319190979,0.13830503821372986,0.0352909229695797,0.02320261113345623,0.19757843017578125,0.09137561917304993,0.03083563968539238,0.23695211112499237,0.12898223102092743,0.033447232097387314,0.2706052362918854,0.15926885604858398,0.03539583832025528,0.1487351804971695,0.027911856770515442,0.020103584975004196,0.199384868144989,0.025662075728178024,0.026567677035927773,0.2327326387166977,0.04842139035463333,0.03192490339279175,0.2630845606327057,0.07546943426132202,0.036071307957172394
hola,0.0,0.0,0.0,0.28080981969833374,0.057150788605213165,-0.07184035331010818,0.5474799871444702,-0.12459634244441986,-0.07373135536909103,0.689736008644104,-0.40853196382522583,-0.07684825360774994,0.7412327527999878,-0.6832509636878967,-0.07857120782136917,0.6007221937179565,-0.6670672297477722,0.039146553725004196,0.7856577634811401,-0.9473491907119751,-0.013591756112873554,0.9023895263671875,-1.1231454610824585,-0.07331595569849014,1.005965232849121,-1.2845118045806885,-0.11708100885152817,0.5290590524673462,-0.836743175983429,0.029703155159950256,0.737549901008606,-1.1424206495285034,-0.01792004518210888,0.8753381967544556,-1.335155963897705,-0.07798271626234055,0.9991846084594727,-1.504891276359558,-0.12007217109203339,0.4316578507423401,-0.9463835954666138,0.0005312106804922223,0.6337279081344604,-1.2520753145217896,-0.05536072328686714,0.7701945304870605,-1.4321794509887695,-0.10149232298135757,0.8894075155258179,-1.588500738143921,-0.129667729139328,0.2987794280052185,-1.0142359733581543,-0.03868146613240242,0.46276822686195374,-1.2671154737472534,-0.08999904245138168,0.5755754709243774,-1.407192587852478,-0.11297576129436493,0.6809962391853333,-1.5327484607696533,-0.1257476508617401,0.0,0.0,0.0,0.01365728210657835,0.08298590034246445,0.02657846175134182,0.02865319512784481,0.11074208468198776,0.045054420828819275,0.045797910541296005,0.13625934720039368,0.05798856168985367,0.08351808041334152,0.16253356635570526,0.07040469348430634,0.09025773406028748,0.09143722057342529,0.04426660016179085,0.13530369102954865,0.14364685118198395,0.05435182526707649,0.1715620905160904,0.1829056441783905,0.05979379639029503,0.19983547925949097,0.21706512570381165,0.06408844888210297,0.11225473135709763,0.07326009124517441,0.03326905518770218,0.1683068573474884,0.1319868117570877,0.04386143386363983,0.20658983290195465,0.17646659910678864,0.048677463084459305,0.2384517341852188,0.21221968531608582,0.052768103778362274,0.129417285323143,0.041287925094366074,0.024302132427692413,0.1826183944940567,0.0933213010430336,0.03301895409822464,0.2180367112159729,0.1302655041217804,0.03611952066421509,0.24770817160606384,0.1592199057340622,0.039485182613134384,0.14207203686237335,0.03137931972742081,0.021937981247901917,0.18779584765434265,0.044523417949676514,0.02804502099752426,0.2168286293745041,0.06351115554571152,0.03231591358780861,0.24260932207107544,0.08348926156759262,0.03678391873836517
hola,0.0,0.0,0.0,0.27948254346847534,0.05132551118731499,-0.07371428608894348,0.538067102432251,-0.12089185416698456,-0.08065862953662872,0.6774002313613892,-0.3935117721557617,-0.08898653090000153,0.7258145213127136,-0.6581292748451233,-0.09631137549877167,0.5908541083335876,-0.6652217507362366,0.0281472597271204,0.7658830881118774,-0.9445907473564148,-0.028274253010749817,0.8711320757865906,-1.117475986480713,-0.09043217450380325,0.9645616412162781,-1.2780389785766602,-0.13612505793571472,0.5131649374961853,-0.8375017046928406,0.017983419820666313,0.709328830242157,-1.1441740989685059,-0.03187541291117668,0.83452969789505,-1.3371717929840088,-0.09255455434322357,0.9477689862251282,-1.5057178735733032,-0.1360602080821991,0.4096372127532959,-0.9476849436759949,-0.011407813057303429,0.6009131669998169,-1.2552368640899658,-0.06847429275512695,0.7266403436660767,-1.4358683824539185,-0.11321783065795898,0.8389029502868652,-1.5895001888275146,-0.14139890670776367,0.2699907422065735,-1.0128954648971558,-0.050947390496730804,0.4225698411464691,-1.266814112663269,-0.1030789390206337,0.528178870677948,-1.4089761972427368,-0.12491170316934586,0.6298381090164185,-1.536118745803833,-0.13736139237880707,0.0,0.0,0.0,0.025505151599645615,0.10489413142204285,0.02581322379410267,0.05813959240913391,0.17000022530555725,0.04110913723707199,0.08818919211626053,0.20242582261562347,0.050643786787986755,0.13068419694900513,0.21622473001480103,0.06004565581679344,0.13063955307006836,0.1353943645954132,0.04364267364144325,0.195500910282135,0.19351011514663696,0.05002099648118019,0.24159851670265198,0.24218390882015228,0.053376346826553345,0.27938762307167053,0.28650981187820435,0.05620324984192848,0.15530909597873688,0.09840608388185501,0.03353927657008171,0.23343020677566528,0.16255442798137665,0.0407838374376297,0.28319787979125977,0.21491926908493042,0.0448550321161747,0.32362881302833557,0.26088857650756836,0.04788801819086075,0.17107230424880981,0.046377211809158325,0.025546466931700706,0.24528343975543976,0.10700128972530365,0.032452892512083054,0.2897200882434845,0.1513490229845047,0.035966191440820694,0.3265610933303833,0.19137154519557953,0.0379473939538002,0.17731864750385284,0.03182186558842659,0.02477278560400009,0.23976099491119385,0.03513433784246445,0.030537614598870277,0.27728480100631714,0.06550692021846771,0.03503241017460823,0.3109094500541687,0.09586548805236816,0.03796821087598801
hola,0.0,0.0,0.0,0.26228392124176025,0.0026962030678987503,-0.06504775583744049,0.503233790397644,-0.216079980134964,-0.06845690310001373,0.622020423412323,-0.5005089640617371,-0.07373836636543274,0.6548612713813782,-0.768621563911438,-0.07744737714529037,0.5329989194869995,-0.7296253442764282,0.03596140816807747,0.6899054646492004,-1.007339358329773,-0.01546487770974636,0.7895904183387756,-1.1795105934143066,-0.07327058911323547,0.8777284622192383,-1.337903618812561,-0.11534334719181061,0.45557719469070435,-0.8764104843139648,0.0248049758374691,0.6346381902694702,-1.183923363685608,-0.020784031599760056,0.7546485662460327,-1.372437834739685,-0.07446690648794174,0.8635308146476746,-1.538156270980835,-0.11171456426382065,0.35582226514816284,-0.9642841219902039,-0.005091427359730005,0.5317481160163879,-1.2748981714248657,-0.05731656029820442,0.6516796350479126,-1.4537227153778076,-0.09626211225986481,0.7584463357925415,-1.6079221963882446,-0.11976592242717743,0.22419586777687073,-1.0061248540878296,-0.04469555988907814,0.36595720052719116,-1.2586681842803955,-0.09156246483325958,0.46643418073654175,-1.4028738737106323,-0.11006034910678864,0.5623229146003723,-1.533158540725708,-0.11997278034687042,0.0,0.0,0.0,0.019357554614543915,0.07944842427968979,0.017114080488681793,0.05176876112818718,0.11894748359918594,0.028121789917349815,0.07880179584026337,0.14328943192958832,0.03527061268687248,0.10521649569272995,0.15553586184978485,0.04286682978272438,0.11399395763874054,0.0979183092713356,0.0337885320186615,0.15636417269706726,0.1459406316280365,0.03989133983850479,0.1888234168291092,0.1847618967294693,0.04146478697657585,0.21532317996025085,0.21976740658283234,0.04263792186975479,0.13364443182945251,0.07202261686325073,0.026279402896761894,0.1844644695520401,0.12558233737945557,0.033586110919713974,0.21700575947761536,0.17011411488056183,0.03541964292526245,0.24421906471252441,0.2073604315519333,0.036877941340208054,0.14675123989582062,0.032556675374507904,0.019877156242728233,0.19728697836399078,0.08434950560331345,0.028242293745279312,0.2288961112499237,0.12615305185317993,0.03194547817111015,0.2546215057373047,0.16200315952301025,0.03438597545027733,0.152433380484581,0.02667686901986599,0.018055584281682968,0.19496843218803406,0.01806909404695034,0.02495008520781994,0.22138851881027222,0.04416538402438164,0.030630143359303474,0.24510090053081512,0.0721765011548996,0.03505125269293785
hola,0.0,0.0,0.0,0.26329049468040466,0.04260992258787155,-0.05724477767944336,0.5093871355056763,-0.1719760000705719,-0.054277341812849045,0.6343680620193481,-0.4539533257484436,-0.05565445497632027,0.6954408884048462,-0.7189736366271973,-0.05607379600405693,0.5621132254600525,-0.7052395939826965,0.04580125957727432,0.7478622794151306,-0.9660922288894653,-0.008673419244587421,0.8778908848762512,-1.1231368780136108,-0.06749490648508072,0.9915444254875183,-1.2647650241851807,-0.1086650863289833,0.4995017647743225,-0.857467532157898,0.028879458084702492,0.7116536498069763,-1.1524766683578491,-0.01814395748078823,0.8597856760025024,-1.3311245441436768,-0.07092798501253128,0.9940444231033325,-1.4858903884887695,-0.10643520206212997,0.4112599790096283,-0.9607211947441101,-0.007619989104568958,0.6166892647743225,-1.264988660812378,-0.06201101467013359,0.7618498802185059,-1.4413853883743286,-0.10190723091363907,0.8923269510269165,-1.5904242992401123,-0.12471302598714828,0.28759250044822693,-1.0291494131088257,-0.05342642217874527,0.45692747831344604,-1.2787988185882568,-0.10283764451742172,0.5799041986465454,-1.4210827350616455,-0.12276147305965424,0.6969751119613647,-1.54286527633667,-0.13282199203968048,0.0,0.0,0.0,0.01141446828842163,0.06457450985908508,0.014287400059401989,0.03110981360077858,0.09338914602994919,0.02405848167836666,0.049801625311374664,0.10837839543819427,0.02984730526804924,0.06827692687511444,0.11816058307886124,0.03608820214867592,0.08507510274648666,0.07662856578826904,0.03334181010723114,0.11380092799663544,0.10969625413417816,0.03788689896464348,0.13560104370117188,0.13617302477359772,0.03780282661318779,0.15299639105796814,0.15821067988872528,0.03739902377128601,0.10089730471372604,0.05982258543372154,0.025584887713193893,0.1349264681339264,0.09860660880804062,0.03109137900173664,0.15646977722644806,0.12881484627723694,0.03159619867801666,0.17467711865901947,0.15330959856510162,0.03153302147984505,0.11399140954017639,0.031038232147693634,0.01684616692364216,0.14903834462165833,0.07186064124107361,0.02285848744213581,0.1722482442855835,0.09833862632513046,0.02572469227015972,0.1917213797569275,0.1175641268491745,0.02757112681865692,0.1240844577550888,0.023945916444063187,0.009934409521520138,0.1569596379995346,0.02438349463045597,0.016861768439412117,0.1753612458705902,0.04218761995434761,0.022446168586611748,0.19050270318984985,0.05929187685251236,0.026220031082630157
hola,0.0,0.0,0.0,0.2680928409099579,0.033707864582538605,-0.06761343777179718,0.5164411664009094,-0.168824702501297,-0.06930028647184372,0.6390764117240906,-0.4577774405479431,-0.0731462612748146,0.6855812072753906,-0.7285994291305542,-0.07542423903942108,0.562620997428894,-0.7013729214668274,0.04182147979736328,0.7334163188934326,-0.9705727696418762,-0.010923394933342934,0.8478870391845703,-1.1329872608184814,-0.07037250697612762,0.9503089785575867,-1.2808921337127686,-0.11295358091592789,0.4897765517234802,-0.8576257824897766,0.031052518635988235,0.6841651201248169,-1.1532859802246094,-0.013908939436078072,0.8172054290771484,-1.3328056335449219,-0.0686534196138382,0.9402349591255188,-1.4894078969955444,-0.10696744918823242,0.3941582143306732,-0.9591039419174194,0.00022964077652432024,0.5848166942596436,-1.2565950155258179,-0.05148771405220032,0.7173884510993958,-1.4313604831695557,-0.092086561024189,0.8368993997573853,-1.580524206161499,-0.11676283180713654,0.2634785771369934,-1.0224775075912476,-0.04088369756937027,0.41885414719581604,-1.2718385457992554,-0.0870891809463501,0.5289270281791687,-1.4115689992904663,-0.10606609284877777,0.6329770684242249,-1.535613775253296,-0.11645946651697159,0.0,0.0,0.0,0.018492378294467926,0.09332771599292755,0.014100747182965279,0.04582439735531807,0.13905631005764008,0.023838592693209648,0.06800654530525208,0.15831175446510315,0.029737018048763275,0.10104962438344955,0.1706945151090622,0.035923462361097336,0.11348168551921844,0.1065300703048706,0.030287204310297966,0.15895645320415497,0.1507173329591751,0.034172073006629944,0.19351592659950256,0.18638978898525238,0.034580767154693604,0.22180302441120148,0.2177368849515915,0.035224441438913345,0.13165055215358734,0.07591994851827621,0.02317815274000168,0.18712086975574493,0.12300248444080353,0.028919175267219543,0.22335927188396454,0.16061748564243317,0.02998163178563118,0.2539317309856415,0.19248615205287933,0.03083527646958828,0.1436743140220642,0.034096118062734604,0.016149546951055527,0.198802649974823,0.08181148767471313,0.022979041561484337,0.2340499758720398,0.1155906692147255,0.02541564404964447,0.2630884647369385,0.1446620374917984,0.026944976300001144,0.14939019083976746,0.028010832145810127,0.012971347197890282,0.197222501039505,0.017499849200248718,0.019850600510835648,0.2278767228126526,0.04064560309052467,0.025081176310777664,0.25436168909072876,0.06666316837072372,0.02868562936782837
hola,0.0,0.0,0.0,0.27452147006988525,0.067081019282341,-0.04233335331082344,0.5138269662857056,-0.15367721021175385,-0.025828460231423378,0.6322964429855347,-0.42554083466529846,-0.016877977177500725,0.7032327651977539,-0.6725846529006958,-0.0071377260610461235,0.5706773400306702,-0.694057822227478,0.07842934876680374,0.7624716758728027,-0.9293410181999207,0.03469362109899521,0.8977678418159485,-1.072723388671875,-0.01996884122490883,1.015785574913025,-1.2093698978424072,-0.05962035804986954,0.5151394605636597,-0.8489556312561035,0.05690087750554085,0.7327777147293091,-1.1250360012054443,0.022374752908945084,0.8842865228652954,-1.2939516305923462,-0.027749905362725258,1.0249637365341187,-1.44698166847229,-0.06364243477582932,0.4308153986930847,-0.9589565396308899,0.015486021526157856,0.6406184434890747,-1.247304081916809,-0.030139070004224777,0.7877587080001831,-1.4170275926589966,-0.07079856097698212,0.9221817851066589,-1.5698158740997314,-0.09566416591405869,0.308447003364563,-1.0387194156646729,-0.03420805558562279,0.4847272038459778,-1.279186487197876,-0.07691295444965363,0.6121916770935059,-1.4131882190704346,-0.09547679126262665,0.7347894906997681,-1.5340529680252075,-0.10610181093215942,0.0,0.0,0.0,0.01615712232887745,0.05736354738473892,0.013976605609059334,0.020984841510653496,0.07303343713283539,0.022970622405409813,0.03682927414774895,0.08860275149345398,0.028039349243044853,0.060687143355607986,0.10189485549926758,0.03334217891097069,0.06810220330953598,0.06417183578014374,0.02967066504061222,0.0952315554022789,0.10067131370306015,0.034653257578611374,0.11876935511827469,0.1270020455121994,0.036499276757240295,0.1364903450012207,0.14929431676864624,0.03734540566802025,0.08519270271062851,0.05385971814393997,0.02256450615823269,0.11613680422306061,0.09545533359050751,0.02791900373995304,0.13858924806118011,0.12855833768844604,0.028719410300254822,0.15764883160591125,0.15663063526153564,0.02880796045064926,0.09883839637041092,0.03311559557914734,0.016115481033921242,0.13240911066532135,0.07160186767578125,0.021144600585103035,0.15634672343730927,0.09711562097072601,0.022362258285284042,0.1763693243265152,0.11682392656803131,0.022760668769478798,0.1111716702580452,0.01631513051688671,0.014687218703329563,0.14093787968158722,0.03188064321875572,0.01874721422791481,0.159873828291893,0.051005467772483826,0.02141440287232399,0.17556416988372803,0.07011952996253967,0.023416593670845032
hola,0.0,0.0,0.0,0.2703855037689209,0.023604150861501694,-0.0539386086165905,0.49785083532333374,-0.19495126605033875,-0.04798784479498863,0.6107881665229797,-0.4630347192287445,-0.04695488512516022,0.675994873046875,-0.7077596187591553,-0.045545656234025955,0.5223105549812317,-0.7272340655326843,0.0589018240571022,0.6935482025146484,-0.9893729090690613,0.011459393426775932,0.8089569807052612,-1.148441195487976,-0.04442416876554489,0.9112601280212402,-1.2959531545639038,-0.08496031910181046,0.45185089111328125,-0.8756182789802551,0.04116556793451309,0.6475832462310791,-1.1746844053268433,0.0011473484337329865,0.7811903357505798,-1.3600984811782837,-0.05368062108755112,0.9041305780410767,-1.5206060409545898,-0.09315560758113861,0.3563292324542999,-0.9717733263969421,0.0036477618850767612,0.5452121496200562,-1.277801752090454,-0.04715849459171295,0.6768587231636047,-1.4562791585922241,-0.09343932569026947,0.7963055372238159,-1.6103798151016235,-0.12240049988031387,0.2262479066848755,-1.0313026905059814,-0.042493466287851334,0.3826487362384796,-1.2844176292419434,-0.0911916196346283,0.4967897832393646,-1.427092432975769,-0.11582455784082413,0.6077386140823364,-1.5544670820236206,-0.13069406151771545,0.0,0.0,0.0,0.02555251121520996,0.115630604326725,0.018230486661195755,0.0568179152905941,0.15659117698669434,0.03055465780198574,0.08372761309146881,0.1758616715669632,0.03817681595683098,0.10194163024425507,0.1948525309562683,0.045453548431396484,0.11961676180362701,0.12105175852775574,0.0353463813662529,0.1758551448583603,0.1781044602394104,0.03998294845223427,0.21778444945812225,0.21654562652111053,0.041298333555459976,0.252831369638443,0.2462446540594101,0.04183021932840347,0.1432737410068512,0.07881151884794235,0.02627258189022541,0.21598097681999207,0.14156781136989594,0.0335017591714859,0.2624390423297882,0.18613611161708832,0.03407441824674606,0.30397161841392517,0.2192990481853485,0.0336320623755455,0.15728886425495148,0.024706494063138962,0.018684932962059975,0.2283857762813568,0.07488366216421127,0.02309821918606758,0.27401474118232727,0.11290805041790009,0.023146074265241623,0.3126886785030365,0.14198997616767883,0.024871312081813812,0.1624225676059723,0.060452770441770554,0.01887592487037182,0.22380980849266052,0.029185665771365166,0.02014114521443844,0.2648247182369232,0.03030180186033249,0.022492123767733574,0.3010295331478119,0.05821020528674126,0.026387305930256844
hola,0.0,0.0,0.0,0.2465856373310089,-0.031150856986641884,-0.06299103796482086,0.4522530436515808,-0.2917228937149048,-0.06537656486034393,0.5462732911109924,-0.5691213011741638,-0.07054832577705383,0.6063145399093628,-0.8070858716964722,-0.07475539296865463,0.48718157410621643,-0.7812877297401428,0.03304685279726982,0.6414109468460083,-1.0609339475631714,-0.020332301035523415,0.7476043701171875,-1.232404351234436,-0.07867757976055145,0.8406513333320618,-1.3906958103179932,-0.12138785421848297,0.4116927981376648,-0.9010850787162781,0.019094735383987427,0.5882675051689148,-1.2065339088439941,-0.028939813375473022,0.7097254395484924,-1.3945438861846924,-0.08496277034282684,0.8215340375900269,-1.5606892108917236,-0.12450383603572845,0.31222838163375854,-0.965986430644989,-0.013952101580798626,0.48458757996559143,-1.2828054428100586,-0.07110892236232758,0.6049095392227173,-1.471592664718628,-0.11727242171764374,0.7129888534545898,-1.636919379234314,-0.1458309441804886,0.181034654378891,-0.9896053075790405,-0.055966563522815704,0.3216198682785034,-1.2445333003997803,-0.10995189845561981,0.42390307784080505,-1.3966317176818848,-0.1363110989332199,0.522933304309845,-1.5372800827026367,-0.15234561264514923,0.0,0.0,0.0,0.01814913935959339,0.07975778728723526,0.01601129211485386,0.04430151358246803,0.11331142485141754,0.026385657489299774,0.06608638167381287,0.13656900823116302,0.03436169773340225,0.08612768352031708,0.16380217671394348,0.04301793500781059,0.10115520656108856,0.07919418811798096,0.02513139508664608,0.13905444741249084,0.12219035625457764,0.027528272941708565,0.17225120961666107,0.15122729539871216,0.028122471645474434,0.19973152875900269,0.17560549080371857,0.029059026390314102,0.12007205933332443,0.058834005147218704,0.017645424231886864,0.16843797266483307,0.10426424443721771,0.020729057490825653,0.20354917645454407,0.13864801824092865,0.021638914942741394,0.23493777215480804,0.1641516387462616,0.024564621970057487,0.1322762817144394,0.02419903874397278,0.015394898131489754,0.18234966695308685,0.0628587082028389,0.01985562965273857,0.2186504751443863,0.09146417677402496,0.024698954075574875,0.24900346994400024,0.11345384269952774,0.03065214864909649,0.1366061568260193,0.03437671437859535,0.020571215078234673,0.18132099509239197,0.0185233186930418,0.024151576682925224,0.2111145555973053,0.02293507754802704,0.029320979490876198,0.2371906042098999,0.04127851128578186,0.03573884814977646
hola,0.0,0.0,0.0,0.24404719471931458,-0.019871387630701065,-0.06844039261341095,0.46120303869247437,-0.26218825578689575,-0.07442130148410797,0.5580586194992065,-0.5408400297164917,-0.08175678551197052,0.5914881825447083,-0.7865074276924133,-0.08778258413076401,0.5036430954933167,-0.7652755975723267,0.025879263877868652,0.6547602415084839,-1.048086404800415,-0.027632921934127808,0.7550848722457886,-1.2255891561508179,-0.08674148470163345,0.8424278497695923,-1.3891966342926025,-0.12981069087982178,0.4262067675590515,-0.8957050442695618,0.016139376908540726,0.5988929867744446,-1.2000582218170166,-0.031129445880651474,0.7171471118927002,-1.3888574838638306,-0.08587338030338287,0.8245781064033508,-1.5563732385635376,-0.12404651939868927,0.3258543610572815,-0.9678064584732056,-0.012210885062813759,0.4940575957298279,-1.2799217700958252,-0.06554766744375229,0.6100939512252808,-1.464940071105957,-0.10655011981725693,0.7129602432250977,-1.6272767782211304,-0.13161742687225342,0.19356682896614075,-0.9946557283401489,-0.05042628198862076,0.327949196100235,-1.2486847639083862,-0.09890518337488174,0.4233623147010803,-1.3991550207138062,-0.1195354089140892,0.5143113136291504,-1.537195086479187,-0.13117040693759918,0.0,0.0,0.0,0.015191704034805298,0.06882060319185257,0.015818092972040176,0.041410017758607864,0.11042983084917068,0.020889829844236374,0.06058645620942116,0.13702362775802612,0.02280157059431076,0.07523591816425323,0.16373583674430847,0.024725470691919327,0.10147194564342499,0.07510718703269958,0.017774388194084167,0.1299821436405182,0.1033521443605423,0.019135624170303345,0.1560029685497284,0.12514007091522217,0.01904156804084778,0.17753571271896362,0.1479620337486267,0.019495682790875435,0.11286089569330215,0.053949691355228424,0.01231458317488432,0.14854946732521057,0.0907479003071785,0.015447720885276794,0.175457164645195,0.122307687997818,0.01727670058608055,0.19814752042293549,0.15002907812595367,0.019263649359345436,0.11967093497514725,0.022976171225309372,0.01387548167258501,0.15623033046722412,0.06173723563551903,0.01728377863764763,0.18331223726272583,0.09032024443149567,0.021422510966658592,0.20557186007499695,0.11400067806243896,0.025082364678382874,0.12182960659265518,0.028308235108852386,0.020272985100746155,0.1563376933336258,0.01310713030397892,0.02162225916981697,0.17840686440467834,0.023041097447276115,0.02588079310953617,0.19720841944217682,0.042917001992464066,0.030441533774137497
hola,0.0,0.0,0.0,0.24105767905712128,-0.01149623841047287,-0.06253036111593246,0.45295780897140503,-0.25433164834976196,-0.06727291643619537,0.5423969626426697,-0.5307454466819763,-0.0747930034995079,0.5816606283187866,-0.7637466788291931,-0.08175142109394073,0.49928054213523865,-0.763801097869873,0.024452606216073036,0.6548541784286499,-1.0397199392318726,-0.031905870884656906,0.7627318501472473,-1.2113441228866577,-0.09149022400379181,0.8571153879165649,-1.3707739114761353,-0.13490703701972961,0.4247083067893982,-0.8935865163803101,0.009260514751076698,0.6051220893859863,-1.195407509803772,-0.04066098481416702,0.7310637831687927,-1.3785408735275269,-0.09440924227237701,0.8463374972343445,-1.540649175643921,-0.13212467730045319,0.3261592984199524,-0.9668358564376831,-0.02433198131620884,0.5010169744491577,-1.2825425863265991,-0.08174923807382584,0.6243093013763428,-1.4719805717468262,-0.12397778034210205,0.7344954609870911,-1.6366875171661377,-0.14967510104179382,0.19556277990341187,-0.9962981939315796,-0.06704623997211456,0.33648234605789185,-1.2517820596694946,-0.11953257024288177,0.4396670460700989,-1.4053868055343628,-0.1422848403453827,0.539110004901886,-1.5452980995178223,-0.15579703450202942,0.0,0.0,0.0,0.014992413111031055,0.08623950183391571,0.015376022085547447,0.04484698921442032,0.12095638364553452,0.02442624419927597,0.0660584345459938,0.14082862436771393,0.030497506260871887,0.08707645535469055,0.16961459815502167,0.03707435727119446,0.11362865567207336,0.08633910119533539,0.023351918905973434,0.15511451661586761,0.1257081776857376,0.024673359468579292,0.19013267755508423,0.1531936526298523,0.024711202830076218,0.21846990287303925,0.17649850249290466,0.02528439462184906,0.13015395402908325,0.06238163635134697,0.014446055516600609,0.18284326791763306,0.10929110646247864,0.01631687581539154,0.22074544429779053,0.14585554599761963,0.018021905794739723,0.2531439960002899,0.17331211268901825,0.020161021500825882,0.14004071056842804,0.02578871138393879,0.009759018197655678,0.1939174383878708,0.06680659204721451,0.013071071356534958,0.23161262273788452,0.09274587035179138,0.017690608277916908,0.2626127302646637,0.11228613555431366,0.021463638171553612,0.14348243176937103,0.030061844736337662,0.01567811332643032,0.19230689108371735,0.013045617379248142,0.01787741295993328,0.2248820662498474,0.026854723691940308,0.023021597415208817,0.253889262676239,0.048715878278017044,0.027980227023363113
