label,mean_x0,mean_y0,mean_z0,mean_x1,mean_y1,mean_z1,mean_x2,mean_y2,mean_z2,mean_x3,mean_y3,mean_z3,mean_x4,mean_y4,mean_z4,mean_x5,mean_y5,mean_z5,mean_x6,mean_y6,mean_z6,mean_x7,mean_y7,mean_z7,mean_x8,mean_y8,mean_z8,mean_x9,mean_y9,mean_z9,mean_x10,mean_y10,mean_z10,mean_x11,mean_y11,mean_z11,mean_x12,mean_y12,mean_z12,mean_x13,mean_y13,mean_z13,mean_x14,mean_y14,mean_z14,mean_x15,mean_y15,mean_z15,mean_x16,mean_y16,mean_z16,mean_x17,mean_y17,mean_z17,mean_x18,mean_y18,mean_z18,mean_x19,mean_y19,mean_z19,mean_x20,mean_y20,mean_z20,std_x0,std_y0,std_z0,std_x1,std_y1,std_z1,std_x2,std_y2,std_z2,std_x3,std_y3,std_z3,std_x4,std_y4,std_z4,std_x5,std_y5,std_z5,std_x6,std_y6,std_z6,std_x7,std_y7,std_z7,std_x8,std_y8,std_z8,std_x9,std_y9,std_z9,std_x10,std_y10,std_z10,std_x11,std_y11,std_z11,std_x12,std_y12,std_z12,std_x13,std_y13,std_z13,std_x14,std_y14,std_z14,std_x15,std_y15,std_z15,std_x16,std_y16,std_z16,std_x17,std_y17,std_z17,std_x18,std_y18,std_z18,std_x19,std_y19,std_z19,std_x20,std_y20,std_z20
yo,0.0,0.0,0.0,0.051310013979673386,-0.6608362793922424,0.01902823895215988,-0.0880010724067688,-1.1108309030532837,0.04545463249087334,-0.29639336466789246,-1.1478768587112427,0.07145777344703674,-0.40340644121170044,-0.9448402523994446,0.09741674363613129,-0.5973299145698547,-1.081803798675537,0.03548750653862953,-0.6056908369064331,-1.293642282485962,0.05786522477865219,-0.49348706007003784,-1.2064988613128662,0.046814121305942535,-0.42928749322891235,-1.0809242725372314,0.029394928365945816,-0.707061231136322,-0.703619658946991,0.029661834239959717,-0.6398346424102783,-0.870090663433075,0.09555388987064362,-0.5130597352981567,-0.7962633371353149,0.0981479212641716,-0.4470389783382416,-0.6741292476654053,0.07487712055444717,-0.7214853763580322,-0.3378494679927826,0.030004378408193588,-0.653972327709198,-0.4911258816719055,0.07813391089439392,-0.5454695224761963,-0.44696807861328125,0.08448818325996399,-0.47372961044311523,-0.3303636610507965,0.06745218485593796,-0.7038018703460693,-0.005182316526770592,0.03250709921121597,-0.6517543196678162,-0.164018452167511,0.06919338554143906,-0.5493544936180115,-0.14714869856834412,0.10142184793949127,-0.486797571182251,-0.06855008006095886,0.11992251873016357,0.0,0.0,0.0,0.013743782415986061,0.01559014618396759,0.029091935604810715,0.024715526029467583,0.02465411275625229,0.053462546318769455,0.039415620267391205,0.03541957959532738,0.07288604974746704,0.04628898948431015,0.06353306770324707,0.09339547902345657,0.02089846506714821,0.0102152731269598,0.05855124816298485,0.07395155727863312,0.10157690197229385,0.09067736566066742,0.09023962169885635,0.1569296270608902,0.11749405413866043,0.08411425352096558,0.19191300868988037,0.1371971219778061,0.018591763451695442,0.017694823443889618,0.058696210384368896,0.04007373005151749,0.07976247370243073,0.08970420807600021,0.03773985430598259,0.1008366048336029,0.10321135818958282,0.03376966714859009,0.11147760599851608,0.11169236153364182,0.017711643129587173,0.029610268771648407,0.06045081093907356,0.03197658434510231,0.0753054991364479,0.08703462779521942,0.02869834564626217,0.08399617671966553,0.09236414730548859,0.025859322398900986,0.08608812093734741,0.09321185201406479,0.019259639084339142,0.04374596104025841,0.06479233503341675,0.02542983368039131,0.07217580825090408,0.0866895392537117,0.024605346843600273,0.07782743126153946,0.09359166771173477,0.022199222818017006,0.07951244711875916,0.0966855138540268
yo,0.0,0.0,0.0,0.04707074910402298,-0.6533416509628296,-0.0004759820585604757,-0.10526572167873383,-1.0823938846588135,0.003477446036413312,-0.31838276982307434,-1.084581971168518,0.012190491892397404,-0.429455429315567,-0.8596190214157104,0.020410576835274696,-0.5907598733901978,-1.0813899040222168,-0.01330936886370182,-0.5198465585708618,-1.1257447004318237,-0.02176232822239399,-0.39260435104370117,-0.9972089529037476,-0.06196073442697525,-0.33477655053138733,-0.8687953948974609,-0.09915889799594879,-0.7041326761245728,-0.7090652585029602,-0.02120187133550644,-0.6020428538322449,-0.7745355367660522,0.01825029030442238,-0.4769016206264496,-0.6939564943313599,0.009489109739661217,-0.4081045091152191,-0.5702601075172424,-0.01945866458117962,-0.7292362451553345,-0.3418808877468109,-0.023495133966207504,-0.6282885670661926,-0.4253726899623871,0.004227296449244022,-0.5200828313827515,-0.3832964301109314,0.006837000139057636,-0.4469758868217468,-0.2741944193840027,-0.009856275282800198,-0.7137276530265808,-0.00479159178212285,-0.025763604789972305,-0.6381279230117798,-0.11889203637838364,-0.0058442698791623116,-0.5359341502189636,-0.0948634147644043,0.020420344546437263,-0.4768412709236145,-0.008805145509541035,0.036647308617830276,0.0,0.0,0.0,0.016497623175382614,0.012612415477633476,0.012560125440359116,0.028932223096489906,0.02437780238687992,0.019982321187853813,0.03733217343688011,0.04244513064622879,0.02492447942495346,0.04041587561368942,0.048817574977874756,0.029613154008984566,0.017920132726430893,0.015621313825249672,0.020624548196792603,0.02267216518521309,0.047977548092603683,0.02651049569249153,0.020976927131414413,0.0459454320371151,0.02899247035384178,0.02217087149620056,0.0342748649418354,0.031162770465016365,0.01786586083471775,0.01797923818230629,0.01821110025048256,0.018112726509571075,0.042413659393787384,0.027129607275128365,0.01583055593073368,0.041983067989349365,0.028302906081080437,0.016858579590916634,0.030373742803931236,0.02779133804142475,0.018207021057605743,0.020417938008904457,0.016531262546777725,0.021189922466874123,0.042556215077638626,0.024182802066206932,0.018222369253635406,0.04244420677423477,0.02473759464919567,0.016932709142565727,0.03174625709652901,0.023864712566137314,0.018622249364852905,0.023287031799554825,0.016300460323691368,0.02724376693367958,0.04429557919502258,0.02379266358911991,0.026770828291773796,0.046628668904304504,0.02609637752175331,0.026287741959095,0.037159837782382965,0.02683292143046856
yo,0.0,0.0,0.0,0.038169797509908676,-0.6404735445976257,0.016655031591653824,-0.11621453613042831,-1.0676162242889404,0.030237961560487747,-0.33065229654312134,-1.1034451723098755,0.046133171766996384,-0.44561299681663513,-0.917208194732666,0.06183154135942459,-0.5536292791366577,-1.0862746238708496,0.0036651031114161015,-0.5403143167495728,-1.162419319152832,0.010692650452256203,-0.4295042157173157,-1.035068154335022,-0.013218353502452374,-0.3682745397090912,-0.9143736958503723,-0.03986543044447899,-0.6750779747962952,-0.7359387874603271,-0.008008369244635105,-0.6286265254020691,-0.8359438180923462,0.041900962591171265,-0.5176327228546143,-0.750934898853302,0.04475626349449158,-0.4439913332462311,-0.6321352124214172,0.02521469257771969,-0.7159639596939087,-0.38065341114997864,-0.012365276925265789,-0.660973310470581,-0.4952787756919861,0.027771735563874245,-0.5611632466316223,-0.44404277205467224,0.039792634546756744,-0.4820040166378021,-0.33363938331604004,0.028539106249809265,-0.7142236828804016,-0.05308697372674942,-0.015366447158157825,-0.6738422513008118,-0.190264031291008,0.013258671388030052,-0.575736403465271,-0.16150686144828796,0.045906227082014084,-0.5102294087409973,-0.0785040408372879,0.06664113700389862,0.0,0.0,0.0,0.014669603668153286,0.013615835458040237,0.013304488733410835,0.015974821522831917,0.02606322057545185,0.019854195415973663,0.02535545639693737,0.05100244656205177,0.025122029706835747,0.032669760286808014,0.08445554226636887,0.031474314630031586,0.045337650924921036,0.020235678181052208,0.018211299553513527,0.03425383195281029,0.0941188856959343,0.03030872531235218,0.041170597076416016,0.09680569171905518,0.04250223934650421,0.04049554467201233,0.08838102966547012,0.05130036547780037,0.03505738079547882,0.032796312123537064,0.0171757023781538,0.038764119148254395,0.10300673544406891,0.028142647817730904,0.04826871305704117,0.10784482210874557,0.03409985825419426,0.04816606640815735,0.10158785432577133,0.03938473016023636,0.023882992565631866,0.048281602561473846,0.017881209030747414,0.046431440860033035,0.11077705025672913,0.025926219299435616,0.053712740540504456,0.10878167301416397,0.030248284339904785,0.053633227944374084,0.09694027900695801,0.034147828817367554,0.018599839881062508,0.06298958510160446,0.02025700733065605,0.04993253946304321,0.11339900642633438,0.025106418877840042,0.058337870985269547,0.1134217381477356,0.029082922264933586,0.059371307492256165,0.10280025750398636,0.03243900462985039
yo,0.0,0.0,0.0,0.004760275594890118,-0.6836725473403931,0.017288926988840103,-0.18381626904010773,-1.1292054653167725,0.03316532447934151,-0.41940635442733765,-1.176744818687439,0.05287531763315201,-0.5389891862869263,-0.9856472015380859,0.07391940802335739,-0.6175034642219543,-1.0734970569610596,-0.00876505859196186,-0.6717801094055176,-1.2130911350250244,0.0009523387998342514,-0.5536069273948669,-1.108736276626587,-0.012463338673114777,-0.4767667353153229,-0.9928450584411621,-0.02822733297944069,-0.72966468334198,-0.6816638112068176,-0.01686997525393963,-0.7434363961219788,-0.8562407493591309,0.03805522620677948,-0.6305934190750122,-0.797638475894928,0.051724642515182495,-0.5428250432014465,-0.6861751079559326,0.04069887474179268,-0.7621997594833374,-0.30422335863113403,-0.016674146056175232,-0.754325270652771,-0.4900420606136322,0.03254280611872673,-0.6533609628677368,-0.460623174905777,0.05378226190805435,-0.5609263181686401,-0.35531261563301086,0.04722185432910919,-0.7529246211051941,0.03206111490726471,-0.014798042364418507,-0.7436892986297607,-0.16458377242088318,0.02376100979745388,-0.6446797847747803,-0.15291360020637512,0.06386902928352356,-0.5697194337844849,-0.07427879422903061,0.08896110951900482,0.0,0.0,0.0,0.018975287675857544,0.024478185921907425,0.01424066536128521,0.021953051909804344,0.04490117356181145,0.020282769575715065,0.028703754767775536,0.05975763499736786,0.02270836941897869,0.03855367749929428,0.08124678581953049,0.026711495593190193,0.043731119483709335,0.03408431634306908,0.02816743589937687,0.07275621592998505,0.08826548606157303,0.03510351479053497,0.08589226007461548,0.10135245323181152,0.04108579456806183,0.0773400217294693,0.09912501275539398,0.050395574420690536,0.03070201352238655,0.03332793340086937,0.02421012707054615,0.0764194130897522,0.08796193450689316,0.03295629471540451,0.0888095423579216,0.10532953590154648,0.034968748688697815,0.08194314688444138,0.10741167515516281,0.03992164134979248,0.020190246403217316,0.04082091897726059,0.020402787253260612,0.07237357646226883,0.08312258124351501,0.02774636633694172,0.0832834243774414,0.0936419665813446,0.029856255277991295,0.08064328134059906,0.08816017955541611,0.03374401107430458,0.021492086350917816,0.05283881723880768,0.017899055033922195,0.06389249861240387,0.08183157444000244,0.025697197765111923,0.0721493735909462,0.09031245857477188,0.02956618368625641,0.07021591812372208,0.0857756957411766,0.032698854804039
yo,0.0,0.0,0.0,0.012141650542616844,-0.6871525049209595,0.025743406265974045,-0.1694401204586029,-1.1290432214736938,0.04617547243833542,-0.39929869771003723,-1.190670371055603,0.06845419108867645,-0.5197117328643799,-1.0177967548370361,0.09144127368927002,-0.5908038020133972,-1.0888535976409912,0.0008197234710678458,-0.6512542366981506,-1.2181986570358276,0.013358456082642078,-0.5386848449707031,-1.1138349771499634,0.0010896389139816165,-0.4615446627140045,-0.9996649026870728,-0.015184542164206505,-0.7057170867919922,-0.7050031423568726,-0.01076730526983738,-0.7303811311721802,-0.8737910389900208,0.04407493397593498,-0.6206179261207581,-0.8110970258712769,0.05750004202127457,-0.5330202579498291,-0.6973971128463745,0.04639086872339249,-0.7424218058586121,-0.32967764139175415,-0.013545846566557884,-0.7425926923751831,-0.5095114707946777,0.035137105733156204,-0.6445994973182678,-0.474038690328598,0.05523812025785446,-0.5537635087966919,-0.3647446930408478,0.04812108352780342,-0.735684335231781,0.0057578496634960175,-0.013912576250731945,-0.7319200038909912,-0.19002655148506165,0.023583929985761642,-0.6348252296447754,-0.17331041395664215,0.062217287719249725,-0.5602276921272278,-0.09342790395021439,0.08597896993160248,0.0,0.0,0.0,0.018071915954351425,0.024445340037345886,0.014751460403203964,0.022216234356164932,0.04104313254356384,0.02270621806383133,0.031103195622563362,0.06547482311725616,0.029501255601644516,0.03687092661857605,0.08508425205945969,0.037998948246240616,0.05953500419855118,0.029004620388150215,0.02345167100429535,0.062100671231746674,0.06388761103153229,0.03593917191028595,0.0789395123720169,0.0724463164806366,0.05133357271552086,0.06903302669525146,0.07838757336139679,0.06490012258291245,0.04585510492324829,0.04734183847904205,0.021777085959911346,0.0658605694770813,0.07699883729219437,0.0314185805618763,0.08125056326389313,0.08660998195409775,0.04041881859302521,0.07594931870698929,0.09238572418689728,0.05038659647107124,0.026032112538814545,0.06648586690425873,0.02099543996155262,0.06325546652078629,0.0863506942987442,0.028930718079209328,0.07591687142848969,0.08837375789880753,0.03466779738664627,0.07488846033811569,0.08726672828197479,0.04047755151987076,0.013149989768862724,0.08183400332927704,0.022028088569641113,0.05748853459954262,0.09339883923530579,0.0291085634380579,0.06839106976985931,0.09423017501831055,0.03429698571562767,0.06716213375329971,0.0927530974149704,0.038840796798467636
yo,0.0,0.0,0.0,-0.00575801357626915,-0.6496812105178833,0.0344875231385231,-0.17521052062511444,-1.0689969062805176,0.05091585963964462,-0.39541083574295044,-1.1498305797576904,0.06567039340734482,-0.5262569189071655,-1.0229026079177856,0.08257874101400375,-0.5130299925804138,-1.1142715215682983,0.005076543428003788,-0.6472019553184509,-1.2698031663894653,0.01834026910364628,-0.5585497617721558,-1.1679527759552002,0.015610789880156517,-0.47839656472206116,-1.0588958263397217,0.011210471391677856,-0.6385408639907837,-0.767788290977478,-0.010167929343879223,-0.7248424887657166,-0.9576307535171509,0.0449218712747097,-0.6364320516586304,-0.8980759382247925,0.0661499872803688,-0.5518696308135986,-0.7921498417854309,0.0649479478597641,-0.696618914604187,-0.4195466935634613,-0.016310472041368484,-0.7409518957138062,-0.6118308305740356,0.04150259122252464,-0.6586681604385376,-0.5790697932243347,0.07105022668838501,-0.5735882520675659,-0.47692960500717163,0.07100877165794373,-0.7118059396743774,-0.10229883342981339,-0.02000238373875618,-0.7312730550765991,-0.3030978739261627,0.029237642884254456,-0.6480446457862854,-0.28592270612716675,0.07604300230741501,-0.578424334526062,-0.20892195403575897,0.1059836745262146,0.0,0.0,0.0,0.027789892628788948,0.02189926616847515,0.020512176677584648,0.03761747106909752,0.059790849685668945,0.02998080849647522,0.04249567538499832,0.08646489679813385,0.03629888594150543,0.05044429749250412,0.11327757686376572,0.04366940259933472,0.04586305096745491,0.03556756675243378,0.02438320592045784,0.06294693797826767,0.08724269270896912,0.03648507222533226,0.07742659002542496,0.09948130697011948,0.04676191881299019,0.06672392040491104,0.09719005227088928,0.05651598051190376,0.03569486737251282,0.03096124716103077,0.02075331099331379,0.0689893513917923,0.07802068442106247,0.03393595293164253,0.0796499028801918,0.09388114511966705,0.03916735574603081,0.07229171693325043,0.09599634259939194,0.04383479803800583,0.023308418691158295,0.03457348421216011,0.018152223899960518,0.06496027857065201,0.05916855111718178,0.03067716769874096,0.07513199746608734,0.07114729285240173,0.03157598525285721,0.07352159172296524,0.07152700424194336,0.031747739762067795,0.01918754167854786,0.04145263880491257,0.016727373003959656,0.059284474700689316,0.045700471848249435,0.026480790227651596,0.06739048659801483,0.05298079922795296,0.028608815744519234,0.06656697392463684,0.05690940469503403,0.030142007395625114
yo,0.0,0.0,0.0,0.018960662186145782,-0.6872491240501404,0.013912610709667206,-0.15167076885700226,-1.1525392532348633,0.026080835610628128,-0.3858140707015991,-1.2236474752426147,0.04140915721654892,-0.5124748945236206,-1.0636394023895264,0.05888236314058304,-0.5780179500579834,-1.0914558172225952,-0.012312592007219791,-0.6298794746398926,-1.2905957698822021,-0.0075500584207475185,-0.5096579790115356,-1.1810144186019897,-0.02245512045919895,-0.4366547167301178,-1.0472140312194824,-0.039928924292325974,-0.694383978843689,-0.7179186940193176,-0.02129463665187359,-0.6872028112411499,-0.9348028302192688,0.02775980904698372,-0.5754505395889282,-0.8699743151664734,0.03754523769021034,-0.5037288069725037,-0.7456374764442444,0.02293737791478634,-0.7294143438339233,-0.36127275228500366,-0.022590694949030876,-0.7029007077217102,-0.5825168490409851,0.020416397601366043,-0.6025329232215881,-0.5433582067489624,0.04050133004784584,-0.5248497128486633,-0.4212476313114166,0.03299460932612419,-0.7231792211532593,-0.04100988060235977,-0.022442003712058067,-0.6976334452629089,-0.2726409137248993,0.010365907102823257,-0.5972886085510254,-0.2521231770515442,0.04895090311765671,-0.5320730805397034,-0.15641319751739502,0.07269059866666794,0.0,0.0,0.0,0.02128957025706768,0.02801666036248207,0.010890711098909378,0.0305673535913229,0.043469782918691635,0.015409436076879501,0.052656855434179306,0.07095414400100708,0.018402107059955597,0.07159331440925598,0.12240143865346909,0.023265348747372627,0.035646043717861176,0.021594064310193062,0.023813840001821518,0.07338335365056992,0.06471572816371918,0.027544068172574043,0.07295232266187668,0.07493676245212555,0.029291408136487007,0.05861496925354004,0.07065295428037643,0.03431196138262749,0.028127921745181084,0.02819271758198738,0.019599471241235733,0.05960587412118912,0.07285340130329132,0.02356128767132759,0.06485195457935333,0.08601059764623642,0.024610012769699097,0.057635702192783356,0.0807633101940155,0.028291964903473854,0.020733727142214775,0.03769655153155327,0.016037574037909508,0.05197605490684509,0.07192366570234299,0.019499950110912323,0.05654054507613182,0.07620517909526825,0.020677834749221802,0.051362428814172745,0.06873944401741028,0.023739159107208252,0.021062925457954407,0.04929335415363312,0.01508813165128231,0.047904711216688156,0.0759955495595932,0.018737785518169403,0.051301274448633194,0.0790422186255455,0.02097373642027378,0.04682758450508118,0.07325799763202667,0.024041637778282166
yo,0.0,0.0,0.0,0.03903043642640114,-0.653914749622345,0.043531980365514755,-0.13219094276428223,-1.0243679285049438,0.07540784776210785,-0.36738815903663635,-1.0464587211608887,0.10176979005336761,-0.5030807256698608,-0.9024595022201538,0.12541741132736206,-0.5596888065338135,-1.0900336503982544,0.050550948828458786,-0.5728471875190735,-1.116949200630188,0.06697847694158554,-0.45179906487464905,-0.9783881306648254,0.050323985517024994,-0.36682114005088806,-0.8552013635635376,0.03142460808157921,-0.6867953538894653,-0.7240145802497864,0.03234699368476868,-0.6433418989181519,-0.734510064125061,0.09616387635469437,-0.5228464007377625,-0.6311272382736206,0.0969194620847702,-0.4305398464202881,-0.5344274640083313,0.07633819431066513,-0.723217785358429,-0.3403221368789673,0.021853726357221603,-0.6600410342216492,-0.3558187782764435,0.0682050809264183,-0.5517248511314392,-0.2944756746292114,0.0712561160326004,-0.45967787504196167,-0.21194085478782654,0.05388351529836655,-0.7164825201034546,0.02426661178469658,0.01553248893469572,-0.6587546467781067,-0.007802919950336218,0.045634135603904724,-0.5515024065971375,0.025372659787535667,0.07038853317499161,-0.4741433262825012,0.07557444274425507,0.0873868465423584,0.0,0.0,0.0,0.017879392951726913,0.02154284343123436,0.010445223189890385,0.034583017230033875,0.057150259613990784,0.02043718285858631,0.056275252252817154,0.1072726622223854,0.029548656195402145,0.06878045946359634,0.1560814529657364,0.037725623697042465,0.028689216822385788,0.0227443128824234,0.04058096930384636,0.05613366886973381,0.12998171150684357,0.049605756998062134,0.06026075407862663,0.14665476977825165,0.04761972650885582,0.05493234097957611,0.1403244137763977,0.04632430151104927,0.028982089832425117,0.027830390259623528,0.0381339006125927,0.03309469297528267,0.1333753615617752,0.04605228453874588,0.034840453416109085,0.14645101130008698,0.039628997445106506,0.036958999931812286,0.13528645038604736,0.03659387677907944,0.024751894176006317,0.05276703089475632,0.03462175652384758,0.02635333128273487,0.14258691668510437,0.035120900720357895,0.028889399021863937,0.14846402406692505,0.027189496904611588,0.032554663717746735,0.12946760654449463,0.024691756814718246,0.019262973219156265,0.08044992387294769,0.032463256269693375,0.02330574207007885,0.16481316089630127,0.03215302154421806,0.025575993582606316,0.162507101893425,0.02785191871225834,0.030079182237386703,0.1394430547952652,0.025895796716213226
yo,0.0,0.0,0.0,0.020221520215272903,-0.6523599624633789,0.052428435534238815,-0.14953497052192688,-0.9988828897476196,0.08768545836210251,-0.3771003186702728,-1.0045607089996338,0.11438560485839844,-0.5082834362983704,-0.8838843107223511,0.13862428069114685,-0.5859678983688354,-1.073767900466919,0.052737779915332794,-0.683842122554779,-1.152502417564392,0.07509394735097885,-0.6052480340003967,-1.0523399114608765,0.07309024780988693,-0.5202342867851257,-0.9465522766113281,0.0670778751373291,-0.7116445302963257,-0.699877142906189,0.03566623479127884,-0.6891306042671204,-0.6760104894638062,0.10334484279155731,-0.5650655031204224,-0.5758551955223083,0.11505488306283951,-0.4651380479335785,-0.507116973400116,0.10238879919052124,-0.7409699559211731,-0.2992500960826874,0.02676284685730934,-0.6890460252761841,-0.2870927155017853,0.07757245004177094,-0.5800780057907104,-0.23243367671966553,0.08623731136322021,-0.4812981188297272,-0.17200867831707,0.07213737815618515,-0.7306270599365234,0.08108939230442047,0.022888710722327232,-0.6797769069671631,0.07055234909057617,0.058683257550001144,-0.5718168020248413,0.0927131399512291,0.08533753454685211,-0.48908528685569763,0.1222131997346878,0.10380289703607559,0.0,0.0,0.0,0.010805894620716572,0.015625137835741043,0.02256045863032341,0.023215778172016144,0.03163112327456474,0.03838435187935829,0.030414361506700516,0.051132287830114365,0.048665571957826614,0.03369329869747162,0.07279469817876816,0.058144159615039825,0.01542479544878006,0.011978677473962307,0.04809480905532837,0.06535366922616959,0.09135114401578903,0.06980127096176147,0.11717090755701065,0.14299851655960083,0.08685274422168732,0.1434469372034073,0.16739244759082794,0.10024010390043259,0.013361702673137188,0.01294177956879139,0.045999422669410706,0.018576698377728462,0.04755140841007233,0.06809873878955841,0.01791978068649769,0.05750506743788719,0.07262741029262543,0.0158873051404953,0.05746389925479889,0.07499630749225616,0.019706152379512787,0.029425572603940964,0.0446154959499836,0.020967617630958557,0.06041637808084488,0.06176997348666191,0.015879757702350616,0.06762014329433441,0.057710763067007065,0.012720300815999508,0.0627201721072197,0.05326519533991814,0.020261328667402267,0.04535339027643204,0.04515577852725983,0.025522084906697273,0.07669124752283096,0.060796819627285004,0.021730896085500717,0.0831260234117508,0.06034567579627037,0.021865449845790863,0.07775062322616577,0.058142635971307755
yo,0.0,0.0,0.0,0.02985575795173645,-0.6764249801635742,0.03775429725646973,-0.15583312511444092,-1.053287386894226,0.07114581763744354,-0.39706578850746155,-1.0316442251205444,0.09975406527519226,-0.5260176658630371,-0.8631693720817566,0.12493225187063217,-0.6102964878082275,-1.0663961172103882,0.0503338985145092,-0.6741281747817993,-1.1644643545150757,0.07138519734144211,-0.603335440158844,-1.089218020439148,0.0635342076420784,-0.5400554537773132,-1.0010372400283813,0.051909416913986206,-0.7355664968490601,-0.6725784540176392,0.03966750577092171,-0.7018731832504272,-0.6943973898887634,0.1028469055891037,-0.5754891633987427,-0.609568178653717,0.1089039072394371,-0.4740072190761566,-0.5285290479660034,0.09357930719852448,-0.7559926509857178,-0.2735421657562256,0.0357908271253109,-0.7011812329292297,-0.31116265058517456,0.07902010530233383,-0.5895444750785828,-0.27086591720581055,0.08210685104131699,-0.4896014332771301,-0.1994400918483734,0.06657290458679199,-0.7329733967781067,0.09527138620615005,0.03622225672006607,-0.6794324517250061,0.04071212559938431,0.0669514387845993,-0.5720071792602539,0.05373751372098923,0.08982402831315994,-0.49008479714393616,0.09584847837686539,0.10558006912469864,0.0,0.0,0.0,0.016849713400006294,0.030598817393183708,0.03248919919133186,0.02000432088971138,0.04822367802262306,0.051468074321746826,0.03419426083564758,0.05232764407992363,0.06312428414821625,0.038527458906173706,0.05229245126247406,0.07328557223081589,0.04104303941130638,0.02699763886630535,0.055777642875909805,0.06897851079702377,0.11374498903751373,0.0778871551156044,0.1423424780368805,0.18473993241786957,0.09442736208438873,0.19324132800102234,0.240586057305336,0.1075221598148346,0.03446551039814949,0.0364467017352581,0.04990306496620178,0.035047706216573715,0.06167779490351677,0.07363560050725937,0.03780680149793625,0.06878267228603363,0.07802281528711319,0.03540872037410736,0.07031293958425522,0.08030498772859573,0.028637103736400604,0.05201823636889458,0.04565945267677307,0.031339142471551895,0.07608813047409058,0.06621525436639786,0.03376495838165283,0.07457108050584793,0.0646621361374855,0.03195682540535927,0.07132577896118164,0.06187089532613754,0.02086242288351059,0.06821775436401367,0.04478675127029419,0.02665170095860958,0.09264469146728516,0.06480268388986588,0.029729578644037247,0.0907057598233223,0.06869956851005554,0.030059540644288063,0.08756865561008453,0.06942702829837799
yo,0.0,0.0,0.0,0.045098330825567245,-0.6742618680000305,0.029773950576782227,-0.12781137228012085,-1.0488111972808838,0.05616872385144234,-0.3567865192890167,-1.045088529586792,0.08207245171070099,-0.47870683670043945,-0.8669141530990601,0.10598953068256378,-0.574591338634491,-1.0860874652862549,0.029572034254670143,-0.5647467374801636,-1.128554105758667,0.04607035219669342,-0.4428235590457916,-0.9942782521247864,0.028308819979429245,-0.3647937774658203,-0.8657037019729614,0.007004500832408667,-0.6982018351554871,-0.712586522102356,0.019376087933778763,-0.6450823545455933,-0.7528036832809448,0.08422685414552689,-0.5212041735649109,-0.6570174098014832,0.08876500278711319,-0.4287455677986145,-0.5455621480941772,0.06869854032993317,-0.7279878258705139,-0.3300971984863281,0.016704801470041275,-0.6651997566223145,-0.38012608885765076,0.06481590121984482,-0.5558029413223267,-0.32844769954681396,0.06946990638971329,-0.45987406373023987,-0.23253074288368225,0.051639460027217865,-0.7103835940361023,0.02410106733441353,0.017252709716558456,-0.6601009368896484,-0.0445762500166893,0.04868123680353165,-0.5536460280418396,-0.019829243421554565,0.07401548326015472,-0.4746456742286682,0.04605235904455185,0.08938822895288467,0.0,0.0,0.0,0.014398531056940556,0.015527070499956608,0.021611081436276436,0.03376145288348198,0.0289421658962965,0.038947295397520065,0.0445561408996582,0.049090880900621414,0.052830759435892105,0.051937222480773926,0.06741003692150116,0.06561464816331863,0.029918557032942772,0.023999672383069992,0.053819362074136734,0.04227212816476822,0.07738403975963593,0.07402146607637405,0.03748590126633644,0.069430872797966,0.07972537726163864,0.02532672882080078,0.05043729767203331,0.08266367018222809,0.029610756784677505,0.029931236058473587,0.050858136266469955,0.03580449894070625,0.08443104475736618,0.07397404313087463,0.03080986812710762,0.08370193094015121,0.07089074701070786,0.02053924649953842,0.06271730363368988,0.06653092801570892,0.024921583011746407,0.041314397007226944,0.04875430837273598,0.02706655114889145,0.0938369408249855,0.0634310245513916,0.02294038236141205,0.08879309892654419,0.0543031208217144,0.015244952403008938,0.06732457131147385,0.04697534441947937,0.020912164822220802,0.05345775932073593,0.04893900826573372,0.018389590084552765,0.10221831500530243,0.060755498707294464,0.01487977709621191,0.09741414338350296,0.05892535299062729,0.013369163498282433,0.07774626463651657,0.05679203197360039
yo,0.0,0.0,0.0,-0.06098740175366402,-0.6174944043159485,0.06509114801883698,-0.2802700102329254,-0.8984018564224243,0.09254052489995956,-0.496555894613266,-0.9075252413749695,0.10819115489721298,-0.6284043788909912,-0.769471287727356,0.12022536993026733,-0.5728551149368286,-1.0674535036087036,0.04529440030455589,-0.7312461137771606,-1.0742332935333252,0.06273569911718369,-0.6907420754432678,-0.9508157968521118,0.061751507222652435,-0.6181901693344116,-0.865321159362793,0.05724538117647171,-0.6927767992019653,-0.7173264026641846,0.017005985602736473,-0.7683824896812439,-0.6779955625534058,0.07473815977573395,-0.6747199296951294,-0.5688636898994446,0.09363214671611786,-0.5688503980636597,-0.5122266411781311,0.09059470146894455,-0.7361983060836792,-0.32676181197166443,-0.0014646460767835379,-0.7546030879020691,-0.3073636293411255,0.05419433116912842,-0.6606734991073608,-0.24628667533397675,0.0759776309132576,-0.5572001338005066,-0.20301106572151184,0.07049872726202011,-0.7378585934638977,0.044384829699993134,-0.015288658440113068,-0.723943829536438,0.03239740431308746,0.027724390849471092,-0.625607967376709,0.06436611711978912,0.06273491680622101,-0.5394307374954224,0.08751922845840454,0.08590995520353317,0.0,0.0,0.0,0.039470601826906204,0.016248680651187897,0.026233496144413948,0.047630228102207184,0.06066177040338516,0.040544576942920685,0.046832263469696045,0.10285980254411697,0.04971291869878769,0.05065460503101349,0.13616453111171722,0.059025898575782776,0.05688147619366646,0.054886594414711,0.03527819737792015,0.09415334463119507,0.10881254822015762,0.04959636181592941,0.15904827415943146,0.11905989050865173,0.06282109022140503,0.1997862309217453,0.1092335507273674,0.07404939830303192,0.04770948737859726,0.045879315584897995,0.028858177363872528,0.06415005028247833,0.09640973806381226,0.04401405155658722,0.07347371429204941,0.08994320034980774,0.05139224976301193,0.07345544546842575,0.07320097088813782,0.05616872385144234,0.03116629086434841,0.04736340790987015,0.025373410433530807,0.046474914997816086,0.09100416302680969,0.04104845970869064,0.053402502089738846,0.08426794409751892,0.04435882344841957,0.053092122077941895,0.06476418673992157,0.044582657516002655,0.019694223999977112,0.0534997433423996,0.026123547926545143,0.0322006493806839,0.08749213069677353,0.042092785239219666,0.038794711232185364,0.07965773344039917,0.04659666121006012,0.04011635482311249,0.06667991727590561,0.04714060202240944
yo,0.0,0.0,0.0,-0.057538170367479324,-0.6462934017181396,0.07665129005908966,-0.2971550524234772,-0.9056916236877441,0.12040495872497559,-0.5290361642837524,-0.8731363415718079,0.14928758144378662,-0.6626262664794922,-0.7312708497047424,0.17314842343330383,-0.663472056388855,-1.000908613204956,0.08229883015155792,-0.7706136107444763,-0.9601830244064331,0.10379741340875626,-0.6871437430381775,-0.8237961530685425,0.09627936780452728,-0.58734130859375,-0.733688235282898,0.0869976133108139,-0.7834979891777039,-0.6157320737838745,0.052245140075683594,-0.8018218278884888,-0.519866406917572,0.12140907347202301,-0.6792771816253662,-0.415980726480484,0.1337340772151947,-0.5573008060455322,-0.38327258825302124,0.12421047687530518,-0.8051913380622864,-0.19146916270256042,0.030994966626167297,-0.778801441192627,-0.11686322838068008,0.08668322116136551,-0.662227213382721,-0.07177342474460602,0.0957760438323021,-0.5443255305290222,-0.059869151562452316,0.08153904974460602,-0.779413640499115,0.21055957674980164,0.01591675914824009,-0.7266392111778259,0.2547781765460968,0.05388698726892471,-0.6091576814651489,0.265405535697937,0.07995535433292389,-0.5111823081970215,0.2629508376121521,0.09803560376167297,0.0,0.0,0.0,0.034763120114803314,0.029486823827028275,0.03293544426560402,0.03391176834702492,0.05569892376661301,0.04900303855538368,0.030055982992053032,0.06465619057416916,0.05857019126415253,0.03138066828250885,0.08453425019979477,0.06639828532934189,0.029927724972367287,0.03615740314126015,0.05150485411286354,0.08807291835546494,0.10891872644424438,0.07397548109292984,0.16079957783222198,0.12371671944856644,0.08627726137638092,0.20665495097637177,0.11283973604440689,0.09514648467302322,0.02628520503640175,0.036768753081560135,0.04724838584661484,0.060872361063957214,0.058842580765485764,0.06928662210702896,0.0731813982129097,0.05797221139073372,0.07092387229204178,0.07771933823823929,0.05015210434794426,0.07163191586732864,0.02017855830490589,0.04861307144165039,0.04516773298382759,0.04118312522768974,0.061627794057130814,0.06285850703716278,0.04999157041311264,0.06172654777765274,0.06026468425989151,0.05451062694191933,0.054608412086963654,0.0576336570084095,0.016666283831000328,0.06419993937015533,0.045754216611385345,0.02601325511932373,0.08753342181444168,0.06282952427864075,0.03583604842424393,0.0848981961607933,0.0669107586145401,0.03940536826848984,0.07841946184635162,0.06752528995275497
yo,0.0,0.0,0.0,-0.05686808377504349,-0.6141633987426758,0.0693032369017601,-0.2870449125766754,-0.8847249150276184,0.10195456445217133,-0.5145670175552368,-0.8899964094161987,0.12141648679971695,-0.6523273587226868,-0.7591553926467896,0.13797566294670105,-0.6162158250808716,-1.0457274913787842,0.0591864287853241,-0.7739155292510986,-0.9786356091499329,0.07590651512145996,-0.6992847323417664,-0.8498725891113281,0.06991614401340485,-0.597853422164917,-0.7835124731063843,0.0625205785036087,-0.7250653505325317,-0.685073971748352,0.02903382107615471,-0.8090736269950867,-0.6163116693496704,0.08944377303123474,-0.7113715410232544,-0.5145691633224487,0.10568566620349884,-0.6030406951904297,-0.4775163233280182,0.10036449134349823,-0.7588679790496826,-0.28543540835380554,0.00802417378872633,-0.7931206226348877,-0.250255823135376,0.06546375155448914,-0.6970784664154053,-0.19603386521339417,0.08574222773313522,-0.5913705229759216,-0.1683701127767563,0.07880590856075287,-0.7507485151290894,0.09316939860582352,-0.00829249620437622,-0.7472979426383972,0.08812450617551804,0.0369473472237587,-0.6461918354034424,0.10807213932275772,0.07253467291593552,-0.558408260345459,0.11763046681880951,0.09570932388305664,0.0,0.0,0.0,0.025500020012259483,0.02112668752670288,0.02561301924288273,0.03784524276852608,0.05399608984589577,0.039781417697668076,0.05419392138719559,0.08465427905321121,0.050003308802843094,0.0634540468454361,0.11231628805398941,0.0608641691505909,0.043349381536245346,0.056766360998153687,0.03297223523259163,0.09499331563711166,0.10938555747270584,0.04830778390169144,0.123798668384552,0.11715397238731384,0.058924559503793716,0.12859851121902466,0.11850713938474655,0.06738925725221634,0.038721393793821335,0.042839087545871735,0.027860157191753387,0.0814834013581276,0.11491718143224716,0.04597286880016327,0.09565320611000061,0.12216422706842422,0.05069143325090408,0.09519156813621521,0.10720933228731155,0.05259082466363907,0.027622630819678307,0.0511256605386734,0.025486785918474197,0.07178648561239243,0.10966724157333374,0.04074396193027496,0.08214252442121506,0.1136055663228035,0.04191131517291069,0.08217257261276245,0.09544055163860321,0.04080851376056671,0.0182940773665905,0.06903551518917084,0.02621716819703579,0.052875302731990814,0.11266797035932541,0.03871168568730354,0.06141524016857147,0.11331675201654434,0.04241246357560158,0.06127138063311577,0.09835898876190186,0.04314732551574707
yo,0.0,0.0,0.0,-0.0431521013379097,-0.6539708971977234,0.03354089334607124,-0.28129807114601135,-0.9527660608291626,0.04953991621732712,-0.5245962738990784,-0.9244205355644226,0.061935581266880035,-0.66595059633255,-0.7604097127914429,0.07241612672805786,-0.6339248418807983,-1.053438425064087,0.011984474956989288,-0.7524785995483398,-1.0180432796478271,0.01254248432815075,-0.662732720375061,-0.8964632153511047,-0.004220836795866489,-0.5718482732772827,-0.820513129234314,-0.019676292315125465,-0.7488802671432495,-0.6600953340530396,-0.0054965936578810215,-0.807277500629425,-0.6302207708358765,0.037860095500946045,-0.691499650478363,-0.5357849597930908,0.04882115125656128,-0.5736935138702393,-0.4770122468471527,0.0416269525885582,-0.7814050912857056,-0.24235312640666962,-0.015591755509376526,-0.8004377484321594,-0.23336270451545715,0.023691460490226746,-0.6912339925765991,-0.18932321667671204,0.04313210770487785,-0.5762952566146851,-0.14927981793880463,0.03905554860830307,-0.7675756216049194,0.14426985383033752,-0.0229826420545578,-0.756169319152832,0.12625768780708313,0.0031948480755090714,-0.6480133533477783,0.13844367861747742,0.0347774364054203,-0.556814968585968,0.1552775502204895,0.05842968076467514,0.0,0.0,0.0,0.037218887358903885,0.04080389812588692,0.02330063283443451,0.03821622207760811,0.07472081482410431,0.03075431101024151,0.04397236555814743,0.0890994444489479,0.033523205667734146,0.061952341347932816,0.10003407299518585,0.03667633980512619,0.02838553674519062,0.043618686497211456,0.03823050856590271,0.08287237584590912,0.10904322564601898,0.049848027527332306,0.1484333574771881,0.13347429037094116,0.05365155637264252,0.18631650507450104,0.14058130979537964,0.05757622420787811,0.03286181017756462,0.03659557178616524,0.03167109936475754,0.0744064524769783,0.07738664746284485,0.046537429094314575,0.09558798372745514,0.08579093962907791,0.04486998915672302,0.098489910364151,0.08387169986963272,0.04297764226794243,0.02484232932329178,0.051690299063920975,0.028061436489224434,0.07232173532247543,0.08517725020647049,0.03885051980614662,0.0864836648106575,0.08929423242807388,0.03417692705988884,0.08822716027498245,0.08332069218158722,0.03202475979924202,0.015498434193432331,0.06826714426279068,0.02839062735438347,0.05323532596230507,0.09944713115692139,0.035374127328395844,0.06516881287097931,0.1016676053404808,0.034237273037433624,0.06880724430084229,0.09814835339784622,0.032809797674417496
yo,0.0,0.0,0.0,0.013551306910812855,-0.6932128071784973,0.04457729682326317,-0.1828458607196808,-1.043574571609497,0.07886820286512375,-0.4236615300178528,-1.0166447162628174,0.10701113939285278,-0.5540068745613098,-0.8618194460868835,0.1328917294740677,-0.635649561882019,-1.061781644821167,0.05849599838256836,-0.7008002996444702,-1.0871351957321167,0.08074977993965149,-0.5853210687637329,-0.9788768887519836,0.06958670914173126,-0.48155489563941956,-0.881727397441864,0.05505720525979996,-0.7522047758102417,-0.6553125381469727,0.04361627623438835,-0.7404420375823975,-0.668120265007019,0.11371137201786041,-0.6135061979293823,-0.5864428877830505,0.12098671495914459,-0.5045474171638489,-0.5112091302871704,0.10444627702236176,-0.7697045207023621,-0.24290773272514343,0.03574001044034958,-0.7347072958946228,-0.2763000726699829,0.0856638103723526,-0.6239714622497559,-0.23968729376792908,0.08991476148366928,-0.5147935152053833,-0.17388173937797546,0.07312311232089996,-0.7419807314872742,0.13486380875110626,0.03227125480771065,-0.7032145261764526,0.07955017685890198,0.06568137556314468,-0.5939905643463135,0.08999618142843246,0.09043389558792114,-0.5052398443222046,0.12894019484519958,0.10685531049966812,0.0,0.0,0.0,0.01622900180518627,0.015414569526910782,0.02204480953514576,0.03114202246069908,0.025976140052080154,0.036336641758680344,0.03633047267794609,0.038620639592409134,0.04595949128270149,0.038543056696653366,0.05465971305966377,0.05476625636219978,0.022456465288996696,0.019169054925441742,0.045492179691791534,0.04836715757846832,0.05926404893398285,0.06137944757938385,0.06344399601221085,0.06379225850105286,0.06846243143081665,0.06279534846544266,0.06196523830294609,0.07367370277643204,0.020763060078024864,0.02514449506998062,0.04228046163916588,0.043220117688179016,0.0546368770301342,0.059504833072423935,0.05570681765675545,0.05393970012664795,0.05823526903986931,0.05579628050327301,0.05037460848689079,0.05640158802270889,0.017711225897073746,0.03910772129893303,0.04025012254714966,0.05510446056723595,0.0691114217042923,0.05360289663076401,0.06269525736570358,0.0648578330874443,0.048195891082286835,0.060384899377822876,0.055204231292009354,0.04387945681810379,0.014587143436074257,0.05235655605792999,0.04074579104781151,0.04658946022391319,0.08085532486438751,0.05290139093995094,0.0555969774723053,0.07768156379461288,0.05279591679573059,0.05590986832976341,0.07063158601522446,0.051598578691482544
yo,0.0,0.0,0.0,-0.024246346205472946,-0.6392062306404114,0.06210293620824814,-0.25523969531059265,-0.9200443029403687,0.10319308936595917,-0.4968084692955017,-0.8821304440498352,0.13240304589271545,-0.6339048743247986,-0.73732590675354,0.15502111613750458,-0.6520398259162903,-0.9923316836357117,0.05792159587144852,-0.8301132321357727,-1.0498685836791992,0.09240487217903137,-0.8515933156013489,-1.0393604040145874,0.102658711373806,-0.8443185687065125,-1.0293771028518677,0.1014564260840416,-0.7733761072158813,-0.6303364038467407,0.03952920064330101,-0.7518951892852783,-0.5567525625228882,0.10650832951068878,-0.6220266819000244,-0.47592300176620483,0.12516042590141296,-0.5115947723388672,-0.4452176094055176,0.12046124041080475,-0.7897435426712036,-0.2318916767835617,0.03138412535190582,-0.725492537021637,-0.18747131526470184,0.08694899082183838,-0.6119290590286255,-0.15321142971515656,0.10016944259405136,-0.509350597858429,-0.1297605037689209,0.08863220363855362,-0.7688313126564026,0.15160006284713745,0.028151432052254677,-0.696083664894104,0.16828152537345886,0.06908752769231796,-0.5836009979248047,0.17426404356956482,0.09377865493297577,-0.49737581610679626,0.18417830765247345,0.11048726737499237,0.0,0.0,0.0,0.022824592888355255,0.027547791600227356,0.02535434253513813,0.03177667781710625,0.03472067415714264,0.03784561529755592,0.03410977125167847,0.03563372418284416,0.04553195461630821,0.03724319487810135,0.05561564862728119,0.053126636892557144,0.02742704749107361,0.02878742478787899,0.03643376752734184,0.10463428497314453,0.10773445665836334,0.048330001533031464,0.22875764966011047,0.20331361889839172,0.0654890313744545,0.3252018988132477,0.26741600036621094,0.07977653294801712,0.028286727145314217,0.03516710549592972,0.031082818284630775,0.03452571481466293,0.060435522347688675,0.046339914202690125,0.0351749062538147,0.07121620327234268,0.052408937364816666,0.03600732609629631,0.07253018021583557,0.05774354189634323,0.026263294741511345,0.059065598994493484,0.02636032924056053,0.028396690264344215,0.09008719772100449,0.04202684760093689,0.028419138863682747,0.0992036834359169,0.04764121398329735,0.027701361104846,0.09342431277036667,0.049234483391046524,0.022338971495628357,0.0849633663892746,0.025231895968317986,0.025408823043107986,0.12653511762619019,0.04246829077601433,0.029490172863006592,0.12869831919670105,0.04888979345560074,0.031133506447076797,0.11513517051935196,0.05061707645654678
yo,0.0,0.0,0.0,0.018265914171934128,-0.6734185218811035,0.02923576906323433,-0.14923273026943207,-1.0540101528167725,0.05150151997804642,-0.3768290877342224,-1.0322948694229126,0.07055756449699402,-0.5015135407447815,-0.8562021255493164,0.08582984656095505,-0.618620753288269,-1.0590362548828125,0.03545670956373215,-0.6775075197219849,-1.0919077396392822,0.04984649270772934,-0.6153826117515564,-1.0304734706878662,0.03123031184077263,-0.567326009273529,-0.9755730628967285,0.010949740186333656,-0.7369128465652466,-0.6722164750099182,0.024254273623228073,-0.7153497338294983,-0.6613737344741821,0.08027803152799606,-0.5943540930747986,-0.5783563852310181,0.07984037697315216,-0.4919893145561218,-0.5061107873916626,0.06010819226503372,-0.761797308921814,-0.276071697473526,0.020548714324831963,-0.718479573726654,-0.2925623655319214,0.06242505460977554,-0.6117987632751465,-0.250046968460083,0.0672527477145195,-0.5114583373069763,-0.18773822486400604,0.05264105275273323,-0.7438374757766724,0.09128379076719284,0.01966897025704384,-0.6981889009475708,0.04666890576481819,0.05175717920064926,-0.5916158556938171,0.05998188257217407,0.07949603348970413,-0.5092359185218811,0.09983187913894653,0.0987866222858429,0.0,0.0,0.0,0.043122198432683945,0.024899426847696304,0.01757388561964035,0.0662224218249321,0.033044084906578064,0.030901633203029633,0.08114118129014969,0.030215051025152206,0.04170791059732437,0.09609222412109375,0.04429351165890694,0.053181830793619156,0.034700486809015274,0.019634535536170006,0.05947769805788994,0.09439060837030411,0.13273075222969055,0.06694157421588898,0.20318789780139923,0.21570810675621033,0.059674378484487534,0.28020137548446655,0.2735878825187683,0.05764889344573021,0.025394875556230545,0.02864282950758934,0.05505527928471565,0.05297117680311203,0.087056465446949,0.07363543659448624,0.0650223046541214,0.09556060284376144,0.06026073545217514,0.06509868055582047,0.09362092614173889,0.050138819962739944,0.015011240728199482,0.04180026426911354,0.04937749356031418,0.04694861173629761,0.1013818085193634,0.05629324913024902,0.05478182062506676,0.10276935249567032,0.04082978516817093,0.056335147470235825,0.09219904243946075,0.033820852637290955,0.02004540152847767,0.057536736130714417,0.04545126482844353,0.04767743498086929,0.11473019421100616,0.050795964896678925,0.05311840772628784,0.11280613392591476,0.04599088057875633,0.05670488625764847,0.10042566061019897,0.04249486327171326
yo,0.0,0.0,0.0,0.005084562115371227,-0.6353572607040405,0.038680244237184525,-0.20354752242565155,-0.9640659093856812,0.06245274469256401,-0.44259876012802124,-0.9720430374145508,0.08242813497781754,-0.5834780335426331,-0.8397308588027954,0.09927985817193985,-0.5638593435287476,-1.0898001194000244,0.027233505621552467,-0.6216709017753601,-1.0203378200531006,0.034237198531627655,-0.5150313377380371,-0.8837370872497559,0.014913545921444893,-0.42685920000076294,-0.8016910552978516,-0.005626891739666462,-0.6816283464431763,-0.7288326025009155,0.007552081253379583,-0.6800932884216309,-0.6694561839103699,0.05765748769044876,-0.5657613277435303,-0.5635746717453003,0.06215643882751465,-0.46504291892051697,-0.49437469244003296,0.047181904315948486,-0.7217032313346863,-0.33556056022644043,-0.004352688789367676,-0.6880469918251038,-0.30308371782302856,0.03391789644956589,-0.5811320543289185,-0.24639706313610077,0.044057585299015045,-0.4818556308746338,-0.1936352401971817,0.0330277644097805,-0.7200050354003906,0.03454701229929924,-0.012873349711298943,-0.6761030554771423,0.028704393655061722,0.00892967451363802,-0.5660251975059509,0.06205933541059494,0.034637127071619034,-0.48327916860580444,0.09564438462257385,0.05393405631184578,0.0,0.0,0.0,0.03049185313284397,0.030441338196396828,0.02184496819972992,0.053450606763362885,0.07171379029750824,0.032459549605846405,0.07504887878894806,0.08980202674865723,0.03936793655157089,0.09496753662824631,0.130924791097641,0.046915628015995026,0.045598797500133514,0.028005307540297508,0.0379975326359272,0.09535003453493118,0.07675383239984512,0.05239386111497879,0.1146174967288971,0.08604098856449127,0.06029226630926132,0.11190947890281677,0.0903826430439949,0.0680105909705162,0.03871171921491623,0.03796706348657608,0.03447779640555382,0.07085979729890823,0.05270323529839516,0.05059017241001129,0.08080056309700012,0.060978855937719345,0.051129862666130066,0.0789538100361824,0.0642554834485054,0.05275513231754303,0.027856221422553062,0.04661981016397476,0.03285219892859459,0.05455770343542099,0.055895570665597916,0.04621552303433418,0.06261233240365982,0.06369062513113022,0.043694812804460526,0.061371855437755585,0.061651550233364105,0.04193006828427315,0.018019312992691994,0.05298486724495888,0.033771514892578125,0.04307613894343376,0.07103051990270615,0.04649796336889267,0.05084816366434097,0.07181645184755325,0.047705795615911484,0.05200561136007309,0.06537119299173355,0.046688262373209
yo,0.0,0.0,0.0,-0.05762584134936333,-0.6904884576797485,0.04795152321457863,-0.2989448606967926,-1.0133745670318604,0.07421202957630157,-0.5477050542831421,-1.0037657022476196,0.09460227936506271,-0.687714695930481,-0.8588248491287231,0.1133493185043335,-0.6553975939750671,-1.0551246404647827,0.02655816078186035,-0.8036743998527527,-1.0955030918121338,0.043353304266929626,-0.7326434850692749,-1.0086405277252197,0.04004507139325142,-0.6489359140396118,-0.9279942512512207,0.03467011824250221,-0.7615786790847778,-0.6458683609962463,0.010925980284810066,-0.8206067085266113,-0.6736577153205872,0.07628057152032852,-0.7095721960067749,-0.6102646589279175,0.09576629102230072,-0.5992642641067505,-0.5516269207000732,0.08907744288444519,-0.7854167222976685,-0.23258094489574432,0.0045181685127317905,-0.8061807751655579,-0.3013968765735626,0.06668113172054291,-0.706892192363739,-0.27680161595344543,0.08912438899278641,-0.5987581014633179,-0.22091051936149597,0.0807683914899826,-0.7683355808258057,0.14100021123886108,0.0019591478630900383,-0.7646031379699707,0.0393708273768425,0.05138019844889641,-0.6640992164611816,0.04051663726568222,0.08992624282836914,-0.5760268568992615,0.07620762288570404,0.11345543712377548,0.0,0.0,0.0,0.02871857024729252,0.03444741666316986,0.02535836026072502,0.0414419062435627,0.07487071305513382,0.04174447059631348,0.06949849426746368,0.11459232866764069,0.0540173277258873,0.0930696353316307,0.15933972597122192,0.06772570312023163,0.02402896247804165,0.04772854968905449,0.049592144787311554,0.11638254672288895,0.12139791995286942,0.0652036964893341,0.1908518671989441,0.15891338884830475,0.07608213275671005,0.2365325391292572,0.16956853866577148,0.08787830173969269,0.01796681620180607,0.02135067619383335,0.044204916805028915,0.1001376062631607,0.0834500640630722,0.06543034315109253,0.12056603282690048,0.10830578953027725,0.06913602352142334,0.11907417327165604,0.11201539635658264,0.07142913341522217,0.017607232555747032,0.04128257557749748,0.040756430476903915,0.09446704387664795,0.08910635113716125,0.058669548481702805,0.10919305682182312,0.1033521369099617,0.058240510523319244,0.1098102480173111,0.0946611687541008,0.05668126791715622,0.022157590836286545,0.06771086901426315,0.04194733127951622,0.0798158347606659,0.0981111079454422,0.05823010951280594,0.09041265398263931,0.10748368501663208,0.060497403144836426,0.09227975457906723,0.10042347013950348,0.06003832072019577
yo,0.0,0.0,0.0,-0.011971257627010345,-0.7150593400001526,0.03162093460559845,-0.24267449975013733,-1.0696724653244019,0.05768386274576187,-0.4899405837059021,-1.022251844406128,0.08082927763462067,-0.6125277876853943,-0.8298954963684082,0.1011325865983963,-0.6585923433303833,-1.051452398300171,0.028126899152994156,-0.7046854496002197,-1.1012762784957886,0.035339053720235825,-0.5964125394821167,-0.9979233741760254,0.015104996971786022,-0.5131150484085083,-0.8925002813339233,-0.005015889648348093,-0.7739671468734741,-0.6313953399658203,0.015381650999188423,-0.7500015497207642,-0.6671517491340637,0.06900683790445328,-0.6177308559417725,-0.5905876159667969,0.07226110249757767,-0.5080241560935974,-0.5031787753105164,0.05536787584424019,-0.7916382551193237,-0.2138833999633789,0.009419659152626991,-0.7425858974456787,-0.26649758219718933,0.04953645169734955,-0.6240161657333374,-0.23275771737098694,0.05493044853210449,-0.51331627368927,-0.1602317839860916,0.04011557251214981,-0.7643807530403137,0.16402195394039154,0.006762615405023098,-0.7116161584854126,0.09019825607538223,0.0330081544816494,-0.5971998572349548,0.1009008139371872,0.0573623888194561,-0.5079904198646545,0.14906933903694153,0.07430215179920197,0.0,0.0,0.0,0.01369566936045885,0.01998472400009632,0.021086538210511208,0.016998328268527985,0.04583093896508217,0.03313636779785156,0.028665615245699883,0.07155656069517136,0.039952293038368225,0.03934628143906593,0.08957186341285706,0.04623729735612869,0.023631660267710686,0.024882270023226738,0.04265548661351204,0.07670091837644577,0.08014212548732758,0.05367327481508255,0.15269775688648224,0.12992969155311584,0.059021320194005966,0.2021062672138214,0.1652483344078064,0.06464099138975143,0.01606248877942562,0.019077831879258156,0.038160379976034164,0.06286023557186127,0.04508771002292633,0.05358419939875603,0.07528817653656006,0.058873921632766724,0.052852045744657516,0.07013736665248871,0.0609908327460289,0.05190886929631233,0.01624136231839657,0.03437374532222748,0.03466739133000374,0.05131009593605995,0.043184228241443634,0.04761667549610138,0.0565243735909462,0.04529803991317749,0.043310463428497314,0.051703862845897675,0.037643514573574066,0.03974105417728424,0.02020173706114292,0.05195344612002373,0.034013986587524414,0.043173689395189285,0.05511046573519707,0.04612548276782036,0.046399038285017014,0.054667502641677856,0.04663057625293732,0.04445701092481613,0.04752511903643608,0.045890964567661285
yo,0.0,0.0,0.0,-0.04794612154364586,-0.644020140171051,0.04437611997127533,-0.2521207630634308,-0.9642570614814758,0.05617566034197807,-0.46995702385902405,-0.9774911999702454,0.060892242938280106,-0.604462742805481,-0.8229616284370422,0.06396327912807465,-0.5313137769699097,-1.1078827381134033,0.016199812293052673,-0.6813168525695801,-1.1088511943817139,0.021616244688630104,-0.5994192361831665,-0.9866335988044739,0.011328098364174366,-0.5052512288093567,-0.9056934118270874,0.001344991265796125,-0.6490694284439087,-0.7589675784111023,-0.007856515236198902,-0.7336482405662537,-0.7775669097900391,0.03992579132318497,-0.6415343284606934,-0.6827763319015503,0.05465974658727646,-0.5411419868469238,-0.6088396310806274,0.04929362237453461,-0.7017067670822144,-0.37769410014152527,-0.02337086945772171,-0.7405645847320557,-0.4313754439353943,0.024305041879415512,-0.6514228582382202,-0.3734704256057739,0.04824954643845558,-0.5531297326087952,-0.30792996287345886,0.04582204669713974,-0.714180052280426,-0.022726086899638176,-0.03554416820406914,-0.7200442552566528,-0.10643506050109863,0.0020575455855578184,-0.6275240778923035,-0.07124711573123932,0.04176994413137436,-0.5482057929039001,-0.024730682373046875,0.06897071748971939,0.0,0.0,0.0,0.026364153251051903,0.027932973578572273,0.015864621847867966,0.038422852754592896,0.05568487197160721,0.023688359186053276,0.05762987956404686,0.08584447205066681,0.029752196744084358,0.07278323173522949,0.09699518978595734,0.03686344996094704,0.0361967496573925,0.039685506373643875,0.023826776072382927,0.0837503969669342,0.08659454435110092,0.03122149035334587,0.10285947471857071,0.0921788364648819,0.037683386355638504,0.0977812111377716,0.09123551845550537,0.045082833617925644,0.0348438061773777,0.030338019132614136,0.02192656323313713,0.08020535856485367,0.0827864333987236,0.03074212186038494,0.09184747189283371,0.09326997399330139,0.03307713568210602,0.08838074654340744,0.08923981338739395,0.03568216785788536,0.027787217870354652,0.05837108567357063,0.020694920793175697,0.07605800777673721,0.09575993567705154,0.027137385681271553,0.08272620290517807,0.09702058136463165,0.027815362438559532,0.08086752146482468,0.08694221079349518,0.029271187260746956,0.02118329517543316,0.08827594667673111,0.021069560199975967,0.055624768137931824,0.10649669915437698,0.02520371787250042,0.06006576493382454,0.1089281290769577,0.02750246599316597,0.06080520525574684,0.10167939215898514,0.02934962511062622
yo,0.0,0.0,0.0,0.009471465833485126,-0.6545650959014893,0.029798950999975204,-0.16326512396335602,-1.0547587871551514,0.043087150901556015,-0.3891993761062622,-1.1234172582626343,0.05465181544423103,-0.5265136957168579,-1.00393545627594,0.06630399078130722,-0.5067752003669739,-1.1311132907867432,-0.0027108779177069664,-0.6225319504737854,-1.216017246246338,0.0031470381654798985,-0.5285009741783142,-1.107654094696045,-0.006739617791026831,-0.44295820593833923,-1.0048125982284546,-0.01698766089975834,-0.6323013305664062,-0.7733175158500671,-0.018839450553059578,-0.694931149482727,-0.8928886651992798,0.03036048635840416,-0.5997623801231384,-0.8199469447135925,0.04597112908959389,-0.5133566856384277,-0.7200429439544678,0.03915110602974892,-0.6888679265975952,-0.40421193838119507,-0.026639360934495926,-0.7164719104766846,-0.5489539504051208,0.02040538378059864,-0.628273606300354,-0.5057352185249329,0.045162592083215714,-0.5417126417160034,-0.4099530279636383,0.04231266677379608,-0.7027918696403503,-0.0636552944779396,-0.031948406249284744,-0.7096772789955139,-0.22641532123088837,0.004880108870565891,-0.6192026138305664,-0.20259395241737366,0.04596521705389023,-0.5479711890220642,-0.13331930339336395,0.07277752459049225,0.0,0.0,0.0,0.028309542685747147,0.03386329859495163,0.013729861006140709,0.046788863837718964,0.07559675723314285,0.019195277243852615,0.0753556415438652,0.12337828427553177,0.02592334896326065,0.09660643339157104,0.16601499915122986,0.036307673901319504,0.03512687608599663,0.04099594056606293,0.02351294830441475,0.11056586354970932,0.11851626634597778,0.030388128012418747,0.1189585030078888,0.13768808543682098,0.03552646189928055,0.09900688380002975,0.14062458276748657,0.04490227997303009,0.028708653524518013,0.023885484784841537,0.0206232201308012,0.10504831373691559,0.1087026298046112,0.02660222351551056,0.1136808916926384,0.13146494328975677,0.02944973297417164,0.10158636420965195,0.13406908512115479,0.03670269623398781,0.023365788161754608,0.045329149812459946,0.018488068133592606,0.09974566847085953,0.10073240846395493,0.023370012640953064,0.10563589632511139,0.11235193908214569,0.028821250423789024,0.09858737140893936,0.10638666898012161,0.03477875888347626,0.02603314071893692,0.06898818910121918,0.01822175644338131,0.08304554224014282,0.0977649912238121,0.022715000435709953,0.08784310519695282,0.10415472835302353,0.02953409031033516,0.08437437564134598,0.09886913746595383,0.035026371479034424
yo,0.0,0.0,0.0,-0.031130123883485794,-0.6851527690887451,0.043617527931928635,-0.22560545802116394,-1.0599017143249512,0.06402485072612762,-0.4639970362186432,-1.0844881534576416,0.07808448374271393,-0.6031421422958374,-0.9599872827529907,0.09347017109394073,-0.6006523370742798,-1.085418939590454,0.012215979397296906,-0.775931179523468,-1.2159010171890259,0.019044993445277214,-0.6862152814865112,-1.1284754276275635,0.015438643284142017,-0.5794584155082703,-1.0270626544952393,0.013756257481873035,-0.7125059962272644,-0.700518012046814,-0.00489425752311945,-0.7845075130462646,-0.8116141557693481,0.053343940526247025,-0.6808633804321289,-0.7532074451446533,0.07382825762033463,-0.5816003680229187,-0.6801520586013794,0.06913688778877258,-0.7448700070381165,-0.31797686219215393,-0.013315118849277496,-0.7692756652832031,-0.447458416223526,0.043947733938694,-0.6768060922622681,-0.42164817452430725,0.0695631131529808,-0.5787698030471802,-0.34599995613098145,0.06502775847911835,-0.7393823862075806,0.029942164197564125,-0.018433261662721634,-0.7354432940483093,-0.1242896318435669,0.028850365430116653,-0.6410710215568542,-0.1189623698592186,0.07111385464668274,-0.5611117482185364,-0.06449905782938004,0.09834735095500946,0.0,0.0,0.0,0.018949216231703758,0.027918066829442978,0.015376928262412548,0.03551601991057396,0.06941061466932297,0.02638295851647854,0.06326735019683838,0.10084191709756851,0.035701218992471695,0.08365248888731003,0.12585213780403137,0.04606868699193001,0.013334396295249462,0.03649858012795448,0.03985542431473732,0.10628535598516464,0.10971134155988693,0.04998311772942543,0.12391301989555359,0.1343325674533844,0.05108823627233505,0.11560233682394028,0.1315860003232956,0.054927483201026917,0.009145298972725868,0.009654829278588295,0.037534892559051514,0.10626016557216644,0.09832887351512909,0.04746038466691971,0.11731551587581635,0.12498530000448227,0.04369346424937248,0.11176761984825134,0.12412229925394058,0.042165033519268036,0.014335112646222115,0.033543601632118225,0.034629613161087036,0.10049299150705338,0.09278463572263718,0.040152519941329956,0.10895495861768723,0.10894203186035156,0.03542502224445343,0.10682205110788345,0.10038958489894867,0.033442411571741104,0.019415324553847313,0.05833551660180092,0.03296496346592903,0.07937338948249817,0.09589769691228867,0.03768499940633774,0.08679989725351334,0.1099499985575676,0.03674757480621338,0.08698096126317978,0.10339552909135818,0.036725375801324844
yo,0.0,0.0,0.0,-0.041085708886384964,-0.7224511504173279,0.02012062445282936,-0.2623796761035919,-1.1355597972869873,0.031116962432861328,-0.5224130153656006,-1.1587612628936768,0.042600132524967194,-0.6686778664588928,-1.0152090787887573,0.05740610882639885,-0.658103883266449,-1.0760548114776611,-0.022082911804318428,-0.8231329917907715,-1.2030415534973145,-0.02827218733727932,-0.7108176946640015,-1.1240419149398804,-0.04085158556699753,-0.6053865551948547,-1.02689790725708,-0.04895559325814247,-0.759104311466217,-0.6488884687423706,-0.03246249631047249,-0.8446825742721558,-0.8085225224494934,0.01358844805508852,-0.7312273383140564,-0.7723478674888611,0.031996987760066986,-0.6306978464126587,-0.6892173290252686,0.02670915797352791,-0.7825688123703003,-0.2460298091173172,-0.035449616611003876,-0.819981575012207,-0.4248507022857666,0.010804275050759315,-0.720285177230835,-0.4162348806858063,0.03906113654375076,-0.6210779547691345,-0.33327072858810425,0.03748694807291031,-0.7676134705543518,0.11048735678195953,-0.036904774606227875,-0.7827872037887573,-0.09591048955917358,0.00160101312212646,-0.6835712194442749,-0.10180632025003433,0.04547323286533356,-0.6033886671066284,-0.038385748863220215,0.07429682463407516,0.0,0.0,0.0,0.025114888325333595,0.04303525760769844,0.018212443217635155,0.0449816919863224,0.08725833892822266,0.029205726459622383,0.08182935416698456,0.1383294314146042,0.04012780264019966,0.10704374313354492,0.18337251245975494,0.055014580488204956,0.020998336374759674,0.0339660607278347,0.026816189289093018,0.16012558341026306,0.10185417532920837,0.0325147807598114,0.17490802705287933,0.13409791886806488,0.039608731865882874,0.15423066914081573,0.14469121396541595,0.05313091352581978,0.021984975785017014,0.026142140850424767,0.021997615694999695,0.13815470039844513,0.08425484597682953,0.029734039679169655,0.14873431622982025,0.12300974130630493,0.037303149700164795,0.13813741505146027,0.1331445425748825,0.04618040844798088,0.027671433985233307,0.06385447084903717,0.01859210431575775,0.11700191348791122,0.07684783637523651,0.030432499945163727,0.1259874552488327,0.10041308403015137,0.03821166232228279,0.12030242383480072,0.09901600331068039,0.04197847843170166,0.0317697636783123,0.09553233534097672,0.019579647108912468,0.09244168549776077,0.09157108515501022,0.03263271227478981,0.09846854954957962,0.10365576297044754,0.039911266416311264,0.09357999265193939,0.09957641363143921,0.043245043605566025
yo,0.0,0.0,0.0,-0.016511637717485428,-0.7231940031051636,0.01326820719987154,-0.22494593262672424,-1.1595908403396606,0.024242717772722244,-0.48018550872802734,-1.166431188583374,0.03802977502346039,-0.6163033843040466,-0.9716874957084656,0.053811728954315186,-0.6510137915611267,-1.0774612426757812,-0.016188591718673706,-0.7575640678405762,-1.1962382793426514,-0.0158623605966568,-0.6416231393814087,-1.1124954223632812,-0.0313093401491642,-0.5496501326560974,-1.0125116109848022,-0.045789021998643875,-0.7560191750526428,-0.6511522531509399,-0.024631481617689133,-0.8088256120681763,-0.8176806569099426,0.02409369871020317,-0.6959102153778076,-0.7796744108200073,0.035925205796957016,-0.6021090149879456,-0.6839030385017395,0.024468902498483658,-0.7789480686187744,-0.24973981082439423,-0.025583986192941666,-0.8029705882072449,-0.44086605310440063,0.01873231679201126,-0.7006457448005676,-0.4317856729030609,0.0406172052025795,-0.6050373911857605,-0.3375890552997589,0.03486691787838936,-0.7580771446228027,0.10529150813817978,-0.025121251121163368,-0.7655070424079895,-0.11390303075313568,0.009593402966856956,-0.6645390391349792,-0.12257890403270721,0.05038883164525032,-0.586437463760376,-0.05104869604110718,0.0765540599822998,0.0,0.0,0.0,0.03228975832462311,0.04290083795785904,0.018398601561784744,0.06137840822339058,0.08567044138908386,0.02835218235850334,0.10723400115966797,0.11563482135534286,0.03571341186761856,0.137093648314476,0.1327265202999115,0.045168887823820114,0.03278041630983353,0.02681201882660389,0.04359258711338043,0.16366726160049438,0.08770834654569626,0.05231800675392151,0.1733938753604889,0.11415930837392807,0.05108734592795372,0.15629708766937256,0.1267152726650238,0.05569152906537056,0.031007204204797745,0.03775331377983093,0.03797706216573715,0.1493232548236847,0.07775413990020752,0.04871666058897972,0.16062521934509277,0.10847771912813187,0.04623749852180481,0.1510130763053894,0.11933077871799469,0.04822218418121338,0.037124596536159515,0.07176384329795837,0.03244038298726082,0.1325060874223709,0.07629740983247757,0.040431417524814606,0.14012585580348969,0.09127422422170639,0.03900022432208061,0.13334794342517853,0.09110025316476822,0.04124007374048233,0.04511671140789986,0.10146695375442505,0.02867722511291504,0.11321000009775162,0.08837766945362091,0.038162391632795334,0.11791309714317322,0.09829474240541458,0.04115627333521843,0.1121940165758133,0.09626220166683197,0.0440763384103775
yo,0.0,0.0,0.0,-0.04059961065649986,-0.7038689255714417,0.030557578429579735,-0.2623939514160156,-1.1030871868133545,0.04700484871864319,-0.5212889909744263,-1.1263399124145508,0.061559103429317474,-0.6683661341667175,-0.9735842943191528,0.07691963016986847,-0.6456455588340759,-1.0750749111175537,-0.003002962563186884,-0.8124841451644897,-1.167118787765503,0.00048648874508216977,-0.7266756892204285,-1.0897595882415771,-0.008049748837947845,-0.6340808868408203,-1.0004422664642334,-0.01542486809194088,-0.749465823173523,-0.6576523184776306,-0.01771549880504608,-0.8441276550292969,-0.7806060910224915,0.03382285684347153,-0.7391140460968018,-0.7392027974128723,0.05132671445608139,-0.6373788118362427,-0.6617051959037781,0.04509112238883972,-0.7755037546157837,-0.25159603357315063,-0.024201374500989914,-0.8213928937911987,-0.3986876606941223,0.02689783275127411,-0.7244935035705566,-0.38202351331710815,0.0536225363612175,-0.6241148710250854,-0.3046831488609314,0.050112027674913406,-0.7613043785095215,0.11259369552135468,-0.028389910236001015,-0.7804225087165833,-0.06143008917570114,0.013754596002399921,-0.6820579767227173,-0.06377824395895004,0.0568014495074749,-0.5991885662078857,-0.008378898724913597,0.08405020087957382,0.0,0.0,0.0,0.04801827669143677,0.038902122527360916,0.016425257548689842,0.08328456431627274,0.0855771154165268,0.023156439885497093,0.12203655391931534,0.1150612160563469,0.03244056552648544,0.14876018464565277,0.13703909516334534,0.04708543047308922,0.04771023616194725,0.03785879909992218,0.03175606578588486,0.18582922220230103,0.10411406308412552,0.03263739496469498,0.23289267718791962,0.13296203315258026,0.03257308900356293,0.2410992830991745,0.13900302350521088,0.044147513806819916,0.04450923576951027,0.05357443541288376,0.02508452720940113,0.17179062962532043,0.07418719679117203,0.029262492433190346,0.18551184237003326,0.10536959022283554,0.029747797176241875,0.17381282150745392,0.10932695865631104,0.03798389434814453,0.0477629192173481,0.08754575997591019,0.01923331990838051,0.1495736539363861,0.06636472791433334,0.026974480599164963,0.1569204330444336,0.07674838602542877,0.033896565437316895,0.14968492090702057,0.06850475817918777,0.039511699229478836,0.04969485104084015,0.11813151836395264,0.017885519191622734,0.12223696708679199,0.08751664310693741,0.030096950009465218,0.12970027327537537,0.0903208926320076,0.03905516490340233,0.12542548775672913,0.07962732017040253,0.0439210943877697
yo,0.0,0.0,0.0,-0.025345787405967712,-0.675046443939209,0.05122148245573044,-0.2416885793209076,-1.06194007396698,0.08359593152999878,-0.5022660493850708,-1.112784504890442,0.11120332777500153,-0.6528719663619995,-1.0025298595428467,0.1389557123184204,-0.6059707403182983,-1.077364206314087,0.02330249547958374,-0.8047198057174683,-1.1890594959259033,0.05158635228872299,-0.7557095289230347,-1.1420705318450928,0.06469477713108063,-0.6837440729141235,-1.0845035314559937,0.07050524652004242,-0.7216138243675232,-0.6885905861854553,0.008601950481534004,-0.8176106214523315,-0.782179057598114,0.07944557815790176,-0.7177259922027588,-0.7322323322296143,0.10700561106204987,-0.6167854070663452,-0.6661924123764038,0.10671918094158173,-0.757366955280304,-0.29931730031967163,0.004864570684731007,-0.8005251884460449,-0.4153013825416565,0.0735553726553917,-0.7094668745994568,-0.39648276567459106,0.10097664594650269,-0.6121503710746765,-0.32913678884506226,0.09520096331834793,-0.7531176209449768,0.05543823167681694,0.005433246959000826,-0.763719916343689,-0.08931569010019302,0.06163482740521431,-0.6705845594406128,-0.08531669527292252,0.10333593934774399,-0.5902971029281616,-0.03703535720705986,0.12772199511528015,0.0,0.0,0.0,0.034363459795713425,0.047692880034446716,0.029530778527259827,0.06312956660985947,0.10807923227548599,0.04623211920261383,0.10416644811630249,0.14233361184597015,0.05674753338098526,0.13022495806217194,0.16953010857105255,0.06612689048051834,0.03241465613245964,0.052053939551115036,0.05866243690252304,0.14749272167682648,0.09505412727594376,0.08303569257259369,0.18438860774040222,0.13323163986206055,0.09445104748010635,0.20536895096302032,0.166265070438385,0.10100694745779037,0.03224208205938339,0.03552619367837906,0.0523543544113636,0.14119279384613037,0.11273165047168732,0.0728415846824646,0.15239053964614868,0.14259666204452515,0.0729314312338829,0.14363838732242584,0.1358622908592224,0.07216446101665497,0.03344707936048508,0.06516104191541672,0.047767274081707,0.12673817574977875,0.10859961062669754,0.062061894685029984,0.13522981107234955,0.12611576914787292,0.05831378698348999,0.12993097305297852,0.11495496332645416,0.054465532302856445,0.037721775472164154,0.09088809043169022,0.04648211598396301,0.10410825163125992,0.11846072971820831,0.0572536364197731,0.11105132102966309,0.12759703397750854,0.056006431579589844,0.10914214700460434,0.11545741558074951,0.054369762539863586
yo,0.0,0.0,0.0,-0.09644705057144165,-0.6610212922096252,0.05885495990514755,-0.35302093625068665,-1.0332221984863281,0.08397872000932693,-0.6160215139389038,-1.1174684762954712,0.10287511348724365,-0.7825549244880676,-1.0273587703704834,0.12202058732509613,-0.6209760308265686,-1.0654056072235107,-0.0024758961517363787,-0.9360772967338562,-1.2231489419937134,0.01678476855158806,-0.9736703634262085,-1.2271313667297363,0.03565894812345505,-0.9595264196395874,-1.2000744342803955,0.04925673454999924,-0.7291070222854614,-0.6817368268966675,-0.02325042337179184,-0.9263456463813782,-0.8501263856887817,0.036550700664520264,-0.840867817401886,-0.8297984004020691,0.07562603801488876,-0.7393666505813599,-0.7713543176651001,0.085689015686512,-0.7728720307350159,-0.3045307695865631,-0.03159463033080101,-0.909369170665741,-0.5157062411308289,0.041458938270807266,-0.8280601501464844,-0.5092182755470276,0.08921928703784943,-0.7308944463729858,-0.43445873260498047,0.0945809930562973,-0.7825868725776672,0.028371578082442284,-0.03592054545879364,-0.8568528890609741,-0.20233669877052307,0.03219703212380409,-0.7733029723167419,-0.21014022827148438,0.0886082798242569,-0.693865180015564,-0.14931298792362213,0.11985095590353012,0.0,0.0,0.0,0.018812375143170357,0.03104514814913273,0.026081953197717667,0.05778073891997337,0.0869155004620552,0.03748837485909462,0.09795757383108139,0.1356772482395172,0.04191949963569641,0.1366959512233734,0.17386086285114288,0.04763643071055412,0.02025604620575905,0.04115564376115799,0.05677583068609238,0.07144009321928024,0.07737530022859573,0.07107491791248322,0.1649651825428009,0.1433047503232956,0.07120923697948456,0.2423204928636551,0.1878972351551056,0.0704195573925972,0.018244771286845207,0.019322937354445457,0.04889686033129692,0.09577140212059021,0.0612211599946022,0.07160905748605728,0.10341715812683105,0.08699136972427368,0.06815843284130096,0.09311983734369278,0.07890118658542633,0.06271488964557648,0.02558152563869953,0.03856571018695831,0.04162286967039108,0.10998739302158356,0.04311201721429825,0.05882670357823372,0.11066518723964691,0.05789867416024208,0.04823169857263565,0.10355351865291595,0.053036440163850784,0.039754025638103485,0.038709960877895355,0.056238189339637756,0.036209940910339355,0.1039789617061615,0.03652900084853172,0.04920549690723419,0.10414490103721619,0.04179500788450241,0.046197451651096344,0.10001907497644424,0.03733174875378609,0.044468969106674194
yo,0.0,0.0,0.0,-0.09452477842569351,-0.6898033618927002,0.05653783679008484,-0.3453291058540344,-1.082594394683838,0.08489670604467392,-0.6107417345046997,-1.1225574016571045,0.1071423664689064,-0.7649246454238892,-0.9920028448104858,0.1321953684091568,-0.6584373712539673,-1.0452461242675781,0.009509358555078506,-0.9644643664360046,-1.2280365228652954,0.029036249965429306,-0.9531157612800598,-1.2158710956573486,0.047558657824993134,-0.8906813859939575,-1.1623526811599731,0.06285829097032547,-0.7642645239830017,-0.6408355832099915,-0.007654007524251938,-0.9405511617660522,-0.8308809995651245,0.058392178267240524,-0.8482591509819031,-0.8167800903320312,0.09314577281475067,-0.7460330724716187,-0.7550221681594849,0.09924646466970444,-0.795527994632721,-0.25997719168663025,-0.013072562403976917,-0.9130104184150696,-0.47599005699157715,0.06473670154809952,-0.8264748454093933,-0.4813969135284424,0.10684444010257721,-0.7256502509117126,-0.40768036246299744,0.10803262144327164,-0.7924251556396484,0.07250456511974335,-0.014585944823920727,-0.8573212623596191,-0.1573621779680252,0.05634261295199394,-0.7709565162658691,-0.17455227673053741,0.11196377128362656,-0.6889582276344299,-0.11595816910266876,0.1435328871011734,0.0,0.0,0.0,0.02843453735113144,0.04362158477306366,0.025935864076018333,0.07479327917098999,0.09195014834403992,0.042973730713129044,0.11852377653121948,0.1177646815776825,0.055344998836517334,0.15112267434597015,0.13251857459545135,0.06845670938491821,0.021066946908831596,0.03817681968212128,0.06742337346076965,0.12419657409191132,0.05593402683734894,0.09148883074522018,0.19845767319202423,0.1072428971529007,0.09974732995033264,0.2435031682252884,0.14193077385425568,0.10420285165309906,0.021957101300358772,0.02661915309727192,0.06308923661708832,0.14767391979694366,0.05168946832418442,0.08971433341503143,0.1617521345615387,0.08914199471473694,0.08818954229354858,0.14856253564357758,0.09065819531679153,0.08436188846826553,0.033901333808898926,0.058186329901218414,0.05918967351317406,0.15169206261634827,0.05239574611186981,0.07815130800008774,0.15859206020832062,0.06887813657522202,0.0688759833574295,0.14856119453907013,0.06861922144889832,0.06083080917596817,0.04616137966513634,0.08369354158639908,0.05755048990249634,0.13415811955928802,0.06431975215673447,0.07148526608943939,0.14124023914337158,0.06628638505935669,0.06769386678934097,0.13569039106369019,0.06453532725572586,0.06385975331068039
yo,0.0,0.0,0.0,-0.06289443373680115,-0.7215082049369812,0.04829355701804161,-0.27198290824890137,-1.16458261013031,0.07249534875154495,-0.5304930806159973,-1.199294090270996,0.09467598795890808,-0.6701881289482117,-1.0619900226593018,0.1234699934720993,-0.6590961813926697,-1.0452263355255127,-0.010496914386749268,-0.8994288444519043,-1.3303711414337158,0.005525169428437948,-0.8168104887008667,-1.3000942468643188,0.025345444679260254,-0.7104077339172363,-1.1972500085830688,0.04296618327498436,-0.771906316280365,-0.6313234567642212,-0.02289453148841858,-0.861957848072052,-0.9175661206245422,0.05189669132232666,-0.7515984773635864,-0.8952047228813171,0.09113335609436035,-0.6621030569076538,-0.8046387434005737,0.09533563256263733,-0.7960734367370605,-0.26368770003318787,-0.022920304909348488,-0.8417547941207886,-0.5493901371955872,0.05805542320013046,-0.7424103021621704,-0.5444501042366028,0.1021624356508255,-0.6501309275627136,-0.4422725737094879,0.10164543241262436,-0.7836230397224426,0.060253702104091644,-0.01927623338997364,-0.8061487078666687,-0.22414755821228027,0.049445897340774536,-0.7065966725349426,-0.23269493877887726,0.1075400561094284,-0.6288642883300781,-0.15132853388786316,0.14104828238487244,0.0,0.0,0.0,0.03014133684337139,0.03859572857618332,0.015799030661582947,0.06255686283111572,0.06426362693309784,0.02354777418076992,0.09234912693500519,0.0887322798371315,0.03139326721429825,0.10623393952846527,0.12329646944999695,0.04177960753440857,0.0385630764067173,0.016867686063051224,0.03726388141512871,0.14037099480628967,0.05152956396341324,0.03680703416466713,0.17310819029808044,0.08668860048055649,0.03963513299822807,0.16954869031906128,0.11248636245727539,0.05243060737848282,0.03948620334267616,0.048879045993089676,0.033450040966272354,0.12857449054718018,0.06690334528684616,0.03395259752869606,0.13441172242164612,0.08848084509372711,0.031962744891643524,0.11964166164398193,0.0846581682562828,0.037169042974710464,0.045611362904310226,0.07862666994333267,0.02814430557191372,0.11689136922359467,0.06496617197990417,0.028269000351428986,0.12050964683294296,0.07099708914756775,0.030505921691656113,0.11183314025402069,0.06472676247358322,0.032767072319984436,0.049201611429452896,0.09910517185926437,0.025745829567313194,0.103974349796772,0.07194064557552338,0.02946886606514454,0.10710182040929794,0.0689477026462555,0.031448718160390854,0.10127373784780502,0.061042435467243195,0.03275956213474274
yo,0.0,0.0,0.0,-0.03830736130475998,-0.7209581136703491,0.017021818086504936,-0.23761919140815735,-1.216245412826538,0.02847607061266899,-0.5021423101425171,-1.3013168573379517,0.04618989676237106,-0.6435083746910095,-1.2057106494903564,0.07227334380149841,-0.629250168800354,-1.0430160760879517,-0.036675211042165756,-0.7989166378974915,-1.4153081178665161,-0.025902897119522095,-0.696712851524353,-1.4066193103790283,-0.015162085182964802,-0.6073483228683472,-1.3009026050567627,-0.007709854748100042,-0.7494576573371887,-0.6541721224784851,-0.039922118186950684,-0.8331508636474609,-1.0560959577560425,0.020844418555498123,-0.723246693611145,-1.061369776725769,0.05004005879163742,-0.6460498571395874,-0.9413474798202515,0.049810606986284256,-0.7839704751968384,-0.31326255202293396,-0.03230050206184387,-0.8403322100639343,-0.6846911907196045,0.03231574967503548,-0.7391911745071411,-0.7005026936531067,0.07148701697587967,-0.6544907093048096,-0.580756425857544,0.07172772288322449,-0.7746993899345398,-0.016391728073358536,-0.022642366588115692,-0.8167685270309448,-0.35472509264945984,0.028170818462967873,-0.7207149267196655,-0.38571053743362427,0.08111830800771713,-0.6469866633415222,-0.28975027799606323,0.11319752782583237,0.0,0.0,0.0,0.02509482391178608,0.046097446233034134,0.0169876329600811,0.06383360177278519,0.08412481099367142,0.024093210697174072,0.1117861196398735,0.11108150333166122,0.026712285354733467,0.14045660197734833,0.17821519076824188,0.029310226440429688,0.04411102831363678,0.0208278838545084,0.05084133520722389,0.15253260731697083,0.039035532623529434,0.05779099836945534,0.1697116643190384,0.09440731257200241,0.051455456763505936,0.15910887718200684,0.13433799147605896,0.05012081190943718,0.05327747389674187,0.0638229250907898,0.04320276901125908,0.1546928435564041,0.02724534645676613,0.048144031316041946,0.1553475707769394,0.06175848841667175,0.03819239139556885,0.13984714448451996,0.07219856977462769,0.0337722972035408,0.0647769644856453,0.09384849667549133,0.035389792174100876,0.1460242122411728,0.035930026322603226,0.034474704414606094,0.14533266425132751,0.03635889291763306,0.024099061265587807,0.13314928114414215,0.04384266212582588,0.020952258259058,0.07034245878458023,0.1114480122923851,0.03137828782200813,0.13336995244026184,0.06004070118069649,0.03242981806397438,0.13512399792671204,0.03855036571621895,0.027010347694158554,0.1250617802143097,0.03756077587604523,0.02436966821551323
yo,0.0,0.0,0.0,-0.0397447869181633,-0.685128927230835,0.06141591817140579,-0.22465738654136658,-1.0928083658218384,0.09306930005550385,-0.4593772292137146,-1.1903469562530518,0.11895636469125748,-0.598906397819519,-1.1181161403656006,0.14926302433013916,-0.5641458630561829,-1.0916212797164917,0.012536607682704926,-0.7970389127731323,-1.334123969078064,0.04133540019392967,-0.7348126173019409,-1.2940598726272583,0.06838561594486237,-0.6466566920280457,-1.1988821029663086,0.08890115469694138,-0.6822271943092346,-0.7293334007263184,-0.00409665796905756,-0.8049290776252747,-0.9704445004463196,0.07354673743247986,-0.7090227603912354,-0.9429140090942383,0.11334935575723648,-0.6209279894828796,-0.8615501523017883,0.12031696736812592,-0.7259166240692139,-0.3838677406311035,-0.00768845621496439,-0.7845334410667419,-0.6235536336898804,0.07796365767717361,-0.699687123298645,-0.6132151484489441,0.11703240871429443,-0.6140722036361694,-0.5164573192596436,0.11432002484798431,-0.7329097986221313,-0.07168882340192795,-0.0069189528003335,-0.7512254118919373,-0.3165827989578247,0.06577298790216446,-0.6652582883834839,-0.32002025842666626,0.11770202964544296,-0.5920038819313049,-0.24763111770153046,0.14632733166217804,0.0,0.0,0.0,0.015898583456873894,0.037137165665626526,0.02009095996618271,0.046164385974407196,0.08902005106210709,0.028566837310791016,0.08120562881231308,0.1166035458445549,0.03331110626459122,0.10367985814809799,0.15377093851566315,0.03883695974946022,0.02610602416098118,0.024527890607714653,0.03483869135379791,0.09146028012037277,0.07187740504741669,0.04196716472506523,0.11839661002159119,0.10447556525468826,0.040593959391117096,0.12246288359165192,0.1147320345044136,0.042908601462841034,0.029711183160543442,0.030428137630224228,0.028522199019789696,0.09701614826917648,0.08111262321472168,0.03681193292140961,0.09906214475631714,0.11340845376253128,0.03352975845336914,0.08967623114585876,0.1076655313372612,0.032135386019945145,0.037755560129880905,0.04616860672831535,0.022529955953359604,0.09026442468166351,0.06978794932365417,0.027331458404660225,0.09039478749036789,0.09044719487428665,0.023906808346509933,0.08578003197908401,0.08486084640026093,0.02218961901962757,0.043054260313510895,0.06013310328125954,0.018657773733139038,0.0787917822599411,0.06693048030138016,0.023872850462794304,0.08002021908760071,0.08124333620071411,0.023363646119832993,0.07980046421289444,0.07624755054712296,0.02261272445321083
yo,0.0,0.0,0.0,-0.03150200471282005,-0.737554669380188,0.014681398868560791,-0.23460689187049866,-1.2429190874099731,0.026539798825979233,-0.5039796829223633,-1.3439419269561768,0.048099059611558914,-0.6512219309806824,-1.2250045537948608,0.07708177715539932,-0.6009684801101685,-1.0747629404067993,-0.05411342903971672,-0.791804850101471,-1.400769591331482,-0.03456556051969528,-0.7105523347854614,-1.3979675769805908,-0.012609599158167839,-0.6412827372550964,-1.3156076669692993,0.0016229383181780577,-0.7255547642707825,-0.6761349439620972,-0.053952910006046295,-0.8672497868537903,-1.0739362239837646,0.006337705068290234,-0.7698827385902405,-1.1014583110809326,0.04352984577417374,-0.6867247819900513,-1.0000039339065552,0.051990292966365814,-0.7775905728340149,-0.32395175099372864,-0.04100111871957779,-0.8701409101486206,-0.7064149975776672,0.025944117456674576,-0.7765437364578247,-0.7378106713294983,0.06681104004383087,-0.6895796656608582,-0.6298865079879761,0.06950296461582184,-0.7843936681747437,-0.023008214309811592,-0.025931084528565407,-0.8352397084236145,-0.3859035074710846,0.02696087583899498,-0.7459627985954285,-0.4256417155265808,0.07715514302253723,-0.6762123107910156,-0.34168189764022827,0.10697411000728607,0.0,0.0,0.0,0.03171052783727646,0.06281731277704239,0.030510423704981804,0.07634095102548599,0.13141579926013947,0.048462145030498505,0.1396261751651764,0.1583872139453888,0.05433381721377373,0.18384592235088348,0.21536768972873688,0.05780746415257454,0.037339948117733,0.027657629922032356,0.09673511236906052,0.1781846284866333,0.08346879482269287,0.10477177798748016,0.22018884122371674,0.17836925387382507,0.08152229338884354,0.22448235750198364,0.24053604900836945,0.06334476917982101,0.04983683302998543,0.06853726506233215,0.0794980600476265,0.18448856472969055,0.06938336789608002,0.09152283519506454,0.18774592876434326,0.13586905598640442,0.07058242708444595,0.16607463359832764,0.16444222629070282,0.05364448204636574,0.06921682506799698,0.10001388937234879,0.05872486159205437,0.17064906656742096,0.0518021322786808,0.060182083398103714,0.17024463415145874,0.09569265693426132,0.04245685786008835,0.15577863156795502,0.11620142310857773,0.03284618258476257,0.0868096575140953,0.11584194749593735,0.039145272225141525,0.14620937407016754,0.05283438786864281,0.04133731126785278,0.1484297811985016,0.07374774664640427,0.03854051232337952,0.14299888908863068,0.0902843028306961,0.037489358335733414
yo,0.0,0.0,0.0,-0.030275428667664528,-0.7466259002685547,0.0016762411687523127,-0.2447570264339447,-1.2588647603988647,0.007143915630877018,-0.5216280221939087,-1.331298828125,0.02370811067521572,-0.6696632504463196,-1.1843860149383545,0.049025438725948334,-0.6492273211479187,-1.0462523698806763,-0.05512624979019165,-0.7986985445022583,-1.3580604791641235,-0.04588192701339722,-0.67502361536026,-1.3226330280303955,-0.03977569192647934,-0.5893834829330444,-1.209069013595581,-0.03844733536243439,-0.7663421034812927,-0.6308233141899109,-0.052536994218826294,-0.8530045747756958,-1.009760856628418,0.004172508604824543,-0.736388087272644,-1.0140259265899658,0.029798611998558044,-0.6587342023849487,-0.8934193849563599,0.02677118219435215,-0.8027269244194031,-0.2709706723690033,-0.03931155428290367,-0.8609821200370789,-0.6361230611801147,0.02017192170023918,-0.7543887495994568,-0.6569415330886841,0.055471472442150116,-0.6694919466972351,-0.5399912595748901,0.05398328974843025,-0.7938206195831299,0.03524751216173172,-0.024949798360466957,-0.8316353559494019,-0.31488120555877686,0.021207911893725395,-0.7308968305587769,-0.3452370762825012,0.0701550617814064,-0.6596537828445435,-0.2499968260526657,0.09923923015594482,0.0,0.0,0.0,0.025805259123444557,0.06807507574558258,0.030374357476830482,0.07209398597478867,0.1249891147017479,0.04291094094514847,0.1430126428604126,0.1604987531900406,0.0441911518573761,0.19299288094043732,0.2383171021938324,0.04238701984286308,0.03774768114089966,0.02313171699643135,0.08158662915229797,0.19032979011535645,0.06074204295873642,0.08407331258058548,0.1958553045988083,0.14966903626918793,0.05845122039318085,0.1655934751033783,0.19141703844070435,0.042724404484033585,0.05152086168527603,0.07316263020038605,0.0633588433265686,0.19743147492408752,0.05727999657392502,0.06822004169225693,0.19633781909942627,0.13701589405536652,0.0505901500582695,0.17119136452674866,0.158832386136055,0.03933008387684822,0.06949082016944885,0.10495394468307495,0.043690748512744904,0.18722324073314667,0.04067002981901169,0.04104403406381607,0.1869068443775177,0.09183060377836227,0.030561290681362152,0.16943566501140594,0.11424752324819565,0.027908988296985626,0.0822124034166336,0.1201959177851677,0.029244951903820038,0.16108360886573792,0.05220155790448189,0.03135785087943077,0.1665506809949875,0.0644536167383194,0.03089669719338417,0.15823780000209808,0.07948236167430878,0.03170643746852875
yo,0.0,0.0,0.0,-0.02991051971912384,-0.7349874973297119,-0.003573852824047208,-0.2375621795654297,-1.251941442489624,-0.0015135641442611814,-0.511889636516571,-1.3260056972503662,0.010761255398392677,-0.6598923802375793,-1.1656997203826904,0.031846169382333755,-0.6472979784011841,-1.040364146232605,-0.051724426448345184,-0.7872534990310669,-1.3587418794631958,-0.049953680485486984,-0.6588923335075378,-1.3053083419799805,-0.05271494388580322,-0.5710703134536743,-1.1804790496826172,-0.05720511078834534,-0.7645193934440613,-0.6347425580024719,-0.048986852169036865,-0.8315240144729614,-1.0012702941894531,0.0018950114026665688,-0.7143200039863586,-0.9875568151473999,0.021212004125118256,-0.6406890153884888,-0.8606336712837219,0.014004888013005257,-0.7997168302536011,-0.28341490030288696,-0.03724173083901405,-0.8406643867492676,-0.6360303163528442,0.016344722360372543,-0.7334262132644653,-0.6398143172264099,0.0496673658490181,-0.6518973708152771,-0.5156711339950562,0.04786836355924606,-0.7913389205932617,0.01656229980289936,-0.025127673521637917,-0.817845344543457,-0.32096242904663086,0.017760446295142174,-0.7147766351699829,-0.33656513690948486,0.0665866881608963,-0.644868016242981,-0.23262794315814972,0.09620895981788635,0.0,0.0,0.0,0.02210080809891224,0.06581893563270569,0.02837236598134041,0.06226181611418724,0.11573918908834457,0.04106084629893303,0.12279391288757324,0.14950335025787354,0.04360662028193474,0.16812391579151154,0.21013469994068146,0.0443534255027771,0.03115677833557129,0.025539472699165344,0.07631857693195343,0.16797085106372833,0.061434198170900345,0.0789332240819931,0.17108869552612305,0.12870876491069794,0.057507190853357315,0.1412305235862732,0.16009829938411713,0.0441044420003891,0.04752142354846001,0.06729254126548767,0.058530088514089584,0.1728237420320511,0.053419262170791626,0.06151324510574341,0.17304182052612305,0.12110874801874161,0.04613146930932999,0.15183351933956146,0.1404520571231842,0.03726073354482651,0.06581301242113113,0.09381230920553207,0.03974505513906479,0.16347888112068176,0.030892571434378624,0.03790253400802612,0.1626642942428589,0.0817607119679451,0.02838004007935524,0.1480044722557068,0.0979875922203064,0.02593196928501129,0.07692567259073257,0.10419352352619171,0.027520865201950073,0.141427680850029,0.03371218219399452,0.030738694593310356,0.1436857432126999,0.05890229344367981,0.02911238931119442,0.1353481113910675,0.07094656676054001,0.029264772310853004
yo,0.0,0.0,0.0,-0.012403497472405434,-0.7336931228637695,0.022954707965254784,-0.21143290400505066,-1.2177331447601318,0.043046776205301285,-0.4726749062538147,-1.2866742610931396,0.06411793828010559,-0.6150286793708801,-1.1770620346069336,0.09234624356031418,-0.6171787977218628,-1.0759954452514648,-0.013047588989138603,-0.803897500038147,-1.3994969129562378,-0.013426395133137703,-0.6900414824485779,-1.3508973121643066,-0.015541675500571728,-0.5850794911384583,-1.2255122661590576,-0.0148774404078722,-0.7370296716690063,-0.6706728935241699,-0.01926998607814312,-0.8064481616020203,-0.9983917474746704,0.0357249490916729,-0.687772274017334,-0.9701960682868958,0.057984910905361176,-0.6101707220077515,-0.8512905240058899,0.05298604816198349,-0.766004204750061,-0.3120352625846863,-0.017589855939149857,-0.8095590472221375,-0.6225901246070862,0.038969554007053375,-0.7044422030448914,-0.6130254864692688,0.07438619434833527,-0.6218779683113098,-0.49194878339767456,0.07418869435787201,-0.7561963200569153,0.0009213089942932129,-0.013895031996071339,-0.7878693342208862,-0.2959776818752289,0.03397376090288162,-0.6866723299026489,-0.2996698021888733,0.08644375205039978,-0.6136376261711121,-0.202033132314682,0.11860708892345428,0.0,0.0,0.0,0.022034352645277977,0.057176802307367325,0.02129540592432022,0.05592288821935654,0.0951971709728241,0.034629300236701965,0.09302254021167755,0.11160377413034439,0.04590216651558876,0.11410418897867203,0.1403874307870865,0.0586133748292923,0.03974073380231857,0.017511973157525063,0.03840415179729462,0.16056782007217407,0.036196596920490265,0.058005236089229584,0.16511958837509155,0.06486857682466507,0.06690756231546402,0.13673587143421173,0.07762710750102997,0.0717960074543953,0.0484166294336319,0.05552978813648224,0.034438397735357285,0.15888682007789612,0.03902602568268776,0.05013849958777428,0.15649957954883575,0.05758833885192871,0.051454171538352966,0.13636693358421326,0.05996556207537651,0.05221611633896828,0.05818501487374306,0.08585799485445023,0.03293247148394585,0.15477977693080902,0.05632837861776352,0.043158188462257385,0.1546797752380371,0.04852478578686714,0.041199758648872375,0.14101898670196533,0.04605697840452194,0.04084651544690132,0.06448493897914886,0.10059795528650284,0.03446274623274803,0.14435622096061707,0.07847706228494644,0.04288819432258606,0.1492961198091507,0.06436576694250107,0.04396618530154228,0.13991543650627136,0.055622171610593796,0.04553290829062462
yo,0.0,0.0,0.0,-0.005279014352709055,-0.715874195098877,0.01720195822417736,-0.2037830799818039,-1.1927803754806519,0.04391602799296379,-0.45631512999534607,-1.2371591329574585,0.07463260740041733,-0.5873035192489624,-1.0731070041656494,0.1086670383810997,-0.6522951722145081,-1.0498499870300293,0.00654634227976203,-0.7754861116409302,-1.34132981300354,0.029537495225667953,-0.7012130618095398,-1.338538408279419,0.03164905309677124,-0.6463834047317505,-1.2712924480438232,0.02597874402999878,-0.7627686262130737,-0.6410929560661316,0.006595858838409185,-0.8000420331954956,-0.9427412152290344,0.07409188896417618,-0.6817063093185425,-0.9282123446464539,0.09355143457651138,-0.6068833470344543,-0.818205714225769,0.08338192850351334,-0.7773429155349731,-0.27564311027526855,0.014913332648575306,-0.8079138994216919,-0.5640259981155396,0.07438963651657104,-0.701783299446106,-0.560066282749176,0.10256864130496979,-0.6192720532417297,-0.44739609956741333,0.09684588015079498,-0.7540251016616821,0.03975558653473854,0.025335054844617844,-0.7818950414657593,-0.22513122856616974,0.07227803766727448,-0.6835454106330872,-0.23795756697654724,0.11784456670284271,-0.6104203462600708,-0.15552674233913422,0.14357516169548035,0.0,0.0,0.0,0.03933756798505783,0.04589163884520531,0.025507701560854912,0.08332700282335281,0.0848124697804451,0.04762532189488411,0.13117313385009766,0.09782112389802933,0.06843110918998718,0.16339150071144104,0.1350107043981552,0.08910197019577026,0.03196034952998161,0.019252754747867584,0.05944566801190376,0.1626150906085968,0.08479805290699005,0.08964957296848297,0.18972505629062653,0.17463098466396332,0.10745875537395477,0.2020534873008728,0.257649302482605,0.1164044588804245,0.0395827554166317,0.04896688833832741,0.05635363608598709,0.16258716583251953,0.07646922767162323,0.079796701669693,0.17186930775642395,0.12133555114269257,0.08721830695867538,0.15576960146427155,0.14310064911842346,0.09214533120393753,0.05394222214818001,0.07343658059835434,0.05757002905011177,0.152408629655838,0.0862361267209053,0.0722234770655632,0.15951943397521973,0.1019660085439682,0.07251929491758347,0.14697103202342987,0.10712958127260208,0.07181011140346527,0.06372366100549698,0.09171178936958313,0.06436431407928467,0.13518454134464264,0.09437499940395355,0.07369980961084366,0.14238372445106506,0.09968823939561844,0.07086388021707535,0.13228252530097961,0.09868766367435455,0.06711026281118393
yo,0.0,0.0,0.0,0.03006640449166298,-0.6898602247238159,0.037748657166957855,-0.14629992842674255,-1.1307718753814697,0.08635754883289337,-0.3808470666408539,-1.20742928981781,0.1339447796344757,-0.5085901021957397,-1.091133713722229,0.18335026502609253,-0.6435549259185791,-1.0488793849945068,0.0656336098909378,-0.7090144157409668,-1.3838541507720947,0.11551493406295776,-0.6248294711112976,-1.3624656200408936,0.12860147655010223,-0.5799663066864014,-1.2742992639541626,0.12619444727897644,-0.7472934722900391,-0.6568006873130798,0.06421063840389252,-0.7169094681739807,-0.9591948390007019,0.15269125998020172,-0.5865260362625122,-0.9211301803588867,0.17159375548362732,-0.5171034336090088,-0.7998319864273071,0.15896472334861755,-0.744611382484436,-0.29737597703933716,0.07124009728431702,-0.7216720581054688,-0.5730478167533875,0.14115238189697266,-0.6088556051254272,-0.5488913059234619,0.16191862523555756,-0.5337692499160767,-0.4236314296722412,0.15104427933692932,-0.7086108922958374,0.01908201538026333,0.08223667740821838,-0.6976413726806641,-0.22948169708251953,0.13655000925064087,-0.5944459438323975,-0.2213478982448578,0.178422212600708,-0.525140643119812,-0.13326141238212585,0.2010248452425003,0.0,0.0,0.0,0.021561674773693085,0.02156868949532509,0.03284705802798271,0.04705461859703064,0.0334518738090992,0.05209655687212944,0.06696337461471558,0.06438970565795898,0.06749142706394196,0.08779290318489075,0.1214895248413086,0.08277882635593414,0.044868506491184235,0.040169332176446915,0.04687293991446495,0.08599512279033661,0.05366550758481026,0.07549983263015747,0.15641480684280396,0.0930529534816742,0.09788567572832108,0.20856784284114838,0.16376592218875885,0.11251852661371231,0.042541418224573135,0.049042053520679474,0.04274783656001091,0.08058848232030869,0.06908710300922394,0.07196217030286789,0.08516645431518555,0.09262387454509735,0.0857057198882103,0.08389254659414291,0.09103074669837952,0.09377370774745941,0.04108897224068642,0.0526309534907341,0.0420466810464859,0.07562337070703506,0.06832586973905563,0.06538289040327072,0.07595428824424744,0.07741326093673706,0.06851556152105331,0.07386800646781921,0.06722518056631088,0.06864945590496063,0.038795843720436096,0.055030468851327896,0.04502154886722565,0.06871319562196732,0.07445427775382996,0.06368963420391083,0.07091494649648666,0.07431773841381073,0.0666823610663414,0.06686390936374664,0.06709951907396317,0.06703423708677292
yo,0.0,0.0,0.0,0.010845590382814407,-0.6733343005180359,0.031949035823345184,-0.1733628809452057,-1.0835527181625366,0.05147755146026611,-0.41108718514442444,-1.1293474435806274,0.06954192370176315,-0.5452872514724731,-0.9866323471069336,0.08710730075836182,-0.5764452815055847,-1.10265052318573,0.008032677695155144,-0.6617559194564819,-1.1459659337997437,0.016629472374916077,-0.5472970604896545,-1.0299146175384521,0.003881555749103427,-0.45407789945602417,-0.93077152967453,-0.010117417201399803,-0.6921797394752502,-0.720122754573822,-0.007711899466812611,-0.7123979330062866,-0.790672779083252,0.04722130671143532,-0.5994541049003601,-0.7113308310508728,0.058491386473178864,-0.5050944089889526,-0.621080756187439,0.04688355699181557,-0.7289201021194458,-0.33259445428848267,-0.014933126978576183,-0.7148502469062805,-0.4197178781032562,0.0317360982298851,-0.6146215200424194,-0.3756868839263916,0.049010030925273895,-0.5217292308807373,-0.29239732027053833,0.04069455713033676,-0.7240245938301086,0.025285786017775536,-0.019300296902656555,-0.6983128190040588,-0.09000109136104584,0.013569606468081474,-0.5957646369934082,-0.06253615766763687,0.048428602516651154,-0.5187955498695374,-0.0006929233786650002,0.07191820442676544,0.0,0.0,0.0,0.032101016491651535,0.03461839258670807,0.022073974832892418,0.04297399893403053,0.07638538628816605,0.029493648558855057,0.06936430931091309,0.130890354514122,0.03197110816836357,0.09276911616325378,0.17831659317016602,0.036932505667209625,0.020007207989692688,0.02639181539416313,0.04486226290464401,0.10370483249425888,0.11930572241544724,0.051593758165836334,0.11838039755821228,0.12907178699970245,0.05418935418128967,0.11184686422348022,0.12356873601675034,0.06185144931077957,0.020018864423036575,0.019353756681084633,0.038414210081100464,0.08061862736940384,0.11287149041891098,0.04637598991394043,0.09243052452802658,0.12815378606319427,0.04446197673678398,0.09036626666784286,0.1205923855304718,0.04786752909421921,0.0228218212723732,0.0426761694252491,0.031637776643037796,0.06907770782709122,0.10896217823028564,0.038490138947963715,0.07736997306346893,0.1160268634557724,0.03945530951023102,0.07595999538898468,0.10302025079727173,0.042269542813301086,0.026577753946185112,0.06658428907394409,0.027031032368540764,0.05998077616095543,0.11784683912992477,0.037014007568359375,0.06749409437179565,0.11951684951782227,0.042036332190036774,0.0681018978357315,0.10650142282247543,0.04569646716117859
yo,0.0,0.0,0.0,-0.012514268048107624,-0.7053882479667664,0.0029103837441653013,-0.21801359951496124,-1.1582292318344116,0.00983424298465252,-0.46980157494544983,-1.1720468997955322,0.022334547713398933,-0.5978797674179077,-0.9654672741889954,0.037013180553913116,-0.6451811194419861,-1.0640932321548462,-0.027005348354578018,-0.710061252117157,-1.2047150135040283,-0.028302107006311417,-0.5909073352813721,-1.1137876510620117,-0.04623221978545189,-0.5092641711235046,-1.008573293685913,-0.06379999220371246,-0.7538659572601318,-0.6547079086303711,-0.030794043093919754,-0.7560703754425049,-0.8279431462287903,0.013032165355980396,-0.6373850107192993,-0.7790172100067139,0.020713090896606445,-0.5514880418777466,-0.6739006042480469,0.00669372221454978,-0.7791435718536377,-0.27067428827285767,-0.027400005608797073,-0.7591186165809631,-0.46138954162597656,0.012590008787810802,-0.6523059606552124,-0.441406786441803,0.030764197930693626,-0.5622937679290771,-0.33975890278816223,0.023055512458086014,-0.7621350288391113,0.07028691470623016,-0.023481886833906174,-0.737618088722229,-0.13998928666114807,0.007752959616482258,-0.6319230198860168,-0.1373082846403122,0.04432687908411026,-0.5585321187973022,-0.055797308683395386,0.06782542914152145,0.0,0.0,0.0,0.027185752987861633,0.03564043343067169,0.013858583755791187,0.04317644238471985,0.0823182612657547,0.019686181098222733,0.07830943912267685,0.11533790081739426,0.02290804497897625,0.09737399965524673,0.12620173394680023,0.02927304618060589,0.026785975322127342,0.03419410437345505,0.038541026413440704,0.12997643649578094,0.11320140212774277,0.03689936175942421,0.1567142903804779,0.14322903752326965,0.034883227199316025,0.15335136651992798,0.16965121030807495,0.04351545125246048,0.021875225007534027,0.02630014345049858,0.030415840446949005,0.11127982288599014,0.10729379951953888,0.031019963324069977,0.12750674784183502,0.13476668298244476,0.028276702389121056,0.12210322171449661,0.1427338421344757,0.03371867537498474,0.029005151242017746,0.048329442739486694,0.022109387442469597,0.10669518262147903,0.10350392013788223,0.024529609829187393,0.11564649641513824,0.11375807970762253,0.030666552484035492,0.10959375649690628,0.10469606518745422,0.03690555691719055,0.03877081349492073,0.07130863517522812,0.01890994794666767,0.0986163318157196,0.1054464802145958,0.026623936370015144,0.10285767912864685,0.11293454468250275,0.03347686305642128,0.0977364107966423,0.10279694944620132,0.03887387365102768
yo,0.0,0.0,0.0,-0.05049409717321396,-0.6899434328079224,0.04118647426366806,-0.2757151126861572,-1.1125954389572144,0.0650155171751976,-0.5378884673118591,-1.1548181772232056,0.08664613962173462,-0.682205080986023,-1.0083633661270142,0.11227445304393768,-0.6309177279472351,-1.074725866317749,0.0029966519214212894,-0.8513975143432617,-1.230139970779419,0.016864655539393425,-0.7637482285499573,-1.1560295820236206,0.02381003089249134,-0.656037449836731,-1.0613987445831299,0.029645511880517006,-0.7385499477386475,-0.6698920726776123,-0.01066495943814516,-0.8744134902954102,-0.8450126647949219,0.05305568128824234,-0.7754340767860413,-0.8065966367721558,0.08168312907218933,-0.6771286129951477,-0.728771984577179,0.08277328312397003,-0.7756444811820984,-0.286183625459671,-0.01467633806169033,-0.8551263809204102,-0.47688785195350647,0.0518907830119133,-0.764908492565155,-0.4622206687927246,0.0844755619764328,-0.6673933863639832,-0.3783969283103943,0.08237066864967346,-0.7761496305465698,0.055671822279691696,-0.015434473752975464,-0.8195493817329407,-0.15976110100746155,0.04256806522607803,-0.7268648743629456,-0.16028811037540436,0.09170293807983398,-0.6463303565979004,-0.09561564773321152,0.12075958400964737,0.0,0.0,0.0,0.02910134196281433,0.024536030367016792,0.014445364475250244,0.0419454500079155,0.058675479143857956,0.023798435926437378,0.06840330362319946,0.10615245997905731,0.032134342938661575,0.09176430851221085,0.15061716735363007,0.04046568647027016,0.05034327879548073,0.0499449223279953,0.047755125910043716,0.11379998177289963,0.09439416229724884,0.06600818783044815,0.13307207822799683,0.10571618378162384,0.06551392376422882,0.11914882808923721,0.106951043009758,0.061400528997182846,0.040390294045209885,0.04388177767395973,0.046020086854696274,0.11074938625097275,0.09699485450983047,0.06198539957404137,0.12433116883039474,0.11216572672128677,0.056068677455186844,0.11470382660627365,0.11254098266363144,0.05104000121355057,0.023725682869553566,0.0579555407166481,0.043846942484378815,0.10753998160362244,0.09287405014038086,0.04755467548966408,0.11756038665771484,0.1014057993888855,0.036308012902736664,0.11307792365550995,0.09814440459012985,0.0316152349114418,0.028109991922974586,0.07646303623914719,0.042609501630067825,0.10241188853979111,0.0969373807311058,0.04027397930622101,0.11172574013471603,0.10200850665569305,0.03309530392289162,0.10993069410324097,0.09752527624368668,0.030757322907447815
yo,0.0,0.0,0.0,-0.04465688765048981,-0.6823924779891968,0.061374444514513016,-0.2335178554058075,-1.0773414373397827,0.0914141982793808,-0.4664528965950012,-1.1557745933532715,0.11443418264389038,-0.6030769944190979,-1.0686590671539307,0.14239390194416046,-0.5774396061897278,-1.0935051441192627,0.016222409904003143,-0.8129971623420715,-1.307692050933838,0.03775288909673691,-0.7340702414512634,-1.2416260242462158,0.0565999336540699,-0.6295459270477295,-1.1379488706588745,0.07287668436765671,-0.6920688152313232,-0.7210392355918884,-0.0018288574647158384,-0.8132445216178894,-0.9367948770523071,0.07301530987024307,-0.7169977426528931,-0.9019113779067993,0.1102118119597435,-0.6266196966171265,-0.8275190591812134,0.11569616943597794,-0.7335559129714966,-0.3662824332714081,-0.008082401007413864,-0.7900968790054321,-0.5862709283828735,0.07509472221136093,-0.7055553197860718,-0.5703812837600708,0.11323851346969604,-0.6183375120162964,-0.4771563410758972,0.11121400445699692,-0.7403931617736816,-0.04657772555947304,-0.010400641709566116,-0.7575841546058655,-0.28239426016807556,0.06185198575258255,-0.6700888872146606,-0.2777036428451538,0.11463495343923569,-0.595943808555603,-0.20546956360340118,0.14475196599960327,0.0,0.0,0.0,0.02331051602959633,0.01832577958703041,0.01237635686993599,0.03827293962240219,0.03939579427242279,0.01610543578863144,0.05347999557852745,0.06476009637117386,0.017165904864668846,0.06513360142707825,0.08506760001182556,0.01980525068938732,0.0231487974524498,0.020642807707190514,0.023786012083292007,0.06518106907606125,0.03603450953960419,0.02819526568055153,0.07981368899345398,0.05139873921871185,0.027158070355653763,0.07783756405115128,0.05639074370265007,0.02883402816951275,0.019652139395475388,0.01880940981209278,0.019994650036096573,0.08113281428813934,0.05021496117115021,0.027097778394818306,0.08864130824804306,0.06609824299812317,0.023999636992812157,0.07926511764526367,0.06650996953248978,0.02129940316081047,0.018857108429074287,0.03163721039891243,0.016238108277320862,0.07497815787792206,0.05086810141801834,0.019934140145778656,0.08034181594848633,0.0612943097949028,0.018304191529750824,0.07621611654758453,0.0606377050280571,0.017394330352544785,0.023754049092531204,0.042731236666440964,0.013465753756463528,0.061157822608947754,0.04992731288075447,0.015584672801196575,0.06552546471357346,0.058244720101356506,0.016507701948285103,0.0643727108836174,0.05930419638752937,0.017179418355226517
yo,0.0,0.0,0.0,-0.06964386999607086,-0.6872432827949524,0.05299215763807297,-0.2887960970401764,-1.0959374904632568,0.07769300043582916,-0.5428483486175537,-1.1623200178146362,0.0976736843585968,-0.6918500661849976,-1.0401684045791626,0.11920497566461563,-0.6121648550033569,-1.082187533378601,-0.0024356404319405556,-0.8845419883728027,-1.2399909496307373,0.015503932721912861,-0.8621493577957153,-1.2148984670639038,0.03318938612937927,-0.7969619631767273,-1.1604359149932861,0.047315023839473724,-0.7244835495948792,-0.6869646310806274,-0.019698582589626312,-0.8877192735671997,-0.8622881174087524,0.042538370937108994,-0.7942760586738586,-0.8360528945922852,0.0779912993311882,-0.6902438998222351,-0.7716208696365356,0.08508937060832977,-0.767631471157074,-0.30677205324172974,-0.024751413613557816,-0.8627055287361145,-0.5028089880943298,0.04741676151752472,-0.7749806642532349,-0.4928767681121826,0.08793924003839493,-0.6743131279945374,-0.41573983430862427,0.0894341915845871,-0.7749837636947632,0.03401026874780655,-0.026186976581811905,-0.8193540573120117,-0.1802922785282135,0.037458635866642,-0.7282518148422241,-0.18247482180595398,0.08953093737363815,-0.6452140212059021,-0.12357963621616364,0.11977265775203705,0.0,0.0,0.0,0.02344466932117939,0.03192593529820442,0.013859480619430542,0.05380933731794357,0.07819516211748123,0.020105108618736267,0.08845457434654236,0.11907655000686646,0.025958381593227386,0.11571460217237473,0.14649559557437897,0.034360140562057495,0.03067317046225071,0.04156231880187988,0.05044833943247795,0.10025249421596527,0.13505864143371582,0.06135034188628197,0.17449955642223358,0.19294089078903198,0.054653339087963104,0.22083957493305206,0.2148548662662506,0.0508369579911232,0.018904095515608788,0.0189491119235754,0.04581362381577492,0.10578541457653046,0.11744588613510132,0.05947975441813469,0.11696404963731766,0.14483913779258728,0.0494999922811985,0.10728676617145538,0.14076673984527588,0.041951000690460205,0.01838092692196369,0.04739269241690636,0.0400468148291111,0.10526424646377563,0.11928019672632217,0.0435427762567997,0.11070682853460312,0.13291718065738678,0.03202670067548752,0.10550522804260254,0.12070740759372711,0.027368539944291115,0.033485133200883865,0.07970692217350006,0.035729363560676575,0.09189356118440628,0.12540733814239502,0.03623664379119873,0.0959814190864563,0.1344153732061386,0.03159436583518982,0.09409745782613754,0.12300321459770203,0.03008916601538658
yo,0.0,0.0,0.0,-0.056996457278728485,-0.6798455119132996,0.04972010850906372,-0.2632060647010803,-1.0578826665878296,0.06859192252159119,-0.5068128108978271,-1.119086503982544,0.08117173612117767,-0.6547611355781555,-1.0128830671310425,0.09559671580791473,-0.5915001630783081,-1.0903047323226929,-0.0036686789244413376,-0.8186613321304321,-1.231550931930542,0.004555916879326105,-0.7525781393051147,-1.1537632942199707,0.01124607864767313,-0.6544813513755798,-1.0541749000549316,0.018640972673892975,-0.7000396847724915,-0.711647629737854,-0.022571304813027382,-0.8216229677200317,-0.8430894613265991,0.033248256891965866,-0.7250093221664429,-0.7925640344619751,0.06058212369680405,-0.624093234539032,-0.7185906171798706,0.06165051460266113,-0.7405704259872437,-0.3345789313316345,-0.03059973195195198,-0.8029600381851196,-0.48790979385375977,0.03190050274133682,-0.7148006558418274,-0.4645100235939026,0.06645317375659943,-0.6162821054458618,-0.38341668248176575,0.06611882895231247,-0.7455241084098816,0.00891806185245514,-0.03500257059931755,-0.7652276754379272,-0.17231415212154388,0.018980123102664948,-0.6743882894515991,-0.16684384644031525,0.06672366708517075,-0.5941122770309448,-0.1064743772149086,0.09609896689653397,0.0,0.0,0.0,0.027823785319924355,0.026758089661598206,0.015425301156938076,0.051840491592884064,0.07830239832401276,0.024799713864922523,0.08584435284137726,0.13227663934230804,0.0344696044921875,0.11358072608709335,0.1839444935321808,0.04673093184828758,0.03186028078198433,0.04452146589756012,0.04515203461050987,0.1200546994805336,0.11612225323915482,0.054950155317783356,0.1452604979276657,0.14388658106327057,0.053145792335271835,0.14305022358894348,0.14374253153800964,0.055620431900024414,0.024295110255479813,0.02393231727182865,0.04277293011546135,0.12029433995485306,0.11159393936395645,0.05380125716328621,0.129988893866539,0.13917776942253113,0.046604182571172714,0.12060384452342987,0.1366378366947174,0.042712725698947906,0.02001720294356346,0.04542824253439903,0.039165087044239044,0.11211546510457993,0.10752260684967041,0.04391147196292877,0.11795271188020706,0.12217217683792114,0.034461602568626404,0.11333383619785309,0.1109403669834137,0.030362213030457497,0.025602594017982483,0.06845789402723312,0.03658789396286011,0.09032896161079407,0.10903890430927277,0.03831038996577263,0.0952809751033783,0.12018778175115585,0.032542407512664795,0.09367118030786514,0.11253829300403595,0.02928141877055168
yo,0.0,0.0,0.0,0.02550448849797249,-0.6513433456420898,0.024558862671256065,0.22342371940612793,-1.130455732345581,0.04349084943532944,0.4508171081542969,-1.1920545101165771,0.051476698368787766,0.5862921476364136,-0.9974409937858582,0.05820807069540024,0.5297942161560059,-1.0831058025360107,0.03993690013885498,0.7687587141990662,-1.2113226652145386,0.07342766225337982,0.8736954927444458,-1.2613646984100342,0.08979887515306473,0.9341224431991577,-1.2839704751968384,0.08781636506319046,0.6582175493240356,-0.7505356073379517,0.021247785538434982,0.6944705843925476,-0.871699333190918,0.055457960814237595,0.5959838628768921,-0.8299732208251953,0.0693807378411293,0.5062018632888794,-0.7532745599746704,0.07040495425462723,0.7135871648788452,-0.4154859185218811,0.007308161351829767,0.7059319615364075,-0.5861660838127136,0.0364820770919323,0.6157726645469666,-0.560633659362793,0.05618450790643692,0.5214319825172424,-0.4857403337955475,0.05872867628931999,0.7334700226783752,-0.11393825709819794,-0.006305577699095011,0.7240879535675049,-0.289378821849823,0.024691956117749214,0.6457369923591614,-0.28805726766586304,0.05916555970907211,0.5651615262031555,-0.2199200838804245,0.08362294733524323,0.0,0.0,0.0,0.01073714904487133,0.022817756980657578,0.018159449100494385,0.01902308315038681,0.05326367914676666,0.02619757130742073,0.03569022938609123,0.08244054764509201,0.03019537590444088,0.053632866591215134,0.09266530722379684,0.03371944651007652,0.04355631768703461,0.037872083485126495,0.028826387599110603,0.025365207344293594,0.08589925616979599,0.04057130217552185,0.033716242760419846,0.1269981414079666,0.046370863914489746,0.07164233177900314,0.173121377825737,0.05097873881459236,0.03694269061088562,0.03284861147403717,0.023468172177672386,0.04821418225765228,0.11561793088912964,0.03737322613596916,0.05472661554813385,0.11796984076499939,0.03468312695622444,0.04852205142378807,0.1028159111738205,0.03154395893216133,0.019638456404209137,0.03822200000286102,0.01951618306338787,0.05591189116239548,0.1051773950457573,0.030387409031391144,0.059072449803352356,0.10684096068143845,0.024352608248591423,0.05490810051560402,0.08579368889331818,0.020816735923290253,0.014479895122349262,0.042812004685401917,0.01748063787817955,0.06083768978714943,0.0984029769897461,0.023536592721939087,0.06364104896783829,0.10239143669605255,0.023150291293859482,0.06037463992834091,0.07794832438230515,0.023374708369374275
yo,0.0,0.0,0.0,0.0036883242428302765,-0.6638931632041931,0.03755248710513115,0.16917864978313446,-1.1176559925079346,0.06128128618001938,0.37626969814300537,-1.2001731395721436,0.07493354380130768,0.5027419924736023,-1.0483486652374268,0.09361952543258667,0.5589829087257385,-1.0651729106903076,0.04881810396909714,0.7454385161399841,-1.2505948543548584,0.08966009318828583,0.6917816400527954,-1.246462106704712,0.11711205542087555,0.6008811593055725,-1.1623008251190186,0.13099855184555054,0.6804726719856262,-0.7309379577636719,0.0327487513422966,0.679020881652832,-0.8811027407646179,0.10245086997747421,0.5709812641143799,-0.8507423400878906,0.12634959816932678,0.48677849769592285,-0.7621828317642212,0.1244155541062355,0.7193681597709656,-0.39471137523651123,0.02261631190776825,0.6818751692771912,-0.5875564813613892,0.08115282654762268,0.5858936905860901,-0.5675520300865173,0.1002512127161026,0.49630895256996155,-0.4860878586769104,0.09254879504442215,0.7196464538574219,-0.10277532041072845,0.014497226104140282,0.6899757981300354,-0.2889261841773987,0.06305768340826035,0.6070795059204102,-0.290277898311615,0.10033879429101944,0.5308780074119568,-0.22604307532310486,0.12256012856960297,0.0,0.0,0.0,0.03205782175064087,0.04007524251937866,0.02272004820406437,0.036888692528009415,0.0835576057434082,0.036606479436159134,0.03421271964907646,0.10566432029008865,0.04817390441894531,0.04874151200056076,0.10902424156665802,0.05984102189540863,0.031373634934425354,0.03020658530294895,0.03309124335646629,0.026272252202033997,0.07882530987262726,0.04993710666894913,0.03874160349369049,0.09625566005706787,0.06299441307783127,0.04268048331141472,0.09734254330396652,0.07227839529514313,0.01840205304324627,0.01678980514407158,0.03152134269475937,0.026162514463067055,0.08245877921581268,0.04692182317376137,0.023562582209706306,0.09441998600959778,0.053572434931993484,0.02112470753490925,0.0866529643535614,0.05767347291111946,0.011557469144463539,0.018133411183953285,0.03306552767753601,0.028744492679834366,0.08003280311822891,0.04664942994713783,0.024429166689515114,0.0875329077243805,0.04930917173624039,0.023041341453790665,0.07801283150911331,0.04821654036641121,0.01667884550988674,0.024580692872405052,0.03766274452209473,0.030698588117957115,0.06867728382349014,0.04906931892037392,0.027644667774438858,0.07670405507087708,0.051866646856069565,0.026459598913788795,0.06760308891534805,0.051315560936927795
yo,0.0,0.0,0.0,0.08275633305311203,-0.6207881569862366,0.07257964462041855,0.30387642979621887,-0.9421792030334473,0.11538103967905045,0.5044867396354675,-1.0111387968063354,0.1434718668460846,0.6335133910179138,-0.9285202026367188,0.17757916450500488,0.6068985462188721,-1.023481845855713,0.09044550359249115,0.7839580774307251,-1.194828748703003,0.1494109332561493,0.7230607867240906,-1.1464869976043701,0.19164809584617615,0.6377168893814087,-1.0573877096176147,0.21800807118415833,0.714643657207489,-0.6956514716148376,0.06281497329473495,0.7572537660598755,-0.8107423782348633,0.1549241840839386,0.6515940427780151,-0.7733044624328613,0.18587026000022888,0.5657802820205688,-0.6990836262702942,0.18831169605255127,0.75262850522995,-0.3476133644580841,0.04491608217358589,0.7626860737800598,-0.5056990385055542,0.12258949130773544,0.6642559766769409,-0.487924724817276,0.14354823529720306,0.5730806589126587,-0.41457995772361755,0.135164275765419,0.7528461813926697,-0.04527318477630615,0.03240133076906204,0.7774606347084045,-0.20167605578899384,0.10053320229053497,0.6961175799369812,-0.2068331241607666,0.14633479714393616,0.6132382154464722,-0.147568479180336,0.17292122542858124,0.0,0.0,0.0,0.021791262552142143,0.012582072988152504,0.02313116379082203,0.032044004648923874,0.01963813416659832,0.041953399777412415,0.03614407777786255,0.045051295310258865,0.05953121930360794,0.04328446835279465,0.10083826631307602,0.07859645783901215,0.01970631629228592,0.01920408010482788,0.027835728600621223,0.0511680468916893,0.05406832695007324,0.0503031350672245,0.06319726258516312,0.0680563822388649,0.07258011400699615,0.06816025823354721,0.08041464537382126,0.08896047621965408,0.016637099906802177,0.01704462058842182,0.028989378362894058,0.049041472375392914,0.06083105877041817,0.053400926291942596,0.045419059693813324,0.06898819655179977,0.06884060055017471,0.040597185492515564,0.06374328583478928,0.07712895423173904,0.014863572083413601,0.027164394035935402,0.03262944519519806,0.052833352237939835,0.05140525847673416,0.05477987229824066,0.04978905990719795,0.06106848269701004,0.06117869168519974,0.04830937832593918,0.05290735885500908,0.06099002808332443,0.015907619148492813,0.04162999987602234,0.039311349391937256,0.06352588534355164,0.04736170917749405,0.057112082839012146,0.0677039623260498,0.05142532289028168,0.0623796209692955,0.06545937061309814,0.04325764998793602,0.06257978826761246
yo,0.0,0.0,0.0,0.09330203384160995,-0.6100353002548218,0.08599817007780075,0.31760174036026,-0.9218389391899109,0.13358424603939056,0.5090989470481873,-0.9784270524978638,0.1632986068725586,0.6308758854866028,-0.8687262535095215,0.19763997197151184,0.6068971157073975,-1.0096068382263184,0.09968223422765732,0.80853670835495,-1.1282637119293213,0.1642409861087799,0.7606955766677856,-1.0742660760879517,0.21194639801979065,0.6753492951393127,-0.9914201498031616,0.24257870018482208,0.7140042781829834,-0.695270836353302,0.06738199293613434,0.7527030110359192,-0.7532280087471008,0.16795875132083893,0.6520544290542603,-0.713831901550293,0.2005119025707245,0.5681379437446594,-0.6510590314865112,0.20127734541893005,0.752321720123291,-0.35408738255500793,0.04651500657200813,0.7611812353134155,-0.4682309627532959,0.13289324939250946,0.6679828763008118,-0.4476288855075836,0.15376189351081848,0.5766641497612,-0.3844570517539978,0.14271976053714752,0.7572325468063354,-0.06031394749879837,0.03207183629274368,0.7920780777931213,-0.17916056513786316,0.10895794630050659,0.7144775390625,-0.17404398322105408,0.15816619992256165,0.6283477544784546,-0.117146335542202,0.18561184406280518,0.0,0.0,0.0,0.028114456683397293,0.017978573217988014,0.022956784814596176,0.047029975801706314,0.03030514344573021,0.041542984545230865,0.05417705699801445,0.04062497988343239,0.058600712567567825,0.06054811552166939,0.06346504390239716,0.07684716582298279,0.023169441148638725,0.017518626525998116,0.03589782863855362,0.050568588078022,0.05380130931735039,0.05542224645614624,0.048226840794086456,0.06437604874372482,0.07077912986278534,0.04822669178247452,0.056754983961582184,0.08242084830999374,0.02134689874947071,0.023022491484880447,0.03563940152525902,0.049605902284383774,0.055770743638277054,0.05716010928153992,0.044181518256664276,0.06718956679105759,0.06575283408164978,0.04164101183414459,0.05455877631902695,0.07028216868638992,0.022620169445872307,0.040639728307724,0.037963490933179855,0.05366356298327446,0.054856494069099426,0.05694027990102768,0.04905576631426811,0.06802321970462799,0.05848516523838043,0.04804747551679611,0.057824429124593735,0.056320901960134506,0.02521035261452198,0.056263603270053864,0.04362383857369423,0.0667433813214302,0.05934727191925049,0.059508055448532104,0.06617864966392517,0.06778676807880402,0.06420481204986572,0.06323739886283875,0.06140758469700813,0.06499648839235306
yo,0.0,0.0,0.0,0.09138073027133942,-0.5954342484474182,0.08961504697799683,0.3242393136024475,-0.9431527853012085,0.1450594961643219,0.5132156610488892,-1.0213991403579712,0.18357689678668976,0.6372741460800171,-0.899720311164856,0.21946220099925995,0.5378285050392151,-1.0557868480682373,0.085670605301857,0.8081427812576294,-1.247504472732544,0.1511867642402649,0.9210842847824097,-1.308127522468567,0.20459775626659393,0.9979962110519409,-1.34345543384552,0.23463396728038788,0.6482959985733032,-0.7569207549095154,0.05485367774963379,0.7742876410484314,-0.8764031529426575,0.1285056620836258,0.6688339710235596,-0.8275302052497864,0.17170901596546173,0.5775328278541565,-0.748054027557373,0.19251762330532074,0.7056869864463806,-0.42239218950271606,0.037068698555231094,0.7934179902076721,-0.5866441130638123,0.10612799227237701,0.6938610076904297,-0.5601315498352051,0.13950905203819275,0.6045674085617065,-0.47951561212539673,0.14643670618534088,0.7330783605575562,-0.12822405993938446,0.027073925361037254,0.8407073020935059,-0.2775307893753052,0.09626226872205734,0.7692460417747498,-0.2764376997947693,0.1469520628452301,0.6821790933609009,-0.2023630142211914,0.17827799916267395,0.0,0.0,0.0,0.010300163179636002,0.013613344170153141,0.028318729251623154,0.0147694768384099,0.046154964715242386,0.04936639219522476,0.02297203056514263,0.05854545906186104,0.06877507269382477,0.034805383533239365,0.06586248427629471,0.08842019736766815,0.02960275672376156,0.03913744539022446,0.047970328480005264,0.020402932539582253,0.08447594195604324,0.08805163949728012,0.035432133823633194,0.1284194141626358,0.11236166208982468,0.06685353815555573,0.17238710820674896,0.12726950645446777,0.024965278804302216,0.02471281588077545,0.05040142312645912,0.051892995834350586,0.09954866021871567,0.0993710607290268,0.05306755006313324,0.09195596724748611,0.10617435723543167,0.044349055737257004,0.07032047212123871,0.10071033239364624,0.014276588335633278,0.0255024041980505,0.056216705590486526,0.054727017879486084,0.08341553807258606,0.09723760932683945,0.05572592094540596,0.07953609526157379,0.08702978491783142,0.05284389853477478,0.06071656569838524,0.06912019103765488,0.013121570460498333,0.02696629799902439,0.06477821618318558,0.047523777931928635,0.07119718939065933,0.09047297388315201,0.047233693301677704,0.07357735931873322,0.08475635200738907,0.045490529388189316,0.060399703681468964,0.07543349266052246
yo,0.0,0.0,0.0,0.06795705854892731,-0.6365746259689331,0.09672663360834122,0.28174349665641785,-0.9963592290878296,0.1702418327331543,0.4791644513607025,-1.0693480968475342,0.22964811325073242,0.6074104309082031,-0.9634401202201843,0.29026272892951965,0.6007639169692993,-1.0178171396255493,0.13686613738536835,0.825222373008728,-1.2161171436309814,0.24154409766197205,0.8572177886962891,-1.2581850290298462,0.31425073742866516,0.8521666526794434,-1.2595638036727905,0.3571189343929291,0.7117549180984497,-0.6860779523849487,0.11941802501678467,0.7743930816650391,-0.8433411717414856,0.2518653869628906,0.6674123406410217,-0.838549017906189,0.30599042773246765,0.5741356611251831,-0.7719236612319946,0.32419151067733765,0.7468189001083374,-0.3369317650794983,0.11410091817378998,0.7771480679512024,-0.5385197401046753,0.22514395415782928,0.6738801002502441,-0.5469748973846436,0.2516210973262787,0.5817236304283142,-0.48488688468933105,0.24483856558799744,0.7490725517272949,-0.03480329364538193,0.11722193658351898,0.8050780296325684,-0.2012268602848053,0.21089260280132294,0.7327069640159607,-0.2270451784133911,0.25800251960754395,0.6495496034622192,-0.17693933844566345,0.2825566828250885,0.0,0.0,0.0,0.027360329404473305,0.018091220408678055,0.01619793474674225,0.04627055302262306,0.031116440892219543,0.04120827838778496,0.05826810002326965,0.03364507481455803,0.07398900389671326,0.06760328263044357,0.03554694354534149,0.10968334972858429,0.021147552877664566,0.022730989381670952,0.06757844984531403,0.04220997914671898,0.05660169944167137,0.11554364114999771,0.10075182467699051,0.1000184640288353,0.14086584746837616,0.16600745916366577,0.159144788980484,0.15526896715164185,0.016793658956885338,0.02623593620955944,0.08643386512994766,0.07094066590070724,0.061387185007333755,0.1393996775150299,0.07108011841773987,0.08045848459005356,0.15863202512264252,0.06369193643331528,0.08407725393772125,0.17080704867839813,0.018268119543790817,0.029595673084259033,0.10459773987531662,0.07858365029096603,0.043469298630952835,0.1500760316848755,0.07371930778026581,0.0687330886721611,0.1545983999967575,0.07155003398656845,0.07706029713153839,0.15535879135131836,0.02672671340405941,0.04306088387966156,0.12294473499059677,0.08725828677415848,0.03242383524775505,0.1549774408340454,0.09162518382072449,0.034761618822813034,0.1560865342617035,0.09062454849481583,0.04414735734462738,0.1544138789176941
yo,0.0,0.0,0.0,0.12634602189064026,-0.6234937906265259,0.09369006007909775,0.4000162184238434,-0.9469093084335327,0.1484779268503189,0.6176358461380005,-0.9862982630729675,0.18576008081436157,0.7500279545783997,-0.8302280306816101,0.2190055400133133,0.6348671913146973,-1.0223981142044067,0.07790614664554596,0.9434009790420532,-1.166364312171936,0.14414569735527039,1.0838247537612915,-1.2146950960159302,0.19679032266139984,1.1878759860992432,-1.244437336921692,0.2244221717119217,0.7336726188659668,-0.6738002300262451,0.04313553497195244,0.8939173817634583,-0.7608144879341125,0.11927765607833862,0.7798236608505249,-0.7293353080749512,0.1672004759311676,0.6729012727737427,-0.6680009961128235,0.19022482633590698,0.7734436392784119,-0.29884153604507446,0.02270760014653206,0.894859790802002,-0.4371284544467926,0.09524712711572647,0.7874314188957214,-0.42696911096572876,0.13559022545814514,0.6829663515090942,-0.36519330739974976,0.1458442509174347,0.7833048701286316,0.027849506586790085,0.010173122398555279,0.9172345995903015,-0.0987737774848938,0.08574289083480835,0.8390064239501953,-0.10922865569591522,0.1440729945898056,0.7386839985847473,-0.05213282257318497,0.17952634394168854,0.0,0.0,0.0,0.017913473770022392,0.018676554784178734,0.031083885580301285,0.028002571314573288,0.053680721670389175,0.05175410956144333,0.04772597551345825,0.07328105717897415,0.06998687982559204,0.06619468331336975,0.09392760694026947,0.0882573127746582,0.027904357761144638,0.03938239440321922,0.06531816720962524,0.05879998579621315,0.09072466194629669,0.10609833151102066,0.08981486409902573,0.13267411291599274,0.12806393206119537,0.12159957736730576,0.1713247001171112,0.14062835276126862,0.023974807932972908,0.026691900566220284,0.06760065257549286,0.09215854108333588,0.10461005568504333,0.10914484411478043,0.08986587822437286,0.10536838322877884,0.10811658203601837,0.07526577264070511,0.08589572459459305,0.09984119981527328,0.021657664328813553,0.04234754294157028,0.07166937738656998,0.09209315478801727,0.09071171283721924,0.10580728203058243,0.09199721366167068,0.09320585429668427,0.08979424089193344,0.08309345692396164,0.07367654144763947,0.07020998001098633,0.02230587601661682,0.06471538543701172,0.07774347066879272,0.0757422149181366,0.08116890490055084,0.09954755753278732,0.07657402753829956,0.08673173189163208,0.09057836979627609,0.07109542936086655,0.0707719475030899,0.08012733608484268
yo,0.0,0.0,0.0,0.08393733203411102,-0.6128239631652832,0.12940046191215515,0.3112787902355194,-0.9417692422866821,0.2239367961883545,0.49801355600357056,-1.009779691696167,0.30127066373825073,0.6181435585021973,-0.8955796360969543,0.3765442967414856,0.6124347448348999,-1.0032289028167725,0.15844929218292236,0.8781728744506836,-1.128085970878601,0.29045194387435913,0.9575549960136414,-1.1550594568252563,0.3841244876384735,0.9967647790908813,-1.1601505279541016,0.43748027086257935,0.7204314470291138,-0.678233802318573,0.13465645909309387,0.7877048254013062,-0.764742910861969,0.29130786657333374,0.6736639738082886,-0.7535859942436218,0.35548514127731323,0.5821117162704468,-0.6898764371871948,0.3741197884082794,0.752224326133728,-0.3204503059387207,0.1284269392490387,0.7989214658737183,-0.4697589874267578,0.2625153362751007,0.688856303691864,-0.4692986011505127,0.28758132457733154,0.5966923832893372,-0.4058054983615875,0.27136969566345215,0.7580857276916504,-0.014684038236737251,0.13444748520851135,0.8444370031356812,-0.13500043749809265,0.24244606494903564,0.7667505145072937,-0.1495112031698227,0.2885145843029022,0.6747089624404907,-0.08703853189945221,0.30728209018707275,0.0,0.0,0.0,0.031492553651332855,0.019509147852659225,0.03564745932817459,0.06231103092432022,0.04120278358459473,0.05947675183415413,0.07830696552991867,0.04213063418865204,0.08279106020927429,0.08821180462837219,0.056674934923648834,0.10626154392957687,0.020162241533398628,0.01828252524137497,0.043015699833631516,0.03660851716995239,0.03715755417943001,0.08295752108097076,0.069414883852005,0.06806274503469467,0.11311636120080948,0.11572897434234619,0.10569361597299576,0.13306622207164764,0.02041506953537464,0.01936071738600731,0.04531306400895119,0.06571236252784729,0.04056444764137268,0.08921994268894196,0.06918122619390488,0.045206326991319656,0.1019444614648819,0.0679519847035408,0.035005681216716766,0.10294795781373978,0.025269869714975357,0.028466181829571724,0.05218464508652687,0.07425320148468018,0.03117493726313114,0.09092684835195541,0.07596595585346222,0.037734825164079666,0.08624879270792007,0.0720752403140068,0.03094935603439808,0.07303590327501297,0.029575111344456673,0.041463784873485565,0.06302843242883682,0.06692477315664291,0.03244980424642563,0.0856739953160286,0.0693499892950058,0.030604828149080276,0.08189307898283005,0.06702215224504471,0.028695158660411835,0.07415442913770676
yo,0.0,0.0,0.0,0.023763909935951233,-0.6207966804504395,0.08092313259840012,0.19978120923042297,-0.9891895055770874,0.13691607117652893,0.3849433362483978,-1.0566240549087524,0.17846257984638214,0.5028591156005859,-0.9396341443061829,0.22376370429992676,0.5892766714096069,-1.035353183746338,0.11574950069189072,0.7758158445358276,-1.1416431665420532,0.19751198589801788,0.7316768169403076,-1.116356611251831,0.25068745017051697,0.6489986181259155,-1.0495349168777466,0.2817310690879822,0.7030175924301147,-0.7007028460502625,0.09331919252872467,0.6991653442382812,-0.7729460597038269,0.20482425391674042,0.5877297520637512,-0.7414484024047852,0.23732607066631317,0.4980486035346985,-0.6687191724777222,0.23778584599494934,0.7319801449775696,-0.3514147400856018,0.08126623183488846,0.6995468735694885,-0.4773082733154297,0.1709027737379074,0.5998626351356506,-0.45388466119766235,0.18262937664985657,0.5071617960929871,-0.38257259130477905,0.16632667183876038,0.7284835577011108,-0.0501774363219738,0.07581037282943726,0.7241164445877075,-0.16870756447315216,0.14501549303531647,0.641061544418335,-0.16434675455093384,0.1796683818101883,0.5586465001106262,-0.10578308254480362,0.19803228974342346,0.0,0.0,0.0,0.019571127369999886,0.024402523413300514,0.03422130271792412,0.044113174080848694,0.033049385994672775,0.06615889072418213,0.08094672113656998,0.022310376167297363,0.09716422855854034,0.10760446637868881,0.05701375752687454,0.12686464190483093,0.027338840067386627,0.02483881451189518,0.06188684701919556,0.0420106016099453,0.034598760306835175,0.10274253785610199,0.05226784572005272,0.04298391193151474,0.12663613259792328,0.0638614296913147,0.059968721121549606,0.14075806736946106,0.027769269421696663,0.03245599940419197,0.06518255919218063,0.040772248059511185,0.029528385028243065,0.10336478054523468,0.03837856277823448,0.028464898467063904,0.11365525424480438,0.03642933443188667,0.02718336693942547,0.11712732166051865,0.02791569009423256,0.04735545814037323,0.07145769894123077,0.04505206644535065,0.0387212410569191,0.1041451022028923,0.04199717193841934,0.034006327390670776,0.10177701711654663,0.038268763571977615,0.032513782382011414,0.09472616016864777,0.02909432165324688,0.06241290271282196,0.08146797120571136,0.06373094022274017,0.0626983717083931,0.10441308468580246,0.06444564461708069,0.062334343791007996,0.10290797799825668,0.062421273440122604,0.06771675497293472,0.09780118614435196
yo,0.0,0.0,0.0,0.04234366863965988,-0.6261204481124878,0.10038896650075912,0.22955074906349182,-0.9846358299255371,0.16728618741035461,0.419304758310318,-1.050988793373108,0.21763911843299866,0.5447388291358948,-0.9260997772216797,0.27102428674697876,0.5986415147781372,-1.0218881368637085,0.13495248556137085,0.8063129186630249,-1.0883989334106445,0.23594853281974792,0.7871379256248474,-1.054912805557251,0.306058794260025,0.7210261225700378,-0.9957062005996704,0.3473528325557709,0.7097008228302002,-0.693398118019104,0.1099235787987709,0.727148175239563,-0.7353378534317017,0.2404630184173584,0.6178582310676575,-0.705309271812439,0.28376588225364685,0.5244332551956177,-0.6451004147529602,0.2890482544898987,0.7394689321517944,-0.3438527286052704,0.0978582426905632,0.7258466482162476,-0.44615253806114197,0.2054012566804886,0.6252918839454651,-0.4231216013431549,0.22163939476013184,0.5285897850990295,-0.36389198899269104,0.20394352078437805,0.7385101318359375,-0.04057161509990692,0.09429623186588287,0.7590500116348267,-0.13780127465724945,0.1789625585079193,0.6760016679763794,-0.13314227759838104,0.21868212521076202,0.5879443883895874,-0.08162876218557358,0.2374769002199173,0.0,0.0,0.0,0.013017896562814713,0.022998550906777382,0.03290232643485069,0.01600503921508789,0.025499705225229263,0.06568140536546707,0.020665952935814857,0.01785692758858204,0.09886237978935242,0.026864968240261078,0.03326115384697914,0.1330629140138626,0.015194163657724857,0.019141655415296555,0.04935919865965843,0.025072986260056496,0.036316968500614166,0.08904597163200378,0.04186323285102844,0.04792221263051033,0.11972153186798096,0.056750986725091934,0.048626355826854706,0.14011524617671967,0.011034343391656876,0.02015169896185398,0.05396994948387146,0.010975506156682968,0.030180560424923897,0.09358596801757812,0.01688668318092823,0.0348106324672699,0.1117851734161377,0.016699744388461113,0.030482841655611992,0.1208072081208229,0.007838612422347069,0.028412485495209694,0.062179964035749435,0.016509097069501877,0.03323541209101677,0.09334228932857513,0.010163410566747189,0.03650997206568718,0.0966489166021347,0.008194159716367722,0.03172684833407402,0.0937790498137474,0.010477921925485134,0.04464099556207657,0.07498913258314133,0.0414850153028965,0.04646652564406395,0.0970991998910904,0.03744880482554436,0.042923957109451294,0.10045723617076874,0.035709600895643234,0.04126738756895065,0.09941664338111877
yo,0.0,0.0,0.0,0.05783901363611221,-0.6114711761474609,0.11176593601703644,0.2621401250362396,-0.9552479982376099,0.1880447119474411,0.44640785455703735,-1.0244029760360718,0.24516239762306213,0.5706197023391724,-0.915026068687439,0.30067795515060425,0.5728322863578796,-1.0187445878982544,0.15245820581912994,0.8049429655075073,-1.0958596467971802,0.2634880840778351,0.8554638624191284,-1.0832229852676392,0.33851104974746704,0.8593584299087524,-1.0537729263305664,0.38040870428085327,0.6835896968841553,-0.7172573804855347,0.12641458213329315,0.698854386806488,-0.7501471042633057,0.2574341297149658,0.5880398154258728,-0.7229447960853577,0.2988312840461731,0.49939918518066406,-0.6739429235458374,0.305147647857666,0.7173081636428833,-0.3794417977333069,0.11500473320484161,0.6988297700881958,-0.48450809717178345,0.22434981167316437,0.5953863859176636,-0.46141037344932556,0.23652322590351105,0.503961443901062,-0.4095524847507477,0.21750107407569885,0.7227510809898376,-0.08792179822921753,0.11371463537216187,0.7365570068359375,-0.19137245416641235,0.2033718377351761,0.6559541821479797,-0.18815025687217712,0.2409134805202484,0.5714330673217773,-0.13803544640541077,0.25825414061546326,0.0,0.0,0.0,0.01349276676774025,0.010448888875544071,0.02360422909259796,0.020998196676373482,0.023252801969647408,0.04393664747476578,0.0245406124740839,0.03042922355234623,0.06354493647813797,0.03103799931704998,0.04575059935450554,0.0821598619222641,0.018236173316836357,0.01421227678656578,0.03931904956698418,0.02395668439567089,0.029748782515525818,0.06894022226333618,0.036122966557741165,0.04768926277756691,0.08824054896831512,0.06929303705692291,0.06864503026008606,0.09964888542890549,0.01783311739563942,0.01558828167617321,0.04129548370838165,0.03061630204319954,0.03968140110373497,0.07232216000556946,0.029233362525701523,0.04392803832888603,0.08434004336595535,0.029321765527129173,0.032706793397665024,0.08943307399749756,0.018636973574757576,0.028005940839648247,0.045786939561367035,0.044536542147397995,0.04054877534508705,0.07198504358530045,0.03967994824051857,0.0437338761985302,0.07316866517066956,0.03991489112377167,0.033014655113220215,0.0693509578704834,0.019444631412625313,0.04636818915605545,0.05336128920316696,0.06579496711492538,0.049947235733270645,0.07371808588504791,0.06591308116912842,0.04542088508605957,0.0768720805644989,0.061768438667058945,0.04034532234072685,0.07569960504770279
yo,0.0,0.0,0.0,0.06615714728832245,-0.6123798489570618,0.11464829742908478,0.27554047107696533,-0.9587439298629761,0.1965978592634201,0.4539949893951416,-1.0017882585525513,0.2583842873573303,0.5663277506828308,-0.8643062710762024,0.3142518103122711,0.5967100858688354,-1.0055242776870728,0.16395381093025208,0.8311468958854675,-1.0891964435577393,0.27743786573410034,0.9330992698669434,-1.1036676168441772,0.34435489773750305,1.0006791353225708,-1.1070865392684937,0.3750033974647522,0.7080459594726562,-0.6883904337882996,0.136147603392601,0.7156811356544495,-0.7329949140548706,0.26121729612350464,0.6037797927856445,-0.7098738551139832,0.29645198583602905,0.5152080655097961,-0.6618043780326843,0.30055123567581177,0.7372847199440002,-0.33964037895202637,0.12275699526071548,0.7091169953346252,-0.4563193917274475,0.2265654355287552,0.6019520163536072,-0.4375280737876892,0.2331198900938034,0.5112032890319824,-0.3903158903121948,0.21306148171424866,0.7392498254776001,-0.0411946065723896,0.11951161921024323,0.7268946766853333,-0.1587391197681427,0.20516259968280792,0.6443458199501038,-0.15601462125778198,0.2360883504152298,0.5622808337211609,-0.10507293790578842,0.24962909519672394,0.0,0.0,0.0,0.014853176660835743,0.010080906562507153,0.036057207733392715,0.02628994733095169,0.02378067933022976,0.06457702070474625,0.03584161028265953,0.028467781841754913,0.09251458942890167,0.045536916702985764,0.04303118214011192,0.11915531754493713,0.039855409413576126,0.028581054881215096,0.04919722303748131,0.049652475863695145,0.0470791719853878,0.0902257040143013,0.05640260502696037,0.06799713522195816,0.11856549978256226,0.07133129239082336,0.09157510101795197,0.13590840995311737,0.037537213414907455,0.047644659876823425,0.05073685571551323,0.045492805540561676,0.04412931576371193,0.09530573338270187,0.04462091624736786,0.04434078186750412,0.11419730633497238,0.041442204266786575,0.036876484751701355,0.12093116343021393,0.028923504054546356,0.06001000478863716,0.05587383359670639,0.0443124957382679,0.04738226160407066,0.09363935142755508,0.043763380497694016,0.043561432510614395,0.09341377019882202,0.04381655901670456,0.03656057268381119,0.08431025594472885,0.023351410403847694,0.06644277274608612,0.06518647074699402,0.04583150893449783,0.05893515795469284,0.088798388838768,0.0477522611618042,0.05298139899969101,0.08604635298252106,0.04670673608779907,0.053151246160268784,0.07836578786373138
yo,0.0,0.0,0.0,0.0037508998066186905,-0.6343352794647217,0.07547013461589813,0.1609671711921692,-1.0398298501968384,0.14858245849609375,0.28351184725761414,-1.1026771068572998,0.20965829491615295,0.34593337774276733,-0.9986165165901184,0.26414766907691956,0.6385432481765747,-1.0185190439224243,0.15124857425689697,0.8612165451049805,-1.1235393285751343,0.27052316069602966,0.9511785507202148,-1.1768463850021362,0.33083856105804443,0.9997097849845886,-1.2240774631500244,0.35492756962776184,0.7468511462211609,-0.6445782780647278,0.14227494597434998,0.7279069423675537,-0.7810512781143188,0.2754173278808594,0.6093379259109497,-0.7944406270980835,0.31001925468444824,0.5076514482498169,-0.7288023233413696,0.3117445111274719,0.7515418529510498,-0.28363245725631714,0.14310449361801147,0.7209951877593994,-0.4545990526676178,0.25120437145233154,0.6134530305862427,-0.470790296792984,0.2537086308002472,0.5214444398880005,-0.4111150801181793,0.23053166270256042,0.724692702293396,0.011337827891111374,0.15011247992515564,0.7072001695632935,-0.12815958261489868,0.23294679820537567,0.6230150461196899,-0.15748682618141174,0.25850093364715576,0.5406513214111328,-0.10502170026302338,0.2674274742603302,0.0,0.0,0.0,0.022656360641121864,0.03929759934544563,0.043691158294677734,0.05098424851894379,0.05621471628546715,0.07254642993211746,0.08999453485012054,0.05027990788221359,0.09818552434444427,0.11284176260232925,0.10382925719022751,0.12314903736114502,0.03991046920418739,0.037668392062187195,0.05578692629933357,0.05399829521775246,0.0425221286714077,0.09046535193920135,0.07858271151781082,0.04759940132498741,0.11417551338672638,0.10915189981460571,0.06556612253189087,0.12974730134010315,0.04125014692544937,0.045319896191358566,0.05229382589459419,0.040539734065532684,0.051701806485652924,0.0898134633898735,0.03694656118750572,0.06479303538799286,0.1046825721859932,0.03325630724430084,0.06410200893878937,0.11036393791437149,0.040766991674900055,0.042925864458084106,0.05333631858229637,0.038923945277929306,0.054521363228559494,0.08561284095048904,0.037130389362573624,0.06271933019161224,0.08732541650533676,0.033802665770053864,0.06060870736837387,0.0818624198436737,0.0405997596681118,0.044594381004571915,0.058395691215991974,0.0462612546980381,0.059153564274311066,0.07996343076229095,0.0433070994913578,0.06405201554298401,0.08052681386470795,0.03939454257488251,0.06160615012049675,0.07673262059688568
yo,0.0,0.0,0.0,0.042157575488090515,-0.6239315271377563,0.10171090066432953,0.23363904654979706,-0.9888593554496765,0.17860138416290283,0.39108404517173767,-1.054734468460083,0.23761574923992157,0.4812837541103363,-0.9445810317993164,0.29040056467056274,0.6310621500015259,-0.9970800280570984,0.14693620800971985,0.8776224851608276,-1.0647157430648804,0.25851210951805115,0.9782813787460327,-1.0751217603683472,0.3243559002876282,1.0345590114593506,-1.0741606950759888,0.35456353425979614,0.7442800998687744,-0.6535159349441528,0.12212638556957245,0.7415645122528076,-0.6984959840774536,0.24660222232341766,0.6251236796379089,-0.6835677027702332,0.2823984622955322,0.5294212102890015,-0.6351938843727112,0.28565922379493713,0.7642204761505127,-0.2892025411128998,0.11085651069879532,0.7321355938911438,-0.4042075574398041,0.21269500255584717,0.6229915022850037,-0.39429372549057007,0.22027473151683807,0.5291190147399902,-0.3526150584220886,0.20031778514385223,0.7536962032318115,0.01920391619205475,0.10842045396566391,0.7486336827278137,-0.0879804715514183,0.18951252102851868,0.6622548699378967,-0.09535781294107437,0.2205926924943924,0.5738758444786072,-0.0540921576321125,0.23455366492271423,0.0,0.0,0.0,0.03067944012582302,0.038983285427093506,0.03059471771121025,0.06671330332756042,0.06453004479408264,0.04683864116668701,0.11108869314193726,0.06127772480249405,0.06234049052000046,0.14647479355335236,0.11761575937271118,0.07878398895263672,0.04080841690301895,0.020710300654172897,0.037611812353134155,0.05518868938088417,0.04088718071579933,0.06465478986501694,0.06331171095371246,0.06978948414325714,0.08341369032859802,0.08409643918275833,0.10591389983892441,0.09506503492593765,0.03255632147192955,0.038106054067611694,0.03920511156320572,0.03807301074266434,0.054182518273591995,0.06795494258403778,0.03408794850111008,0.07477674633264542,0.07749032229185104,0.030602354556322098,0.06761012971401215,0.08077302575111389,0.02432195097208023,0.049768611788749695,0.04455290362238884,0.0375811867415905,0.043084900826215744,0.06626155972480774,0.034566618502140045,0.05674911290407181,0.06330614537000656,0.030886976048350334,0.05107881873846054,0.05679852142930031,0.02230961062014103,0.05616380646824837,0.05260568484663963,0.05030980333685875,0.04483652114868164,0.0654168426990509,0.0488843135535717,0.051397643983364105,0.0645119845867157,0.044183939695358276,0.053789760917425156,0.062025755643844604
yo,0.0,0.0,0.0,0.06883807480335236,-0.626437246799469,0.1042579784989357,0.29127758741378784,-0.9554942846298218,0.1735769510269165,0.48068660497665405,-0.9774113893508911,0.22202889621257782,0.5967527627944946,-0.8180661201477051,0.26492056250572205,0.6182733774185181,-0.9969534873962402,0.13878244161605835,0.8550300598144531,-1.0277607440948486,0.2406233847141266,0.9464171528816223,-1.0063669681549072,0.3019994795322418,0.9992817640304565,-0.9723052978515625,0.3286641240119934,0.7266787886619568,-0.6768453121185303,0.10786560922861099,0.7088041305541992,-0.6231180429458618,0.21699035167694092,0.5918561816215515,-0.5893336534500122,0.2442856729030609,0.5037814974784851,-0.5639439821243286,0.24358049035072327,0.748176097869873,-0.32492679357528687,0.09166966378688812,0.6887646913528442,-0.36035603284835815,0.18619200587272644,0.5813762545585632,-0.3366378843784332,0.1924881786108017,0.4887006878852844,-0.31840768456459045,0.17159131169319153,0.739762008190155,-0.029264694079756737,0.08348561823368073,0.6874026656150818,-0.08106757700443268,0.1623922884464264,0.5995333790779114,-0.07523355633020401,0.19136199355125427,0.515459418296814,-0.05727856606245041,0.2041233777999878,0.0,0.0,0.0,0.0219525508582592,0.015553177334368229,0.024630500003695488,0.03377152234315872,0.03861120343208313,0.03841506317257881,0.03667890280485153,0.044908154755830765,0.05016736686229706,0.03711880370974541,0.053368061780929565,0.06213555857539177,0.027984686195850372,0.02272610366344452,0.03188091889023781,0.033951032906770706,0.044877614825963974,0.052866678684949875,0.04703031852841377,0.07477149367332458,0.06802773475646973,0.07007957994937897,0.10189621150493622,0.07818302512168884,0.025230269879102707,0.026899395510554314,0.028691448271274567,0.027282465249300003,0.06227424740791321,0.05428427457809448,0.02484814077615738,0.0649309754371643,0.06327763199806213,0.024457287043333054,0.04969724267721176,0.06529581546783447,0.021554231643676758,0.038299113512039185,0.029111310839653015,0.02200484275817871,0.06082889437675476,0.05255560576915741,0.01921442151069641,0.06280925869941711,0.053131457418203354,0.018367508426308632,0.04859452322125435,0.04727708175778389,0.017170265316963196,0.0490473173558712,0.032723091542720795,0.019431274384260178,0.0664740577340126,0.04814595729112625,0.018088510259985924,0.06684821844100952,0.04895605891942978,0.01705520786345005,0.05494953691959381,0.045498013496398926
yo,0.0,0.0,0.0,0.039588991552591324,-0.629208505153656,0.016471251845359802,-0.11103150993585587,-1.0164268016815186,0.025067061185836792,-0.32727622985839844,-1.031792163848877,0.033369410783052444,-0.4496908187866211,-0.8648632168769836,0.039530497044324875,-0.5186390280723572,-1.1050951480865479,-0.00010643078712746501,-0.561850368976593,-1.0669842958450317,-0.004527942277491093,-0.45801272988319397,-0.9324641227722168,-0.03030439279973507,-0.3725365996360779,-0.8392176628112793,-0.05409444496035576,-0.652646005153656,-0.756804347038269,-0.01528806984424591,-0.6451972723007202,-0.7495337724685669,0.02029596082866192,-0.536199688911438,-0.642123818397522,0.02084403671324253,-0.44004303216934204,-0.5474263429641724,0.006135647650808096,-0.7049291729927063,-0.38411688804626465,-0.024488331750035286,-0.6639343500137329,-0.38879185914993286,-0.00047309082583524287,-0.5626512765884399,-0.3219982385635376,0.006580219604074955,-0.46789485216140747,-0.24176473915576935,-0.002645308617502451,-0.7122453451156616,-0.027716508135199547,-0.032199956476688385,-0.6615307331085205,-0.05461881309747696,-0.021780190989375114,-0.5559738278388977,-0.009943915531039238,0.00028560907230712473,-0.47790247201919556,0.04607437178492546,0.018838388845324516,0.0,0.0,0.0,0.023357437923550606,0.013154014945030212,0.012272121384739876,0.03630024194717407,0.025700809434056282,0.02037079446017742,0.04440617933869362,0.05433311685919762,0.02833084762096405,0.05026039108633995,0.0720851793885231,0.0384589321911335,0.02617158740758896,0.020303698256611824,0.01648695021867752,0.06797155737876892,0.0818156898021698,0.03399954363703728,0.07953275740146637,0.08643918484449387,0.053254708647727966,0.0727996975183487,0.0792248398065567,0.06682687997817993,0.02137022092938423,0.018329156562685966,0.016551783308386803,0.06632057577371597,0.0864061564207077,0.031782906502485275,0.07492047548294067,0.09272843599319458,0.04221589118242264,0.06591875106096268,0.08664210885763168,0.04989352077245712,0.01871657185256481,0.029640519991517067,0.018956709653139114,0.058429114520549774,0.0887174904346466,0.03531923145055771,0.06302639096975327,0.08797741681337357,0.04214242845773697,0.05642697960138321,0.07174308598041534,0.04516774043440819,0.01804613508284092,0.04287569597363472,0.02302594669163227,0.04554111137986183,0.08705531060695648,0.03724686801433563,0.04916715621948242,0.0867796465754509,0.04313952475786209,0.044911615550518036,0.07408013939857483,0.045743901282548904
yo,0.0,0.0,0.0,0.0015852816868573427,-0.687096893787384,0.0077874683775007725,-0.19440941512584686,-1.0782173871994019,0.013322939164936543,-0.4388042986392975,-1.0545384883880615,0.021256696432828903,-0.5714657306671143,-0.8589816093444824,0.028752416372299194,-0.6283546686172485,-1.076984167098999,-0.017089664936065674,-0.70623379945755,-1.0534212589263916,-0.026491645723581314,-0.5888333320617676,-0.9377574920654297,-0.05102173238992691,-0.48757991194725037,-0.8574203252792358,-0.07211893796920776,-0.7470744252204895,-0.6618775129318237,-0.02828197553753853,-0.7847302556037903,-0.6811341047286987,0.00543888658285141,-0.6649701595306396,-0.5997779369354248,0.010228362865746021,-0.552391529083252,-0.5227838158607483,-0.0015221881913021207,-0.7798947095870972,-0.24090659618377686,-0.03357861191034317,-0.7794243097305298,-0.2729550898075104,-0.009347278624773026,-0.6667189598083496,-0.2345203459262848,0.005660659167915583,-0.5557106733322144,-0.17420801520347595,0.0009202290093526244,-0.7637943029403687,0.14901874959468842,-0.03768563270568848,-0.7430006265640259,0.08452491462230682,-0.02407880686223507,-0.6316741704940796,0.09830115735530853,0.005945195909589529,-0.5436823964118958,0.1344297081232071,0.02958732470870018,0.0,0.0,0.0,0.021547824144363403,0.024832777678966522,0.015081499703228474,0.04437880590558052,0.04709608107805252,0.023794913664460182,0.07037823647260666,0.071299247443676,0.030294712632894516,0.08961471915245056,0.08162510395050049,0.03793661296367645,0.03893495351076126,0.018448207527399063,0.02962195873260498,0.14888900518417358,0.04634803533554077,0.04142126441001892,0.16838614642620087,0.06217889487743378,0.048208627849817276,0.15555521845817566,0.07848554849624634,0.056011468172073364,0.030854828655719757,0.035815924406051636,0.02762644924223423,0.15403839945793152,0.040537770837545395,0.04162056744098663,0.1688757687807083,0.05799049511551857,0.04271737486124039,0.15327638387680054,0.0638442263007164,0.0454070046544075,0.03105853870511055,0.06830572336912155,0.027252977713942528,0.13076385855674744,0.044684652239084244,0.04044855758547783,0.13811495900154114,0.05248365178704262,0.04090586304664612,0.12593835592269897,0.04599485546350479,0.04335023835301399,0.02858070842921734,0.09621952474117279,0.02902204543352127,0.0982215404510498,0.0684407651424408,0.04137812927365303,0.10525732487440109,0.07146810740232468,0.0454748272895813,0.09834982454776764,0.059634730219841,0.04883782938122749
yo,0.0,0.0,0.0,0.011260665021836758,-0.6528526544570923,0.015671418979763985,-0.17581835389137268,-1.0104308128356934,0.02247280813753605,-0.410535991191864,-0.9997426271438599,0.029033521190285683,-0.5495577454566956,-0.8347509503364563,0.03403760492801666,-0.5559102892875671,-1.104537010192871,-0.004259580746293068,-0.6579526662826538,-1.048400640487671,-0.013177251443266869,-0.5565327405929565,-0.9117643237113953,-0.034684889018535614,-0.45152926445007324,-0.8283235430717468,-0.05250261351466179,-0.6872183084487915,-0.7227175831794739,-0.018047485500574112,-0.7456022500991821,-0.6981014013290405,0.011413605883717537,-0.6337324976921082,-0.5867674350738525,0.014605295844376087,-0.5175186395645142,-0.5087319016456604,0.004885148722678423,-0.7363753318786621,-0.3130497634410858,-0.025957679376006126,-0.7557807564735413,-0.3001602292060852,-0.006309510208666325,-0.6476560235023499,-0.23658649623394012,0.007217700127512217,-0.5347725749015808,-0.17909803986549377,0.004102334380149841,-0.7348710298538208,0.07261201739311218,-0.03145159035921097,-0.7241684794425964,0.057367969304323196,-0.023137416690587997,-0.6153279542922974,0.09109518676996231,0.004220622591674328,-0.5249433517456055,0.1240350753068924,0.028045807033777237,0.0,0.0,0.0,0.021116064861416817,0.04323463886976242,0.02002733200788498,0.04585046321153641,0.06608981639146805,0.03139079362154007,0.07436926662921906,0.07018312811851501,0.03802121430635452,0.09183846414089203,0.0657837763428688,0.044230781495571136,0.0475873127579689,0.026481186971068382,0.04451626539230347,0.13407757878303528,0.05229031667113304,0.05607883632183075,0.1477416604757309,0.07265404611825943,0.05530153214931488,0.13610167801380157,0.08644859492778778,0.056027527898550034,0.041614968329668045,0.04122732952237129,0.04065944626927376,0.1431439369916916,0.052682939916849136,0.05560670420527458,0.15256723761558533,0.06574181467294693,0.05076851695775986,0.1396530121564865,0.0668383538722992,0.04660686478018761,0.03900826349854469,0.08213237673044205,0.03706292808055878,0.13648296892642975,0.0686042532324791,0.04926539957523346,0.14063924551010132,0.07075833529233932,0.0435028001666069,0.12940901517868042,0.06256328523159027,0.04167022928595543,0.03188598155975342,0.11896658688783646,0.03480323776602745,0.10662981122732162,0.09171594679355621,0.04727613553404808,0.1145458072423935,0.08864036202430725,0.0489947572350502,0.10965464264154434,0.07665587216615677,0.05026418715715408
yo,0.0,0.0,0.0,-0.06269994378089905,-0.6387045979499817,0.0433446429669857,-0.29754242300987244,-0.9028064012527466,0.0630011335015297,-0.5258869528770447,-0.8483477830886841,0.07467209547758102,-0.6600103378295898,-0.6677249073982239,0.08278606832027435,-0.6460787057876587,-1.0207903385162354,0.03648339584469795,-0.7446290254592896,-0.9142019152641296,0.03492813557386398,-0.6362035274505615,-0.7788569331169128,0.012810394167900085,-0.5211172103881836,-0.7124823331832886,-0.005070873536169529,-0.7697819471359253,-0.6262260675430298,0.010966511443257332,-0.8208526372909546,-0.5346214175224304,0.05408791825175285,-0.7011786699295044,-0.4241756498813629,0.059772390872240067,-0.5766932368278503,-0.37947922945022583,0.050335127860307693,-0.8029230833053589,-0.18783871829509735,-0.008039440028369427,-0.8146383166313171,-0.11635007709264755,0.025856098160147667,-0.6962528228759766,-0.061486732214689255,0.03987012803554535,-0.5770489573478699,-0.045597389340400696,0.03404469043016434,-0.7839114665985107,0.23058052361011505,-0.023305224254727364,-0.7667234539985657,0.2671986222267151,-0.0014976125676184893,-0.6513575315475464,0.2857520580291748,0.030565625056624413,-0.5547233819961548,0.2888350784778595,0.0558323860168457,0.0,0.0,0.0,0.04634880647063255,0.02656044438481331,0.03074255771934986,0.07706835865974426,0.07872451096773148,0.05056769773364067,0.08733341097831726,0.12558014690876007,0.0616607628762722,0.09660964459180832,0.14555177092552185,0.07069463282823563,0.08741448819637299,0.0787094235420227,0.06384387612342834,0.12059102207422256,0.11405462771654129,0.08151990175247192,0.14097937941551208,0.1079503521323204,0.08232259750366211,0.14138749241828918,0.10616376250982285,0.0823480635881424,0.07195723056793213,0.0821533128619194,0.0568271167576313,0.12554234266281128,0.13236398994922638,0.08204542100429535,0.14103606343269348,0.12055718153715134,0.07692299783229828,0.13557639718055725,0.09636174142360687,0.06935010105371475,0.04892943054437637,0.0969216600060463,0.05052182450890541,0.11757460236549377,0.12388050556182861,0.07122143357992172,0.12667465209960938,0.10975994169712067,0.059396371245384216,0.12075662612915039,0.08784858137369156,0.050377149134874344,0.031628020107746124,0.1150752529501915,0.04618198052048683,0.09939000755548477,0.13449078798294067,0.06307598948478699,0.11299443244934082,0.12059619277715683,0.06002648174762726,0.11272061616182327,0.10563351213932037,0.05722150206565857
yo,0.0,0.0,0.0,-0.08301011472940445,-0.5868192315101624,0.11066059023141861,-0.32917994260787964,-0.8033641576766968,0.16858085989952087,-0.5610963106155396,-0.7831953763961792,0.2040131837129593,-0.6930629014968872,-0.6719163656234741,0.2300092875957489,-0.6772838234901428,-0.945389449596405,0.10024023056030273,-0.9319814443588257,-0.9361723065376282,0.1491565704345703,-1.0129821300506592,-0.8826114535331726,0.1748477667570114,-1.0372648239135742,-0.8573054075241089,0.18478482961654663,-0.7900148034095764,-0.6064437627792358,0.06281326711177826,-0.8385422825813293,-0.45547550916671753,0.14435377717018127,-0.7198070287704468,-0.3642459511756897,0.17690184712409973,-0.611763060092926,-0.37263813614845276,0.18156461417675018,-0.8073379397392273,-0.2105710804462433,0.03904354199767113,-0.7850738763809204,-0.09721281379461288,0.11396835744380951,-0.680106520652771,-0.05759531259536743,0.1375453770160675,-0.583694577217102,-0.0767093300819397,0.1286187767982483,-0.7924412488937378,0.18340688943862915,0.02312808856368065,-0.7403727173805237,0.24793629348278046,0.08532531559467316,-0.63014817237854,0.2561631202697754,0.11863522231578827,-0.5440033078193665,0.24004311859607697,0.13719028234481812,0.0,0.0,0.0,0.021337831392884254,0.014759969897568226,0.0339425690472126,0.043024078011512756,0.02238300070166588,0.05407099053263664,0.04784518852829933,0.03475877642631531,0.06633605808019638,0.05286934971809387,0.08164671063423157,0.07848146557807922,0.018712250515818596,0.03286800906062126,0.06637342274188995,0.04726533591747284,0.05444664880633354,0.088779017329216,0.11299928277730942,0.0982489064335823,0.0979994460940361,0.1891328990459442,0.1222505047917366,0.10517781227827072,0.015560788102447987,0.018841257318854332,0.059664878994226456,0.055095374584198,0.03753365948796272,0.09217782318592072,0.0626455545425415,0.039008356630802155,0.09162329137325287,0.05797741562128067,0.033473994582891464,0.0862133726477623,0.013254990801215172,0.031011460348963737,0.05430121347308159,0.048751071095466614,0.04322603717446327,0.07923534512519836,0.05247442424297333,0.04386219382286072,0.07023881375789642,0.04814719408750534,0.0371769517660141,0.059849705547094345,0.010010072961449623,0.048389509320259094,0.05241222307085991,0.031471509486436844,0.05553101375699043,0.07467351853847504,0.03441207483410835,0.05679504573345184,0.07674235850572586,0.031763020902872086,0.04939766228199005,0.07500933855772018
yo,0.0,0.0,0.0,-0.04131798818707466,-0.6315032839775085,0.053261809051036835,-0.26198965311050415,-0.8940854072570801,0.07831566780805588,-0.48340073227882385,-0.862667441368103,0.09405256807804108,-0.6099900007247925,-0.6989911794662476,0.10588022321462631,-0.6137348413467407,-1.0423310995101929,0.0494801327586174,-0.705199658870697,-0.9501756429672241,0.06212567165493965,-0.5927138328552246,-0.8198749423027039,0.04525144398212433,-0.4836888909339905,-0.752290666103363,0.027554577216506004,-0.731833815574646,-0.6805164813995361,0.024353181943297386,-0.7443217039108276,-0.5940989851951599,0.08411585539579391,-0.6283587217330933,-0.48968783020973206,0.09202012419700623,-0.5163286924362183,-0.4407348036766052,0.07965163141489029,-0.764463484287262,-0.27679961919784546,0.007253551390022039,-0.7392156720161438,-0.22215008735656738,0.057682812213897705,-0.6313320398330688,-0.16565515100955963,0.06849367916584015,-0.5238817930221558,-0.1347619593143463,0.056246984750032425,-0.7532770037651062,0.10278137773275375,-0.006195941939949989,-0.7126491069793701,0.12762269377708435,0.024705754593014717,-0.6019376516342163,0.15587231516838074,0.05114956572651863,-0.5126749277114868,0.17131654918193817,0.07081716507673264,0.0,0.0,0.0,0.02792934700846672,0.01540884468704462,0.016320690512657166,0.03735810145735741,0.026772206649184227,0.02356196939945221,0.0361902229487896,0.03801487386226654,0.028187686577439308,0.03487682342529297,0.045836035162210464,0.03294705972075462,0.01804252713918686,0.016446709632873535,0.017886532470583916,0.05765259265899658,0.0536474734544754,0.029117483645677567,0.06744613498449326,0.05925425514578819,0.038501545786857605,0.06591904163360596,0.05901940166950226,0.04582255333662033,0.014396498911082745,0.015617663972079754,0.016501983627676964,0.039896637201309204,0.04807088524103165,0.029986346140503883,0.047437068074941635,0.05242634937167168,0.03702795132994652,0.05055483058094978,0.05204398185014725,0.04027862846851349,0.014545916579663754,0.02571715973317623,0.016443289816379547,0.03592529892921448,0.05348021164536476,0.03174056112766266,0.03957556560635567,0.05509009212255478,0.03573963791131973,0.03999258205294609,0.04908743128180504,0.03560077026486397,0.013088729232549667,0.037245891988277435,0.017438728362321854,0.03016238659620285,0.0625232681632042,0.03290857374668121,0.03452266752719879,0.06360883265733719,0.038300350308418274,0.034907467663288116,0.057447947561740875,0.03990476205945015
yo,0.0,0.0,0.0,-0.059794049710035324,-0.6118295192718506,0.0693923681974411,-0.28358063101768494,-0.8856757283210754,0.09809108078479767,-0.512118399143219,-0.89599609375,0.11439810693264008,-0.6506847143173218,-0.7733374834060669,0.1271607130765915,-0.599364161491394,-1.0387327671051025,0.025538891553878784,-0.8176091909408569,-1.0982325077056885,0.04706261679530144,-0.820016086101532,-1.041924238204956,0.058248259127140045,-0.7788817286491394,-0.9935007095336914,0.06262751668691635,-0.7115961313247681,-0.7015007734298706,0.0005098322872072458,-0.7709887623786926,-0.6699582934379578,0.06286077946424484,-0.6658523678779602,-0.5904242992401123,0.09274987131357193,-0.5630887746810913,-0.5535553693771362,0.0955841913819313,-0.7452096939086914,-0.32603272795677185,-0.012498604133725166,-0.7357466220855713,-0.32315725088119507,0.051723770797252655,-0.643126368522644,-0.285088449716568,0.08060118556022644,-0.5469502806663513,-0.24860325455665588,0.07654878497123718,-0.7476534247398376,0.030418941751122475,-0.020935887470841408,-0.7068060040473938,-0.009113009087741375,0.0320359542965889,-0.6096522212028503,0.009391751140356064,0.06867904961109161,-0.5307826399803162,0.036462463438510895,0.09080208837985992,0.0,0.0,0.0,0.01863166317343712,0.03292100876569748,0.02972935512661934,0.03794713690876961,0.05744543299078941,0.044242940843105316,0.06147213652729988,0.08188877254724503,0.05262149125337601,0.0803661122918129,0.12408144772052765,0.061970796436071396,0.010208318009972572,0.03188734129071236,0.042702626436948776,0.058784425258636475,0.08827811479568481,0.06022505462169647,0.14021334052085876,0.1579977124929428,0.07237103581428528,0.21819116175174713,0.20258022844791412,0.08169960975646973,0.011202190071344376,0.011973646469414234,0.03547623008489609,0.0662851631641388,0.06490153074264526,0.05890317261219025,0.0735354796051979,0.08335434645414352,0.062191441655159,0.06984821707010269,0.0762336403131485,0.06083010509610176,0.014126011170446873,0.03280392661690712,0.031209368258714676,0.05363516882061958,0.0597093291580677,0.05225629359483719,0.05819614604115486,0.06758581101894379,0.0513596273958683,0.05841720849275589,0.05785639211535454,0.04668606072664261,0.015331541188061237,0.05043865367770195,0.030552465468645096,0.0368540957570076,0.061762988567352295,0.048720329999923706,0.03872005641460419,0.06604647636413574,0.0520813874900341,0.04012800008058548,0.0570630207657814,0.051276739686727524
yo,0.0,0.0,0.0,-0.05767092853784561,-0.6480098962783813,0.05112539976835251,-0.2788635790348053,-0.9437667727470398,0.06800615787506104,-0.506194531917572,-0.9512941241264343,0.07663876563310623,-0.6440548896789551,-0.8001816868782043,0.08338435739278793,-0.5863397717475891,-1.0850037336349487,0.01952497288584709,-0.7412915229797363,-1.0704224109649658,0.025772759690880775,-0.6529104113578796,-0.9452029466629028,0.015123553574085236,-0.5576820373535156,-0.868147075176239,0.004496356006711721,-0.6962721943855286,-0.7168355584144592,-0.006035705097019672,-0.7852418422698975,-0.7321311235427856,0.04531637206673622,-0.6856496334075928,-0.6425155401229858,0.061642855405807495,-0.5818873643875122,-0.5790804624557495,0.05621696636080742,-0.737426221370697,-0.32118695974349976,-0.022314514964818954,-0.7716484665870667,-0.3644106984138489,0.03062196634709835,-0.6782242059707642,-0.31683704257011414,0.05530596897006035,-0.5780978798866272,-0.2616392970085144,0.05153653770685196,-0.739745020866394,0.044363077729940414,-0.03513411805033684,-0.7431474924087524,-0.03793957084417343,0.0077514247968792915,-0.646323561668396,-0.014372679404914379,0.04811226576566696,-0.563082754611969,0.022522231563925743,0.0746423602104187,0.0,0.0,0.0,0.0342327356338501,0.03507452458143234,0.021428817883133888,0.04499242082238197,0.08342872560024261,0.028666872531175613,0.06994123756885529,0.1108289435505867,0.03040631301701069,0.0917401984333992,0.1255931258201599,0.035493236035108566,0.019234132021665573,0.0458725169301033,0.04028406739234924,0.11039789766073227,0.10012220591306686,0.046430353075265884,0.1350094974040985,0.10392285883426666,0.0485064871609211,0.13054193556308746,0.10031924396753311,0.05361554026603699,0.013702520169317722,0.013265958987176418,0.030850589275360107,0.10076702386140823,0.06850246340036392,0.036657292395830154,0.11464621126651764,0.08310949057340622,0.037402696907520294,0.11035452783107758,0.08075643330812454,0.04185564070940018,0.018327653408050537,0.04195041209459305,0.021855778992176056,0.09194324165582657,0.052689097821712494,0.02928229048848152,0.10027376562356949,0.06384433060884476,0.03224432095885277,0.09723834693431854,0.05757143720984459,0.03625974431633949,0.02285739779472351,0.07057200372219086,0.016979491338133812,0.07978736609220505,0.05925712734460831,0.027340363711118698,0.08590252697467804,0.06526772677898407,0.03527868166565895,0.08567685633897781,0.06210177764296532,0.04080484062433243
yo,0.0,0.0,0.0,-0.05743355676531792,-0.6723053455352783,0.05373193696141243,-0.27818718552589417,-0.9881547689437866,0.07552278786897659,-0.5146050453186035,-1.0074996948242188,0.08893611282110214,-0.6542626619338989,-0.8730983734130859,0.10136212408542633,-0.6094637513160706,-1.0816036462783813,0.021088995039463043,-0.8058660626411438,-1.1062284708023071,0.033596158027648926,-0.7297437787055969,-1.0113834142684937,0.0312209390103817,-0.6305091381072998,-0.9413008689880371,0.027954015880823135,-0.7152571082115173,-0.697540283203125,-0.0017753237625584006,-0.8290284276008606,-0.7465716600418091,0.057649414986371994,-0.7314940690994263,-0.6797561049461365,0.08067123591899872,-0.6257375478744507,-0.6243704557418823,0.07958708703517914,-0.7489362955093384,-0.29848265647888184,-0.015010464005172253,-0.7906777262687683,-0.37058189511299133,0.04562300816178322,-0.6994179487228394,-0.3397032916545868,0.07203326374292374,-0.5978776216506958,-0.28714555501937866,0.06842128187417984,-0.7443615794181824,0.06621718406677246,-0.024659812450408936,-0.7469751834869385,-0.040866151452064514,0.025922220200300217,-0.6513174772262573,-0.030200857669115067,0.06734862923622131,-0.5668120384216309,0.005877244286239147,0.09370487928390503,0.0,0.0,0.0,0.019854223355650902,0.03290954604744911,0.010302789509296417,0.03803393617272377,0.07257681339979172,0.017327051609754562,0.06608108431100845,0.10669472813606262,0.024604421108961105,0.08796584606170654,0.13506759703159332,0.03461894392967224,0.030332691967487335,0.036183737218379974,0.02461184747517109,0.10018806904554367,0.09558168053627014,0.030152596533298492,0.13870562613010406,0.1155323013663292,0.031228119507431984,0.1626114398241043,0.11222503334283829,0.035032596439123154,0.02563237026333809,0.027479398995637894,0.02072206884622574,0.1113399788737297,0.07742428779602051,0.027813540771603584,0.1233585998415947,0.1022128164768219,0.02650846354663372,0.1182001382112503,0.10023095458745956,0.027855826541781425,0.025158537551760674,0.05177280306816101,0.017510510981082916,0.09709332138299942,0.06695082783699036,0.02099771238863468,0.10437659174203873,0.08173532038927078,0.023735705763101578,0.1007702499628067,0.07208772003650665,0.02792401984333992,0.022660724818706512,0.07341847568750381,0.017243454232811928,0.07089506089687347,0.07221261411905289,0.022800933569669724,0.07785964757204056,0.07928919792175293,0.029260724782943726,0.07705812901258469,0.07116051763296127,0.03367957845330238
yo,0.0,0.0,0.0,-0.030755827203392982,-0.6737013459205627,0.06308834254741669,-0.22272376716136932,-1.024060606956482,0.0955033227801323,-0.4568779468536377,-1.0545953512191772,0.11764870584011078,-0.5951155424118042,-0.9438883662223816,0.14012598991394043,-0.6216417551040649,-1.0770859718322754,0.031925417482852936,-0.8557751774787903,-1.1953179836273193,0.05309216305613518,-0.7992521524429321,-1.1261470317840576,0.06394118070602417,-0.7059589624404907,-1.046897530555725,0.07206703722476959,-0.7288396954536438,-0.6837999820709229,0.010619630105793476,-0.8560273051261902,-0.793307900428772,0.08107951283454895,-0.7622351050376892,-0.7448491454124451,0.11160343885421753,-0.6592065095901489,-0.6900045871734619,0.11404118686914444,-0.7556703686714172,-0.2929531931877136,-6.731469329679385e-05,-0.8035964965820312,-0.4148572087287903,0.07074375450611115,-0.7146446108818054,-0.39303094148635864,0.09995336830615997,-0.6136729717254639,-0.3272409737110138,0.0959177166223526,-0.7452613115310669,0.0659656673669815,-0.006350697483867407,-0.7459346055984497,-0.08141526579856873,0.05596198886632919,-0.6537209153175354,-0.07901015132665634,0.10024397075176239,-0.5698672533035278,-0.03700251132249832,0.12656572461128235,0.0,0.0,0.0,0.019637789577245712,0.013551756739616394,0.016362469643354416,0.030866816639900208,0.043403059244155884,0.02512981928884983,0.04000183194875717,0.05983277037739754,0.03158656507730484,0.04688091203570366,0.07280265539884567,0.03871230036020279,0.01186288706958294,0.020626146346330643,0.031003804877400398,0.0650138258934021,0.07572456449270248,0.04036343842744827,0.10452070832252502,0.11037734150886536,0.04265720769762993,0.13766035437583923,0.12335675209760666,0.0450216643512249,0.013042495585978031,0.013965951278805733,0.027060575783252716,0.08804991096258163,0.061391521245241165,0.040240708738565445,0.1006142646074295,0.08431914448738098,0.0395001545548439,0.09310947358608246,0.08285516500473022,0.03722016513347626,0.018462488427758217,0.03580699861049652,0.023991195484995842,0.07741941511631012,0.06877467781305313,0.0327029749751091,0.08395576477050781,0.08090600371360779,0.030101830139756203,0.07869347929954529,0.07159989327192307,0.027314458042383194,0.018307890743017197,0.05740499496459961,0.023172123357653618,0.051997311413288116,0.08332085609436035,0.029267312958836555,0.056214552372694016,0.08965781331062317,0.031150195747613907,0.0544775128364563,0.0793212279677391,0.03223533555865288
yo,0.0,0.0,0.0,-0.02718953788280487,-0.6933912038803101,0.057535041123628616,-0.21494647860527039,-1.0932949781417847,0.0894712582230568,-0.4588603377342224,-1.1155353784561157,0.1139383539557457,-0.5967053174972534,-0.9759389758110046,0.14136257767677307,-0.6102593541145325,-1.0800464153289795,0.01930312253534794,-0.8677924871444702,-1.2831617593765259,0.03518890589475632,-0.8036249876022339,-1.2291843891143799,0.048764072358608246,-0.6928389668464661,-1.1308056116104126,0.06275088340044022,-0.7252362966537476,-0.6870258450508118,0.0034078818280249834,-0.8477080464363098,-0.8586484789848328,0.07434206455945969,-0.7486369013786316,-0.821731448173523,0.10659636557102203,-0.6479930877685547,-0.7556394934654236,0.1094377189874649,-0.7551800608634949,-0.3130553960800171,-0.0018861867720261216,-0.8107403516769409,-0.49524226784706116,0.07297057658433914,-0.7217621207237244,-0.48171988129615784,0.1056327223777771,-0.6250913739204407,-0.4010866582393646,0.10189972072839737,-0.7489449381828308,0.02548767626285553,-0.0028210191521793604,-0.7616955637931824,-0.17640700936317444,0.06350017338991165,-0.6699000597000122,-0.18166647851467133,0.11273093521595001,-0.5895110368728638,-0.12587395310401917,0.14153341948986053,0.0,0.0,0.0,0.025613626465201378,0.021199997514486313,0.01321390364319086,0.04944721609354019,0.04310504347085953,0.021127525717020035,0.07069788873195648,0.05427354946732521,0.026760317385196686,0.08422349393367767,0.060327060520648956,0.03283689543604851,0.020078811794519424,0.023173857480287552,0.037595462054014206,0.10047004371881485,0.03904436528682709,0.05096498131752014,0.11954015493392944,0.06114755570888519,0.05139600485563278,0.11827986687421799,0.07630348205566406,0.04976532980799675,0.0186846274882555,0.019896339625120163,0.0356549434363842,0.11924239993095398,0.05123813822865486,0.04786377400159836,0.1309371292591095,0.07609464973211288,0.04169541969895363,0.12171437591314316,0.0778886154294014,0.035738132894039154,0.02514158934354782,0.041425980627536774,0.03363335132598877,0.10218385607004166,0.05334014073014259,0.03762362524867058,0.10963403433561325,0.06626322120428085,0.02908136695623398,0.10566144436597824,0.06575610488653183,0.024109721183776855,0.029239365831017494,0.06151393800973892,0.03269870579242706,0.07884597778320312,0.061880484223365784,0.03343114256858826,0.08373089879751205,0.07255278527736664,0.02923087403178215,0.08167792111635208,0.07100401818752289,0.02713530696928501
yo,0.0,0.0,0.0,-0.03833770006895065,-0.6700496673583984,0.07988537847995758,-0.2380383461713791,-1.0321695804595947,0.12040044367313385,-0.48176679015159607,-1.1020146608352661,0.1496775895357132,-0.6318546533584595,-1.0200821161270142,0.18288281559944153,-0.5784208178520203,-1.0874269008636475,0.01848016120493412,-0.8899443745613098,-1.3132550716400146,0.036746785044670105,-0.8398656845092773,-1.2529685497283936,0.06408946216106415,-0.7229305505752563,-1.1461654901504517,0.09250657260417938,-0.6984192728996277,-0.7133577466011047,-0.001740198815241456,-0.8590220212936401,-0.8734897375106812,0.07645975053310394,-0.7602723240852356,-0.8312922716140747,0.12366454303264618,-0.6564052104949951,-0.7801889181137085,0.13711094856262207,-0.736790120601654,-0.34973636269569397,-0.00892807636409998,-0.8048993349075317,-0.5148256421089172,0.08335086703300476,-0.7167991399765015,-0.4992862343788147,0.12703430652618408,-0.6230287551879883,-0.4276197552680969,0.12649257481098175,-0.7398446202278137,-0.016749944537878036,-0.010663879103958607,-0.7560916543006897,-0.19999006390571594,0.0758824422955513,-0.6672661900520325,-0.19512858986854553,0.13276547193527222,-0.5879817008972168,-0.14249128103256226,0.16362930834293365,0.0,0.0,0.0,0.027084125205874443,0.03847799822688103,0.021477265283465385,0.05290751904249191,0.08363564312458038,0.03228935971856117,0.0805443823337555,0.0907415971159935,0.03743377700448036,0.09916131943464279,0.0857451930642128,0.04137931391596794,0.027050446718931198,0.0318329818546772,0.05027119815349579,0.10285402089357376,0.04738292470574379,0.06594855338335037,0.11823898553848267,0.06568354368209839,0.06552031636238098,0.11194199323654175,0.07330191135406494,0.06292774528265,0.026645392179489136,0.026158515363931656,0.04397693648934364,0.12506018579006195,0.05338320508599281,0.0625932440161705,0.13089361786842346,0.0785350576043129,0.05773187056183815,0.11625075340270996,0.07508178055286407,0.050256043672561646,0.03163257613778114,0.042334236204624176,0.037975095212459564,0.10562916845083237,0.03903039172291756,0.04968118667602539,0.10772298276424408,0.055208805948495865,0.040493518114089966,0.09920350462198257,0.053434234112501144,0.03239517658948898,0.03162073716521263,0.05724474415183067,0.03372001647949219,0.08015324175357819,0.03832126036286354,0.04253643378615379,0.0809720829129219,0.05078238248825073,0.03913838043808937,0.07797197252511978,0.05216897651553154,0.03615887090563774
yo,0.0,0.0,0.0,-0.03498227149248123,-0.693967878818512,0.055703055113554,-0.23454144597053528,-1.078698754310608,0.08507645130157471,-0.48565858602523804,-1.1196377277374268,0.10771914571523666,-0.6322163343429565,-1.0086216926574707,0.1349090188741684,-0.6092420220375061,-1.0881273746490479,0.012609532102942467,-0.8704455494880676,-1.2804783582687378,0.025448661297559738,-0.7901151180267334,-1.2130911350250244,0.0381939671933651,-0.6734190583229065,-1.114084005355835,0.05249398201704025,-0.7201240658760071,-0.6916809678077698,-0.003210569266229868,-0.8655917048454285,-0.8782027959823608,0.06422679126262665,-0.7659174799919128,-0.8459336161613464,0.09882701933383942,-0.6639199256896973,-0.7817605137825012,0.10508062690496445,-0.7526564598083496,-0.3170831799507141,-0.008635986596345901,-0.816962718963623,-0.51067054271698,0.06631238758563995,-0.7275028824806213,-0.5002168416976929,0.10248290002346039,-0.6322088241577148,-0.4206927418708801,0.10210849344730377,-0.7489038109779358,0.01837172731757164,-0.01024057250469923,-0.7678871750831604,-0.19786664843559265,0.05897049233317375,-0.6765661835670471,-0.19924715161323547,0.11107033491134644,-0.5969465970993042,-0.14041467010974884,0.1418384611606598,0.0,0.0,0.0,0.026016220450401306,0.03224574401974678,0.01945991814136505,0.046835578978061676,0.06358938664197922,0.03069021925330162,0.07050721347332001,0.06549499928951263,0.03832045942544937,0.08632814139127731,0.06959398090839386,0.045752543956041336,0.02637401595711708,0.02934107929468155,0.04337010905146599,0.1023186445236206,0.05586007609963417,0.061335958540439606,0.11328042298555374,0.06766202300786972,0.0646655261516571,0.10312191396951675,0.06551079452037811,0.0650152862071991,0.026341956108808517,0.02800285629928112,0.0388641282916069,0.1221230998635292,0.04464561492204666,0.057456158101558685,0.13055820763111115,0.06634809821844101,0.05358836054801941,0.11746048182249069,0.06673090159893036,0.04776393249630928,0.03180642053484917,0.044344738125801086,0.03535451740026474,0.10479076951742172,0.033770520240068436,0.04677683860063553,0.10989665985107422,0.047835905104875565,0.03919513151049614,0.10400336235761642,0.04654025286436081,0.032881539314985275,0.035688575357198715,0.05856073275208473,0.03374258056282997,0.08413350582122803,0.04240707680583,0.04067429155111313,0.08729645609855652,0.051214881241321564,0.038605283945798874,0.08456675708293915,0.04969945177435875,0.03681274875998497
yo,0.0,0.0,0.0,-0.05438200756907463,-0.6994687914848328,0.047141630202531815,-0.26388055086135864,-1.098198652267456,0.07566210627555847,-0.5182782411575317,-1.079770565032959,0.09931342303752899,-0.6563575863838196,-0.9088881611824036,0.12781405448913574,-0.6797596216201782,-1.0209896564483643,0.007955285720527172,-0.9445406794548035,-1.2641923427581787,0.0232460368424654,-0.8844046592712402,-1.2343389987945557,0.04243385046720505,-0.768848180770874,-1.139591932296753,0.06238992139697075,-0.7900505661964417,-0.6099773049354553,-0.00047400486073456705,-0.8777850270271301,-0.7891865372657776,0.0712004154920578,-0.7615246772766113,-0.7583080530166626,0.10721291601657867,-0.6560088396072388,-0.6943231821060181,0.11258263885974884,-0.8046358823776245,-0.2317756712436676,0.001145480666309595,-0.8332405090332031,-0.4136655330657959,0.07752306759357452,-0.7323518991470337,-0.40745410323143005,0.11206785589456558,-0.6301184892654419,-0.3315695822238922,0.10896389186382294,-0.7848418951034546,0.10709728300571442,0.006381054408848286,-0.788575291633606,-0.08762968331575394,0.07499329745769501,-0.689751386642456,-0.10009270906448364,0.12525326013565063,-0.6063651442527771,-0.048641275614500046,0.1552458107471466,0.0,0.0,0.0,0.02373632602393627,0.03353698179125786,0.02216489240527153,0.039414599537849426,0.04824499413371086,0.04044110327959061,0.05678030848503113,0.043841730803251266,0.05681052431464195,0.06351194530725479,0.05511825904250145,0.0743330866098404,0.02386987954378128,0.02197655662894249,0.04598085209727287,0.1074148416519165,0.046978771686553955,0.064383864402771,0.13386930525302887,0.06654578447341919,0.07785286009311676,0.13628171384334564,0.07705392688512802,0.09103482961654663,0.025388816371560097,0.03400272876024246,0.04412206634879112,0.12831510603427887,0.044709883630275726,0.06318461149930954,0.14076338708400726,0.07415752112865448,0.0690835639834404,0.13056346774101257,0.0841938853263855,0.07505428045988083,0.03004460036754608,0.05389290675520897,0.04320826381444931,0.1012345403432846,0.04102326184511185,0.062199726700782776,0.10907326638698578,0.05460233613848686,0.06328395754098892,0.10418594628572464,0.0565783828496933,0.061629269272089005,0.03137418255209923,0.06882302463054657,0.045056868344545364,0.07711798697710037,0.04862279072403908,0.06368263810873032,0.08235462009906769,0.054724276065826416,0.06703793257474899,0.08015887439250946,0.055385686457157135,0.06674353778362274
yo,0.0,0.0,0.0,-0.041388534009456635,-0.6820300817489624,0.06641807407140732,-0.2407376766204834,-1.0653002262115479,0.10763002932071686,-0.4888189435005188,-1.078234314918518,0.139974445104599,-0.6271336078643799,-0.9492133855819702,0.17656776309013367,-0.6393648982048035,-1.0401062965393066,0.04344091936945915,-0.8999183773994446,-1.287550687789917,0.07190067321062088,-0.8468915820121765,-1.2566111087799072,0.0957908183336258,-0.7386091947555542,-1.1613727807998657,0.11774982511997223,-0.7545630931854248,-0.6531931161880493,0.03028907999396324,-0.8578435182571411,-0.8448816537857056,0.11771124601364136,-0.7533648610115051,-0.815595805644989,0.15570180118083954,-0.6534667015075684,-0.7531304955482483,0.1599441021680832,-0.7748637795448303,-0.2912389636039734,0.02780785597860813,-0.8234930038452148,-0.48829516768455505,0.11860339343547821,-0.7309343814849854,-0.48195862770080566,0.15279307961463928,-0.6331430673599243,-0.40379762649536133,0.14611269533634186,-0.7606810331344604,0.035085223615169525,0.03023424744606018,-0.7757529020309448,-0.17385591566562653,0.1104525551199913,-0.6837376356124878,-0.18494635820388794,0.16210857033729553,-0.6022695899009705,-0.13075444102287292,0.1901240050792694,0.0,0.0,0.0,0.024516595527529716,0.020217444747686386,0.014964848756790161,0.04354790970683098,0.03897601366043091,0.02861933968961239,0.05822969228029251,0.035292115062475204,0.0395345538854599,0.06472199410200119,0.041350264102220535,0.0496322363615036,0.020922545343637466,0.023478485643863678,0.04187935218214989,0.08321983367204666,0.037716031074523926,0.05942084640264511,0.11428696662187576,0.06000388413667679,0.06596750766038895,0.12545596063137054,0.07375004887580872,0.06930158287286758,0.02440660074353218,0.0275430865585804,0.04124952852725983,0.1089581772685051,0.045981671661138535,0.05811510607600212,0.12140294164419174,0.06668303161859512,0.05633236840367317,0.11348222941160202,0.06657840311527252,0.05310700461268425,0.030896345153450966,0.044605690985918045,0.04111971706151962,0.09938067197799683,0.0380394384264946,0.052860964089632034,0.10797722637653351,0.046286046504974365,0.045875634998083115,0.1038956493139267,0.04558126628398895,0.0397147610783577,0.03364582732319832,0.060616619884967804,0.042780306190252304,0.08117320388555527,0.043176162987947464,0.05209838226437569,0.08620654046535492,0.04324682801961899,0.04957396164536476,0.08466070890426636,0.04140682518482208,0.0467621386051178
yo,0.0,0.0,0.0,-0.01642894744873047,-0.6656539440155029,0.06125885248184204,-0.2008541375398636,-1.0412544012069702,0.0976400375366211,-0.4351343512535095,-1.103477120399475,0.12614743411540985,-0.5743216872215271,-1.0109156370162964,0.1582244336605072,-0.5629793405532837,-1.0976351499557495,0.03807954862713814,-0.7737292647361755,-1.2834126949310303,0.06331662088632584,-0.6979660391807556,-1.2061797380447388,0.078455351293087,-0.5969654321670532,-1.1045836210250854,0.09077317267656326,-0.6796971559524536,-0.7321244478225708,0.020843176171183586,-0.8162130117416382,-0.9101377725601196,0.0941811352968216,-0.7242106795310974,-0.8685057759284973,0.12824666500091553,-0.6264053583145142,-0.7988828420639038,0.13478462398052216,-0.71905517578125,-0.37454089522361755,0.013770741410553455,-0.7777432203292847,-0.5432965755462646,0.09139839559793472,-0.693486750125885,-0.5296609401702881,0.12286009639501572,-0.6016232371330261,-0.44998374581336975,0.12037576735019684,-0.7193816304206848,-0.05136997625231743,0.010907954536378384,-0.7325046062469482,-0.23791882395744324,0.08152534812688828,-0.6464776992797852,-0.2356610745191574,0.13006648421287537,-0.568635106086731,-0.17761114239692688,0.1581549346446991,0.0,0.0,0.0,0.018471019342541695,0.021822430193424225,0.011595197953283787,0.03871416300535202,0.03931299224495888,0.020620159804821014,0.05379340425133705,0.052755892276763916,0.02728920616209507,0.06601424515247345,0.06569428741931915,0.0346713550388813,0.02302154339849949,0.025363793596625328,0.03052457980811596,0.07204921543598175,0.09008268266916275,0.041639573872089386,0.08461404591798782,0.10254139453172684,0.04326879233121872,0.07986781001091003,0.08532333374023438,0.04471530765295029,0.02003888227045536,0.018406962975859642,0.02882581390440464,0.0996243879199028,0.06772967427968979,0.044557519257068634,0.10565424710512161,0.08380500227212906,0.04258514940738678,0.09366292506456375,0.07994987070560455,0.03757704421877861,0.024484919384121895,0.04295552149415016,0.027483999729156494,0.07845592498779297,0.06286459416151047,0.03830232098698616,0.08223940432071686,0.06889017671346664,0.034518975764513016,0.07789376378059387,0.05950481817126274,0.02984374575316906,0.025149477645754814,0.06470037996768951,0.027804508805274963,0.056465838104486465,0.07042606174945831,0.03604654222726822,0.05935851112008095,0.07384476065635681,0.03674319386482239,0.0577058270573616,0.06596001237630844,0.03602753207087517
yo,0.0,0.0,0.0,-0.008123112842440605,-0.6511231660842896,0.08586990833282471,-0.190292626619339,-1.0070712566375732,0.1410626471042633,-0.42396825551986694,-1.0560462474822998,0.18377035856246948,-0.5587689280509949,-0.9603424072265625,0.22718481719493866,-0.576080322265625,-1.0717244148254395,0.06645775586366653,-0.8186941146850586,-1.2939192056655884,0.11721877753734589,-0.7933371067047119,-1.2568479776382446,0.15788409113883972,-0.7144392728805542,-1.1760787963867188,0.18736876547336578,-0.6985905766487122,-0.7123504877090454,0.05013709515333176,-0.8003674745559692,-0.8333045244216919,0.14897970855236053,-0.7014241814613342,-0.7803398370742798,0.19440338015556335,-0.6015340089797974,-0.7263259291648865,0.20549726486206055,-0.7274871468544006,-0.3536376357078552,0.04702233150601387,-0.7443752288818359,-0.4714512825012207,0.14533081650733948,-0.6534456610679626,-0.4490085244178772,0.17466239631175995,-0.5612752437591553,-0.37611493468284607,0.1662156581878662,-0.7240275144577026,-0.019548961892724037,0.050699371844530106,-0.7040248513221741,-0.1555848866701126,0.13934388756752014,-0.6143300533294678,-0.1485334038734436,0.1848774552345276,-0.5362063050270081,-0.0988440290093422,0.20803287625312805,0.0,0.0,0.0,0.014378875494003296,0.022261347621679306,0.018221570178866386,0.025921998545527458,0.03406266123056412,0.029594171792268753,0.03749379143118858,0.04026789963245392,0.03740743547677994,0.047624003142118454,0.03991621360182762,0.043195463716983795,0.01908041723072529,0.026276983320713043,0.04114470258355141,0.0634332150220871,0.03684619441628456,0.06601392477750778,0.06961774826049805,0.06009133905172348,0.0766182616353035,0.08430782705545425,0.09246868640184402,0.07908529043197632,0.015707936137914658,0.014748121611773968,0.039371926337480545,0.10464172065258026,0.0540313757956028,0.061723992228507996,0.11519724130630493,0.07357075065374374,0.06018085405230522,0.10456414520740509,0.0745437815785408,0.054563429206609726,0.019424166530370712,0.02955119125545025,0.039151880890131,0.0750122219324112,0.046572428196668625,0.05239873006939888,0.08109419792890549,0.056545838713645935,0.0465325191617012,0.07608963549137115,0.05363394320011139,0.039643481373786926,0.019057396799325943,0.04311680793762207,0.040771521627902985,0.04608343541622162,0.055229004472494125,0.04718276485800743,0.04842180386185646,0.06123805046081543,0.04503827542066574,0.04650963470339775,0.05766132101416588,0.04227662831544876
yo,0.0,0.0,0.0,0.015842439606785774,-0.6204587817192078,0.07256211340427399,-0.1285245716571808,-0.9924094080924988,0.11080411821603775,-0.3402106761932373,-1.07069993019104,0.13867917656898499,-0.4699418544769287,-0.9997271299362183,0.16832837462425232,-0.46378034353256226,-1.1098767518997192,0.029659440740942955,-0.6848275065422058,-1.3867876529693604,0.05831395834684372,-0.6586307287216187,-1.3342680931091309,0.08834855258464813,-0.5842133164405823,-1.2175685167312622,0.11312075704336166,-0.5969330072402954,-0.8003959655761719,0.010595297440886497,-0.6923030614852905,-0.9714400172233582,0.08791078627109528,-0.6051813960075378,-0.907679557800293,0.12923844158649445,-0.5189369916915894,-0.8324036598205566,0.1381271779537201,-0.6491541862487793,-0.4783535599708557,0.0038612838834524155,-0.6782981753349304,-0.6332277059555054,0.08609338849782944,-0.5997210144996643,-0.5962592363357544,0.12198865413665771,-0.5211559534072876,-0.5057138800621033,0.11889251321554184,-0.6688138246536255,-0.17266540229320526,0.002524525625631213,-0.6625536680221558,-0.33455848693847656,0.07557801902294159,-0.5804027915000916,-0.31103572249412537,0.12403716146945953,-0.5126394033432007,-0.24326291680335999,0.1502746194601059,0.0,0.0,0.0,0.018688561394810677,0.02639656886458397,0.013427150435745716,0.035138241946697235,0.05235768109560013,0.022052252665162086,0.049089785665273666,0.05347009375691414,0.02844248339533806,0.05677330866456032,0.04960866644978523,0.035216718912124634,0.03977210074663162,0.031820785254240036,0.034208640456199646,0.08319459110498428,0.0785190686583519,0.04395671561360359,0.11612994223833084,0.11054888367652893,0.04747342690825462,0.13161683082580566,0.12060150504112244,0.051335860043764114,0.03554562106728554,0.02681955322623253,0.030699316412210464,0.0918085128068924,0.06717436015605927,0.04159965366125107,0.09683449566364288,0.0797240138053894,0.038475748151540756,0.08548296242952347,0.07237853854894638,0.03595048189163208,0.03348740190267563,0.05050964653491974,0.02669704332947731,0.07852106541395187,0.06156499683856964,0.035430580377578735,0.08036340773105621,0.06804071366786957,0.03124394454061985,0.07385458052158356,0.06394726037979126,0.02728201262652874,0.03096947818994522,0.07114456593990326,0.02371903881430626,0.05984115973114967,0.06239695101976395,0.030842915177345276,0.05910535156726837,0.06495855003595352,0.029414629563689232,0.05547165125608444,0.06429274380207062,0.02765531837940216
yo,0.0,0.0,0.0,-0.01697484403848648,-0.6131588220596313,0.09165557473897934,-0.19100674986839294,-0.9428088068962097,0.13539940118789673,-0.4034922122955322,-1.0293413400650024,0.16425150632858276,-0.5405972599983215,-0.967805027961731,0.1930381804704666,-0.4905783534049988,-1.0985658168792725,0.04568662494421005,-0.7373665571212769,-1.336726427078247,0.0823250263929367,-0.7355592846870422,-1.2769415378570557,0.11778470128774643,-0.6669045686721802,-1.1636147499084473,0.14540211856365204,-0.6164801716804504,-0.7859679460525513,0.018717031925916672,-0.7454876899719238,-0.8953813314437866,0.1008039265871048,-0.6641683578491211,-0.828230082988739,0.14540770649909973,-0.5709831714630127,-0.771164059638977,0.15637348592281342,-0.6653563976287842,-0.4462708830833435,0.005948743317276239,-0.726496160030365,-0.5550588369369507,0.09514294564723969,-0.6493316292762756,-0.5215657353401184,0.13437804579734802,-0.5640827417373657,-0.44811710715293884,0.13195499777793884,-0.6794529557228088,-0.12246123701334,6.03807857260108e-05,-0.6917020082473755,-0.25129038095474243,0.07972471415996552,-0.611951470375061,-0.23376397788524628,0.1306677758693695,-0.5386322736740112,-0.18013037741184235,0.15756191313266754,0.0,0.0,0.0,0.03033195436000824,0.019331246614456177,0.014930075034499168,0.05563776567578316,0.05125712975859642,0.022187186405062675,0.06447982043027878,0.06350249797105789,0.025434155017137527,0.07516655325889587,0.0765230730175972,0.027985423803329468,0.03422806039452553,0.03196105733513832,0.03580097854137421,0.05694015696644783,0.07924327254295349,0.04202250391244888,0.09520769864320755,0.11425654590129852,0.03916902840137482,0.11867964267730713,0.1214560866355896,0.03855910524725914,0.02250928431749344,0.01791483163833618,0.03207307681441307,0.08212745934724808,0.08926066756248474,0.04141877964138985,0.09334234893321991,0.107096366584301,0.03553016111254692,0.08755329996347427,0.09671616554260254,0.03069651499390602,0.018567582592368126,0.029448669403791428,0.028002504259347916,0.07948756963014603,0.07889270782470703,0.03236105293035507,0.08488140255212784,0.0891900360584259,0.024677390232682228,0.08026698976755142,0.07991326600313187,0.020817844197154045,0.016912847757339478,0.04273649677634239,0.025507507845759392,0.05607666075229645,0.06761207431554794,0.028369003906846046,0.05850980803370476,0.07475779950618744,0.024342186748981476,0.05614927038550377,0.06908296048641205,0.022005150094628334
yo,0.0,0.0,0.0,-0.029705077409744263,-0.6306785941123962,0.07105466723442078,-0.22361445426940918,-0.9711416959762573,0.10624457895755768,-0.45363855361938477,-1.0163562297821045,0.12854883074760437,-0.5924639105796814,-0.9104169607162476,0.14963717758655548,-0.5815169215202332,-1.0546478033065796,0.04566831886768341,-0.7815420627593994,-1.1613744497299194,0.06987310200929642,-0.7392109632492065,-1.0862343311309814,0.08085675537586212,-0.6594642400741577,-1.0120285749435425,0.087287537753582,-0.6952928304672241,-0.71414715051651,0.020638396963477135,-0.7632050514221191,-0.7547689080238342,0.08881567418575287,-0.6617947816848755,-0.6815245747566223,0.11474950611591339,-0.5640074610710144,-0.634803295135498,0.1141071766614914,-0.7292881608009338,-0.3534403443336487,0.006398466415703297,-0.7356617450714111,-0.41093558073043823,0.07439572364091873,-0.6451900601387024,-0.3722723126411438,0.0993628203868866,-0.5522779226303101,-0.3167461156845093,0.09229247272014618,-0.7298861742019653,-0.01171446219086647,-0.0029347955714911222,-0.7030788064002991,-0.09634522348642349,0.05563998967409134,-0.6088680028915405,-0.07781287282705307,0.09469948709011078,-0.5312495827674866,-0.038921911269426346,0.11744554340839386,0.0,0.0,0.0,0.012214736081659794,0.026351038366556168,0.021122191101312637,0.02444189041852951,0.03482910618185997,0.03401782363653183,0.03769132122397423,0.07334890216588974,0.04505062475800514,0.043364472687244415,0.08347292989492416,0.05706171691417694,0.052974000573158264,0.04171966016292572,0.03922276571393013,0.045151516795158386,0.14431393146514893,0.0532040037214756,0.092056505382061,0.16940902173519135,0.0643308162689209,0.13451053202152252,0.1748015135526657,0.07480922341346741,0.04863500967621803,0.04932960495352745,0.03656540438532829,0.05243608355522156,0.15924814343452454,0.04910505563020706,0.06147560104727745,0.16881045699119568,0.05219610407948494,0.06010715290904045,0.14942997694015503,0.05730779096484184,0.03271465748548508,0.08078192919492722,0.033979907631874084,0.035481441766023636,0.1729113906621933,0.04473479464650154,0.04364481940865517,0.17534758150577545,0.0475664958357811,0.047609686851501465,0.14539015293121338,0.049036771059036255,0.017974991351366043,0.11502999067306519,0.03380518779158592,0.024531403556466103,0.20109248161315918,0.045897226780653,0.03531046211719513,0.19781778752803802,0.05075725167989731,0.040648214519023895,0.17449644207954407,0.05233916640281677
yo,0.0,0.0,0.0,0.005267064552754164,-0.6936703324317932,0.01557590626180172,-0.205357626080513,-1.0774786472320557,0.03025251254439354,-0.4524141848087311,-1.0880546569824219,0.04690360277891159,-0.5873021483421326,-0.9065295457839966,0.06211010739207268,-0.6521049737930298,-1.064915657043457,-0.01371881552040577,-0.672240674495697,-1.147338628768921,-0.0165018979460001,-0.5543702840805054,-1.036401391029358,-0.04260566085577011,-0.4893292486667633,-0.9205503463745117,-0.07042276859283447,-0.7630555033683777,-0.6435031890869141,-0.025168979540467262,-0.722887396812439,-0.7163376808166504,0.015203556045889854,-0.5839059948921204,-0.6347077488899231,0.01507384330034256,-0.4939991533756256,-0.5279302000999451,-0.006654252298176289,-0.7815873026847839,-0.22406060993671417,-0.028815845027565956,-0.7341656684875488,-0.3140236437320709,0.0029212520457804203,-0.6126035451889038,-0.27357760071754456,0.016101736575365067,-0.5198909640312195,-0.18120630085468292,0.004406993743032217,-0.7573546171188354,0.16304901242256165,-0.03034510649740696,-0.7125177979469299,0.04561739042401314,-0.010975988581776619,-0.5940369963645935,0.05378468707203865,0.01942387968301773,-0.5156393051147461,0.11014958471059799,0.039567939937114716,0.0,0.0,0.0,0.025179751217365265,0.03519493713974953,0.01684483326971531,0.043090082705020905,0.05999753996729851,0.02738167718052864,0.0634642019867897,0.10518395900726318,0.03727337345480919,0.07308511435985565,0.13622845709323883,0.047895632684230804,0.028800897300243378,0.024321136996150017,0.03984444960951805,0.08307971805334091,0.1220402717590332,0.05445297062397003,0.15248611569404602,0.16827847063541412,0.06543294340372086,0.2041197568178177,0.20702029764652252,0.07258152216672897,0.025978343561291695,0.0308058001101017,0.037317149341106415,0.052547719329595566,0.08795298635959625,0.051172010600566864,0.05699102580547333,0.09348203241825104,0.05347369238734245,0.06017810478806496,0.07503850013017654,0.055838532745838165,0.024416998028755188,0.043672673404216766,0.03669576346874237,0.055663999170064926,0.0819375142455101,0.04775404930114746,0.056488972157239914,0.07955744117498398,0.04781205952167511,0.05725904181599617,0.05827120691537857,0.04751477390527725,0.025945674628019333,0.0548224113881588,0.039721980690956116,0.05405278503894806,0.07960435748100281,0.04848385229706764,0.054928258061409,0.08125215023756027,0.051598284393548965,0.05399604141712189,0.06682536751031876,0.05336368829011917
yo,0.0,0.0,0.0,-0.02557147666811943,-0.6973417401313782,0.023612800985574722,-0.2254134714603424,-1.152329683303833,0.03509521484375,-0.4842732846736908,-1.2479403018951416,0.04905301705002785,-0.6392211318016052,-1.1501902341842651,0.06746359169483185,-0.5727696418762207,-1.10482656955719,-0.027387863025069237,-0.7348925471305847,-1.2826589345932007,-0.019656164571642876,-0.6328508257865906,-1.2028833627700806,-0.018178004771471024,-0.5405252575874329,-1.097743034362793,-0.018267516046762466,-0.6906428933143616,-0.720801055431366,-0.037118975073099136,-0.777301549911499,-0.9408375024795532,0.01785133220255375,-0.6788843870162964,-0.9026538133621216,0.04115535691380501,-0.593566358089447,-0.8032934069633484,0.038328610360622406,-0.7387441396713257,-0.3541589081287384,-0.036750636994838715,-0.7826400995254517,-0.5929652452468872,0.021185729652643204,-0.6916743516921997,-0.5769686102867126,0.05418840050697327,-0.6049568057060242,-0.47744423151016235,0.05317426472902298,-0.7469822764396667,-0.027610749006271362,-0.03427944332361221,-0.7645343542098999,-0.27898409962654114,0.01211540400981903,-0.6730664968490601,-0.27465227246284485,0.05903106927871704,-0.6028018593788147,-0.19387570023536682,0.08825413882732391,0.0,0.0,0.0,0.02886372245848179,0.039378754794597626,0.017842505127191544,0.05412093177437782,0.10348127782344818,0.020517006516456604,0.10086219012737274,0.15884652733802795,0.017261719331145287,0.13583993911743164,0.22919803857803345,0.018367143347859383,0.015766886994242668,0.03407668694853783,0.04805133864283562,0.12106084078550339,0.1232532188296318,0.053116001188755035,0.13603368401527405,0.15849453210830688,0.0400068424642086,0.12252725660800934,0.16148622334003448,0.032055266201496124,0.017256706953048706,0.018389269709587097,0.03800603002309799,0.12241045385599136,0.11879198253154755,0.04343244060873985,0.13267135620117188,0.16303028166294098,0.031313277781009674,0.12423832714557648,0.16399434208869934,0.023382924497127533,0.03164128586649895,0.05038949474692345,0.027306826785206795,0.11919638514518738,0.1094379648566246,0.027178721502423286,0.12503133714199066,0.14022451639175415,0.020640114322304726,0.12073320895433426,0.13635095953941345,0.021156487986445427,0.04601741582155228,0.08009480684995651,0.018482767045497894,0.1042967140674591,0.11389195919036865,0.019853509962558746,0.11114655435085297,0.13064801692962646,0.020721711218357086,0.11153144389390945,0.12402452528476715,0.02259746380150318
yo,0.0,0.0,0.0,-0.0322120226919651,-0.6923124194145203,0.04805348068475723,-0.21848735213279724,-1.1446548700332642,0.07116907835006714,-0.45226556062698364,-1.270613193511963,0.09133880585432053,-0.5907756686210632,-1.1869282722473145,0.11604849249124527,-0.5308014154434204,-1.1149957180023193,-0.009682003408670425,-0.7560874819755554,-1.3683773279190063,0.004802396055310965,-0.6847755908966064,-1.3142292499542236,0.01849612034857273,-0.598332405090332,-1.210312843322754,0.030629176646471024,-0.6517983675003052,-0.7567375898361206,-0.025247350335121155,-0.7824281454086304,-1.0362528562545776,0.038637954741716385,-0.6951084136962891,-1.0143829584121704,0.07155431061983109,-0.611896276473999,-0.9211146235466003,0.07559861242771149,-0.7077516913414001,-0.42015838623046875,-0.02885567583143711,-0.7822877168655396,-0.7037066221237183,0.04484529420733452,-0.7017346620559692,-0.6938657760620117,0.08453692495822906,-0.619398295879364,-0.5891507267951965,0.08521242439746857,-0.7276135087013245,-0.12167106568813324,-0.029219385236501694,-0.7607268691062927,-0.40364113450050354,0.03449603170156479,-0.6789519190788269,-0.403125137090683,0.08776009827852249,-0.6104938983917236,-0.31896069645881653,0.11851443350315094,0.0,0.0,0.0,0.01962307281792164,0.02673998288810253,0.015712110325694084,0.05068258196115494,0.07564551383256912,0.02081049419939518,0.0871644988656044,0.10846205055713654,0.02101130038499832,0.11246605962514877,0.1362493485212326,0.021964052692055702,0.01757836900651455,0.024859974160790443,0.04311425983905792,0.0916285514831543,0.0569666251540184,0.051395658403635025,0.13498736917972565,0.0921042263507843,0.04415901377797127,0.1554640531539917,0.1124720349907875,0.03691066429018974,0.01750986836850643,0.01707538776099682,0.035656336694955826,0.10200543701648712,0.051705267280340195,0.047679029405117035,0.11088449507951736,0.07895717024803162,0.04144870489835739,0.09965341538190842,0.08064763247966766,0.034448008984327316,0.03025197423994541,0.03653804585337639,0.02801324985921383,0.10099637508392334,0.044098928570747375,0.032865010201931,0.10552363097667694,0.06338288635015488,0.025460416451096535,0.09787265956401825,0.06572630256414413,0.020206153392791748,0.04540691152215004,0.053531464189291,0.02208303101360798,0.08581212908029556,0.04161221534013748,0.02399393357336521,0.09067627042531967,0.0518081896007061,0.022180164232850075,0.08874740451574326,0.05237815901637077,0.021367913112044334
yo,0.0,0.0,0.0,-0.04427981376647949,-0.7093450427055359,0.04414910823106766,-0.250859797000885,-1.158813238143921,0.06485669314861298,-0.501968502998352,-1.2620666027069092,0.0842456966638565,-0.6495164632797241,-1.1507112979888916,0.109042227268219,-0.5605441927909851,-1.1189886331558228,-0.02093159221112728,-0.8135967254638672,-1.3386752605438232,-0.009683700278401375,-0.7245164513587952,-1.2728080749511719,0.004663050174713135,-0.6137893199920654,-1.1661691665649414,0.019005004316568375,-0.6791201829910278,-0.7312683463096619,-0.034827589988708496,-0.8451593518257141,-0.9862017631530762,0.02724660001695156,-0.7534081935882568,-0.9656165242195129,0.06246700882911682,-0.6582165360450745,-0.8770804405212402,0.06912455707788467,-0.7331003546714783,-0.36943545937538147,-0.03677090257406235,-0.8364001512527466,-0.6354537010192871,0.035732802003622055,-0.7506440281867981,-0.6320581436157227,0.07682318240404129,-0.6584193110466003,-0.5349732637405396,0.07912585884332657,-0.7474867701530457,-0.05364476889371872,-0.0354406014084816,-0.7926526069641113,-0.3305101990699768,0.028414001688361168,-0.7057429552078247,-0.3332948684692383,0.08287771791219711,-0.630631685256958,-0.2532047927379608,0.11462100595235825,0.0,0.0,0.0,0.02129935845732689,0.04091055691242218,0.013821442611515522,0.05721307173371315,0.08956175297498703,0.019523877650499344,0.09668032079935074,0.10400637239217758,0.019927969202399254,0.1193481832742691,0.09713369607925415,0.019676359370350838,0.023904770612716675,0.029103385284543037,0.047848768532276154,0.10759899765253067,0.07600154727697372,0.05699959397315979,0.11259117722511292,0.08698619902133942,0.04628955200314522,0.09586543589830399,0.08133118599653244,0.03432302176952362,0.02448122203350067,0.024489114060997963,0.0403779000043869,0.12341741472482681,0.059442173689603806,0.048838432878255844,0.12437161058187485,0.08473503589630127,0.03799860179424286,0.10918606072664261,0.0824388936161995,0.027890151366591454,0.037048015743494034,0.048699989914894104,0.03194696456193924,0.11920928955078125,0.03741923347115517,0.03295852243900299,0.11634263396263123,0.05723625421524048,0.022193193435668945,0.10585150867700577,0.05561426281929016,0.016152504831552505,0.049078505486249924,0.06316148489713669,0.0244792141020298,0.09538007527589798,0.0321124792098999,0.02317795157432556,0.09451911598443985,0.04402172192931175,0.01874725893139839,0.09036260098218918,0.04465314745903015,0.016992438584566116
yo,0.0,0.0,0.0,-0.06540648639202118,-0.7511731386184692,0.0342797115445137,-0.29420432448387146,-1.2207635641098022,0.04845311492681503,-0.5735588073730469,-1.276598572731018,0.06411895900964737,-0.7263718247413635,-1.1371082067489624,0.08755771815776825,-0.6347182393074036,-1.0760024785995483,-0.04129186272621155,-0.9102159738540649,-1.3388780355453491,-0.04061520844697952,-0.8121405839920044,-1.2981534004211426,-0.030017707496881485,-0.6930184364318848,-1.1896473169326782,-0.01623678393661976,-0.7505217790603638,-0.6529421210289001,-0.051070623099803925,-0.9005944132804871,-0.9498341679573059,0.008418954908847809,-0.7976298928260803,-0.9395009875297546,0.04396429285407066,-0.7040234804153442,-0.8457317352294922,0.04888017103075981,-0.7920635938644409,-0.2776568531990051,-0.04907644912600517,-0.887289822101593,-0.5884078741073608,0.02280408702790737,-0.7940031290054321,-0.5924168825149536,0.06897076219320297,-0.7009943723678589,-0.4894832670688629,0.07225795090198517,-0.7940885424613953,0.04319889470934868,-0.044374436140060425,-0.8457806706428528,-0.2743071913719177,0.01915278658270836,-0.7515091896057129,-0.2885745167732239,0.07840527594089508,-0.674927830696106,-0.2027631253004074,0.11337944120168686,0.0,0.0,0.0,0.02575409598648548,0.05030589550733566,0.015424106270074844,0.07355565577745438,0.10142435878515244,0.02254674769937992,0.12545903027057648,0.12410568445920944,0.025355467572808266,0.1543448120355606,0.14098404347896576,0.029610322788357735,0.045890141278505325,0.031181005761027336,0.05090630427002907,0.13693079352378845,0.067019023001194,0.05435992032289505,0.14405426383018494,0.08470192551612854,0.04353024438023567,0.1297629326581955,0.0855647549033165,0.039307720959186554,0.046842727810144424,0.06250613182783127,0.040917493402957916,0.13360093533992767,0.06448875367641449,0.04217818006873131,0.13308510184288025,0.08854669332504272,0.030803008005023003,0.12013783305883408,0.0856732651591301,0.02554401569068432,0.054601605981588364,0.08745155483484268,0.029339570552110672,0.12852691113948822,0.06127826124429703,0.026178952306509018,0.12664593756198883,0.07038287073373795,0.019348260015249252,0.1179034411907196,0.06600462645292282,0.017773695290088654,0.06278929114341736,0.099162757396698,0.01996258646249771,0.11549326777458191,0.0657983124256134,0.020142771303653717,0.11594687402248383,0.06487563252449036,0.019300777465105057,0.11220669746398926,0.060669418424367905,0.01943860575556755
yo,0.0,0.0,0.0,-0.07662368565797806,-0.7422928214073181,0.02751821279525757,-0.30852410197257996,-1.2103959321975708,0.040050916373729706,-0.5812205076217651,-1.234561562538147,0.055266596376895905,-0.7215582132339478,-1.0563501119613647,0.07785314321517944,-0.6808925867080688,-1.0305873155593872,-0.03919399902224541,-0.9235871434211731,-1.3014689683914185,-0.03661682456731796,-0.8142348527908325,-1.2734476327896118,-0.02868584915995598,-0.6979860067367554,-1.170682430267334,-0.01879456266760826,-0.7881130576133728,-0.6054229736328125,-0.04641156643629074,-0.9046980142593384,-0.9049452543258667,0.014371657744050026,-0.790891706943512,-0.8984183073043823,0.04590542986989021,-0.6987305879592896,-0.8013448715209961,0.047537170350551605,-0.8145138025283813,-0.23158833384513855,-0.04242122918367386,-0.8822051882743835,-0.5312641263008118,0.02748412825167179,-0.7797861695289612,-0.5410388708114624,0.06866081058979034,-0.6837921738624573,-0.43927448987960815,0.06931222230195999,-0.8017120361328125,0.08924952149391174,-0.03623203933238983,-0.838093638420105,-0.20829924941062927,0.024046476930379868,-0.7384535074234009,-0.23123398423194885,0.0802096500992775,-0.6588304042816162,-0.14858314394950867,0.1139160618185997,0.0,0.0,0.0,0.028668034821748734,0.05762471258640289,0.015137430280447006,0.07154670357704163,0.10623247921466827,0.023880168795585632,0.12327060103416443,0.1241355761885643,0.031243959441781044,0.15105454623699188,0.14579249918460846,0.04299699142575264,0.04419635236263275,0.014974945224821568,0.059020139276981354,0.16382186114788055,0.05457688495516777,0.06050858274102211,0.17600113153457642,0.09303369373083115,0.05190718173980713,0.16281932592391968,0.11032409965991974,0.0548778772354126,0.05186104774475098,0.07132426649332047,0.049092814326286316,0.16317053139209747,0.05488742142915726,0.04784171283245087,0.1637534499168396,0.09195232391357422,0.03766317665576935,0.14817051589488983,0.09443159401416779,0.0383574441075325,0.06197930499911308,0.104627326130867,0.037562672048807144,0.15072980523109436,0.05396644026041031,0.035050876438617706,0.1489952802658081,0.0642092153429985,0.03242030367255211,0.13712863624095917,0.06218159571290016,0.03407302871346474,0.06621852517127991,0.12059696018695831,0.030529310926795006,0.1306803971529007,0.06728532910346985,0.03384038805961609,0.13264088332653046,0.06401471048593521,0.0345165953040123,0.12573111057281494,0.060595277696847916,0.03567821532487869
yo,0.0,0.0,0.0,-0.02799339033663273,-0.7011719942092896,0.04503808170557022,-0.23183242976665497,-1.1343528032302856,0.07404296100139618,-0.48974132537841797,-1.1682710647583008,0.09882506728172302,-0.6257115006446838,-1.0094916820526123,0.12639100849628448,-0.6318015456199646,-1.0601893663406372,0.016990795731544495,-0.813308835029602,-1.258819341659546,0.03674028441309929,-0.710688054561615,-1.194217324256897,0.04407792538404465,-0.603024423122406,-1.09513258934021,0.04808449000120163,-0.7416076064109802,-0.6681621670722961,0.0035945274867117405,-0.7971831560134888,-0.8463821411132812,0.07485745847225189,-0.6855183243751526,-0.7993580102920532,0.09910853952169418,-0.5964897871017456,-0.7165776491165161,0.09426005184650421,-0.7674759030342102,-0.2972393035888672,0.00037069525569677353,-0.7849618792533875,-0.4881019592285156,0.06843488663434982,-0.6881453990936279,-0.4678749144077301,0.0958823710680008,-0.5976870059967041,-0.3774188160896301,0.08966217935085297,-0.7586572766304016,0.03672017902135849,0.0008739808690734208,-0.7569772601127625,-0.17049476504325867,0.05775219947099686,-0.660599946975708,-0.16761942207813263,0.10406289249658585,-0.5852645635604858,-0.09863320738077164,0.13187220692634583,0.0,0.0,0.0,0.043227702379226685,0.03379968926310539,0.01287898886948824,0.06950170546770096,0.05705626308917999,0.024519171565771103,0.09292331337928772,0.09286414086818695,0.034931622445583344,0.10777801275253296,0.11122205853462219,0.04380013048648834,0.029597880318760872,0.0250384621322155,0.047120556235313416,0.10041002184152603,0.07826240360736847,0.06664828211069107,0.1073145866394043,0.0879029855132103,0.0714631974697113,0.09509705007076263,0.08376006782054901,0.07123851031064987,0.024063516408205032,0.027128394693136215,0.04743250086903572,0.11560900509357452,0.11587546020746231,0.0625423938035965,0.12468218058347702,0.13544397056102753,0.056804463267326355,0.11489051580429077,0.119786337018013,0.051169391721487045,0.02817307412624359,0.04321817308664322,0.047546979039907455,0.10906370729207993,0.11403337121009827,0.047589339315891266,0.11431774497032166,0.12379226088523865,0.03398304432630539,0.1077343225479126,0.10545994341373444,0.027591679245233536,0.03829342499375343,0.05803468078374863,0.049576692283153534,0.09677056968212128,0.1201266348361969,0.04536094143986702,0.10334170609712601,0.1271049827337265,0.035291556268930435,0.10009765625,0.10979005694389343,0.03082311898469925
yo,0.0,0.0,0.0,0.011227920651435852,-0.6757543683052063,0.020209794864058495,-0.19195440411567688,-1.0844829082489014,0.03690420836210251,-0.4442853331565857,-1.0979225635528564,0.05578036233782768,-0.5822619199752808,-0.928348183631897,0.07212145626544952,-0.5942785143852234,-1.0796334743499756,-0.022636424750089645,-0.6989144086837769,-1.1750953197479248,-0.015456372871994972,-0.6598989963531494,-1.1263737678527832,-0.024042095988988876,-0.6311706304550171,-1.0663584470748901,-0.03801290690898895,-0.7163581252098083,-0.6939922571182251,-0.03038753569126129,-0.701305627822876,-0.746347188949585,0.013812050223350525,-0.577999472618103,-0.67207932472229,0.02596903406083584,-0.48456937074661255,-0.5819607377052307,0.014999059028923512,-0.7499281167984009,-0.3051728904247284,-0.028527650982141495,-0.7072324156761169,-0.38345545530319214,0.010187827050685883,-0.600855827331543,-0.34598445892333984,0.02918185293674469,-0.5120348334312439,-0.2623758614063263,0.021245718002319336,-0.7455428838729858,0.05716899782419205,-0.024282807484269142,-0.6973496675491333,-0.05573854595422745,0.00197905907407403,-0.5904768705368042,-0.04036305472254753,0.032114945352077484,-0.5174016952514648,0.020582515746355057,0.051616597920656204,0.0,0.0,0.0,0.040982767939567566,0.03469644486904144,0.030651452019810677,0.06325586140155792,0.07203599810600281,0.044579487293958664,0.07677653431892395,0.07700695097446442,0.05118199437856674,0.0826006829738617,0.06957796961069107,0.05860336869955063,0.02900972217321396,0.03052542544901371,0.05074474215507507,0.1593933403491974,0.08465047180652618,0.06773091852664948,0.2842983901500702,0.1857883483171463,0.08772716671228409,0.36186501383781433,0.2735060751438141,0.10598570853471756,0.031974177807569504,0.03411364555358887,0.04578487575054169,0.09629083424806595,0.06098601594567299,0.06586701422929764,0.10540185868740082,0.07239412516355515,0.07288268953561783,0.09200853109359741,0.07264826446771622,0.08068004250526428,0.036101680248975754,0.055995069444179535,0.041811808943748474,0.0849280133843422,0.06947696954011917,0.061385948210954666,0.09032226353883743,0.07368484884500504,0.06412823498249054,0.08144766092300415,0.07060287147760391,0.06560918688774109,0.0401691310107708,0.07628930360078812,0.04086541011929512,0.07830967009067535,0.08159484714269638,0.06033042445778847,0.08284889906644821,0.084364153444767,0.06452809274196625,0.07905440777540207,0.07882767915725708,0.06635750830173492
yo,0.0,0.0,0.0,0.09275911003351212,-0.6252016425132751,0.0529337003827095,0.343106210231781,-1.0092014074325562,0.08522317558526993,0.5613062381744385,-1.0099470615386963,0.10211548954248428,0.6790487170219421,-0.7826187610626221,0.11438671499490738,0.6324447989463806,-1.013127088546753,0.052830182015895844,0.9101799726486206,-1.0893936157226562,0.09837855398654938,1.0582458972930908,-1.1236037015914917,0.12265457957983017,1.1685389280319214,-1.1454644203186035,0.12452971935272217,0.7434148788452148,-0.6671730279922485,0.02449674718081951,0.7988157272338867,-0.6968274116516113,0.07397016137838364,0.6889186501502991,-0.6612035036087036,0.09302236139774323,0.5970208644866943,-0.6149706840515137,0.09522904455661774,0.780053973197937,-0.30263882875442505,0.0062460824847221375,0.7964767813682556,-0.4053855538368225,0.05009579658508301,0.695968508720398,-0.38655441999435425,0.07326041162014008,0.5993069410324097,-0.33848097920417786,0.0757187157869339,0.7848283052444458,0.016438158228993416,-0.009109025821089745,0.8237516283988953,-0.1017511636018753,0.03694726526737213,0.7418481111526489,-0.09637487679719925,0.08081276714801788,0.6502777338027954,-0.0421866849064827,0.111363984644413,0.0,0.0,0.0,0.022396378219127655,0.028757454827427864,0.025776822119951248,0.040970578789711,0.06409376114606857,0.037923745810985565,0.05717100203037262,0.06811713427305222,0.046678684651851654,0.06448488682508469,0.05237766355276108,0.054448314011096954,0.021582532674074173,0.03672466427087784,0.03511771932244301,0.05494484305381775,0.07694215327501297,0.055016979575157166,0.07374770939350128,0.10661563277244568,0.06545957177877426,0.09240053594112396,0.13471341133117676,0.07232547551393509,0.016096290200948715,0.018121233209967613,0.03204476833343506,0.08731628954410553,0.07664494216442108,0.05475299060344696,0.08425638824701309,0.07685597985982895,0.05452097952365875,0.06780148297548294,0.05739538371562958,0.05193466693162918,0.014957643114030361,0.033673446625471115,0.03187324479222298,0.08362000435590744,0.05510459095239639,0.04989597946405411,0.08271875977516174,0.05741127207875252,0.04263389855623245,0.07297275215387344,0.03777117282152176,0.034607138484716415,0.018330827355384827,0.05859343707561493,0.033838510513305664,0.08244403451681137,0.047174882143735886,0.045584842562675476,0.08299224078655243,0.050910867750644684,0.04263254627585411,0.07410837709903717,0.04300827533006668,0.03926819562911987
yo,0.0,0.0,0.0,0.06580643355846405,-0.6302791833877563,0.10799480974674225,0.2688966393470764,-1.008213758468628,0.1916097104549408,0.4434571862220764,-1.0698983669281006,0.25882285833358765,0.5425676107406616,-0.9301652908325195,0.3251243233680725,0.657347559928894,-0.9773880839347839,0.16353623569011688,0.8586958050727844,-1.0473254919052124,0.28842610120773315,0.8802057504653931,-1.0502965450286865,0.36679795384407043,0.859424889087677,-1.0399681329727173,0.407418817281723,0.7598533034324646,-0.6297250390052795,0.13942700624465942,0.7700759172439575,-0.6962790489196777,0.28632381558418274,0.6593405604362488,-0.6853110194206238,0.3301437795162201,0.5621892213821411,-0.6375861763954163,0.3351498246192932,0.7758779525756836,-0.27215322852134705,0.12904125452041626,0.7559076547622681,-0.4063985347747803,0.2503887116909027,0.6518033146858215,-0.40021783113479614,0.26007482409477234,0.5550422072410583,-0.3536636233329773,0.2363160401582718,0.7622133493423462,0.033222220838069916,0.12757357954978943,0.7680522203445435,-0.09175571799278259,0.2204691469669342,0.6876581311225891,-0.10145634412765503,0.2538912296295166,0.6004186868667603,-0.058131612837314606,0.2661336064338684,0.0,0.0,0.0,0.02958127111196518,0.018119459971785545,0.02389259822666645,0.048955027014017105,0.04843708500266075,0.050331130623817444,0.06670286506414413,0.06190035119652748,0.08023877441883087,0.08048803359270096,0.07836108654737473,0.10863721370697021,0.03152288869023323,0.028708651661872864,0.061069145798683167,0.044936973601579666,0.07485370337963104,0.1071644276380539,0.05389872565865517,0.11236097663640976,0.1293233036994934,0.08205487579107285,0.14519068598747253,0.1397169977426529,0.02473040111362934,0.028655219823122025,0.07208733260631561,0.0443449541926384,0.06846024841070175,0.11205235868692398,0.04978366941213608,0.08011630177497864,0.1169746145606041,0.049526166170835495,0.06711427867412567,0.11845539510250092,0.022439565509557724,0.030050313100218773,0.08451434224843979,0.034572452306747437,0.05902237072587013,0.11431407183408737,0.039765965193510056,0.06674680858850479,0.10381828248500824,0.03395119309425354,0.052324991673231125,0.09367432445287704,0.024165401235222816,0.03519626706838608,0.09949052333831787,0.04256519302725792,0.053855590522289276,0.12114468216896057,0.042924799025058746,0.05629052221775055,0.11822380125522614,0.03833887726068497,0.043608710169792175,0.11313337832689285
yo,0.0,0.0,0.0,0.11884286254644394,-0.6191332936286926,0.09123663604259491,0.3646107316017151,-0.8997331857681274,0.14327186346054077,0.5623763799667358,-0.8726035952568054,0.1754447966814041,0.6679620742797852,-0.682170569896698,0.20683741569519043,0.7310041189193726,-0.9202122688293457,0.12485997378826141,0.886070728302002,-0.8612203598022461,0.2033977210521698,0.8916091918945312,-0.7914724349975586,0.24734672904014587,0.8702837824821472,-0.7471295595169067,0.2643257975578308,0.8267914652824402,-0.5441156625747681,0.08247676491737366,0.8195939064025879,-0.45843061804771423,0.17991474270820618,0.7033349275588989,-0.41621556878089905,0.19712898135185242,0.6094595789909363,-0.40456023812294006,0.1884894222021103,0.8401777148246765,-0.15132293105125427,0.052379459142684937,0.8140484094619751,-0.12882503867149353,0.12829437851905823,0.697971522808075,-0.10817448794841766,0.13974066078662872,0.5995709896087646,-0.10869793593883514,0.12590673565864563,0.8144362568855286,0.19525186717510223,0.028400540351867676,0.8231498003005981,0.20882073044776917,0.09421902894973755,0.724361002445221,0.2196006327867508,0.13541844487190247,0.6296084523200989,0.21587486565113068,0.1594531089067459,0.0,0.0,0.0,0.08465271443128586,0.030114810913801193,0.041044119745492935,0.1493961066007614,0.11744602769613266,0.06653481721878052,0.16347932815551758,0.17681504786014557,0.08492498099803925,0.16868649423122406,0.21934711933135986,0.10083058476448059,0.06331488490104675,0.08391939103603363,0.06415416300296783,0.09665144234895706,0.19840779900550842,0.09550903737545013,0.15288004279136658,0.2495613545179367,0.11630906164646149,0.19943630695343018,0.26323202252388,0.12828750908374786,0.057133402675390244,0.08359047770500183,0.057447127997875214,0.07108265161514282,0.21206910908222198,0.08363956958055496,0.06542839854955673,0.22679674625396729,0.09006695449352264,0.0635657012462616,0.18079152703285217,0.0935494676232338,0.057294443249702454,0.10549083352088928,0.05737761780619621,0.07588822394609451,0.21639086306095123,0.07790156453847885,0.0625503808259964,0.2240695357322693,0.07603657990694046,0.058696046471595764,0.1766171008348465,0.07272769510746002,0.058873698115348816,0.13414627313613892,0.0635741651058197,0.08553487062454224,0.23115965723991394,0.08004974573850632,0.07540939748287201,0.2473181188106537,0.08239410072565079,0.06746696680784225,0.21499764919281006,0.0822935551404953
yo,0.0,0.0,0.0,0.12653003633022308,-0.6451648473739624,0.08777979761362076,0.39540380239486694,-0.9103773832321167,0.13916313648223877,0.6048001050949097,-0.8640050888061523,0.17355750501155853,0.7162474989891052,-0.6702979803085327,0.2097386121749878,0.7360868453979492,-0.9360877871513367,0.12423358857631683,0.8644901514053345,-0.8853044509887695,0.19934161007404327,0.819510281085968,-0.805316150188446,0.24038445949554443,0.7587618827819824,-0.7608851194381714,0.25911903381347656,0.825634777545929,-0.5527541041374207,0.08764676749706268,0.8165844082832336,-0.48247647285461426,0.1930626630783081,0.698778510093689,-0.4325355589389801,0.2143874168395996,0.6068638563156128,-0.40800151228904724,0.2075914591550827,0.8348239064216614,-0.15364482998847961,0.06249435991048813,0.8061383962631226,-0.14290380477905273,0.14501723647117615,0.6902042627334595,-0.119703508913517,0.1561288982629776,0.5914095044136047,-0.10827501118183136,0.14123483002185822,0.8093037605285645,0.19855070114135742,0.04359908774495125,0.8120094537734985,0.2043490707874298,0.11895811557769775,0.7104186415672302,0.21092621982097626,0.16350015997886658,0.6192554831504822,0.2129209041595459,0.18886561691761017,0.0,0.0,0.0,0.0227071400731802,0.02020254172384739,0.03792273998260498,0.03480930253863335,0.03619909659028053,0.07154347002506256,0.034259527921676636,0.03965141251683235,0.10159141570329666,0.040075261145830154,0.07406974583864212,0.13065052032470703,0.02351682074368,0.020358970388770103,0.058843061327934265,0.0815524235367775,0.039000123739242554,0.11051124334335327,0.13315735757350922,0.06361905485391617,0.15176822245121002,0.16368037462234497,0.07671668380498886,0.17779237031936646,0.02176385186612606,0.03263591602444649,0.05974530801177025,0.02936841920018196,0.04786108434200287,0.10399913787841797,0.02537386864423752,0.05418909341096878,0.1205623671412468,0.020728830248117447,0.05313519760966301,0.12810857594013214,0.018237432464957237,0.05830267071723938,0.06584732234477997,0.02735099382698536,0.07679500430822372,0.1005217507481575,0.025410404428839684,0.07493278384208679,0.09961499273777008,0.021474409848451614,0.06709691137075424,0.09291606396436691,0.015177971683442593,0.08219403773546219,0.07737419754266739,0.05020436644554138,0.10192219913005829,0.10119602084159851,0.05486993119120598,0.09801662713289261,0.10351530462503433,0.04920478165149689,0.09329313784837723,0.10130225867033005
yo,0.0,0.0,0.0,0.07143346965312958,-0.6722182035446167,0.031567029654979706,0.29821714758872986,-0.9765361547470093,0.04763857275247574,0.5168657302856445,-0.9141556024551392,0.0607425756752491,0.627081036567688,-0.690693736076355,0.07811152189970016,0.7734703421592712,-0.9368894696235657,0.04392179101705551,0.7985084652900696,-0.8889985084533691,0.08514360338449478,0.6896005272865295,-0.7985078692436218,0.09413965046405792,0.59637850522995,-0.7438495755195618,0.08917301893234253,0.8579995036125183,-0.5059740543365479,0.023254480212926865,0.8028780817985535,-0.4783748686313629,0.10347799956798553,0.6787699460983276,-0.43039172887802124,0.11346359550952911,0.582985520362854,-0.388021856546402,0.09681693464517593,0.8537834882736206,-0.09083514660596848,0.010651318356394768,0.7873175144195557,-0.10366687923669815,0.06868425011634827,0.6708792448043823,-0.09483563154935837,0.07785478979349136,0.5698922276496887,-0.0767563059926033,0.06278561800718307,0.8054717183113098,0.27346429228782654,-0.0011152108199894428,0.7744651436805725,0.2556317448616028,0.046191200613975525,0.6667028665542603,0.24371881783008575,0.0819009467959404,0.5756911039352417,0.24084866046905518,0.1034548282623291,0.0,0.0,0.0,0.04662437364459038,0.025014201179146767,0.04050550237298012,0.07828609645366669,0.06159747764468193,0.0694865956902504,0.08522272855043411,0.107625812292099,0.09241969138383865,0.08224417269229889,0.16440822184085846,0.11652432382106781,0.03759535029530525,0.04607090353965759,0.05958244204521179,0.10753363370895386,0.14824792742729187,0.09699509292840958,0.12084539234638214,0.1740945428609848,0.13170494139194489,0.11960430443286896,0.15420237183570862,0.1560366004705429,0.03293125331401825,0.05720635876059532,0.05412251129746437,0.06386708468198776,0.13857904076576233,0.08629036694765091,0.055666495114564896,0.15023717284202576,0.1021605059504509,0.049201928079128265,0.12069335579872131,0.11260737478733063,0.03148476779460907,0.0810156911611557,0.054283082485198975,0.05733205005526543,0.1472914069890976,0.07964995503425598,0.05128283053636551,0.15279503166675568,0.08101937174797058,0.042517222464084625,0.12231005728244781,0.07960624992847443,0.03039676882326603,0.10794296115636826,0.06125180050730705,0.06493700295686722,0.16967928409576416,0.08154725283384323,0.06434507668018341,0.17285209894180298,0.08473891019821167,0.05658167228102684,0.14876015484333038,0.0849204808473587
yo,0.0,0.0,0.0,0.14328187704086304,-0.6190430521965027,0.09370967745780945,0.41153088212013245,-0.8538023233413696,0.140680730342865,0.6244944334030151,-0.7788731455802917,0.16790585219860077,0.733827531337738,-0.5618116855621338,0.19601379334926605,0.7457598447799683,-0.9136146306991577,0.12697702646255493,0.8718827366828918,-0.7888339757919312,0.19661076366901398,0.8424129486083984,-0.6915293335914612,0.23188233375549316,0.7956156730651855,-0.655121922492981,0.24449531733989716,0.8409001231193542,-0.5291670560836792,0.07925982773303986,0.8354614973068237,-0.39268672466278076,0.17470091581344604,0.7158491611480713,-0.33326271176338196,0.1872406303882599,0.6221455335617065,-0.3331570029258728,0.17483513057231903,0.8566775321960449,-0.11973734945058823,0.043658819049596786,0.8445950746536255,-0.03885471075773239,0.10998132079839706,0.7236984968185425,-0.008264107629656792,0.12002170085906982,0.6203287839889526,-0.021724384278059006,0.10847979784011841,0.8337827920913696,0.25518178939819336,0.015235203318297863,0.8836625218391418,0.3281420171260834,0.07681356370449066,0.7813535332679749,0.3489573895931244,0.12449884414672852,0.6808451414108276,0.33173269033432007,0.1549438238143921,0.0,0.0,0.0,0.029145849868655205,0.022042671218514442,0.02635958045721054,0.04981518164277077,0.05122549459338188,0.04982129856944084,0.05591344088315964,0.07869990170001984,0.07186849415302277,0.054764874279499054,0.12318508327007294,0.0938829556107521,0.04004547744989395,0.03668323531746864,0.04465886577963829,0.07744790613651276,0.09570576250553131,0.08067550510168076,0.1270803064107895,0.12399987131357193,0.11037473380565643,0.15875157713890076,0.12335387617349625,0.13041268289089203,0.035865262150764465,0.05497923865914345,0.04773000255227089,0.037770502269268036,0.09263889491558075,0.07854214310646057,0.030368361622095108,0.09974423795938492,0.09026988595724106,0.02811831422150135,0.08541601151227951,0.09588348865509033,0.03037601336836815,0.08423277735710144,0.054573968052864075,0.038240376859903336,0.11448018252849579,0.07962625473737717,0.03167431429028511,0.11605988442897797,0.07740215957164764,0.027286116033792496,0.09971481561660767,0.07106195390224457,0.022477194666862488,0.11397190392017365,0.06540347635746002,0.05875104293227196,0.14083795249462128,0.08251439779996872,0.06107284873723984,0.14237536489963531,0.08154874294996262,0.05541164427995682,0.13095499575138092,0.07818189263343811
yo,0.0,0.0,0.0,0.10710056126117706,-0.6340625286102295,0.11607933044433594,0.3425457775592804,-0.9260860681533813,0.19618850946426392,0.5442805290222168,-0.9576343297958374,0.2586207091808319,0.6712566614151001,-0.826511025428772,0.3236052095890045,0.6904433965682983,-0.9493411779403687,0.18046896159648895,0.8514415621757507,-0.9628365635871887,0.31167227029800415,0.8211861848831177,-0.9157512784004211,0.3913593888282776,0.7700644135475159,-0.8828495740890503,0.43306097388267517,0.7855711579322815,-0.5950828790664673,0.15010663866996765,0.7991834282875061,-0.5875765681266785,0.307719886302948,0.6873140931129456,-0.5570040941238403,0.34566324949264526,0.592851459980011,-0.5203587412834167,0.3436536490917206,0.8007969856262207,-0.2245728224515915,0.1352510005235672,0.7950797080993652,-0.2805316746234894,0.26067572832107544,0.6871399283409119,-0.26624998450279236,0.26961103081703186,0.5884557962417603,-0.23285222053527832,0.2446327656507492,0.7873325943946838,0.09926797449588776,0.13072335720062256,0.826943576335907,0.04250844195485115,0.23343101143836975,0.7428796291351318,0.045237112790346146,0.27768197655677795,0.6527110934257507,0.07274781167507172,0.29725995659828186,0.0,0.0,0.0,0.033950503915548325,0.019385237246751785,0.030512936413288116,0.06112948805093765,0.033892158418893814,0.06119098514318466,0.08019360899925232,0.0538308247923851,0.09050147980451584,0.09017239511013031,0.07855283468961716,0.11712668091058731,0.03430383652448654,0.022603459656238556,0.06389173120260239,0.03841905668377876,0.06841600686311722,0.10461431741714478,0.06327512115240097,0.1050126850605011,0.12695930898189545,0.10121016949415207,0.11939472705125809,0.13942213356494904,0.027944056317210197,0.030625026673078537,0.06710986793041229,0.02761659026145935,0.06254921853542328,0.10406635701656342,0.027242928743362427,0.07362400740385056,0.11196931451559067,0.02722221612930298,0.05899876356124878,0.11523828655481339,0.024580325931310654,0.04796726629137993,0.07251861691474915,0.023635610938072205,0.06695472449064255,0.09909094125032425,0.0232022013515234,0.07319273054599762,0.09266571700572968,0.019241679459810257,0.05827616900205612,0.08546946942806244,0.02041648142039776,0.06484387814998627,0.08195413649082184,0.03782984986901283,0.0751592293381691,0.10065608471632004,0.04265059903264046,0.07589637488126755,0.09947123378515244,0.04555537551641464,0.06454373896121979,0.09619398415088654
yo,0.0,0.0,0.0,0.10806907713413239,-0.6274547576904297,0.12485371530056,0.34403195977211,-0.9181291460990906,0.2077903002500534,0.5396450757980347,-0.9476567506790161,0.27056410908699036,0.6666156053543091,-0.8147533535957336,0.333505779504776,0.6577630043029785,-0.9650090336799622,0.18401721119880676,0.8453460931777954,-0.998062252998352,0.3117676377296448,0.8461693525314331,-0.9634493589401245,0.3879643976688385,0.8213986158370972,-0.9354264140129089,0.427065372467041,0.7559746503829956,-0.6302592158317566,0.1515522450208664,0.7731964588165283,-0.6357347369194031,0.307173490524292,0.6635141372680664,-0.604292094707489,0.34451451897621155,0.5723230838775635,-0.5635404586791992,0.34189373254776,0.7771445512771606,-0.2695981562137604,0.13515043258666992,0.766708493232727,-0.3504144549369812,0.26588577032089233,0.6591501235961914,-0.33147040009498596,0.2763790786266327,0.562674880027771,-0.29181015491485596,0.25033050775527954,0.770814061164856,0.04764492064714432,0.12926754355430603,0.7910969257354736,-0.04162927716970444,0.23824599385261536,0.7087439894676208,-0.04016847908496857,0.2822868824005127,0.6215270757675171,-0.007921196520328522,0.2998552620410919,0.0,0.0,0.0,0.020839069038629532,0.01604193076491356,0.04768136143684387,0.03581120818853378,0.02757234498858452,0.08978212624788284,0.040471237152814865,0.040443532168865204,0.12983117997646332,0.040211159735918045,0.05939846485853195,0.16548499464988708,0.027369622141122818,0.031150750815868378,0.0773380845785141,0.046327147632837296,0.0427912101149559,0.13657738268375397,0.09274186193943024,0.06361246854066849,0.16931132972240448,0.14843511581420898,0.08138318359851837,0.18553827702999115,0.02631024271249771,0.037769727408885956,0.07866969704627991,0.02404971793293953,0.047222770750522614,0.13658973574638367,0.023661822080612183,0.047079164534807205,0.15057255327701569,0.024339847266674042,0.038297176361083984,0.1528192162513733,0.022642873227596283,0.0522911436855793,0.08567766100168228,0.02339445985853672,0.05188668519258499,0.13239745795726776,0.020942669361829758,0.051639068871736526,0.12731502950191498,0.019475769251585007,0.042404234409332275,0.11459115892648697,0.018881047144532204,0.06782779842615128,0.09875136613845825,0.05378256365656853,0.06356416642665863,0.12990802526474,0.058324940502643585,0.05837712809443474,0.1294686645269394,0.05801650509238243,0.05338795855641365,0.1231192946434021
yo,0.0,0.0,0.0,0.13747873902320862,-0.6073663234710693,0.13113994896411896,0.4031462073326111,-0.8588935136795044,0.20867708325386047,0.5934969782829285,-0.8536943197250366,0.2597210109233856,0.708022952079773,-0.6960111260414124,0.30762845277786255,0.6813706159591675,-0.9418511390686035,0.17356324195861816,0.9034343957901001,-0.9145611524581909,0.28483352065086365,0.9530364871025085,-0.870167076587677,0.35425978899002075,0.9668062329292297,-0.844968318939209,0.3876585066318512,0.7786320447921753,-0.6122527122497559,0.12774887681007385,0.792570173740387,-0.5081547498703003,0.25606322288513184,0.680359959602356,-0.47063517570495605,0.28695252537727356,0.5898905992507935,-0.47319117188453674,0.284385621547699,0.7971282601356506,-0.24417059123516083,0.09842246025800705,0.7731622457504272,-0.23507602512836456,0.21367081999778748,0.6639522910118103,-0.20253226161003113,0.2279691994190216,0.5691081285476685,-0.20388977229595184,0.20639526844024658,0.7853502035140991,0.073308564722538,0.07836947590112686,0.7668344378471375,0.058074336498975754,0.18139688670635223,0.6757342219352722,0.07256624847650528,0.22489900887012482,0.5867559313774109,0.07504041492938995,0.24276761710643768,0.0,0.0,0.0,0.01864624209702015,0.016033444553613663,0.02094428986310959,0.02518511563539505,0.030216975137591362,0.037966787815093994,0.03352111950516701,0.036518171429634094,0.05450054630637169,0.039257969707250595,0.051256515085697174,0.07072071731090546,0.02583010494709015,0.016508929431438446,0.03469909727573395,0.03311324864625931,0.051557037979364395,0.06329277157783508,0.05053706839680672,0.07926063984632492,0.0820794478058815,0.08792082965373993,0.09340382367372513,0.09385916590690613,0.021000104025006294,0.027225956320762634,0.037102293223142624,0.02531242184340954,0.04752756282687187,0.0690174475312233,0.024760747328400612,0.05303341895341873,0.07929019629955292,0.02303922362625599,0.04159402474761009,0.08195676654577255,0.01685207523405552,0.040520232170820236,0.04262891411781311,0.020310839638113976,0.04919876158237457,0.06882280856370926,0.019198890775442123,0.052496034651994705,0.0671963319182396,0.017889058217406273,0.041054099798202515,0.06035241484642029,0.01388261653482914,0.05153926461935043,0.051447365432977676,0.029377644881606102,0.05794240161776543,0.06897789239883423,0.029486754909157753,0.06310614943504333,0.06907501071691513,0.027604449540376663,0.05899190157651901,0.06584741920232773
yo,0.0,0.0,0.0,0.11472491919994354,-0.6158871650695801,0.15587468445301056,0.3605808615684509,-0.8853093385696411,0.2571236193180084,0.539210855960846,-0.913880467414856,0.33364543318748474,0.6525509357452393,-0.7816672325134277,0.4063781797885895,0.6497982740402222,-0.9560863375663757,0.1990717053413391,0.8710265159606934,-1.0634410381317139,0.3420843482017517,0.9119160771369934,-1.054772138595581,0.4388020634651184,0.9109593629837036,-1.0232164859771729,0.4928445816040039,0.7548238039016724,-0.6317341923713684,0.16066300868988037,0.7605642080307007,-0.608474850654602,0.325750470161438,0.64303058385849,-0.5712820291519165,0.37541627883911133,0.5548177361488342,-0.5438237190246582,0.38178712129592896,0.7755373120307922,-0.2668442130088806,0.14225569367408752,0.7396689057350159,-0.32226380705833435,0.2899075448513031,0.6281306743621826,-0.2972019612789154,0.3026933968067169,0.5388563275337219,-0.2737959325313568,0.27322250604629517,0.7674564123153687,0.04092846065759659,0.13712933659553528,0.7419983148574829,-0.030898133292794228,0.26115310192108154,0.6549677848815918,-0.022761180996894836,0.30157575011253357,0.5700706839561462,0.00038741427124477923,0.31275230646133423,0.0,0.0,0.0,0.021347802132368088,0.020610857754945755,0.034644708037376404,0.033526815474033356,0.03289584070444107,0.06387787312269211,0.03625930845737457,0.051257822662591934,0.09300310164690018,0.03996479511260986,0.08420567959547043,0.12178589403629303,0.0287962444126606,0.024685662239789963,0.0560266338288784,0.03713745251297951,0.048151299357414246,0.09605206549167633,0.05245976522564888,0.06371980905532837,0.12217526137828827,0.08261819928884506,0.0756354108452797,0.13828103244304657,0.024387579411268234,0.035540882498025894,0.059011828154325485,0.02674332819879055,0.049386151134967804,0.1029772087931633,0.02739545702934265,0.06606359034776688,0.11881013214588165,0.025278940796852112,0.057416144758462906,0.12396843731403351,0.01936914399266243,0.04288466274738312,0.06572384387254715,0.02346145175397396,0.04918976500630379,0.10422226786613464,0.024585595354437828,0.06003273278474808,0.10264630615711212,0.02185123786330223,0.05027278885245323,0.09325467050075531,0.018712550401687622,0.048406850546598434,0.07704634964466095,0.027566231787204742,0.054590724408626556,0.10443338751792908,0.02651272527873516,0.06728148460388184,0.10395752638578415,0.02501460164785385,0.062406983226537704,0.09766356647014618
yo,0.0,0.0,0.0,0.09762457758188248,-0.6371498703956604,0.14342239499092102,0.338655948638916,-0.9292001724243164,0.26993095874786377,0.5162118077278137,-0.962407112121582,0.3767230212688446,0.6257866024971008,-0.856665313243866,0.47855526208877563,0.6945710182189941,-0.9233951568603516,0.2658359408378601,0.8923873901367188,-1.0240267515182495,0.4412342607975006,0.955912709236145,-1.0527909994125366,0.5379579067230225,0.9907185435295105,-1.0736403465270996,0.5852905511856079,0.7854630351066589,-0.563522458076477,0.24266095459461212,0.775181770324707,-0.6305393576622009,0.43426045775413513,0.6549695730209351,-0.6368058323860168,0.4806206226348877,0.55622798204422,-0.6058083772659302,0.48519864678382874,0.7829658389091492,-0.20619404315948486,0.23373322188854218,0.7487319111824036,-0.3240375220775604,0.39210835099220276,0.6316272020339966,-0.3370983302593231,0.39142027497291565,0.5431225299835205,-0.3032061457633972,0.35542476177215576,0.7555984258651733,0.09740211069583893,0.23651476204395294,0.7311276793479919,-0.023680398240685463,0.3625519871711731,0.639374852180481,-0.05222683027386665,0.39203229546546936,0.5528571009635925,-0.023336343467235565,0.395243763923645,0.0,0.0,0.0,0.02341179922223091,0.029624590650200844,0.03704727068543434,0.037265922874212265,0.04101148247718811,0.06087178364396095,0.05513179674744606,0.04225896671414375,0.08918490260839462,0.06979381293058395,0.07254677265882492,0.11978422105312347,0.030641647055745125,0.02240852452814579,0.05964992567896843,0.04218313470482826,0.04119052737951279,0.10051091760396957,0.07084956020116806,0.06834851950407028,0.1240377128124237,0.11057652533054352,0.09493463486433029,0.1385364681482315,0.02883387729525566,0.032191380858421326,0.06883464008569717,0.031082062050700188,0.041652679443359375,0.11106213927268982,0.03247199207544327,0.06685452163219452,0.12499618530273438,0.03531906381249428,0.06276529282331467,0.12991514801979065,0.02651544101536274,0.03853185102343559,0.07945897430181503,0.0288398377597332,0.04388979822397232,0.11485284566879272,0.03238476812839508,0.059081386774778366,0.11400198191404343,0.029775461181998253,0.05053615942597389,0.10616742074489594,0.022449877113103867,0.04111151024699211,0.09211967885494232,0.03071451745927334,0.05232315510511398,0.11466136574745178,0.03375772759318352,0.059051282703876495,0.11213906854391098,0.030293967574834824,0.05337626487016678,0.1049472913146019
yo,0.0,0.0,0.0,0.12521764636039734,-0.6240107417106628,0.1307891309261322,0.3820195198059082,-0.8916115760803223,0.21545186638832092,0.5748907327651978,-0.9005441665649414,0.27611014246940613,0.6947202086448669,-0.7582341432571411,0.33439865708351135,0.6736534237861633,-0.9470999836921692,0.1884988695383072,0.8689277768135071,-0.9398695230484009,0.3141675591468811,0.9034991264343262,-0.8993280529975891,0.3926239609718323,0.9030419588088989,-0.8764545321464539,0.4321250915527344,0.7730454802513123,-0.6127194166183472,0.14867810904979706,0.7795104384422302,-0.5409289002418518,0.292582631111145,0.6690202951431274,-0.5024763941764832,0.32726389169692993,0.5773742198944092,-0.4907445013523102,0.3261723518371582,0.7916770577430725,-0.24240083992481232,0.1250995248556137,0.7676962614059448,-0.2537573575973511,0.2469179928302765,0.6573479771614075,-0.2225823849439621,0.2566380500793457,0.5623489022254944,-0.2119196355342865,0.2319425791501999,0.7790564298629761,0.0824909582734108,0.11188875138759613,0.7674839496612549,0.05292323976755142,0.21660566329956055,0.67604660987854,0.06801660358905792,0.25702109932899475,0.5871187448501587,0.08145317435264587,0.2727833390235901,0.0,0.0,0.0,0.017292393371462822,0.0236433707177639,0.032697759568691254,0.025669937953352928,0.04173257574439049,0.06045568734407425,0.026984672993421555,0.04113726690411568,0.08610527217388153,0.02880016341805458,0.06347106397151947,0.10931754112243652,0.019759079441428185,0.02313157729804516,0.059241585433483124,0.032974984496831894,0.052519291639328,0.10393569618463516,0.054778799414634705,0.07835384458303452,0.13092847168445587,0.09509874880313873,0.08925654739141464,0.1455053687095642,0.01925959251821041,0.029290612787008286,0.06034618988633156,0.020886370912194252,0.04668639600276947,0.10161229223012924,0.01690785586833954,0.0529157891869545,0.11356724053621292,0.01744404062628746,0.03888743370771408,0.11788003146648407,0.016325347125530243,0.04552479460835457,0.0649930015206337,0.021685978397727013,0.04723729193210602,0.10004673153162003,0.019800424575805664,0.05098249763250351,0.09636891633272171,0.019519289955496788,0.04038742929697037,0.08738471567630768,0.01356579177081585,0.060752760618925095,0.0736193135380745,0.038557201623916626,0.058862995356321335,0.09856844693422318,0.04072141274809837,0.06113363057374954,0.09648020565509796,0.03855495527386665,0.05743422731757164,0.09021569043397903
