label,mean_x0,mean_y0,mean_z0,mean_x1,mean_y1,mean_z1,mean_x2,mean_y2,mean_z2,mean_x3,mean_y3,mean_z3,mean_x4,mean_y4,mean_z4,mean_x5,mean_y5,mean_z5,mean_x6,mean_y6,mean_z6,mean_x7,mean_y7,mean_z7,mean_x8,mean_y8,mean_z8,mean_x9,mean_y9,mean_z9,mean_x10,mean_y10,mean_z10,mean_x11,mean_y11,mean_z11,mean_x12,mean_y12,mean_z12,mean_x13,mean_y13,mean_z13,mean_x14,mean_y14,mean_z14,mean_x15,mean_y15,mean_z15,mean_x16,mean_y16,mean_z16,mean_x17,mean_y17,mean_z17,mean_x18,mean_y18,mean_z18,mean_x19,mean_y19,mean_z19,mean_x20,mean_y20,mean_z20,std_x0,std_y0,std_z0,std_x1,std_y1,std_z1,std_x2,std_y2,std_z2,std_x3,std_y3,std_z3,std_x4,std_y4,std_z4,std_x5,std_y5,std_z5,std_x6,std_y6,std_z6,std_x7,std_y7,std_z7,std_x8,std_y8,std_z8,std_x9,std_y9,std_z9,std_x10,std_y10,std_z10,std_x11,std_y11,std_z11,std_x12,std_y12,std_z12,std_x13,std_y13,std_z13,std_x14,std_y14,std_z14,std_x15,std_y15,std_z15,std_x16,std_y16,std_z16,std_x17,std_y17,std_z17,std_x18,std_y18,std_z18,std_x19,std_y19,std_z19,std_x20,std_y20,std_z20
adios,0.0,0.0,0.0,0.2265297919511795,-0.19284342229366302,-0.0838288739323616,0.3917253613471985,-0.5713697671890259,-0.09819749742746353,0.42838993668556213,-0.9572035074234009,-0.10958828777074814,0.41113948822021484,-1.268641710281372,-0.11651285737752914,0.2681874632835388,-0.9537326097488403,-0.00863975752145052,0.29935207962989807,-1.2839701175689697,-0.08573581278324127,0.2877485454082489,-1.3058825731277466,-0.14212529361248016,0.27913039922714233,-1.313721776008606,-0.16970334947109222,0.13179035484790802,-0.9901902079582214,-0.003013364505022764,0.16298457980155945,-1.3358609676361084,-0.08224251866340637,0.15904229879379272,-1.3339849710464478,-0.12814782559871674,0.16438429057598114,-1.3346415758132935,-0.1441374570131302,-0.0012208884581923485,-0.9731677770614624,-0.015866806730628014,0.022767357528209686,-1.295149564743042,-0.10266319662332535,0.03149537742137909,-1.285395622253418,-0.12333568185567856,0.04597175866365433,-1.286211609840393,-0.11715853214263916,-0.1430206596851349,-0.9102069139480591,-0.03615915775299072,-0.11308334022760391,-1.1922553777694702,-0.10174833238124847,-0.0893777459859848,-1.2025524377822876,-0.10766375064849854,-0.06619514524936676,-1.2175713777542114,-0.09678371995687485,0.0,0.0,0.0,0.026415996253490448,0.041552815586328506,0.01618020050227642,0.04932986572384834,0.06390850991010666,0.024378526955842972,0.060033369809389114,0.09923117607831955,0.029596636071801186,0.04086635261774063,0.11993050575256348,0.03605923056602478,0.03929692134261131,0.010448369197547436,0.04047037288546562,0.04026512801647186,0.04764396697282791,0.052486300468444824,0.027345821261405945,0.2654705345630646,0.05513896048069,0.038185421377420425,0.47414350509643555,0.04885571449995041,0.02372056432068348,0.0032288311049342155,0.03965397924184799,0.02590036205947399,0.08846575766801834,0.05819570645689964,0.02442176640033722,0.38162919878959656,0.05005890876054764,0.03779546916484833,0.6183439493179321,0.03752489015460014,0.011707695201039314,0.010624203830957413,0.03827765956521034,0.013604456558823586,0.10311797261238098,0.055432479828596115,0.020794164389371872,0.3984827995300293,0.041131965816020966,0.030292106792330742,0.6259122490882874,0.05423856899142265,0.020285775884985924,0.04061787575483322,0.03873682767152786,0.00870234053581953,0.04126829281449318,0.04343882575631142,0.012543849647045135,0.23090006411075592,0.04470048472285271,0.022006435319781303,0.4143684506416321,0.06486883014440536
adios,0.0,0.0,0.0,0.2332518994808197,-0.19489958882331848,-0.07949025928974152,0.40090411901474,-0.5551222562789917,-0.09197944402694702,0.44076022505760193,-0.9356437921524048,-0.10228940099477768,0.4202652871608734,-1.2402647733688354,-0.10900257527828217,0.2808375060558319,-0.9456601142883301,0.0018172657582908869,0.321879506111145,-1.2936375141143799,-0.06862147152423859,0.31950119137763977,-1.3384897708892822,-0.12586133182048798,0.31694573163986206,-1.3605011701583862,-0.1567842662334442,0.14772701263427734,-0.9877464175224304,0.005736405495554209,0.18970665335655212,-1.3585238456726074,-0.06552436947822571,0.1938345581293106,-1.3835476636886597,-0.11435453593730927,0.20303218066692352,-1.3963669538497925,-0.13569164276123047,0.014326656237244606,-0.9728822708129883,-0.00804143212735653,0.04862213134765625,-1.326584815979004,-0.08810049295425415,0.06199224665760994,-1.3370168209075928,-0.11103713512420654,0.07726927101612091,-1.3433730602264404,-0.10936322063207626,-0.13186801970005035,-0.9078829884529114,-0.029148239642381668,-0.09628860652446747,-1.1937230825424194,-0.0943189412355423,-0.06953532993793488,-1.2106276750564575,-0.10271916538476944,-0.045185964554548264,-1.2264220714569092,-0.09487120807170868,0.0,0.0,0.0,0.029859542846679688,0.03863160312175751,0.010752661153674126,0.0580226294696331,0.05510636046528816,0.01566052995622158,0.07486803084611893,0.09578067064285278,0.02185916341841221,0.05159776657819748,0.12151538580656052,0.030848011374473572,0.04634542018175125,0.014717007987201214,0.03784732148051262,0.04514184966683388,0.034653905779123306,0.05615595355629921,0.029131527990102768,0.22949016094207764,0.0640585795044899,0.032484084367752075,0.4431571066379547,0.059307586401700974,0.02981848455965519,0.005196654703468084,0.039808422327041626,0.026984678581357002,0.056722719222307205,0.06620105355978012,0.024342328310012817,0.3305369019508362,0.06275887787342072,0.03989644721150398,0.5697209239006042,0.04803064838051796,0.019267940893769264,0.010477655567228794,0.04179738461971283,0.018811330199241638,0.06953799724578857,0.0638432577252388,0.02488483488559723,0.34783637523651123,0.047526270151138306,0.036701750010252,0.5770984292030334,0.04922076314687729,0.025230534374713898,0.03942222148180008,0.045439913868904114,0.015330185182392597,0.044410862028598785,0.05154253914952278,0.020721737295389175,0.23039379715919495,0.044697925448417664,0.033439960330724716,0.41594013571739197,0.054855890572071075
adios,0.0,0.0,0.0,0.21452459692955017,-0.19838137924671173,-0.08143313229084015,0.3660719394683838,-0.5713129043579102,-0.09687747806310654,0.4031751751899719,-0.9380161166191101,-0.10907544195652008,0.3770864009857178,-1.2244818210601807,-0.11604399979114532,0.24868758022785187,-0.9706077575683594,-0.011667383834719658,0.28173381090164185,-1.3039544820785522,-0.08616466075181961,0.27515071630477905,-1.3119800090789795,-0.14202487468719482,0.2709987759590149,-1.3081014156341553,-0.17065496742725372,0.11705155670642853,-0.9917890429496765,-0.006899429950863123,0.1467960923910141,-1.3400468826293945,-0.08538912236690521,0.14968444406986237,-1.322074055671692,-0.13008196651935577,0.15970034897327423,-1.3050514459609985,-0.14528267085552216,-0.010596801526844501,-0.9541841745376587,-0.019325464963912964,0.010814381763339043,-1.2715132236480713,-0.10386158525943756,0.02707999385893345,-1.2458298206329346,-0.12073250114917755,0.04670573025941849,-1.2329908609390259,-0.11266032606363297,-0.1435132622718811,-0.8656247854232788,-0.039244502782821655,-0.11688122898340225,-1.1180499792099,-0.1064835637807846,-0.0930660143494606,-1.1076409816741943,-0.1122007966041565,-0.0679265484213829,-1.1138393878936768,-0.10085346549749374,0.0,0.0,0.0,0.024509945884346962,0.0323217436671257,0.010933217592537403,0.05120084062218666,0.062229178845882416,0.021421227604150772,0.06629158556461334,0.10617513954639435,0.030488857999444008,0.03299340978264809,0.11902765929698944,0.038911089301109314,0.04024497792124748,0.02143966034054756,0.04202421009540558,0.03551168739795685,0.036360446363687515,0.06886178255081177,0.017437633126974106,0.24634547531604767,0.07490801811218262,0.026958517730236053,0.4566692113876343,0.06877858191728592,0.02746623568236828,0.004041760694235563,0.04283641651272774,0.019014872610569,0.07461781799793243,0.0788673385977745,0.019121218472719193,0.35706278681755066,0.07324440777301788,0.03152507543563843,0.590609073638916,0.05551764369010925,0.02368244342505932,0.008346175774931908,0.04341162368655205,0.021439634263515472,0.1105772852897644,0.07375507801771164,0.021547460928559303,0.3935651183128357,0.05466430261731148,0.02827703393995762,0.6098029017448425,0.05207076668739319,0.027132878080010414,0.019747596234083176,0.04444362223148346,0.02315007522702217,0.08528415113687515,0.058564670383930206,0.022849982604384422,0.2986949384212494,0.050239939242601395,0.02841940149664879,0.47364485263824463,0.05474761128425598
adios,0.0,0.0,0.0,0.21238915622234344,-0.2165999412536621,-0.0833054929971695,0.36277633905410767,-0.5923944115638733,-0.10214941203594208,0.3923623859882355,-0.9674569964408875,-0.11917511373758316,0.3610967993736267,-1.2614920139312744,-0.13094981014728546,0.2378523349761963,-0.9738066792488098,-0.01121927984058857,0.2660851776599884,-1.3124477863311768,-0.0951019749045372,0.25784972310066223,-1.3087804317474365,-0.1558607816696167,0.2513456642627716,-1.2894952297210693,-0.18500502407550812,0.1026427149772644,-0.9932438731193542,-0.00841281097382307,0.12535209953784943,-1.3552383184432983,-0.09554712474346161,0.12281330674886703,-1.322129487991333,-0.14323952794075012,0.1285945326089859,-1.291046142578125,-0.1579577475786209,-0.027861619368195534,-0.95917147397995,-0.023905262351036072,-0.011345550417900085,-1.2839267253875732,-0.11785705387592316,-0.0027057002298533916,-1.2416784763336182,-0.13625255227088928,0.010899198241531849,-1.213053584098816,-0.12574061751365662,-0.16342230141162872,-0.8792815208435059,-0.04681765288114548,-0.13872718811035156,-1.153006911277771,-0.11710550636053085,-0.1208702102303505,-1.135352373123169,-0.12067501246929169,-0.10424049943685532,-1.1243187189102173,-0.10643643140792847,0.0,0.0,0.0,0.026474561542272568,0.03081262856721878,0.015209372155368328,0.059509459882974625,0.05049430578947067,0.022920789197087288,0.07780725508928299,0.10242921859025955,0.0285087488591671,0.04447512328624725,0.12081040441989899,0.035368118435144424,0.056729767471551895,0.010106397792696953,0.03255728259682655,0.05977686122059822,0.03425625339150429,0.05193725600838661,0.036453548818826675,0.24357645213603973,0.058491066098213196,0.022268762812018394,0.45963072776794434,0.05236021801829338,0.04244614765048027,0.003972254693508148,0.03229266777634621,0.044991057366132736,0.05803157016634941,0.06067749485373497,0.029294610023498535,0.33693060278892517,0.057315997779369354,0.01897166296839714,0.5797404050827026,0.04397532343864441,0.029215266928076744,0.010823165997862816,0.0328233502805233,0.032337259501218796,0.08677253872156143,0.056522246450185776,0.02699361741542816,0.3738442361354828,0.04291263967752457,0.020354004576802254,0.6014842391014099,0.05503064766526222,0.020064041018486023,0.04205495864152908,0.03512696921825409,0.02765708789229393,0.04325902462005615,0.04017984867095947,0.028942542150616646,0.22645382583141327,0.04186044633388519,0.025336777791380882,0.41240477561950684,0.0646611824631691
adios,0.0,0.0,0.0,0.22980144619941711,-0.19810670614242554,-0.08834506571292877,0.39896318316459656,-0.5694446563720703,-0.10803808271884918,0.4336372911930084,-0.955327033996582,-0.12453065812587738,0.3869374096393585,-1.2542808055877686,-0.13631266355514526,0.24541234970092773,-0.9684931635856628,-0.01074141450226307,0.2871168553829193,-1.2805718183517456,-0.09693776071071625,0.2866799831390381,-1.2498446702957153,-0.15939739346504211,0.28087347745895386,-1.2115734815597534,-0.1889319270849228,0.10893663018941879,-0.9936375617980957,-0.004888803232461214,0.15058206021785736,-1.3337091207504272,-0.09562835097312927,0.1566556990146637,-1.27687406539917,-0.14511547982692719,0.16401822865009308,-1.225738763809204,-0.15962189435958862,-0.029176369309425354,-0.9646544456481934,-0.017912860959768295,0.011625830084085464,-1.2793115377426147,-0.11871101707220078,0.03086281195282936,-1.202431082725525,-0.13590018451213837,0.04606650024652481,-1.1469162702560425,-0.12215224653482437,-0.1795744001865387,-0.8877620697021484,-0.038248393684625626,-0.12784048914909363,-1.1314045190811157,-0.1191428154706955,-0.09353995323181152,-1.0727488994598389,-0.12475013732910156,-0.06925918906927109,-1.0367519855499268,-0.10893376171588898,0.0,0.0,0.0,0.01218433678150177,0.042165812104940414,0.011488577350974083,0.03910011053085327,0.07410803437232971,0.014577487483620644,0.047891754657030106,0.1200096607208252,0.018712468445301056,0.018233176320791245,0.12779192626476288,0.02382715418934822,0.02171194739639759,0.0242144837975502,0.024196891114115715,0.026379525661468506,0.046711698174476624,0.04489875212311745,0.020772680640220642,0.27954360842704773,0.05334271490573883,0.03147773817181587,0.5126047730445862,0.04720357805490494,0.012861563824117184,0.0022154971957206726,0.024959342554211617,0.013696806505322456,0.08484993875026703,0.052771661430597305,0.01838694140315056,0.3855741620063782,0.04701349139213562,0.030634084716439247,0.6495067477226257,0.027598224580287933,0.021686816588044167,0.00768916355445981,0.02697981894016266,0.011376351118087769,0.11015289276838303,0.050017837435007095,0.018124917522072792,0.4167550802230835,0.02631560154259205,0.026993732899427414,0.6634949445724487,0.03860464692115784,0.038193829357624054,0.023158807307481766,0.03107490949332714,0.013740756548941135,0.08110831677913666,0.03620630130171776,0.017564142122864723,0.31096649169921875,0.02715248242020607,0.027647055685520172,0.5080925226211548,0.044697657227516174
adios,0.0,0.0,0.0,0.2387147694826126,-0.19133207201957703,-0.08789375424385071,0.41884660720825195,-0.5591756105422974,-0.10198619216680527,0.4647243916988373,-0.958810031414032,-0.1121344342827797,0.4128809869289398,-1.2619181871414185,-0.11837319284677505,0.2813026010990143,-0.9455316662788391,-0.0025859589222818613,0.3166581392288208,-1.2630667686462402,-0.08198463171720505,0.2989211678504944,-1.2440717220306396,-0.14163348078727722,0.2866850197315216,-1.211366891860962,-0.17055411636829376,0.14227716624736786,-0.9890580177307129,0.006775070913136005,0.17238688468933105,-1.3201735019683838,-0.07724753767251968,0.16308774054050446,-1.2730740308761597,-0.12648943066596985,0.16734030842781067,-1.2280994653701782,-0.14259512722492218,0.002383534098044038,-0.9757187962532043,-0.002857293700799346,0.028723862022161484,-1.2740634679794312,-0.09787161648273468,0.03494490683078766,-1.2165579795837402,-0.11854316294193268,0.04747126251459122,-1.1737582683563232,-0.10937496274709702,-0.15119627118110657,-0.9153997302055359,-0.01958874985575676,-0.11105494201183319,-1.150794267654419,-0.09543795138597488,-0.08714771270751953,-1.1047706604003906,-0.10283790528774261,-0.0640273243188858,-1.079398512840271,-0.09007398784160614,0.0,0.0,0.0,0.009171664714813232,0.03233668953180313,0.010749176144599915,0.037490058690309525,0.04098040983080864,0.020886611193418503,0.051799625158309937,0.0799715667963028,0.031264934688806534,0.0314517505466938,0.09343640506267548,0.03916723281145096,0.03255150839686394,0.011201145127415657,0.0337916798889637,0.03393905982375145,0.06847967952489853,0.06536216288805008,0.02276713401079178,0.2859351933002472,0.07213103026151657,0.038975417613983154,0.503364622592926,0.06299015134572983,0.01916753686964512,0.003502622712403536,0.03310122340917587,0.017277482897043228,0.10091649740934372,0.07379500567913055,0.02225152961909771,0.3892240822315216,0.06548988074064255,0.03613145276904106,0.6388651728630066,0.04276292026042938,0.015561855398118496,0.008212350308895111,0.033594757318496704,0.016052575781941414,0.12294308096170425,0.06580110639333725,0.02305622771382332,0.42209041118621826,0.04178456589579582,0.03202835097908974,0.6568780541419983,0.0408649705350399,0.022011995315551758,0.031547609716653824,0.035411156713962555,0.012174963019788265,0.07987216114997864,0.0464448556303978,0.019710225984454155,0.3024809956550598,0.03613332659006119,0.03438432887196541,0.4889707565307617,0.04749121144413948
adios,0.0,0.0,0.0,0.24105921387672424,-0.1971169412136078,-0.08473311364650726,0.4166788160800934,-0.5646243691444397,-0.0954999327659607,0.45620235800743103,-0.9601834416389465,-0.10325489193201065,0.40819960832595825,-1.265829086303711,-0.10899525880813599,0.26698631048202515,-0.9488027691841125,0.0011826854897662997,0.29839175939559937,-1.2798707485198975,-0.07226495444774628,0.28719431161880493,-1.3164933919906616,-0.1302412897348404,0.2798330783843994,-1.3294697999954224,-0.15994465351104736,0.1286320984363556,-0.9912360906600952,0.00800449587404728,0.1580139845609665,-1.3400713205337524,-0.06758406013250351,0.15237128734588623,-1.3539526462554932,-0.11757190525531769,0.1594834178686142,-1.3554773330688477,-0.13808663189411163,-0.01043033692985773,-0.9766560792922974,-0.003943059127777815,0.012509536929428577,-1.3060100078582764,-0.09255717694759369,0.018592631444334984,-1.305474042892456,-0.11886604875326157,0.03289716690778732,-1.302369475364685,-0.1167052760720253,-0.16444191336631775,-0.9132201075553894,-0.022918211296200752,-0.13106787204742432,-1.1980273723602295,-0.09509510546922684,-0.10612829029560089,-1.2047674655914307,-0.10537733137607574,-0.08135721832513809,-1.2106196880340576,-0.09704308211803436,0.0,0.0,0.0,0.009965253993868828,0.030405525118112564,0.01167574618011713,0.029305417090654373,0.04241478815674782,0.019143210723996162,0.04453076422214508,0.07870815694332123,0.027390750125050545,0.02731122076511383,0.09865805506706238,0.034394003450870514,0.025441378355026245,0.010681696236133575,0.027630724012851715,0.025357378646731377,0.05571722611784935,0.056642938405275345,0.01961943507194519,0.27945250272750854,0.06461866945028305,0.03878934681415558,0.497502863407135,0.05588187277317047,0.013196093030273914,0.001985980663448572,0.025740373879671097,0.013714518398046494,0.09786433726549149,0.06243417412042618,0.024026505649089813,0.39221832156181335,0.05571642890572548,0.04164846986532211,0.6400976777076721,0.037699226289987564,0.01531232800334692,0.007487903349101543,0.026190007105469704,0.01419836189597845,0.10928622633218765,0.058186840265989304,0.02361198700964451,0.4087164103984833,0.03518734127283096,0.03485570102930069,0.6459171772003174,0.03753833472728729,0.027976583689451218,0.029553761705756187,0.02820492908358574,0.022922540083527565,0.05187391862273216,0.037569575011730194,0.025511013343930244,0.26005974411964417,0.029163168743252754,0.03528955578804016,0.4518236815929413,0.04818577319383621
adios,0.0,0.0,0.0,0.23564398288726807,-0.19295397400856018,-0.09260082244873047,0.4166574478149414,-0.559278666973114,-0.11262692511081696,0.4570329785346985,-0.9501107931137085,-0.12853951752185822,0.41055935621261597,-1.2505922317504883,-0.1403573602437973,0.26512157917022705,-0.9624002575874329,-0.01565668359398842,0.29464277625083923,-1.2816022634506226,-0.10052789747714996,0.27931591868400574,-1.2580945491790771,-0.16215188801288605,0.26873698830604553,-1.2244726419448853,-0.19122713804244995,0.12031896412372589,-0.9920374155044556,-0.0068535953760147095,0.14690110087394714,-1.3251817226409912,-0.09530901163816452,0.13923543691635132,-1.2699275016784668,-0.1436171978712082,0.14308586716651917,-1.2238188982009888,-0.15812408924102783,-0.023640437051653862,-0.9656940698623657,-0.017112459987401962,-0.00346938194707036,-1.2775380611419678,-0.11460234969854355,0.0034843527246266603,-1.21184504032135,-0.13162340223789215,0.014667205512523651,-1.1646833419799805,-0.11920806020498276,-0.17873400449752808,-0.8919755220413208,-0.03484119847416878,-0.14650709927082062,-1.1487197875976562,-0.10978082567453384,-0.12242424488067627,-1.1034486293792725,-0.11248473823070526,-0.10356476157903671,-1.0739541053771973,-0.09586349874734879,0.0,0.0,0.0,0.010946845635771751,0.029226314276456833,0.009094743058085442,0.0270152036100626,0.06786739826202393,0.016066893935203552,0.03626987710595131,0.11469821631908417,0.025564000010490417,0.019873877987265587,0.1291353851556778,0.0341557040810585,0.025054683908820152,0.02110493741929531,0.029528319835662842,0.02972060814499855,0.055761586874723434,0.061627283692359924,0.0357859805226326,0.2856389582157135,0.07103921473026276,0.05244668573141098,0.502798855304718,0.06436052173376083,0.018640249967575073,0.0026127866003662348,0.031370654702186584,0.021300725638866425,0.10171523690223694,0.0715533196926117,0.030862955376505852,0.40406566858291626,0.06691120564937592,0.04236660525202751,0.6502864360809326,0.05077265575528145,0.023772966116666794,0.009945313446223736,0.034654174000024796,0.020276539027690887,0.12270229309797287,0.06804964691400528,0.024438219144940376,0.4240049719810486,0.04762246832251549,0.029100365936756134,0.6554301977157593,0.04830266535282135,0.03338281810283661,0.028548303991556168,0.03863455727696419,0.02025299146771431,0.06451163440942764,0.05043412372469902,0.019348377361893654,0.2816801369190216,0.04355927184224129,0.025485269725322723,0.46469131112098694,0.05593126639723778
adios,0.0,0.0,0.0,0.2322556972503662,-0.1871034801006317,-0.08882860839366913,0.41131696105003357,-0.5462307929992676,-0.10778333991765976,0.4517427086830139,-0.9284524917602539,-0.12278296053409576,0.40939250588417053,-1.2318274974822998,-0.13426873087882996,0.2672600746154785,-0.9570061564445496,-0.013834571465849876,0.3029688000679016,-1.2623193264007568,-0.09550856798887253,0.29186829924583435,-1.2576534748077393,-0.15620894730091095,0.2817307114601135,-1.2457311153411865,-0.18573006987571716,0.12642237544059753,-0.9915999174118042,-0.00659395894035697,0.1609305441379547,-1.3109147548675537,-0.08871465176343918,0.15669506788253784,-1.2787853479385376,-0.13521818816661835,0.16023093461990356,-1.258507251739502,-0.1507500559091568,-0.013557059690356255,-0.9677348136901855,-0.017943089827895164,0.015596002340316772,-1.264924168586731,-0.11062382161617279,0.02443612553179264,-1.2165898084640503,-0.12736552953720093,0.0350576676428318,-1.1914395093917847,-0.11635468900203705,-0.16527816653251648,-0.8955154418945312,-0.03663095459342003,-0.12568321824073792,-1.1471846103668213,-0.10892300307750702,-0.0976969376206398,-1.1133158206939697,-0.11112242937088013,-0.07698820531368256,-1.0984117984771729,-0.09498872607946396,0.0,0.0,0.0,0.00883423537015915,0.03546496853232384,0.011694882996380329,0.030964050441980362,0.05921998247504234,0.011676706373691559,0.050078317523002625,0.10038421303033829,0.014038918539881706,0.027217257767915726,0.11849905550479889,0.019042780622839928,0.024255789816379547,0.01220613345503807,0.01930203288793564,0.024932384490966797,0.08238139003515244,0.0456932857632637,0.01658807136118412,0.3076629936695099,0.05530624836683273,0.03792582079768181,0.5256751775741577,0.04829484969377518,0.013247733935713768,0.001720644417218864,0.02291405014693737,0.010924277827143669,0.1203736662864685,0.05666188523173332,0.024322006851434708,0.4159976840019226,0.05065139755606651,0.04471816495060921,0.6647840738296509,0.03043866716325283,0.019286660477519035,0.007340271957218647,0.02814771793782711,0.014616685919463634,0.13213981688022614,0.05545546114444733,0.0235532745718956,0.4297596514225006,0.03211890533566475,0.03598853200674057,0.6630987524986267,0.03447994217276573,0.03400520980358124,0.02937520481646061,0.03418102487921715,0.022421343252062798,0.07056373357772827,0.03971506282687187,0.023523997515439987,0.28289756178855896,0.03042633831501007,0.035709913820028305,0.4691820442676544,0.04646281525492668
adios,0.0,0.0,0.0,0.22247807681560516,-0.18800683319568634,-0.09195269644260406,0.402742862701416,-0.5321109294891357,-0.1158813014626503,0.4477056860923767,-0.9111984968185425,-0.13511709868907928,0.4172704815864563,-1.2192914485931396,-0.15123380720615387,0.28376156091690063,-0.9463478326797485,-0.023552972823381424,0.31345075368881226,-1.2801051139831543,-0.1066303625702858,0.2965002655982971,-1.3138700723648071,-0.17023728787899017,0.2837541699409485,-1.323452353477478,-0.20274648070335388,0.14378303289413452,-0.9887102246284485,-0.015652213245630264,0.1672399938106537,-1.3297250270843506,-0.09740114212036133,0.15347222983837128,-1.338660717010498,-0.14732879400253296,0.15302610397338867,-1.3449090719223022,-0.16712483763694763,0.00738236028701067,-0.9711868166923523,-0.02572031319141388,0.025627410039305687,-1.286344051361084,-0.11419658362865448,0.02665010467171669,-1.2812994718551636,-0.13448479771614075,0.03691849112510681,-1.285388708114624,-0.12876132130622864,-0.1392415463924408,-0.900881290435791,-0.043728578835725784,-0.11364563554525375,-1.1636751890182495,-0.11341898143291473,-0.09607425332069397,-1.158124566078186,-0.11834025382995605,-0.07752455770969391,-1.1638236045837402,-0.10560868680477142,0.0,0.0,0.0,0.016916649416089058,0.04410611093044281,0.01369734387844801,0.038080208003520966,0.07604202628135681,0.01943964697420597,0.053106702864170074,0.11320408433675766,0.02192632108926773,0.030090071260929108,0.12989333271980286,0.025593608617782593,0.03147082030773163,0.01588236168026924,0.03374405577778816,0.029102295637130737,0.05195310339331627,0.04546397551894188,0.020080681890249252,0.2626354694366455,0.048798754811286926,0.040910691022872925,0.47949206829071045,0.042831093072891235,0.01922488585114479,0.002903482411056757,0.033994823694229126,0.018139291554689407,0.09820243716239929,0.05288590118288994,0.030950292944908142,0.38605591654777527,0.04572150856256485,0.050089336931705475,0.6311557292938232,0.03507570922374725,0.013699660077691078,0.009241686202585697,0.03399592638015747,0.016151489689946175,0.11267166584730148,0.051994066685438156,0.031375158578157425,0.39857038855552673,0.038529545068740845,0.04599248617887497,0.6294020414352417,0.04969867318868637,0.02259865216910839,0.03370221331715584,0.03559386730194092,0.01790088228881359,0.06794296205043793,0.04129955545067787,0.02197042852640152,0.2629171907901764,0.041416555643081665,0.031671639531850815,0.4462471008300781,0.058621134608983994
adios,0.0,0.0,0.0,0.21990612149238586,-0.15752634406089783,-0.10768555104732513,0.4046858847141266,-0.5000014901161194,-0.13360248506069183,0.458527147769928,-0.8760885000228882,-0.14979660511016846,0.441785991191864,-1.1857270002365112,-0.16024897992610931,0.28666815161705017,-0.9386870265007019,-0.03295183181762695,0.3000953495502472,-1.2514203786849976,-0.11602846533060074,0.26613929867744446,-1.271467924118042,-0.18030214309692383,0.24274244904518127,-1.270145058631897,-0.2130696028470993,0.1486569344997406,-0.9871135950088501,-0.013534302823245525,0.15721513330936432,-1.3259104490280151,-0.09908584505319595,0.1313249170780182,-1.3325026035308838,-0.15491315722465515,0.12261229753494263,-1.3158576488494873,-0.17726865410804749,0.018581975251436234,-0.9753325581550598,-0.012674570083618164,0.017769644036889076,-1.285607099533081,-0.10230089724063873,0.008529962040483952,-1.279883623123169,-0.13287533819675446,0.013853013515472412,-1.2586686611175537,-0.133417010307312,-0.11542494595050812,-0.9138491749763489,-0.020743360742926598,-0.10729529708623886,-1.1623588800430298,-0.0930175930261612,-0.10165794938802719,-1.1568976640701294,-0.1093282699584961,-0.08375386893749237,-1.147238850593567,-0.10403730720281601,0.0,0.0,0.0,0.016299685463309288,0.028078418225049973,0.015531672164797783,0.0481615886092186,0.03853850066661835,0.02174917794764042,0.07233570516109467,0.07870513945817947,0.026298342272639275,0.05022872984409332,0.09987478703260422,0.029475383460521698,0.05267845466732979,0.015176260843873024,0.04154426231980324,0.04120444133877754,0.08167888969182968,0.06646876037120819,0.020305374637246132,0.30992066860198975,0.07014656811952591,0.04136829078197479,0.5103197693824768,0.06166696548461914,0.038448721170425415,0.006050496362149715,0.04254401475191116,0.0269527118653059,0.10651133954524994,0.07075890898704529,0.02394144795835018,0.3785592019557953,0.05762956291437149,0.045642949640750885,0.600003182888031,0.03507545590400696,0.02868569828569889,0.015132834203541279,0.04367906227707863,0.023483041673898697,0.12024335563182831,0.06260934472084045,0.024756290018558502,0.38464775681495667,0.03692734241485596,0.03954087197780609,0.5912469029426575,0.0399613082408905,0.02437767945230007,0.04924026504158974,0.04603451490402222,0.020364023745059967,0.07358014583587646,0.050562843680381775,0.017878888174891472,0.26447227597236633,0.04169413447380066,0.025690503418445587,0.43269863724708557,0.051663510501384735
adios,0.0,0.0,0.0,0.22691050171852112,-0.16723641753196716,-0.0952092632651329,0.4147598147392273,-0.5215842723846436,-0.11802919954061508,0.45930761098861694,-0.9026347398757935,-0.13393686711788177,0.4294954240322113,-1.2021108865737915,-0.14491474628448486,0.28618404269218445,-0.9502588510513306,-0.030775994062423706,0.31582993268966675,-1.2595874071121216,-0.11628659069538116,0.2921704351902008,-1.2520806789398193,-0.17606791853904724,0.2770337760448456,-1.228786826133728,-0.20336075127124786,0.14045469462871552,-0.9881163835525513,-0.01910332590341568,0.16394451260566711,-1.3170185089111328,-0.10767781734466553,0.14675235748291016,-1.2836239337921143,-0.15587638318538666,0.14699432253837585,-1.2485578060150146,-0.17008748650550842,0.00259896507486701,-0.9705837368965149,-0.025095980614423752,0.015153860673308372,-1.2626876831054688,-0.12002760171890259,0.013293045572936535,-1.218487024307251,-0.14033176004886627,0.025000104680657387,-1.1853638887405396,-0.1304973065853119,-0.1400231271982193,-0.9086468815803528,-0.03847117722034454,-0.11988154798746109,-1.1629812717437744,-0.1115122064948082,-0.10875257104635239,-1.1304841041564941,-0.1175742968916893,-0.09043528884649277,-1.1103246212005615,-0.10306490957736969,0.0,0.0,0.0,0.01701086014509201,0.036941997706890106,0.010109554044902325,0.04574697092175484,0.0326383151113987,0.018655676394701004,0.0674729198217392,0.06014668568968773,0.026404550299048424,0.034256793558597565,0.07671166956424713,0.03342152014374733,0.0452430322766304,0.015181632712483406,0.04480469599366188,0.03849257528781891,0.10687514394521713,0.06533949822187424,0.012893641367554665,0.3472578823566437,0.06776266545057297,0.03996465727686882,0.5615540742874146,0.05996812507510185,0.036290254443883896,0.004643514286726713,0.046849627047777176,0.028331123292446136,0.12890301644802094,0.07064297050237656,0.013236580416560173,0.42714422941207886,0.060762226581573486,0.030652642250061035,0.6713098883628845,0.048386845737695694,0.02758587896823883,0.01726766861975193,0.04746474698185921,0.02046235278248787,0.1435222327709198,0.06576581299304962,0.012787019833922386,0.4413205087184906,0.049470409750938416,0.024291178211569786,0.6679603457450867,0.061083219945430756,0.02062755823135376,0.048218775540590286,0.048539478331804276,0.021946867927908897,0.07837668061256409,0.054767757654190063,0.012509495951235294,0.2835804224014282,0.05479038134217262,0.01768558658659458,0.4638984203338623,0.07194579392671585
adios,0.0,0.0,0.0,0.2368973046541214,-0.18325456976890564,-0.08622243255376816,0.4248514771461487,-0.5434765815734863,-0.10107817500829697,0.47406005859375,-0.9401171803474426,-0.11211837828159332,0.43501535058021545,-1.2428460121154785,-0.11879973113536835,0.297383189201355,-0.9388877153396606,0.00026283078477717936,0.32587331533432007,-1.2469334602355957,-0.07718255370855331,0.29294073581695557,-1.2256231307983398,-0.13543042540550232,0.2687029540538788,-1.1956783533096313,-0.16338609158992767,0.15597346425056458,-0.9859132766723633,0.008973298594355583,0.17752012610435486,-1.3088130950927734,-0.07180947810411453,0.15331704914569855,-1.2511910200119019,-0.11790946871042252,0.14577332139015198,-1.2055168151855469,-0.13159061968326569,0.017388805747032166,-0.9784415364265442,-0.0012661365326493979,0.030777448788285255,-1.2807468175888062,-0.09106750786304474,0.02279369905591011,-1.2200586795806885,-0.10654036700725555,0.02660071849822998,-1.1834533214569092,-0.09447450935840607,-0.13166926801204681,-0.9215534329414368,-0.018734240904450417,-0.10816816240549088,-1.18561589717865,-0.08671048283576965,-0.09776714444160461,-1.1436830759048462,-0.0869789645075798,-0.08303680270910263,-1.1191312074661255,-0.06956567615270615,0.0,0.0,0.0,0.024095892906188965,0.04316718131303787,0.011660987511277199,0.060558196157217026,0.03798869624733925,0.019561119377613068,0.08377254009246826,0.07162515819072723,0.027576498687267303,0.06164257600903511,0.09337297081947327,0.03431086987257004,0.057810284197330475,0.016480477526783943,0.041159726679325104,0.06398580968379974,0.06485962867736816,0.06810487806797028,0.03862527012825012,0.27979326248168945,0.07509439438581467,0.03136799857020378,0.4861809015274048,0.06686224043369293,0.04259037971496582,0.006470719818025827,0.04136394336819649,0.04378696158528328,0.09128417819738388,0.07296629250049591,0.023315392434597015,0.37142765522003174,0.06630580127239227,0.023008959367871284,0.6046274304389954,0.0471770204603672,0.028752252459526062,0.014844345860183239,0.040921907871961594,0.029006030410528183,0.09884438663721085,0.06836727261543274,0.017331629991531372,0.39023417234420776,0.048888348042964935,0.015364120714366436,0.6208775639533997,0.045659150928258896,0.01940433867275715,0.04845866560935974,0.04104883223772049,0.020412486046552658,0.049591634422540665,0.05174550786614418,0.013246259652078152,0.24158164858818054,0.04610421136021614,0.015023681335151196,0.42930036783218384,0.056270066648721695
adios,0.0,0.0,0.0,0.23302125930786133,-0.19128987193107605,-0.07542622834444046,0.410597026348114,-0.5488256216049194,-0.08812867850065231,0.45665645599365234,-0.9213053584098816,-0.10053011029958725,0.42169189453125,-1.2130588293075562,-0.10864643007516861,0.28925734758377075,-0.9502889513969421,0.0029368523973971605,0.32878145575523376,-1.2858612537384033,-0.07497318089008331,0.3235464096069336,-1.287094235420227,-0.13247577846050262,0.3181840777397156,-1.2722316980361938,-0.15898557007312775,0.15172603726387024,-0.9876667261123657,0.0034305795561522245,0.19159871339797974,-1.3440200090408325,-0.07612833380699158,0.1916428506374359,-1.3165618181228638,-0.12063505500555038,0.19946058094501495,-1.2915396690368652,-0.13337141275405884,0.014808098785579205,-0.9740164875984192,-0.014304935932159424,0.047498155385255814,-1.2965092658996582,-0.1013290137052536,0.056803226470947266,-1.2612254619598389,-0.11637794971466064,0.07150868326425552,-1.240805983543396,-0.10379747301340103,-0.13289783895015717,-0.9166808128356934,-0.039034754037857056,-0.09361837804317474,-1.2036932706832886,-0.10154984146356583,-0.06979787349700928,-1.1975243091583252,-0.09981350600719452,-0.04784419760107994,-1.1929153203964233,-0.0821157842874527,0.0,0.0,0.0,0.01719142124056816,0.03895056992769241,0.015204019844532013,0.043889760971069336,0.05791059136390686,0.023028284311294556,0.062385670840740204,0.0956721231341362,0.03139699250459671,0.033830344676971436,0.10809613019227982,0.03875717893242836,0.032931115478277206,0.01896948553621769,0.03301972523331642,0.03516834229230881,0.0401935912668705,0.06276065111160278,0.027372898533940315,0.24892334640026093,0.0728142112493515,0.04377065226435661,0.46987712383270264,0.06578634679317474,0.019124161452054977,0.003589603118598461,0.03321477398276329,0.020045205950737,0.0661899670958519,0.06978139281272888,0.03240165486931801,0.3481660783290863,0.06628049910068512,0.05420704185962677,0.5967563986778259,0.047536611557006836,0.020130814984440804,0.006517849396914244,0.03482581302523613,0.017994895577430725,0.09999044984579086,0.06631370633840561,0.034319255501031876,0.38957640528678894,0.04911944642663002,0.052941951900720596,0.6236313581466675,0.0440840981900692,0.03061324544250965,0.03098965995013714,0.03774074465036392,0.017553310841321945,0.04459827020764351,0.04620052129030228,0.02855203114449978,0.22968754172325134,0.040092092007398605,0.04756174609065056,0.4186086058616638,0.05371934175491333
adios,0.0,0.0,0.0,0.2609386742115021,-0.1582956165075302,-0.07715319842100143,0.466071754693985,-0.4900740087032318,-0.08377080410718918,0.5249534845352173,-0.8813415765762329,-0.08995407074689865,0.48566198348999023,-1.1797577142715454,-0.09296631813049316,0.3479439914226532,-0.9147350192070007,0.01930491253733635,0.39551034569740295,-1.2594808340072632,-0.05702982470393181,0.38004270195961,-1.2575825452804565,-0.1183687299489975,0.36721545457839966,-1.2120636701583862,-0.14780670404434204,0.20277759432792664,-0.9779322743415833,0.023107273504137993,0.2496531456708908,-1.3495097160339355,-0.05854208022356033,0.23744936287403107,-1.302405834197998,-0.11157222837209702,0.2383027970790863,-1.229479432106018,-0.12886092066764832,0.05600395053625107,-0.9859923124313354,0.008101372048258781,0.0916275829076767,-1.3095085620880127,-0.08557547628879547,0.09157273173332214,-1.2448822259902954,-0.1084228977560997,0.1012968048453331,-1.1757075786590576,-0.09859425574541092,-0.106565460562706,-0.9494906663894653,-0.01335837971419096,-0.06147751212120056,-1.2284557819366455,-0.08610789477825165,-0.04181516543030739,-1.1864484548568726,-0.09035677462816238,-0.01975708082318306,-1.1389117240905762,-0.0744452252984047,0.0,0.0,0.0,0.013581479899585247,0.04679136350750923,0.015601316466927528,0.04534853994846344,0.03579344600439072,0.02445721998810768,0.06924238055944443,0.053231846541166306,0.03316133841872215,0.044566113501787186,0.06364233791828156,0.040754783898591995,0.045749127864837646,0.0137196509167552,0.03460652753710747,0.04743201658129692,0.04970572888851166,0.06913093477487564,0.02070937119424343,0.24226510524749756,0.07946415990591049,0.03687001019716263,0.4661334455013275,0.07195805013179779,0.028367280960083008,0.005863856989890337,0.03400702029466629,0.026325618848204613,0.06187598779797554,0.07908442616462708,0.023328635841608047,0.33066025376319885,0.07487383484840393,0.052401307970285416,0.5878533720970154,0.0507500059902668,0.01459299586713314,0.010534199886023998,0.03569944575428963,0.014200123958289623,0.09845749288797379,0.07626549154520035,0.03149598836898804,0.3817746341228485,0.05396101996302605,0.05469856038689613,0.6190942525863647,0.034372735768556595,0.013119430281221867,0.03468497097492218,0.03826463222503662,0.013843147084116936,0.06043750420212746,0.055500369518995285,0.025390680879354477,0.26129528880119324,0.03908844292163849,0.046500787138938904,0.45460474491119385,0.03768960386514664
adios,0.0,0.0,0.0,0.2660229206085205,-0.1473044902086258,-0.07878999412059784,0.47773927450180054,-0.48043036460876465,-0.08610723167657852,0.5362110137939453,-0.8744572401046753,-0.09408188611268997,0.509613573551178,-1.1876566410064697,-0.09900035709142685,0.355032742023468,-0.9122284650802612,0.01634122058749199,0.40104690194129944,-1.2630072832107544,-0.06521560996770859,0.390421599149704,-1.255591630935669,-0.1280452162027359,0.3790681064128876,-1.2046096324920654,-0.15609844028949738,0.20584626495838165,-0.9778445363044739,0.01980036124587059,0.2545974850654602,-1.343591332435608,-0.06802348792552948,0.2436101734638214,-1.2849005460739136,-0.12253198772668839,0.24161913990974426,-1.2087807655334473,-0.13869895040988922,0.056150883436203,-0.9908916354179382,0.0038473918102681637,0.09778482466936111,-1.3164150714874268,-0.09619962424039841,0.09974481165409088,-1.2402681112289429,-0.12030716240406036,0.10656297206878662,-1.1655056476593018,-0.1085735335946083,-0.10883370786905289,-0.961733341217041,-0.01844453439116478,-0.05752914398908615,-1.2659920454025269,-0.09302866458892822,-0.0328572653234005,-1.2298805713653564,-0.0969744473695755,-0.011959133669734001,-1.1803451776504517,-0.07950452715158463,0.0,0.0,0.0,0.014343848451972008,0.03732125461101532,0.013796244747936726,0.03836597502231598,0.048672568053007126,0.01917162723839283,0.04945880547165871,0.09190821647644043,0.025654958561062813,0.0364844873547554,0.12580077350139618,0.03253232687711716,0.03532322123646736,0.010776346549391747,0.026852020993828773,0.03446919098496437,0.04014734923839569,0.05321599543094635,0.015357790514826775,0.24271440505981445,0.06478575617074966,0.037424616515636444,0.469719260931015,0.05783061310648918,0.01698787696659565,0.00385078601539135,0.027419675141572952,0.01655558869242668,0.07230817526578903,0.06207095831632614,0.025595784187316895,0.3606739938259125,0.0582590214908123,0.05609683692455292,0.6178475022315979,0.03668410703539848,0.00987049750983715,0.010368043556809425,0.030267274007201195,0.009158779866993427,0.09269271045923233,0.0640014111995697,0.03403325378894806,0.3920818269252777,0.04288594052195549,0.059874027967453,0.6397436857223511,0.03241752088069916,0.0245065800845623,0.040040161460638046,0.03507455065846443,0.01802145503461361,0.05035322159528732,0.046776577830314636,0.03139656409621239,0.2329985350370407,0.035815879702568054,0.05424613878130913,0.4312058687210083,0.045281123369932175
adios,0.0,0.0,0.0,0.25518718361854553,-0.14087387919425964,-0.0891803577542305,0.47500714659690857,-0.4586533010005951,-0.10721023380756378,0.5454096794128418,-0.8500546216964722,-0.12110086530447006,0.4965100884437561,-1.148767352104187,-0.1309259533882141,0.3517897427082062,-0.9140037298202515,-0.01244752760976553,0.40476760268211365,-1.2658189535140991,-0.09631188213825226,0.38937610387802124,-1.254596471786499,-0.15848220884799957,0.379756361246109,-1.214335560798645,-0.18829718232154846,0.20595130324363708,-0.9774138331413269,-0.005240047816187143,0.25102221965789795,-1.3552569150924683,-0.09574975073337555,0.23730869591236115,-1.3083080053329468,-0.14861948788166046,0.23759230971336365,-1.2492700815200806,-0.16592106223106384,0.0612640380859375,-0.9820688366889954,-0.01595056988298893,0.09456703066825867,-1.3192445039749146,-0.11493265628814697,0.09450377523899078,-1.257529377937317,-0.1347384750843048,0.10437341034412384,-1.201590895652771,-0.12384210526943207,-0.09730556607246399,-0.9415946006774902,-0.03381814807653427,-0.05409044027328491,-1.2169852256774902,-0.11118882894515991,-0.03612057864665985,-1.1730220317840576,-0.116157665848732,-0.015252826735377312,-1.137657642364502,-0.10100649297237396,0.0,0.0,0.0,0.019253991544246674,0.04170238971710205,0.017201503738760948,0.04891593009233475,0.05235598608851433,0.02403259463608265,0.06532188504934311,0.0994749590754509,0.028287768363952637,0.0493072085082531,0.12327899783849716,0.032292671501636505,0.04349566251039505,0.009536780416965485,0.04026401787996292,0.04055739566683769,0.037980757653713226,0.06833516061306,0.020861757919192314,0.2574317157268524,0.07446637749671936,0.05422646179795265,0.4802513122558594,0.0665215402841568,0.024618614464998245,0.005286380182951689,0.03980797529220581,0.022135062143206596,0.05711052566766739,0.07817793637514114,0.026434296742081642,0.35086894035339355,0.07080243527889252,0.05488414317369461,0.6051955819129944,0.04885803908109665,0.014058073982596397,0.011356492526829243,0.040594227612018585,0.011255421675741673,0.07805699855089188,0.07474200427532196,0.030797947198152542,0.38208359479904175,0.05167068913578987,0.052506957203149796,0.6218822002410889,0.04689694568514824,0.02040546014904976,0.03845159709453583,0.04261045157909393,0.013313033618032932,0.04895216226577759,0.05712162330746651,0.029254546388983727,0.26388806104660034,0.04640987142920494,0.050237033516168594,0.45877447724342346,0.054312627762556076
adios,0.0,0.0,0.0,0.27440088987350464,-0.12117680162191391,-0.08754201233386993,0.512332022190094,-0.43910130858421326,-0.10309319198131561,0.5950002670288086,-0.8458917737007141,-0.11368074268102646,0.5415185689926147,-1.1513603925704956,-0.12207458913326263,0.3895247280597687,-0.8926838040351868,-0.015379847958683968,0.43195533752441406,-1.266527533531189,-0.09594043344259262,0.3997038006782532,-1.2874646186828613,-0.15942181646823883,0.37741178274154663,-1.2591840028762817,-0.1921548992395401,0.23563000559806824,-0.9690457582473755,-0.007316239178180695,0.2744690775871277,-1.3750344514846802,-0.09603533893823624,0.24355585873126984,-1.361858606338501,-0.15503087639808655,0.230226069688797,-1.3110235929489136,-0.1778976321220398,0.08494257926940918,-0.9844975471496582,-0.015551378019154072,0.10525371879339218,-1.3443769216537476,-0.11036767810583115,0.09102044254541397,-1.3219468593597412,-0.13811059296131134,0.09240680932998657,-1.2829080820083618,-0.13503015041351318,-0.07778403908014297,-0.9542473554611206,-0.030421122908592224,-0.04914436489343643,-1.2466503381729126,-0.10717705637216568,-0.043486110866069794,-1.229704737663269,-0.119001604616642,-0.025384586304426193,-1.2101426124572754,-0.11027251183986664,0.0,0.0,0.0,0.023615796118974686,0.06749171763658524,0.016033519059419632,0.06291405111551285,0.0522984154522419,0.01921573467552662,0.0870479941368103,0.0469830222427845,0.022732650861144066,0.06882645189762115,0.054855186492204666,0.028086544945836067,0.059401851147413254,0.03030206449329853,0.05033653974533081,0.061994098126888275,0.08500537276268005,0.06612011045217514,0.01951715536415577,0.30210360884666443,0.06715982407331467,0.03471284732222557,0.5286630392074585,0.06079927086830139,0.04687841609120369,0.010531120002269745,0.05537864565849304,0.05064284801483154,0.07840942591428757,0.07854590564966202,0.017086541280150414,0.36396801471710205,0.07227350771427155,0.036668870598077774,0.6205634474754333,0.05857964977622032,0.038782116025686264,0.02106703445315361,0.05854704603552818,0.03816467523574829,0.08147446066141129,0.07674449682235718,0.021558057516813278,0.38469359278678894,0.06399773061275482,0.03071974217891693,0.6282057762145996,0.06846587359905243,0.032408248633146286,0.055490922182798386,0.06190170347690582,0.0365283340215683,0.050176456570625305,0.0706033706665039,0.02718004211783409,0.27854207158088684,0.07030519843101501,0.030685734003782272,0.483128160238266,0.08102841675281525
adios,0.0,0.0,0.0,0.2602020800113678,-0.156398206949234,-0.08732549846172333,0.47755032777786255,-0.4742932915687561,-0.1041855588555336,0.5463733077049255,-0.8703731298446655,-0.11752799898386002,0.5000138878822327,-1.173418641090393,-0.12670080363750458,0.3542892038822174,-0.9138057827949524,-0.0033762298990041018,0.39143821597099304,-1.2691190242767334,-0.08290471881628036,0.36566948890686035,-1.2562134265899658,-0.1439652144908905,0.34958615899086,-1.2114675045013428,-0.17323526740074158,0.20699140429496765,-0.9771815538406372,0.005895738489925861,0.23849277198314667,-1.3394438028335571,-0.07915391772985458,0.21934306621551514,-1.2860972881317139,-0.13032259047031403,0.21661309897899628,-1.2250194549560547,-0.14696843922138214,0.06452612578868866,-0.9856468439102173,-0.0029551242478191853,0.08434464037418365,-1.3138638734817505,-0.09470441937446594,0.08035485446453094,-1.2460711002349854,-0.11221673339605331,0.08905832469463348,-1.1844613552093506,-0.10082986205816269,-0.08904340118169785,-0.9481126666069031,-0.01923495903611183,-0.060293059796094894,-1.227843999862671,-0.08934760093688965,-0.04901731759309769,-1.1811001300811768,-0.09124873578548431,-0.030292507261037827,-1.139690637588501,-0.07433245331048965,0.0,0.0,0.0,0.02078426070511341,0.027806958183646202,0.013447572477161884,0.05420946329832077,0.044148702174425125,0.021163631230592728,0.07125332951545715,0.09322569519281387,0.028239648789167404,0.03960680961608887,0.11231083422899246,0.033850327134132385,0.042487192898988724,0.013478167355060577,0.04114608094096184,0.03524398431181908,0.03437841683626175,0.07371946424245834,0.02472180686891079,0.2455965131521225,0.08210716396570206,0.05460800230503082,0.4677151143550873,0.07479940354824066,0.02307353913784027,0.005300277378410101,0.04093523696064949,0.018667133525013924,0.06323731690645218,0.08379798382520676,0.04413196071982384,0.3520052134990692,0.07978729903697968,0.07306063920259476,0.5973725318908691,0.0596027635037899,0.013937657698988914,0.009998727589845657,0.04161974787712097,0.022283116355538368,0.08206553012132645,0.07702331244945526,0.045796215534210205,0.37225088477134705,0.058658234775066376,0.06509660929441452,0.6036038398742676,0.04884595051407814,0.015634818002581596,0.03601021692156792,0.04303779825568199,0.018509354442358017,0.04366613179445267,0.057875823229551315,0.032934192568063736,0.2488531470298767,0.05047037824988365,0.049244631081819534,0.44136327505111694,0.055746834725141525
adios,0.0,0.0,0.0,0.2622295618057251,-0.15927211940288544,-0.08843199163675308,0.4731501042842865,-0.48612523078918457,-0.10352987051010132,0.5391597747802734,-0.8834704160690308,-0.11463527381420135,0.5003865957260132,-1.1925694942474365,-0.12135239690542221,0.3536926507949829,-0.9126059412956238,-0.0011783191002905369,0.3985070586204529,-1.2574527263641357,-0.08209878206253052,0.3735142648220062,-1.258034348487854,-0.1440470814704895,0.35663360357284546,-1.2384620904922485,-0.17390768229961395,0.20951128005981445,-0.9765803217887878,0.008201735094189644,0.24765002727508545,-1.3408315181732178,-0.07720897346735,0.23228105902671814,-1.3208739757537842,-0.13048072159290314,0.2302071750164032,-1.2908082008361816,-0.14903901517391205,0.06934232264757156,-0.9833036661148071,-0.001209736685268581,0.09260401129722595,-1.3119831085205078,-0.09212210029363632,0.09254308044910431,-1.2814401388168335,-0.11327624320983887,0.10375867784023285,-1.2563245296478271,-0.10511282831430435,-0.08240554481744766,-0.9438607096672058,-0.01827157661318779,-0.04883483797311783,-1.2193872928619385,-0.08638583868741989,-0.0342324897646904,-1.2011196613311768,-0.0910523384809494,-0.01281517930328846,-1.1911460161209106,-0.07728811353445053,0.0,0.0,0.0,0.01659305952489376,0.031001873314380646,0.017224395647644997,0.048997245728969574,0.044665269553661346,0.02776240184903145,0.07105695456266403,0.09104213863611221,0.036051440984010696,0.03500276803970337,0.10798121243715286,0.04169969633221626,0.03687639534473419,0.012040045112371445,0.04583391174674034,0.029428422451019287,0.044524263590574265,0.07508550584316254,0.02666863054037094,0.27973565459251404,0.08003071695566177,0.06325532495975494,0.49542179703712463,0.07138347625732422,0.020597001537680626,0.005006212275475264,0.04334971308708191,0.015508539043366909,0.07526248693466187,0.08214963227510452,0.047137413173913956,0.3732620179653168,0.07334116846323013,0.08006232231855392,0.6138765215873718,0.050384994596242905,0.014498247765004635,0.009654277004301548,0.04162941873073578,0.02296125516295433,0.09572231024503708,0.07411230355501175,0.04864427447319031,0.3943884074687958,0.05085587128996849,0.07145127654075623,0.6227880716323853,0.04032519459724426,0.016294565051794052,0.03680286929011345,0.040896784514188766,0.020358528941869736,0.0458606518805027,0.0536217987537384,0.039145492017269135,0.25569114089012146,0.045544516295194626,0.06013045087456703,0.44757333397865295,0.05359233170747757
adios,0.0,0.0,0.0,0.2584104537963867,-0.1796267032623291,-0.0834161713719368,0.46319833397865295,-0.5175805687904358,-0.09986235201358795,0.5240002870559692,-0.9169175028800964,-0.11301050335168839,0.4854968190193176,-1.226991891860962,-0.12269438803195953,0.34451690316200256,-0.9203058481216431,-0.004323423840105534,0.3804324269294739,-1.260835886001587,-0.08411729335784912,0.35355931520462036,-1.2704976797103882,-0.1461019217967987,0.3369200825691223,-1.2605535984039307,-0.1772511750459671,0.19882048666477203,-0.9784943461418152,0.0017407957930117846,0.23058441281318665,-1.3399779796600342,-0.07922889292240143,0.21440985798835754,-1.331098198890686,-0.12992464005947113,0.2149101197719574,-1.3185120820999146,-0.14917361736297607,0.056708574295043945,-0.9760574102401733,-0.009966792538762093,0.07329721748828888,-1.310738444328308,-0.09574709832668304,0.07121806591749191,-1.2922340631484985,-0.11397312581539154,0.08302630484104156,-1.2810002565383911,-0.10660313069820404,-0.09601243585348129,-0.9230664968490601,-0.029011636972427368,-0.0728914737701416,-1.2023975849151611,-0.09302970767021179,-0.060163550078868866,-1.1942269802093506,-0.09499962627887726,-0.03971639648079872,-1.1935216188430786,-0.0809997171163559,0.0,0.0,0.0,0.02635957859456539,0.031942084431648254,0.013355626724660397,0.05677739903330803,0.04752352833747864,0.020074160769581795,0.08035238087177277,0.09115350246429443,0.02629292570054531,0.046251699328422546,0.11374599486589432,0.03205069527029991,0.0441051684319973,0.015502610243856907,0.04561125859618187,0.038188956677913666,0.0549754798412323,0.07006745785474777,0.01635110378265381,0.26455169916152954,0.07535703480243683,0.046333521604537964,0.479032039642334,0.06830252707004547,0.025507915765047073,0.005687721073627472,0.04830308258533478,0.015537824481725693,0.07680182158946991,0.07949336618185043,0.03628075122833252,0.3687587082386017,0.07336893677711487,0.06301714479923248,0.6160334944725037,0.05612081661820412,0.012534732930362225,0.010990709066390991,0.0505044162273407,0.011871686205267906,0.09131123125553131,0.0745256170630455,0.032310791313648224,0.3836187720298767,0.05970832332968712,0.04909922182559967,0.6159400939941406,0.059747397899627686,0.012210838496685028,0.03437568619847298,0.053407810628414154,0.012751598842442036,0.03933097422122955,0.0634537935256958,0.02244662493467331,0.2550526261329651,0.06303848326206207,0.03543448448181152,0.44635993242263794,0.07416561245918274
adios,0.0,0.0,0.0,0.24856892228126526,-0.1796775460243225,-0.08808399736881256,0.44567352533340454,-0.5344856381416321,-0.10364852100610733,0.5031556487083435,-0.9329158067703247,-0.11497125774621964,0.4600183367729187,-1.2282078266143799,-0.12092535197734833,0.32572856545448303,-0.9282293319702148,-0.004689624533057213,0.36408182978630066,-1.2385879755020142,-0.08673841506242752,0.33441463112831116,-1.2034485340118408,-0.14747007191181183,0.311440646648407,-1.1545298099517822,-0.17514191567897797,0.18349970877170563,-0.9815070033073425,0.006185960024595261,0.2149016559123993,-1.2938168048858643,-0.08031801879405975,0.19646981358528137,-1.223345398902893,-0.12821097671985626,0.1917111575603485,-1.1540188789367676,-0.14111275970935822,0.046261295676231384,-0.982456386089325,-0.001971539808437228,0.06557248532772064,-1.2565521001815796,-0.09359660744667053,0.06420160830020905,-1.1808316707611084,-0.11013449728488922,0.07269192487001419,-1.1184312105178833,-0.09691481292247772,-0.09950394928455353,-0.9390352964401245,-0.01777382381260395,-0.07003279775381088,-1.1794507503509521,-0.0840880498290062,-0.058248262852430344,-1.1281366348266602,-0.08513682335615158,-0.04150240868330002,-1.0898232460021973,-0.06756173074245453,0.0,0.0,0.0,0.017784681171178818,0.04394921660423279,0.024676255881786346,0.045781150460243225,0.057434145361185074,0.03782791644334793,0.05813945084810257,0.09144970029592514,0.04659759998321533,0.02862362377345562,0.0946250930428505,0.053668711334466934,0.02733813226222992,0.020555512979626656,0.055898405611515045,0.030103225260972977,0.05109638348221779,0.09239707887172699,0.03331205993890762,0.27106544375419617,0.0986102744936943,0.061331916600465775,0.4783651828765869,0.08897777646780014,0.018331581726670265,0.004073787946254015,0.050802409648895264,0.024087337777018547,0.1003250703215599,0.09731501340866089,0.04954998567700386,0.3871642053127289,0.08757157623767853,0.07356635481119156,0.6206247210502625,0.06240219622850418,0.02112865447998047,0.008392215706408024,0.04841840639710426,0.03213927522301674,0.1395246982574463,0.08653779327869415,0.05115922540426254,0.42004650831222534,0.06307920813560486,0.06746917217969894,0.6348182559013367,0.04588976874947548,0.023676972836256027,0.027499187737703323,0.04808583855628967,0.02573280967772007,0.08473037928342819,0.06293509900569916,0.04082983359694481,0.28431373834609985,0.05082814022898674,0.05724494531750679,0.45698869228363037,0.05145428329706192
adios,0.0,0.0,0.0,0.2641122043132782,-0.13804593682289124,-0.09397201985120773,0.49624189734458923,-0.471574604511261,-0.11276610940694809,0.5756934881210327,-0.8852200508117676,-0.12473732233047485,0.5125499963760376,-1.183544397354126,-0.13094227015972137,0.36973029375076294,-0.9086112976074219,-0.015436370857059956,0.40834182500839233,-1.2322832345962524,-0.0991424173116684,0.3688667416572571,-1.169684886932373,-0.1594659984111786,0.34393543004989624,-1.099861979484558,-0.18671095371246338,0.21808043122291565,-0.9743269085884094,-0.0018858795519918203,0.2494853287935257,-1.3182494640350342,-0.09302814304828644,0.22212091088294983,-1.214856743812561,-0.14114555716514587,0.21279454231262207,-1.1234405040740967,-0.15272818505764008,0.071754589676857,-0.9849551916122437,-0.00627515185624361,0.0871569812297821,-1.2841460704803467,-0.10306911170482635,0.07862124592065811,-1.1685909032821655,-0.1147870272397995,0.08257890492677689,-1.079773187637329,-0.09696898609399796,-0.08380541205406189,-0.953618049621582,-0.018125910311937332,-0.056744325906038284,-1.208385944366455,-0.0889817625284195,-0.049609825015068054,-1.1247459650039673,-0.0867660790681839,-0.03398533910512924,-1.060711145401001,-0.06563371419906616,0.0,0.0,0.0,0.018643807619810104,0.03644520789384842,0.020075375214219093,0.051233138889074326,0.03692220523953438,0.03014342300593853,0.07098106294870377,0.08705687522888184,0.036729954183101654,0.03303070366382599,0.09345468878746033,0.0409790463745594,0.0381295382976532,0.01604505628347397,0.051376089453697205,0.03212830051779747,0.05218750238418579,0.08813633769750595,0.02445332519710064,0.27192971110343933,0.09550584852695465,0.05423193797469139,0.4803403317928314,0.08742882311344147,0.026273155584931374,0.006229847203940153,0.04894242435693741,0.018804892897605896,0.07005099207162857,0.0991039052605629,0.03671766445040703,0.35783371329307556,0.09406450390815735,0.0616789236664772,0.5938196182250977,0.07191280275583267,0.023951290175318718,0.009488585405051708,0.047659698873758316,0.023856382817029953,0.09390424937009811,0.0884467288851738,0.03825227916240692,0.38543105125427246,0.06788541376590729,0.05494163930416107,0.6049532294273376,0.05345972999930382,0.024295810610055923,0.032910123467445374,0.04735724255442619,0.022163571789860725,0.05505409464240074,0.0657423809170723,0.030607080087065697,0.26568371057510376,0.056009870022535324,0.045441288501024246,0.4478720426559448,0.05638696625828743
adios,0.0,0.0,0.0,0.2650005519390106,-0.1509762704372406,-0.08827608823776245,0.4871591031551361,-0.488574355840683,-0.10357467830181122,0.5648139715194702,-0.9015088081359863,-0.11499202251434326,0.5227723121643066,-1.2196648120880127,-0.12085776031017303,0.36622655391693115,-0.9046972990036011,-0.0012132127303630114,0.41410309076309204,-1.2325432300567627,-0.08605438470840454,0.37927085161209106,-1.1721524000167847,-0.14820684492588043,0.3538898825645447,-1.0939422845840454,-0.17663972079753876,0.21823367476463318,-0.9740184545516968,0.008302159607410431,0.26150840520858765,-1.32990562915802,-0.08531882613897324,0.2349051535129547,-1.2242140769958496,-0.13606330752372742,0.22415228188037872,-1.1179146766662598,-0.1486918032169342,0.07078661024570465,-0.9892574548721313,-0.0009963411139324307,0.10191893577575684,-1.3015154600143433,-0.1009705439209938,0.09474646300077438,-1.1837108135223389,-0.11446765810251236,0.09706167876720428,-1.0857709646224976,-0.09686895459890366,-0.08974960446357727,-0.9596139788627625,-0.01740594580769539,-0.04730311036109924,-1.2094250917434692,-0.0918683335185051,-0.0334397591650486,-1.1240054368972778,-0.09172461926937103,-0.017076833173632622,-1.0570622682571411,-0.07167235016822815,0.0,0.0,0.0,0.017708532512187958,0.03873065486550331,0.02081446908414364,0.04888027906417847,0.03556070849299431,0.03566497936844826,0.06949581950902939,0.06638513505458832,0.047564342617988586,0.04278973117470741,0.0845213234424591,0.05736919492483139,0.041228968650102615,0.0170839074999094,0.056733012199401855,0.04514505714178085,0.051523759961128235,0.09560682624578476,0.02121015079319477,0.2548607289791107,0.10375695675611496,0.04811950773000717,0.45611444115638733,0.09622929245233536,0.024310851469635963,0.006161614786833525,0.05444592237472534,0.025713615119457245,0.07303344458341599,0.10481669008731842,0.028961529955267906,0.335543155670166,0.09763915836811066,0.05518638715147972,0.5639945864677429,0.07340437173843384,0.017784876748919487,0.009945056401193142,0.053301651030778885,0.02046508714556694,0.10436615347862244,0.0954652950167656,0.03518039733171463,0.3846002519130707,0.06933636218309402,0.05359969288110733,0.6007674932479858,0.04742559418082237,0.019950218498706818,0.03123336099088192,0.0530850850045681,0.019231921061873436,0.0758478119969368,0.0726161003112793,0.031864434480667114,0.2875148355960846,0.05782472714781761,0.049218520522117615,0.4629100263118744,0.05248961225152016
adios,0.0,0.0,0.0,-0.2699824273586273,-0.24989059567451477,-0.03917621076107025,-0.421883761882782,-0.6444485783576965,-0.042307931929826736,-0.45462244749069214,-1.030286431312561,-0.057002484798431396,-0.4447799324989319,-1.3251756429672241,-0.06539460271596909,-0.28340229392051697,-0.9418368339538574,0.07914863526821136,-0.31545501947402954,-1.2795615196228027,0.013327834196388721,-0.3330956995487213,-1.3083168268203735,-0.048723768442869186,-0.3466349244117737,-1.31462824344635,-0.08588092029094696,-0.14359211921691895,-0.9873365163803101,0.058127813041210175,-0.18454314768314362,-1.3462309837341309,-0.009231418371200562,-0.2109496295452118,-1.3567149639129639,-0.0646534189581871,-0.23377466201782227,-1.3534454107284546,-0.08953239023685455,-0.0037136960308998823,-0.9794405698776245,0.018490755930542946,-0.05191703513264656,-1.3203779458999634,-0.05593723803758621,-0.08731608092784882,-1.3114813566207886,-0.07375998795032501,-0.11758031696081161,-1.2854077816009521,-0.06764354556798935,0.15054382383823395,-0.9257972836494446,-0.027238920331001282,0.09132492542266846,-1.2087668180465698,-0.08141745626926422,0.042613737285137177,-1.210249662399292,-0.07821418344974518,4.939585778629407e-05,-1.1865626573562622,-0.0628509521484375,0.0,0.0,0.0,0.013376771472394466,0.02476833388209343,0.008107367902994156,0.03260229155421257,0.029933881014585495,0.013988965190947056,0.04681611433625221,0.03276723250746727,0.026045748963952065,0.04396358132362366,0.048374295234680176,0.03733810409903526,0.02958086133003235,0.029833270236849785,0.0254213809967041,0.036632902920246124,0.04504512622952461,0.038878414779901505,0.049119673669338226,0.23626604676246643,0.049558378756046295,0.06470926105976105,0.45727306604385376,0.04658542200922966,0.024437956511974335,0.004797295667231083,0.023421315476298332,0.02911500632762909,0.0753563940525055,0.04802623763680458,0.04383780434727669,0.3292267322540283,0.05133445933461189,0.061974816024303436,0.5795583128929138,0.038060471415519714,0.025661282241344452,0.01148892566561699,0.022430893033742905,0.0255461186170578,0.10275755822658539,0.046482741832733154,0.039677198976278305,0.3681212067604065,0.029671940952539444,0.05920037627220154,0.6014887094497681,0.020402012392878532,0.029057836160063744,0.018099846318364143,0.024571169167757034,0.023607095703482628,0.08339127153158188,0.03382764384150505,0.03130602836608887,0.2819031774997711,0.02030656673014164,0.05375145748257637,0.47261083126068115,0.02559375762939453
adios,0.0,0.0,0.0,-0.2546069025993347,-0.27313122153282166,-0.03511525318026543,-0.39154866337776184,-0.6780725121498108,-0.0376117080450058,-0.4088737368583679,-1.0667872428894043,-0.0532735213637352,-0.36692482233047485,-1.3440004587173462,-0.06182229518890381,-0.2435971200466156,-0.9678871035575867,0.08432157337665558,-0.2682461440563202,-1.2994016408920288,0.01448782254010439,-0.28256475925445557,-1.2750024795532227,-0.04637610539793968,-0.28994423151016235,-1.2423571348190308,-0.08111969381570816,-0.10416022688150406,-0.9922544360160828,0.06120794266462326,-0.14099392294883728,-1.3372763395309448,-0.015461434610188007,-0.16229376196861267,-1.2842321395874023,-0.0685664564371109,-0.1770411729812622,-1.2401578426361084,-0.08712030947208405,0.03396458178758621,-0.9649249911308289,0.01938416063785553,-0.010157864540815353,-1.2846825122833252,-0.06582652032375336,-0.04419291391968727,-1.2150323390960693,-0.07816050946712494,-0.07219693064689636,-1.154233694076538,-0.06343921273946762,0.18327075242996216,-0.8893364667892456,-0.027656307443976402,0.1290806084871292,-1.1584720611572266,-0.08851297199726105,0.08074647933244705,-1.1152381896972656,-0.0809439867734909,0.04101422801613808,-1.0666558742523193,-0.05931456759572029,0.0,0.0,0.0,0.013304561376571655,0.02334117516875267,0.011989655904471874,0.030442941933870316,0.012571131810545921,0.016386274248361588,0.03944375738501549,0.03345721215009689,0.02427312731742859,0.024666644632816315,0.039014652371406555,0.03203771263360977,0.02209579572081566,0.032284971326589584,0.022414790466427803,0.02768288366496563,0.039624858647584915,0.04493527114391327,0.02998064085841179,0.2385413646697998,0.05271906033158302,0.035216379910707474,0.46875205636024475,0.04577609524130821,0.020122086629271507,0.0032347736414521933,0.02048829384148121,0.02216942608356476,0.06040819361805916,0.05903845280408859,0.025395337492227554,0.3432244062423706,0.05773705244064331,0.03513037785887718,0.602054238319397,0.03644382581114769,0.02433481439948082,0.013954121619462967,0.02226882614195347,0.015688719227910042,0.09767372161149979,0.059233419597148895,0.02112438715994358,0.3923000991344452,0.03647390007972717,0.03309382498264313,0.6343375444412231,0.01920175552368164,0.027881573885679245,0.022585885599255562,0.02626708149909973,0.009476752951741219,0.08413181453943253,0.0432707816362381,0.013569904491305351,0.3055422306060791,0.02528110332787037,0.027905002236366272,0.5043221712112427,0.023749541491270065
adios,0.0,0.0,0.0,-0.25291699171066284,-0.27841395139694214,-0.03546322137117386,-0.3849557638168335,-0.6964696645736694,-0.03810662403702736,-0.39409270882606506,-1.0905826091766357,-0.05354688689112663,-0.3499225080013275,-1.3711254596710205,-0.062097273766994476,-0.22718997299671173,-0.9750006794929504,0.07977931946516037,-0.24878601729869843,-1.305726408958435,0.008604288101196289,-0.27115094661712646,-1.2832000255584717,-0.05237892270088196,-0.28420141339302063,-1.245046854019165,-0.08670034259557724,-0.08713365346193314,-0.9941433668136597,0.056479789316654205,-0.12180393934249878,-1.3402554988861084,-0.020642850548028946,-0.15176701545715332,-1.2970271110534668,-0.07354602217674255,-0.17147204279899597,-1.2528812885284424,-0.09209147095680237,0.051290787756443024,-0.9615157842636108,0.014493629336357117,0.006296063307672739,-1.2776730060577393,-0.07107244431972504,-0.0348505973815918,-1.2144519090652466,-0.08469359576702118,-0.0670909434556961,-1.1571993827819824,-0.07112977653741837,0.2013714611530304,-0.8799756765365601,-0.032608844339847565,0.14715345203876495,-1.148734450340271,-0.09429185837507248,0.09451703727245331,-1.1065224409103394,-0.08774411678314209,0.05103912949562073,-1.0568097829818726,-0.06697376072406769,0.0,0.0,0.0,0.00934517476707697,0.02599945478141308,0.010773892514407635,0.03106718510389328,0.019965695217251778,0.017726358026266098,0.04023047164082527,0.03771766647696495,0.02870093658566475,0.02050425484776497,0.046942226588726044,0.03852664306759834,0.021088333800435066,0.03393520414829254,0.02202724665403366,0.028363997116684914,0.051369957625865936,0.048003409057855606,0.031244823709130287,0.23317593336105347,0.057863954454660416,0.03811056539416313,0.456379771232605,0.05263381823897362,0.02006029151380062,0.0030666568782180548,0.022021614015102386,0.027260124683380127,0.06491230428218842,0.062370821833610535,0.027478480711579323,0.33660924434661865,0.06269244104623795,0.036592189222574234,0.5954591631889343,0.042508408427238464,0.025548947975039482,0.013699105940759182,0.024912478402256966,0.024154193699359894,0.09922405332326889,0.061237484216690063,0.026028458029031754,0.38832157850265503,0.039309196174144745,0.03956262767314911,0.6300946474075317,0.01804959774017334,0.030923428013920784,0.021516408771276474,0.02920672483742237,0.020045451819896698,0.07853413373231888,0.045511048287153244,0.0202364232391119,0.2985651195049286,0.027905039489269257,0.032681211829185486,0.4983874559402466,0.0238355565816164
adios,0.0,0.0,0.0,-0.24877123534679413,-0.2833082675933838,-0.03580211102962494,-0.3802258372306824,-0.6893137097358704,-0.03829342499375343,-0.39713022112846375,-1.0733245611190796,-0.052769966423511505,-0.36561617255210876,-1.3555457592010498,-0.0599641315639019,-0.2372727394104004,-0.9735039472579956,0.0804831013083458,-0.2592971920967102,-1.3064714670181274,0.012362716719508171,-0.2777045965194702,-1.2916018962860107,-0.04644867405295372,-0.2879963219165802,-1.2659975290298462,-0.07968567311763763,-0.09446295350790024,-0.9929521679878235,0.05841318517923355,-0.1266043782234192,-1.3309271335601807,-0.01576877571642399,-0.15140923857688904,-1.2882601022720337,-0.0670565739274025,-0.16929173469543457,-1.2512423992156982,-0.08544039726257324,0.044494640082120895,-0.961401104927063,0.017764633521437645,0.005626634694635868,-1.266524314880371,-0.06480292975902557,-0.027891850098967552,-1.211545705795288,-0.07732777297496796,-0.052995115518569946,-1.161938190460205,-0.06423494219779968,0.19381237030029297,-0.883374035358429,-0.028067806735634804,0.14488878846168518,-1.1468909978866577,-0.08679164946079254,0.10040885210037231,-1.1094257831573486,-0.07915127277374268,0.06654342263936996,-1.0657992362976074,-0.05827580764889717,0.0,0.0,0.0,0.009938294999301434,0.02832808531820774,0.012062261812388897,0.023693835362792015,0.040568891912698746,0.019264042377471924,0.030900726094841957,0.06090889126062393,0.029905710369348526,0.033461108803749084,0.06732608377933502,0.04029016196727753,0.0261160209774971,0.04016001522541046,0.02989533171057701,0.029966149479150772,0.04230313003063202,0.054787300527095795,0.03466326370835304,0.22977927327156067,0.06289041042327881,0.04338953271508217,0.45545440912246704,0.057257432490587234,0.02808743715286255,0.003467832924798131,0.03016044944524765,0.026882167905569077,0.07258977741003036,0.06754195690155029,0.03141333535313606,0.3484836518764496,0.06661400198936462,0.04270770773291588,0.603293240070343,0.04928705468773842,0.03321349248290062,0.0172503050416708,0.03240366652607918,0.022946197539567947,0.111494280397892,0.06694809347391129,0.024741068482398987,0.39827728271484375,0.04953901097178459,0.03455785661935806,0.6371001601219177,0.03598448634147644,0.035196978598833084,0.028033969923853874,0.0354582741856575,0.017810292541980743,0.08145347982645035,0.0533602274954319,0.018255753442645073,0.29874706268310547,0.042031433433294296,0.02638057991862297,0.4989449381828308,0.039604686200618744
adios,0.0,0.0,0.0,-0.244929239153862,-0.265808641910553,-0.05848057195544243,-0.4188222289085388,-0.6648935079574585,-0.07372675091028214,-0.47499924898147583,-1.0642465353012085,-0.09506309032440186,-0.4277311861515045,-1.3551609516143799,-0.1055431216955185,-0.28644412755966187,-0.9630643725395203,0.054501693695783615,-0.2930123805999756,-1.3042232990264893,-0.027840327471494675,-0.2609378695487976,-1.268608808517456,-0.094622403383255,-0.23510560393333435,-1.222124695777893,-0.1306900680065155,-0.13574844598770142,-0.9891209602355957,0.041739095002412796,-0.14579610526561737,-1.3440349102020264,-0.04596481844782829,-0.11997999250888824,-1.2671620845794678,-0.09969283640384674,-0.10945817083120346,-1.2040354013442993,-0.11619815975427628,0.007906710729002953,-0.9596800804138184,0.009393645450472832,-0.0009618334588594735,-1.2695494890213013,-0.08242309838533401,0.006145535968244076,-1.1789799928665161,-0.08717135339975357,0.0014096524100750685,-1.1078245639801025,-0.06528324633836746,0.15258148312568665,-0.8809560537338257,-0.029815414920449257,0.1362573802471161,-1.138005256652832,-0.08985050022602081,0.12308304011821747,-1.0783919095993042,-0.07571543753147125,0.1085643395781517,-1.026469111442566,-0.04873840883374214,0.0,0.0,0.0,0.008138885721564293,0.01980392262339592,0.009491313248872757,0.022282814607024193,0.028202835470438004,0.019297324120998383,0.03593010827898979,0.0442669503390789,0.031209809705615044,0.013175257481634617,0.04038367420434952,0.042000189423561096,0.013603347353637218,0.02312123402953148,0.03512177616357803,0.011246803216636181,0.03965337574481964,0.05610764026641846,0.011773082427680492,0.25581035017967224,0.06242261826992035,0.023382343351840973,0.47605279088020325,0.05784935504198074,0.011990594677627087,0.0034581294748932123,0.03625153377652168,0.01060683373361826,0.06857769936323166,0.07149618864059448,0.015204785391688347,0.3431369960308075,0.07139164954423904,0.0244388859719038,0.5951405763626099,0.05433701351284981,0.01891808584332466,0.011143133044242859,0.03755100071430206,0.016871733590960503,0.09840501844882965,0.07090005278587341,0.0168913621455431,0.3803302049636841,0.05483848229050636,0.016123812645673752,0.6146379709243774,0.042471084743738174,0.023208163678646088,0.017583617940545082,0.03969148173928261,0.022397227585315704,0.07332171499729156,0.05754724144935608,0.01772642694413662,0.27719399333000183,0.048591647297143936,0.015764005482196808,0.46575021743774414,0.04624594748020172
adios,0.0,0.0,0.0,-0.2357904016971588,-0.2498745173215866,-0.06464120000600815,-0.3996219038963318,-0.6362488269805908,-0.08535066246986389,-0.44990992546081543,-1.0264997482299805,-0.11022063344717026,-0.4125053882598877,-1.3183425664901733,-0.12427059561014175,-0.2752108573913574,-0.9594496488571167,0.0393955260515213,-0.29045531153678894,-1.282352089881897,-0.04221551865339279,-0.27150142192840576,-1.247672200202942,-0.10705085098743439,-0.2558192014694214,-1.208431601524353,-0.14271888136863708,-0.1286073625087738,-0.9906231164932251,0.029330456629395485,-0.14744268357753754,-1.3295615911483765,-0.05708923935890198,-0.13731154799461365,-1.2607535123825073,-0.10873941332101822,-0.13487938046455383,-1.2073460817337036,-0.1250503659248352,0.011474797502160072,-0.963223934173584,-0.00022140699729789048,-0.004683791194111109,-1.2558858394622803,-0.09199900925159454,-0.010013609193265438,-1.1748600006103516,-0.09925229847431183,-0.021230045706033707,-1.1121628284454346,-0.07980415225028992,0.15313062071800232,-0.8869270086288452,-0.03688224405050278,0.12908732891082764,-1.1361085176467896,-0.09853985905647278,0.10770273208618164,-1.0897163152694702,-0.08825512230396271,0.08752461522817612,-1.0489784479141235,-0.06433667987585068,0.0,0.0,0.0,0.00801142305135727,0.026131073012948036,0.012270933017134666,0.025847341865301132,0.041903648525476456,0.02153134159743786,0.03494950756430626,0.06944483518600464,0.0323905348777771,0.016874561086297035,0.07295595854520798,0.04059218987822533,0.01357097178697586,0.03229499235749245,0.030255217105150223,0.014629664830863476,0.03977430984377861,0.05654550716280937,0.03007405437529087,0.23443448543548584,0.06257954239845276,0.045093391090631485,0.45113468170166016,0.05512091889977455,0.01686289720237255,0.0029933264013379812,0.031180838122963905,0.018462616950273514,0.05944346636533737,0.07443550229072571,0.03312183544039726,0.3352445065975189,0.07245603948831558,0.04741869866847992,0.5884439945220947,0.05060267448425293,0.02558545023202896,0.013829425908625126,0.03314574807882309,0.026272185146808624,0.09981103241443634,0.07250253111124039,0.028756706044077873,0.3846038281917572,0.05407431349158287,0.03071211837232113,0.61865234375,0.03603992611169815,0.030628222972154617,0.02120678871870041,0.03558700531721115,0.02636430226266384,0.07334683835506439,0.05461942031979561,0.022074822336435318,0.2855846881866455,0.04293077811598778,0.023242279887199402,0.47522327303886414,0.03916488215327263
adios,0.0,0.0,0.0,-0.24119067192077637,-0.23697897791862488,-0.06321518123149872,-0.3946286141872406,-0.6225625276565552,-0.08171376585960388,-0.4334067702293396,-1.0081695318222046,-0.10472501814365387,-0.40786728262901306,-1.2982441186904907,-0.11846362054347992,-0.26827719807624817,-0.9541820287704468,0.031543832272291183,-0.29264622926712036,-1.2795697450637817,-0.04508516192436218,-0.2874380946159363,-1.2578212022781372,-0.10435501486063004,-0.28487715125083923,-1.2385011911392212,-0.13757184147834778,-0.12189535051584244,-0.9916110038757324,0.020289253443479538,-0.15008826553821564,-1.3234676122665405,-0.06261414289474487,-0.14999382197856903,-1.268075704574585,-0.1134607195854187,-0.1555047333240509,-1.2325547933578491,-0.13084480166435242,0.018987329676747322,-0.9716783761978149,-0.009365484118461609,-0.006069791503250599,-1.2637369632720947,-0.09966859221458435,-0.018670739606022835,-1.1934497356414795,-0.11077824980020523,-0.034087859094142914,-1.1384403705596924,-0.09552218019962311,0.16273942589759827,-0.9036961793899536,-0.045768119394779205,0.1335560381412506,-1.1580986976623535,-0.10935269296169281,0.10869083553552628,-1.1147645711898804,-0.10259731113910675,0.08731203526258469,-1.0697352886199951,-0.08163508027791977,0.0,0.0,0.0,0.0065194228664040565,0.017041504383087158,0.010756149888038635,0.024368982762098312,0.03755761310458183,0.018749594688415527,0.03655724599957466,0.06626046448945999,0.029412483796477318,0.015234342776238918,0.0740843117237091,0.03746546432375908,0.0213011521846056,0.021302998065948486,0.030687009915709496,0.017789557576179504,0.04453818500041962,0.050436120480298996,0.032463185489177704,0.27277871966362,0.0551300086081028,0.04971947520971298,0.4973946809768677,0.0491359569132328,0.020926767960190773,0.0034826521296054125,0.03142497316002846,0.018138624727725983,0.08168809860944748,0.06198747456073761,0.03166710212826729,0.36867210268974304,0.06041587516665459,0.04876900836825371,0.6193228363990784,0.04624668508768082,0.02279769629240036,0.010345086455345154,0.032518934458494186,0.01914038136601448,0.11406628787517548,0.058148615062236786,0.023122798651456833,0.39753827452659607,0.04492277279496193,0.029002908617258072,0.6351256966590881,0.045334748923778534,0.022749288007616997,0.01746523752808571,0.0350613072514534,0.01892324537038803,0.0635666698217392,0.044389788061380386,0.018552515655755997,0.2705039978027344,0.04122280701994896,0.022021671757102013,0.4644149839878082,0.05108850076794624
adios,0.0,0.0,0.0,-0.23296034336090088,-0.25515949726104736,-0.05344333499670029,-0.3699975609779358,-0.6503728628158569,-0.06946855783462524,-0.39578777551651,-1.028353214263916,-0.09246493875980377,-0.3686862289905548,-1.3097153902053833,-0.10632546991109848,-0.2401769608259201,-0.971640408039093,0.03755151107907295,-0.2644875943660736,-1.3162134885787964,-0.03966856747865677,-0.2720465660095215,-1.2853405475616455,-0.09800548851490021,-0.27669757604599,-1.255202054977417,-0.1298486888408661,-0.09674621373414993,-0.9944103956222534,0.021719317883253098,-0.12776592373847961,-1.3281798362731934,-0.05889685079455376,-0.14023181796073914,-1.273694634437561,-0.10628102719783783,-0.15136855840682983,-1.2442281246185303,-0.12212904542684555,0.040999628603458405,-0.9624127149581909,-0.012289687991142273,0.01010885275900364,-1.2620338201522827,-0.0971144288778305,-0.011116353794932365,-1.1979176998138428,-0.10437004268169403,-0.030720233917236328,-1.1567591428756714,-0.08883235603570938,0.18211251497268677,-0.8825422525405884,-0.05279736965894699,0.14710938930511475,-1.1355310678482056,-0.11153389513492584,0.1155586689710617,-1.0945391654968262,-0.10255344957113266,0.09159769117832184,-1.0594828128814697,-0.08145369589328766,0.0,0.0,0.0,0.007506127469241619,0.021800562739372253,0.006727718748152256,0.023303300142288208,0.047629330307245255,0.013327292166650295,0.029857054352760315,0.07673200219869614,0.023244567215442657,0.019346874207258224,0.08140751719474792,0.030253274366259575,0.016650138422846794,0.032224979251623154,0.02944651059806347,0.017642730847001076,0.03527600318193436,0.04402197152376175,0.03015577420592308,0.2407957762479782,0.04831436648964882,0.04262319579720497,0.468149334192276,0.04245983064174652,0.01915189065039158,0.0025291715282946825,0.030711593106389046,0.016715480014681816,0.07784219831228256,0.05600593239068985,0.02749628946185112,0.36363837122917175,0.05386769399046898,0.041036054491996765,0.6088550686836243,0.04093218594789505,0.023952219635248184,0.013238324783742428,0.031145229935646057,0.016363680362701416,0.11404211819171906,0.05382871627807617,0.01870153471827507,0.39619696140289307,0.04117831960320473,0.02532532811164856,0.6269356608390808,0.04606914892792702,0.027366507798433304,0.018290046602487564,0.032793834805488586,0.01607663929462433,0.0778132751584053,0.04201161116361618,0.0172664113342762,0.287075012922287,0.039894312620162964,0.02321874164044857,0.47394856810569763,0.05109962821006775
adios,0.0,0.0,0.0,-0.2627231478691101,-0.22013035416603088,-0.05189012363553047,-0.42678460478782654,-0.5912919044494629,-0.06617756187915802,-0.4632664620876312,-0.9795082211494446,-0.08840640634298325,-0.4297654628753662,-1.2590230703353882,-0.10239438712596893,-0.2963743507862091,-0.9391269683837891,0.04304412379860878,-0.3258771598339081,-1.2880637645721436,-0.038424793630838394,-0.32954391837120056,-1.2658112049102783,-0.10399846732616425,-0.33015531301498413,-1.2119557857513428,-0.13951632380485535,-0.1423521488904953,-0.9887270927429199,0.025191253051161766,-0.17517200112342834,-1.3462573289871216,-0.0585082471370697,-0.18071499466896057,-1.2951337099075317,-0.11301424354314804,-0.18852445483207703,-1.238663911819458,-0.13271823525428772,0.007931153289973736,-0.9776525497436523,-0.010750627145171165,-0.024006957188248634,-1.307300329208374,-0.10154961049556732,-0.04197954386472702,-1.238282561302185,-0.11334095895290375,-0.059556882828474045,-1.1671143770217896,-0.09858117997646332,0.16484849154949188,-0.9140137434005737,-0.05261387303471565,0.1308099776506424,-1.193618893623352,-0.11811935901641846,0.10042675584554672,-1.1495760679244995,-0.10993413627147675,0.07408295571804047,-1.089756727218628,-0.08747374266386032,0.0,0.0,0.0,0.021666506305336952,0.027718590572476387,0.00937888864427805,0.03532988205552101,0.040689531713724136,0.01838408224284649,0.04080639407038689,0.06728790700435638,0.029343603178858757,0.03205780312418938,0.0739266648888588,0.038440100848674774,0.031363654881715775,0.02716195397078991,0.028999557718634605,0.027758872136473656,0.03639425337314606,0.047060247510671616,0.04109359160065651,0.2359558492898941,0.05452844500541687,0.05749325826764107,0.45532655715942383,0.04966754466295242,0.02500840090215206,0.004254786763340235,0.029603684321045876,0.02436591126024723,0.07372287660837173,0.05556512251496315,0.03738335892558098,0.34817177057266235,0.05537208542227745,0.05365106835961342,0.600064754486084,0.043139826506376266,0.020954390987753868,0.011469309218227863,0.030678998678922653,0.020523617044091225,0.09485502541065216,0.051722921431064606,0.028027581050992012,0.3790270686149597,0.03890533000230789,0.0382576659321785,0.6214936375617981,0.04366018995642662,0.017876174300909042,0.0206511951982975,0.03335312008857727,0.014091616496443748,0.0640759989619255,0.04064997658133507,0.015158547088503838,0.2681915760040283,0.03530055657029152,0.023844784125685692,0.463645875453949,0.04434717074036598
adios,0.0,0.0,0.0,-0.2783801555633545,-0.21483251452445984,-0.0504496693611145,-0.4539636969566345,-0.5857577919960022,-0.06027688831090927,-0.5059064626693726,-0.9849646687507629,-0.07950093597173691,-0.4797964096069336,-1.2866346836090088,-0.09128598868846893,-0.3181788921356201,-0.9260584712028503,0.0678747221827507,-0.3505765199661255,-1.2879916429519653,-0.007199843879789114,-0.35044485330581665,-1.3056495189666748,-0.07345910370349884,-0.3489305377006531,-1.2850356101989746,-0.1109994500875473,-0.1630740761756897,-0.9846364259719849,0.04985407739877701,-0.20237819850444794,-1.3617712259292603,-0.02940468117594719,-0.20774498581886292,-1.3413063287734985,-0.08818475902080536,-0.21666908264160156,-1.299400806427002,-0.1110803484916687,-0.012317205779254436,-0.983631432056427,0.012481611222028732,-0.05230119079351425,-1.3243991136550903,-0.07678156346082687,-0.07077739387750626,-1.2848584651947021,-0.0938628688454628,-0.089524045586586,-1.235885500907898,-0.08212431520223618,0.1499433070421219,-0.9330062866210938,-0.03085530735552311,0.10625182092189789,-1.2249243259429932,-0.09613145142793655,0.07434628903865814,-1.203019380569458,-0.09067969769239426,0.04477269574999809,-1.1640913486480713,-0.07009799778461456,0.0,0.0,0.0,0.009580468758940697,0.030299494042992592,0.009929802268743515,0.029961073771119118,0.028995390981435776,0.018301833420991898,0.04924839735031128,0.049123816192150116,0.029496431350708008,0.03692095726728439,0.06140303611755371,0.03872213512659073,0.03482186049222946,0.025403959676623344,0.02196996659040451,0.036331068724393845,0.044439882040023804,0.04139881581068039,0.04009487107396126,0.24488495290279388,0.05335948243737221,0.05187603086233139,0.4828284680843353,0.051574189215898514,0.029942695051431656,0.005192656069993973,0.0221127737313509,0.033750273287296295,0.06662151217460632,0.052018702030181885,0.039641838520765305,0.34607911109924316,0.05758185312151909,0.05199849605560303,0.6210126876831055,0.046645477414131165,0.03072521835565567,0.010763721540570259,0.02341531030833721,0.03263626620173454,0.09866942465305328,0.0518319346010685,0.04025667533278465,0.3939003348350525,0.04243185743689537,0.04828580096364021,0.6570505499839783,0.03959197178483009,0.03148940950632095,0.014375749044120312,0.02657114900648594,0.02958914451301098,0.07372141629457474,0.040563542395830154,0.03351429104804993,0.2927370071411133,0.0375223234295845,0.043245621025562286,0.5101149678230286,0.04332248494029045
adios,0.0,0.0,0.0,-0.2619866132736206,-0.22164607048034668,-0.05163566395640373,-0.4308246970176697,-0.599197506904602,-0.06542272865772247,-0.474311500787735,-0.9952399134635925,-0.08732064068317413,-0.4412042200565338,-1.2916364669799805,-0.09997670352458954,-0.3045051693916321,-0.9362611770629883,0.05535006523132324,-0.33443504571914673,-1.2689573764801025,-0.023092377930879593,-0.3307102620601654,-1.2295730113983154,-0.08669481426477432,-0.32590949535369873,-1.176637887954712,-0.1217343807220459,-0.15643996000289917,-0.9863529205322266,0.03827764466404915,-0.1958966851234436,-1.334229826927185,-0.04593069106340408,-0.19934332370758057,-1.2574024200439453,-0.0981048196554184,-0.20332494378089905,-1.1850693225860596,-0.11438260227441788,-0.012378268875181675,-0.9790209531784058,0.0021935314871370792,-0.05240112543106079,-1.2838846445083618,-0.08891652524471283,-0.06985088437795639,-1.1893129348754883,-0.09783966839313507,-0.08767281472682953,-1.1064643859863281,-0.0795687586069107,0.13896004855632782,-0.9215246438980103,-0.040020622313022614,0.09094475209712982,-1.1683881282806396,-0.10473138093948364,0.05566819757223129,-1.1027607917785645,-0.09600938856601715,0.024394728243350983,-1.0386356115341187,-0.07261773198843002,0.0,0.0,0.0,0.010510720312595367,0.03134971857070923,0.011708861216902733,0.03462792560458183,0.02107725851237774,0.019419444724917412,0.04753135144710541,0.04266614094376564,0.028600694611668587,0.01943989284336567,0.05815394967794418,0.03546179085969925,0.024853160604834557,0.022548966109752655,0.030786415562033653,0.019391752779483795,0.055072057992219925,0.05530023202300072,0.0250606257468462,0.2537524998188019,0.0636112317442894,0.042184315621852875,0.4831593334674835,0.05778072774410248,0.01838100701570511,0.0036570033989846706,0.028604820370674133,0.019239649176597595,0.06926578283309937,0.06638837605714798,0.02657517045736313,0.3375495672225952,0.06580473482608795,0.045004021376371384,0.5976503491401672,0.04640776664018631,0.018959134817123413,0.012441251426935196,0.02780388481914997,0.015905136242508888,0.109247587621212,0.06387320160865784,0.02553815394639969,0.389386922121048,0.04614018276333809,0.03786280378699303,0.630397617816925,0.032225869596004486,0.02246846631169319,0.019408145919442177,0.02875111810863018,0.01477455161511898,0.08688382804393768,0.04706058278679848,0.018782366067171097,0.3030725419521332,0.03583311289548874,0.030752290040254593,0.501126766204834,0.03522154316306114
adios,0.0,0.0,0.0,-0.2535019814968109,-0.24269886314868927,-0.04805614426732063,-0.4107491075992584,-0.6284871101379395,-0.058785803616046906,-0.44886988401412964,-1.017202377319336,-0.07805603742599487,-0.420062780380249,-1.3067134618759155,-0.08785296976566315,-0.28512734174728394,-0.9511369466781616,0.06372322142124176,-0.3130497336387634,-1.2641222476959229,-0.007781072054058313,-0.31557589769363403,-1.2214232683181763,-0.06872884184122086,-0.3159603178501129,-1.1676304340362549,-0.10359011590480804,-0.13920250535011292,-0.9884849786758423,0.04729759320616722,-0.17430546879768372,-1.3122484683990479,-0.029167866334319115,-0.18139156699180603,-1.238126277923584,-0.08134631812572479,-0.18954677879810333,-1.1667470932006836,-0.10105843842029572,0.0035061780363321304,-0.9695999026298523,0.01209978573024273,-0.0328475758433342,-1.2592768669128418,-0.07358826696872711,-0.053038887679576874,-1.169277310371399,-0.0859663337469101,-0.0729936882853508,-1.074135422706604,-0.07281076163053513,0.15453295409679413,-0.9053467512130737,-0.02885935828089714,0.10928354412317276,-1.149454951286316,-0.09109596908092499,0.0733223631978035,-1.0828205347061157,-0.08507407456636429,0.0426960326731205,-1.000252604484558,-0.06520523130893707,0.0,0.0,0.0,0.011255734600126743,0.019974656403064728,0.007846763357520103,0.0293233972042799,0.031028911471366882,0.015161953866481781,0.03618727996945381,0.06063360720872879,0.026829414069652557,0.020239494740962982,0.07473600655794144,0.036770258098840714,0.019730061292648315,0.030185271054506302,0.027120986953377724,0.020104248076677322,0.04012271761894226,0.0551588349044323,0.029079873114824295,0.20578517019748688,0.06325041502714157,0.04316422715783119,0.4118857979774475,0.05608414113521576,0.020817831158638,0.004228404723107815,0.028837071731686592,0.01767604798078537,0.0557863786816597,0.06944788247346878,0.026821020990610123,0.3034711480140686,0.06842358410358429,0.044406626373529434,0.5332571268081665,0.050083234906196594,0.02604791894555092,0.012805609963834286,0.03198331594467163,0.01746804267168045,0.09008263051509857,0.06729204952716827,0.023842303082346916,0.3485094904899597,0.048887159675359726,0.036812346428632736,0.5582122206687927,0.036592625081539154,0.02869146317243576,0.017236854881048203,0.036161188036203384,0.01612185500562191,0.06204622983932495,0.052697982639074326,0.018344903364777565,0.25331422686576843,0.04003313556313515,0.031424034386873245,0.42456817626953125,0.037803053855895996
adios,0.0,0.0,0.0,-0.19715410470962524,-0.2681855857372284,-0.057788003236055374,-0.30259719491004944,-0.6705995798110962,-0.0716482549905777,-0.3157094419002533,-1.0215109586715698,-0.08966784924268723,-0.28872808814048767,-1.2883632183074951,-0.10031793266534805,-0.16969150304794312,-0.982894241809845,0.035835251212120056,-0.1830669343471527,-1.2773592472076416,-0.02820386365056038,-0.19188275933265686,-1.31613290309906,-0.08712512254714966,-0.19937321543693542,-1.343597412109375,-0.12499332427978516,-0.033804699778556824,-0.9983906745910645,0.02405312843620777,-0.0434781014919281,-1.3141506910324097,-0.03876316174864769,-0.057419080287218094,-1.3391492366790771,-0.09234695881605148,-0.07159247249364853,-1.3570640087127686,-0.12049633264541626,0.09449823200702667,-0.946163535118103,-0.004858791828155518,0.08688537776470184,-1.2367535829544067,-0.07450231164693832,0.06290902197360992,-1.257304310798645,-0.09833573549985886,0.0405588373541832,-1.2544422149658203,-0.10135847330093384,0.22457250952720642,-0.8412436246871948,-0.04097362607717514,0.2107836902141571,-1.0923542976379395,-0.09438715875148773,0.1778368353843689,-1.1273791790008545,-0.09961672127246857,0.1472083330154419,-1.1342664957046509,-0.09311798214912415,0.0,0.0,0.0,0.01183222234249115,0.01778727024793625,0.008311085402965546,0.018008092418313026,0.035634782165288925,0.014609507285058498,0.019680092111229897,0.05742134898900986,0.022746020928025246,0.029397867619991302,0.06877820938825607,0.02965262345969677,0.022717775776982307,0.022171642631292343,0.027509139850735664,0.023490900173783302,0.08572132885456085,0.050454411655664444,0.03218098357319832,0.2557735741138458,0.05511045083403587,0.03701302036643028,0.4398652911186218,0.04774078354239464,0.02488916926085949,0.0016420186730101705,0.029538791626691818,0.02015681564807892,0.12370631843805313,0.057352710515260696,0.019354047253727913,0.3352956771850586,0.05458589643239975,0.020569385960698128,0.5405131578445435,0.042145486921072006,0.028865737840533257,0.014861587435007095,0.03300987929105759,0.02002127654850483,0.14592987298965454,0.05454031750559807,0.016128087416291237,0.36497753858566284,0.04495549201965332,0.022556347772479057,0.5575094223022461,0.04672330617904663,0.028974108397960663,0.02254517190158367,0.038197170943021774,0.0205547995865345,0.11213058233261108,0.046145256608724594,0.016253145411610603,0.275178998708725,0.04346023127436638,0.02175227180123329,0.4325392246246338,0.05022734776139259
adios,0.0,0.0,0.0,-0.19513405859470367,-0.26807335019111633,-0.06721922010183334,-0.31689339876174927,-0.6790388226509094,-0.0897902101278305,-0.34367772936820984,-1.044858694076538,-0.11703373491764069,-0.2980605363845825,-1.3184868097305298,-0.13368304073810577,-0.1893158107995987,-0.9897554516792297,0.028916189447045326,-0.1937510073184967,-1.2784936428070068,-0.05359642952680588,-0.19283191859722137,-1.206006407737732,-0.1186358779668808,-0.1938285380601883,-1.1179708242416382,-0.15408070385456085,-0.04764910787343979,-0.9980866312980652,0.019769003614783287,-0.05526379868388176,-1.3018786907196045,-0.07079017162322998,-0.06370337307453156,-1.1840293407440186,-0.12766578793525696,-0.07306525111198425,-1.0680378675460815,-0.14641112089157104,0.08733121305704117,-0.9466028213500977,-0.00809320155531168,0.08184824138879776,-1.1953842639923096,-0.10419444739818573,0.054794371128082275,-1.0675004720687866,-0.1216808408498764,0.029661577194929123,-0.9377058148384094,-0.10798855870962143,0.2198525369167328,-0.8464924097061157,-0.04262106493115425,0.2034100741147995,-1.063633680343628,-0.11012109369039536,0.1655847579240799,-0.9864269495010376,-0.10909591615200043,0.1332228034734726,-0.8929530382156372,-0.09074296057224274,0.0,0.0,0.0,0.007521971128880978,0.020357444882392883,0.008551825769245625,0.018965359777212143,0.050511013716459274,0.014531209133565426,0.023876743391156197,0.07278759777545929,0.020470725372433662,0.018451036885380745,0.07588572800159454,0.02538508176803589,0.025778619572520256,0.019120514392852783,0.025091275572776794,0.022883450612425804,0.04586813226342201,0.04606926813721657,0.02738361246883869,0.221038818359375,0.048849307000637054,0.028664838522672653,0.41067245602607727,0.04035663977265358,0.02393687516450882,0.0015689136926084757,0.024211512878537178,0.015877822414040565,0.08390485495328903,0.05601118877530098,0.015312121249735355,0.3066800534725189,0.04932428151369095,0.01442770753055811,0.5095024108886719,0.03550751507282257,0.02507818304002285,0.00844965036958456,0.025558117777109146,0.013497160747647285,0.11368712782859802,0.05528827756643295,0.017103176563978195,0.3466912806034088,0.037893641740083694,0.019403858110308647,0.5255939960479736,0.04333176836371422,0.02546703815460205,0.013996554538607597,0.02896551415324211,0.014994940720498562,0.07419314235448837,0.03988231346011162,0.01918681710958481,0.244193434715271,0.03160296753048897,0.02118617482483387,0.3894432783126831,0.04427094757556915
adios,0.0,0.0,0.0,-0.20000246167182922,-0.2710994482040405,-0.06862902641296387,-0.32073235511779785,-0.6723325848579407,-0.09426955878734589,-0.34581896662712097,-1.0386312007904053,-0.12384672462940216,-0.3173338770866394,-1.326170802116394,-0.14253640174865723,-0.18979504704475403,-0.9948896169662476,0.023944661021232605,-0.20240947604179382,-1.286145806312561,-0.05827533081173897,-0.2066182792186737,-1.2090672254562378,-0.12116555869579315,-0.2095394879579544,-1.1307473182678223,-0.15514208376407623,-0.04883744567632675,-0.9975019693374634,0.01582304760813713,-0.06773515790700912,-1.2856407165527344,-0.0707215964794159,-0.08294831961393356,-1.1768499612808228,-0.1226000040769577,-0.09462713450193405,-1.0880749225616455,-0.14043787121772766,0.0842256024479866,-0.9428433179855347,-0.01138192880898714,0.06448832154273987,-1.1933170557022095,-0.1021633893251419,0.03385934233665466,-1.0818567276000977,-0.11390779912471771,0.011219102889299393,-0.9840602874755859,-0.09942422807216644,0.2169610559940338,-0.8412703275680542,-0.04570285230875015,0.186903178691864,-1.0609344244003296,-0.10954771935939789,0.14722846448421478,-0.991270899772644,-0.1050201877951622,0.12034839391708374,-0.9193118214607239,-0.08570407330989838,0.0,0.0,0.0,0.008970463648438454,0.03473398834466934,0.016882948577404022,0.015092821791768074,0.06821691989898682,0.027049006894230843,0.017661577090620995,0.08610540628433228,0.03363587334752083,0.03069169446825981,0.08588769286870956,0.043525442481040955,0.022203098982572556,0.028846794739365578,0.04387466982007027,0.021183457225561142,0.06087467074394226,0.05670224875211716,0.026409972459077835,0.24896764755249023,0.05992858111858368,0.029396263882517815,0.4523647427558899,0.05887128412723541,0.024739958345890045,0.0019224440911784768,0.04169653356075287,0.014731638133525848,0.10114074498414993,0.06083620339632034,0.014368539676070213,0.3403528034687042,0.05836858972907066,0.020120179280638695,0.5540295243263245,0.055666789412498474,0.029195494949817657,0.011309752240777016,0.039606451988220215,0.01346665434539318,0.1252094954252243,0.058515697717666626,0.010481541976332664,0.37166160345077515,0.050894223153591156,0.016995064914226532,0.5701483488082886,0.06142495572566986,0.028823232278227806,0.016801482066512108,0.039458971470594406,0.013345829211175442,0.08606869727373123,0.04977216199040413,0.015956314280629158,0.26915520429611206,0.04956503212451935,0.022640034556388855,0.4270469546318054,0.061558764427900314
adios,0.0,0.0,0.0,-0.20702162384986877,-0.2723797857761383,-0.05835125967860222,-0.3275641202926636,-0.676575779914856,-0.07651123404502869,-0.3485213816165924,-1.043367624282837,-0.1002972349524498,-0.3124616742134094,-1.323101282119751,-0.1137794479727745,-0.2009151428937912,-0.9864311218261719,0.040991537272930145,-0.2148021161556244,-1.2725684642791748,-0.031042030081152916,-0.2194247990846634,-1.216368556022644,-0.08946876972913742,-0.22281475365161896,-1.1552222967147827,-0.12237143516540527,-0.06503276526927948,-0.9967232942581177,0.030896564945578575,-0.08551684021949768,-1.277376413345337,-0.04584528133273125,-0.09739162027835846,-1.193060278892517,-0.09618113934993744,-0.10837791115045547,-1.1193702220916748,-0.1156073808670044,0.0645780935883522,-0.9505001902580261,0.0025779688730835915,0.04482588917016983,-1.2018482685089111,-0.08036340028047562,0.020244106650352478,-1.1099376678466797,-0.09399588406085968,-0.002107235137373209,-1.0166215896606445,-0.08326751738786697,0.195647194981575,-0.8584538698196411,-0.032297030091285706,0.1663103997707367,-1.0767821073532104,-0.09231342375278473,0.12812969088554382,-1.017043113708496,-0.08985154330730438,0.09671606868505478,-0.9449061155319214,-0.07336267828941345,0.0,0.0,0.0,0.005846771411597729,0.019323421642184258,0.006601315923035145,0.017354628071188927,0.028652016073465347,0.012438679113984108,0.02254008874297142,0.04599986970424652,0.021205410361289978,0.01572248712182045,0.05196331813931465,0.02961932122707367,0.015307009220123291,0.027842236682772636,0.029839374125003815,0.014848179183900356,0.05005776509642601,0.04956335574388504,0.02172829955816269,0.23740310966968536,0.05357249453663826,0.027926258742809296,0.434089332818985,0.04732396826148033,0.02005532942712307,0.0023433889728039503,0.030845262110233307,0.01136963814496994,0.1062479093670845,0.059859905391931534,0.014131850562989712,0.34453946352005005,0.05546380579471588,0.019940804690122604,0.5501959919929504,0.041907209903001785,0.02494638040661812,0.012605261988937855,0.03239210322499275,0.010721285827457905,0.13802404701709747,0.058227963745594025,0.012815175577998161,0.37957173585891724,0.04065518453717232,0.018377583473920822,0.5665784478187561,0.03864791616797447,0.027009878307580948,0.01876707188785076,0.03516550362110138,0.01018422469496727,0.10345830023288727,0.04670483618974686,0.013643049634993076,0.291952520608902,0.03585784509778023,0.019224191084504128,0.44488561153411865,0.03823496401309967
adios,0.0,0.0,0.0,-0.21120929718017578,-0.2787281572818756,-0.05907011032104492,-0.34062662720680237,-0.681526780128479,-0.07674902677536011,-0.3674720227718353,-1.057567834854126,-0.1000877395272255,-0.31906405091285706,-1.3357641696929932,-0.1129637137055397,-0.20397934317588806,-0.9852323532104492,0.04392203688621521,-0.22292396426200867,-1.2664836645126343,-0.026587074622511864,-0.22637681663036346,-1.2133780717849731,-0.08277847617864609,-0.23000431060791016,-1.1649577617645264,-0.11503417789936066,-0.06453561782836914,-0.9963083267211914,0.03468778729438782,-0.08766130357980728,-1.2635927200317383,-0.04309738799929619,-0.09772229194641113,-1.17246413230896,-0.09195837378501892,-0.10897505283355713,-1.1074435710906982,-0.10971559584140778,0.0706958919763565,-0.9485830068588257,0.007104772143065929,0.049115486443042755,-1.1867284774780273,-0.0803355723619461,0.025029325857758522,-1.0757625102996826,-0.09082712233066559,0.0010077750775963068,-0.9767292141914368,-0.0758979320526123,0.20690736174583435,-0.8558920621871948,-0.026827234774827957,0.17642003297805786,-1.0639193058013916,-0.08927862346172333,0.13764815032482147,-0.9849469065666199,-0.08407838642597198,0.10653237998485565,-0.9015647172927856,-0.06444080173969269,0.0,0.0,0.0,0.008809343911707401,0.025652557611465454,0.010018903762102127,0.015493855811655521,0.029993224889039993,0.0174020454287529,0.021872088313102722,0.04738640785217285,0.025453364476561546,0.02728482522070408,0.05483466759324074,0.03181011974811554,0.02504836581647396,0.024365726858377457,0.03616131469607353,0.024539455771446228,0.057328950613737106,0.05595603957772255,0.03323187306523323,0.23621195554733276,0.05683504417538643,0.04032287374138832,0.4281606674194336,0.04818875342607498,0.028233524411916733,0.0028988306876271963,0.03458847105503082,0.01667012833058834,0.1084524542093277,0.06309370696544647,0.0222571212798357,0.34260615706443787,0.05663555487990379,0.03214670717716217,0.5424814224243164,0.04085978493094444,0.02962067350745201,0.010807609185576439,0.03400630131363869,0.013061541132628918,0.13824917376041412,0.05702784284949303,0.01367897167801857,0.37102505564689636,0.03965321555733681,0.01995585858821869,0.5543045997619629,0.03865216299891472,0.027197211980819702,0.015829451382160187,0.03561747446656227,0.014068610034883022,0.10537117719650269,0.04401713237166405,0.0166106466203928,0.2757216691970825,0.03664616495370865,0.02290220931172371,0.4193193018436432,0.04250602796673775
adios,0.0,0.0,0.0,-0.22538670897483826,-0.27906474471092224,-0.05567718297243118,-0.36020636558532715,-0.6921566128730774,-0.07245497405529022,-0.3834400773048401,-1.0786892175674438,-0.09715975075960159,-0.3274611830711365,-1.3527538776397705,-0.11050126701593399,-0.2195260226726532,-0.9873342514038086,0.04878981038928032,-0.23363690078258514,-1.2940653562545776,-0.030908798798918724,-0.23545417189598083,-1.1950109004974365,-0.08975455909967422,-0.23628468811511993,-1.10880446434021,-0.12064389139413834,-0.07790420204401016,-0.9956291913986206,0.036067184060811996,-0.10252060741186142,-1.2910441160202026,-0.05369134619832039,-0.1115778461098671,-1.151068925857544,-0.10112248361110687,-0.12047536671161652,-1.0513997077941895,-0.11244537681341171,0.059252362698316574,-0.9536236524581909,0.004024861846119165,0.030813712626695633,-1.2140251398086548,-0.09031950682401657,0.004855864681303501,-1.068031907081604,-0.09305084496736526,-0.019078491255640984,-0.9504081010818481,-0.06892562657594681,0.20021939277648926,-0.868003249168396,-0.03447873517870903,0.1619270145893097,-1.0919893980026245,-0.09805969148874283,0.12016886472702026,-0.9910234212875366,-0.08638252317905426,0.08695776760578156,-0.8960922360420227,-0.0600709393620491,0.0,0.0,0.0,0.007725570350885391,0.027860261499881744,0.011369947344064713,0.026973191648721695,0.027285873889923096,0.019182095304131508,0.0306090135127306,0.047042977064847946,0.028159957379102707,0.010186700150370598,0.04604828357696533,0.03513369709253311,0.014225710183382034,0.026026826351881027,0.03398764133453369,0.012619436718523502,0.03713640570640564,0.05891634151339531,0.019293036311864853,0.2276356965303421,0.06208247318863869,0.02551470510661602,0.4301854372024536,0.053410883992910385,0.015835706144571304,0.002182774478569627,0.033120546489953995,0.006845660042017698,0.07552672922611237,0.07077298313379288,0.014298615977168083,0.32916101813316345,0.06677679717540741,0.025247888639569283,0.5479500889778137,0.04887393116950989,0.021531416103243828,0.009828669019043446,0.03333491459488869,0.010993536561727524,0.10810285806655884,0.06724622845649719,0.011499058455228806,0.35884588956832886,0.049225885421037674,0.019355973228812218,0.5581057667732239,0.03680575639009476,0.02364015206694603,0.014681604690849781,0.034600965678691864,0.012677851133048534,0.07935164868831635,0.05121145769953728,0.011837626807391644,0.2633857727050781,0.04068916290998459,0.019306423142552376,0.4255223572254181,0.03760392963886261
adios,0.0,0.0,0.0,-0.22348538041114807,-0.2824101150035858,-0.05250819772481918,-0.35036182403564453,-0.6890698671340942,-0.06608251482248306,-0.36757946014404297,-1.0662413835525513,-0.08714081346988678,-0.31911978125572205,-1.3391883373260498,-0.09903178364038467,-0.20823705196380615,-0.9835785627365112,0.051875241100788116,-0.22257335484027863,-1.2912077903747559,-0.019404549151659012,-0.23016631603240967,-1.2599384784698486,-0.07800862193107605,-0.2355598509311676,-1.2285221815109253,-0.1119542270898819,-0.06904517859220505,-0.9962306022644043,0.03764189034700394,-0.09148256480693817,-1.3139264583587646,-0.0394384041428566,-0.10625432431697845,-1.2492009401321411,-0.08830273896455765,-0.11999547481536865,-1.1984515190124512,-0.10547890514135361,0.065287284553051,-0.9536568522453308,0.0048919254913926125,0.041975073516368866,-1.2374200820922852,-0.07842977344989777,0.014285561628639698,-1.1597039699554443,-0.08744949847459793,-0.012113255448639393,-1.0885893106460571,-0.07234244793653488,0.20412865281105042,-0.8621940612792969,-0.03446217253804207,0.1735699623823166,-1.1041202545166016,-0.09293508529663086,0.13148094713687897,-1.0559465885162354,-0.08548378944396973,0.09359541535377502,-0.9994897842407227,-0.06512106955051422,0.0,0.0,0.0,0.01017723884433508,0.02252395823597908,0.010713299736380577,0.027546485885977745,0.035067085176706314,0.01743697002530098,0.0310345571488142,0.06085127964615822,0.026932958513498306,0.018356360495090485,0.06306802481412888,0.03468739986419678,0.013978870585560799,0.028353262692689896,0.029449163004755974,0.017483359202742577,0.04048106446862221,0.05350660905241966,0.025084733963012695,0.24852488934993744,0.05811112001538277,0.031288642436265945,0.46152645349502563,0.049887947738170624,0.02050480991601944,0.002860855311155319,0.03019757941365242,0.01545532327145338,0.07518699765205383,0.06629662960767746,0.020000766962766647,0.3433381915092468,0.06371975690126419,0.02880747616291046,0.5768804550170898,0.04565751552581787,0.02846411056816578,0.012132166884839535,0.03187940642237663,0.019142696633934975,0.11137570440769196,0.06524103879928589,0.01791420206427574,0.3789375126361847,0.04872583970427513,0.02122020535171032,0.5941740870475769,0.03885296359658241,0.03059346415102482,0.017854273319244385,0.034154489636421204,0.01869754120707512,0.08377552777528763,0.05034254863858223,0.015527582727372646,0.28200116753578186,0.04135896638035774,0.020016055554151535,0.4551675319671631,0.04204588755965233
adios,0.0,0.0,0.0,-0.23130004107952118,-0.26756536960601807,-0.049333177506923676,-0.36844977736473083,-0.6637281179428101,-0.06284496933221817,-0.3915018141269684,-1.0392686128616333,-0.08527377247810364,-0.3503585457801819,-1.3154674768447876,-0.09802870452404022,-0.2263369858264923,-0.9790797233581543,0.05641821771860123,-0.24569618701934814,-1.2895290851593018,-0.015587220899760723,-0.255651593208313,-1.2297877073287964,-0.07435000687837601,-0.26171058416366577,-1.1658542156219482,-0.10679026693105698,-0.0835488885641098,-0.9950782656669617,0.04079359024763107,-0.1061820238828659,-1.3086915016174316,-0.03588492050766945,-0.11927156150341034,-1.2146612405776978,-0.08391830325126648,-0.13141962885856628,-1.130798101425171,-0.099429652094841,0.05424438789486885,-0.9588510394096375,0.006534607615321875,0.031109120696783066,-1.2417105436325073,-0.07607525587081909,0.0050131576135754585,-1.1394288539886475,-0.08416396379470825,-0.01999506726861,-1.036703109741211,-0.06745748221874237,0.19607487320899963,-0.8775998950004578,-0.03391140699386597,0.16478481888771057,-1.1279428005218506,-0.09022091329097748,0.12482170760631561,-1.06248939037323,-0.08053730428218842,0.08987250924110413,-0.9759706258773804,-0.05805393308401108,0.0,0.0,0.0,0.013971374370157719,0.02593712881207466,0.008192268200218678,0.03143465146422386,0.045663878321647644,0.014573183842003345,0.03350929915904999,0.07129713892936707,0.02462765946984291,0.011613846756517887,0.07694115489721298,0.03456460312008858,0.018604986369609833,0.028198638930916786,0.027008723467588425,0.015265058726072311,0.035178832709789276,0.053454842418432236,0.024364523589611053,0.20040263235569,0.06242313235998154,0.03380611911416054,0.4060637950897217,0.057296063750982285,0.0169172715395689,0.0022534318268299103,0.029723038896918297,0.014822419732809067,0.0629185140132904,0.06745754182338715,0.01939295046031475,0.3136303126811981,0.0687626451253891,0.02767377719283104,0.5354283452033997,0.05330091714859009,0.021301764994859695,0.010217475704848766,0.0333721861243248,0.01437588594853878,0.09601340442895889,0.0659865215420723,0.016979524865746498,0.3495434820652008,0.05086089298129082,0.021337399259209633,0.5478501915931702,0.04003350809216499,0.02556481957435608,0.015925532206892967,0.03788543492555618,0.014497924596071243,0.0575578548014164,0.05231805145740509,0.017295854166150093,0.23984502255916595,0.04278021678328514,0.024809958413243294,0.39603036642074585,0.04210001975297928
adios,0.0,0.0,0.0,-0.23746314644813538,-0.27010995149612427,-0.042457010596990585,-0.368964284658432,-0.6656876802444458,-0.05331705883145332,-0.3899630904197693,-1.0371122360229492,-0.07549366354942322,-0.35688552260398865,-1.3136001825332642,-0.08861777186393738,-0.23036305606365204,-0.9756792783737183,0.06462705135345459,-0.25051116943359375,-1.3101521730422974,-0.010129469446837902,-0.26582714915275574,-1.2625854015350342,-0.07138939946889877,-0.27467793226242065,-1.1911687850952148,-0.10392823070287704,-0.08886347711086273,-0.994517982006073,0.044524334371089935,-0.11666975915431976,-1.3358889818191528,-0.033346839249134064,-0.13756665587425232,-1.2630878686904907,-0.08480377495288849,-0.15319940447807312,-1.182824730873108,-0.10230239480733871,0.04816426336765289,-0.9633362889289856,0.0058128722012043,0.017024382948875427,-1.279822587966919,-0.07583609223365784,-0.015993032604455948,-1.1990935802459717,-0.0863947868347168,-0.04191194102168083,-1.1099116802215576,-0.07180877029895782,0.19236361980438232,-0.8847360610961914,-0.0387268140912056,0.15445056557655334,-1.1595139503479004,-0.09358183294534683,0.11103557050228119,-1.1133722066879272,-0.08428521454334259,0.07601674646139145,-1.0416315793991089,-0.06249583885073662,0.0,0.0,0.0,0.010098326951265335,0.025681206956505775,0.008498531766235828,0.029876742511987686,0.04337902367115021,0.015837399289011955,0.03638569638133049,0.07166501879692078,0.027514727786183357,0.015599862672388554,0.0800897479057312,0.0374261811375618,0.019948557019233704,0.03277210891246796,0.02498782053589821,0.013060514815151691,0.03868119791150093,0.045204855501651764,0.022379236295819283,0.20450744032859802,0.05327652394771576,0.034859608858823776,0.4115654528141022,0.049172692000865936,0.019557159394025803,0.002530563622713089,0.02580399438738823,0.01949330046772957,0.0659359022974968,0.0567699670791626,0.026596277952194214,0.3155317008495331,0.058332815766334534,0.03516460955142975,0.5422527194023132,0.04622792452573776,0.024341043084859848,0.014331347309052944,0.027380695566534996,0.02090928703546524,0.09786495566368103,0.0565556138753891,0.02556612901389599,0.3535778522491455,0.044355541467666626,0.03177967295050621,0.5683619379997253,0.03893396258354187,0.02683847025036812,0.020154014229774475,0.03011351451277733,0.020187687128782272,0.0683676078915596,0.04429362714290619,0.024350091814994812,0.25610411167144775,0.0374319851398468,0.03145723417401314,0.43121078610420227,0.03999027982354164
adios,0.0,0.0,0.0,-0.24656252562999725,-0.2679173946380615,-0.0406232550740242,-0.37731438875198364,-0.6736835241317749,-0.04554404318332672,-0.3865831792354584,-1.0607577562332153,-0.061953045427799225,-0.3412988781929016,-1.3292279243469238,-0.06996973603963852,-0.23116636276245117,-0.9732872843742371,0.0748567059636116,-0.25228261947631836,-1.2959558963775635,0.0062781572341918945,-0.26867610216140747,-1.2532265186309814,-0.05233355239033699,-0.2791498005390167,-1.1942015886306763,-0.08472588658332825,-0.08982769399881363,-0.993981659412384,0.05512898042798042,-0.1185399666428566,-1.3285266160964966,-0.021297333762049675,-0.14043673872947693,-1.2568676471710205,-0.07323842495679855,-0.15724727511405945,-1.176805853843689,-0.09071431308984756,0.048422571271657944,-0.9651390910148621,0.016624584794044495,0.015390396118164062,-1.2668976783752441,-0.06797681748867035,-0.01992897316813469,-1.1766774654388428,-0.08259239047765732,-0.049430057406425476,-1.07581627368927,-0.06936728209257126,0.19605141878128052,-0.8914499282836914,-0.02739126607775688,0.15282456576824188,-1.153562307357788,-0.08740533888339996,0.10424256324768066,-1.0904560089111328,-0.08168075978755951,0.0641213208436966,-1.0031187534332275,-0.061452895402908325,0.0,0.0,0.0,0.012181907892227173,0.02428087219595909,0.009347006678581238,0.0297084953635931,0.0344054214656353,0.017258547246456146,0.033388473093509674,0.05751407518982887,0.028899017721414566,0.014782318845391273,0.06033097952604294,0.03878634050488472,0.017080379649996758,0.032272275537252426,0.02212439849972725,0.015610921196639538,0.04393267631530762,0.0523795448243618,0.021987080574035645,0.21290497481822968,0.06048072129487991,0.030218133702874184,0.4228837192058563,0.053533244878053665,0.018162542954087257,0.002529001096263528,0.023577485233545303,0.013775482773780823,0.0712982565164566,0.06637553870677948,0.01995304971933365,0.3262871205806732,0.06565570831298828,0.030782293528318405,0.5600260496139526,0.046450499445199966,0.02332439459860325,0.016297858208417892,0.02754399925470352,0.012276179157197475,0.1119452565908432,0.06413617730140686,0.015539812855422497,0.37449029088020325,0.043971940875053406,0.024127501994371414,0.5894073247909546,0.02466687746345997,0.02540799044072628,0.02644106186926365,0.0320616289973259,0.00983987282961607,0.08871950209140778,0.048651110380887985,0.011865189298987389,0.28426477313041687,0.03253708779811859,0.02152310125529766,0.46085017919540405,0.024639172479510307
adios,0.0,0.0,0.0,-0.24722938239574432,-0.26940464973449707,-0.041706912219524384,-0.38364019989967346,-0.6870020627975464,-0.04923665151000023,-0.395200252532959,-1.0765714645385742,-0.06806588917970657,-0.33965593576431274,-1.3436131477355957,-0.07831394672393799,-0.22678843140602112,-0.9781527519226074,0.07005639374256134,-0.24596373736858368,-1.2910430431365967,-0.0014843059470877051,-0.26799720525741577,-1.235838770866394,-0.06159486621618271,-0.28373342752456665,-1.1651002168655396,-0.09470995515584946,-0.08417078107595444,-0.9946621060371399,0.0511905774474144,-0.1151852235198021,-1.3104774951934814,-0.027820616960525513,-0.1441757082939148,-1.2241482734680176,-0.07978241890668869,-0.16742445528507233,-1.1334221363067627,-0.0964503139257431,0.056400932371616364,-0.9622976183891296,0.013688054867088795,0.017097096890211105,-1.2505398988723755,-0.07255245745182037,-0.024875769391655922,-1.1545917987823486,-0.08648309856653214,-0.060901395976543427,-1.0498201847076416,-0.07206277549266815,0.20648539066314697,-0.8842519521713257,-0.029102902859449387,0.15972425043582916,-1.1403396129608154,-0.08999527245759964,0.10610786825418472,-1.0738794803619385,-0.0840604230761528,0.06074177473783493,-0.9803498983383179,-0.0631072074174881,0.0,0.0,0.0,0.008969779126346111,0.020426422357559204,0.007757450919598341,0.021120121702551842,0.03458600118756294,0.013462458737194538,0.023939287289977074,0.05124777927994728,0.02402639202773571,0.025906069204211235,0.05407946929335594,0.03401372581720352,0.015395249240100384,0.032795250415802,0.02057901956140995,0.02044505812227726,0.05096598342061043,0.0461786612868309,0.0290401391685009,0.21222123503684998,0.05462663993239403,0.041879843920469284,0.4150639474391937,0.04884636402130127,0.021544571965932846,0.002768009901046753,0.02168830670416355,0.020523635670542717,0.06734774261713028,0.05890752747654915,0.027787448838353157,0.3067493140697479,0.058495260775089264,0.042512331157922745,0.5330393314361572,0.042061563581228256,0.028688153252005577,0.015891756862401962,0.02490573190152645,0.021074222400784492,0.10163237899541855,0.058195918798446655,0.02134319394826889,0.35940298438072205,0.04023030027747154,0.03616982698440552,0.5687366724014282,0.027194079011678696,0.029888128861784935,0.026791438460350037,0.029059750959277153,0.018746374174952507,0.07390181720256805,0.04314741492271423,0.011441853828728199,0.25738614797592163,0.02843022160232067,0.026334961876273155,0.4209460914134979,0.02723272517323494
adios,0.0,0.0,0.0,-0.2431669682264328,-0.28200769424438477,-0.03910136967897415,-0.3659953474998474,-0.697918713092804,-0.04408091679215431,-0.37351512908935547,-1.0778944492340088,-0.05994430184364319,-0.33410850167274475,-1.3435333967208862,-0.06761696934700012,-0.21702785789966583,-0.9806401133537292,0.07187185436487198,-0.2356712520122528,-1.3083512783050537,0.0034819189459085464,-0.2572552263736725,-1.2809494733810425,-0.05557115003466606,-0.2726892828941345,-1.2423369884490967,-0.0894189178943634,-0.07731794565916061,-0.9951380491256714,0.051628101617097855,-0.10717344284057617,-1.3281277418136597,-0.020960887894034386,-0.13498438894748688,-1.2921231985092163,-0.07195108383893967,-0.1581975519657135,-1.2554352283477783,-0.09151038527488708,0.05835818126797676,-0.9572230577468872,0.012896612286567688,0.019154559820890427,-1.2617533206939697,-0.06675094366073608,-0.0200420580804348,-1.2188637256622314,-0.08100178092718124,-0.054379653185606,-1.173170566558838,-0.07093921303749084,0.20460939407348633,-0.8707954287528992,-0.03146882727742195,0.15856780111789703,-1.1288281679153442,-0.0889485627412796,0.10742553323507309,-1.104278326034546,-0.08441932499408722,0.06241212412714958,-1.0665377378463745,-0.06700003892183304,0.0,0.0,0.0,0.00768796494230628,0.01834607869386673,0.007413038518279791,0.021088136360049248,0.03534435108304024,0.012457803823053837,0.022848721593618393,0.05431491881608963,0.021811867132782936,0.024633685126900673,0.05536305904388428,0.029751166701316833,0.015893077477812767,0.039772216230630875,0.020079640671610832,0.01879950612783432,0.04734773933887482,0.047887906432151794,0.023453887552022934,0.21305687725543976,0.0560598187148571,0.032154425978660583,0.4259394109249115,0.050263579934835434,0.02342948503792286,0.002895131940022111,0.022346971556544304,0.022511228919029236,0.07162325084209442,0.0628514289855957,0.024678608402609825,0.32787084579467773,0.0618823803961277,0.03481034189462662,0.5657078623771667,0.04448964074254036,0.03171887993812561,0.018750039860606194,0.026479100808501244,0.0234970785677433,0.11453170329332352,0.06236958131194115,0.023390918970108032,0.38688117265701294,0.04442010447382927,0.03306452929973602,0.6132091879844666,0.028276188299059868,0.03320005536079407,0.029430819675326347,0.03071063756942749,0.019686082378029823,0.09324709326028824,0.04847388714551926,0.018230151385068893,0.29955512285232544,0.03539161756634712,0.028148753568530083,0.48734012246131897,0.02997148223221302
adios,0.0,0.0,0.0,-0.2573707103729248,-0.26672571897506714,-0.036610040813684464,-0.3981931507587433,-0.6653218865394592,-0.04020252078771591,-0.4180493950843811,-1.052774429321289,-0.056049175560474396,-0.3823743164539337,-1.3275673389434814,-0.06479517370462418,-0.25934547185897827,-0.956436276435852,0.07671530544757843,-0.28379330039024353,-1.3002551794052124,0.007894087582826614,-0.29636257886886597,-1.2971265316009521,-0.05226411297917366,-0.30616316199302673,-1.2791593074798584,-0.08683820813894272,-0.11378505080938339,-0.9917079210281372,0.055039167404174805,-0.14852340519428253,-1.335180401802063,-0.018033357337117195,-0.16678498685359955,-1.3115732669830322,-0.0713147297501564,-0.18566666543483734,-1.287174105644226,-0.09224293380975723,0.02878633141517639,-0.9758273363113403,0.014981190674006939,-0.010836523026227951,-1.2941114902496338,-0.06499265134334564,-0.038943782448768616,-1.2596194744110107,-0.08085670322179794,-0.06704983115196228,-1.2231374979019165,-0.07133378088474274,0.18063944578170776,-0.9127057194709778,-0.030543919652700424,0.137557253241539,-1.187232255935669,-0.08798923343420029,0.09655369818210602,-1.1745212078094482,-0.08380939066410065,0.05861913412809372,-1.1471872329711914,-0.06631845235824585,0.0,0.0,0.0,0.007587360683828592,0.03356807678937912,0.008008192293345928,0.027369331568479538,0.024888768792152405,0.011851076036691666,0.036292802542448044,0.040742482990026474,0.020397497341036797,0.01997329853475094,0.04709495231509209,0.02734355814754963,0.020788518711924553,0.030692949891090393,0.018683040514588356,0.018634691834449768,0.03536970540881157,0.036225464195013046,0.022785549983382225,0.2277137190103531,0.04297197237610817,0.031090212985873222,0.45566028356552124,0.03617163747549057,0.01675446704030037,0.0023108890745788813,0.015914257615804672,0.015238103456795216,0.06807278841733932,0.04670219123363495,0.0209095049649477,0.3362487554550171,0.04718031734228134,0.031650807708501816,0.5859865546226501,0.03240334987640381,0.016862202435731888,0.014519034884870052,0.01490652747452259,0.011661403812468052,0.1047687828540802,0.04566767066717148,0.01791631430387497,0.3872345983982086,0.029487237334251404,0.024829352274537086,0.6277951002120972,0.025793327018618584,0.01699942536652088,0.018708238378167152,0.016660533845424652,0.01179208792746067,0.07692760229110718,0.03114515356719494,0.015963498502969742,0.2919946312904358,0.02121044136583805,0.018118567764759064,0.49402979016304016,0.03055584989488125
adios,0.0,0.0,0.0,-0.2803472876548767,-0.2549503445625305,-0.035014934837818146,-0.44276419281959534,-0.6602166295051575,-0.037363383919000626,-0.45974022150039673,-1.06464421749115,-0.05438264459371567,-0.40382084250450134,-1.3365485668182373,-0.06575431674718857,-0.2768450677394867,-0.9629976153373718,0.07686099410057068,-0.2946375608444214,-1.307104229927063,-0.00011080913100158796,-0.3115854859352112,-1.2802722454071045,-0.0675446018576622,-0.3251045048236847,-1.2135727405548096,-0.10493706166744232,-0.11378838121891022,-0.9908984303474426,0.050977833569049835,-0.1414419561624527,-1.341309666633606,-0.036097731441259384,-0.16411751508712769,-1.2630183696746826,-0.09866907447576523,-0.18462161719799042,-1.1619393825531006,-0.1204221248626709,0.049024805426597595,-0.9640383720397949,0.0073568085208535194,0.01565186120569706,-1.279895544052124,-0.0899282917380333,-0.015887031331658363,-1.1732803583145142,-0.10928801447153091,-0.04520675167441368,-1.0537720918655396,-0.09463463723659515,0.21988829970359802,-0.8876482248306274,-0.04015352204442024,0.1823579967021942,-1.1741936206817627,-0.10974767059087753,0.13443246483802795,-1.1068921089172363,-0.10366322845220566,0.09284032881259918,-1.0002461671829224,-0.08015605807304382,0.0,0.0,0.0,0.01281383540481329,0.03863109275698662,0.018950052559375763,0.03104580193758011,0.04012404382228851,0.028226058930158615,0.03443796932697296,0.056583382189273834,0.030779842287302017,0.03298460692167282,0.05814215540885925,0.03578539937734604,0.026159388944506645,0.031063705682754517,0.054495494812726974,0.030548160895705223,0.03407001867890358,0.047743894159793854,0.03299902379512787,0.1960364282131195,0.04957171902060509,0.03980741277337074,0.4156869947910309,0.05316663160920143,0.020590171217918396,0.0021968737710267305,0.046314552426338196,0.02379055693745613,0.051442425698041916,0.04073294997215271,0.024032853543758392,0.2841191291809082,0.04313623160123825,0.037227481603622437,0.53728848695755,0.04392436519265175,0.01758228801190853,0.011466730386018753,0.03679404407739639,0.018483970314264297,0.08068466186523438,0.03511248901486397,0.012999555096030235,0.3410467505455017,0.036455124616622925,0.02147950604557991,0.5775831937789917,0.05434934049844742,0.0195451769977808,0.015099822543561459,0.030759070068597794,0.02045772597193718,0.041701540350914,0.03269055858254433,0.019601887091994286,0.21826700866222382,0.04463948681950569,0.021327679976820946,0.4011511504650116,0.06688620150089264
adios,0.0,0.0,0.0,-0.27856528759002686,-0.2333841323852539,-0.03704933077096939,-0.4363192617893219,-0.6330395340919495,-0.036310479044914246,-0.4605712890625,-1.0378069877624512,-0.0478447787463665,-0.42720547318458557,-1.3194044828414917,-0.05315948650240898,-0.2916162312030792,-0.9405303001403809,0.08348474651575089,-0.31576088070869446,-1.3080971240997314,0.01692754216492176,-0.3302146792411804,-1.3384984731674194,-0.04473812133073807,-0.3400411009788513,-1.3328258991241455,-0.08036042749881744,-0.13943417370319366,-0.9878835678100586,0.06205422431230545,-0.17414426803588867,-1.3687018156051636,-0.007276629563421011,-0.1959400177001953,-1.3740050792694092,-0.06295829266309738,-0.21540825068950653,-1.3561590909957886,-0.08594878762960434,0.008594505488872528,-0.980809211730957,0.021880893036723137,-0.029986461624503136,-1.337178349494934,-0.05586747080087662,-0.06277807056903839,-1.331019639968872,-0.0749887004494667,-0.09174344688653946,-1.3023172616958618,-0.06819171458482742,0.16973477602005005,-0.9256574511528015,-0.023851795122027397,0.12831610441207886,-1.2278386354446411,-0.08063311874866486,0.08317430317401886,-1.233708381652832,-0.0775228887796402,0.03969932720065117,-1.2092416286468506,-0.06122458726167679,0.0,0.0,0.0,0.013966988772153854,0.036059122532606125,0.00652681291103363,0.027749473229050636,0.03644455224275589,0.013834563083946705,0.036422230303287506,0.04918651282787323,0.02370368130505085,0.020854517817497253,0.04973067343235016,0.030717065557837486,0.019452648237347603,0.022611798718571663,0.023860523477196693,0.02150587923824787,0.047098077833652496,0.03288348764181137,0.030459392815828323,0.25172534584999084,0.0397767499089241,0.03599771112203598,0.4835207164287567,0.036020565778017044,0.01615939661860466,0.00275851646438241,0.022906098514795303,0.01922893151640892,0.07770027965307236,0.04062871262431145,0.030402183532714844,0.34905028343200684,0.04242585971951485,0.039553117007017136,0.6118893623352051,0.030506080016493797,0.019561516121029854,0.012752053327858448,0.022086938843131065,0.016736559569835663,0.11399420350790024,0.038387030363082886,0.027053505182266235,0.3971630334854126,0.0246835108846426,0.03651143237948418,0.6471405029296875,0.02712709829211235,0.02244834043085575,0.021888453513383865,0.023376457393169403,0.014702416956424713,0.09062882512807846,0.02563336491584778,0.022279804572463036,0.30211204290390015,0.0193453561514616,0.03423507511615753,0.5110813975334167,0.03310060128569603
adios,0.0,0.0,0.0,-0.2745714783668518,-0.23708882927894592,-0.03133466839790344,-0.4328431189060211,-0.6237030625343323,-0.026606708765029907,-0.4614627957344055,-1.0119045972824097,-0.03457456827163696,-0.4412006437778473,-1.2797890901565552,-0.03678346425294876,-0.2937780022621155,-0.9409769773483276,0.08771444112062454,-0.32018908858299255,-1.2879399061203003,0.02383047714829445,-0.33005112409591675,-1.3087537288665771,-0.036330513656139374,-0.3371034264564514,-1.2964372634887695,-0.07058308273553848,-0.14103437960147858,-0.9872945547103882,0.06441976130008698,-0.17500732839107513,-1.349368691444397,-0.0037924412172287703,-0.19335243105888367,-1.339510202407837,-0.05745815113186836,-0.2088058739900589,-1.3095669746398926,-0.07764525711536407,0.007326098624616861,-0.9758192896842957,0.02309497818350792,-0.029082950204610825,-1.2997268438339233,-0.055490948259830475,-0.057155728340148926,-1.2719266414642334,-0.07330842316150665,-0.08172279596328735,-1.2285473346710205,-0.06370723247528076,0.1663452833890915,-0.914777934551239,-0.023015419021248817,0.12592318654060364,-1.195855975151062,-0.0789705365896225,0.08369730412960052,-1.183882474899292,-0.07288185507059097,0.044983141124248505,-1.1487693786621094,-0.05335726588964462,0.0,0.0,0.0,0.010315410792827606,0.030772114172577858,0.007271877024322748,0.028851721435785294,0.025144902989268303,0.014130148105323315,0.039114367216825485,0.04227855056524277,0.026629768311977386,0.02205716259777546,0.048671919852495193,0.037525076419115067,0.027064746245741844,0.020855093374848366,0.02396870031952858,0.02369321696460247,0.04479306563735008,0.04994543641805649,0.02915850095450878,0.24911968410015106,0.06245717033743858,0.03746615722775459,0.4826051890850067,0.059178709983825684,0.02160940319299698,0.003686205018311739,0.02698429301381111,0.021116990596055984,0.06805390864610672,0.06373376399278641,0.02446754276752472,0.3430328965187073,0.06551815569400787,0.03514895588159561,0.6096152067184448,0.04754219576716423,0.02171950601041317,0.01216405350714922,0.030871637165546417,0.024046065285801888,0.11059823632240295,0.06367865949869156,0.027231674641370773,0.40175700187683105,0.046239446848630905,0.034065697342157364,0.6495004296302795,0.02510579489171505,0.022331949323415756,0.021607529371976852,0.034931082278490067,0.02402619831264019,0.0836222693324089,0.048990581184625626,0.02561691589653492,0.297981858253479,0.034494541585445404,0.03141497075557709,0.5019548535346985,0.02870446816086769
adios,0.0,0.0,0.0,-0.283101886510849,-0.20830890536308289,-0.025153502821922302,-0.4496520459651947,-0.5862299799919128,-0.014858609065413475,-0.48559966683387756,-0.9744046330451965,-0.018577540293335915,-0.472384512424469,-1.2460899353027344,-0.017108578234910965,-0.31516847014427185,-0.920737624168396,0.10177530348300934,-0.35489529371261597,-1.2721850872039795,0.04678893834352493,-0.3701328635215759,-1.311622977256775,-0.009760606102645397,-0.37830376625061035,-1.3138431310653687,-0.04366905987262726,-0.1639387309551239,-0.9825811386108398,0.07731881737709045,-0.20921488106250763,-1.3453527688980103,0.01876921020448208,-0.2301878035068512,-1.3520371913909912,-0.0340019166469574,-0.2467215359210968,-1.3333660364151,-0.05668918415904045,-0.015663381665945053,-0.9880566596984863,0.034997183829545975,-0.0659864991903305,-1.3206084966659546,-0.0343935452401638,-0.09876768290996552,-1.3082085847854614,-0.053458042442798615,-0.1250014454126358,-1.2740503549575806,-0.04856671020388603,0.14818140864372253,-0.9462865591049194,-0.012158284895122051,0.09421940892934799,-1.2357065677642822,-0.06305906176567078,0.04618759825825691,-1.2343456745147705,-0.05880535766482353,0.004113652743399143,-1.2055338621139526,-0.043120283633470535,0.0,0.0,0.0,0.017611274495720863,0.03854134678840637,0.011338988319039345,0.03409929573535919,0.033803727477788925,0.022623348981142044,0.043566130101680756,0.04206133261322975,0.03746528550982475,0.024537499994039536,0.04238858073949814,0.051525264978408813,0.02672518603503704,0.022410867735743523,0.03314128518104553,0.02368791028857231,0.049870990216732025,0.06364156305789948,0.03157350793480873,0.23626205325126648,0.07676238566637039,0.04721599817276001,0.4666498005390167,0.07473532110452652,0.01973489299416542,0.004118171986192465,0.03568924218416214,0.022251222282648087,0.07647700607776642,0.07396642863750458,0.031761106103658676,0.3351741135120392,0.07621265947818756,0.05181815102696419,0.5982082486152649,0.061744991689920425,0.019631410017609596,0.011576066724956036,0.039476413279771805,0.02432476542890072,0.11233201622962952,0.07084252685308456,0.03666141629219055,0.3930797576904297,0.05413169786334038,0.055649351328611374,0.6406465172767639,0.03767042234539986,0.02227920852601528,0.02555226907134056,0.04380985349416733,0.022823622450232506,0.09582216292619705,0.0577639564871788,0.028271526098251343,0.30502521991729736,0.04389629140496254,0.04438012093305588,0.5108929872512817,0.03639841824769974
adios,0.0,0.0,0.0,-0.281024694442749,-0.22787360846996307,-0.02606218121945858,-0.4399293065071106,-0.6042283773422241,-0.017107447609305382,-0.47245240211486816,-0.9843922853469849,-0.02205117791891098,-0.4644279479980469,-1.247743010520935,-0.021248450502753258,-0.3023412525653839,-0.9311102628707886,0.09682202339172363,-0.3426789939403534,-1.274381160736084,0.0352083221077919,-0.35667556524276733,-1.300839900970459,-0.02470468357205391,-0.3658624291419983,-1.2828128337860107,-0.05896051600575447,-0.14614175260066986,-0.986050009727478,0.07138215750455856,-0.1873900145292282,-1.3439085483551025,0.006031232886016369,-0.20837481319904327,-1.339094877243042,-0.048810653388500214,-0.22741277515888214,-1.3097105026245117,-0.07110939919948578,0.006620409898459911,-0.9815910458564758,0.027894645929336548,-0.03460007905960083,-1.3111076354980469,-0.04957841709256172,-0.06533358991146088,-1.2880771160125732,-0.0697096660733223,-0.09173639118671417,-1.2402530908584595,-0.06269193440675735,0.17163649201393127,-0.9274533987045288,-0.020014192909002304,0.12626855075359344,-1.2126848697662354,-0.07684017717838287,0.081131711602211,-1.199995756149292,-0.07228295505046844,0.04079340025782585,-1.1551669836044312,-0.05429157614707947,0.0,0.0,0.0,0.01195597555488348,0.03206302970647812,0.010658000595867634,0.03050963766872883,0.030247272923588753,0.02192484214901924,0.03696725144982338,0.04209347069263458,0.034527748823165894,0.022746043279767036,0.041664060205221176,0.046741146594285965,0.02937215380370617,0.025158878415822983,0.026662496849894524,0.02254272624850273,0.04447793960571289,0.053951602429151535,0.029749829322099686,0.20906373858451843,0.06486432999372482,0.04574403539299965,0.43575626611709595,0.06037914752960205,0.019849838688969612,0.0037678435910493135,0.029057782143354416,0.01777525059878826,0.06575974822044373,0.0663902536034584,0.0274204108864069,0.3307940661907196,0.06838973611593246,0.047688551247119904,0.5934383273124695,0.052740588784217834,0.01888190023601055,0.0161147303879261,0.033290643244981766,0.01795133948326111,0.10228884220123291,0.0656321570277214,0.025742145255208015,0.3885265290737152,0.05051572248339653,0.040482159703969955,0.6346606612205505,0.036993082612752914,0.02274920605123043,0.02401014044880867,0.03785690665245056,0.017265938222408295,0.0718519315123558,0.053233321756124496,0.021994905546307564,0.28072866797447205,0.040284156799316406,0.03493756428360939,0.480472594499588,0.03566339984536171
adios,0.0,0.0,0.0,-0.2735844850540161,-0.2126246988773346,-0.03321928158402443,-0.4429256319999695,-0.5871482491493225,-0.03442050516605377,-0.4840175211429596,-0.9811345934867859,-0.049944229423999786,-0.45785394310951233,-1.2640793323516846,-0.05812221020460129,-0.3101397156715393,-0.9334288835525513,0.0874059796333313,-0.3443722128868103,-1.2731101512908936,0.013917431235313416,-0.3500337302684784,-1.2324154376983643,-0.051060982048511505,-0.35128939151763916,-1.1513047218322754,-0.08596852421760559,-0.15648536384105682,-0.9849126935005188,0.06367813795804977,-0.1958075612783432,-1.3277405500411987,-0.01584703102707863,-0.20392079651355743,-1.2339540719985962,-0.07174781709909439,-0.21265573799610138,-1.1254522800445557,-0.08966189622879028,-0.005027241073548794,-0.9808276891708374,0.021309586241841316,-0.048256099224090576,-1.28545081615448,-0.06800670921802521,-0.0684107169508934,-1.1652848720550537,-0.08056176453828812,-0.08601213991641998,-1.039412260055542,-0.06299573183059692,0.15863651037216187,-0.9308253526687622,-0.025582205504179,0.1085897833108902,-1.2004889249801636,-0.08694886416196823,0.06986550986766815,-1.1207044124603271,-0.07604162395000458,0.038957227021455765,-1.0158603191375732,-0.05029503256082535,0.0,0.0,0.0,0.016352936625480652,0.04028860479593277,0.0123608922585845,0.037744201719760895,0.04098118841648102,0.019278809428215027,0.04743428900837898,0.06358155608177185,0.026384428143501282,0.03194018825888634,0.07522747665643692,0.0352189727127552,0.028452469035983086,0.019791308790445328,0.033468786627054214,0.02009790763258934,0.038424327969551086,0.04613646864891052,0.021698342636227608,0.19550378620624542,0.05475889518857002,0.03435130417346954,0.4066219925880432,0.05123541131615639,0.02072867937386036,0.00438859686255455,0.030913451686501503,0.018761303275823593,0.05698975548148155,0.05375319719314575,0.02294500544667244,0.29704025387763977,0.055559538304805756,0.03726448863744736,0.5442208647727966,0.041827376931905746,0.020993774756789207,0.009641896933317184,0.030254965648055077,0.01966468058526516,0.08777515590190887,0.0527539998292923,0.024498019367456436,0.34952306747436523,0.03943135216832161,0.036402974277734756,0.5786460041999817,0.036285076290369034,0.024861853569746017,0.011422769166529179,0.032835453748703,0.020661182701587677,0.05177021771669388,0.04211034998297691,0.023005550727248192,0.235904261469841,0.03559030219912529,0.030441276729106903,0.41918548941612244,0.04486217722296715
adios,0.0,0.0,0.0,-0.26178622245788574,-0.24991407990455627,-0.04240909591317177,-0.42904824018478394,-0.6320511102676392,-0.050772953778505325,-0.4769858419895172,-1.0301417112350464,-0.07231704890727997,-0.43546658754348755,-1.3231844902038574,-0.08411909639835358,-0.29835671186447144,-0.9535130262374878,0.08330060541629791,-0.3253266513347626,-1.291447639465332,0.003696142230182886,-0.32034409046173096,-1.2117739915847778,-0.06269769370555878,-0.3154743015766144,-1.1056063175201416,-0.0967017188668251,-0.1451655477285385,-0.9871171712875366,0.06355846673250198,-0.17778152227401733,-1.3173877000808716,-0.026621121913194656,-0.1747499257326126,-1.1800262928009033,-0.08557073026895523,-0.17741288244724274,-1.0401744842529297,-0.10240490734577179,0.00383962644264102,-0.9722405672073364,0.024357346817851067,-0.030508557334542274,-1.2591158151626587,-0.07358528673648834,-0.0432480052113533,-1.1047909259796143,-0.08559747040271759,-0.05785055086016655,-0.9483575820922852,-0.06415572017431259,0.1577371060848236,-0.9150711894035339,-0.01980440691113472,0.11756551265716553,-1.1704941987991333,-0.08602529019117355,0.08611099421977997,-1.0643646717071533,-0.07505345344543457,0.06111748144030571,-0.9369853138923645,-0.046883538365364075,0.0,0.0,0.0,0.00918505061417818,0.019590869545936584,0.005379502195864916,0.02595212683081627,0.019359132274985313,0.009260101243853569,0.035171929746866226,0.0411173515021801,0.018667520955204964,0.015319287776947021,0.05150938406586647,0.026308007538318634,0.018228702247142792,0.02205575630068779,0.01596144773066044,0.013983047567307949,0.035829152911901474,0.03825739771127701,0.022838003933429718,0.20832660794258118,0.04789651557803154,0.042685288935899734,0.41491469740867615,0.04321415349841118,0.014186072163283825,0.0026967504527419806,0.01669355109333992,0.012850229628384113,0.06520210951566696,0.05235152691602707,0.02569284848868847,0.3158462643623352,0.05245153605937958,0.043536655604839325,0.5423362255096436,0.03631674870848656,0.01744198054075241,0.011791898868978024,0.019472636282444,0.01083898451179266,0.09453752636909485,0.051493823528289795,0.020507657900452614,0.35622793436050415,0.03225748986005783,0.029724569991230965,0.5655892491340637,0.027943357825279236,0.02115265280008316,0.014697534032166004,0.023985091596841812,0.009899013675749302,0.05843283608555794,0.03724047914147377,0.013470855541527271,0.24646946787834167,0.024656718596816063,0.020057348534464836,0.41282930970191956,0.03155266493558884
adios,0.0,0.0,0.0,-0.25686562061309814,-0.2419414073228836,-0.03667986020445824,-0.4085197448730469,-0.6327001452445984,-0.040971629321575165,-0.4405794143676758,-1.0150794982910156,-0.057617269456386566,-0.4110335409641266,-1.293460488319397,-0.06746374070644379,-0.27758848667144775,-0.9526771306991577,0.07209853827953339,-0.3078555166721344,-1.300790548324585,0.0008827297715470195,-0.3227146863937378,-1.2994835376739502,-0.06094350293278694,-0.33095917105674744,-1.2610514163970947,-0.09537345170974731,-0.1299935281276703,-0.9897193908691406,0.049651727080345154,-0.16934719681739807,-1.3452181816101074,-0.025727877393364906,-0.18932636082172394,-1.3063857555389404,-0.07989892363548279,-0.20438316464424133,-1.2459053993225098,-0.09971491247415543,0.016524987295269966,-0.9727169871330261,0.009216098114848137,-0.0256972499191761,-1.2968101501464844,-0.07374425232410431,-0.055007047951221466,-1.2387876510620117,-0.0907212644815445,-0.07997839152812958,-1.1650006771087646,-0.08045072853565216,0.17266389727592468,-0.9080018997192383,-0.036234479397535324,0.12524846196174622,-1.1815674304962158,-0.09720958769321442,0.08157677948474884,-1.1408087015151978,-0.09332971274852753,0.04564666375517845,-1.0737740993499756,-0.07485426217317581,0.0,0.0,0.0,0.010419938713312149,0.022286444902420044,0.010824078693985939,0.021395863965153694,0.03672542795538902,0.017847774550318718,0.030878646299242973,0.061139922589063644,0.028960326686501503,0.019538305699825287,0.06765640527009964,0.04030995070934296,0.017738670110702515,0.023634925484657288,0.028964871540665627,0.015708770602941513,0.044947583228349686,0.045344434678554535,0.02704746089875698,0.21843507885932922,0.05557689443230629,0.03643465042114258,0.4417463541030884,0.05206367373466492,0.01779034733772278,0.0024680416099727154,0.02774028852581978,0.016887670382857323,0.0661960318684578,0.053330112248659134,0.02545814774930477,0.313854843378067,0.05456015467643738,0.03539402782917023,0.565190851688385,0.040447626262903214,0.018804997205734253,0.011950029991567135,0.028169158846139908,0.01730024442076683,0.09719789028167725,0.051330000162124634,0.024400895461440086,0.3661472797393799,0.035253141075372696,0.03352600336074829,0.6027904748916626,0.03309781849384308,0.01984751969575882,0.017273375764489174,0.031194448471069336,0.018196431919932365,0.07437767088413239,0.039480749517679214,0.023607522249221802,0.27289271354675293,0.028921855613589287,0.027977842837572098,0.4651031196117401,0.03641819953918457
adios,0.0,0.0,0.0,-0.26588377356529236,-0.23021499812602997,-0.04077813774347305,-0.4260300099849701,-0.6113151907920837,-0.045305535197257996,-0.46159595251083374,-0.9996914863586426,-0.0604420006275177,-0.4324204921722412,-1.2846561670303345,-0.06935884058475494,-0.2877059578895569,-0.9423884153366089,0.06910200417041779,-0.3215235471725464,-1.3027342557907104,8.251825056504458e-05,-0.3320014178752899,-1.3402448892593384,-0.062075983732938766,-0.3378547132015228,-1.3416200876235962,-0.09841127693653107,-0.13226473331451416,-0.9893604516983032,0.04754282161593437,-0.16781732439994812,-1.353859543800354,-0.025941386818885803,-0.17949055135250092,-1.3533200025558472,-0.08218951523303986,-0.19239898025989532,-1.3323439359664917,-0.10535605996847153,0.017948057502508163,-0.9777884483337402,0.008036188781261444,-0.015368081629276276,-1.3169960975646973,-0.07425066828727722,-0.035764243453741074,-1.3021150827407837,-0.09273803234100342,-0.05740753561258316,-1.273942232131958,-0.08521066606044769,0.17384465038776398,-0.913428008556366,-0.036830656230449677,0.13903748989105225,-1.1986117362976074,-0.09806900471448898,0.105088971555233,-1.1928913593292236,-0.0949927419424057,0.0734417513012886,-1.1692029237747192,-0.07814640551805496,0.0,0.0,0.0,0.013058839365839958,0.030959485098719597,0.009077398106455803,0.04077092558145523,0.028701672330498695,0.013096434064209461,0.054409850388765335,0.05373667553067207,0.02015514485538006,0.03339605778455734,0.06415371596813202,0.027115561068058014,0.039361078292131424,0.018405523151159286,0.02627355046570301,0.03171679005026817,0.038442425429821014,0.025560053065419197,0.029533695429563522,0.2342650145292282,0.03851001709699631,0.03482510522007942,0.46325427293777466,0.03795940801501274,0.030086759477853775,0.004340446554124355,0.02207992970943451,0.03262150287628174,0.07023871690034866,0.034681838005781174,0.02972068265080452,0.3387073278427124,0.040628932416439056,0.032344501465559006,0.5999710559844971,0.028472011908888817,0.02149517647922039,0.005913830827921629,0.017673993483185768,0.027840886265039444,0.09343312680721283,0.03522419556975365,0.029520193114876747,0.37773987650871277,0.020994748920202255,0.027414482086896896,0.6336032152175903,0.028279831632971764,0.018517017364501953,0.01078439224511385,0.017964860424399376,0.018783753737807274,0.062372419983148575,0.02326931618154049,0.027885587885975838,0.2761108875274658,0.01694503054022789,0.029168259352445602,0.4899000823497772,0.03433150798082352
adios,0.0,0.0,0.0,-0.23648591339588165,-0.25994518399238586,-0.042697470635175705,-0.3758602738380432,-0.651647686958313,-0.05277671664953232,-0.4109077453613281,-1.022645115852356,-0.0721915140748024,-0.3890226483345032,-1.3051044940948486,-0.08353307098150253,-0.25491538643836975,-0.9649175405502319,0.0588454008102417,-0.28579071164131165,-1.3102953433990479,-0.010563405230641365,-0.2967788577079773,-1.3142926692962646,-0.06925644725561142,-0.3038950264453888,-1.2977612018585205,-0.10248631238937378,-0.11315421760082245,-0.9920953512191772,0.03989586979150772,-0.1472802758216858,-1.3369500637054443,-0.03143737465143204,-0.16123796999454498,-1.3127186298370361,-0.08147972077131271,-0.1738332211971283,-1.2884328365325928,-0.10120989382266998,0.024079296737909317,-0.9653267860412598,0.0034336422104388475,-0.01049063727259636,-1.2843220233917236,-0.07311210036277771,-0.03244383633136749,-1.2512505054473877,-0.08546897023916245,-0.05289657786488533,-1.216811180114746,-0.07543935626745224,0.1650199592113495,-0.8903676271438599,-0.03877018764615059,0.12528710067272186,-1.1575413942337036,-0.09285057336091995,0.09149843454360962,-1.1404865980148315,-0.08638523519039154,0.06493157148361206,-1.1138979196548462,-0.06835515797138214,0.0,0.0,0.0,0.013599440455436707,0.022118503227829933,0.008359594270586967,0.03678755834698677,0.028125617653131485,0.011710415594279766,0.04836483672261238,0.06097429245710373,0.016679929569363594,0.0211117472499609,0.07700852304697037,0.023111017420887947,0.023927241563796997,0.025076542049646378,0.034789446741342545,0.016701631247997284,0.029688632115721703,0.03645575791597366,0.017887132242321968,0.21605408191680908,0.040785182267427444,0.029829420149326324,0.4367501139640808,0.03660866990685463,0.01630086451768875,0.0032045517582446337,0.032789744436740875,0.015483311377465725,0.062225744128227234,0.044458724558353424,0.01647023670375347,0.3338436484336853,0.043632712215185165,0.028514400124549866,0.5752990245819092,0.031765908002853394,0.017037708312273026,0.0111795449629426,0.029332054778933525,0.011859072372317314,0.09025277197360992,0.045108992606401443,0.015826690942049026,0.36962762475013733,0.031921785324811935,0.02470046654343605,0.6026118397712708,0.03969847038388252,0.026735754683613777,0.01368660293519497,0.02807002142071724,0.013674134388566017,0.06010670214891434,0.0362907275557518,0.01590857282280922,0.27382850646972656,0.03242010250687599,0.021952057257294655,0.468681663274765,0.044025175273418427
adios,0.0,0.0,0.0,-0.24377942085266113,-0.26751917600631714,-0.031485602259635925,-0.3785746693611145,-0.6626291275024414,-0.03367035463452339,-0.4049934446811676,-1.0408294200897217,-0.049827732145786285,-0.3882926106452942,-1.3250620365142822,-0.058776576071977615,-0.25672397017478943,-0.9610149264335632,0.08992964029312134,-0.29207855463027954,-1.2855077981948853,0.023282339796423912,-0.3111322820186615,-1.2613160610198975,-0.037306398153305054,-0.32334572076797485,-1.2154114246368408,-0.07138032466173172,-0.1213473230600357,-0.9897372126579285,0.06711181253194809,-0.16784068942070007,-1.3103607892990112,-0.004075030330568552,-0.18986812233924866,-1.2537562847137451,-0.05779749155044556,-0.20712411403656006,-1.1932414770126343,-0.07825399190187454,0.01343847531825304,-0.9676668047904968,0.025864046066999435,-0.038121212273836136,-1.2626630067825317,-0.05369377136230469,-0.06842020899057388,-1.1870346069335938,-0.06829167902469635,-0.09296827018260956,-1.1064282655715942,-0.05661716312170029,0.160836324095726,-0.9025737643241882,-0.02029098942875862,0.1017623320221901,-1.1612298488616943,-0.07640042155981064,0.056156791746616364,-1.1124439239501953,-0.06978513300418854,0.02043728344142437,-1.0465679168701172,-0.04972308129072189,0.0,0.0,0.0,0.012374837882816792,0.023369060829281807,0.013451976701617241,0.030214356258511543,0.024419298395514488,0.017628641799092293,0.03572482243180275,0.038222573697566986,0.02435818314552307,0.023813562467694283,0.05453654006123543,0.03525557368993759,0.011500831693410873,0.029446018859744072,0.03452998772263527,0.011365214362740517,0.036101896315813065,0.04704605042934418,0.019763372838497162,0.19760532677173615,0.05532427504658699,0.036721836775541306,0.4145723581314087,0.050164226442575455,0.011255262419581413,0.003218217520043254,0.03246230259537697,0.013238281942903996,0.05731843784451485,0.05830199271440506,0.022771993651986122,0.3116077184677124,0.05952784791588783,0.04433233290910721,0.5522459745407104,0.04294498637318611,0.01889435388147831,0.011049159802496433,0.03200400620698929,0.01331484504044056,0.08928870409727097,0.05957783758640289,0.02192382700741291,0.35741686820983887,0.04299362748861313,0.043142419308423996,0.5772241353988647,0.029157474637031555,0.025239991024136543,0.017335539683699608,0.03459426760673523,0.0135950380936265,0.060792017728090286,0.048147063702344894,0.013448583893477917,0.26271525025367737,0.0341147743165493,0.0335833877325058,0.44548270106315613,0.0317644439637661
adios,0.0,0.0,0.0,-0.24828927218914032,-0.25539448857307434,-0.031099164858460426,-0.39080584049224854,-0.6627845764160156,-0.030691321939229965,-0.4192049503326416,-1.0457818508148193,-0.045109886676073074,-0.3971012830734253,-1.3202261924743652,-0.05114360898733139,-0.25959667563438416,-0.9586588740348816,0.0957074984908104,-0.2954554855823517,-1.2836663722991943,0.027349140495061874,-0.3205992579460144,-1.2331786155700684,-0.033738553524017334,-0.33396416902542114,-1.158103585243225,-0.06679239124059677,-0.1251690536737442,-0.9892002940177917,0.07207737118005753,-0.17141468822956085,-1.3246418237686157,-0.0038412176072597504,-0.20473511517047882,-1.243283748626709,-0.05780992656946182,-0.2244260013103485,-1.1494357585906982,-0.07526733726263046,0.009159798733890057,-0.9681569337844849,0.029185384511947632,-0.04214909300208092,-1.2738405466079712,-0.052043747156858444,-0.0846957266330719,-1.1788008213043213,-0.06602154672145844,-0.11185286939144135,-1.0723748207092285,-0.051903605461120605,0.15809676051139832,-0.9032230377197266,-0.01890181005001068,0.09880765527486801,-1.1709332466125488,-0.07331253588199615,0.044481195509433746,-1.1157231330871582,-0.06565926969051361,0.005962320603430271,-1.0332087278366089,-0.0444401316344738,0.0,0.0,0.0,0.012775399722158909,0.014832470566034317,0.010258550755679607,0.03306934982538223,0.02268305793404579,0.01256021298468113,0.03750443086028099,0.045447804033756256,0.021758442744612694,0.022381437942385674,0.06548658758401871,0.03318236395716667,0.009898975491523743,0.02969459444284439,0.023229055106639862,0.012414784170687199,0.0490691177546978,0.047218892723321915,0.02216321974992752,0.19264820218086243,0.05993567407131195,0.04133875295519829,0.39357107877731323,0.05605537071824074,0.007725127041339874,0.0023783936630934477,0.023560041561722755,0.01516889687627554,0.05491763353347778,0.06177833303809166,0.024905411526560783,0.2838156819343567,0.06537190079689026,0.0480554923415184,0.5095478296279907,0.04912716522812843,0.018273262307047844,0.01319793239235878,0.02758060395717621,0.018529141321778297,0.0891633927822113,0.06304473429918289,0.02167143113911152,0.340583860874176,0.046557094901800156,0.0435187965631485,0.5466022491455078,0.027689607813954353,0.026502540335059166,0.02178332209587097,0.0336461067199707,0.020740224048495293,0.06664814054965973,0.04981539770960808,0.013830295763909817,0.252151221036911,0.03442975506186485,0.03432430326938629,0.42295849323272705,0.027119014412164688
adios,0.0,0.0,0.0,-0.25678327679634094,-0.2144317328929901,-0.03502797335386276,-0.4157463610172272,-0.5936253666877747,-0.037343788892030716,-0.4597936272621155,-0.9728580713272095,-0.052121806889772415,-0.44871360063552856,-1.2548298835754395,-0.059607625007629395,-0.30044886469841003,-0.9310013651847839,0.08095784485340118,-0.33649083971977234,-1.2784409523010254,0.014452609233558178,-0.35206976532936096,-1.2759063243865967,-0.04806741699576378,-0.36191993951797485,-1.2210760116577148,-0.08330286294221878,-0.1563425362110138,-0.984948992729187,0.05960351228713989,-0.19997058808803558,-1.3372490406036377,-0.009219232015311718,-0.21700195968151093,-1.2991034984588623,-0.06559217721223831,-0.23035100102424622,-1.2209365367889404,-0.08825531601905823,-0.012924933806061745,-0.9814366102218628,0.020569436252117157,-0.05967431515455246,-1.3071320056915283,-0.05602646619081497,-0.08491101115942001,-1.2466955184936523,-0.07453429698944092,-0.10518909990787506,-1.1563044786453247,-0.06669621169567108,0.14299634099006653,-0.931465744972229,-0.023545507341623306,0.0915212407708168,-1.2066328525543213,-0.0793837457895279,0.04911003261804581,-1.167503833770752,-0.07519800961017609,0.015865588560700417,-1.0900804996490479,-0.0574413426220417,0.0,0.0,0.0,0.019131304696202278,0.030993560329079628,0.016404327005147934,0.048118215054273605,0.05394255369901657,0.020759284496307373,0.06683707982301712,0.07453018426895142,0.02236611768603325,0.05499941110610962,0.08606462925672531,0.02856857143342495,0.04140176251530647,0.013319249264895916,0.03894948959350586,0.04373800754547119,0.04469721391797066,0.0313025638461113,0.044544968754053116,0.2108571082353592,0.038022398948669434,0.04960760474205017,0.4217340350151062,0.03791450336575508,0.027633097022771835,0.005476919002830982,0.03295915201306343,0.03493618965148926,0.05918862670660019,0.03586168959736824,0.03425796702504158,0.2847384214401245,0.04363914579153061,0.039705436676740646,0.5268991589546204,0.03706052154302597,0.014643377624452114,0.00944725051522255,0.028102967888116837,0.02303401008248329,0.07938436418771744,0.038455780595541,0.02386494353413582,0.3273927867412567,0.03044012375175953,0.03047388605773449,0.5574042797088623,0.03052649460732937,0.012749584391713142,0.019409555941820145,0.028886200860142708,0.01695934869349003,0.0573277622461319,0.031974464654922485,0.014750920236110687,0.23609298467636108,0.025361713021993637,0.01818014681339264,0.4251154065132141,0.035088058561086655
adios,0.0,0.0,0.0,-0.2211534082889557,-0.2609885036945343,-0.045691248029470444,-0.3586028814315796,-0.6526161432266235,-0.05633837729692459,-0.39308154582977295,-1.020169973373413,-0.07654134929180145,-0.37056833505630493,-1.3045307397842407,-0.08757413923740387,-0.24476584792137146,-0.9631619453430176,0.06629540771245956,-0.2708970606327057,-1.2855570316314697,-0.004005325958132744,-0.27220478653907776,-1.2516173124313354,-0.06592603027820587,-0.2723611295223236,-1.2003768682479858,-0.1009901762008667,-0.11092688143253326,-0.9917974472045898,0.04899784177541733,-0.1412188559770584,-1.3158752918243408,-0.023748569190502167,-0.1480507254600525,-1.2564681768417358,-0.07694630324840546,-0.1557835191488266,-1.196679949760437,-0.0976267009973526,0.019594503566622734,-0.9637252688407898,0.013296442106366158,-0.011372119188308716,-1.2593146562576294,-0.06453116238117218,-0.028009142726659775,-1.1909656524658203,-0.07730159163475037,-0.044592905789613724,-1.1214960813522339,-0.0661122053861618,0.15371620655059814,-0.8872905969619751,-0.028616424649953842,0.11637888103723526,-1.1357576847076416,-0.08298198878765106,0.08529504388570786,-1.097217321395874,-0.07630235701799393,0.06126754730939865,-1.0483644008636475,-0.057295698672533035,0.0,0.0,0.0,0.01567075215280056,0.027568945661187172,0.011872967705130577,0.04023291915655136,0.03142545372247696,0.018222682178020477,0.05298377946019173,0.04739527404308319,0.02405075542628765,0.03290758654475212,0.056219276040792465,0.03211991861462593,0.0316365510225296,0.020473292097449303,0.037287477403879166,0.03123762272298336,0.03132018446922302,0.044478267431259155,0.02427327074110508,0.22090911865234375,0.051133401691913605,0.02452257089316845,0.4337861239910126,0.04811700060963631,0.021517859771847725,0.0038125007413327694,0.033981479704380035,0.022709930315613747,0.06035437807440758,0.053349364548921585,0.01860237494111061,0.3162248134613037,0.05381659045815468,0.02162577584385872,0.5507359504699707,0.04092506319284439,0.015347303822636604,0.0076784538105130196,0.030701084062457085,0.01366131566464901,0.0843815878033638,0.05289982259273529,0.013736695982515812,0.35047394037246704,0.03765977919101715,0.014479799196124077,0.5722421407699585,0.034861043095588684,0.016974695026874542,0.010588559322059155,0.03056078962981701,0.009309295564889908,0.059787359088659286,0.04238172248005867,0.011271907947957516,0.25957438349723816,0.03265533223748207,0.012639735825359821,0.4406166970729828,0.03724837303161621
adios,0.0,0.0,0.0,-0.2181871235370636,-0.2659333348274231,-0.055883586406707764,-0.3575926423072815,-0.6641339659690857,-0.07306228578090668,-0.38799041509628296,-1.0365662574768066,-0.09671231359243393,-0.34254759550094604,-1.3103759288787842,-0.10891395807266235,-0.23221059143543243,-0.9737704992294312,0.04275807738304138,-0.2539270520210266,-1.2715704441070557,-0.03106539510190487,-0.2576097548007965,-1.1855074167251587,-0.08849489688873291,-0.26096677780151367,-1.1006600856781006,-0.11940769106149673,-0.09319324791431427,-0.9944078326225281,0.031142111867666245,-0.11981189250946045,-1.2776947021484375,-0.051459383219480515,-0.1276397556066513,-1.1551448106765747,-0.10005400329828262,-0.13549751043319702,-1.0610992908477783,-0.11467673629522324,0.04058700054883957,-0.9583027958869934,0.001721069565974176,0.016792993992567062,-1.2132062911987305,-0.08614809811115265,-0.0025994766037911177,-1.0896131992340088,-0.09224912524223328,-0.02160281501710415,-0.980549693107605,-0.07286319136619568,0.17241829633712769,-0.8762532472610474,-0.034005843102931976,0.14577385783195496,-1.0993010997772217,-0.09540943801403046,0.11418671905994415,-1.0241742134094238,-0.08592726290225983,0.08814911544322968,-0.947891116142273,-0.06200399249792099,0.0,0.0,0.0,0.012763861566781998,0.024924349039793015,0.009792777709662914,0.033041711896657944,0.03963637724518776,0.017330368980765343,0.039347968995571136,0.05441499128937721,0.02567693591117859,0.01771317981183529,0.05229874327778816,0.03294281288981438,0.019231395795941353,0.02545800991356373,0.03438364341855049,0.018446775153279305,0.035634566098451614,0.05937346816062927,0.018492313101887703,0.22987638413906097,0.06258416920900345,0.02284492366015911,0.44104012846946716,0.05272429436445236,0.018277941271662712,0.0031304028816521168,0.033973436802625656,0.016518130898475647,0.07992449402809143,0.07403989881277084,0.01711992360651493,0.3449729382991791,0.06807594001293182,0.025872303172945976,0.5706910490989685,0.046315498650074005,0.023816505447030067,0.010247095488011837,0.0345119871199131,0.018749820068478584,0.10488822311162949,0.07121752202510834,0.014231895096600056,0.3768603503704071,0.04747888445854187,0.016898857429623604,0.5886206030845642,0.031261201947927475,0.02567814290523529,0.014722269028425217,0.036010853946208954,0.020078592002391815,0.07198502868413925,0.05512208491563797,0.013496928848326206,0.2750370502471924,0.038469284772872925,0.013946718536317348,0.4444221556186676,0.03070645034313202
adios,0.0,0.0,0.0,-0.22005435824394226,-0.24968628585338593,-0.05793199688196182,-0.36514535546302795,-0.644932210445404,-0.078342504799366,-0.4025645852088928,-1.0099804401397705,-0.1042591780424118,-0.37640082836151123,-1.291387677192688,-0.11934517323970795,-0.24712464213371277,-0.9665241241455078,0.02651599422097206,-0.2764037549495697,-1.2795389890670776,-0.0487138107419014,-0.28363722562789917,-1.2233874797821045,-0.10341423749923706,-0.28795066475868225,-1.1859229803085327,-0.13310715556144714,-0.10777763277292252,-0.9932984113693237,0.01334365177899599,-0.13920868933200836,-1.3023402690887451,-0.06633974611759186,-0.1539740264415741,-1.2258985042572021,-0.10966712236404419,-0.16467195749282837,-1.1875642538070679,-0.12275800853967667,0.02743357978761196,-0.9629229307174683,-0.017326774075627327,0.000829799915663898,-1.2482330799102783,-0.09844889491796494,-0.022587258368730545,-1.1783417463302612,-0.10144052654504776,-0.042593684047460556,-1.1342873573303223,-0.08370907604694366,0.16118016839027405,-0.8835784792900085,-0.054935865104198456,0.1339486986398697,-1.1301792860031128,-0.1094617024064064,0.1006297916173935,-1.0984212160110474,-0.0990336611866951,0.07434836775064468,-1.070798635482788,-0.07726806402206421,0.0,0.0,0.0,0.011704930104315281,0.028530918061733246,0.010312272235751152,0.029626045376062393,0.04731503874063492,0.017609748989343643,0.03558028116822243,0.06325393170118332,0.022679198533296585,0.016132105141878128,0.05926281586289406,0.027787262573838234,0.014139926992356777,0.028790395706892014,0.0383751317858696,0.016190040856599808,0.03362633287906647,0.04775312915444374,0.026134759187698364,0.2600707709789276,0.04672849550843239,0.03612663596868515,0.47601959109306335,0.040520038455724716,0.016996152698993683,0.002552505349740386,0.03562135249376297,0.021166019141674042,0.08829627931118011,0.058957044035196304,0.03169381618499756,0.3711406886577606,0.054588355123996735,0.04342714324593544,0.6025692820549011,0.04363171383738518,0.02205674536526203,0.012929455377161503,0.031506601721048355,0.027329420670866966,0.12278889864683151,0.053639449179172516,0.028634611517190933,0.3980863690376282,0.039527393877506256,0.031270451843738556,0.6207782626152039,0.044416315853595734,0.022245625033974648,0.02019338868558407,0.029222294688224792,0.028642162680625916,0.09152411669492722,0.03937821835279465,0.028091592714190483,0.2908352017402649,0.03575781732797623,0.028315799310803413,0.4707217216491699,0.0450606532394886
adios,0.0,0.0,0.0,-0.23952575027942657,-0.24834653735160828,-0.04538659378886223,-0.3896523416042328,-0.6499502062797546,-0.05838121101260185,-0.4245484471321106,-1.0149848461151123,-0.08002364635467529,-0.39961376786231995,-1.2892510890960693,-0.09379138797521591,-0.26278597116470337,-0.9608573913574219,0.04034058004617691,-0.30130717158317566,-1.280864953994751,-0.03275489807128906,-0.3166198134422302,-1.2476747035980225,-0.09082312881946564,-0.3269362151622772,-1.2059727907180786,-0.1231728196144104,-0.12481514364480972,-0.9911982417106628,0.020451847463846207,-0.16693304479122162,-1.3156191110610962,-0.05888095498085022,-0.18956242501735687,-1.2535587549209595,-0.10630591213703156,-0.20560011267662048,-1.1956064701080322,-0.12146049737930298,0.011392341926693916,-0.9658159017562866,-0.015957508236169815,-0.029860805720090866,-1.2608188390731812,-0.09751124680042267,-0.05796394869685173,-1.1850906610488892,-0.10350389778614044,-0.08081378042697906,-1.1159207820892334,-0.08700919896364212,0.14883778989315033,-0.8911350965499878,-0.058298736810684204,0.10425783693790436,-1.1345767974853516,-0.11553572118282318,0.06816168129444122,-1.0835483074188232,-0.10512147098779678,0.041749440133571625,-1.0304721593856812,-0.082563616335392,0.0,0.0,0.0,0.012696667574346066,0.02279447764158249,0.013246232643723488,0.028966370970010757,0.04130801558494568,0.02007155679166317,0.03338652849197388,0.054967716336250305,0.02470514550805092,0.019041355699300766,0.05330254137516022,0.03020905889570713,0.015911150723695755,0.02833995409309864,0.03951382637023926,0.015133312903344631,0.03575555607676506,0.04875808581709862,0.029752422124147415,0.2515125572681427,0.05185158923268318,0.04873594269156456,0.4738144278526306,0.047160349786281586,0.014913204126060009,0.002592111239209771,0.03605195879936218,0.015477699227631092,0.08783534914255142,0.05727752670645714,0.03400442376732826,0.361519992351532,0.054979827255010605,0.05766495317220688,0.6011258363723755,0.042437899857759476,0.018467843532562256,0.015027480199933052,0.03215162828564644,0.017099734395742416,0.128268301486969,0.053644660860300064,0.02970852144062519,0.4061291813850403,0.03864365071058273,0.04662918671965599,0.6320303082466125,0.03988127037882805,0.018811188638210297,0.02398482896387577,0.0305020809173584,0.017123132944107056,0.10616999864578247,0.04221770912408829,0.021460281684994698,0.3156172037124634,0.03491564467549324,0.03242550045251846,0.49658897519111633,0.040518179535865784
adios,0.0,0.0,0.0,-0.2620110809803009,-0.2287963628768921,-0.027637507766485214,-0.42197781801223755,-0.6117809414863586,-0.02986776828765869,-0.46030527353286743,-0.9908970594406128,-0.04778474196791649,-0.4358139634132385,-1.267087697982788,-0.058871954679489136,-0.286704957485199,-0.9434008598327637,0.08989772945642471,-0.33312326669692993,-1.2398889064788818,0.016477657482028008,-0.35162875056266785,-1.17962646484375,-0.05044817179441452,-0.36027011275291443,-1.0873947143554688,-0.08786536753177643,-0.14820566773414612,-0.9863370060920715,0.06156722456216812,-0.2022605687379837,-1.3019803762435913,-0.018215620890259743,-0.22776612639427185,-1.2108664512634277,-0.0763445720076561,-0.2432890385389328,-1.095093011856079,-0.09719274193048477,-0.004865872673690319,-0.9744162559509277,0.014994573779404163,-0.06428761780261993,-1.259156346321106,-0.07247462123632431,-0.09699873626232147,-1.1373387575149536,-0.08790303021669388,-0.12004892528057098,-1.0013062953948975,-0.07430017739534378,0.15270456671714783,-0.9127901196479797,-0.03598475083708763,0.0831281766295433,-1.146244764328003,-0.09806399792432785,0.03504759818315506,-1.0553858280181885,-0.09129784256219864,0.0007002603379078209,-0.9392520785331726,-0.06959836184978485,0.0,0.0,0.0,0.01916346698999405,0.02845114842057228,0.013034523464739323,0.04357542470097542,0.028667690232396126,0.017663052305579185,0.05175250396132469,0.03992024064064026,0.022090669721364975,0.031201383098959923,0.0562773160636425,0.028838982805609703,0.026326371356844902,0.02297774702310562,0.03008812479674816,0.02709854766726494,0.048755064606666565,0.047885000705718994,0.02928764931857586,0.18869051337242126,0.05587172508239746,0.04423419386148453,0.3716457486152649,0.05117889121174812,0.0204927958548069,0.00433275057002902,0.03074544668197632,0.023277422413229942,0.0763663500547409,0.05998098850250244,0.025013916194438934,0.286684513092041,0.06071944907307625,0.047979868948459625,0.4975760281085968,0.0470975786447525,0.01855078525841236,0.010594605468213558,0.03338443115353584,0.022046033293008804,0.10051818937063217,0.05972911790013313,0.023647001013159752,0.33849048614501953,0.04462198540568352,0.04377548024058342,0.5334632992744446,0.03795963153243065,0.021000424399971962,0.01839824579656124,0.038177527487277985,0.02170073799788952,0.07185790687799454,0.04993170499801636,0.013342919759452343,0.2498396635055542,0.03898579999804497,0.029763255268335342,0.40335139632225037,0.04069843515753746
adios,0.0,0.0,0.0,-0.24766674637794495,-0.22141993045806885,-0.05520860478281975,-0.4131433367729187,-0.6079443693161011,-0.06810151040554047,-0.4550403952598572,-1.0057450532913208,-0.08729599416255951,-0.42322951555252075,-1.2961928844451904,-0.09673865884542465,-0.2840350270271301,-0.9484013319015503,0.04860819876194,-0.3072057068347931,-1.279944658279419,-0.024527976289391518,-0.2978045344352722,-1.250334620475769,-0.084160715341568,-0.289313405752182,-1.2016925811767578,-0.11708557605743408,-0.13696074485778809,-0.9892045259475708,0.035590607672929764,-0.16432449221611023,-1.3352347612380981,-0.04304683953523636,-0.15757086873054504,-1.2602288722991943,-0.09345537424087524,-0.15422573685646057,-1.1819781064987183,-0.1097690686583519,0.006109113339334726,-0.9708111882209778,0.00431683287024498,-0.02197924628853798,-1.2874095439910889,-0.08084572106599808,-0.030166160315275192,-1.1976590156555176,-0.09056051820516586,-0.038665540516376495,-1.099767804145813,-0.0744546502828598,0.15567785501480103,-0.9052438735961914,-0.03335368633270264,0.12088221311569214,-1.170049786567688,-0.0938975065946579,0.09391628205776215,-1.1132222414016724,-0.08662845194339752,0.07205850630998611,-1.0360314846038818,-0.0652296245098114,0.0,0.0,0.0,0.009604208171367645,0.029742689803242683,0.009940861724317074,0.04059445858001709,0.01548193022608757,0.016469059512019157,0.062102604657411575,0.023235853761434555,0.02528146468102932,0.028282586485147476,0.0350494347512722,0.0311500895768404,0.032783593982458115,0.010827146470546722,0.024805743247270584,0.0300544872879982,0.05570149049162865,0.04137922823429108,0.023684022948145866,0.2605108618736267,0.04707404598593712,0.028990572318434715,0.4686345160007477,0.0416608527302742,0.027451230213046074,0.004310988821089268,0.02603287436068058,0.02802412398159504,0.07327084988355637,0.05462619662284851,0.022965705022215843,0.33498725295066833,0.05409550666809082,0.028460871428251266,0.5680543780326843,0.03828977420926094,0.0236942321062088,0.005829938687384129,0.027012774720788002,0.02281319536268711,0.09463655203580856,0.055586282163858414,0.02629290334880352,0.3555006682872772,0.03911830857396126,0.02628363110125065,0.5688472390174866,0.03294028714299202,0.021517736837267876,0.016169114038348198,0.028873033821582794,0.02401755377650261,0.06018070504069328,0.043342478573322296,0.02988331764936447,0.24926678836345673,0.033419251441955566,0.029237709939479828,0.4214341640472412,0.03423427417874336
adios,0.0,0.0,0.0,-0.21286122500896454,-0.27103763818740845,-0.06007584184408188,-0.35640043020248413,-0.6660416126251221,-0.08057590574026108,-0.3883917033672333,-1.0503647327423096,-0.10852719843387604,-0.33190786838531494,-1.3343414068222046,-0.1249452456831932,-0.22587423026561737,-0.977922797203064,0.052835118025541306,-0.23388095200061798,-1.2474290132522583,-0.030248969793319702,-0.22167590260505676,-1.1404705047607422,-0.09545894712209702,-0.21585600078105927,-1.0118217468261719,-0.1278693974018097,-0.08535335212945938,-0.9947994947433472,0.0428745411336422,-0.10138547420501709,-1.2748560905456543,-0.05234658718109131,-0.09728012979030609,-1.1109230518341064,-0.10925141721963882,-0.1000179871916771,-0.9415537118911743,-0.12315118312835693,0.050780992954969406,-0.9576206207275391,0.013619935140013695,0.03183109685778618,-1.1821951866149902,-0.08805640041828156,0.014159361831843853,-0.9968554377555847,-0.09994790703058243,-0.00642698910087347,-0.8099360466003418,-0.07661139219999313,0.18714551627635956,-0.8754585385322571,-0.02157827466726303,0.15746763348579407,-1.078046441078186,-0.09046518057584763,0.12154972553253174,-0.9502445459365845,-0.08260273933410645,0.09092053025960922,-0.8039153218269348,-0.05533828213810921,0.0,0.0,0.0,0.010852201841771603,0.02690272033214569,0.008780877105891705,0.0169011652469635,0.025070616975426674,0.015412413515150547,0.022300679236650467,0.03380880877375603,0.02359524928033352,0.02027345634996891,0.04615357145667076,0.03062291443347931,0.016115088015794754,0.017926622182130814,0.03293703496456146,0.009638004936277866,0.06882151961326599,0.05534116178750992,0.022114012390375137,0.22890126705169678,0.05826069414615631,0.03097066655755043,0.39451107382774353,0.05061454698443413,0.016867244616150856,0.002655694028362632,0.030967382714152336,0.00928356684744358,0.09603390842676163,0.06782576441764832,0.014753894880414009,0.2939862906932831,0.06421682983636856,0.02021601051092148,0.46778544783592224,0.04557814076542854,0.020138394087553024,0.011520414613187313,0.030124951153993607,0.014258765615522861,0.12311099469661713,0.06472533196210861,0.012342614121735096,0.32294121384620667,0.04661373794078827,0.012911545112729073,0.46791520714759827,0.02570224180817604,0.018813470378518105,0.017603717744350433,0.030851958319544792,0.013594154268503189,0.08797838538885117,0.049520641565322876,0.01201263815164566,0.23992040753364563,0.03593618795275688,0.015135390684008598,0.3546052873134613,0.024437572807073593
adios,0.0,0.0,0.0,-0.21761055290699005,-0.26718252897262573,-0.06194036453962326,-0.36850517988204956,-0.6761868596076965,-0.08240960538387299,-0.40545549988746643,-1.0681167840957642,-0.10885204374790192,-0.35119062662124634,-1.3559257984161377,-0.12300191074609756,-0.23797333240509033,-0.9775071144104004,0.045842379331588745,-0.24161426723003387,-1.2604196071624756,-0.03867683932185173,-0.2234427034854889,-1.1537500619888306,-0.10390044748783112,-0.2115810215473175,-1.0286259651184082,-0.13675212860107422,-0.09049935638904572,-0.9946296811103821,0.03553264960646629,-0.09630978852510452,-1.2903996706008911,-0.05538883060216904,-0.08709405362606049,-1.1469261646270752,-0.10714195668697357,-0.08687235414981842,-1.005260944366455,-0.11965356022119522,0.05097368359565735,-0.9555765390396118,0.005335913505405188,0.04340200126171112,-1.204341173171997,-0.09210449457168579,0.03298754617571831,-1.0526536703109741,-0.09844764322042465,0.014709493145346642,-0.9082528948783875,-0.07439082860946655,0.1912224143743515,-0.8681427240371704,-0.03130783885717392,0.17606984078884125,-1.0889784097671509,-0.09849671274423599,0.1464916616678238,-0.9871436357498169,-0.0876651480793953,0.11687997728586197,-0.8772690892219543,-0.06013618782162666,0.0,0.0,0.0,0.012343854643404484,0.032596927136182785,0.008713091723620892,0.014996517449617386,0.0507844015955925,0.014844033867120743,0.01837531290948391,0.06348156929016113,0.0222792811691761,0.03426821902394295,0.068498395383358,0.02791231870651245,0.02383512444794178,0.029605690389871597,0.026047682389616966,0.028311369940638542,0.04288385808467865,0.045993175357580185,0.035906869918107986,0.17014755308628082,0.048998355865478516,0.04118780791759491,0.33878758549690247,0.04121733829379082,0.026768237352371216,0.0028911172412335873,0.02311616577208042,0.022770613431930542,0.061706893146038055,0.06282003968954086,0.02515462413430214,0.27869829535484314,0.061344701796770096,0.028567582368850708,0.4868485927581787,0.04236365109682083,0.029813973233103752,0.008890457451343536,0.020815853029489517,0.02381140924990177,0.09546852856874466,0.0585239939391613,0.019189169630408287,0.3276352286338806,0.0406513512134552,0.019341884180903435,0.5178865790367126,0.02117026597261429,0.029807407408952713,0.015360288321971893,0.02017035149037838,0.020849689841270447,0.06909200549125671,0.04067925363779068,0.014884577132761478,0.23701128363609314,0.026477960869669914,0.01762043870985508,0.3883526027202606,0.019303619861602783
adios,0.0,0.0,0.0,-0.06259417533874512,-0.20664143562316895,-0.1431594043970108,-0.136013001203537,-0.49988484382629395,-0.23648855090141296,-0.17795495688915253,-0.7342525720596313,-0.3136696219444275,-0.16671037673950195,-0.9236486554145813,-0.3835161030292511,-0.13602855801582336,-0.9362537264823914,-0.20069769024848938,-0.21641679108142853,-0.8654173612594604,-0.33623236417770386,-0.24876201152801514,-0.6752455830574036,-0.42187610268592834,-0.2767452299594879,-0.5321035385131836,-0.46837320923805237,-0.08825002610683441,-0.8703662753105164,-0.19251035153865814,-0.21832922101020813,-0.7465544939041138,-0.3104124069213867,-0.28870904445648193,-0.5548298954963684,-0.3591037094593048,-0.34657296538352966,-0.4346398711204529,-0.384694904088974,-0.03757013753056526,-0.6974765062332153,-0.19751660525798798,-0.18129031360149384,-0.5361068844795227,-0.3170325756072998,-0.2720869779586792,-0.36557358503341675,-0.32820749282836914,-0.34266364574432373,-0.27106785774230957,-0.32110312581062317,0.012278089299798012,-0.46072012186050415,-0.21383066475391388,-0.11146141588687897,-0.31505313515663147,-0.30766716599464417,-0.19811031222343445,-0.16926567256450653,-0.30908724665641785,-0.260220468044281,-0.08391910791397095,-0.29458004236221313,0.0,0.0,0.0,0.23308119177818298,0.06725867092609406,0.09626040607690811,0.4317275881767273,0.2300380915403366,0.19361670315265656,0.5526436567306519,0.40796566009521484,0.2810331881046295,0.6127383708953857,0.5528950691223145,0.3747727572917938,0.26756739616394043,0.19459319114685059,0.2627863585948944,0.41257262229919434,0.6162874698638916,0.351467490196228,0.44566962122917175,0.8952864408493042,0.397638201713562,0.44042491912841797,1.0816693305969238,0.4258757531642914,0.2156369537115097,0.2858293056488037,0.26346978545188904,0.3492966294288635,0.7548031210899353,0.33187323808670044,0.3964560031890869,1.0617135763168335,0.34030085802078247,0.423319011926651,1.267619013786316,0.3586999177932739,0.2909959852695465,0.3927864134311676,0.26065152883529663,0.3771883547306061,0.8005896210670471,0.3204757571220398,0.422486275434494,1.0527057647705078,0.31327012181282043,0.4600127935409546,1.2167357206344604,0.31985270977020264,0.3839767575263977,0.49617329239845276,0.26243507862091064,0.4331662952899933,0.7700260281562805,0.3057323694229126,0.45376524329185486,0.9244998693466187,0.3001495599746704,0.4763418436050415,1.0283058881759644,0.3039214611053467
adios,0.0,0.0,0.0,0.19130396842956543,-0.20268957316875458,-0.10140888392925262,0.34527188539505005,-0.5773419737815857,-0.12910953164100647,0.37634435296058655,-0.9514595866203308,-0.1468595713376999,0.3107411861419678,-1.2153809070587158,-0.15859882533550262,0.19766969978809357,-0.9760595560073853,-0.044961072504520416,0.19541524350643158,-1.2027781009674072,-0.1323210597038269,0.16819845139980316,-1.1346262693405151,-0.1938236653804779,0.1493370532989502,-1.0720715522766113,-0.22186164557933807,0.059270381927490234,-0.9968217015266418,-0.02768891118466854,0.05085548758506775,-1.219188928604126,-0.11511494219303131,0.033310823142528534,-1.1274670362472534,-0.15935926139354706,0.03219637647271156,-1.0541985034942627,-0.1712828278541565,-0.07035329192876816,-0.9559171795845032,-0.02792893908917904,-0.08295620232820511,-1.1457912921905518,-0.1165148988366127,-0.0818398967385292,-1.062770962715149,-0.13162799179553986,-0.06878875941038132,-1.0032488107681274,-0.12006784975528717,-0.1990053951740265,-0.864709198474884,-0.03689887374639511,-0.19892117381095886,-1.0359704494476318,-0.10254253447055817,-0.18485388159751892,-0.9804055094718933,-0.10645747184753418,-0.16542521119117737,-0.948898434638977,-0.09138287603855133,0.0,0.0,0.0,0.015714241191744804,0.04517999291419983,0.014956263825297356,0.031269993633031845,0.054635729640722275,0.02488704025745392,0.040036365389823914,0.07580449432134628,0.031641095876693726,0.027950305491685867,0.08994593471288681,0.03647393733263016,0.023846816271543503,0.014895415864884853,0.0464002825319767,0.02310577780008316,0.15451739728450775,0.0723211020231247,0.015611092559993267,0.3613232672214508,0.073894202709198,0.025444937869906425,0.5455144643783569,0.06338725984096527,0.0158380139619112,0.0010129474103450775,0.04260273277759552,0.017674725502729416,0.19855867326259613,0.0707993358373642,0.016787011176347733,0.44482576847076416,0.055411264300346375,0.021825065836310387,0.6429120302200317,0.03456711769104004,0.014120283536612988,0.009841429069638252,0.0397769957780838,0.020714811980724335,0.21562014520168304,0.06071316823363304,0.02050044760107994,0.45904341340065,0.03859275206923485,0.02516239695250988,0.6453132033348083,0.0419631227850914,0.015910549089312553,0.027473077178001404,0.03897878900170326,0.018338695168495178,0.15857449173927307,0.0464973971247673,0.020126966759562492,0.3368179500102997,0.04050254449248314,0.022107087075710297,0.4840248227119446,0.049911677837371826
adios,0.0,0.0,0.0,0.20436561107635498,-0.19229921698570251,-0.10847572237253189,0.3826051354408264,-0.5506590604782104,-0.13855023682117462,0.4282659590244293,-0.9335089921951294,-0.1584644615650177,0.35508570075035095,-1.2101545333862305,-0.17305226624011993,0.23277783393859863,-0.962851345539093,-0.0421057865023613,0.2370799332857132,-1.2454051971435547,-0.12669771909713745,0.20178239047527313,-1.2268352508544922,-0.19149313867092133,0.17600493133068085,-1.2035753726959229,-0.22474320232868195,0.09269607812166214,-0.9939724206924438,-0.022716278210282326,0.08391600847244263,-1.2744128704071045,-0.1085362434387207,0.05544515699148178,-1.2317683696746826,-0.16281740367412567,0.04378650337457657,-1.1947319507598877,-0.18496404588222504,-0.03880126029253006,-0.9684963226318359,-0.021107729524374008,-0.055043499916791916,-1.2134064435958862,-0.10857043415307999,-0.06463419646024704,-1.175289511680603,-0.13436992466449738,-0.06189688295125961,-1.143993616104126,-0.1329038143157959,-0.17259985208511353,-0.8935797810554504,-0.028750400990247726,-0.1750624179840088,-1.10759699344635,-0.09546609222888947,-0.17017632722854614,-1.0820744037628174,-0.10565493255853653,-0.1577836275100708,-1.064769983291626,-0.09703397750854492,0.0,0.0,0.0,0.0135172288864851,0.03885401040315628,0.015851140022277832,0.03410057723522186,0.04025810956954956,0.02528289519250393,0.04585147276520729,0.05983669310808182,0.032261814922094345,0.03459584712982178,0.06692449748516083,0.03840072080492973,0.0383898988366127,0.01147178839892149,0.04671178013086319,0.03260137140750885,0.10299550741910934,0.0723227933049202,0.016322406008839607,0.31416118144989014,0.07295262068510056,0.031999457627534866,0.5060127377510071,0.06232018768787384,0.02886076644062996,0.0019869073294103146,0.04553559795022011,0.024394582957029343,0.1482952982187271,0.07477926462888718,0.020018765702843666,0.40343278646469116,0.05987944453954697,0.03459868207573891,0.6129867434501648,0.039944324642419815,0.022001828998327255,0.008553353138267994,0.04499613121151924,0.01608758233487606,0.15894803404808044,0.06793703138828278,0.01841302402317524,0.4201239049434662,0.045015379786491394,0.03312131017446518,0.6228841543197632,0.0464804545044899,0.018125301226973534,0.02841908112168312,0.04608555883169174,0.0162948165088892,0.10783586651086807,0.05436476692557335,0.017586925998330116,0.2992607653141022,0.04516812413930893,0.024244461208581924,0.4582335948944092,0.05087791383266449
adios,0.0,0.0,0.0,0.19727085530757904,-0.19244244694709778,-0.11681528389453888,0.36962082982063293,-0.5560252666473389,-0.1515800803899765,0.4113578200340271,-0.933942973613739,-0.1741877943277359,0.3502715528011322,-1.220255970954895,-0.191263347864151,0.20862171053886414,-0.9719152450561523,-0.055082470178604126,0.20333042740821838,-1.2415565252304077,-0.147759348154068,0.16425487399101257,-1.2226155996322632,-0.21704533696174622,0.13481734693050385,-1.19070303440094,-0.2510274052619934,0.06739309430122375,-0.994847297668457,-0.032832950353622437,0.0526561364531517,-1.2778595685958862,-0.12786036729812622,0.018682440742850304,-1.2394583225250244,-0.18757839500904083,0.004602434579282999,-1.190887689590454,-0.21123290061950684,-0.06174076348543167,-0.9591273069381714,-0.02884407714009285,-0.08511568605899811,-1.2160370349884033,-0.12316606938838959,-0.10071650892496109,-1.188222050666809,-0.15493105351924896,-0.09726633131504059,-1.1485302448272705,-0.15570953488349915,-0.19192354381084442,-0.8724398612976074,-0.03432020545005798,-0.2026635706424713,-1.0963550806045532,-0.10691233724355698,-0.20070631802082062,-1.0907182693481445,-0.12349040806293488,-0.18492339551448822,-1.0818936824798584,-0.11829175800085068,0.0,0.0,0.0,0.016790645197033882,0.04766489565372467,0.02130887657403946,0.04506593942642212,0.05131305754184723,0.030474979430437088,0.060686931014060974,0.06580427289009094,0.03598136082291603,0.06396742910146713,0.07547636330127716,0.03979368135333061,0.06088999658823013,0.0193592868745327,0.04957025125622749,0.05444542318582535,0.14912149310112,0.0699133425951004,0.03863806650042534,0.36597612500190735,0.0667916014790535,0.03577334061264992,0.544725239276886,0.05655325949192047,0.050069089978933334,0.002831730991601944,0.04630456492304802,0.04641399905085564,0.17119508981704712,0.06504751741886139,0.03937676176428795,0.41935425996780396,0.0472833476960659,0.041650086641311646,0.6094971895217896,0.03761639818549156,0.04206089302897453,0.023496387526392937,0.04463294520974159,0.038455795496702194,0.1666911393404007,0.05717675760388374,0.039428409188985825,0.41117748618125916,0.039331793785095215,0.04766334220767021,0.5922307968139648,0.05757657811045647,0.03672878071665764,0.05866687372326851,0.0457124300301075,0.036500588059425354,0.11049962043762207,0.04899226129055023,0.038969431072473526,0.28957971930503845,0.04774067550897598,0.045647937804460526,0.4370592534542084,0.06421398371458054
adios,0.0,0.0,0.0,0.17930953204631805,-0.2580551505088806,-0.08755925297737122,0.30534827709198,-0.6495410203933716,-0.11228545755147934,0.3159996569156647,-1.0078277587890625,-0.1321437656879425,0.2586366534233093,-1.2831639051437378,-0.14844560623168945,0.13231997191905975,-1.0155564546585083,-0.02960657700896263,0.1368165761232376,-1.2727186679840088,-0.11335015296936035,0.13798268139362335,-1.2624796628952026,-0.17757748067378998,0.14061741530895233,-1.2340630292892456,-0.20915305614471436,-0.0006177760660648346,-0.9985912442207336,-0.021148115396499634,0.005920801777392626,-1.2439502477645874,-0.10156433284282684,0.017225485295057297,-1.1993951797485352,-0.14817219972610474,0.035619817674160004,-1.1590120792388916,-0.16530859470367432,-0.12621408700942993,-0.9184613227844238,-0.029542529955506325,-0.12361830472946167,-1.1390490531921387,-0.11305775493383408,-0.10066606849431992,-1.0895140171051025,-0.12977634370326996,-0.07315795123577118,-1.0503166913986206,-0.12235041707754135,-0.2540859580039978,-0.7835299968719482,-0.04613272473216057,-0.24079076945781708,-0.9701515436172485,-0.11123193800449371,-0.20727881789207458,-0.9373990893363953,-0.11540523916482925,-0.17761674523353577,-0.9154242277145386,-0.10222140699625015,0.0,0.0,0.0,0.015641020610928535,0.04390866309404373,0.013052213005721569,0.025843657553195953,0.06625170260667801,0.023006707429885864,0.030654050409793854,0.09733831137418747,0.031108081340789795,0.02481307089328766,0.11975708603858948,0.04031382128596306,0.019997701048851013,0.022343726828694344,0.04717494919896126,0.017587151378393173,0.1621166318655014,0.06722921878099442,0.016704421490430832,0.3546593487262726,0.07121940702199936,0.028202509507536888,0.5430324077606201,0.06627826392650604,0.014640356414020061,0.0013006218941882253,0.04638803005218506,0.014383060857653618,0.21168263256549835,0.06895685195922852,0.011393880471587181,0.45015326142311096,0.06385891884565353,0.0185860563069582,0.6665744185447693,0.055968277156353,0.015472072176635265,0.013420729897916317,0.04523855820298195,0.016143495216965675,0.21817874908447266,0.05995183438062668,0.016728363931179047,0.445795476436615,0.051317740231752396,0.022580474615097046,0.6400872468948364,0.05732002481818199,0.023668406531214714,0.03280482813715935,0.04580887407064438,0.020136455073952675,0.14048627018928528,0.051163531839847565,0.022783774882555008,0.31054627895355225,0.05165322870016098,0.025223668664693832,0.46411919593811035,0.06186700984835625
adios,0.0,0.0,0.0,0.19647352397441864,-0.2500336170196533,-0.08565904200077057,0.3279024362564087,-0.6497701406478882,-0.10357750952243805,0.33761683106422424,-1.0242210626602173,-0.11802854388952255,0.28422877192497253,-1.3122262954711914,-0.1272396594285965,0.16019222140312195,-1.0074796676635742,-0.009998202323913574,0.1821231096982956,-1.3050768375396729,-0.08633862435817719,0.1906926929950714,-1.2786256074905396,-0.14356201887130737,0.19565129280090332,-1.2498178482055664,-0.17170874774456024,0.02820482850074768,-0.9985149502754211,-0.0029291529208421707,0.051068611443042755,-1.3173532485961914,-0.07924485206604004,0.06780644506216049,-1.2695643901824951,-0.12285713106393814,0.08420488983392715,-1.2377796173095703,-0.1383935809135437,-0.10091666132211685,-0.9335423707962036,-0.014172052033245564,-0.08140120655298233,-1.2340508699417114,-0.10055331885814667,-0.05391888692975044,-1.1779119968414307,-0.11719734966754913,-0.030194461345672607,-1.136536955833435,-0.1083856076002121,-0.23712921142578125,-0.8171480894088745,-0.033051084727048874,-0.2083895206451416,-1.072779893875122,-0.10234419256448746,-0.16929598152637482,-1.0422313213348389,-0.10667814314365387,-0.1398564875125885,-1.01358962059021,-0.09361068904399872,0.0,0.0,0.0,0.014387299306690693,0.030715754255652428,0.00789640937000513,0.027018001303076744,0.06518197059631348,0.012936832383275032,0.030677134171128273,0.10790690034627914,0.020003996789455414,0.02106301486492157,0.13410018384456635,0.027346638962626457,0.021698886528611183,0.0199327040463686,0.03736310452222824,0.02331472747027874,0.06341738998889923,0.06591581553220749,0.018345516175031662,0.26576265692710876,0.07109903544187546,0.021130705252289772,0.47238191962242126,0.06259316951036453,0.0209854394197464,0.0018893821397796273,0.04146939888596535,0.015990234911441803,0.10051349550485611,0.07598143070936203,0.01707974076271057,0.3634193241596222,0.06906887888908386,0.019507931545376778,0.5941216945648193,0.052772004157304764,0.02886553853750229,0.007181774824857712,0.04497342184185982,0.015807727351784706,0.11442296952009201,0.0714801549911499,0.017076032236218452,0.3791969120502472,0.05312635749578476,0.019701600074768066,0.5957663655281067,0.05326583608984947,0.04042891785502434,0.0242643840610981,0.048695776611566544,0.014892425388097763,0.06642854958772659,0.058754537254571915,0.015534838661551476,0.24107523262500763,0.05173656344413757,0.018283966928720474,0.40764322876930237,0.05797411873936653
adios,0.0,0.0,0.0,0.20671948790550232,-0.21544905006885529,-0.08336378633975983,0.3611143231391907,-0.6088271141052246,-0.10053161531686783,0.3892071843147278,-0.9896525144577026,-0.11448425054550171,0.32039183378219604,-1.2641346454620361,-0.1251642405986786,0.19656264781951904,-0.9891263842582703,-0.018918169662356377,0.2302429974079132,-1.305351972579956,-0.09842579811811447,0.2359279841184616,-1.3032540082931519,-0.15714208781719208,0.23742051422595978,-1.2855749130249023,-0.18531538546085358,0.06294003874063492,-0.9971895217895508,-0.01375388540327549,0.09400677680969238,-1.322321891784668,-0.09430228173732758,0.10347555577754974,-1.288083791732788,-0.1396700143814087,0.11413900554180145,-1.2546117305755615,-0.15493325889110565,-0.06811009347438812,-0.9505085945129395,-0.025842297822237015,-0.040306635200977325,-1.2582628726959229,-0.11469373852014542,-0.02016228809952736,-1.22163987159729,-0.13320624828338623,-0.002804909832775593,-1.1917387247085571,-0.12462009489536285,-0.2083432674407959,-0.8570665121078491,-0.04505135864019394,-0.1718541383743286,-1.1253873109817505,-0.11497654765844345,-0.13899508118629456,-1.1114692687988281,-0.11974849551916122,-0.11586886644363403,-1.0979880094528198,-0.10665931552648544,0.0,0.0,0.0,0.013273466378450394,0.050790075212717056,0.015073210932314396,0.024452142417430878,0.0669604018330574,0.01977577619254589,0.02540583908557892,0.09353440254926682,0.023252950981259346,0.02741674706339836,0.12337328493595123,0.029269149526953697,0.020967459306120872,0.024242009967565536,0.032684002071619034,0.018516911193728447,0.07568464428186417,0.044069450348615646,0.015546734444797039,0.2949126064777374,0.04980843514204025,0.024622630327939987,0.5179952383041382,0.04443134367465973,0.021225716918706894,0.0015874396776780486,0.03177022188901901,0.014151399955153465,0.11770091950893402,0.04948665574193001,0.015803005546331406,0.40601202845573425,0.04530089721083641,0.02213156595826149,0.6513724327087402,0.03540697321295738,0.027038516476750374,0.008937503211200237,0.03159421309828758,0.011707492172718048,0.13083915412425995,0.04822694882750511,0.013589316979050636,0.4268382489681244,0.03380625322461128,0.015459432266652584,0.6663471460342407,0.05018634721636772,0.03759046271443367,0.024715956300497055,0.034286368638277054,0.011350794695317745,0.0780550092458725,0.038140878081321716,0.011998512782156467,0.28443828225135803,0.03762113302946091,0.013702652417123318,0.4762018024921417,0.05862199142575264
adios,0.0,0.0,0.0,0.2179984748363495,-0.20418162643909454,-0.08330127596855164,0.3890116810798645,-0.557890772819519,-0.10130753368139267,0.4306602478027344,-0.9304885864257812,-0.11673106998205185,0.35918158292770386,-1.1878992319107056,-0.12924788892269135,0.24500544369220734,-0.9626237750053406,-0.010125433094799519,0.2634614408016205,-1.2910624742507935,-0.0875413566827774,0.2532200217247009,-1.2974003553390503,-0.1484004110097885,0.24705657362937927,-1.2832461595535278,-0.17911164462566376,0.1082802563905716,-0.9932912588119507,-0.004646701272577047,0.12412238121032715,-1.3280625343322754,-0.08262228220701218,0.11984622478485107,-1.3026787042617798,-0.13123202323913574,0.12556186318397522,-1.2793171405792236,-0.14949563145637512,-0.02442474290728569,-0.9681925773620605,-0.01666405238211155,-0.01404553186148405,-1.2780482769012451,-0.10074152052402496,-0.005283671896904707,-1.2522754669189453,-0.1224789246916771,0.00843836273998022,-1.2316405773162842,-0.11743668466806412,-0.16555756330490112,-0.8936461210250854,-0.03628081455826759,-0.14885632693767548,-1.1757949590682983,-0.10085716098546982,-0.12595130503177643,-1.1765353679656982,-0.1063794270157814,-0.10345132648944855,-1.1728246212005615,-0.09490003436803818,0.0,0.0,0.0,0.012189866043627262,0.04101227968931198,0.013874752447009087,0.040008850395679474,0.04399731382727623,0.019166842103004456,0.0566236712038517,0.06741099059581757,0.02586580626666546,0.03772193193435669,0.07251345366239548,0.03337511792778969,0.034183744341135025,0.014468077570199966,0.03323238343000412,0.028505465015769005,0.05322732776403427,0.05753833428025246,0.017123593017458916,0.2620595395565033,0.0657157450914383,0.023118196055293083,0.4787585437297821,0.05942849814891815,0.01919173076748848,0.002225987147539854,0.03539590537548065,0.016443559899926186,0.10166165977716446,0.06664486229419708,0.017934497445821762,0.3840412497520447,0.06072698533535004,0.027642572298645973,0.6262721419334412,0.043761782348155975,0.010721682570874691,0.012359114363789558,0.038128260523080826,0.011487357318401337,0.11829310655593872,0.06499456614255905,0.01617293246090412,0.39855432510375977,0.04761681333184242,0.021224362775683403,0.6275792121887207,0.04742390289902687,0.016789352521300316,0.03857946768403053,0.04183568060398102,0.013619521632790565,0.07406195253133774,0.053175583481788635,0.014718969352543354,0.2507370114326477,0.04780661687254906,0.01770854741334915,0.4336095154285431,0.057778727263212204
adios,0.0,0.0,0.0,0.21512004733085632,-0.20098784565925598,-0.08518318831920624,0.3851296007633209,-0.573297381401062,-0.10408202558755875,0.4338054060935974,-0.956743597984314,-0.12028591334819794,0.36060619354248047,-1.2222245931625366,-0.1325037181377411,0.2520376145839691,-0.9642233848571777,-0.013879979960620403,0.27239567041397095,-1.2753816843032837,-0.10027668625116348,0.2542635500431061,-1.2411566972732544,-0.16329044103622437,0.2427431344985962,-1.186797022819519,-0.1920691281557083,0.11406777054071426,-0.992469310760498,-0.00783495046198368,0.13015851378440857,-1.3105356693267822,-0.09731974452733994,0.11879201978445053,-1.235485315322876,-0.14508056640625,0.12161125242710114,-1.1641082763671875,-0.15766634047031403,-0.022442582994699478,-0.9657295942306519,-0.02004145085811615,-0.009196494705975056,-1.2457979917526245,-0.1134905219078064,-0.0040549421682953835,-1.1672827005386353,-0.13019193708896637,0.010306877084076405,-1.1024643182754517,-0.11718573421239853,-0.1673467606306076,-0.8932427167892456,-0.03987302631139755,-0.14158205687999725,-1.1408671140670776,-0.10831214487552643,-0.12130335718393326,-1.1000396013259888,-0.11062655597925186,-0.10038081556558609,-1.0639822483062744,-0.09422577917575836,0.0,0.0,0.0,0.012866595759987831,0.039093777537345886,0.011843348853290081,0.03615659102797508,0.04367722570896149,0.02014097198843956,0.047727230936288834,0.075263112783432,0.02765665575861931,0.026860255748033524,0.08272137492895126,0.03466811403632164,0.028420085087418556,0.015058992430567741,0.039749693125486374,0.0262856874614954,0.07985907047986984,0.059105034917593,0.014305933378636837,0.29305797815322876,0.06297832727432251,0.017627408728003502,0.5037106275558472,0.05522007495164871,0.01748826913535595,0.0021501383744180202,0.04026717692613602,0.012399512343108654,0.12712253630161285,0.06339532136917114,0.01501806452870369,0.3991062641143799,0.05550772324204445,0.023525962606072426,0.6346637010574341,0.04329368844628334,0.014109503477811813,0.010058132000267506,0.04062994197010994,0.010623798705637455,0.14792686700820923,0.06236313655972481,0.016963157802820206,0.4217764735221863,0.04943348839879036,0.022220022976398468,0.6417509913444519,0.054830726236104965,0.01811743713915348,0.032498057931661606,0.041747961193323135,0.011646054685115814,0.09369855374097824,0.051440030336380005,0.015010056085884571,0.2774805426597595,0.0515458770096302,0.02146235667169094,0.4516260623931885,0.0653023049235344
adios,0.0,0.0,0.0,0.22018015384674072,-0.18065236508846283,-0.09293624758720398,0.4017707407474518,-0.5343154668807983,-0.11438064277172089,0.45097050070762634,-0.9211853742599487,-0.13016089797019958,0.3858625292778015,-1.1921710968017578,-0.14143788814544678,0.26631322503089905,-0.9474579691886902,-0.02054511196911335,0.2914857566356659,-1.2435684204101562,-0.10584046691656113,0.27378982305526733,-1.2080081701278687,-0.16795296967029572,0.2654458284378052,-1.1717240810394287,-0.19700287282466888,0.1285974532365799,-0.9907597303390503,-0.010484570637345314,0.1501147598028183,-1.3128575086593628,-0.09731565415859222,0.13951416313648224,-1.2561213970184326,-0.14390680193901062,0.1456836313009262,-1.2113897800445557,-0.1569875180721283,-0.006274254526942968,-0.9745931625366211,-0.018813522532582283,0.009833429008722305,-1.2585402727127075,-0.11188171803951263,0.01379253901541233,-1.1946516036987305,-0.12849417328834534,0.028003374114632607,-1.1500773429870605,-0.11600891500711441,-0.14904901385307312,-0.9118901491165161,-0.03507578372955322,-0.1238841563463211,-1.165217638015747,-0.10458552837371826,-0.10597680509090424,-1.126600980758667,-0.10630325973033905,-0.08628442883491516,-1.1007530689239502,-0.0893915593624115,0.0,0.0,0.0,0.008809704333543777,0.04313942417502403,0.013570379465818405,0.032051194459199905,0.056457698345184326,0.02060696855187416,0.04677725210785866,0.09252859652042389,0.02789928764104843,0.025041745975613594,0.09045561403036118,0.03432386368513107,0.022309035062789917,0.019925424829125404,0.03529483079910278,0.021286221221089363,0.07797513902187347,0.06590603291988373,0.0348685160279274,0.31472963094711304,0.07256703078746796,0.0560491643846035,0.5392200350761414,0.06281617283821106,0.021026035770773888,0.0028736733365803957,0.0360213927924633,0.022443031892180443,0.1187601163983345,0.07088975608348846,0.04573969542980194,0.41158080101013184,0.06084465608000755,0.06443104892969131,0.6637123823165894,0.03989136219024658,0.02833838202059269,0.008457345888018608,0.03862425684928894,0.029494574293494225,0.14262621104717255,0.06456807255744934,0.04393751546740532,0.4329640567302704,0.04325246065855026,0.05659578740596771,0.6623332500457764,0.04777543246746063,0.03592492640018463,0.025231506675481796,0.042805250734090805,0.029717233031988144,0.08665761351585388,0.050081878900527954,0.03665520250797272,0.2910204529762268,0.04460281506180763,0.04849271848797798,0.47672268748283386,0.060022059828042984
adios,0.0,0.0,0.0,0.23397235572338104,-0.16539734601974487,-0.09664079546928406,0.43276792764663696,-0.5118294954299927,-0.11790859699249268,0.49058133363723755,-0.9152738451957703,-0.13199010491371155,0.43973809480667114,-1.2113369703292847,-0.14064571261405945,0.3092688322067261,-0.9264108538627625,-0.018894508481025696,0.3424333930015564,-1.233520746231079,-0.10264657437801361,0.30908504128456116,-1.1996335983276367,-0.16564248502254486,0.2888277769088745,-1.1598466634750366,-0.19671528041362762,0.16541048884391785,-0.9843904376029968,-0.004811479710042477,0.18522164225578308,-1.3096022605895996,-0.09255699813365936,0.15912142395973206,-1.2516554594039917,-0.14305837452411652,0.15213772654533386,-1.2021827697753906,-0.15974535048007965,0.02797829732298851,-0.9848893284797668,-0.009149214252829552,0.03568743169307709,-1.278161644935608,-0.1017267256975174,0.02812945283949375,-1.2132419347763062,-0.11991224437952042,0.03377103805541992,-1.163377285003662,-0.10996155440807343,-0.11577360332012177,-0.9368438720703125,-0.021577958017587662,-0.10011112689971924,-1.1807798147201538,-0.0923834815621376,-0.09047563374042511,-1.1325650215148926,-0.09693094342947006,-0.07233554869890213,-1.0985419750213623,-0.08229348808526993,0.0,0.0,0.0,0.01828581839799881,0.03642629459500313,0.016448022797703743,0.047998957335948944,0.030863597989082336,0.028585372492671013,0.06524651497602463,0.06779249012470245,0.03879387676715851,0.03275483101606369,0.0770968645811081,0.046280909329652786,0.039859458804130554,0.013965453952550888,0.053390033543109894,0.03295908495783806,0.06273505091667175,0.08978282660245895,0.03167298808693886,0.28961101174354553,0.09585779905319214,0.06290808320045471,0.4979877471923828,0.08601897954940796,0.028977543115615845,0.005034300033003092,0.052215635776519775,0.02050608955323696,0.0990777313709259,0.09392178058624268,0.03062654286623001,0.3850775361061096,0.08270195871591568,0.0515672042965889,0.6190035939216614,0.05862664803862572,0.02459869161248207,0.00938455294817686,0.051610756665468216,0.022679056972265244,0.11655860394239426,0.08388463407754898,0.030230296775698662,0.40625622868537903,0.05873436480760574,0.04429399594664574,0.6264441609382629,0.0493769571185112,0.02521705813705921,0.030169449746608734,0.051846060901880264,0.021569158881902695,0.07552091777324677,0.06628280133008957,0.02543707564473152,0.2847447693347931,0.05622132495045662,0.036011744290590286,0.4601649343967438,0.05838325247168541
adios,0.0,0.0,0.0,0.2574625611305237,-0.1701085865497589,-0.08883462101221085,0.4725002348423004,-0.5008558034896851,-0.10381405055522919,0.5544350743293762,-0.9012596011161804,-0.11425713449716568,0.4987720847129822,-1.1999021768569946,-0.12150564044713974,0.35676154494285583,-0.9073613882064819,-0.001339987851679325,0.39331918954849243,-1.2550122737884521,-0.07517258822917938,0.36076468229293823,-1.2737994194030762,-0.1368499994277954,0.34099680185317993,-1.2708053588867188,-0.17033755779266357,0.21444866061210632,-0.9751677513122559,0.009057065472006798,0.23990130424499512,-1.3279286623001099,-0.07081717997789383,0.21663525700569153,-1.3194196224212646,-0.12656429409980774,0.21213777363300323,-1.3005239963531494,-0.15058819949626923,0.07340627163648605,-0.9852900505065918,0.0014906246215105057,0.08880838006734848,-1.3027369976043701,-0.08587437868118286,0.08517139405012131,-1.2835214138031006,-0.11294474452733994,0.09543144702911377,-1.2587890625,-0.11206591129302979,-0.07910654693841934,-0.9483152627944946,-0.013634709641337395,-0.0535602793097496,-1.2107996940612793,-0.08235146105289459,-0.03940996527671814,-1.1968382596969604,-0.0921400934457779,-0.014936590567231178,-1.1827332973480225,-0.08379862457513809,0.0,0.0,0.0,0.014321154914796352,0.03832137584686279,0.013619229197502136,0.04339931532740593,0.04902288317680359,0.023727137595415115,0.06472574919462204,0.08114112913608551,0.03380902484059334,0.036390867084264755,0.08601845800876617,0.04153391346335411,0.03765156492590904,0.01718078926205635,0.047425851225852966,0.035206545144319534,0.03700011596083641,0.08554165065288544,0.02970626950263977,0.23842273652553558,0.0927349105477333,0.058147355914115906,0.44619154930114746,0.08301133662462234,0.023149535059928894,0.005631627980619669,0.04909268766641617,0.023345839232206345,0.07236559689044952,0.09570315480232239,0.04839091747999191,0.35717859864234924,0.08446631580591202,0.07371611893177032,0.5946413278579712,0.05633494257926941,0.01716848835349083,0.01132595632225275,0.05191824585199356,0.028925694525241852,0.09816709905862808,0.08620253950357437,0.05204625800251961,0.3901824355125427,0.05916646867990494,0.06913333386182785,0.6196684837341309,0.04151555523276329,0.01594633050262928,0.033386681228876114,0.05551983043551445,0.02482210099697113,0.05702551454305649,0.0684046521782875,0.0423000305891037,0.27119722962379456,0.05509888008236885,0.0570976696908474,0.4601278007030487,0.053643159568309784
adios,0.0,0.0,0.0,0.2544909119606018,-0.16239313781261444,-0.0918312594294548,0.4703900218009949,-0.48163825273513794,-0.1127522811293602,0.5537588596343994,-0.8714839816093445,-0.12938447296619415,0.5031924247741699,-1.1778686046600342,-0.14250676333904266,0.3530728220939636,-0.911087691783905,-0.009163806214928627,0.3911122977733612,-1.256589651107788,-0.09217552840709686,0.3536171615123749,-1.2503005266189575,-0.15933433175086975,0.3287481963634491,-1.210748314857483,-0.19362521171569824,0.20885774493217468,-0.9758586883544922,0.0011408461723476648,0.2359027862548828,-1.3292661905288696,-0.08750932663679123,0.20508909225463867,-1.2842423915863037,-0.14547742903232574,0.1959880292415619,-1.2226754426956177,-0.16775628924369812,0.06692889332771301,-0.9843463897705078,-0.006752374116331339,0.08284526318311691,-1.296484351158142,-0.09992117434740067,0.07120993733406067,-1.2469470500946045,-0.1253291368484497,0.0768921747803688,-1.188737154006958,-0.12038707733154297,-0.08387426286935806,-0.9458191990852356,-0.022304074838757515,-0.05876777321100235,-1.2012925148010254,-0.09300006926059723,-0.051508087664842606,-1.1641372442245483,-0.10015854984521866,-0.032428380101919174,-1.1243972778320312,-0.08805205672979355,0.0,0.0,0.0,0.02236582152545452,0.03753821551799774,0.01080393884330988,0.05648048222064972,0.0369957871735096,0.018900347873568535,0.08406467735767365,0.07602708786725998,0.026379913091659546,0.0697769969701767,0.10317862778902054,0.03231068700551987,0.05615220591425896,0.01576910726726055,0.05032380670309067,0.0589672289788723,0.04345453530550003,0.08296719938516617,0.01819268800318241,0.2472832202911377,0.08860953152179718,0.03440769761800766,0.4599969983100891,0.0789579302072525,0.03577769547700882,0.007969271391630173,0.05228365585207939,0.031246023252606392,0.08192843198776245,0.09211283922195435,0.026890678331255913,0.35397619009017944,0.08049139380455017,0.05259084701538086,0.5951637625694275,0.055515192449092865,0.02228892594575882,0.016287656500935555,0.05420643091201782,0.01584717631340027,0.09454534947872162,0.08499743789434433,0.034713733941316605,0.38075557351112366,0.061719007790088654,0.05263443663716316,0.6122830510139465,0.051608506590127945,0.019688600674271584,0.053291089832782745,0.05648915469646454,0.016575422137975693,0.044815849512815475,0.06987667083740234,0.027835261076688766,0.25288960337638855,0.06052651256322861,0.043428048491477966,0.44704416394233704,0.06280121207237244
adios,0.0,0.0,0.0,0.2448953092098236,-0.1452101171016693,-0.09975166618824005,0.4623597264289856,-0.44205984473228455,-0.1268322616815567,0.5337954759597778,-0.8183429837226868,-0.14739443361759186,0.4827639162540436,-1.1139980554580688,-0.16273781657218933,0.3372235894203186,-0.9158480763435364,-0.025135675445199013,0.37915515899658203,-1.2554328441619873,-0.10945918411016464,0.3509804606437683,-1.2470054626464844,-0.17198994755744934,0.330800324678421,-1.211072325706482,-0.20062533020973206,0.19124820828437805,-0.9800025224685669,-0.011215735226869583,0.2295234650373459,-1.333021879196167,-0.10002706199884415,0.20507673919200897,-1.2835856676101685,-0.15125563740730286,0.19652059674263,-1.2181198596954346,-0.166402205824852,0.04984528571367264,-0.9891120791435242,-0.015433830209076405,0.07596951723098755,-1.296883225440979,-0.10815904289484024,0.06817195564508438,-1.2388532161712646,-0.12741537392139435,0.07317385077476501,-1.1756649017333984,-0.1157909631729126,-0.09936805814504623,-0.9525220990180969,-0.02805544063448906,-0.0656638965010643,-1.2305514812469482,-0.09648877382278442,-0.05551692843437195,-1.1970293521881104,-0.09848804026842117,-0.040262557566165924,-1.15590500831604,-0.08084697276353836,0.0,0.0,0.0,0.020328067243099213,0.03961567580699921,0.018407020717859268,0.0516623929142952,0.04321146383881569,0.029572632163763046,0.06998418271541595,0.07602784782648087,0.039457447826862335,0.040644314140081406,0.09292949736118317,0.04742281511425972,0.0357728973031044,0.013438624329864979,0.05012138932943344,0.030115969479084015,0.051928095519542694,0.08287328481674194,0.026854613795876503,0.2749098241329193,0.08902310580015182,0.06221875548362732,0.49231773614883423,0.07946979254484177,0.021878793835639954,0.0045840502716600895,0.048925288021564484,0.019464563578367233,0.08069973438978195,0.0900842696428299,0.049602851271629333,0.3715377748012543,0.08215082436800003,0.08107558637857437,0.6158106923103333,0.05809377133846283,0.021077817305922508,0.011733010411262512,0.04843905568122864,0.024727659299969673,0.10643711686134338,0.08375860005617142,0.05256693437695503,0.3980785310268402,0.06152622029185295,0.07442022860050201,0.6274421811103821,0.04171954095363617,0.026509147137403488,0.04151079058647156,0.04844691976904869,0.02072031795978546,0.045413192361593246,0.06337615847587585,0.036221638321876526,0.23935645818710327,0.0517849437892437,0.05346683785319328,0.43126925826072693,0.05096502974629402
adios,0.0,0.0,0.0,0.244827002286911,-0.14558930695056915,-0.09670589864253998,0.4593716263771057,-0.46037429571151733,-0.11992335319519043,0.5345818400382996,-0.8487062454223633,-0.13702377676963806,0.496906042098999,-1.15576171875,-0.14750586450099945,0.3499932885169983,-0.9056822657585144,-0.015793804079294205,0.39059582352638245,-1.230377197265625,-0.10124461352825165,0.3571622967720032,-1.1900564432144165,-0.16333280503749847,0.3364230990409851,-1.1385743618011475,-0.19158658385276794,0.20609772205352783,-0.976944625377655,-0.002837174106389284,0.2422071397304535,-1.3178495168685913,-0.09456170350313187,0.2148991823196411,-1.2434024810791016,-0.1452564001083374,0.20648066699504852,-1.1696066856384277,-0.15888841450214386,0.06613565981388092,-0.994278609752655,-0.008578049018979073,0.0912807285785675,-1.2920615673065186,-0.10495489835739136,0.08210132271051407,-1.2064101696014404,-0.1221383661031723,0.08649434894323349,-1.1330207586288452,-0.10804550349712372,-0.0818914845585823,-0.9675329923629761,-0.02231735922396183,-0.04755441099405289,-1.225297451019287,-0.09353835880756378,-0.040222473442554474,-1.1640682220458984,-0.09504454582929611,-0.024676937609910965,-1.110076904296875,-0.07619868218898773,0.0,0.0,0.0,0.02210031822323799,0.03515768423676491,0.019576435908675194,0.059292104095220566,0.03795556351542473,0.03208667039871216,0.08134961128234863,0.07985099405050278,0.04209601506590843,0.04391305893659592,0.0987868458032608,0.05027274414896965,0.04248536750674248,0.012525416910648346,0.050513461232185364,0.03891821205615997,0.05189182609319687,0.08636663854122162,0.020395472645759583,0.278166800737381,0.09293011575937271,0.04938960075378418,0.4887028932571411,0.08361496776342392,0.025951478630304337,0.006115403492003679,0.048825252801179886,0.019557099789381027,0.07343229651451111,0.0933823361992836,0.033601921051740646,0.3595096170902252,0.08425181359052658,0.05834584683179855,0.5957221388816833,0.060416825115680695,0.01930660754442215,0.012557934038341045,0.04884034022688866,0.021440178155899048,0.09725429117679596,0.08350244164466858,0.044630277901887894,0.38776037096977234,0.05805106833577156,0.06207431107759476,0.6117464900016785,0.04475509375333786,0.01946290023624897,0.044764719903469086,0.050513625144958496,0.01857224851846695,0.04500625655055046,0.06148003041744232,0.03864612802863121,0.24880464375019073,0.04878241941332817,0.05579858645796776,0.4344159960746765,0.05326708033680916
adios,0.0,0.0,0.0,0.24034471809864044,-0.210309237241745,-0.08010803908109665,0.42413610219955444,-0.5707430243492126,-0.09453533589839935,0.47219318151474,-0.9742582440376282,-0.1075088381767273,0.412708044052124,-1.2660762071609497,-0.11665236949920654,0.2885485291481018,-0.958259105682373,0.007860946469008923,0.31639620661735535,-1.3073900938034058,-0.0688270553946495,0.3017245829105377,-1.2841423749923706,-0.13076695799827576,0.29340362548828125,-1.2316875457763672,-0.1620241105556488,0.1454176902770996,-0.9879962801933289,0.013490977697074413,0.17014814913272858,-1.343920350074768,-0.07036865502595901,0.16331574320793152,-1.2836238145828247,-0.12665516138076782,0.16624155640602112,-1.2124898433685303,-0.14863727986812592,0.005641322582960129,-0.9663056135177612,0.001501354156062007,0.026165133342146873,-1.2787492275238037,-0.09130915254354477,0.03655754029750824,-1.2082388401031494,-0.11597056686878204,0.04980074614286423,-1.1340999603271484,-0.11023841053247452,-0.14535459876060486,-0.8992128372192383,-0.017030011862516403,-0.11290647834539413,-1.1552881002426147,-0.0908537358045578,-0.08578965812921524,-1.1038845777511597,-0.09974370896816254,-0.06020225211977959,-1.055916428565979,-0.0886378288269043,0.0,0.0,0.0,0.016360921785235405,0.03677530214190483,0.011654329486191273,0.03725959733128548,0.05156731978058815,0.01714901253581047,0.04483163356781006,0.09481251984834671,0.022888630628585815,0.04297642782330513,0.10335684567689896,0.028572624549269676,0.03181743994355202,0.014332908205688,0.04216126725077629,0.027101906016469002,0.045117251574993134,0.06977669894695282,0.016969887539744377,0.25419461727142334,0.07353119552135468,0.029800208285450935,0.46414846181869507,0.06433458626270294,0.02254798635840416,0.004514578264206648,0.04479198157787323,0.016934555023908615,0.0741000548005104,0.08322055637836456,0.019744446501135826,0.35888952016830444,0.07171501219272614,0.032499924302101135,0.5979105830192566,0.04881298169493675,0.026365825906395912,0.008234679698944092,0.04765055328607559,0.02223312109708786,0.09727249294519424,0.0802120566368103,0.023848881945014,0.3911733627319336,0.05188518762588501,0.0309919361025095,0.6138184666633606,0.04382698982954025,0.033803168684244156,0.02545185014605522,0.050875358283519745,0.022269319742918015,0.06830405443906784,0.06532064825296402,0.02401781640946865,0.28484687209129333,0.048936065286397934,0.03395037353038788,0.4649665653705597,0.05019572004675865
adios,0.0,0.0,0.0,0.22204625606536865,-0.20562811195850372,-0.09337814152240753,0.40129804611206055,-0.5731474161148071,-0.11713840812444687,0.4489348530769348,-0.9646216630935669,-0.13596715033054352,0.3860333263874054,-1.253058671951294,-0.14987057447433472,0.2647879123687744,-0.9654971361160278,-0.025404104962944984,0.2865421175956726,-1.3002554178237915,-0.1129007562994957,0.2667718529701233,-1.2740939855575562,-0.17580954730510712,0.25584664940834045,-1.2348973751068115,-0.2048460990190506,0.12213244289159775,-0.9911068081855774,-0.015328710898756981,0.13860812783241272,-1.333193063735962,-0.10776597261428833,0.1277557909488678,-1.2744947671890259,-0.15884533524513245,0.1301243007183075,-1.2185230255126953,-0.17422950267791748,-0.014193469658493996,-0.9644439816474915,-0.023219123482704163,-0.006553380284458399,-1.269203543663025,-0.11935953050851822,-0.0011350653367117047,-1.208272933959961,-0.140300452709198,0.013267561793327332,-1.1559932231903076,-0.13025882840156555,-0.15521129965782166,-0.8942173719406128,-0.038765113800764084,-0.13680222630500793,-1.1645723581314087,-0.10953550040721893,-0.11949946731328964,-1.1314852237701416,-0.1146685928106308,-0.10023441165685654,-1.0963324308395386,-0.10011923313140869,0.0,0.0,0.0,0.01874409057199955,0.03664219006896019,0.015174973756074905,0.04625071585178375,0.06394650787115097,0.02245807833969593,0.062380265444517136,0.11151245981454849,0.028575075790286064,0.03473344445228577,0.11949263513088226,0.03307286649942398,0.03621107339859009,0.019645897671580315,0.04386918246746063,0.030196046456694603,0.054677147418260574,0.07184328883886337,0.01672995649278164,0.2798215448856354,0.07541845738887787,0.030554860830307007,0.49948662519454956,0.0644971951842308,0.023700593039393425,0.003671674756333232,0.044504910707473755,0.019162653014063835,0.0977567806839943,0.07644360512495041,0.023821255192160606,0.39306148886680603,0.0638640969991684,0.03620924428105354,0.6365638375282288,0.04301672801375389,0.022207370027899742,0.012145918793976307,0.04592405632138252,0.02289264090359211,0.12663038074970245,0.07056017965078354,0.02468837983906269,0.41468724608421326,0.047103285789489746,0.02813066355884075,0.6425790786743164,0.04550693929195404,0.025878040120005608,0.04170551523566246,0.04824593663215637,0.021823516115546227,0.05920910835266113,0.0540778785943985,0.02404353767633438,0.24552179872989655,0.046978630125522614,0.03154430910944939,0.4305005371570587,0.05913488194346428
adios,0.0,0.0,0.0,0.21492397785186768,-0.17238035798072815,-0.09667833894491196,0.3937581181526184,-0.5019506216049194,-0.12347908318042755,0.43535828590393066,-0.8652867078781128,-0.14184947311878204,0.38997238874435425,-1.145056962966919,-0.15482674539089203,0.2639103829860687,-0.9481232762336731,-0.033849768340587616,0.28749558329582214,-1.1931884288787842,-0.11663021892309189,0.2652181386947632,-1.1598715782165527,-0.17749081552028656,0.2491621971130371,-1.1273504495620728,-0.20678189396858215,0.12572792172431946,-0.990331768989563,-0.019312581047415733,0.1466221958398819,-1.2365061044692993,-0.10050015151500702,0.13397924602031708,-1.1788804531097412,-0.14548906683921814,0.13528895378112793,-1.135230541229248,-0.16022905707359314,-0.006370440125465393,-0.9653338193893433,-0.02195066213607788,0.004416425712406635,-1.1942658424377441,-0.10731252282857895,0.007264583371579647,-1.1395046710968018,-0.12283118069171906,0.01987375132739544,-1.101184606552124,-0.1130731925368309,-0.1422903835773468,-0.8885021209716797,-0.03284991532564163,-0.12611758708953857,-1.0853925943374634,-0.09893399477005005,-0.10922245681285858,-1.0455958843231201,-0.1028054803609848,-0.08826888352632523,-1.0254275798797607,-0.08805754035711288,0.0,0.0,0.0,0.018241101875901222,0.04169468954205513,0.013940542936325073,0.03693927824497223,0.05323497951030731,0.02260587364435196,0.049343403428792953,0.0846598744392395,0.02877952717244625,0.057758692651987076,0.10481284558773041,0.03372175246477127,0.036057911813259125,0.017745735123753548,0.04699733853340149,0.04099343344569206,0.15739598870277405,0.07556155323982239,0.056876860558986664,0.36633962392807007,0.07915037870407104,0.07873190939426422,0.5609850883483887,0.07010059803724289,0.032315321266651154,0.004175086040049791,0.0447317399084568,0.04288599640130997,0.21244759857654572,0.07542816549539566,0.059312477707862854,0.4698111116886139,0.061961881816387177,0.07406704127788544,0.6830798387527466,0.043036654591560364,0.030298618599772453,0.013163433410227299,0.04343869537115097,0.042751722037792206,0.23332278430461884,0.06644432991743088,0.04958660900592804,0.48162633180618286,0.04460351914167404,0.05701053887605667,0.6807309985160828,0.04683506488800049,0.027022598311305046,0.03274008631706238,0.043836042284965515,0.03111954964697361,0.18069857358932495,0.052146054804325104,0.03607052192091942,0.3594970405101776,0.045229677110910416,0.04490077868103981,0.513836681842804,0.053798507899045944
adios,0.0,0.0,0.0,0.23945352435112,-0.15557192265987396,-0.09516556560993195,0.4369129538536072,-0.4722922444343567,-0.11891764402389526,0.4976181387901306,-0.8444368243217468,-0.13600769639015198,0.4696388840675354,-1.1411205530166626,-0.14812006056308746,0.3189575970172882,-0.9206663370132446,-0.025747809559106827,0.35095924139022827,-1.2165480852127075,-0.10845194011926651,0.3255416750907898,-1.2018427848815918,-0.1697499006986618,0.3081088662147522,-1.1733314990997314,-0.1988755464553833,0.1757465898990631,-0.982440173625946,-0.012248380109667778,0.20129401981830597,-1.2625505924224854,-0.09663702547550201,0.1860293447971344,-1.2202564477920532,-0.14411243796348572,0.18667836487293243,-1.1814532279968262,-0.15881502628326416,0.0369662269949913,-0.9808832406997681,-0.01646055467426777,0.05135144665837288,-1.2278963327407837,-0.10512348264455795,0.05246446654200554,-1.1742666959762573,-0.12198550999164581,0.06580636650323868,-1.134548544883728,-0.11117716133594513,-0.10775543749332428,-0.9279147982597351,-0.02892378903925419,-0.08739398419857025,-1.1329212188720703,-0.09747394919395447,-0.07304787635803223,-1.0851781368255615,-0.1011163741350174,-0.051628004759550095,-1.0574595928192139,-0.08485689759254456,0.0,0.0,0.0,0.019721440970897675,0.04022286459803581,0.013472435064613819,0.03652063384652138,0.06470511108636856,0.025306731462478638,0.047206178307533264,0.10205060243606567,0.035082560032606125,0.04978872090578079,0.12105449289083481,0.043803296983242035,0.034163154661655426,0.021368982270359993,0.05558100342750549,0.038720887154340744,0.12175940722227097,0.0885896310210228,0.05840690806508064,0.32862427830696106,0.09525737166404724,0.08749791234731674,0.536795437335968,0.08755441009998322,0.029170477762818336,0.006465662270784378,0.05368033051490784,0.04581217095255852,0.17601145803928375,0.09160035848617554,0.07450268417596817,0.45650923252105713,0.08288458734750748,0.09819960594177246,0.6959012746810913,0.06297575682401657,0.030079439282417297,0.01314145140349865,0.05271649360656738,0.05231977626681328,0.19640952348709106,0.08065470308065414,0.06869558990001678,0.47152042388916016,0.06195352226495743,0.08051247894763947,0.6924718618392944,0.05254080146551132,0.028279315680265427,0.03486612066626549,0.05345863848924637,0.03794978931546211,0.1449882835149765,0.06500283628702164,0.04928514361381531,0.3457792103290558,0.0595088005065918,0.0583561472594738,0.5196206569671631,0.06193595379590988
adios,0.0,0.0,0.0,0.24144546687602997,-0.15712380409240723,-0.09505342692136765,0.45502328872680664,-0.4978093206882477,-0.11466284841299057,0.5217908024787903,-0.9071305990219116,-0.12800906598567963,0.4762543737888336,-1.22463858127594,-0.13552898168563843,0.3323693573474884,-0.9214600324630737,-0.01189730130136013,0.36672359704971313,-1.2338241338729858,-0.09624432027339935,0.32781389355659485,-1.177884578704834,-0.15753041207790375,0.3021056652069092,-1.106802225112915,-0.18488509953022003,0.18454913794994354,-0.9806443452835083,0.0021239048801362514,0.21287426352500916,-1.3081814050674438,-0.09030325710773468,0.18126994371414185,-1.2056419849395752,-0.14150813221931458,0.16899725794792175,-1.1057565212249756,-0.1549471914768219,0.041582636535167694,-0.9866296052932739,-0.0023259364534169436,0.058882035315036774,-1.274337887763977,-0.10169385373592377,0.04925520718097687,-1.157006025314331,-0.11879338324069977,0.05125776678323746,-1.055487871170044,-0.10375480353832245,-0.11079327017068863,-0.9497882127761841,-0.01399739645421505,-0.08294849097728729,-1.19498872756958,-0.08904431760311127,-0.07373664528131485,-1.1079176664352417,-0.09169792383909225,-0.05787007883191109,-1.034658432006836,-0.0729682594537735,0.0,0.0,0.0,0.021992141380906105,0.03749927878379822,0.016799431294202805,0.06202860549092293,0.033633869141340256,0.03037272021174431,0.08678695559501648,0.07182308286428452,0.04121967777609825,0.0627855435013771,0.09474152326583862,0.04933059960603714,0.048532016575336456,0.01498720794916153,0.056720856577157974,0.049790557473897934,0.07244427502155304,0.09632078558206558,0.01524354238063097,0.2906203866004944,0.10154342651367188,0.029970133677124977,0.49263662099838257,0.0903983935713768,0.03157614916563034,0.006608411204069853,0.05685993656516075,0.029576340690255165,0.0884939655661583,0.10461535304784775,0.01793847791850567,0.36745303869247437,0.09164433926343918,0.03594890609383583,0.5971053838729858,0.06287989020347595,0.023570703342556953,0.013800525106489658,0.05761803314089775,0.015734562650322914,0.10416095703840256,0.09581214934587479,0.025005163624882698,0.3933097720146179,0.06430574506521225,0.03894355148077011,0.6089961528778076,0.04251285642385483,0.024737998843193054,0.045724235475063324,0.0586356483399868,0.018067294731736183,0.05815489962697029,0.07389472424983978,0.022809330374002457,0.2657105028629303,0.055500201880931854,0.03620532527565956,0.4439747631549835,0.05032505467534065
adios,0.0,0.0,0.0,0.23268970847129822,-0.17714016139507294,-0.0937233567237854,0.4334126114845276,-0.5207661986351013,-0.11378276348114014,0.5007516145706177,-0.9182379841804504,-0.12859942018985748,0.45528846979141235,-1.229182481765747,-0.13707244396209717,0.315477579832077,-0.930444598197937,-0.004336829762905836,0.34261029958724976,-1.239459753036499,-0.08886275440454483,0.2980611026287079,-1.178005576133728,-0.1525948941707611,0.267909437417984,-1.1027731895446777,-0.18179495632648468,0.17263701558113098,-0.9836795926094055,0.009417084977030754,0.19013357162475586,-1.3032313585281372,-0.081051304936409,0.15513569116592407,-1.198440670967102,-0.13248082995414734,0.14150609076023102,-1.0980085134506226,-0.1462378203868866,0.03468254208564758,-0.9852263331413269,0.003986109048128128,0.04274892807006836,-1.2599432468414307,-0.09148596972227097,0.028440961614251137,-1.1422463655471802,-0.10712134838104248,0.028813054785132408,-1.0425609350204468,-0.09169179946184158,-0.10990852117538452,-0.942660927772522,-0.009334725327789783,-0.0894118919968605,-1.175078272819519,-0.07931897789239883,-0.08485603332519531,-1.0883820056915283,-0.0796760842204094,-0.07170633971691132,-1.016563892364502,-0.059831153601408005,0.0,0.0,0.0,0.01483582891523838,0.027230747044086456,0.011671398766338825,0.03706866875290871,0.04935706406831741,0.01949387975037098,0.045708347111940384,0.09298118948936462,0.02708951011300087,0.029078656807541847,0.11418712884187698,0.03265164792537689,0.03463403135538101,0.01317917462438345,0.04210089147090912,0.03397463262081146,0.057855572551488876,0.07544245570898056,0.01402011327445507,0.2634301781654358,0.0816657617688179,0.03358841314911842,0.45454975962638855,0.0727442279458046,0.024625537917017937,0.004890172276645899,0.043031543493270874,0.02111838571727276,0.08434218913316727,0.08530731499195099,0.02024967037141323,0.3463359773159027,0.0760435163974762,0.03277921304106712,0.5577269196510315,0.05262814834713936,0.022794310003519058,0.009867165237665176,0.04425346851348877,0.021591544151306152,0.1100868210196495,0.08032359927892685,0.025202341377735138,0.3801971673965454,0.05574556440114975,0.031372420489788055,0.5810032486915588,0.042333170771598816,0.025752458721399307,0.03591790050268173,0.04545830935239792,0.021887175738811493,0.07486652582883835,0.061661042273044586,0.02102009393274784,0.2675248980522156,0.04891765117645264,0.02746799774467945,0.43209898471832275,0.04865487292408943
adios,0.0,0.0,0.0,0.24283722043037415,-0.1681348830461502,-0.09693937748670578,0.455695778131485,-0.5090129971504211,-0.11511366069316864,0.5315495729446411,-0.9240657687187195,-0.12630587816238403,0.4707407057285309,-1.2270723581314087,-0.13227689266204834,0.3297155499458313,-0.9167520403862,-0.007419870235025883,0.35540011525154114,-1.225659728050232,-0.08743216097354889,0.3122773766517639,-1.176834225654602,-0.14945422112941742,0.2855321168899536,-1.1174657344818115,-0.17964370548725128,0.18581880629062653,-0.9809309840202332,0.009013731963932514,0.20148403942584991,-1.2959717512130737,-0.07730037719011307,0.16573557257652283,-1.208365797996521,-0.12984313070774078,0.15319091081619263,-1.128282070159912,-0.14748838543891907,0.045129865407943726,-0.9906808137893677,0.006508009973913431,0.05122002959251404,-1.2670762538909912,-0.08754057437181473,0.035583168268203735,-1.1713974475860596,-0.1079755425453186,0.03522179275751114,-1.088075876235962,-0.09841293096542358,-0.10511811077594757,-0.9552191495895386,-0.003687512129545212,-0.08656160533428192,-1.1979405879974365,-0.07446638494729996,-0.08200214058160782,-1.1234897375106812,-0.07824735343456268,-0.06828496605157852,-1.0589075088500977,-0.062619648873806,0.0,0.0,0.0,0.012075597420334816,0.032681360840797424,0.014963628724217415,0.029845530167222023,0.03281240910291672,0.02990291826426983,0.04049389809370041,0.0604691207408905,0.04393894597887993,0.027530619874596596,0.07827632874250412,0.05506083741784096,0.023133479058742523,0.011240459978580475,0.054118912667036057,0.01939268596470356,0.05762378126382828,0.09807682782411575,0.028767650946974754,0.269273966550827,0.10472988337278366,0.05067618563771248,0.47000664472579956,0.09279463440179825,0.013996211811900139,0.003909480758011341,0.0543421171605587,0.017355913296341896,0.0919499471783638,0.10650689899921417,0.03902575746178627,0.3677796423435211,0.09207621216773987,0.05258757248520851,0.5917745232582092,0.06109408289194107,0.019423875957727432,0.009654245339334011,0.05617949739098549,0.029412362724542618,0.11176096647977829,0.09800970554351807,0.043573807924985886,0.3886130154132843,0.06427251547574997,0.048613063991069794,0.5963144898414612,0.03879019245505333,0.02542640082538128,0.03209652006626129,0.05863768234848976,0.027347592636942863,0.06873216480016708,0.0764002874493599,0.03718613088130951,0.26339191198349,0.05567548796534538,0.044434890151023865,0.4320606291294098,0.04579126462340355
adios,0.0,0.0,0.0,0.2378281056880951,-0.15118646621704102,-0.09861426055431366,0.44533634185791016,-0.4828086495399475,-0.11897541582584381,0.5182007551193237,-0.8765514492988586,-0.13178913295269012,0.46096381545066833,-1.1686317920684814,-0.13960491120815277,0.3190954327583313,-0.9197271466255188,-0.019916880875825882,0.348091721534729,-1.2388910055160522,-0.10049523413181305,0.31336790323257446,-1.2198677062988281,-0.16123971343040466,0.2903660833835602,-1.1826695203781128,-0.19064421951770782,0.1791820079088211,-0.9827147722244263,-0.004337460733950138,0.19695040583610535,-1.3094513416290283,-0.08948075026273727,0.1682053804397583,-1.2600539922714233,-0.14084665477275848,0.15817473828792572,-1.206746220588684,-0.15853990614414215,0.04223061352968216,-0.9873145222663879,-0.007049185689538717,0.05237140506505966,-1.279436469078064,-0.09921211749315262,0.041880734264850616,-1.2181836366653442,-0.12122098356485367,0.0438801608979702,-1.1614043712615967,-0.1137232780456543,-0.10482211410999298,-0.9443238377571106,-0.017783010378479958,-0.08361320942640305,-1.1933715343475342,-0.08941234648227692,-0.07606009393930435,-1.1475077867507935,-0.09669525921344757,-0.06169305369257927,-1.107384443283081,-0.08391512185335159,0.0,0.0,0.0,0.013184989802539349,0.024765098467469215,0.01590939238667488,0.03825332969427109,0.03955681622028351,0.02938227169215679,0.050647325813770294,0.08422479033470154,0.041102878749370575,0.030979236587882042,0.101846843957901,0.04932183027267456,0.03088449314236641,0.01280875876545906,0.04269534721970558,0.029294125735759735,0.07185389846563339,0.08242011070251465,0.02401653863489628,0.3000512719154358,0.08938088268041611,0.04614074528217316,0.5048125386238098,0.0793200433254242,0.02011392079293728,0.00379241188056767,0.04156649485230446,0.02152569591999054,0.1099783331155777,0.09074471145868301,0.035350773483514786,0.4013199806213379,0.08025658130645752,0.05151267349720001,0.6288996934890747,0.05487246438860893,0.020745541900396347,0.012424401007592678,0.04285139590501785,0.027495838701725006,0.1231330931186676,0.08201438933610916,0.0415828637778759,0.41289836168289185,0.05230634659528732,0.05193832889199257,0.6286943554878235,0.03782445192337036,0.02661103755235672,0.04041494056582451,0.045230619609355927,0.028079992160201073,0.07650238275527954,0.05896361917257309,0.03748709335923195,0.2798061668872833,0.04187548905611038,0.046158019453287125,0.45532622933387756,0.04349244758486748
adios,0.0,0.0,0.0,0.24737104773521423,-0.13851743936538696,-0.09888464212417603,0.4652712941169739,-0.46223554015159607,-0.11796150356531143,0.551254391670227,-0.8572267293930054,-0.12950780987739563,0.4975894093513489,-1.149985671043396,-0.13622161746025085,0.3440277576446533,-0.9039337038993835,-0.015842046588659286,0.3776285648345947,-1.2392746210098267,-0.09390846639871597,0.3364839255809784,-1.2354557514190674,-0.155948206782341,0.3099891245365143,-1.206040620803833,-0.18781417608261108,0.20498177409172058,-0.9775549173355103,0.0006603868678212166,0.22615119814872742,-1.3335374593734741,-0.08247999846935272,0.1915140450000763,-1.3040411472320557,-0.13597938418388367,0.17834308743476868,-1.2534977197647095,-0.15577299892902374,0.06852944195270538,-0.991442084312439,-0.001001211116090417,0.0775880217552185,-1.3062455654144287,-0.0902530699968338,0.06349167972803116,-1.2555115222930908,-0.1146710067987442,0.06455834209918976,-1.196784496307373,-0.10996159166097641,-0.07756160199642181,-0.9559833407402039,-0.011006392538547516,-0.0602450966835022,-1.2027478218078613,-0.08235935866832733,-0.056905947625637054,-1.1604945659637451,-0.09287288039922714,-0.04206081107258797,-1.117840051651001,-0.08323554694652557,0.0,0.0,0.0,0.013737374916672707,0.03486704081296921,0.014099112711846828,0.04469206929206848,0.0410739965736866,0.026770448312163353,0.05791739746928215,0.08519122004508972,0.037434447556734085,0.03346305713057518,0.09997975081205368,0.045346107333898544,0.03877323120832443,0.013727661222219467,0.04383580759167671,0.03546473756432533,0.05932827666401863,0.07998369634151459,0.021304447203874588,0.28711849451065063,0.08617663383483887,0.048956792801618576,0.4952038526535034,0.07688045501708984,0.024284273386001587,0.005347138270735741,0.04183579608798027,0.022512974217534065,0.08605936914682388,0.08987681567668915,0.03308111056685448,0.3672908544540405,0.08012250810861588,0.05395768955349922,0.6004191637039185,0.05400058254599571,0.02030220627784729,0.012267365120351315,0.04138347506523132,0.025049332529306412,0.10187073796987534,0.08022771775722504,0.037312284111976624,0.38418617844581604,0.054150015115737915,0.04802427813410759,0.6047452688217163,0.03987933322787285,0.024543289095163345,0.03807443752884865,0.04189027100801468,0.02589958906173706,0.06719281524419785,0.059142086654901505,0.030707327648997307,0.2796553373336792,0.04529397562146187,0.03469138219952583,0.4605766534805298,0.0428275391459465
adios,0.0,0.0,0.0,0.22538454830646515,-0.18527519702911377,-0.09976230561733246,0.4213469922542572,-0.5447381734848022,-0.1230226531624794,0.48033133149147034,-0.939807116985321,-0.14021985232830048,0.4370688796043396,-1.249739408493042,-0.15156129002571106,0.28433749079704285,-0.947491466999054,-0.014303801581263542,0.30157727003097534,-1.249290108680725,-0.10366388410329819,0.2673090100288391,-1.1955987215042114,-0.17074334621429443,0.24506819248199463,-1.1209462881088257,-0.20081350207328796,0.13986340165138245,-0.9884300231933594,0.0018108480144292116,0.14965541660785675,-1.2912729978561401,-0.09256866574287415,0.12056318670511246,-1.1943824291229248,-0.1479390263557434,0.11099795997142792,-1.0992670059204102,-0.1647500991821289,0.0014180599246174097,-0.9810967445373535,-0.0019481874769553542,0.001713489182293415,-1.2513636350631714,-0.1005367785692215,-0.008660474792122841,-1.1519063711166382,-0.12365660816431046,-0.0042008874006569386,-1.059577226638794,-0.11363048851490021,-0.14282815158367157,-0.9316302537918091,-0.013769510202109814,-0.12970894575119019,-1.179282546043396,-0.08580629527568817,-0.12445306777954102,-1.1159145832061768,-0.09184181690216064,-0.11132516711950302,-1.0552475452423096,-0.07666812092065811,0.0,0.0,0.0,0.014738725498318672,0.034118108451366425,0.015608945861458778,0.046367205679416656,0.034516457468271255,0.02600020356476307,0.06236964836716652,0.06825214624404907,0.034160859882831573,0.05656924098730087,0.0839826762676239,0.04011340066790581,0.04320365935564041,0.019827893003821373,0.047597356140613556,0.041746191680431366,0.06607257574796677,0.08160638064146042,0.022927457466721535,0.2624311149120331,0.08605365455150604,0.037993814796209335,0.449651837348938,0.0754827931523323,0.0350111685693264,0.005137524101883173,0.04678690433502197,0.03343554958701134,0.10114295780658722,0.08825372159481049,0.022453604266047478,0.36240270733833313,0.07735858112573624,0.027140147984027863,0.5734284520149231,0.056529730558395386,0.032547008246183395,0.018312152475118637,0.046903885900974274,0.03090680204331875,0.1044631376862526,0.08095649629831314,0.02429291047155857,0.37664589285850525,0.0546557679772377,0.019653096795082092,0.5785634517669678,0.04675044119358063,0.034066129475831985,0.04941912740468979,0.047556448727846146,0.03457425907254219,0.05715017393231392,0.0621642991900444,0.027923081070184708,0.2412555068731308,0.048461634665727615,0.023586181923747063,0.40866178274154663,0.050901275128126144
adios,0.0,0.0,0.0,0.22253134846687317,-0.199281707406044,-0.09223242104053497,0.3946879208087921,-0.5667701959609985,-0.11183049529790878,0.43992334604263306,-0.9585145115852356,-0.12608632445335388,0.38738593459129333,-1.254904866218567,-0.13581643998622894,0.25476905703544617,-0.9552508592605591,-0.0201572272926569,0.27373695373535156,-1.278200387954712,-0.10254858434200287,0.2523227632045746,-1.2584015130996704,-0.16302788257598877,0.23874680697917938,-1.2300549745559692,-0.19173355400562286,0.1164131909608841,-0.9922763705253601,-0.00869402289390564,0.13147887587547302,-1.3079237937927246,-0.09338383376598358,0.11484716832637787,-1.2618989944458008,-0.14115861058235168,0.11303283274173737,-1.2290462255477905,-0.1571647822856903,-0.01702818274497986,-0.9754320979118347,-0.015646491199731827,-0.0066542127169668674,-1.265394926071167,-0.10546018183231354,-0.008042419329285622,-1.217271089553833,-0.12444786727428436,0.0012019909918308258,-1.1850364208221436,-0.11605105549097061,-0.1572173833847046,-0.9133810997009277,-0.030489709228277206,-0.1356090009212494,-1.169657588005066,-0.09758368134498596,-0.12199457734823227,-1.1417992115020752,-0.1015387773513794,-0.10493705421686172,-1.124281406402588,-0.08780127763748169,0.0,0.0,0.0,0.011364293284714222,0.021180270239710808,0.011880460195243359,0.03896285220980644,0.03603677824139595,0.02160833403468132,0.051923736929893494,0.07861461490392685,0.03224992752075195,0.04094790294766426,0.09557600319385529,0.03998380899429321,0.03265092894434929,0.010512590408325195,0.03680037707090378,0.029481809586286545,0.062194984406232834,0.072545625269413,0.015151903964579105,0.28889310359954834,0.08021263033151627,0.027843620628118515,0.5040693879127502,0.06980776786804199,0.019008740782737732,0.0025976754259318113,0.037306059151887894,0.01426295842975378,0.11602603644132614,0.0774417519569397,0.02154412865638733,0.4082557260990143,0.06571100652217865,0.03441978245973587,0.6429132223129272,0.04006807133555412,0.016635915264487267,0.012507010251283646,0.039803698658943176,0.013885698281228542,0.12425754219293594,0.06984411180019379,0.02453978918492794,0.4105197489261627,0.04282989352941513,0.0313606932759285,0.634385347366333,0.03702903538942337,0.022087402641773224,0.04143990948796272,0.0433846078813076,0.01574174128472805,0.06426744908094406,0.05179119482636452,0.02146453782916069,0.25924909114837646,0.04125035181641579,0.030225804075598717,0.44110140204429626,0.0517423115670681
adios,0.0,0.0,0.0,0.21455685794353485,-0.18451347947120667,-0.09486471116542816,0.3954428434371948,-0.5508294701576233,-0.11571881920099258,0.445250928401947,-0.9489548802375793,-0.12865003943443298,0.37162500619888306,-1.2242069244384766,-0.13560748100280762,0.25414836406707764,-0.951622486114502,-0.022113967686891556,0.27653634548187256,-1.201736569404602,-0.10240733623504639,0.24897733330726624,-1.126476526260376,-0.16010282933712006,0.23104853928089142,-1.0615671873092651,-0.18667379021644592,0.11617930233478546,-0.9916308522224426,-0.006948175840079784,0.13116693496704102,-1.244661569595337,-0.08815215528011322,0.11419235169887543,-1.1413428783416748,-0.13071896135807037,0.11293318122625351,-1.0665942430496216,-0.14260265231132507,-0.017943082377314568,-0.97284996509552,-0.00985049083828926,-0.009665929712355137,-1.1890416145324707,-0.09782049059867859,-0.008811797946691513,-1.0891743898391724,-0.11079658567905426,0.00010689627379179001,-1.0205440521240234,-0.09773122519254684,-0.15900956094264984,-0.9081422686576843,-0.020720304921269417,-0.13599398732185364,-1.1041525602340698,-0.08489301055669785,-0.12053756415843964,-1.0375423431396484,-0.0850062444806099,-0.10504605621099472,-0.9965259432792664,-0.06812439858913422,0.0,0.0,0.0,0.013959629461169243,0.04227806627750397,0.013196027837693691,0.028489068150520325,0.04283953085541725,0.02338632382452488,0.033872637897729874,0.07136194407939911,0.03179880976676941,0.028190311044454575,0.08625531941652298,0.03756878897547722,0.020712317898869514,0.014613908715546131,0.054015740752220154,0.020566053688526154,0.1199144572019577,0.08991821110248566,0.027625899761915207,0.32244133949279785,0.09291160851716995,0.04524827003479004,0.5065047144889832,0.08043506741523743,0.01870291493833065,0.002741667442023754,0.052582718431949615,0.018518637865781784,0.16445785760879517,0.094294972717762,0.026666153222322464,0.41668975353240967,0.07909706234931946,0.03621804341673851,0.6213694214820862,0.05334653705358505,0.024670623242855072,0.010960694402456284,0.05173718184232712,0.025066759437322617,0.18723459541797638,0.08483389019966125,0.02532271295785904,0.4444214999675751,0.05772244557738304,0.02704404667019844,0.6362274885177612,0.04840749129652977,0.02959945797920227,0.027545779943466187,0.05179262161254883,0.0231254231184721,0.1416957676410675,0.06511284410953522,0.022689886391162872,0.3186723291873932,0.05232839658856392,0.028095461428165436,0.46760329604148865,0.05457501858472824
adios,0.0,0.0,0.0,0.22348614037036896,-0.18591205775737762,-0.08705578744411469,0.3983174264431,-0.5483524203300476,-0.10042856633663177,0.4530782103538513,-0.9290269017219543,-0.11012234538793564,0.43371063470840454,-1.2392746210098267,-0.11357323080301285,0.2843395173549652,-0.9480239152908325,-0.0013157037319615483,0.32192087173461914,-1.2438242435455322,-0.08131265640258789,0.29848670959472656,-1.195774793624878,-0.14026160538196564,0.28094351291656494,-1.1328849792480469,-0.1671133190393448,0.14626994729042053,-0.9879648089408875,0.009444494731724262,0.17397412657737732,-1.28058922290802,-0.07508472353219986,0.1580609828233719,-1.1921179294586182,-0.1212143748998642,0.15639249980449677,-1.1113717555999756,-0.13293856382369995,0.010443069040775299,-0.969483494758606,0.00111849932000041,0.030650669708848,-1.2137972116470337,-0.09013833850622177,0.0334516316652298,-1.1106908321380615,-0.10399911552667618,0.04363584890961647,-1.0327985286712646,-0.0889727994799614,-0.13270649313926697,-0.9020292162895203,-0.01499390322715044,-0.10462529957294464,-1.0977612733840942,-0.08432922512292862,-0.08677815645933151,-1.0240224599838257,-0.08632252365350723,-0.06794063746929169,-0.9784305691719055,-0.06869643926620483,0.0,0.0,0.0,0.014320086687803268,0.03382299095392227,0.010963068343698978,0.026020154356956482,0.04284250736236572,0.01575392484664917,0.03712094575166702,0.0623457133769989,0.02285555936396122,0.03562826290726662,0.07865922152996063,0.029166869819164276,0.031141329556703568,0.021179664880037308,0.036830827593803406,0.026885220780968666,0.08451396971940994,0.06939030438661575,0.03774505481123924,0.29876142740249634,0.07559812068939209,0.059844810515642166,0.4980945587158203,0.06767021864652634,0.02974146045744419,0.004690534435212612,0.03917676582932472,0.02590949833393097,0.13603685796260834,0.08076998591423035,0.04060704633593559,0.4044812023639679,0.07004240155220032,0.05473418906331062,0.621565580368042,0.048111677169799805,0.034195851534605026,0.011155323125422001,0.042787306010723114,0.03116544894874096,0.17632515728473663,0.07828240096569061,0.035325031727552414,0.4433988034725189,0.051809199154376984,0.04234975203871727,0.6393439173698425,0.03997351601719856,0.03708859533071518,0.025756914168596268,0.046717721968889236,0.02969924360513687,0.1453312784433365,0.0620020367205143,0.02699892967939377,0.33996084332466125,0.046287715435028076,0.03208433464169502,0.49375203251838684,0.04339534416794777
adios,0.0,0.0,0.0,0.2179153859615326,-0.190834641456604,-0.1027824655175209,0.4109729826450348,-0.5630545616149902,-0.12895242869853973,0.47633466124534607,-0.9643454551696777,-0.14900484681129456,0.42554712295532227,-1.2778046131134033,-0.16275419294834137,0.28567519783973694,-0.9499884843826294,-0.0198292788118124,0.30141958594322205,-1.2551600933074951,-0.1184425950050354,0.2562611699104309,-1.1569688320159912,-0.19203998148441315,0.22430427372455597,-1.0322321653366089,-0.2244136780500412,0.14415636658668518,-0.988431453704834,-0.0019719174597412348,0.1436937004327774,-1.2893412113189697,-0.10730329900979996,0.10640369355678558,-1.141094446182251,-0.16707979142665863,0.09043402224779129,-0.9905394315719604,-0.18357476592063904,0.010023972019553185,-0.9796831011772156,-0.004128488712012768,-0.0006274672923609614,-1.2443121671676636,-0.10904596745967865,-0.014994333498179913,-1.1007273197174072,-0.13108089566230774,-0.012804878875613213,-0.9632377624511719,-0.11800391972064972,-0.12773729860782623,-0.928138256072998,-0.014619055204093456,-0.12373445928096771,-1.1511976718902588,-0.09180194139480591,-0.1196955218911171,-1.045937180519104,-0.09844133257865906,-0.10413327068090439,-0.9492594599723816,-0.08172416687011719,0.0,0.0,0.0,0.020921731367707253,0.03081483021378517,0.01640615612268448,0.04829719290137291,0.032898612320423126,0.023599563166499138,0.05925600603222847,0.06278157979249954,0.027623290196061134,0.036925058811903,0.06685678660869598,0.02981785498559475,0.034300390630960464,0.01578679494559765,0.044572826474905014,0.032937221229076385,0.036552585661411285,0.07230422645807266,0.02453668788075447,0.22847437858581543,0.0734444111585617,0.04018766060471535,0.39440158009529114,0.06265569478273392,0.023692099377512932,0.0033875438384711742,0.04056407883763313,0.025510307401418686,0.08737920969724655,0.07707289606332779,0.028012854978442192,0.3285307288169861,0.06110399216413498,0.03560328111052513,0.50510174036026,0.036852844059467316,0.01975608989596367,0.010410415008664131,0.037514522671699524,0.026295462623238564,0.11268074810504913,0.07009463757276535,0.025981862097978592,0.3617655634880066,0.03813222423195839,0.029152141883969307,0.5304514765739441,0.03453304246068001,0.0196207445114851,0.02431580238044262,0.03532467409968376,0.024154862388968468,0.0890011265873909,0.05042608827352524,0.024590149521827698,0.28663650155067444,0.029769595712423325,0.028241662308573723,0.4372829794883728,0.03283097594976425
adios,0.0,0.0,0.0,0.2089204341173172,-0.19311761856079102,-0.11314338445663452,0.39575743675231934,-0.5619799494743347,-0.14722752571105957,0.45866647362709045,-0.9545654058456421,-0.1753993034362793,0.387079656124115,-1.2467734813690186,-0.19492077827453613,0.26606306433677673,-0.9640290141105652,-0.028205323964357376,0.2624287009239197,-1.2852256298065186,-0.14145292341709137,0.20995762944221497,-1.149891972541809,-0.2209472954273224,0.17598441243171692,-0.9836565852165222,-0.25215575098991394,0.12072864919900894,-0.9910232424736023,-0.007172327488660812,0.10243959724903107,-1.2891414165496826,-0.1284603774547577,0.06192443519830704,-1.0876216888427734,-0.1894659847021103,0.04901418089866638,-0.8998166918754578,-0.20085933804512024,-0.012257395312190056,-0.9777101278305054,-0.008129631169140339,-0.03981906920671463,-1.2378239631652832,-0.12667939066886902,-0.05756542086601257,-1.0392416715621948,-0.1456572264432907,-0.051180385053157806,-0.8554496765136719,-0.12437836080789566,-0.14520657062530518,-0.9286742210388184,-0.018356572836637497,-0.15997692942619324,-1.155726671218872,-0.10174431651830673,-0.16189949214458466,-1.0128589868545532,-0.10576577484607697,-0.14631310105323792,-0.8703079223632812,-0.0830170288681984,0.0,0.0,0.0,0.023976776748895645,0.031941600143909454,0.017185203731060028,0.059438467025756836,0.028028476983308792,0.023447999730706215,0.06911429017782211,0.05215300992131233,0.024792125448584557,0.04500727728009224,0.055102672427892685,0.02385832741856575,0.05307919159531593,0.015169825404882431,0.0427604503929615,0.04673038050532341,0.03724484145641327,0.06664001196622849,0.024782760068774223,0.20841990411281586,0.06402330100536346,0.024563340470194817,0.3403366208076477,0.05205632001161575,0.043437980115413666,0.0053882896900177,0.036473535001277924,0.033403899520635605,0.07402339577674866,0.07260206341743469,0.027132481336593628,0.29122623801231384,0.05691305547952652,0.030119135975837708,0.42688116431236267,0.03526539355516434,0.03987150266766548,0.01732248067855835,0.03173946216702461,0.03178319334983826,0.08145836740732193,0.06647063046693802,0.03039279393851757,0.29464346170425415,0.037605926394462585,0.03713103011250496,0.4185660183429718,0.03557064011693001,0.04010926932096481,0.055320125073194504,0.02829919382929802,0.03852439299225807,0.06261461973190308,0.04436802119016647,0.035382118076086044,0.17844639718532562,0.028321487829089165,0.037753380835056305,0.28422102332115173,0.035165224224328995
