label,mean_x0,mean_y0,mean_z0,mean_x1,mean_y1,mean_z1,mean_x2,mean_y2,mean_z2,mean_x3,mean_y3,mean_z3,mean_x4,mean_y4,mean_z4,mean_x5,mean_y5,mean_z5,mean_x6,mean_y6,mean_z6,mean_x7,mean_y7,mean_z7,mean_x8,mean_y8,mean_z8,mean_x9,mean_y9,mean_z9,mean_x10,mean_y10,mean_z10,mean_x11,mean_y11,mean_z11,mean_x12,mean_y12,mean_z12,mean_x13,mean_y13,mean_z13,mean_x14,mean_y14,mean_z14,mean_x15,mean_y15,mean_z15,mean_x16,mean_y16,mean_z16,mean_x17,mean_y17,mean_z17,mean_x18,mean_y18,mean_z18,mean_x19,mean_y19,mean_z19,mean_x20,mean_y20,mean_z20,std_x0,std_y0,std_z0,std_x1,std_y1,std_z1,std_x2,std_y2,std_z2,std_x3,std_y3,std_z3,std_x4,std_y4,std_z4,std_x5,std_y5,std_z5,std_x6,std_y6,std_z6,std_x7,std_y7,std_z7,std_x8,std_y8,std_z8,std_x9,std_y9,std_z9,std_x10,std_y10,std_z10,std_x11,std_y11,std_z11,std_x12,std_y12,std_z12,std_x13,std_y13,std_z13,std_x14,std_y14,std_z14,std_x15,std_y15,std_z15,std_x16,std_y16,std_z16,std_x17,std_y17,std_z17,std_x18,std_y18,std_z18,std_x19,std_y19,std_z19,std_x20,std_y20,std_z20
nada,0.0,0.0,0.0,0.18352748453617096,-0.1498122215270996,-0.09831608831882477,0.30418694019317627,-0.43972840905189514,-0.1412607580423355,0.17938272655010223,-0.6367403268814087,-0.175195574760437,0.033778559416532516,-0.6642898321151733,-0.2115485668182373,0.2343224585056305,-0.9449555277824402,-0.08062329888343811,0.2634906768798828,-1.3203998804092407,-0.14351476728916168,0.2720605134963989,-1.562145471572876,-0.19643978774547577,0.2759016156196594,-1.7728973627090454,-0.2350083887577057,0.10408581793308258,-0.9911186099052429,-0.08250164240598679,0.14007753133773804,-1.4178810119628906,-0.13484299182891846,0.16260889172554016,-1.7000048160552979,-0.18737152218818665,0.18109536170959473,-1.9362131357192993,-0.22543306648731232,-0.012046538293361664,-0.9454992413520813,-0.09636049717664719,0.01051544863730669,-1.353632926940918,-0.14988212287425995,0.031285256147384644,-1.6160188913345337,-0.20074860751628876,0.04761354997754097,-1.8362737894058228,-0.23419499397277832,-0.127620130777359,-0.8283249139785767,-0.1194290742278099,-0.11640089750289917,-1.1449193954467773,-0.1634272038936615,-0.09691378474235535,-1.3463518619537354,-0.18606194853782654,-0.0791323110461235,-1.5313007831573486,-0.20216543972492218,0.0,0.0,0.0,0.002149486681446433,0.005164157599210739,0.007288691587746143,0.004142902325838804,0.004575307946652174,0.011033461429178715,0.005043629091233015,0.007319792173802853,0.013652810826897621,0.004799276124686003,0.008492304012179375,0.016237925738096237,0.003439161693677306,0.0019884344656020403,0.007798974402248859,0.003988888114690781,0.0028556615579873323,0.010488676838576794,0.00405931705608964,0.004399968311190605,0.012781849130988121,0.00458782073110342,0.0063018761575222015,0.01459498330950737,0.002477421658113599,0.000615184661000967,0.0060838391073048115,0.0029450024012476206,0.003567184554412961,0.009281988255679607,0.002955474192276597,0.005703835282474756,0.012416261248290539,0.0032383056823164225,0.00789161678403616,0.014853086322546005,0.0023177305702120066,0.0018315466586500406,0.005312345456331968,0.0034316121600568295,0.0036011580377817154,0.008686755783855915,0.0035255029797554016,0.00552448071539402,0.012387479655444622,0.0033766578417271376,0.007377726957201958,0.01515673752874136,0.0026632582303136587,0.003309598658233881,0.005210811272263527,0.0025380821898579597,0.0039699506014585495,0.008093252778053284,0.0026475556660443544,0.005046079400926828,0.011042836122214794,0.003063445445150137,0.005776391830295324,0.013690057210624218
nada,0.0,0.0,0.0,0.2686113715171814,-0.1481926590204239,-0.06764249503612518,0.4460616111755371,-0.6140152215957642,-0.07135512679815292,0.5000358819961548,-1.0618412494659424,-0.07324586808681488,0.5836673974990845,-1.3230235576629639,-0.04984137415885925,0.3326539397239685,-0.9610384106636047,0.009433490224182606,0.3814236521720886,-1.2842425107955933,-0.09429039806127548,0.3244011104106903,-0.9050658941268921,-0.13215431571006775,0.28819674253463745,-0.7781859636306763,-0.14067092537879944,0.16944271326065063,-0.98546302318573,0.010801706463098526,0.21217599511146545,-1.2623541355133057,-0.0945771113038063,0.1800447404384613,-0.8393117785453796,-0.10128935426473618,0.1520489603281021,-0.7928966283798218,-0.07982674986124039,0.009733090177178383,-0.9617191553115845,-0.008616006933152676,0.053280748426914215,-1.259259819984436,-0.12376254796981812,0.05007699877023697,-0.8483120799064636,-0.06674590706825256,0.03162211924791336,-0.7841117978096008,0.0011736014857888222,-0.15975813567638397,-0.9249603152275085,-0.03268309682607651,-0.11115483194589615,-1.123758316040039,-0.0926300436258316,-0.0846165120601654,-0.840243935585022,-0.03766944631934166,-0.09403876960277557,-0.7632007002830505,0.02146555855870247,0.0,0.0,0.0,0.0025407825596630573,0.005293571390211582,0.004113001748919487,0.004727844148874283,0.006698910146951675,0.005769913550466299,0.006286928430199623,0.006376031786203384,0.006904707755893469,0.006765015888959169,0.006026024464517832,0.007820682600140572,0.004649498499929905,0.003086667973548174,0.004276065155863762,0.006329227704554796,0.004547455348074436,0.0044922190718352795,0.0065443855710327625,0.006089896894991398,0.005409155040979385,0.005578991025686264,0.004032281693071127,0.006173925474286079,0.004090612754225731,0.000716842885594815,0.004226401448249817,0.00494937039911747,0.0051011573523283005,0.0031695375218987465,0.005369739141315222,0.0070547121576964855,0.004129460081458092,0.004774417262524366,0.004875306040048599,0.004824043717235327,0.003911172971129417,0.001191632472909987,0.00431413110345602,0.004320146981626749,0.006018305197358131,0.00308971363119781,0.004325647838413715,0.007386812008917332,0.003050254425033927,0.0035730390809476376,0.006608316209167242,0.003419499844312668,0.003889210522174835,0.004346261732280254,0.004532058257609606,0.003623200347647071,0.004933916963636875,0.003768001217395067,0.0036174149718135595,0.006140036042779684,0.003595242742449045,0.003955087624490261,0.00467870244756341,0.0034652710892260075
nada,0.0,0.0,0.0,0.2365477830171585,-0.18248537182807922,-0.04652426391839981,0.386469304561615,-0.5297263264656067,-0.064948670566082,0.46886688470840454,-0.8079174160957336,-0.08743591606616974,0.5525648593902588,-1.0064550638198853,-0.11307791620492935,0.26027482748031616,-0.936076819896698,-0.03566069155931473,0.34984418749809265,-1.2686635255813599,-0.10491452366113663,0.4234470725059509,-1.4372636079788208,-0.1638149619102478,0.4858243465423584,-1.5600883960723877,-0.2033250778913498,0.14357776939868927,-0.9479087591171265,-0.061072491109371185,0.21878674626350403,-1.3177711963653564,-0.11647786945104599,0.28519219160079956,-1.4960511922836304,-0.16687630116939545,0.3411228060722351,-1.622102975845337,-0.20231202244758606,0.031664520502090454,-0.8737415075302124,-0.09648789465427399,0.08546488732099533,-1.2001159191131592,-0.1590496450662613,0.14100754261016846,-1.3428481817245483,-0.20151248574256897,0.1906501203775406,-1.4478429555892944,-0.2293262481689453,-0.07747812569141388,-0.7184519171714783,-0.13690273463726044,-0.049656499177217484,-0.9098448753356934,-0.19546452164649963,-0.008245719596743584,-0.979350209236145,-0.21603727340698242,0.0313175767660141,-1.0244851112365723,-0.22671136260032654,0.0,0.0,0.0,0.07398686558008194,0.08877890557050705,0.06059897318482399,0.13082391023635864,0.13536137342453003,0.07571026682853699,0.17522606253623962,0.1960098147392273,0.07663244009017944,0.2017732411623001,0.24681997299194336,0.07448122650384903,0.24040716886520386,0.08423113077878952,0.0387006513774395,0.33301013708114624,0.14838488399982452,0.0339902862906456,0.4176015257835388,0.22186383605003357,0.03628614917397499,0.4900224506855011,0.2985139787197113,0.04019540548324585,0.2697622776031494,0.06390782445669174,0.016388211399316788,0.3997851610183716,0.13375170528888702,0.028836345300078392,0.5039354562759399,0.22998660802841187,0.04131479561328888,0.5907490253448486,0.3307779133319855,0.0506046824157238,0.2813490927219391,0.05995729938149452,0.039029549807310104,0.41822510957717896,0.1144673079252243,0.05872929468750954,0.5248322486877441,0.2146451622247696,0.07239764928817749,0.6070190668106079,0.32465073466300964,0.07999540120363235,0.2836032807826996,0.08841124176979065,0.06546475738286972,0.40228283405303955,0.13823366165161133,0.08396387100219727,0.4813503623008728,0.21604467928409576,0.09506303817033768,0.5401480793952942,0.30845361948013306,0.10265474021434784
nada,0.0,0.0,0.0,0.24125412106513977,-0.17040970921516418,0.06396933645009995,0.40003758668899536,-0.36449068784713745,0.05116777494549751,0.5211805105209351,-0.495871365070343,0.0030105188488960266,0.587774395942688,-0.6677972078323364,-0.04189801588654518,0.16866323351860046,-0.9802781939506531,0.08443324267864227,0.3783162236213684,-1.259339451789856,0.012921323999762535,0.5313800573348999,-1.1225289106369019,-0.057503826916217804,0.5989070534706116,-0.9276825189590454,-0.09330364316701889,0.12274910509586334,-0.9922977685928345,0.0047684540040791035,0.3801567852497101,-1.2997806072235107,-0.058357007801532745,0.5454438328742981,-1.1248732805252075,-0.1138438731431961,0.5967615842819214,-0.8935200572013855,-0.14109419286251068,0.1180739775300026,-0.943793773651123,-0.07799708843231201,0.36034828424453735,-1.2710336446762085,-0.12485013157129288,0.5246669054031372,-1.114953637123108,-0.1352706402540207,0.5827805399894714,-0.8986678123474121,-0.1300690472126007,0.15460726618766785,-0.8383054733276367,-0.15927526354789734,0.34880125522613525,-1.105603814125061,-0.1831587702035904,0.4809908866882324,-1.0386123657226562,-0.16893555223941803,0.5432313680648804,-0.8916214108467102,-0.14939597249031067,0.0,0.0,0.0,0.0032548019662499428,0.0076619540341198444,0.010410363785922527,0.005723584908992052,0.008119030855596066,0.016535358503460884,0.007298234850168228,0.008402863517403603,0.02042592689394951,0.00731324777007103,0.009215334430336952,0.02349911443889141,0.009738859720528126,0.004306555725634098,0.01759609766304493,0.008224903605878353,0.014394635334610939,0.02493533305823803,0.011146088130772114,0.013224508613348007,0.028173917904496193,0.012819740921258926,0.0112312575802207,0.02900136448442936,0.008077726699411869,0.0009958059526979923,0.013742894865572453,0.007983709685504436,0.015846412628889084,0.02101019397377968,0.010383199900388718,0.014434268698096275,0.0223078690469265,0.01009759958833456,0.012288158759474754,0.021879326552152634,0.005695916712284088,0.0018343576230108738,0.010511406697332859,0.006371968425810337,0.010773959569633007,0.016614891588687897,0.008187463507056236,0.011042174883186817,0.017220817506313324,0.008338579908013344,0.011462027207016945,0.01619575545191765,0.00424673268571496,0.003915711771696806,0.008222377859055996,0.003909019287675619,0.006062658503651619,0.01276217307895422,0.005956366192549467,0.007973453029990196,0.014287038706243038,0.0072397030889987946,0.009838316589593887,0.014410903677344322
nada,0.0,0.0,0.0,0.22328248620033264,-0.154905766248703,0.007287430576980114,0.4083622992038727,-0.356335312128067,-0.013262267224490643,0.5600705146789551,-0.4564259648323059,-0.05840079113841057,0.7016962766647339,-0.5289692282676697,-0.10459977388381958,0.2835657596588135,-0.9483894109725952,0.06975644081830978,0.3889722228050232,-1.2909966707229614,0.003338803304359317,0.5183202028274536,-1.3620107173919678,-0.06420931220054626,0.6329578757286072,-1.346213698387146,-0.10709424316883087,0.22906705737113953,-0.9733142852783203,0.009784539230167866,0.3539455235004425,-1.3690513372421265,-0.05894367769360542,0.5055533051490784,-1.4134775400161743,-0.126388818025589,0.6311091184616089,-1.3417282104492188,-0.16656306385993958,0.17331744730472565,-0.9598940014839172,-0.06262005865573883,0.3065486550331116,-1.356663465499878,-0.12723179161548615,0.4708152711391449,-1.405293583869934,-0.17040416598320007,0.6090497374534607,-1.3381540775299072,-0.19042901694774628,0.12371920049190521,-0.9009853601455688,-0.1387389749288559,0.2521456778049469,-1.2069826126098633,-0.18572275340557098,0.3806169629096985,-1.2991225719451904,-0.2028813362121582,0.4937012195587158,-1.2960411310195923,-0.20865154266357422,0.0,0.0,0.0,0.004577310290187597,0.005604503210633993,0.003695690305903554,0.004923649597913027,0.004941990599036217,0.005594209767878056,0.006337764672935009,0.005590780638158321,0.007254744414240122,0.007682487368583679,0.007689956109970808,0.0094063188880682,0.005639960058033466,0.0018436259124428034,0.007529797498136759,0.007500895299017429,0.007069941610097885,0.010466694831848145,0.00853714533150196,0.008439878933131695,0.0121299521997571,0.00992894358932972,0.010726493783295155,0.013052655383944511,0.0060822926461696625,0.0013990332372486591,0.007272588554769754,0.008769691921770573,0.008050745353102684,0.0107421288266778,0.010303580202162266,0.008618611842393875,0.012103998102247715,0.011829471215605736,0.009841296821832657,0.012570363469421864,0.006773765664547682,0.003325851634144783,0.007684609852731228,0.009045503102242947,0.007944546639919281,0.010452916845679283,0.010497543029487133,0.009037402458488941,0.011259982362389565,0.012059871107339859,0.011207270435988903,0.01138585526496172,0.008386785164475441,0.007729651406407356,0.008623160421848297,0.009676231071352959,0.00935515109449625,0.010294612497091293,0.009996701963245869,0.011163202114403248,0.010858511552214622,0.010208499617874622,0.012951338663697243,0.011111530475318432
nada,0.0,0.0,0.0,0.2391083985567093,-0.14420129358768463,-0.05522512272000313,0.40602296590805054,-0.5068783164024353,-0.07032044231891632,0.44397950172424316,-0.8467373847961426,-0.0922955796122551,0.4963758587837219,-1.0240890979766846,-0.10237240791320801,0.3377140164375305,-0.9324280619621277,0.010299176909029484,0.4222715497016907,-1.291494607925415,-0.08920790255069733,0.42167383432388306,-1.1288474798202515,-0.14366593956947327,0.4102822244167328,-1.028144359588623,-0.16202859580516815,0.2008599489927292,-0.9790394902229309,-0.0025248785968869925,0.2847079634666443,-1.319045066833496,-0.0974656268954277,0.2840408682823181,-1.1069467067718506,-0.12430749088525772,0.2682684063911438,-1.035885214805603,-0.1197303980588913,0.05631102994084358,-0.9717172384262085,-0.03393318131566048,0.1399831771850586,-1.3159986734390259,-0.13565729558467865,0.14503595232963562,-1.1047399044036865,-0.11577033996582031,0.12919080257415771,-1.0339856147766113,-0.0751546174287796,-0.10526684671640396,-0.9191948175430298,-0.07036001980304718,-0.02752198651432991,-1.1864078044891357,-0.13485273718833923,-0.005895503796637058,-1.039595365524292,-0.10647886991500854,-0.017085403203964233,-0.9689168930053711,-0.06734415143728256,0.0,0.0,0.0,0.029346873983740807,0.02479594387114048,0.021283108741044998,0.032850656658411026,0.08941817283630371,0.03254721686244011,0.09729354083538055,0.1400858461856842,0.035738978534936905,0.21012338995933533,0.16292759776115417,0.047297123819589615,0.022482268512248993,0.026781536638736725,0.03774047642946243,0.01542382687330246,0.034071605652570724,0.01795954443514347,0.04094889760017395,0.21180368959903717,0.021047959104180336,0.08555847406387329,0.3785586953163147,0.028588296845555305,0.01507579255849123,0.002785119693726301,0.029927367344498634,0.013210800476372242,0.05542871356010437,0.01747547835111618,0.039713650941848755,0.30894631147384644,0.02097271755337715,0.08446017652750015,0.4460507333278656,0.03675223886966705,0.005758475977927446,0.008408112451434135,0.01912851631641388,0.014082072302699089,0.0618850477039814,0.02270152047276497,0.02707129530608654,0.31517595052719116,0.0240216962993145,0.07218381017446518,0.46256980299949646,0.06496226787567139,0.013154775835573673,0.016549210995435715,0.012013264931738377,0.01956169493496418,0.035366516560316086,0.012607870623469353,0.014458825811743736,0.1986127346754074,0.02892010658979416,0.041978951543569565,0.31192997097969055,0.057040225714445114
nada,0.0,0.0,0.0,0.23106424510478973,-0.0424681082367897,-0.1018889993429184,0.4816874563694,-0.29995304346084595,-0.17329555749893188,0.6887595057487488,-0.4626610279083252,-0.24859197437763214,0.8556259274482727,-0.47106513381004333,-0.32420915365219116,0.3497250974178314,-0.92181396484375,-0.11670639365911484,0.4359140992164612,-1.413063645362854,-0.227278470993042,0.49425244331359863,-1.7229804992675781,-0.2759908139705658,0.5359899401664734,-1.9703037738800049,-0.3059764504432678,0.19508807361125946,-0.9727752804756165,-0.124958835542202,0.2917936444282532,-1.0481764078140259,-0.2941768765449524,0.24249839782714844,-0.6122624278068542,-0.2947731614112854,0.1953292042016983,-0.4659729599952698,-0.25255146622657776,0.03533053770661354,-0.9596554636955261,-0.14809073507785797,0.12669390439987183,-0.9436265826225281,-0.3262520432472229,0.10291986167430878,-0.5682668685913086,-0.27016210556030273,0.06839872896671295,-0.475609689950943,-0.1862357258796692,-0.13447633385658264,-0.9171395301818848,-0.17905092239379883,-0.04039451852440834,-0.928094744682312,-0.2883041501045227,-0.015607049688696861,-0.6428484320640564,-0.23933887481689453,-0.029365286231040955,-0.551800549030304,-0.17509885132312775,0.0,0.0,0.0,0.0023828384000808,0.003785626031458378,0.0029759537428617477,0.0037920232862234116,0.010435334406793118,0.004901605658233166,0.0055609336122870445,0.01749926619231701,0.007479515857994556,0.007501745130866766,0.020805353298783302,0.010152156464755535,0.004910643678158522,0.00684781838208437,0.003942944575101137,0.0069989110343158245,0.014144383370876312,0.005689678713679314,0.006860177032649517,0.016422685235738754,0.0068331556394696236,0.006760495249181986,0.0192386694252491,0.007764394860714674,0.004305355250835419,0.0010681655257940292,0.0038083656691014767,0.0027889609336853027,0.02526393160223961,0.006404581014066935,0.003698056098073721,0.018229464069008827,0.009571055881679058,0.00346130458638072,0.009571034461259842,0.010813133791089058,0.003832103917375207,0.0038972587790340185,0.003787046065554023,0.002808737801387906,0.016650784760713577,0.00551507156342268,0.0023590975906699896,0.009420433081686497,0.0059138089418411255,0.002291490323841572,0.0054616499692201614,0.005462282337248325,0.00422604801133275,0.008291116915643215,0.004113941453397274,0.004884461872279644,0.013371315784752369,0.004808606579899788,0.0031166626140475273,0.00906055886298418,0.00430297153070569,0.003480395069345832,0.005337131675332785,0.0037777675315737724
nada,0.0,0.0,0.0,0.2724846601486206,-0.0889415591955185,-0.06795290112495422,0.5369813442230225,-0.32542115449905396,-0.10282129049301147,0.7425284385681152,-0.4870625436306,-0.15194502472877502,0.9180768728256226,-0.5322908759117126,-0.1884923279285431,0.3935597240924835,-0.8494991064071655,-0.016630223020911217,0.48024851083755493,-0.9837350845336914,-0.1408195197582245,0.39087486267089844,-0.7082610726356506,-0.20694847404956818,0.3100647032260895,-0.4575725197792053,-0.2143659144639969,0.24350973963737488,-0.9695086479187012,-0.02715030312538147,0.32019445300102234,-1.0831936597824097,-0.17830155789852142,0.23053033649921417,-0.7292508482933044,-0.22683215141296387,0.15584076941013336,-0.44296783208847046,-0.21303319931030273,0.09330963343381882,-1.050727128982544,-0.0572768934071064,0.15693622827529907,-1.1992682218551636,-0.196563258767128,0.09942266345024109,-0.8471273183822632,-0.2003237009048462,0.050784915685653687,-0.563197910785675,-0.14722022414207458,-0.05751759931445122,-1.1068613529205322,-0.09365107864141464,0.016780110076069832,-1.5031208992004395,-0.15218080580234528,0.07825996726751328,-1.7496118545532227,-0.15147702395915985,0.14034271240234375,-1.9685041904449463,-0.1257990449666977,0.0,0.0,0.0,0.004374899435788393,0.003997976426035166,0.0025660216342657804,0.008213778957724571,0.004085707012563944,0.004207671619951725,0.010962334461510181,0.004700551740825176,0.005494487471878529,0.012475766241550446,0.006296550389379263,0.006346129812300205,0.00463618990033865,0.0026314090937376022,0.003418399952352047,0.006809397600591183,0.007582688704133034,0.005669762846082449,0.006497925613075495,0.00736236060038209,0.007586429826915264,0.006360991392284632,0.005814793054014444,0.008628913201391697,0.00305584236048162,0.0007970139267854393,0.0029966754373162985,0.005607896484434605,0.00922594964504242,0.006045213900506496,0.005810216534882784,0.010040774010121822,0.007636334281414747,0.005903853569179773,0.007909377105534077,0.007920498959720135,0.002599565777927637,0.003120612120255828,0.002704802667722106,0.003046320052817464,0.01127244159579277,0.005164528265595436,0.0036192487459629774,0.009242410771548748,0.005571053363382816,0.003873224137350917,0.006915279198437929,0.00517676118761301,0.0037709169555455446,0.007849353365600109,0.0027391822077333927,0.0029934437479823828,0.01328189205378294,0.004712285008281469,0.003603593911975622,0.0177561417222023,0.006075000856071711,0.004890995565801859,0.022001447156071663,0.006649542134255171
nada,0.0,0.0,0.0,0.19014477729797363,-0.11277778446674347,-0.1375875324010849,0.3279314935207367,-0.393285870552063,-0.21637988090515137,0.21586069464683533,-0.6829980611801147,-0.29085516929626465,0.08542516082525253,-0.9035782814025879,-0.3636395335197449,0.2937656044960022,-0.9727700352668762,-0.13456419110298157,0.37429219484329224,-1.4940356016159058,-0.24569082260131836,0.4246276915073395,-1.80483078956604,-0.3078160881996155,0.4552754759788513,-2.0611329078674316,-0.34441739320755005,0.1308223307132721,-0.983230710029602,-0.12673577666282654,0.1488027274608612,-1.120476484298706,-0.31851500272750854,0.12814117968082428,-0.7465074062347412,-0.3709743618965149,0.1102980524301529,-0.5067580938339233,-0.3601445257663727,-0.016459662467241287,-0.9503898620605469,-0.13236163556575775,-0.02168620005249977,-1.0536185503005981,-0.3277813494205475,-0.007628037128597498,-0.6787115931510925,-0.3143649101257324,-0.002057919278740883,-0.44377684593200684,-0.24912884831428528,-0.16331441700458527,-0.889318585395813,-0.14662399888038635,-0.1653018742799759,-1.1092274188995361,-0.2778697609901428,-0.13521920144557953,-0.8722634315490723,-0.2512742578983307,-0.11732839047908783,-0.6798607110977173,-0.19249840080738068,0.0,0.0,0.0,0.002964703133329749,0.00885794684290886,0.004365976899862289,0.003280017990618944,0.009447470307350159,0.0072170146740973,0.003767670365050435,0.011965435929596424,0.009883512742817402,0.00594704644754529,0.01745927706360817,0.012424901127815247,0.0067595248110592365,0.006361436098814011,0.006330336444079876,0.008150551468133926,0.014073366299271584,0.008651298470795155,0.00897170603275299,0.019629308953881264,0.01015167310833931,0.009404626674950123,0.023411650210618973,0.011137761175632477,0.007127770688384771,0.0008979549747891724,0.005417677573859692,0.007890560664236546,0.009863865561783314,0.008589742705225945,0.007152063772082329,0.012516593560576439,0.009980323724448681,0.005576358176767826,0.013850538991391659,0.010595455765724182,0.007162872701883316,0.003687808755785227,0.004863673821091652,0.006285409908741713,0.012579630129039288,0.007246366702020168,0.006336310412734747,0.011848211288452148,0.008005878888070583,0.0052376785315573215,0.010808668099343777,0.007971084676682949,0.0074485600925982,0.007663122843950987,0.004758573602885008,0.007109922356903553,0.00899334903806448,0.006350040435791016,0.007709314581006765,0.009271195158362389,0.007523171603679657,0.0076811471953988075,0.009948127903044224,0.008147161453962326
nada,0.0,0.0,0.0,0.2134590893983841,-0.16312044858932495,-0.08809971809387207,0.38510188460350037,-0.4661746621131897,-0.12165806442499161,0.4273366928100586,-0.7601636648178101,-0.1526302695274353,0.4108196198940277,-0.9800399541854858,-0.18451467156410217,0.2391757071018219,-0.9429333806037903,-0.0449584499001503,0.3062017261981964,-1.2901771068572998,-0.11457009613513947,0.35700830817222595,-1.4893742799758911,-0.16934743523597717,0.40665727853775024,-1.6475416421890259,-0.20375993847846985,0.09827618300914764,-0.9882866740226746,-0.047392863780260086,0.14828023314476013,-1.360785722732544,-0.1260978728532791,0.17706982791423798,-1.4001107215881348,-0.1737547218799591,0.20107321441173553,-1.418940782546997,-0.19343630969524384,-0.04131344333291054,-0.9600902795791626,-0.06298300623893738,-0.015882235020399094,-1.2990700006484985,-0.14942267537117004,0.007176113780587912,-1.3162024021148682,-0.16966408491134644,0.02710908092558384,-1.322814702987671,-0.16617344319820404,-0.1867578625679016,-0.8691173791885376,-0.08624271303415298,-0.18137645721435547,-1.1603803634643555,-0.15294446051120758,-0.15526780486106873,-1.1775141954421997,-0.15397025644779205,-0.13546137511730194,-1.1674997806549072,-0.1410418003797531,0.0,0.0,0.0,0.022709719836711884,0.07293685525655746,0.012197923846542835,0.052616018801927567,0.12189756333827972,0.020786650478839874,0.10595814138650894,0.1657181978225708,0.030597586184740067,0.18453989923000336,0.18296672403812408,0.0402977354824543,0.09899251163005829,0.05186795815825462,0.024272071197628975,0.14380431175231934,0.09122178703546524,0.03279569372534752,0.1799837052822113,0.12549635767936707,0.03882230445742607,0.21565306186676025,0.16225938498973846,0.04286278411746025,0.1022980585694313,0.009453941136598587,0.028825994580984116,0.15697336196899414,0.06227230280637741,0.047035764902830124,0.19901373982429504,0.31276461482048035,0.048798441886901855,0.24068497121334076,0.5260959267616272,0.04442482069134712,0.09573888033628464,0.029783274978399277,0.034135207533836365,0.14377671480178833,0.07441503554582596,0.05380406975746155,0.1809573918581009,0.3292907476425171,0.048373058438301086,0.21809245645999908,0.5348362326622009,0.05861106514930725,0.0813983678817749,0.06545928120613098,0.040329709649086,0.10959701240062714,0.0768364667892456,0.04574688524007797,0.143803671002388,0.17410367727279663,0.052116718143224716,0.17584314942359924,0.32310372591018677,0.06932941824197769
nada,0.0,0.0,0.0,0.21648430824279785,-0.1214749664068222,-0.08111532777547836,0.3787150979042053,-0.3012463450431824,-0.13479270040988922,0.5000905990600586,-0.5110604763031006,-0.19118349254131317,0.5468994379043579,-0.7525912523269653,-0.2436109334230423,0.267872154712677,-0.835218071937561,-0.04830055683851242,0.3945887088775635,-1.0058221817016602,-0.16575810313224792,0.48375025391578674,-0.9889358282089233,-0.2636414170265198,0.5486923456192017,-0.9147220849990845,-0.3159232437610626,0.1570671647787094,-0.9851680994033813,-0.06881948560476303,0.2573491334915161,-1.416904330253601,-0.14303287863731384,0.35025548934936523,-1.6814409494400024,-0.2041586935520172,0.4326018691062927,-1.9072374105453491,-0.24534127116203308,0.021909868344664574,-1.0199549198150635,-0.10980401188135147,0.054722435772418976,-1.4697344303131104,-0.19016903638839722,0.09062018245458603,-1.746558427810669,-0.24633410573005676,0.1357206106185913,-1.964564323425293,-0.27779966592788696,-0.1269228756427765,-0.9491971135139465,-0.15905344486236572,-0.16506898403167725,-1.290661096572876,-0.2213716208934784,-0.17104651033878326,-1.5204473733901978,-0.24356511235237122,-0.1600048840045929,-1.7214447259902954,-0.25447988510131836,0.0,0.0,0.0,0.0021173993591219187,0.004658671095967293,0.0026666931807994843,0.0032550347968935966,0.006499196868389845,0.004249084275215864,0.004896489903330803,0.007897370494902134,0.005593362729996443,0.007906864397227764,0.00996069610118866,0.006931073497980833,0.004540028981864452,0.003367149271070957,0.0038327989168465137,0.006766665261238813,0.010646430775523186,0.005616495851427317,0.008112522773444653,0.011156872846186161,0.006636349018663168,0.00941211823374033,0.00949879176914692,0.006996000185608864,0.005036148242652416,0.0008102774154394865,0.0034016587305814028,0.007421751972287893,0.0032788401003926992,0.004531492944806814,0.009030606597661972,0.0049206833355128765,0.005174985155463219,0.01027612667530775,0.006213225424289703,0.005852689500898123,0.005384871736168861,0.00301784323528409,0.0032364903017878532,0.006548170465976,0.004565950948745012,0.004159027244895697,0.008068695664405823,0.005588619504123926,0.0052344342693686485,0.009179317392408848,0.0066648731008172035,0.006221569608896971,0.005414099898189306,0.006996354553848505,0.003240883583202958,0.006387039553374052,0.007721057161688805,0.004066153895109892,0.007127018179744482,0.007605039980262518,0.005052134860306978,0.007594345603138208,0.00707195745781064,0.006036828737705946
nada,0.0,0.0,0.0,0.25698280334472656,-0.09980281442403793,-0.09604679048061371,0.459011971950531,-0.33805400133132935,-0.1538444459438324,0.594314694404602,-0.5454939603805542,-0.20690961182117462,0.7213679552078247,-0.7016775608062744,-0.2625220715999603,0.3196321427822113,-0.8488330841064453,-0.12715676426887512,0.44865545630455017,-0.9990132451057434,-0.23930589854717255,0.5336751341819763,-0.9968978762626648,-0.3229621946811676,0.605599045753479,-0.987825870513916,-0.3705516457557678,0.14626535773277283,-0.8922497630119324,-0.13571135699748993,0.24911609292030334,-1.0771384239196777,-0.2280782163143158,0.32953742146492004,-1.0971158742904663,-0.2768574655056,0.3955458104610443,-1.1158716678619385,-0.30769968032836914,-0.02169029414653778,-0.846534252166748,-0.15619118511676788,0.051191627979278564,-1.028874158859253,-0.24857909977436066,0.12405254691839218,-1.0509284734725952,-0.2681228816509247,0.19008171558380127,-1.073327898979187,-0.2723052203655243,-0.1785479336977005,-0.7339567542076111,-0.18553268909454346,-0.1438906341791153,-0.8688990473747253,-0.25518959760665894,-0.08548830449581146,-0.8841360807418823,-0.25535497069358826,-0.025095423683524132,-0.8917428851127625,-0.24715349078178406,0.0,0.0,0.0,0.07520230859518051,0.10143081098794937,0.07921379804611206,0.16287493705749512,0.3265174925327301,0.17292420566082,0.2498723864555359,0.5738516449928284,0.26214921474456787,0.3458293676376343,0.7769347429275513,0.3580930829048157,0.11519782990217209,0.27062442898750305,0.24104738235473633,0.1582786738872528,0.6745300889015198,0.3583284616470337,0.16918158531188965,1.02670419216156,0.4325575530529022,0.17701168358325958,1.3013018369674683,0.4687521159648895,0.04899142310023308,0.32041069865226746,0.2429322600364685,0.046630796045064926,0.7880843281745911,0.3503195643424988,0.05629659816622734,1.1833404302597046,0.3717852830886841,0.07061544060707092,1.4755282402038574,0.3788638412952423,0.12204570323228836,0.3778175115585327,0.24325193464756012,0.11695806682109833,0.8294599056243896,0.3385452926158905,0.09829608350992203,1.215241551399231,0.3199252486228943,0.09505552798509598,1.4876402616500854,0.29051828384399414,0.17863640189170837,0.44249895215034485,0.2510184943675995,0.1880621612071991,0.8201324343681335,0.3041849434375763,0.17708228528499603,1.1242775917053223,0.27817925810813904,0.1748790144920349,1.3588616847991943,0.2513120174407959
nada,0.0,0.0,0.0,0.15235725045204163,-0.10662221908569336,-0.11385980993509293,0.23992493748664856,-0.38150060176849365,-0.1505356878042221,0.08212637156248093,-0.5638002157211304,-0.1662673056125641,-0.06804502010345459,-0.69478440284729,-0.1826990246772766,0.21810956299304962,-0.934941291809082,-0.09923026710748672,0.31422102451324463,-1.3291213512420654,-0.14771975576877594,0.3701738715171814,-1.5735485553741455,-0.18177270889282227,0.41383615136146545,-1.7895433902740479,-0.2056567221879959,0.07839156687259674,-0.9922506213188171,-0.09632944315671921,0.12826339900493622,-1.4750345945358276,-0.1376107633113861,0.15717364847660065,-1.7639936208724976,-0.17521341145038605,0.18401971459388733,-2.0024819374084473,-0.19640758633613586,-0.04269004613161087,-0.935803234577179,-0.10568355023860931,-0.04163207858800888,-1.3416173458099365,-0.1949135959148407,-0.0255275871604681,-1.616724967956543,-0.2683151066303253,-0.009373601526021957,-1.8724699020385742,-0.3113057017326355,-0.14673060178756714,-0.7771480083465576,-0.12035055458545685,-0.10258027166128159,-0.9601359367370605,-0.22008749842643738,-0.07169219106435776,-0.7687105536460876,-0.2370535135269165,-0.05881529301404953,-0.5691040754318237,-0.23603586852550507,0.0,0.0,0.0,0.001365948235616088,0.00512155843898654,0.0018144326750189066,0.004456406459212303,0.00730237876996398,0.002532216953113675,0.005370972212404013,0.007122876588255167,0.003749552648514509,0.004838770721107721,0.008323770947754383,0.00560222240164876,0.002950501162558794,0.0023652755189687014,0.0026556539814919233,0.004736568778753281,0.0030412066262215376,0.003330916864797473,0.0055094691924750805,0.0040732501074671745,0.003506311448290944,0.00598168047145009,0.005122000351548195,0.0037908812519162893,0.003000185126438737,0.0003764047578442842,0.002242603339254856,0.0037250330206006765,0.0035175972152501345,0.0032765530049800873,0.004028119146823883,0.006389245390892029,0.0035852445289492607,0.005033852532505989,0.01004734542220831,0.0035555080976337194,0.002993239089846611,0.0016140935476869345,0.002024970017373562,0.0040344614535570145,0.004132755100727081,0.0029687141068279743,0.003690421814098954,0.0037957930471748114,0.004114540759474039,0.0041185705922544,0.004167807288467884,0.00471617141738534,0.003034210531041026,0.0034541485365480185,0.0020650974474847317,0.0029973918572068214,0.01154780201613903,0.0027494453825056553,0.003957160748541355,0.016370512545108795,0.0038824656512588263,0.004656365606933832,0.018460163846611977,0.004606758709996939
nada,0.0,0.0,0.0,0.18091616034507751,-0.27621549367904663,-0.04858380928635597,0.26078248023986816,-0.6275581121444702,-0.06967743486166,0.29143768548965454,-0.9189912676811218,-0.09486335515975952,0.3391406536102295,-1.1702728271484375,-0.12337863445281982,0.09579958021640778,-1.007249116897583,-0.02795807458460331,0.13254033029079437,-1.388155221939087,-0.0917171761393547,0.1643037348985672,-1.6209077835083008,-0.14598776400089264,0.1930970847606659,-1.8136570453643799,-0.1853896826505661,-0.020284926518797874,-0.9976344108581543,-0.05655308812856674,-0.018007388338446617,-1.4408550262451172,-0.11665119230747223,-0.005950275342911482,-1.721445083618164,-0.1725628823041916,0.005655995104461908,-1.9479106664657593,-0.21374192833900452,-0.12418150901794434,-0.9072228670120239,-0.09709647297859192,-0.14431755244731903,-1.3233001232147217,-0.16676321625709534,-0.1412123590707779,-1.5875810384750366,-0.2198323756456375,-0.1289362609386444,-1.8084388971328735,-0.2562258839607239,-0.22125215828418732,-0.7517248392105103,-0.14216084778308868,-0.24882015585899353,-1.0423253774642944,-0.2130846530199051,-0.2407694309949875,-1.2382333278656006,-0.2500597834587097,-0.221330925822258,-1.4186326265335083,-0.2746354341506958,0.0,0.0,0.0,0.0129441162571311,0.06589556485414505,0.06926669180393219,0.05146341398358345,0.07897284626960754,0.09025874733924866,0.07399901002645493,0.05289192870259285,0.09397895634174347,0.08364216983318329,0.05665089935064316,0.09179095923900604,0.049870654940605164,0.03130737319588661,0.04984699934720993,0.05783913657069206,0.027618035674095154,0.05393459275364876,0.04969881847500801,0.02823215164244175,0.054749373346567154,0.04057133197784424,0.027428731322288513,0.0511380173265934,0.03107241727411747,0.001119350316002965,0.012216061353683472,0.04035435989499092,0.009349079802632332,0.02196481078863144,0.03554920479655266,0.016422687098383904,0.03431903198361397,0.031853098422288895,0.02036997303366661,0.04780682548880577,0.019400497898459435,0.026625117287039757,0.04625644162297249,0.024337342008948326,0.02171953208744526,0.06355418264865875,0.02651127241551876,0.01754731871187687,0.0841921791434288,0.029808485880494118,0.021069925278425217,0.10197636485099792,0.03438972309231758,0.04496346041560173,0.08360928297042847,0.0442235991358757,0.03757549449801445,0.10559467226266861,0.06420594453811646,0.03197108954191208,0.12598629295825958,0.08453256636857986,0.03359881788492203,0.14471924304962158
nada,0.0,0.0,0.0,0.13145636022090912,-0.2072349339723587,-0.11825151741504669,0.15336140990257263,-0.4812331199645996,-0.18782760202884674,-0.03842880576848984,-0.5166665315628052,-0.2561991214752197,-0.212871715426445,-0.5305706262588501,-0.31918272376060486,0.05767015740275383,-1.034347653388977,-0.10268048197031021,0.13379371166229248,-1.4661815166473389,-0.2108120620250702,0.1779281198978424,-1.7505204677581787,-0.2757798731327057,0.21304094791412354,-1.9701818227767944,-0.3092927634716034,-0.10239730030298233,-0.9877606630325317,-0.11743047088384628,-0.19101257622241974,-1.46988844871521,-0.23248644173145294,-0.23303954303264618,-1.77560293674469,-0.298631876707077,-0.2692781388759613,-2.0340816974639893,-0.3242643475532532,-0.2138281762599945,-0.8171252012252808,-0.1468954086303711,-0.2764738202095032,-0.8987242579460144,-0.30958932638168335,-0.1761375367641449,-0.6552801728248596,-0.33802932500839233,-0.10836273431777954,-0.5005001425743103,-0.3060193955898285,-0.29467707872390747,-0.5847654342651367,-0.18338195979595184,-0.3283323645591736,-0.6406233310699463,-0.29582667350769043,-0.24448733031749725,-0.47549858689308167,-0.2826191186904907,-0.1815015971660614,-0.3667888939380646,-0.2409311980009079,0.0,0.0,0.0,0.0020314669236540794,0.006048242095857859,0.002079062396660447,0.0038523434195667505,0.007422053720802069,0.0027211536653339863,0.004411853384226561,0.005324054975062609,0.003368715289980173,0.0048981159925460815,0.007433900609612465,0.004377972334623337,0.006413851864635944,0.0025540748611092567,0.00324179045855999,0.008257926441729069,0.005673126317560673,0.004491363652050495,0.010968990623950958,0.007142987567931414,0.005373856984078884,0.013805637136101723,0.008889945223927498,0.0060163987800478935,0.006359524093568325,0.0009987498633563519,0.0035024897661060095,0.006814341060817242,0.0019175155321136117,0.0048202285543084145,0.00839213002473116,0.003463414963334799,0.005588987376540899,0.010083206929266453,0.005812511779367924,0.006341557949781418,0.006402865517884493,0.0034553413279354572,0.0039662993513047695,0.005526960361748934,0.006195610389113426,0.005110997706651688,0.005919246468693018,0.007573919836431742,0.004793867468833923,0.00689846184104681,0.00873038824647665,0.004576703533530235,0.005994664039462805,0.005828058812767267,0.0045791249722242355,0.006408981047570705,0.006169439293444157,0.005364882759749889,0.006821494083851576,0.006405589170753956,0.004825235810130835,0.007466848939657211,0.005300906486809254,0.004428763873875141
nada,0.0,0.0,0.0,0.16319048404693604,-0.23193487524986267,-0.1295923888683319,0.21279115974903107,-0.626107931137085,-0.189444437623024,0.16918976604938507,-0.8823767900466919,-0.2411777675151825,0.1710275262594223,-1.0459502935409546,-0.28050169348716736,0.08855808526277542,-1.0574848651885986,-0.08450788259506226,0.10450297594070435,-1.3183081150054932,-0.216590017080307,0.10936687141656876,-1.260756492614746,-0.28886470198631287,0.11565033346414566,-1.2174216508865356,-0.3172803819179535,-0.06962374597787857,-0.9935914874076843,-0.07451767474412918,-0.12299005687236786,-1.277353048324585,-0.22561201453208923,-0.11542211472988129,-1.125760793685913,-0.26925575733184814,-0.10574989020824432,-1.0578529834747314,-0.2592499256134033,-0.19986829161643982,-0.8509207963943481,-0.08703078329563141,-0.22946438193321228,-0.9532188177108765,-0.2503511309623718,-0.1471925675868988,-0.6471509337425232,-0.2438117265701294,-0.09430242329835892,-0.4849439263343811,-0.1872117966413498,-0.31013232469558716,-0.667726457118988,-0.10894559323787689,-0.3195343613624573,-0.7573255896568298,-0.21150127053260803,-0.2420686036348343,-0.5625847578048706,-0.19131651520729065,-0.19613972306251526,-0.46809282898902893,-0.143888920545578,0.0,0.0,0.0,0.020291540771722794,0.0380108579993248,0.02705678716301918,0.025427913293242455,0.12375351786613464,0.045432500541210175,0.12141519784927368,0.25072723627090454,0.06180030107498169,0.2555255591869354,0.3116946518421173,0.0825459286570549,0.016223782673478127,0.01088977325707674,0.042610254138708115,0.018743621185421944,0.1319131702184677,0.03516305983066559,0.03509870916604996,0.42800384759902954,0.03469451516866684,0.04694943502545357,0.6609047651290894,0.03928438946604729,0.015881001949310303,0.004919345024973154,0.045815370976924896,0.05903720483183861,0.1438550055027008,0.044094908982515335,0.0949333906173706,0.4571875333786011,0.0663161352276802,0.12469178438186646,0.6738561987876892,0.08815225958824158,0.006036358419805765,0.02417946793138981,0.04647619277238846,0.0197512935847044,0.07322430610656738,0.06733424961566925,0.01729171723127365,0.04978986456990242,0.10032939165830612,0.017766857519745827,0.03647979348897934,0.11652218550443649,0.015533831901848316,0.048064302653074265,0.048072122037410736,0.023560848087072372,0.09194662421941757,0.07285768538713455,0.027053214609622955,0.08315490931272507,0.08795645087957382,0.03086930140852928,0.08599734306335449,0.09534040093421936
nada,0.0,0.0,0.0,0.2254609763622284,-0.19022700190544128,0.023655008524656296,0.41269850730895996,-0.38287848234176636,-0.008692109026014805,0.5778933167457581,-0.4759575426578522,-0.061330001801252365,0.7414141893386841,-0.5476938486099243,-0.11464811861515045,0.3061745762825012,-0.9858609437942505,-0.022048551589250565,0.5602849125862122,-0.9276314973831177,-0.09813067317008972,0.7112770676612854,-0.878851592540741,-0.1552242487668991,0.8396902084350586,-0.8251427412033081,-0.19391432404518127,0.22656658291816711,-0.9705386161804199,-0.08048884570598602,0.5125688314437866,-0.5587286353111267,-0.18314817547798157,0.5614428520202637,-0.2330217808485031,-0.20821204781532288,0.581107497215271,-0.019574202597141266,-0.21309974789619446,0.1611727625131607,-0.8272527456283569,-0.1400744915008545,0.42104417085647583,-0.38971686363220215,-0.23033681511878967,0.35138803720474243,-0.12204017490148544,-0.20536310970783234,0.27929848432540894,0.01967187598347664,-0.1712990403175354,0.11353230476379395,-0.6369351744651794,-0.20152807235717773,0.33966419100761414,-0.3186652958393097,-0.243357852101326,0.3015657365322113,-0.12989172339439392,-0.21285860240459442,0.2352859079837799,-0.04096130281686783,-0.17995689809322357,0.0,0.0,0.0,0.002774335676804185,0.004567224532365799,0.007262824568897486,0.0037194357719272375,0.007009159307926893,0.007691045757383108,0.006270500831305981,0.008359449915587902,0.007094335276633501,0.008275944739580154,0.010127520188689232,0.006667113397270441,0.01627453789114952,0.003450666554272175,0.0028081336058676243,0.017585035413503647,0.006238796282559633,0.00307538197375834,0.018620692193508148,0.006925538182258606,0.003582711797207594,0.019341690465807915,0.008426079526543617,0.004636657889932394,0.01427401602268219,0.0036662223283201456,0.0051699853502213955,0.014815911650657654,0.006427518557757139,0.00460248114541173,0.02172967977821827,0.007842482067644596,0.005483350716531277,0.02709740772843361,0.007660042494535446,0.00697160791605711,0.011059872806072235,0.006547195371240377,0.008740520104765892,0.0111439423635602,0.00782384816557169,0.004119126591831446,0.01107147429138422,0.006027590949088335,0.004134587477892637,0.010037706233561039,0.015087260864675045,0.004031372256577015,0.008457339368760586,0.011197320185601711,0.012582382187247276,0.009211315773427486,0.015341762453317642,0.0066659883596003056,0.007978685200214386,0.008408480323851109,0.004277595318853855,0.007882103323936462,0.01107366755604744,0.004678810480982065
nada,0.0,0.0,0.0,0.20188124477863312,-0.18369850516319275,-0.10926298052072525,0.3478318452835083,-0.5046769380569458,-0.1554669290781021,0.41419464349746704,-0.8183926343917847,-0.192386656999588,0.47742152214050293,-1.073518991470337,-0.23068276047706604,0.19994331896305084,-0.9441279172897339,-0.10393122583627701,0.2770101726055145,-1.33034086227417,-0.18855564296245575,0.3221326470375061,-1.5800492763519287,-0.2548373341560364,0.3610279858112335,-1.7980178594589233,-0.29975444078445435,0.06485788524150848,-0.9920603036880493,-0.10158214718103409,0.09908425807952881,-1.4426884651184082,-0.1718456894159317,0.12158402055501938,-1.734014868736267,-0.23160886764526367,0.14097513258457184,-1.987140417098999,-0.2744213938713074,-0.06306387484073639,-0.9393326640129089,-0.1120745912194252,-0.05815040320158005,-1.3545290231704712,-0.18354198336601257,-0.056016094982624054,-1.6173789501190186,-0.23193387687206268,-0.04737473651766777,-1.852643609046936,-0.26504313945770264,-0.19067008793354034,-0.804652988910675,-0.13224859535694122,-0.2140645533800125,-1.0849862098693848,-0.20096278190612793,-0.22464938461780548,-1.2667990922927856,-0.23039667308330536,-0.22965030372142792,-1.441489577293396,-0.2475166767835617,0.0,0.0,0.0,0.01122480258345604,0.01583823934197426,0.02753719501197338,0.017674662172794342,0.021876368671655655,0.04268091917037964,0.019089380279183388,0.01982506737112999,0.05228233337402344,0.021751301363110542,0.01327507197856903,0.06192958354949951,0.01900295726954937,0.004013584461063147,0.037916362285614014,0.021980181336402893,0.014978007413446903,0.05103803053498268,0.024352427572011948,0.036819420754909515,0.0600283183157444,0.026433678343892097,0.05520815774798393,0.0665987879037857,0.021535774692893028,0.0016325961332768202,0.02871226705610752,0.029698355123400688,0.015269719064235687,0.04099314287304878,0.03507121279835701,0.028794918209314346,0.050241950899362564,0.037717774510383606,0.043391481041908264,0.05738866701722145,0.022855717688798904,0.010513394139707088,0.02081463858485222,0.02873857505619526,0.00902311597019434,0.03202318400144577,0.03630383312702179,0.010685338638722897,0.041245266795158386,0.04345185309648514,0.018987663090229034,0.04801434651017189,0.022585414350032806,0.023453818634152412,0.01482826005667448,0.029194315895438194,0.02411516010761261,0.02712223492562771,0.038192540407180786,0.020504195243120193,0.03680598735809326,0.049270931631326675,0.01606082357466221,0.04343027621507645
nada,0.0,0.0,0.0,0.17825308442115784,-0.1557740420103073,-0.11562452465295792,0.26965636014938354,-0.4746629595756531,-0.15249773859977722,0.15231825411319733,-0.7181140184402466,-0.18365105986595154,0.03683195263147354,-0.929824709892273,-0.20659539103507996,0.2208210974931717,-0.9660870432853699,-0.04722803458571434,0.21463339030742645,-1.3211455345153809,-0.1059982180595398,0.18749479949474335,-1.5585368871688843,-0.1430521309375763,0.15208755433559418,-1.7677100896835327,-0.16525138914585114,0.0949116125702858,-0.9944722056388855,-0.04478941485285759,0.14918412268161774,-1.4330437183380127,-0.11590287834405899,0.17818596959114075,-1.683224081993103,-0.15027180314064026,0.189875528216362,-1.8785330057144165,-0.15675660967826843,-0.03296678885817528,-0.9185819625854492,-0.060649700462818146,-0.04047907143831253,-1.1689186096191406,-0.2027105987071991,-0.010894405655562878,-0.8624967336654663,-0.2184678018093109,0.004260278306901455,-0.6478574872016907,-0.18046613037586212,-0.16125306487083435,-0.7741459608078003,-0.08350808173418045,-0.14858271181583405,-0.9717504382133484,-0.20290568470954895,-0.10300995409488678,-0.7487950921058655,-0.19853521883487701,-0.08175158500671387,-0.5792701840400696,-0.16346324980258942,0.0,0.0,0.0,0.00258864788338542,0.003689688863232732,0.003595051821321249,0.003679626388475299,0.003417304949834943,0.0048683034256100655,0.0036139125004410744,0.004947646055370569,0.0053553651086986065,0.0050850133411586285,0.00887862779200077,0.005800655111670494,0.00313239311799407,0.0029446398839354515,0.0025851549580693245,0.004270397592335939,0.004357825964689255,0.0035695782862603664,0.005792739801108837,0.006446959916502237,0.004614329431205988,0.007414177525788546,0.007574564777314663,0.0053951856680214405,0.002726177219301462,0.0002796280023176223,0.0017955121584236622,0.004167875740677118,0.0050112660974264145,0.003868362633511424,0.005506015848368406,0.004991344641894102,0.00516364723443985,0.006474528927356005,0.006555743049830198,0.005950672086328268,0.002334844321012497,0.002208855003118515,0.002148557687178254,0.0031439755111932755,0.006656752433627844,0.00399421900510788,0.0030994077678769827,0.007508900482207537,0.003891892731189728,0.002721328753978014,0.006442551966756582,0.0037176741752773523,0.0026412878651171923,0.004784103948622942,0.0028928634710609913,0.002947912784293294,0.005047653801739216,0.003890455001965165,0.003021066077053547,0.007544280495494604,0.004206580109894276,0.003366808407008648,0.007712732069194317,0.00447542080655694
nada,0.0,0.0,0.0,0.18508438766002655,-0.2175060212612152,-0.08943962305784225,0.3260655999183655,-0.5060738325119019,-0.1299721896648407,0.41757386922836304,-0.7606841325759888,-0.16910992562770844,0.47655192017555237,-0.9628643989562988,-0.2061719000339508,0.11814405769109726,-0.9946545362472534,-0.033992767333984375,0.14605383574962616,-1.3618721961975098,-0.09850253909826279,0.16788914799690247,-1.5206944942474365,-0.15866222977638245,0.1924971640110016,-1.6032711267471313,-0.19520413875579834,-0.015070922672748566,-0.9984298944473267,-0.03365161642432213,-0.02803998813033104,-1.4173572063446045,-0.0876137986779213,-0.0193527489900589,-1.5687029361724854,-0.14235298335552216,-0.003260368946939707,-1.6343276500701904,-0.1761569082736969,-0.13673798739910126,-0.9207874536514282,-0.048305708914995193,-0.17307259142398834,-1.2980248928070068,-0.10516659170389175,-0.17152318358421326,-1.42465078830719,-0.14687781035900116,-0.15743137896060944,-1.4787251949310303,-0.16898177564144135,-0.2547227740287781,-0.7776419520378113,-0.07219521701335907,-0.30825966596603394,-1.053966760635376,-0.12366869300603867,-0.311919242143631,-1.1519304513931274,-0.1430947184562683,-0.3006833791732788,-1.200028419494629,-0.1492311805486679,0.0,0.0,0.0,0.007269653491675854,0.017929302528500557,0.00515039823949337,0.011776822619140148,0.015468682162463665,0.011208993382751942,0.01440428663045168,0.008339054882526398,0.016846101731061935,0.0591639019548893,0.031387850642204285,0.024658385664224625,0.009822718799114227,0.0077816094271838665,0.03881539776921272,0.02037476748228073,0.023940322920680046,0.0478433296084404,0.029247278347611427,0.07879282534122467,0.05392765253782272,0.03161565586924553,0.222079798579216,0.057665761560201645,0.00867308210581541,0.0017622553277760744,0.04123033583164215,0.012605746276676655,0.03423616662621498,0.05106491222977638,0.009518456645309925,0.12421436607837677,0.059823352843523026,0.009890506975352764,0.3035568296909332,0.06450687348842621,0.007615914102643728,0.006962958723306656,0.041981663554906845,0.005027628969401121,0.027378998696804047,0.04757554456591606,0.016905784606933594,0.12104407697916031,0.05424017086625099,0.03295985609292984,0.2979826331138611,0.058496154844760895,0.004806054290384054,0.01874805986881256,0.04313388839364052,0.009868781082332134,0.036192093044519424,0.048114463686943054,0.029184475541114807,0.058953747153282166,0.05406571924686432,0.05243436247110367,0.1932138353586197,0.05942210182547569
nada,0.0,0.0,0.0,0.16149821877479553,-0.1862773448228836,-0.1342620998620987,0.23007521033287048,-0.4904804825782776,-0.1944759041070938,0.05758677050471306,-0.6265556812286377,-0.23920226097106934,-0.10757134109735489,-0.6262893080711365,-0.2836662232875824,0.13940149545669556,-0.9827656745910645,-0.1071556806564331,0.14092212915420532,-1.3893039226531982,-0.174990713596344,0.13419905304908752,-1.6411908864974976,-0.2328459769487381,0.12171745300292969,-1.8526408672332764,-0.2738080620765686,0.003273840993642807,-0.9956682920455933,-0.09242258220911026,0.012200950644910336,-1.4429352283477783,-0.147368922829628,0.014994586817920208,-1.7280603647232056,-0.20491063594818115,0.01659063808619976,-1.9596210718154907,-0.24660508334636688,-0.11039867252111435,-0.930526614189148,-0.09340843558311462,-0.1122085452079773,-1.3393933773040771,-0.14580480754375458,-0.10108749568462372,-1.602033257484436,-0.20212078094482422,-0.08807674050331116,-1.8124713897705078,-0.24044299125671387,-0.22071388363838196,-0.8011832237243652,-0.10711568593978882,-0.2365955412387848,-1.1066646575927734,-0.14726564288139343,-0.2356276512145996,-1.305169701576233,-0.1725223809480667,-0.2300833761692047,-1.487087607383728,-0.19204428791999817,0.0,0.0,0.0,0.003231906099244952,0.005216212011873722,0.012030070647597313,0.004863843787461519,0.006083570886403322,0.017390303313732147,0.0050311703234910965,0.007189598865807056,0.020278843119740486,0.003921288996934891,0.00760212168097496,0.023145267739892006,0.0035710714291781187,0.001560024218633771,0.013802989386022091,0.004185631405562162,0.004659975878894329,0.01640458218753338,0.004120971076190472,0.007204224821180105,0.01884062960743904,0.00418220367282629,0.010500071570277214,0.020814519375562668,0.003006774466484785,0.0008654798730276525,0.009049325250089169,0.003598848357796669,0.0033090717624872923,0.011596673168241978,0.004175837151706219,0.006921154446899891,0.014567838981747627,0.004616120830178261,0.01068029087036848,0.017277833074331284,0.0021290669683367014,0.001407046103850007,0.005511450115591288,0.0030068783089518547,0.0029296104330569506,0.0076934886164963245,0.0034334189258515835,0.005087411496788263,0.011294921860098839,0.004483779892325401,0.007324820384383202,0.014543872326612473,0.001970861107110977,0.0027642014902085066,0.004250639118254185,0.0034372766967862844,0.004534284584224224,0.005800588522106409,0.004468193743377924,0.007110925856977701,0.008220735937356949,0.005372367333620787,0.009888867847621441,0.01107707992196083
nada,0.0,0.0,0.0,0.22373390197753906,-0.3046587109565735,-0.06902570277452469,0.3234105706214905,-0.7838567495346069,-0.08305511623620987,0.3603786528110504,-1.1680580377578735,-0.10098389536142349,0.4384838938713074,-1.4345285892486572,-0.10975686460733414,0.1952849179506302,-1.007648229598999,0.015453813597559929,0.21243000030517578,-1.2133721113204956,-0.10648467391729355,0.171636164188385,-0.904994785785675,-0.17831239104270935,0.14225491881370544,-0.6399670839309692,-0.19856974482536316,0.04363236948847771,-0.9988160133361816,0.01835750974714756,0.056492991745471954,-1.2508461475372314,-0.11561187356710434,0.040359631180763245,-0.8732911348342896,-0.14883606135845184,0.04115694388747215,-0.5857189893722534,-0.12924133241176605,-0.10848405212163925,-0.9487332105636597,-0.0014748956309631467,-0.09818178415298462,-1.1864986419677734,-0.13526631891727448,-0.07368697971105576,-0.8095115423202515,-0.11057096719741821,-0.05461379885673523,-0.5416394472122192,-0.046563778072595596,-0.2667275667190552,-0.8625783920288086,-0.02645503357052803,-0.23472866415977478,-1.096238374710083,-0.11102616786956787,-0.19143719971179962,-0.8419554829597473,-0.08065931499004364,-0.17005585134029388,-0.6505374908447266,-0.026338672265410423,0.0,0.0,0.0,0.006661778315901756,0.011183501221239567,0.004696487449109554,0.006434778217226267,0.0096441600471735,0.006524478551000357,0.008002057671546936,0.009682021103799343,0.007387448567897081,0.008438756689429283,0.010129062458872795,0.008310317061841488,0.009105673059821129,0.0035109578166157007,0.008873199112713337,0.009363062679767609,0.008745660074055195,0.009403647854924202,0.007070254068821669,0.008135414682328701,0.012080719694495201,0.006397800985723734,0.0076734996400773525,0.01394400279968977,0.008633515797555447,0.00046181335346773267,0.00714862160384655,0.008982938714325428,0.009707474149763584,0.00916378479450941,0.0068129887804389,0.010099806822836399,0.013244028203189373,0.0065599302761256695,0.008376610465347767,0.014442404732108116,0.008195643313229084,0.0030418094247579575,0.005320518743246794,0.008653541095554829,0.008810995146632195,0.00819381419569254,0.007299947086721659,0.008473769761621952,0.009830981492996216,0.006450405810028315,0.008548075333237648,0.008915884420275688,0.007166328374296427,0.008773429319262505,0.00457773869857192,0.0099321398884058,0.011510856449604034,0.006839485373347998,0.008360657840967178,0.011371574364602566,0.00760516244918108,0.007711139973253012,0.011682425625622272,0.007315297145396471
nada,0.0,0.0,0.0,0.21537964046001434,-0.24013733863830566,-0.020967349410057068,0.34122228622436523,-0.5820384621620178,-0.03882543742656708,0.4160041809082031,-0.8325998187065125,-0.06886453181505203,0.48767104744911194,-1.022253394126892,-0.10164103657007217,0.2097022831439972,-0.977800726890564,-0.005630520172417164,0.29642215371131897,-1.2794058322906494,-0.08276481926441193,0.39512789249420166,-1.3718469142913818,-0.15020322799682617,0.4854705333709717,-1.4022713899612427,-0.19296680390834808,0.11136077344417572,-0.9692603349685669,-0.04375578835606575,0.20335407555103302,-1.3066233396530151,-0.11006780713796616,0.31070008873939514,-1.3908849954605103,-0.16604793071746826,0.4057319760322571,-1.4082930088043213,-0.20347730815410614,0.012709295377135277,-0.8831934928894043,-0.09177383780479431,0.08307573199272156,-1.1923036575317383,-0.16707578301429749,0.18885745108127594,-1.2355802059173584,-0.2055932730436325,0.284254789352417,-1.2203757762908936,-0.22625485062599182,-0.08418814092874527,-0.7279528379440308,-0.14282195270061493,-0.0243760384619236,-0.9240816235542297,-0.2113032042980194,0.06360703706741333,-0.9351347088813782,-0.23026545345783234,0.14404280483722687,-0.8953194618225098,-0.23677055537700653,0.0,0.0,0.0,0.07626615464687347,0.07057472318410873,0.04768529161810875,0.12823371589183807,0.13277992606163025,0.04954668879508972,0.1733231097459793,0.2066376954317093,0.042279914021492004,0.2096867859363556,0.27704113721847534,0.03579362854361534,0.1957007348537445,0.04648275673389435,0.021282585337758064,0.28197410702705383,0.11603239178657532,0.03342026472091675,0.33881908655166626,0.19903051853179932,0.042411237955093384,0.3788376748561859,0.28558290004730225,0.0503583587706089,0.20593231916427612,0.03852829709649086,0.04823099076747894,0.321750283241272,0.10786548256874084,0.06694534420967102,0.38906577229499817,0.20683802664279938,0.07590687274932861,0.4300031363964081,0.313551127910614,0.08301199972629547,0.20968733727931976,0.04726769030094147,0.07597050070762634,0.32962796092033386,0.13192306458950043,0.09353799372911453,0.390841543674469,0.22530032694339752,0.09972131997346878,0.4237724244594574,0.3124239146709442,0.10520388185977936,0.21690426766872406,0.07501384615898132,0.09994149208068848,0.3232564628124237,0.17006108164787292,0.11189338564872742,0.36786627769470215,0.2486826777458191,0.11464216560125351,0.3891821801662445,0.31361377239227295,0.11857499182224274
nada,0.0,0.0,0.0,0.21741357445716858,-0.23100057244300842,0.04805411025881767,0.356747567653656,-0.487903892993927,0.031042177230119705,0.4721647799015045,-0.6536198258399963,-0.018982090055942535,0.5286989212036133,-0.8109906315803528,-0.06621883809566498,0.10367950052022934,-0.9998337626457214,0.06398659199476242,0.26327353715896606,-1.3311200141906738,-0.007991760037839413,0.4193934500217438,-1.2386713027954102,-0.07336548715829849,0.500862717628479,-1.080005168914795,-0.10722537338733673,0.053210578858852386,-0.9985054135322571,-0.009349323809146881,0.2617793083190918,-1.3822463750839233,-0.08286178112030029,0.4375063478946686,-1.230541467666626,-0.13676705956459045,0.5061752796173096,-1.0113520622253418,-0.1594102531671524,0.042998261749744415,-0.9574076533317566,-0.08683999627828598,0.23740799725055695,-1.357778549194336,-0.1452072560787201,0.4168640077114105,-1.2242802381515503,-0.15921154618263245,0.4982216954231262,-1.018575668334961,-0.15350928902626038,0.07292555272579193,-0.8688152432441711,-0.1639447957277298,0.22834369540214539,-1.1798547506332397,-0.20131878554821014,0.3679005801677704,-1.1449958086013794,-0.19745129346847534,0.44838589429855347,-1.023665428161621,-0.18397843837738037,0.0,0.0,0.0,0.0034259818494319916,0.0066518280655145645,0.0049631050787866116,0.0028491332195699215,0.005361100193113089,0.0070961653254926205,0.004407956264913082,0.0061851991340518,0.008232582360506058,0.004024162422865629,0.007816005498170853,0.009312490001320839,0.005798203404992819,0.003257060656324029,0.007928911596536636,0.0036916884128004313,0.013409050181508064,0.010604609735310078,0.003491438692435622,0.01440518256276846,0.01180677954107523,0.0038325192872434855,0.013003024272620678,0.012075388804078102,0.00509153725579381,0.00026947984588332474,0.0064827557653188705,0.0026007567066699266,0.01049948949366808,0.008440384641289711,0.0034255769569426775,0.012383213266730309,0.008454879745841026,0.003921744879335165,0.014033570885658264,0.008473473601043224,0.003893260145559907,0.0017773847794160247,0.006004050374031067,0.0026774066500365734,0.008805066347122192,0.007207362912595272,0.0028659331146627665,0.010993490926921368,0.00685812346637249,0.003076637163758278,0.011965954676270485,0.006673337891697884,0.003606510581448674,0.0034078790340572596,0.006530378013849258,0.003996575716882944,0.007639979012310505,0.006537701468914747,0.004350523464381695,0.00978870689868927,0.006316141225397587,0.004289872944355011,0.01162800658494234,0.006353767588734627
nada,0.0,0.0,0.0,0.25852417945861816,-0.2378765046596527,0.1464034616947174,0.410545289516449,-0.42885667085647583,0.17253674566745758,0.5459994673728943,-0.5150076150894165,0.14532966911792755,0.6800705790519714,-0.5627614855766296,0.10712818801403046,0.184387668967247,-1.0035316944122314,0.1796148717403412,0.34557193517684937,-1.305351972579956,0.1467071771621704,0.49144092202186584,-1.3506965637207031,0.09825477749109268,0.6060689091682434,-1.31681227684021,0.058420151472091675,0.13563182950019836,-0.9893208742141724,0.04363743215799332,0.34898093342781067,-1.3660273551940918,-0.013769103214144707,0.518833577632904,-1.3871071338653564,-0.08134379237890244,0.6347020268440247,-1.2906328439712524,-0.12519855797290802,0.11039002239704132,-0.925622820854187,-0.09189209342002869,0.32213565707206726,-1.271073579788208,-0.14124776422977448,0.5069721937179565,-1.2849128246307373,-0.17891941964626312,0.6347536444664001,-1.2151920795440674,-0.20404164493083954,0.11928959935903549,-0.8076236844062805,-0.21967124938964844,0.2883448600769043,-1.0695507526397705,-0.2640893757343292,0.423981249332428,-1.1500122547149658,-0.2841520607471466,0.532565712928772,-1.162479043006897,-0.2993448078632355,0.0,0.0,0.0,0.00798260048031807,0.012518285773694515,0.036079924553632736,0.007955987006425858,0.00893336534500122,0.051311179995536804,0.007151235360652208,0.010524432174861431,0.05815298482775688,0.010051613673567772,0.014463698491454124,0.062249891459941864,0.019247042015194893,0.00542182382196188,0.04431319981813431,0.017950082197785378,0.011048911139369011,0.05565820261836052,0.020480599254369736,0.02822616696357727,0.0601690448820591,0.021778086200356483,0.051577068865299225,0.06060400232672691,0.017481524497270584,0.00319534819573164,0.025057287886738777,0.013102719560265541,0.011593605391681194,0.031148726120591164,0.01539195142686367,0.02032436989247799,0.030400343239307404,0.014566341415047646,0.03256106376647949,0.029026294127106667,0.012551713734865189,0.004106801003217697,0.015451454557478428,0.008648148737847805,0.010436211712658405,0.019683852791786194,0.012287071906030178,0.013289060443639755,0.020551418885588646,0.01168285496532917,0.0191864762455225,0.021212683990597725,0.009646167047321796,0.00988885760307312,0.024219103157520294,0.011184414848685265,0.009644768200814724,0.029269130900502205,0.012779701501131058,0.00903661921620369,0.03245486691594124,0.012300851754844189,0.012092751450836658,0.03543070703744888
nada,0.0,0.0,0.0,0.13547804951667786,-0.20089617371559143,-0.10158439725637436,0.16899751126766205,-0.5007802844047546,-0.1476069986820221,0.0029318584129214287,-0.6445114612579346,-0.1892343908548355,-0.14671902358531952,-0.7277430891990662,-0.22594332695007324,0.11660848557949066,-0.9936555027961731,-0.06983090192079544,0.1894572526216507,-1.398287057876587,-0.1385405957698822,0.2287568598985672,-1.6507775783538818,-0.18483562767505646,0.25547102093696594,-1.8553766012191772,-0.21267268061637878,-0.02769947610795498,-0.9967886805534363,-0.07325589656829834,-0.04950600489974022,-1.4579341411590576,-0.14210280776023865,-0.06047917529940605,-1.735805869102478,-0.18865802884101868,-0.07089599967002869,-1.9518293142318726,-0.21172089874744415,-0.1427520513534546,-0.8875159025192261,-0.08955936133861542,-0.19467118382453918,-1.1403754949569702,-0.202549010515213,-0.15316972136497498,-1.01015043258667,-0.23487922549247742,-0.12403051555156708,-0.8907109498977661,-0.22564995288848877,-0.23596107959747314,-0.70780348777771,-0.1125301867723465,-0.25351184606552124,-0.8520636558532715,-0.21148164570331573,-0.19322071969509125,-0.7144670486450195,-0.21737542748451233,-0.14709429442882538,-0.5791711807250977,-0.1974492073059082,0.0,0.0,0.0,0.00947966706007719,0.011308281682431698,0.00475443247705698,0.019593022763729095,0.01926172524690628,0.009654460474848747,0.021302619948983192,0.02297838032245636,0.018284212797880173,0.019911810755729675,0.028287215158343315,0.02612711489200592,0.01725715957581997,0.016900310292840004,0.004860804881900549,0.030442988499999046,0.01672169379889965,0.01788291707634926,0.037155333906412125,0.023273514583706856,0.023273414000868797,0.04422867298126221,0.025632204487919807,0.023421384394168854,0.01389900129288435,0.0005878899246454239,0.00923826638609171,0.02352873794734478,0.012179210782051086,0.031709618866443634,0.03311007097363472,0.02675595134496689,0.04078376293182373,0.03783825412392616,0.04285626858472824,0.04009878635406494,0.01231482345610857,0.020723242312669754,0.015239601023495197,0.018827343359589577,0.10831544548273087,0.04686367139220238,0.03718103468418121,0.23769089579582214,0.04352772235870361,0.05465122312307358,0.3369201421737671,0.028550760820508003,0.008980345912277699,0.03567041829228401,0.02065664902329445,0.013629419729113579,0.06230955943465233,0.03485757112503052,0.015606188215315342,0.09915716201066971,0.027253925800323486,0.020059263333678246,0.11046910285949707,0.014085611328482628
nada,0.0,0.0,0.0,0.25483694672584534,-0.012849688529968262,-0.13301418721675873,0.5404719114303589,-0.30879080295562744,-0.2029832899570465,0.7726672887802124,-0.4893151819705963,-0.26829153299331665,0.958523154258728,-0.5299606919288635,-0.3357459604740143,0.4040922224521637,-0.9062889218330383,-0.16745635867118835,0.5139872431755066,-1.4450945854187012,-0.28420042991638184,0.5755656361579895,-1.7741597890853882,-0.34626907110214233,0.6246739029884338,-2.0568714141845703,-0.3892371952533722,0.2267717570066452,-0.9604188799858093,-0.16159698367118835,0.2667538821697235,-1.0782444477081299,-0.36090272665023804,0.20046904683113098,-0.6365050077438354,-0.3879846930503845,0.1613556146621704,-0.39543190598487854,-0.362871915102005,0.044606853276491165,-0.9502131342887878,-0.1692606508731842,0.07503807544708252,-1.003985047340393,-0.3629509210586548,0.05329520255327225,-0.5959446430206299,-0.316787451505661,0.048165462911129,-0.39661991596221924,-0.23607654869556427,-0.1390760838985443,-0.9101577997207642,-0.18724876642227173,-0.09783684462308884,-1.0574699640274048,-0.31569454073905945,-0.0719204992055893,-0.7523863911628723,-0.2758122384548187,-0.05609078332781792,-0.5675896406173706,-0.2131834477186203,0.0,0.0,0.0,0.003580174408853054,0.0028069757390767336,0.0038878589402884245,0.00636582775041461,0.005568026565015316,0.00671257171779871,0.0093259047716856,0.009192896075546741,0.009414859116077423,0.011857506819069386,0.016455218195915222,0.01239750999957323,0.005021125078201294,0.003643442876636982,0.00555923068895936,0.005437598098069429,0.013854492455720901,0.008311777375638485,0.0060434164479374886,0.01919085532426834,0.009992956183850765,0.008244344033300877,0.02473723702132702,0.011054961942136288,0.005122586153447628,0.0013225921429693699,0.005353075452148914,0.006793936248868704,0.01331194769591093,0.008794321678578854,0.005196642130613327,0.01004905067384243,0.009775661863386631,0.004929777700453997,0.009557371959090233,0.010025041177868843,0.0052999285981059074,0.003306203754618764,0.00555969076231122,0.0052115521393716335,0.016078531742095947,0.007775518111884594,0.0037574260495603085,0.012688952498137951,0.006823312491178513,0.003396986285224557,0.01297689601778984,0.006382071413099766,0.0059288558550179005,0.006091137882322073,0.006248865742236376,0.005093961022794247,0.02069917321205139,0.007745555602014065,0.004498317372053862,0.023068789392709732,0.007061324547976255,0.005912704858928919,0.01876610890030861,0.0067152827978134155
nada,0.0,0.0,0.0,0.25210732221603394,-0.17067387700080872,-0.07737123221158981,0.4646879732608795,-0.5656965970993042,-0.10345039516687393,0.6298102736473083,-0.8443123698234558,-0.14087247848510742,0.7910650968551636,-0.966938853263855,-0.1658351719379425,0.2644135057926178,-0.9391884803771973,-0.024150121957063675,0.3322085738182068,-1.1112945079803467,-0.14177332818508148,0.2760380506515503,-0.805921733379364,-0.1986534148454666,0.23206980526447296,-0.5455144643783569,-0.2021712362766266,0.11296476423740387,-0.9932487607002258,-0.02589370682835579,0.17894381284713745,-1.132901906967163,-0.17609277367591858,0.13488081097602844,-0.7482488751411438,-0.2194017469882965,0.10285037755966187,-0.45218902826309204,-0.2030656635761261,-0.03846975043416023,-1.0135619640350342,-0.0482129342854023,0.015574894845485687,-1.1871318817138672,-0.19329328835010529,0.003003638004884124,-0.8116844892501831,-0.19695502519607544,-0.0102375578135252,-0.5174381136894226,-0.14290621876716614,-0.1928044706583023,-1.0163496732711792,-0.07675312459468842,-0.17286404967308044,-1.444203495979309,-0.1444483995437622,-0.14560124278068542,-1.7108781337738037,-0.1503385752439499,-0.11185383796691895,-1.954673171043396,-0.12944045662879944,0.0,0.0,0.0,0.001436366350390017,0.003619235474616289,0.001470518996939063,0.003326748264953494,0.006781052332371473,0.0021794659551233053,0.0054874843917787075,0.006533100735396147,0.0028172193560749292,0.0066964165307581425,0.0073578013107180595,0.0034015493001788855,0.004244055133312941,0.0036163912154734135,0.0026082375552505255,0.004929151851683855,0.003325733821839094,0.0032407022081315517,0.0037860253360122442,0.0039273519068956375,0.0040207430720329285,0.003410585690289736,0.0042771752923727036,0.004314644727855921,0.004484217148274183,0.0005005302955396473,0.0022398633882403374,0.006085456348955631,0.005889703519642353,0.0025461390614509583,0.004069698043167591,0.005849434062838554,0.0028909030370414257,0.0034018538426607847,0.006091828923672438,0.003033015411347151,0.004078471567481756,0.002503880998119712,0.0018828627653419971,0.006872160360217094,0.008252344094216824,0.002477091969922185,0.004858439322561026,0.007598505821079016,0.0028125725220888853,0.003481245134025812,0.007524662651121616,0.0027020510751754045,0.003789670066908002,0.004919948522001505,0.00191298290155828,0.00417287228628993,0.006363293156027794,0.00235862098634243,0.004406606778502464,0.008397347293794155,0.0024902166333049536,0.005222194828093052,0.011090414598584175,0.0025032346602529287
nada,0.0,0.0,0.0,0.17801737785339355,-0.16070738434791565,-0.1557691991329193,0.29199904203414917,-0.4671492576599121,-0.23517346382141113,0.16432037949562073,-0.7218523025512695,-0.3036069869995117,0.027218660339713097,-0.9114190340042114,-0.3683938682079315,0.21946506202220917,-1.0122588872909546,-0.13977642357349396,0.2666017413139343,-1.4904098510742188,-0.245815247297287,0.3028428256511688,-1.7866090536117554,-0.3053797483444214,0.3251916766166687,-2.026597738265991,-0.3402535319328308,0.06068732216954231,-0.99073326587677,-0.12096816301345825,0.08212227374315262,-1.170185923576355,-0.3031347393989563,0.0887083113193512,-0.813360869884491,-0.3524782061576843,0.08398916572332382,-0.5566250085830688,-0.33951085805892944,-0.07940031588077545,-0.929489016532898,-0.11874426901340485,-0.07147909700870514,-1.0387890338897705,-0.31073394417762756,-0.03458574041724205,-0.6745582818984985,-0.30511674284935,-0.020955896005034447,-0.44352999329566956,-0.24491539597511292,-0.21493539214134216,-0.8464481234550476,-0.12638476490974426,-0.223218634724617,-1.066165804862976,-0.2571287751197815,-0.18080675601959229,-0.8439847230911255,-0.24002639949321747,-0.15825265645980835,-0.6644930839538574,-0.19003166258335114,0.0,0.0,0.0,0.003120140405371785,0.005567506887018681,0.013306141830980778,0.006420733407139778,0.00713084964081645,0.020659351721405983,0.010086772963404655,0.009531756862998009,0.025318214669823647,0.011465736664831638,0.010050022043287754,0.029318898916244507,0.00414098659530282,0.0025170142762362957,0.015347378328442574,0.0037605760153383017,0.009736750274896622,0.020792238414287567,0.0039724367670714855,0.01101306825876236,0.024636907503008842,0.004569291602820158,0.014623599126935005,0.02711549960076809,0.0035118742380291224,0.0014325547963380814,0.010821295902132988,0.00608382374048233,0.010876568034291267,0.016477292403578758,0.004222891293466091,0.01122838631272316,0.01742882840335369,0.003723457222804427,0.012594524770975113,0.017459621652960777,0.0034086634404957294,0.0019122788216918707,0.008296232670545578,0.003996404353529215,0.008923844434320927,0.014205877669155598,0.002365600783377886,0.009546728804707527,0.016193971037864685,0.004162066616117954,0.010401169769465923,0.016867805272340775,0.0032957252115011215,0.0033730375580489635,0.007307436782866716,0.003077119356021285,0.014660109765827656,0.012926081195473671,0.003072399413213134,0.01756821945309639,0.017026588320732117,0.0038108830340206623,0.015126841142773628,0.019744129851460457
nada,0.0,0.0,0.0,0.16455355286598206,-0.3033457398414612,-0.026247460395097733,0.34844645857810974,-0.597018301486969,-0.06335606426000595,0.4468943178653717,-0.7913146615028381,-0.11218438297510147,0.47400999069213867,-0.9328913688659668,-0.15338900685310364,0.31749075651168823,-1.0251293182373047,-0.03254569321870804,0.49733319878578186,-0.9829890131950378,-0.12318837642669678,0.4944155216217041,-0.8749606013298035,-0.17867691814899445,0.4689424932003021,-0.8528959155082703,-0.20705576241016388,0.24869123101234436,-0.9295803904533386,-0.06960557401180267,0.4559870660305023,-0.7929393649101257,-0.16142718493938446,0.4275868833065033,-0.5569757223129272,-0.18354937434196472,0.3755517601966858,-0.4594454765319824,-0.1846412569284439,0.17976252734661102,-0.7700097560882568,-0.11565013229846954,0.37605780363082886,-0.6217495799064636,-0.19637013971805573,0.3530847430229187,-0.40979209542274475,-0.17186564207077026,0.3069276809692383,-0.32998934388160706,-0.13882696628570557,0.10765193402767181,-0.576046347618103,-0.16667939722537994,0.2679510712623596,-0.5127493143081665,-0.20483329892158508,0.2686891555786133,-0.37062868475914,-0.17051684856414795,0.23682069778442383,-0.3042754828929901,-0.1344849169254303,0.0,0.0,0.0,0.10371702164411545,0.11536546051502228,0.06836196035146713,0.18631504476070404,0.15815725922584534,0.09459123015403748,0.27139514684677124,0.23301337659358978,0.11393275111913681,0.372294157743454,0.3156172037124634,0.13516131043434143,0.2166423350572586,0.05029435455799103,0.06974798440933228,0.32843828201293945,0.3908204436302185,0.11280100792646408,0.266830712556839,0.5061438083648682,0.13803237676620483,0.20785242319107056,0.5416032671928406,0.15084385871887207,0.23626886308193207,0.09618131071329117,0.0641404390335083,0.3428945541381836,0.43146225810050964,0.11215482652187347,0.28331077098846436,0.3357294499874115,0.12937267124652863,0.23917287588119507,0.21555937826633453,0.12842817604541779,0.2803894579410553,0.16459624469280243,0.06788226962089539,0.37270334362983704,0.45638972520828247,0.10688792914152145,0.3100810945034027,0.3539019823074341,0.1103578433394432,0.2650317847728729,0.23565813899040222,0.09821426868438721,0.33972737193107605,0.2349078357219696,0.07743728905916214,0.41563642024993896,0.49453458189964294,0.09268932789564133,0.3516901731491089,0.4373009502887726,0.09807169437408447,0.30188968777656555,0.3288578391075134,0.09787008911371231
nada,0.0,0.0,0.0,0.1740822046995163,-0.1332211047410965,-0.09068266302347183,0.311477392911911,-0.2904450297355652,-0.16293875873088837,0.41509541869163513,-0.4394281506538391,-0.23813728988170624,0.4607239365577698,-0.6209778189659119,-0.30520981550216675,0.21030762791633606,-0.8713294863700867,-0.07879528403282166,0.3541143536567688,-1.0694111585617065,-0.22415752708911896,0.398103266954422,-0.9150059819221497,-0.34007078409194946,0.39504384994506836,-0.7224400639533997,-0.39562147855758667,0.09376213699579239,-0.990626335144043,-0.09921140223741531,0.17933382093906403,-1.409491777420044,-0.1841920167207718,0.24222271144390106,-1.6820204257965088,-0.25416380167007446,0.2899511754512787,-1.923837661743164,-0.3013354539871216,-0.03916154056787491,-0.9802905917167664,-0.14221464097499847,-0.030467435717582703,-1.414804458618164,-0.22676460444927216,-0.024818483740091324,-1.6960220336914062,-0.29342973232269287,-0.009642795659601688,-1.9346694946289062,-0.3327321410179138,-0.1720374971628189,-0.854350209236145,-0.19343756139278412,-0.24742145836353302,-1.15876305103302,-0.25677138566970825,-0.28182148933410645,-1.3730695247650146,-0.28268152475357056,-0.2964761555194855,-1.5736418962478638,-0.29605549573898315,0.0,0.0,0.0,0.0017352867871522903,0.002262845868244767,0.003711829660460353,0.003799421712756157,0.0037621972151100636,0.005721437279134989,0.003050590166822076,0.0043280962854623795,0.007116734981536865,0.002871077973395586,0.005042781122028828,0.008331541903316975,0.004384585190564394,0.0026949846651405096,0.003979073837399483,0.004170116502791643,0.003976010251790285,0.005479678977280855,0.004496918525546789,0.0060949125327169895,0.006492872256785631,0.005863822065293789,0.009466768242418766,0.007094536907970905,0.004060183186084032,0.0003694874176289886,0.002925243927165866,0.006654602475464344,0.0023415947798639536,0.004166200757026672,0.00755234295502305,0.003972006030380726,0.005180646665394306,0.008995882235467434,0.0061524417251348495,0.006007336545735598,0.0035206107422709465,0.0031032434199005365,0.002430351683869958,0.005780383478850126,0.00435071112588048,0.0035251635126769543,0.007262677885591984,0.00450489716604352,0.004353988450020552,0.008670423179864883,0.004665759392082691,0.00490243174135685,0.0026879413053393364,0.006154047790914774,0.002428289968520403,0.004513206426054239,0.007739783730357885,0.00318879634141922,0.005644687917083502,0.007845035754144192,0.003769604256376624,0.006650832016021013,0.007320383097976446,0.004251785110682249
nada,0.0,0.0,0.0,0.2302069216966629,-0.17715498805046082,-0.09343653172254562,0.39193475246429443,-0.5053399801254272,-0.1443937122821808,0.4942282736301422,-0.8122891187667847,-0.19200585782527924,0.593668520450592,-1.0550978183746338,-0.2433054894208908,0.23903484642505646,-0.9474846124649048,-0.11629734933376312,0.3271486461162567,-1.3241398334503174,-0.2225230485200882,0.40017732977867126,-1.4692656993865967,-0.303567111492157,0.46497583389282227,-1.5524142980575562,-0.3525920510292053,0.08768662810325623,-0.9764278531074524,-0.12938064336776733,0.14178743958473206,-1.404123067855835,-0.21938106417655945,0.19080574810504913,-1.6167529821395874,-0.2868722677230835,0.23227611184120178,-1.7604213953018188,-0.33341139554977417,-0.06139998510479927,-0.9109996557235718,-0.15531505644321442,-0.051996033638715744,-1.3191742897033691,-0.24577267467975616,-0.02972787618637085,-1.5269551277160645,-0.298053115606308,0.004408651497215033,-1.6749337911605835,-0.33138662576675415,-0.211710125207901,-0.7709391713142395,-0.18843640387058258,-0.25178492069244385,-1.0613977909088135,-0.269087016582489,-0.25038400292396545,-1.2134859561920166,-0.29957395792007446,-0.2303617298603058,-1.3375937938690186,-0.31683510541915894,0.0,0.0,0.0,0.04160190746188164,0.030668580904603004,0.06288450211286545,0.07249519228935242,0.05005190894007683,0.11213546991348267,0.09992009401321411,0.09177777171134949,0.15747404098510742,0.13460847735404968,0.1338418424129486,0.2060839682817459,0.042413998395204544,0.040078744292259216,0.13167817890644073,0.06104636564850807,0.08939792215824127,0.20474448800086975,0.06886604428291321,0.08640772849321365,0.2550971210002899,0.07524432986974716,0.22883588075637817,0.28204792737960815,0.07163006067276001,0.026687610894441605,0.127738356590271,0.11692415922880173,0.0524493083357811,0.19363640248775482,0.13914285600185394,0.16286371648311615,0.23298540711402893,0.155530646443367,0.30403587222099304,0.2613550126552582,0.10509483516216278,0.09509091079235077,0.1269579976797104,0.15086586773395538,0.1289779394865036,0.1844354122877121,0.17680403590202332,0.24087966978549957,0.2103346288204193,0.1960190087556839,0.37969961762428284,0.2280658781528473,0.12845125794410706,0.16164280474185944,0.12954235076904297,0.18212951719760895,0.2008271962404251,0.17465494573116302,0.20678924024105072,0.30955785512924194,0.19302132725715637,0.22338087856769562,0.43546074628829956,0.2063923329114914
nada,0.0,0.0,0.0,0.13758844137191772,-0.12210732698440552,-0.11687485873699188,0.19933435320854187,-0.3893304169178009,-0.16307611763477325,0.03893233463168144,-0.5477102994918823,-0.19020970165729523,-0.1215275377035141,-0.6538096070289612,-0.22040072083473206,0.15514500439167023,-0.9473646879196167,-0.11495319753885269,0.2252614051103592,-1.359156847000122,-0.17270085215568542,0.26440808176994324,-1.609122633934021,-0.21096567809581757,0.2922047972679138,-1.831394910812378,-0.23757366836071014,0.011273974552750587,-0.9935466051101685,-0.11269359290599823,0.023484693840146065,-1.4799696207046509,-0.1604982316493988,0.027453849092125893,-1.781572699546814,-0.2062751054763794,0.032837122678756714,-2.033895969390869,-0.23266401886940002,-0.10460096597671509,-0.9201601147651672,-0.12158127874135971,-0.15002456307411194,-1.3037316799163818,-0.2150069922208786,-0.16894719004631042,-1.5875484943389893,-0.30421626567840576,-0.18347036838531494,-1.8403527736663818,-0.36022037267684937,-0.19136300683021545,-0.7499080896377563,-0.13537268340587616,-0.16930273175239563,-0.8364338874816895,-0.24783580005168915,-0.12268111854791641,-0.6572324633598328,-0.28747543692588806,-0.08906726539134979,-0.4861871600151062,-0.3024337589740753,0.0,0.0,0.0,0.002115330658853054,0.00544243399053812,0.0032334451097995043,0.0033940370194613934,0.009649121202528477,0.004150227643549442,0.0062402645125985146,0.008061065338551998,0.005849010311067104,0.006669057998806238,0.00763684930279851,0.009116629138588905,0.004923273343592882,0.00431996863335371,0.0037914623972028494,0.008058467879891396,0.008661625906825066,0.005597569514065981,0.011528917588293552,0.009990121237933636,0.00722428597509861,0.014641277492046356,0.010635974816977978,0.008684322237968445,0.004911857191473246,0.0004514410684350878,0.0037254199851304293,0.007847781293094158,0.006455970928072929,0.004736172500997782,0.010807878337800503,0.008475810289382935,0.006145242135971785,0.013317671604454517,0.010052621364593506,0.007862387225031853,0.004948505666106939,0.001448329072445631,0.004160611424595118,0.004774448461830616,0.004996280185878277,0.0044219838455319405,0.005246458575129509,0.006619679741561413,0.0062714326195418835,0.005972868762910366,0.010733486153185368,0.008779492229223251,0.004194853827357292,0.0032004094682633877,0.004925037734210491,0.005151093937456608,0.012138556689023972,0.006769146304577589,0.006829326506704092,0.010410069487988949,0.010756561532616615,0.008950281888246536,0.009270493872463703,0.014193986542522907
nada,0.0,0.0,0.0,0.10054764896631241,-0.3278725743293762,-0.022769656032323837,0.13159452378749847,-0.7206737995147705,-0.047197625041007996,0.15005750954151154,-1.0304014682769775,-0.0774572417140007,0.18786701560020447,-1.2827109098434448,-0.11192668974399567,-0.013112997636198997,-1.0208512544631958,-0.06686413288116455,0.0030480630230158567,-1.467583417892456,-0.1432536542415619,0.027718380093574524,-1.737227201461792,-0.19427379965782166,0.05400754138827324,-1.958078384399414,-0.2277899533510208,-0.08497817814350128,-0.9888321161270142,-0.10710994154214859,-0.09806454181671143,-1.4890334606170654,-0.17776498198509216,-0.08943484723567963,-1.8021495342254639,-0.2259160578250885,-0.07942690700292587,-2.052297353744507,-0.2585693597793579,-0.13166630268096924,-0.8755158185958862,-0.15222230553627014,-0.17172764241695404,-1.3312032222747803,-0.22485415637493134,-0.18128488957881927,-1.6165930032730103,-0.2698851227760315,-0.181560218334198,-1.855229139328003,-0.2996852397918701,-0.1555829793214798,-0.7008167505264282,-0.19825053215026855,-0.19169139862060547,-0.9985944628715515,-0.2682081162929535,-0.19904929399490356,-1.206905484199524,-0.30017954111099243,-0.19700948894023895,-1.4004493951797485,-0.31998616456985474,0.0,0.0,0.0,0.09005577117204666,0.07138234376907349,0.068028524518013,0.1401321291923523,0.10137872397899628,0.08398710191249847,0.14926378428936005,0.10816201567649841,0.0887303426861763,0.1686587780714035,0.11576291173696518,0.08990950882434845,0.09372788667678833,0.018710605800151825,0.04428733140230179,0.10242824256420135,0.09762638062238693,0.055774107575416565,0.10003536939620972,0.14375731348991394,0.05656138062477112,0.0968545526266098,0.17243388295173645,0.055257633328437805,0.024374287575483322,0.009525015018880367,0.05322010815143585,0.017901582643389702,0.09264524281024933,0.07028841972351074,0.01891712099313736,0.1462554931640625,0.0700020045042038,0.02829757146537304,0.1796189397573471,0.06773094087839127,0.05941155180335045,0.021585268899798393,0.07040605694055557,0.08864210546016693,0.08649585396051407,0.08157694339752197,0.11164064705371857,0.12750987708568573,0.08207285404205322,0.12792545557022095,0.14994846284389496,0.08242167532444,0.15001177787780762,0.04131478816270828,0.08558700978755951,0.19577790796756744,0.08095197379589081,0.09400346130132675,0.22976313531398773,0.10490527749061584,0.09702861309051514,0.26042255759239197,0.12098973244428635,0.10010584443807602
nada,0.0,0.0,0.0,0.12402472645044327,-0.2302204668521881,-0.11599735170602798,0.13152898848056793,-0.5325462222099304,-0.1766471415758133,-0.05936581641435623,-0.5646362900733948,-0.23551467061042786,-0.22734865546226501,-0.5601323246955872,-0.28907594084739685,0.03686928376555443,-1.0387567281723022,-0.08171585947275162,0.1054827943444252,-1.4513380527496338,-0.1778940111398697,0.1453695297241211,-1.727806806564331,-0.2400890588760376,0.17676635086536407,-1.944474220275879,-0.2734231948852539,-0.1145549863576889,-0.9892207384109497,-0.09104348719120026,-0.1943993717432022,-1.4501066207885742,-0.1958395540714264,-0.23618361353874207,-1.7508649826049805,-0.26089292764663696,-0.2728706896305084,-2.0030436515808105,-0.2881867587566376,-0.22320422530174255,-0.8290621638298035,-0.11571292579174042,-0.28732216358184814,-0.9386543035507202,-0.27128684520721436,-0.19996055960655212,-0.7018581032752991,-0.3022623360157013,-0.14280441403388977,-0.5343984365463257,-0.2730330526828766,-0.30814602971076965,-0.6140245795249939,-0.14727723598480225,-0.35060057044029236,-0.7312082648277283,-0.2573930621147156,-0.2736145555973053,-0.565819263458252,-0.24549224972724915,-0.21757857501506805,-0.4366939663887024,-0.20543229579925537,0.0,0.0,0.0,0.0015338780358433723,0.003596060909330845,0.004717389587312937,0.003173567820340395,0.005714063532650471,0.007195923011749983,0.0037567962426692247,0.006421626079827547,0.008867742493748665,0.003784291446208954,0.006612413562834263,0.010493910871446133,0.003363077761605382,0.002140557626262307,0.005443045869469643,0.006304288748651743,0.0030064519960433245,0.0076831732876598835,0.0083570946007967,0.00422280328348279,0.009080742485821247,0.01001669280230999,0.005259793717414141,0.010103787295520306,0.003345696721225977,0.0005762084620073438,0.004376513883471489,0.004403048660606146,0.003516092197969556,0.007136120926588774,0.005335245747119188,0.004345002584159374,0.008772413246333599,0.006110622547566891,0.005959520116448402,0.009761572815477848,0.0034771014470607042,0.0022620726376771927,0.003969770856201649,0.003670665668323636,0.003901760559529066,0.007349278312176466,0.0042773662135005,0.005591950844973326,0.00876099057495594,0.004705521278083324,0.006027177441865206,0.009134761989116669,0.003646411467343569,0.003593994537368417,0.004081320948898792,0.004441325552761555,0.0041318172588944435,0.006545785814523697,0.004590344615280628,0.006071992684155703,0.007874013856053352,0.004902954213321209,0.006262195762246847,0.008607087656855583
nada,0.0,0.0,0.0,0.17449113726615906,-0.1632286012172699,-0.12449309974908829,0.2888627350330353,-0.46432632207870483,-0.19180569052696228,0.19485363364219666,-0.71495121717453,-0.25564664602279663,0.04330505058169365,-0.7997552156448364,-0.3040408790111542,0.16919159889221191,-1.011337161064148,-0.06381784379482269,0.15133637189865112,-1.37955641746521,-0.19125166535377502,0.1400802731513977,-1.1890140771865845,-0.27258220314979553,0.14476238191127777,-0.9891952276229858,-0.30614468455314636,0.01463715173304081,-0.9970539212226868,-0.05544842407107353,-0.016303712502121925,-1.3747270107269287,-0.1754881590604782,-0.012751592323184013,-1.138978123664856,-0.23205700516700745,0.00541742704808712,-0.9695912599563599,-0.24426162242889404,-0.11881069839000702,-0.9314244985580444,-0.06931506097316742,-0.16009099781513214,-1.2718172073364258,-0.18151041865348816,-0.1374947726726532,-1.0650217533111572,-0.19548164308071136,-0.1128949373960495,-0.8867791891098022,-0.176240473985672,-0.24742946028709412,-0.8170267343521118,-0.09458101540803909,-0.2875341773033142,-1.0838029384613037,-0.16526997089385986,-0.2561093866825104,-0.967867374420166,-0.16168026626110077,-0.22489789128303528,-0.8313273191452026,-0.1394091546535492,0.0,0.0,0.0,0.008827879093587399,0.034766729921102524,0.005408818367868662,0.03829435259103775,0.0525025799870491,0.010044689290225506,0.07250415533781052,0.08100202679634094,0.015591464005410671,0.0743202492594719,0.14772982895374298,0.026083478704094887,0.046238455921411514,0.010139900259673595,0.021149378269910812,0.05900726094841957,0.07483600825071335,0.02255878783762455,0.055691950023174286,0.18278396129608154,0.03305342420935631,0.049406345933675766,0.15907305479049683,0.03965338319540024,0.0454716719686985,0.000786716234870255,0.02294447086751461,0.06548334658145905,0.10375675559043884,0.01839877851307392,0.07295995950698853,0.22053243219852448,0.03723885118961334,0.06216493621468544,0.17060047388076782,0.05787906050682068,0.04060624539852142,0.016093293204903603,0.021665122359991074,0.05792174115777016,0.06753989309072495,0.01121595036238432,0.0695081502199173,0.17386873066425323,0.03076017275452614,0.05603230744600296,0.14784064888954163,0.06240345537662506,0.031001674011349678,0.043284423649311066,0.02145262621343136,0.05473317578434944,0.018656976521015167,0.009263897314667702,0.06815490871667862,0.09682410955429077,0.021759135648608208,0.05989699438214302,0.10599786788225174,0.043116964399814606
nada,0.0,0.0,0.0,0.21309153735637665,-0.24234028160572052,-0.0006259115180000663,0.3874947726726532,-0.4777187407016754,-0.04131941869854927,0.5529378652572632,-0.5927467346191406,-0.09373742341995239,0.7081295847892761,-0.6956297159194946,-0.14462384581565857,0.24178917706012726,-1.0466231107711792,-0.055348657071590424,0.511591911315918,-1.0009748935699463,-0.13662293553352356,0.6714093685150146,-0.9865739941596985,-0.196394145488739,0.8097907900810242,-0.9746489524841309,-0.23841428756713867,0.17094281315803528,-0.980033278465271,-0.10128277540206909,0.4933730661869049,-0.6371898651123047,-0.2095821350812912,0.5498172044754028,-0.32591012120246887,-0.23339883983135223,0.5723332166671753,-0.13454052805900574,-0.23801887035369873,0.12300020456314087,-0.7986261248588562,-0.1493639051914215,0.4121468961238861,-0.42610734701156616,-0.23938579857349396,0.3529444634914398,-0.18972958624362946,-0.21518723666667938,0.28200191259384155,-0.08383762091398239,-0.18384411931037903,0.09599719941616058,-0.5816998481750488,-0.20115306973457336,0.3430982530117035,-0.31449782848358154,-0.24107876420021057,0.31180739402770996,-0.1501234769821167,-0.21459217369556427,0.2486017644405365,-0.08814184367656708,-0.18708983063697815,0.0,0.0,0.0,0.004385726526379585,0.0030689225532114506,0.00442885048687458,0.0064374529756605625,0.0043960376642644405,0.005343718454241753,0.008607096038758755,0.005832009483128786,0.0054551176726818085,0.011054599657654762,0.008463152684271336,0.005169724114239216,0.006086507812142372,0.0028019589371979237,0.002602966735139489,0.007342911325395107,0.00518923019990325,0.0032425757963210344,0.008628753013908863,0.004921863321214914,0.0037950098048895597,0.008851544000208378,0.004964953288435936,0.004147244617342949,0.006926666013896465,0.001032026018947363,0.0024850245099514723,0.00653239618986845,0.007312611676752567,0.0028576457407325506,0.003772905794903636,0.007652449421584606,0.003550973255187273,0.005751996301114559,0.00779103534296155,0.0034712632186710835,0.007444390561431646,0.0023152108769863844,0.003694459330290556,0.006119702477008104,0.005052816588431597,0.0030960149597376585,0.004829382058233023,0.004931123927235603,0.0032826378010213375,0.003897076938301325,0.0063818031921982765,0.0031094250734895468,0.007845430634915829,0.0037469249218702316,0.005176868289709091,0.006670765578746796,0.004733791574835777,0.004132263362407684,0.00604675430804491,0.004174843430519104,0.0032394425943493843,0.0060081034898757935,0.004121795296669006,0.0031085717491805553
nada,0.0,0.0,0.0,0.19778433442115784,-0.22101441025733948,-0.0920635461807251,0.3239207863807678,-0.5643616914749146,-0.12568461894989014,0.3705908954143524,-0.8841923475265503,-0.15262624621391296,0.41738757491111755,-1.1333191394805908,-0.17981888353824615,0.15360184013843536,-0.9747848510742188,-0.07049991190433502,0.21327762305736542,-1.36293625831604,-0.1399412602186203,0.24838753044605255,-1.606127381324768,-0.1959545910358429,0.2783222198486328,-1.8150701522827148,-0.2337372750043869,0.01906592771410942,-0.9967173337936401,-0.06945351511240005,0.03370457515120506,-1.4399192333221436,-0.12702728807926178,0.046186693012714386,-1.7177116870880127,-0.17595630884170532,0.05633965879678726,-1.9514564275741577,-0.21027414500713348,-0.10249360650777817,-0.9295733571052551,-0.08121100813150406,-0.11747086048126221,-1.3311798572540283,-0.1403130739927292,-0.12107677757740021,-1.5867893695831299,-0.17910511791706085,-0.11745737493038177,-1.8092710971832275,-0.20481646060943604,-0.21995027363300323,-0.7874622344970703,-0.1020345464348793,-0.2546069025993347,-1.0685608386993408,-0.15801610052585602,-0.26756909489631653,-1.2567250728607178,-0.18064001202583313,-0.27381432056427,-1.4369536638259888,-0.19300386309623718,0.0,0.0,0.0,0.008314834907650948,0.008988605812191963,0.01994732767343521,0.015447590500116348,0.015685148537158966,0.03039419837296009,0.023048661649227142,0.021055793389678,0.036624182015657425,0.026228656992316246,0.030131930485367775,0.042159661650657654,0.0263504758477211,0.01126844435930252,0.02768385037779808,0.03533564507961273,0.032578080892562866,0.03519248217344284,0.04136045649647713,0.0520494319498539,0.038907069712877274,0.047234173864126205,0.0681983008980751,0.04126644507050514,0.030217239633202553,0.0009657350601628423,0.02129010297358036,0.043315038084983826,0.013023562729358673,0.027418741956353188,0.05269406735897064,0.023809464648365974,0.030236506834626198,0.059941571205854416,0.03438015654683113,0.03217826783657074,0.030833646655082703,0.016721222549676895,0.016163364052772522,0.04173017293214798,0.011862223967909813,0.021474048495292664,0.052766043692827225,0.00923104491084814,0.024886619299650192,0.06260901689529419,0.014070230536162853,0.027183687314391136,0.028432823717594147,0.034897733479738235,0.013196741230785847,0.040191106498241425,0.03707779571413994,0.019248737022280693,0.05342674255371094,0.03752648085355759,0.023521704599261284,0.06770151853561401,0.0368538536131382,0.025998013094067574
nada,0.0,0.0,0.0,0.18294823169708252,-0.1465727686882019,-0.13849344849586487,0.27451246976852417,-0.4728062152862549,-0.19137099385261536,0.14781494438648224,-0.6896358728408813,-0.2345106154680252,0.008868143893778324,-0.8689519762992859,-0.2683899998664856,0.19422975182533264,-0.9860746264457703,-0.07887478172779083,0.17695081233978271,-1.34148108959198,-0.15286600589752197,0.14231914281845093,-1.5889731645584106,-0.19868606328964233,0.09864605963230133,-1.7989012002944946,-0.22687001526355743,0.0648190975189209,-0.9950875043869019,-0.07382826507091522,0.0989760011434555,-1.438990592956543,-0.1643044799566269,0.12545445561408997,-1.694957971572876,-0.2085348665714264,0.13136111199855804,-1.8801891803741455,-0.2197316586971283,-0.06209909915924072,-0.9038032293319702,-0.08920028805732727,-0.05510904639959335,-1.1337997913360596,-0.24889583885669708,-0.008440287783741951,-0.8234407305717468,-0.2711159586906433,0.011881930753588676,-0.6062583327293396,-0.23505553603172302,-0.18545490503311157,-0.7496694922447205,-0.11392773687839508,-0.1487962007522583,-0.8928740620613098,-0.24663588404655457,-0.09340740740299225,-0.6723594665527344,-0.25293999910354614,-0.07244951277971268,-0.5138503313064575,-0.22493135929107666,0.0,0.0,0.0,0.004225210286676884,0.007935344241559505,0.016737867146730423,0.0026150792837142944,0.006543701980262995,0.025172453373670578,0.0031242675613611937,0.0059858039021492004,0.030719829723238945,0.005055625922977924,0.0100804902613163,0.03550011292099953,0.005001184064894915,0.00195541069842875,0.016433337703347206,0.005138374399393797,0.0026356657035648823,0.022885320708155632,0.0043936604633927345,0.00624148128554225,0.026981176808476448,0.004313322715461254,0.008819017559289932,0.02960696816444397,0.003440463449805975,0.0010687755420804024,0.011649876832962036,0.005832128692418337,0.0034231948666274548,0.01870887167751789,0.005883859004825354,0.007830865681171417,0.020995648577809334,0.004581579938530922,0.009455607272684574,0.021365977823734283,0.0023822137154638767,0.0016406760551035404,0.009033364243805408,0.002977898111566901,0.00482517434284091,0.0180833637714386,0.0034960105549544096,0.011452275328338146,0.020313650369644165,0.003757103579118848,0.01305422093719244,0.019800258800387383,0.002384547609835863,0.007368715479969978,0.007871258072555065,0.003379780100658536,0.005223196465522051,0.015475992113351822,0.003638042137026787,0.005125721450895071,0.01884138025343418,0.003443513298407197,0.0046048290096223354,0.020368291065096855
nada,0.0,0.0,0.0,0.18279117345809937,-0.23073014616966248,-0.0919327586889267,0.2983790636062622,-0.571422278881073,-0.13023574650287628,0.33533328771591187,-0.869742214679718,-0.16471552848815918,0.32661497592926025,-1.0573837757110596,-0.1964360475540161,0.0797855481505394,-1.006659984588623,-0.06015018746256828,0.0978565663099289,-1.387478232383728,-0.13423195481300354,0.11915123462677002,-1.5297900438308716,-0.19392098486423492,0.14051231741905212,-1.5890470743179321,-0.22726936638355255,-0.05906740948557854,-0.9961543083190918,-0.05819565802812576,-0.08379513025283813,-1.4173616170883179,-0.11817772686481476,-0.0743304044008255,-1.5645439624786377,-0.16719278693199158,-0.05749567225575447,-1.6237287521362305,-0.19574186205863953,-0.1802530288696289,-0.9035254716873169,-0.07065968960523605,-0.23404057323932648,-1.2781728506088257,-0.1289803683757782,-0.23658986389636993,-1.412126064300537,-0.16781781613826752,-0.22122228145599365,-1.4698660373687744,-0.18846215307712555,-0.2911565899848938,-0.739940345287323,-0.09245286881923676,-0.37882959842681885,-0.9947757720947266,-0.1452345848083496,-0.39912763237953186,-1.1082700490951538,-0.16846799850463867,-0.3949229121208191,-1.171994924545288,-0.17800134420394897,0.0,0.0,0.0,0.002474867505952716,0.0174600500613451,0.005934341344982386,0.0075999372638762,0.024674640968441963,0.012495778501033783,0.016626860946416855,0.037996549159288406,0.02237587794661522,0.09272541850805283,0.09439267218112946,0.031832948327064514,0.010674587450921535,0.01533959899097681,0.023633534088730812,0.037715643644332886,0.04096255823969841,0.04135415703058243,0.0401851125061512,0.10533066093921661,0.05580684170126915,0.03990696743130684,0.26632580161094666,0.05831676349043846,0.010867773555219173,0.0009044251055456698,0.02611721120774746,0.03347424045205116,0.037415944039821625,0.046150676906108856,0.025375409051775932,0.13690072298049927,0.05715480074286461,0.02044766955077648,0.31730377674102783,0.05716335400938988,0.010825615376234055,0.004711688496172428,0.027817100286483765,0.019635597243905067,0.03221698850393295,0.040910907089710236,0.012215819209814072,0.12343776226043701,0.04435255751013756,0.03682607784867287,0.28927379846572876,0.04220334440469742,0.01505725271999836,0.012326078489422798,0.02981923148036003,0.01778300292789936,0.04515179991722107,0.03718474134802818,0.014809048734605312,0.03839074820280075,0.04032627493143082,0.05211613327264786,0.13669045269489288,0.04118865728378296
nada,0.0,0.0,0.0,0.1557246297597885,-0.1716480553150177,-0.1326814591884613,0.22414931654930115,-0.4565686583518982,-0.19855092465877533,0.049199655652046204,-0.5924769043922424,-0.2495911419391632,-0.11015518009662628,-0.6299616694450378,-0.30057772994041443,0.16094449162483215,-0.9698761105537415,-0.12233154475688934,0.18856799602508545,-1.371192216873169,-0.1985194981098175,0.19835972785949707,-1.6249561309814453,-0.2602577805519104,0.2013949453830719,-1.8392235040664673,-0.3035871386528015,0.0193343423306942,-0.9935470819473267,-0.11123261600732803,0.04102782905101776,-1.429345965385437,-0.17352062463760376,0.05445714667439461,-1.7084665298461914,-0.2313445806503296,0.064554363489151,-1.9366772174835205,-0.2725449204444885,-0.10113749653100967,-0.9293456077575684,-0.11525356769561768,-0.10681263357400894,-1.3313175439834595,-0.17465011775493622,-0.09788454324007034,-1.591546654701233,-0.22909894585609436,-0.08584170788526535,-1.8073549270629883,-0.2658625543117523,-0.21866345405578613,-0.7945734262466431,-0.13170000910758972,-0.24401624500751495,-1.089796781539917,-0.1807662844657898,-0.24914339184761047,-1.2899725437164307,-0.2086506187915802,-0.24739423394203186,-1.4797325134277344,-0.22884026169776917,0.0,0.0,0.0,0.002263515954837203,0.0042800805531442165,0.012664258480072021,0.004078450612723827,0.007807054091244936,0.019564185291528702,0.004004767630249262,0.00982531439512968,0.024133846163749695,0.005654133856296539,0.006742097903043032,0.028676142916083336,0.0039090001955628395,0.0016704911831766367,0.01491168700158596,0.005152128171175718,0.0031866494100540876,0.018978971987962723,0.006253957748413086,0.004731589928269386,0.02220546454191208,0.007677705492824316,0.006318641360849142,0.02456551603972912,0.0032295824494212866,0.0012222463265061378,0.010292308405041695,0.003705179551616311,0.003546864725649357,0.014807317405939102,0.0037917052395641804,0.0057404362596571445,0.017969753593206406,0.0036681198980659246,0.008130677975714207,0.02030598185956478,0.0030266903340816498,0.0015279969666153193,0.006871475372463465,0.00237841485068202,0.002720642602071166,0.010561210103332996,0.003772536525502801,0.004293019417673349,0.013308226130902767,0.006543159484863281,0.0064081354066729546,0.015439230017364025,0.004326415713876486,0.0036692542489618063,0.004976368043571711,0.003005637787282467,0.003497332101687789,0.007481418550014496,0.0027612135745584965,0.0042308238334953785,0.009962331503629684,0.004145271610468626,0.004982479847967625,0.012345917522907257
nada,0.0,0.0,0.0,0.20632855594158173,-0.21240849792957306,-0.07170270383358002,0.30786725878715515,-0.690885603427887,-0.08397676050662994,0.350320428609848,-1.0881298780441284,-0.09595717489719391,0.4343836307525635,-1.3303630352020264,-0.08706142753362656,0.20992174744606018,-0.9954994320869446,0.01076230313628912,0.21013334393501282,-1.2612844705581665,-0.09712071716785431,0.17245379090309143,-0.9275002479553223,-0.14192888140678406,0.15522260963916779,-0.7440098524093628,-0.1499418467283249,0.05639902874827385,-0.998278796672821,0.01493547111749649,0.04687224701046944,-1.2460497617721558,-0.09478356689214706,0.0403914675116539,-0.8742362856864929,-0.10207460820674896,0.04254378378391266,-0.7583268284797668,-0.07377985864877701,-0.09219975769519806,-0.9503948092460632,-0.0041098142974078655,-0.1126394048333168,-1.205507755279541,-0.11403524875640869,-0.08522553741931915,-0.8574588894844055,-0.06797949224710464,-0.0689612329006195,-0.7491181492805481,-0.003784576430916786,-0.23557713627815247,-0.8714722394943237,-0.029703211039304733,-0.24748113751411438,-1.0563271045684814,-0.08933589607477188,-0.20847085118293762,-0.8222038149833679,-0.04803556948900223,-0.18561850488185883,-0.7296777963638306,0.004225455224514008,0.0,0.0,0.0,0.003920925315469503,0.010029408149421215,0.0021230250131338835,0.005777249578386545,0.008618450723588467,0.002902964362874627,0.0055219680070877075,0.012207559309899807,0.0031241385731846094,0.013007665053009987,0.013516663573682308,0.002934072632342577,0.0040252069011330605,0.0029837805777788162,0.004945145919919014,0.003949557896703482,0.012868131510913372,0.0050032916478812695,0.00288705644197762,0.008258144371211529,0.003368557430803776,0.0033075015526264906,0.009558451361954212,0.003247380955144763,0.0031334280502051115,0.0001692117511993274,0.005084150470793247,0.002837186446413398,0.011521657928824425,0.004448608495295048,0.0028904404025524855,0.008407557383179665,0.004411524627357721,0.004058722872287035,0.009472108446061611,0.006106111221015453,0.0030553254764527082,0.0017104806611314416,0.005179941188544035,0.003293761285021901,0.012195805087685585,0.005343204829841852,0.0026862933300435543,0.008810963481664658,0.003793919924646616,0.003134808037430048,0.007965685799717903,0.0047224219888448715,0.003475050674751401,0.004631550516933203,0.005314209032803774,0.002867406001314521,0.013170168735086918,0.005386589094996452,0.002338249236345291,0.010247446596622467,0.004521296825259924,0.003076710971072316,0.00561506999656558,0.004920163657516241
nada,0.0,0.0,0.0,0.2732248902320862,-0.2930293679237366,0.005344778299331665,0.5218743085861206,-0.5110431909561157,-0.02471866086125374,0.7031055688858032,-0.6057267785072327,-0.07012322545051575,0.8391897082328796,-0.6415475606918335,-0.11483491957187653,0.5054444670677185,-0.8356048464775085,-0.06303803622722626,0.755101203918457,-0.8920837640762329,-0.16763561964035034,0.9069185256958008,-0.7359801530838013,-0.233489990234375,1.012690782546997,-0.5564035177230835,-0.2664508521556854,0.41403841972351074,-0.7230210304260254,-0.1189931184053421,0.6715658903121948,-0.7235784530639648,-0.21440725028514862,0.8277772665023804,-0.4973023533821106,-0.25740736722946167,0.9270966649055481,-0.2729310393333435,-0.27665528655052185,0.31220948696136475,-0.5320655703544617,-0.1773717701435089,0.5400850176811218,-0.5061914324760437,-0.2622474431991577,0.680700421333313,-0.2740700840950012,-0.2741277813911438,0.7694025635719299,-0.06429779529571533,-0.26953765749931335,0.2091229408979416,-0.2932578921318054,-0.23600459098815918,0.38452214002609253,-0.24428710341453552,-0.2923186421394348,0.4993928074836731,-0.08070994913578033,-0.2877270579338074,0.5815882682800293,0.07904895395040512,-0.2728354334831238,0.0,0.0,0.0,0.10202306509017944,0.09074929356575012,0.057234447449445724,0.23310652375221252,0.1611221730709076,0.062050171196460724,0.33561867475509644,0.3524812161922455,0.06395883113145828,0.40589818358421326,0.5453804731369019,0.06794533133506775,0.36725226044654846,0.259217768907547,0.06491669267416,0.54630047082901,0.5318254828453064,0.0809376910328865,0.6163681745529175,0.6247492432594299,0.08514779806137085,0.6645689606666565,0.675705075263977,0.09084118157625198,0.37712371349334717,0.37487390637397766,0.09434300661087036,0.5702654719352722,0.7247971296310425,0.10107426345348358,0.6269727945327759,0.8459913730621338,0.10037781298160553,0.6577044725418091,0.9203402400016785,0.10680565237998962,0.3700520694255829,0.4919854402542114,0.11586660146713257,0.5577497482299805,0.8328486084938049,0.11464721709489822,0.5984700918197632,0.9330329895019531,0.12142892926931381,0.6177124381065369,0.9890205264091492,0.13387489318847656,0.36088094115257263,0.5864036083221436,0.13340520858764648,0.5021563768386841,0.8491277694702148,0.1272297501564026,0.5385458469390869,0.9244561195373535,0.13224786520004272,0.5632954835891724,0.9708232879638672,0.14151185750961304
nada,0.0,0.0,0.0,0.2291639745235443,-0.2005486935377121,0.0659635066986084,0.3681585192680359,-0.41938623785972595,0.05700218677520752,0.47596073150634766,-0.5524367690086365,0.012143872678279877,0.5332738161087036,-0.7176725268363953,-0.029481738805770874,0.12844957411289215,-0.9902619123458862,0.08988403528928757,0.32272017002105713,-1.2827485799789429,0.020178649574518204,0.4727068543434143,-1.1555482149124146,-0.0472932830452919,0.5375811457633972,-0.9658350944519043,-0.07979654520750046,0.08061029016971588,-0.9966143369674683,0.011002696119248867,0.3183845579624176,-1.3179881572723389,-0.04805411770939827,0.4826367497444153,-1.1497406959533691,-0.09949436783790588,0.5359469652175903,-0.9290701150894165,-0.1237594336271286,0.07339657098054886,-0.9521724581718445,-0.07156380265951157,0.29924720525741577,-1.2919626235961914,-0.11701826006174088,0.4646206796169281,-1.144026279449463,-0.1281278282403946,0.5252116918563843,-0.936501145362854,-0.12274496257305145,0.10541845858097076,-0.8593756556510925,-0.15237757563591003,0.27970090508461,-1.1495383977890015,-0.1762200891971588,0.41627639532089233,-1.0959250926971436,-0.1632576435804367,0.48625293374061584,-0.9585521817207336,-0.14432981610298157,0.0,0.0,0.0,0.002892164746299386,0.005195633042603731,0.00653170607984066,0.003853587433695793,0.008418312296271324,0.009369430132210255,0.004168958868831396,0.011810380034148693,0.01127376314252615,0.005095248576253653,0.010129091329872608,0.01284448429942131,0.009139157831668854,0.004441944416612387,0.011477045714855194,0.004642737563699484,0.019717197865247726,0.01656000316143036,0.0057954262010753155,0.018015598878264427,0.01821853220462799,0.006394344847649336,0.014894531108438969,0.018328046426177025,0.006812757812440395,0.0005940845003351569,0.009697390720248222,0.004463079385459423,0.022162457928061485,0.01573767326772213,0.005295474082231522,0.017525803297758102,0.01638343743979931,0.005746507551521063,0.014392543584108353,0.015337216667830944,0.003880260279402137,0.0029797623865306377,0.008431428112089634,0.0054494463838636875,0.02018885686993599,0.013710849918425083,0.005041639786213636,0.01662176474928856,0.014789199456572533,0.005308058112859726,0.013242174871265888,0.01399047952145338,0.0045433612540364265,0.006371049676090479,0.007713940925896168,0.004521792754530907,0.013247991912066936,0.011194209568202496,0.0036440256517380476,0.012183514423668385,0.013079989701509476,0.003937110770493746,0.011702992022037506,0.013862859457731247
nada,0.0,0.0,0.0,0.2202288806438446,-0.20680931210517883,0.03362184017896652,0.3851880729198456,-0.4586612284183502,0.022662686184048653,0.5326258540153503,-0.5846208930015564,-0.01769288070499897,0.6770861744880676,-0.6566327214241028,-0.06080170348286629,0.220553919672966,-0.9707750082015991,0.08132298290729523,0.33814889192581177,-1.2849748134613037,0.025853807106614113,0.4707741141319275,-1.3431437015533447,-0.03209257870912552,0.5842157602310181,-1.3238588571548462,-0.07130137830972672,0.16377440094947815,-0.9864274859428406,0.009487505070865154,0.2989308536052704,-1.374541163444519,-0.05634211376309395,0.45670923590660095,-1.405613660812378,-0.11770562082529068,0.5811588168144226,-1.324339747428894,-0.15291723608970642,0.11183545738458633,-0.9572846293449402,-0.0711652860045433,0.2454639971256256,-1.3643144369125366,-0.1318207085132599,0.414221853017807,-1.4057981967926025,-0.1705072671175003,0.5522062182426453,-1.3433496952056885,-0.1887548863887787,0.07746217399835587,-0.8827472925186157,-0.15298426151275635,0.2040344476699829,-1.199570894241333,-0.19870536029338837,0.3361603617668152,-1.297114610671997,-0.21688321232795715,0.45264095067977905,-1.3066314458847046,-0.22515054047107697,0.0,0.0,0.0,0.002418689662590623,0.0064262631349265575,0.004453760571777821,0.0024687882978469133,0.005474335979670286,0.006123961415141821,0.004095818381756544,0.0064882803708314896,0.007148721721023321,0.005250934511423111,0.007914130575954914,0.008256875909864902,0.004731111694127321,0.0020068283192813396,0.006195360329002142,0.0046308585442602634,0.005937523208558559,0.0075529213063418865,0.004133503418415785,0.004252555780112743,0.008003593422472477,0.004011902026832104,0.005367483478039503,0.008145838044583797,0.005160199943929911,0.000859741005115211,0.004618866369128227,0.005641002673655748,0.007388820871710777,0.005789262242615223,0.005848885513842106,0.006630193442106247,0.006078938487917185,0.006142663769423962,0.00716771837323904,0.006112175527960062,0.004011573735624552,0.001961486879736185,0.0036301419604569674,0.0059992172755301,0.009061641059815884,0.004485280252993107,0.006374728865921497,0.009636228904128075,0.0048467423766851425,0.0062898010946810246,0.011411511339247227,0.004907864145934582,0.004804275929927826,0.004964280407875776,0.003650963306427002,0.008377421647310257,0.0066428580321371555,0.004304822534322739,0.009423130191862583,0.0085378997027874,0.005198827013373375,0.009814421646296978,0.011210805736482143,0.005740918684750795
nada,0.0,0.0,0.0,0.21312853693962097,-0.20654194056987762,0.015168463811278343,0.3806142210960388,-0.4408182203769684,-0.008415558375418186,0.5226598381996155,-0.573381781578064,-0.05881936103105545,0.6444454193115234,-0.6966198086738586,-0.10821814835071564,0.22160062193870544,-0.9685854911804199,0.0686640739440918,0.3485695719718933,-1.2834551334381104,-0.00418501952663064,0.48340511322021484,-1.2733007669448853,-0.07386932522058487,0.5807282328605652,-1.1983940601348877,-0.11543047428131104,0.1581987887620926,-0.9873368144035339,0.0062987408600747585,0.3128160834312439,-1.3596951961517334,-0.07241006195545197,0.46542873978614807,-1.3181426525115967,-0.13891473412513733,0.5664833784103394,-1.1947336196899414,-0.17390915751457214,0.0938168615102768,-0.9679242968559265,-0.06748170405626297,0.2541047930717468,-1.3263819217681885,-0.14006225764751434,0.4187861979007721,-1.2993760108947754,-0.1785462200641632,0.5360662937164307,-1.1884243488311768,-0.19175362586975098,0.037884410470724106,-0.899459183216095,-0.14359542727470398,0.19115598499774933,-1.1566020250320435,-0.20030662417411804,0.3326651453971863,-1.1963084936141968,-0.2211652547121048,0.44483596086502075,-1.1640515327453613,-0.22678491473197937,0.0,0.0,0.0,0.0038991316687315702,0.008429263718426228,0.007411587052047253,0.006911659147590399,0.008542798459529877,0.010116729885339737,0.01705200783908367,0.02182435803115368,0.010336307808756828,0.04890564829111099,0.06544177234172821,0.012002077884972095,0.006955086253583431,0.0026654188986867666,0.00801756326109171,0.013801191002130508,0.01437717117369175,0.012207013554871082,0.012993305921554565,0.0995037853717804,0.020292701199650764,0.010771225206553936,0.18005701899528503,0.02096809819340706,0.007887725718319416,0.001247935346327722,0.005955994129180908,0.0230926014482975,0.027145816013216972,0.013066858053207397,0.022093940526247025,0.13007871806621552,0.019559217616915703,0.01244308240711689,0.20054425299167633,0.018571732565760612,0.006981647107750177,0.0036897598765790462,0.005893080960959196,0.025962255895137787,0.043968021869659424,0.013228552415966988,0.028920220211148262,0.1494443565607071,0.014519685879349709,0.011025783605873585,0.22923867404460907,0.01023071724921465,0.005171998403966427,0.005353047978132963,0.007791723590344191,0.02678927220404148,0.04212881997227669,0.010305053554475307,0.03982158377766609,0.11645997315645218,0.010914627462625504,0.03647765517234802,0.17893286049365997,0.009292802773416042
nada,0.0,0.0,0.0,0.22231101989746094,-0.14169764518737793,-0.1335809975862503,0.45768600702285767,-0.4510112702846527,-0.20844145119190216,0.6588112115859985,-0.646134078502655,-0.2872854471206665,0.8320366740226746,-0.7245917916297913,-0.3688194751739502,0.24901476502418518,-0.9914186596870422,-0.12218842655420303,0.2975119948387146,-1.5303080081939697,-0.22873564064502716,0.32791584730148315,-1.8502702713012695,-0.28756263852119446,0.35677608847618103,-2.1154353618621826,-0.3229615092277527,0.09219470620155334,-0.9884244203567505,-0.12037725746631622,0.1292211264371872,-1.172666311264038,-0.3242515027523041,0.11043547093868256,-0.7598239183425903,-0.372249960899353,0.08573517203330994,-0.468710720539093,-0.3512056767940521,-0.0683727040886879,-0.9462676048278809,-0.13451841473579407,-0.03224150836467743,-1.0853641033172607,-0.3285160958766937,-0.017055612057447433,-0.7049452066421509,-0.3130391836166382,-0.015652012079954147,-0.4499710202217102,-0.2412479817867279,-0.23034711182117462,-0.8894339799880981,-0.15989939868450165,-0.22199854254722595,-1.1700233221054077,-0.27747994661331177,-0.17149123549461365,-0.9796234965324402,-0.2517288327217102,-0.13946717977523804,-0.781894326210022,-0.19465331733226776,0.0,0.0,0.0,0.003226743545383215,0.003795512020587921,0.0025118172634392977,0.0057698870077729225,0.004928669426590204,0.004254343453794718,0.007383321411907673,0.00590906199067831,0.005648352205753326,0.0073122866451740265,0.005461717024445534,0.006851968355476856,0.00457376055419445,0.002048515249043703,0.0038708073552697897,0.004217429086565971,0.005352156702429056,0.005630834493786097,0.0036907510366290808,0.00879240408539772,0.006612712051719427,0.0037463682238012552,0.012241601943969727,0.0073316958732903,0.003770245471969247,0.0005066641606390476,0.003507317742332816,0.003377001266926527,0.007727053016424179,0.005567978136241436,0.0037123949732631445,0.007876674644649029,0.006024230271577835,0.0038734539411962032,0.0065747471526265144,0.006047258153557777,0.0033436797093600035,0.0018391640624031425,0.0034151426516473293,0.0034921513870358467,0.0062530264258384705,0.005040242336690426,0.003200206672772765,0.006716483738273382,0.004931237548589706,0.0028542133513838053,0.006232252810150385,0.005024363752454519,0.003169730305671692,0.0035844314843416214,0.0036107066553086042,0.0038063928950577974,0.007788617629557848,0.004809422418475151,0.004144473932683468,0.016317617148160934,0.004787524696439505,0.004456828813999891,0.018907735124230385,0.004968002438545227
nada,0.0,0.0,0.0,0.2493133842945099,-0.18913982808589935,-0.06292019784450531,0.4649415612220764,-0.5573462247848511,-0.09119173139333725,0.6394655108451843,-0.8014823198318481,-0.1342948079109192,0.8020477294921875,-0.9009169340133667,-0.16797223687171936,0.2648201584815979,-0.951819896697998,-0.015269780531525612,0.3348727822303772,-1.10487699508667,-0.13379676640033722,0.28329163789749146,-0.81621915102005,-0.19927231967449188,0.23297901451587677,-0.5442270040512085,-0.20718061923980713,0.10948385298252106,-0.9936830401420593,-0.02426053211092949,0.18066947162151337,-1.105464220046997,-0.17016318440437317,0.1312655508518219,-0.7401006817817688,-0.21995894610881805,0.08697851002216339,-0.43230390548706055,-0.2079697549343109,-0.04155086725950241,-1.0082623958587646,-0.051507286727428436,0.01666351780295372,-1.1551681756973267,-0.18568050861358643,-0.0035287707578390837,-0.8094280958175659,-0.19356372952461243,-0.02401963248848915,-0.5224381685256958,-0.1444740891456604,-0.1936618834733963,-1.0039684772491455,-0.08400367945432663,-0.1729508936405182,-1.4027966260910034,-0.13751542568206787,-0.14638279378414154,-1.6539186239242554,-0.13544349372386932,-0.11311813443899155,-1.8758074045181274,-0.10992777347564697,0.0,0.0,0.0,0.004622322972863913,0.006625770591199398,0.0026720839086920023,0.005515009164810181,0.004875135142356157,0.0038007469847798347,0.006661664694547653,0.008463303558528423,0.0047232042998075485,0.008394190110266209,0.010073676705360413,0.00551352184265852,0.003135299775749445,0.0024706705007702112,0.003920314367860556,0.0036510673817247152,0.008850189857184887,0.004714229144155979,0.005259284749627113,0.010029379278421402,0.005295293405652046,0.006523852702230215,0.009000380523502827,0.005746916402131319,0.0026564428117126226,0.0002847668656613678,0.0033911082427948713,0.0036659417673945427,0.00661529740318656,0.003972172271460295,0.003281294135376811,0.00595946004614234,0.004486072808504105,0.0042044622823596,0.0051828776486217976,0.004908256698399782,0.002753322245553136,0.001979861641302705,0.0031836964190006256,0.0031888368539512157,0.006632102653384209,0.0033456163946539164,0.003317218506708741,0.008047053590416908,0.003223281353712082,0.003747200593352318,0.0077051944099366665,0.003106775227934122,0.0035715640988200903,0.004338392987847328,0.003501931903883815,0.0040330421179533005,0.007146940100938082,0.0033265191596001387,0.0037649229634553194,0.010145640932023525,0.003632335225120187,0.003429716918617487,0.013674459420144558,0.004015155602246523
nada,0.0,0.0,0.0,0.1962491124868393,-0.1525753140449524,-0.1264612227678299,0.3308466076850891,-0.4816340506076813,-0.19157202541828156,0.2177542895078659,-0.8017810583114624,-0.2540287375450134,0.0813402384519577,-1.0168001651763916,-0.31617721915245056,0.2618332803249359,-0.9838148355484009,-0.11729496717453003,0.32907989621162415,-1.5153610706329346,-0.21942250430583954,0.3730352222919464,-1.8244857788085938,-0.2741483151912689,0.40167587995529175,-2.0814170837402344,-0.30481261014938354,0.10077475011348724,-0.9889011383056641,-0.1091090589761734,0.1425243318080902,-1.1203744411468506,-0.29174500703811646,0.12216216325759888,-0.727409303188324,-0.33614444732666016,0.09471793472766876,-0.47218436002731323,-0.3202110230922699,-0.04294324293732643,-0.9547939300537109,-0.11379937082529068,-0.022390438243746758,-1.0776848793029785,-0.30606845021247864,-0.008920444175601006,-0.687152087688446,-0.2886422276496887,-0.01343638263642788,-0.42712587118148804,-0.21993279457092285,-0.1894151121377945,-0.8933590054512024,-0.12565718591213226,-0.17603656649589539,-1.161018967628479,-0.2529413104057312,-0.14285437762737274,-0.9236429333686829,-0.22086401283740997,-0.1333494633436203,-0.7064591646194458,-0.15841443836688995,0.0,0.0,0.0,0.0017946151783689857,0.0037336123641580343,0.0015143445925787091,0.0027176279108971357,0.004236200824379921,0.0024976490531116724,0.005391329526901245,0.0047592720948159695,0.0032764256466180086,0.005322268232703209,0.007991141639649868,0.004104073159396648,0.003728205105289817,0.002314858604222536,0.002612487878650427,0.005377746187150478,0.005764199886471033,0.00291255721822381,0.005735261831432581,0.006594259757548571,0.0031926443334668875,0.005617490503937006,0.007450086530297995,0.003602135693654418,0.002947345608845353,0.00034311882336623967,0.002350448165088892,0.00534637738019228,0.006090653594583273,0.0028819001745432615,0.006009222939610481,0.0079342657700181,0.0032813556026667356,0.005022154655307531,0.00880455318838358,0.003887564642354846,0.003035808214917779,0.0020459045190364122,0.002219004323706031,0.004463910590857267,0.005609218031167984,0.002932641189545393,0.004988885018974543,0.005333001725375652,0.003006892977282405,0.004567819181829691,0.005496208090335131,0.003256366355344653,0.0034170462749898434,0.004896581172943115,0.0023755687288939953,0.004149160347878933,0.006955765653401613,0.003094248939305544,0.003792291972786188,0.00543372705578804,0.003062204457819462,0.003155930433422327,0.00593520374968648,0.0034227510914206505
nada,0.0,0.0,0.0,0.262185662984848,-0.214494988322258,-0.09858300536870956,0.5183609127998352,-0.38813304901123047,-0.2027820646762848,0.6623990535736084,-0.43389779329299927,-0.31296679377555847,0.7351974248886108,-0.41613659262657166,-0.42712029814720154,0.4253421723842621,-0.9801400899887085,-0.1917628049850464,0.6465514302253723,-0.9655841588973999,-0.36754292249679565,0.782265305519104,-0.8333324193954468,-0.4792833924293518,0.8919743299484253,-0.7056237459182739,-0.5365819931030273,0.23646774888038635,-0.8712264895439148,-0.22775916755199432,0.4823756814002991,-0.6531981825828552,-0.4366160035133362,0.5840068459510803,-0.17198115587234497,-0.5016412734985352,0.6370994448661804,0.18827073276042938,-0.5079709887504578,0.0568455271422863,-0.6694270372390747,-0.27321937680244446,0.27061909437179565,-0.48008498549461365,-0.4648955464363098,0.3766661584377289,-0.030892979353666306,-0.45877742767333984,0.42772990465164185,0.2930373549461365,-0.40689748525619507,-0.10337372869253159,-0.42954856157302856,-0.3257412910461426,0.04344363510608673,-0.33778679370880127,-0.4431101679801941,0.1505444347858429,-0.0575505867600441,-0.41632598638534546,0.21178419888019562,0.170896977186203,-0.3647787272930145,0.0,0.0,0.0,0.09263119101524353,0.10197681188583374,0.07297781854867935,0.21213898062705994,0.1860777884721756,0.11091265082359314,0.3671262562274933,0.4021871089935303,0.16234742105007172,0.5320549607276917,0.6051275730133057,0.22576069831848145,0.26193737983703613,0.11048364639282227,0.12766113877296448,0.47009310126304626,0.4013645648956299,0.2062416523694992,0.578209400177002,0.6827095150947571,0.2701047658920288,0.6477596759796143,0.9201222658157349,0.3048476278781891,0.2700790464878082,0.18282192945480347,0.1637275218963623,0.4899270534515381,0.6099331378936768,0.20542702078819275,0.5643177032470703,0.7226011753082275,0.22763632237911224,0.5922273993492126,0.7971422076225281,0.2523483633995056,0.29299741983413696,0.31181907653808594,0.19422106444835663,0.49628350138664246,0.7028734683990479,0.22108282148838043,0.5419618487358093,0.7901831269264221,0.2247317135334015,0.5454907417297363,0.8438467979431152,0.23036974668502808,0.323123961687088,0.44632381200790405,0.22392316162586212,0.47224366664886475,0.7555825710296631,0.22937297821044922,0.4953543543815613,0.8148441910743713,0.21713440120220184,0.494421124458313,0.8436129689216614,0.21160708367824554
nada,0.0,0.0,0.0,0.17496944963932037,-0.1503884494304657,-0.08810548484325409,0.3122744858264923,-0.34289270639419556,-0.15129956603050232,0.38741105794906616,-0.5456792116165161,-0.21819934248924255,0.379476934671402,-0.7584379315376282,-0.27895623445510864,0.19612941145896912,-0.8807884454727173,-0.06326112896203995,0.3082863390445709,-1.1243644952774048,-0.2039816826581955,0.36247044801712036,-1.0296224355697632,-0.31839457154273987,0.38213223218917847,-0.8697652816772461,-0.37277281284332275,0.07600505650043488,-0.9938505291938782,-0.08015652745962143,0.14634977281093597,-1.4239161014556885,-0.15766087174415588,0.20074638724327087,-1.701059103012085,-0.2259846031665802,0.2448887825012207,-1.9424355030059814,-0.272433876991272,-0.05453171208500862,-0.9837592840194702,-0.11955799162387848,-0.05023881047964096,-1.40993332862854,-0.19359378516674042,-0.04306361451745033,-1.6792844533920288,-0.2537551522254944,-0.02326180227100849,-1.9031257629394531,-0.2899084687232971,-0.18546529114246368,-0.8635143041610718,-0.16850882768630981,-0.25026774406433105,-1.1670951843261719,-0.22285154461860657,-0.28198540210723877,-1.3749465942382812,-0.2445477694272995,-0.2950778305530548,-1.5631474256515503,-0.25574004650115967,0.0,0.0,0.0,0.0018413278739899397,0.004797667730599642,0.0021988856606185436,0.003038393799215555,0.009070292115211487,0.0033845037687569857,0.003953348379582167,0.0119587117806077,0.004390253685414791,0.005677633453160524,0.011128690093755722,0.005329148378223181,0.007327008526772261,0.0033467288594692945,0.0031417659483850002,0.008636072278022766,0.004531418439000845,0.003976005595177412,0.007019479759037495,0.011043171398341656,0.004279574379324913,0.006070813629776239,0.0176403671503067,0.0045616221614181995,0.007071048021316528,0.0005202312022447586,0.0030126478523015976,0.008921295404434204,0.004008862189948559,0.004265626426786184,0.00948330108076334,0.006370173301547766,0.005009880755096674,0.009838487021625042,0.007926784455776215,0.005685921758413315,0.006501120049506426,0.002069246256724,0.002995453542098403,0.008265551179647446,0.00373101350851357,0.004738118499517441,0.009348368272185326,0.006669161841273308,0.006060148123651743,0.009877558797597885,0.008859253488481045,0.0069198026321828365,0.006104429252445698,0.0047709327191114426,0.0029715485870838165,0.00898656900972128,0.0036101778969168663,0.004794300999492407,0.010807361453771591,0.0037566968239843845,0.006278695538640022,0.011830056086182594,0.004885361064225435,0.007371852174401283
nada,0.0,0.0,0.0,0.2336692363023758,-0.19886372983455658,-0.07719515264034271,0.4023636281490326,-0.5473689436912537,-0.12378014624118805,0.5130854845046997,-0.8506474494934082,-0.1667805016040802,0.6160619854927063,-1.1011464595794678,-0.21434184908866882,0.25081849098205566,-0.9340198636054993,-0.11937906593084335,0.3478129208087921,-1.2407792806625366,-0.22545495629310608,0.4207874834537506,-1.3472658395767212,-0.3029806911945343,0.48648014664649963,-1.421992301940918,-0.35198545455932617,0.10095883905887604,-0.9585304260253906,-0.13957008719444275,0.1715051233768463,-1.3201828002929688,-0.23185431957244873,0.2309081256389618,-1.4710644483566284,-0.2908382713794708,0.2835015654563904,-1.592599868774414,-0.3339770436286926,-0.04537142068147659,-0.8948734402656555,-0.1703391969203949,-0.007388991769403219,-1.2563694715499878,-0.2681190073490143,0.03518834710121155,-1.4172449111938477,-0.30717533826828003,0.08303747326135635,-1.549195647239685,-0.33092567324638367,-0.18692715466022491,-0.7644227147102356,-0.20621266961097717,-0.1863163411617279,-1.0286999940872192,-0.29280704259872437,-0.15347160398960114,-1.1503024101257324,-0.31609079241752625,-0.11145784705877304,-1.2584480047225952,-0.327970415353775,0.0,0.0,0.0,0.06020274758338928,0.0759475901722908,0.044785238802433014,0.12833698093891144,0.18422411382198334,0.10129635035991669,0.1823798418045044,0.2989620864391327,0.15042082965373993,0.23380731046199799,0.36081716418266296,0.20310288667678833,0.11728221923112869,0.08938615024089813,0.17845076322555542,0.1479739397764206,0.2869541645050049,0.2555413544178009,0.1558653861284256,0.5021652579307556,0.30039671063423157,0.16018952429294586,0.6911613941192627,0.3282172977924347,0.07959805428981781,0.09849803894758224,0.1884385049343109,0.09812905639410019,0.3231046497821808,0.2714443802833557,0.10710809379816055,0.5895829796791077,0.29987651109695435,0.11440865695476532,0.8011367321014404,0.3210068345069885,0.0705556720495224,0.13756850361824036,0.19548113644123077,0.08212176710367203,0.34598296880722046,0.27583596110343933,0.08357548713684082,0.5931059122085571,0.2885935306549072,0.08653311431407928,0.7975577116012573,0.29388293623924255,0.07111620157957077,0.2024337351322174,0.20276376605033875,0.08992945402860641,0.373200923204422,0.2651049494743347,0.0903162732720375,0.5617054104804993,0.27923712134361267,0.0891520082950592,0.7221336960792542,0.28842324018478394
nada,0.0,0.0,0.0,0.118321493268013,-0.169035404920578,-0.12239967286586761,0.14114736020565033,-0.46008190512657166,-0.1674356758594513,-0.031363554298877716,-0.5871648192405701,-0.19211485981941223,-0.190144881606102,-0.6587058305740356,-0.2177683413028717,0.07637037336826324,-0.9897415041923523,-0.10316501557826996,0.12204436212778091,-1.4270193576812744,-0.15397626161575317,0.14845912158489227,-1.6790027618408203,-0.1904796063899994,0.16488733887672424,-1.894942045211792,-0.2159034013748169,-0.06052202731370926,-0.9941027760505676,-0.0893767923116684,-0.06592319905757904,-1.449009656906128,-0.12660709023475647,-0.06487585604190826,-1.7220284938812256,-0.16692297160625458,-0.06308422237634659,-1.9394943714141846,-0.19119451940059662,-0.16510829329490662,-0.8999736905097961,-0.08860655128955841,-0.23404629528522491,-1.263938546180725,-0.1675473302602768,-0.26636067032814026,-1.5215215682983398,-0.24933841824531555,-0.2930130660533905,-1.7389776706695557,-0.3017790913581848,-0.23286202549934387,-0.7352081537246704,-0.09428401291370392,-0.23721957206726074,-0.8427776098251343,-0.19828686118125916,-0.18892505764961243,-0.6814300417900085,-0.23681023716926575,-0.15324828028678894,-0.5145787000656128,-0.2507351040840149,0.0,0.0,0.0,0.0018193552969023585,0.003927554469555616,0.0034589022397994995,0.003985926974564791,0.00742825772613287,0.00607257429510355,0.003197222948074341,0.014425965957343578,0.008131272159516811,0.0036651301197707653,0.020005688071250916,0.010787148028612137,0.004212169907987118,0.0036547803319990635,0.008317144587635994,0.006301862187683582,0.007439466193318367,0.01124916598200798,0.008792283944785595,0.009851459413766861,0.012679136358201504,0.011194718070328236,0.013785384595394135,0.013581430539488792,0.005254947580397129,0.0010916519677266479,0.008911396376788616,0.007683794479817152,0.005965613294392824,0.012053867802023888,0.011139015667140484,0.010229985229671001,0.014336299151182175,0.014185234904289246,0.01631658710539341,0.015747282654047012,0.005890215281397104,0.004532871302217245,0.009392516687512398,0.00783499889075756,0.004884654190391302,0.013131183572113514,0.010737192817032337,0.0056961760856211185,0.015571944415569305,0.01284353993833065,0.008604157716035843,0.01719580963253975,0.0057532270438969135,0.009375955909490585,0.009924111887812614,0.006336767226457596,0.014333665370941162,0.0130612812936306,0.006816704757511616,0.022766390815377235,0.013460013084113598,0.006970207206904888,0.02927418425679207,0.013656686060130596
nada,0.0,0.0,0.0,0.12245923280715942,-0.30997005105018616,-0.013250341638922691,0.17234309017658234,-0.6792842149734497,-0.030817661434412003,0.20717830955982208,-0.9674755930900574,-0.05714503675699234,0.25588542222976685,-1.1946189403533936,-0.08729823678731918,0.024501314386725426,-1.0096982717514038,-0.03441682457923889,0.06989528983831406,-1.4278095960617065,-0.10098551213741302,0.11229081451892853,-1.6802539825439453,-0.15059363842010498,0.1524747908115387,-1.8843330144882202,-0.18448933959007263,-0.0524883046746254,-0.9927178621292114,-0.07733316719532013,-0.03110199049115181,-1.4763611555099487,-0.14048218727111816,0.0009235428879037499,-1.7753673791885376,-0.18727153539657593,0.031168188899755478,-2.0120856761932373,-0.21970558166503906,-0.1100475937128067,-0.9005033373832703,-0.12639114260673523,-0.10848768055438995,-1.3585978746414185,-0.19292980432510376,-0.08722079545259476,-1.6382070779800415,-0.23549242317676544,-0.0616481676697731,-1.8662397861480713,-0.2635859549045563,-0.15019072592258453,-0.7485544681549072,-0.1764971762895584,-0.15187683701515198,-1.0641467571258545,-0.2387082874774933,-0.1311686933040619,-1.270756483078003,-0.26635417342185974,-0.10290580987930298,-1.4534800052642822,-0.2838304936885834,0.0,0.0,0.0,0.07833196222782135,0.08835814148187637,0.07845978438854218,0.1353217512369156,0.125322163105011,0.09737160801887512,0.1615608036518097,0.13096141815185547,0.10180619359016418,0.19358190894126892,0.14031830430030823,0.1018352061510086,0.10745218396186829,0.03302551433444023,0.05452364310622215,0.1125141978263855,0.10993427783250809,0.06492703408002853,0.10287443548440933,0.15122608840465546,0.06396499276161194,0.09211429208517075,0.17323537170886993,0.05998770520091057,0.051566243171691895,0.008990050293505192,0.05509958416223526,0.044805899262428284,0.08860385417938232,0.07227695733308792,0.037922341376543045,0.13028421998023987,0.06862369179725647,0.0460919588804245,0.14895838499069214,0.06388433277606964,0.033547334372997284,0.031839724630117416,0.07402090728282928,0.06897757947444916,0.06505987793207169,0.0857824832201004,0.09848635643720627,0.09722725301980972,0.0866687223315239,0.12292990833520889,0.11134897917509079,0.08827056735754013,0.11494351923465729,0.04703677073121071,0.09469780325889587,0.16184385120868683,0.056279126554727554,0.10234392434358597,0.19636741280555725,0.0665564313530922,0.10679013282060623,0.22732432186603546,0.07226261496543884,0.1122998595237732
nada,0.0,0.0,0.0,0.1555374562740326,-0.15446625649929047,-0.12640005350112915,0.2230234444141388,-0.43733125925064087,-0.1946604698896408,0.0530078299343586,-0.5746119618415833,-0.25809890031814575,-0.11328759044408798,-0.6772950291633606,-0.3161519169807434,0.1551312357187271,-0.9968219995498657,-0.11628113687038422,0.24776270985603333,-1.4094587564468384,-0.22211456298828125,0.3007313311100006,-1.6878106594085693,-0.28381091356277466,0.3417361378669739,-1.9110788106918335,-0.3137128949165344,0.0023199748247861862,-0.9919160604476929,-0.1268131136894226,-0.009887020103633404,-1.508488416671753,-0.23655648529529572,-0.005164410453289747,-1.8247175216674805,-0.2957177460193634,-0.000769304926507175,-2.0892045497894287,-0.3153281807899475,-0.12293285131454468,-0.8567279577255249,-0.15185080468654633,-0.14294229447841644,-0.9792429804801941,-0.3176557421684265,-0.07873415946960449,-0.6912010908126831,-0.34158942103385925,-0.039744384586811066,-0.5050270557403564,-0.30340659618377686,-0.23322956264019012,-0.6524212956428528,-0.18387800455093384,-0.24612104892730713,-0.7535088658332825,-0.30254417657852173,-0.17720000445842743,-0.5517296195030212,-0.2865326702594757,-0.13192224502563477,-0.4094633162021637,-0.2402030974626541,0.0,0.0,0.0,0.0017279317835345864,0.0038713684771209955,0.002148889470845461,0.00305577227845788,0.005577830597758293,0.0032562711276113987,0.004048371221870184,0.0071790809743106365,0.004026259295642376,0.004369897302240133,0.010922211222350597,0.004772094078361988,0.002482031472027302,0.0016001979820430279,0.0031212561298161745,0.003005877137184143,0.0036812357138842344,0.004116425756365061,0.003892079461365938,0.004108086694031954,0.0042935446836054325,0.00489213177934289,0.004777851048856974,0.004384134896099567,0.002834743121638894,0.00035389867844060063,0.0027333428151905537,0.004656489007174969,0.0025824839249253273,0.00409969175234437,0.005151910241693258,0.003303554840385914,0.004148251377046108,0.006270820274949074,0.0033495910465717316,0.0040741474367678165,0.0029913673643022776,0.001277185627259314,0.0027454604860395193,0.0030414354987442493,0.008472314104437828,0.004782269708812237,0.0019811843521893024,0.0103915398940444,0.004656329285353422,0.0023714874405413866,0.009726359508931637,0.004064654000103474,0.0029103278648108244,0.0026081677060574293,0.0030182874761521816,0.001570934779010713,0.0067853606306016445,0.004751948639750481,0.001656068372540176,0.008224021643400192,0.005209455266594887,0.0025932341814041138,0.007396790198981762,0.005244420375674963
nada,0.0,0.0,0.0,0.17961116135120392,-0.15061816573143005,-0.11903674900531769,0.34895166754722595,-0.44150733947753906,-0.20249736309051514,0.4185970425605774,-0.6259909868240356,-0.2842881679534912,0.46073541045188904,-0.6819117665290833,-0.3660319149494171,0.17449046671390533,-0.9929105043411255,-0.14491645991802216,0.2006964236497879,-1.4386078119277954,-0.2583291530609131,0.21743929386138916,-1.74032461643219,-0.3241007626056671,0.2316783219575882,-1.9859449863433838,-0.3669528365135193,0.01146585401147604,-0.9893471002578735,-0.14414586126804352,0.05382253974676132,-0.9859430193901062,-0.31527072191238403,0.06636865437030792,-0.6028863191604614,-0.34331950545310974,0.0669446662068367,-0.40922290086746216,-0.32523125410079956,-0.1351012885570526,-0.8943130373954773,-0.155349463224411,-0.0913788452744484,-0.8471018671989441,-0.3191831707954407,-0.05325237661600113,-0.520473062992096,-0.2819156348705292,-0.03402324393391609,-0.38488858938217163,-0.21602681279182434,-0.27395936846733093,-0.7542325854301453,-0.17664608359336853,-0.23498520255088806,-0.7600849866867065,-0.2786821722984314,-0.16937479376792908,-0.5336190462112427,-0.24015101790428162,-0.1344815194606781,-0.4362246096134186,-0.18345430493354797,0.0,0.0,0.0,0.01911199279129505,0.026155773550271988,0.0104360431432724,0.04972976818680763,0.08127930015325546,0.01933705434203148,0.1689351201057434,0.08496714383363724,0.025061992928385735,0.303873747587204,0.051905322819948196,0.02899184450507164,0.011194049380719662,0.016884787008166313,0.01436482835561037,0.009001239202916622,0.05107316002249718,0.019409582018852234,0.009981577284634113,0.06248147040605545,0.024712607264518738,0.008341573178768158,0.0708049014210701,0.028401296585798264,0.0109413992613554,0.0018525306368246675,0.012630391865968704,0.012362265959382057,0.04933313652873039,0.018569856882095337,0.009391059167683125,0.03276867792010307,0.02343287132680416,0.008031167089939117,0.03298255428671837,0.02790028788149357,0.006611292250454426,0.005836235824972391,0.010983049869537354,0.010630066506564617,0.05178464949131012,0.014148242771625519,0.005811499897390604,0.036052726209163666,0.016322173178195953,0.006156973075121641,0.02104383334517479,0.02077453024685383,0.00883640069514513,0.00755922868847847,0.010617773048579693,0.011110523715615273,0.04553962126374245,0.014127655886113644,0.008460495620965958,0.039002444595098495,0.017720812931656837,0.009612614288926125,0.02447781153023243,0.020696138963103294
nada,0.0,0.0,0.0,0.2201322317123413,-0.26524618268013,0.005270584020763636,0.37013381719589233,-0.5059657692909241,-0.04738014191389084,0.5025541186332703,-0.6435149312019348,-0.11853587627410889,0.6343129873275757,-0.7896252870559692,-0.18736447393894196,0.2077418863773346,-1.0483808517456055,-0.06450623273849487,0.41752785444259644,-1.1433675289154053,-0.16940364241600037,0.5667187571525574,-1.1677204370498657,-0.25035950541496277,0.6966145634651184,-1.1618279218673706,-0.30771932005882263,0.10583992302417755,-0.9860390424728394,-0.12832830846309662,0.4182869791984558,-0.6749750971794128,-0.26602521538734436,0.5215834379196167,-0.35416868329048157,-0.3063167333602905,0.5787340402603149,-0.16529163718223572,-0.32162123918533325,0.039568521082401276,-0.7983015775680542,-0.19455653429031372,0.3395285904407501,-0.46948328614234924,-0.2906349003314972,0.2954719066619873,-0.26264041662216187,-0.25675302743911743,0.2225019931793213,-0.1845802664756775,-0.226924866437912,-0.0012049101060256362,-0.5680868625640869,-0.2675125300884247,0.26198458671569824,-0.3393963575363159,-0.31875696778297424,0.25072434544563293,-0.19768613576889038,-0.28760775923728943,0.19241181015968323,-0.1566115766763687,-0.25857973098754883,0.0,0.0,0.0,0.004148186184465885,0.005084111820906401,0.005011910106986761,0.004392750561237335,0.00405590096488595,0.004353026859462261,0.005233568139374256,0.00581273203715682,0.004747320897877216,0.006724622566252947,0.009652018547058105,0.007627851329743862,0.004941927269101143,0.002444749465212226,0.0037348694168031216,0.00649022264406085,0.020004993304610252,0.0068036881275475025,0.008678142912685871,0.02916720323264599,0.009384558536112309,0.010905780829489231,0.035833366215229034,0.011139479465782642,0.0037433113902807236,0.0011019095545634627,0.00644873408600688,0.005490431562066078,0.005441627465188503,0.01089224498718977,0.00713353743776679,0.005713487043976784,0.012028117664158344,0.011289290152490139,0.005369112361222506,0.012347245588898659,0.0037318693939596415,0.003016918431967497,0.010333990678191185,0.005833671428263187,0.004160575568675995,0.011354785412549973,0.007454735226929188,0.008822616189718246,0.008234548382461071,0.008006684482097626,0.011961428448557854,0.007069265004247427,0.004946491215378046,0.004288945812731981,0.014626523479819298,0.0059700231067836285,0.004516247659921646,0.014829829335212708,0.006294638849794865,0.007508778013288975,0.012417206540703773,0.006317139137536287,0.00861790869385004,0.011170974001288414
nada,0.0,0.0,0.0,0.17389801144599915,-0.22122398018836975,-0.12428976595401764,0.2864043116569519,-0.5637061595916748,-0.17476315796375275,0.32324936985969543,-0.8895245790481567,-0.21302402019500732,0.3595517873764038,-1.1649926900863647,-0.2501402795314789,0.09214681386947632,-0.9889995455741882,-0.09721200168132782,0.12382248789072037,-1.3914515972137451,-0.1701633483171463,0.13569068908691406,-1.6425327062606812,-0.230748251080513,0.14395877718925476,-1.858781099319458,-0.27245619893074036,-0.039803002029657364,-0.994843602180481,-0.08230733126401901,-0.05217116326093674,-1.436574101448059,-0.1400846540927887,-0.06258741766214371,-1.7128322124481201,-0.19366350769996643,-0.07229737937450409,-1.94855535030365,-0.23241226375102997,-0.1540573537349701,-0.909659743309021,-0.08217094838619232,-0.18684741854667664,-1.3022822141647339,-0.1424211859703064,-0.21001414954662323,-1.5460834503173828,-0.18708881735801697,-0.22684867680072784,-1.7588846683502197,-0.21772877871990204,-0.2579207122325897,-0.7494791150093079,-0.09369726479053497,-0.30842888355255127,-1.0127129554748535,-0.1523413509130478,-0.3424187898635864,-1.1712486743927002,-0.178169384598732,-0.3746194541454315,-1.314172625541687,-0.19275614619255066,0.0,0.0,0.0,0.014630935154855251,0.01034250296652317,0.03524762764573097,0.033837247639894485,0.014202759601175785,0.05389997735619545,0.045685287564992905,0.015567858703434467,0.06649988144636154,0.05552787706255913,0.024968771263957024,0.07750450819730759,0.042680736631155014,0.010999888181686401,0.028997665271162987,0.05679886415600777,0.02181083895266056,0.03648978844285011,0.06691699475049973,0.03544839844107628,0.04389418289065361,0.0764392614364624,0.04555107653141022,0.05016253888607025,0.040352825075387955,0.0030767449643462896,0.01702152192592621,0.05299763008952141,0.014583487063646317,0.02397087961435318,0.0619187094271183,0.01986030861735344,0.030578378587961197,0.06890373677015305,0.024051902815699577,0.037040792405605316,0.0352502278983593,0.014176430180668831,0.015029546804726124,0.04297944903373718,0.028113657608628273,0.02086060866713524,0.04982086643576622,0.030775122344493866,0.026348400861024857,0.056364793330430984,0.034854456782341,0.03176666796207428,0.027263429015874863,0.024954702705144882,0.020406128838658333,0.038195110857486725,0.02995351143181324,0.023312317207455635,0.05145753547549248,0.03361472859978676,0.026199836283922195,0.06737569719552994,0.040938034653663635,0.03034219890832901
nada,0.0,0.0,0.0,0.18202607333660126,-0.17374356091022491,-0.16835328936576843,0.25480347871780396,-0.5005170106887817,-0.2390371561050415,0.12454960495233536,-0.6998891830444336,-0.29416167736053467,-0.006579191889613867,-0.9139348268508911,-0.33665400743484497,0.15436044335365295,-1.0174075365066528,-0.11073963344097137,0.11911799758672714,-1.3706557750701904,-0.1980840116739273,0.07058185338973999,-1.626903772354126,-0.24508874118328094,0.013871781527996063,-1.8326305150985718,-0.2701268196105957,0.01791858859360218,-0.9944823384284973,-0.09883089363574982,0.04325941950082779,-1.4699347019195557,-0.20569577813148499,0.0632188469171524,-1.7151870727539062,-0.2478201687335968,0.06638988107442856,-1.8920824527740479,-0.24902482330799103,-0.1086861863732338,-0.8776800036430359,-0.11101031303405762,-0.1011446863412857,-1.030940294265747,-0.2913377583026886,-0.03502339869737625,-0.7010678648948669,-0.3120117485523224,-0.002048564376309514,-0.5154068470001221,-0.26662445068359375,-0.2326292246580124,-0.7172423601150513,-0.13444849848747253,-0.2028062641620636,-0.8369176983833313,-0.27478155493736267,-0.12831127643585205,-0.6086103916168213,-0.2749966084957123,-0.09216227382421494,-0.48474350571632385,-0.23965196311473846,0.0,0.0,0.0,0.011240463703870773,0.0059304991737008095,0.025124408304691315,0.007279806770384312,0.005883918609470129,0.044244471937417984,0.005979977548122406,0.010269788093864918,0.06078241020441055,0.004986693151295185,0.025574276223778725,0.07589703798294067,0.0064918771386146545,0.006339346989989281,0.030455004423856735,0.013407600112259388,0.00918955821543932,0.0470452755689621,0.015559323132038116,0.014856630936264992,0.05366815999150276,0.01612280122935772,0.01545390672981739,0.05704854056239128,0.0030870402697473764,0.0033357522916048765,0.029926327988505363,0.00630676094442606,0.013128171674907207,0.04894905164837837,0.007703386712819338,0.023725410923361778,0.0521157868206501,0.008194193243980408,0.03533897548913956,0.05156649649143219,0.003663946408778429,0.005251514259725809,0.03355854004621506,0.007877267897129059,0.012453082948923111,0.05647919699549675,0.0080105597153306,0.02311709336936474,0.05772959813475609,0.007531370967626572,0.021136336028575897,0.05402926355600357,0.005573136266320944,0.009566839784383774,0.03979499638080597,0.007538346108049154,0.01309935376048088,0.056706156581640244,0.008638430386781693,0.017823249101638794,0.06122570484876633,0.007932877168059349,0.012035524472594261,0.0627492368221283
nada,0.0,0.0,0.0,0.17936202883720398,-0.23261579871177673,-0.08602118492126465,0.30785685777664185,-0.5511987805366516,-0.12623906135559082,0.3816347122192383,-0.821625828742981,-0.16586604714393616,0.40607261657714844,-1.018394947052002,-0.2029893398284912,0.07872545719146729,-1.008579969406128,-0.04917283356189728,0.08987600356340408,-1.3735771179199219,-0.12606216967105865,0.11262945830821991,-1.5230882167816162,-0.18950995802879333,0.14350423216819763,-1.5714991092681885,-0.2237626016139984,-0.06007816642522812,-0.9962989687919617,-0.052201926708221436,-0.09873700141906738,-1.4092292785644531,-0.11266575008630753,-0.08998919278383255,-1.5581642389297485,-0.16282764077186584,-0.06779298186302185,-1.5980236530303955,-0.19122309982776642,-0.17954085767269135,-0.8964096307754517,-0.07000000774860382,-0.24580612778663635,-1.2599976062774658,-0.13118422031402588,-0.2483113557100296,-1.3853648900985718,-0.16780439019203186,-0.22922591865062714,-1.4217185974121094,-0.18465565145015717,-0.2897198796272278,-0.7262195348739624,-0.09683665633201599,-0.37178999185562134,-0.9810546636581421,-0.1526077836751938,-0.3838188946247101,-1.0800648927688599,-0.17203250527381897,-0.37207740545272827,-1.1176725625991821,-0.1760489046573639,0.0,0.0,0.0,0.005189230665564537,0.00801011361181736,0.00685570714995265,0.005092770326882601,0.013038909062743187,0.011262613348662853,0.017376376315951347,0.026061492040753365,0.01360426563769579,0.0807882770895958,0.022055892273783684,0.01876135729253292,0.013956030830740929,0.010705388151109219,0.028119098395109177,0.041369982063770294,0.02860153093934059,0.030736226588487625,0.04492628201842308,0.0920843705534935,0.03483109548687935,0.03993390500545502,0.23944564163684845,0.036076247692108154,0.012263348326086998,0.0011359384516254067,0.030041253194212914,0.03539063036441803,0.03410050645470619,0.0380718819797039,0.029377270489931107,0.12399828433990479,0.04324210435152054,0.018324345350265503,0.30029112100601196,0.04487362876534462,0.009256978519260883,0.0030013604555279016,0.030541835352778435,0.015394827350974083,0.029781805351376534,0.03824577480554581,0.016031388193368912,0.11897560954093933,0.043482787907123566,0.04441365972161293,0.28885596990585327,0.04775192216038704,0.00935455784201622,0.008502498269081116,0.030948301777243614,0.011230247095227242,0.03598634898662567,0.03928427770733833,0.021925712004303932,0.0676632672548294,0.04563315957784653,0.05787404254078865,0.18887540698051453,0.0508214607834816
nada,0.0,0.0,0.0,0.14874380826950073,-0.22063934803009033,-0.09335944801568985,0.21112863719463348,-0.5265580415725708,-0.13863298296928406,0.040637895464897156,-0.6634668111801147,-0.176548033952713,-0.11311652511358261,-0.6591511368751526,-0.21569344401359558,0.13948264718055725,-0.9702584147453308,-0.08069437742233276,0.20806646347045898,-1.3659052848815918,-0.14408941566944122,0.2416309118270874,-1.6119730472564697,-0.19504565000534058,0.26651549339294434,-1.8145612478256226,-0.23016054928302765,-0.005511116702109575,-0.9965626001358032,-0.08248089998960495,0.020054642111063004,-1.438197135925293,-0.12846793234348297,0.029283370822668076,-1.7112581729888916,-0.17484936118125916,0.0316975973546505,-1.9221677780151367,-0.20753319561481476,-0.12612751126289368,-0.9222396612167358,-0.09597612917423248,-0.16799211502075195,-1.3164784908294678,-0.1418425440788269,-0.18984919786453247,-1.5825856924057007,-0.18981079757213593,-0.20563426613807678,-1.7997030019760132,-0.22251112759113312,-0.2363639771938324,-0.7637011408805847,-0.11831836402416229,-0.29286643862724304,-1.0459063053131104,-0.1579047441482544,-0.3208580017089844,-1.2411407232284546,-0.17811766266822815,-0.3419266641139984,-1.4204208850860596,-0.1916869431734085,0.0,0.0,0.0,0.0021407066378742456,0.0036111471708863974,0.004303895868360996,0.0038739133160561323,0.004445561207830906,0.006638871971517801,0.0037389970384538174,0.006111938040703535,0.008351922035217285,0.00376924779266119,0.0067362491972744465,0.010231828317046165,0.0026948663871735334,0.0022551286965608597,0.005682273767888546,0.007239270024001598,0.006564221810549498,0.008184261620044708,0.009762903675436974,0.008990206755697727,0.009891245514154434,0.011937485076487064,0.012538987211883068,0.011104967445135117,0.0024156488943845034,0.0003968412056565285,0.0048621706664562225,0.003610150655731559,0.0032505912240594625,0.007367905229330063,0.003902529599145055,0.006127011030912399,0.00924394465982914,0.004241466987878084,0.010876459069550037,0.010517514310777187,0.0022285361774265766,0.0017742692725732923,0.004466316197067499,0.0031773559749126434,0.0028401236049830914,0.006540121976286173,0.0038272009696811438,0.005584324710071087,0.008250391110777855,0.004422507714480162,0.009899714030325413,0.00944320484995842,0.002152668545022607,0.0031991039868444204,0.004453978501260281,0.002656826050952077,0.0035674278624355793,0.006043700035661459,0.0030587066430598497,0.003393901512026787,0.0072245849296450615,0.0034498535096645355,0.0033573161344975233,0.008163025602698326
nada,0.0,0.0,0.0,0.22339677810668945,-0.19692297279834747,-0.11261758953332901,0.35608527064323425,-0.6555639505386353,-0.15448075532913208,0.4046107828617096,-1.0218393802642822,-0.18686102330684662,0.5196510553359985,-1.2447278499603271,-0.20332205295562744,0.2199142426252365,-1.0005477666854858,-0.07937585562467575,0.27733421325683594,-1.0751502513885498,-0.22767265141010284,0.2417149841785431,-0.7494567632675171,-0.29588550329208374,0.20609800517559052,-0.503725528717041,-0.3120732605457306,0.05938854068517685,-0.9959098696708679,-0.06622253358364105,0.12887725234031677,-1.0827471017837524,-0.23461441695690155,0.1065770611166954,-0.6685696840286255,-0.25712519884109497,0.08638763427734375,-0.40934786200523376,-0.22555038332939148,-0.09192228317260742,-0.9266939163208008,-0.07762443274259567,-0.026330748572945595,-0.9392117261886597,-0.2374832183122635,-0.014892742037773132,-0.56655353307724,-0.20481595396995544,-0.018278218805789948,-0.36883270740509033,-0.13345983624458313,-0.24155521392822266,-0.822050929069519,-0.097510427236557,-0.17736145853996277,-0.9037861824035645,-0.18907730281352997,-0.1334037482738495,-0.6580039262771606,-0.15727713704109192,-0.11769025027751923,-0.5378658175468445,-0.10281217098236084,0.0,0.0,0.0,0.010282300412654877,0.009481369517743587,0.006028344854712486,0.013568873517215252,0.025412751361727715,0.0097882729023695,0.014385353773832321,0.039085764437913895,0.012744997628033161,0.018062612041831017,0.04442647844552994,0.01484751421958208,0.011641540564596653,0.0059027522802352905,0.014058886095881462,0.011181918904185295,0.03350365161895752,0.024748224765062332,0.010201784782111645,0.027152767404913902,0.028296679258346558,0.009981191717088223,0.018729090690612793,0.02887338399887085,0.0070727914571762085,0.0013374503469094634,0.014115387573838234,0.007937939837574959,0.0365329310297966,0.028272144496440887,0.006631686817854643,0.02302715741097927,0.03035116009414196,0.0058215027675032616,0.010644392110407352,0.028981033712625504,0.004521127790212631,0.0029107043519616127,0.014939779415726662,0.006723008584231138,0.03146032989025116,0.02692161686718464,0.00425716582685709,0.0183944720774889,0.02588498219847679,0.0036829975433647633,0.007575361058115959,0.022365739569067955,0.008220440708100796,0.01090154331177473,0.016052378341555595,0.009618393145501614,0.032930366694927216,0.022859949618577957,0.006546596996486187,0.023915087804198265,0.022772401571273804,0.0065888045355677605,0.014496826566755772,0.021549811586737633
nada,0.0,0.0,0.0,0.19315485656261444,-0.2850979268550873,-0.06934262067079544,0.28880879282951355,-0.6671345829963684,-0.11756777763366699,0.33954447507858276,-0.9661620855331421,-0.16837520897388458,0.39534053206443787,-1.2130916118621826,-0.22293837368488312,0.09944476932287216,-1.0253329277038574,-0.10168544203042984,0.15594255924224854,-1.3353400230407715,-0.22038862109184265,0.23518338799476624,-1.398218035697937,-0.31064313650131226,0.30959805846214294,-1.4092381000518799,-0.36530447006225586,-0.01717257872223854,-0.9777329564094543,-0.12857577204704285,0.021968761458992958,-1.3294904232025146,-0.2430868148803711,0.10903383791446686,-1.3710901737213135,-0.3175188899040222,0.18337813019752502,-1.3682550191879272,-0.36307021975517273,-0.1203157901763916,-0.8450772166252136,-0.1665569692850113,-0.10561289638280869,-1.1827161312103271,-0.2857239842414856,-0.02470799721777439,-1.1937164068222046,-0.33403292298316956,0.042374711483716965,-1.1623224020004272,-0.35535797476768494,-0.21332451701164246,-0.6463569402694702,-0.20888710021972656,-0.20429322123527527,-0.8868421316146851,-0.3118502199649811,-0.13298991322517395,-0.8873575329780579,-0.3416918218135834,-0.0698183998465538,-0.84331876039505,-0.3523939847946167,0.0,0.0,0.0,0.048720285296440125,0.05888843908905983,0.06520789861679077,0.09814713895320892,0.06331506371498108,0.10184473544359207,0.14320634305477142,0.055460747331380844,0.1317003071308136,0.19337207078933716,0.05670211464166641,0.16919741034507751,0.08918508142232895,0.029239771887660027,0.1345800757408142,0.13281838595867157,0.053917087614536285,0.18633505702018738,0.17413218319416046,0.19799864292144775,0.22426410019397736,0.22227127850055695,0.3382941782474518,0.25385966897010803,0.07606393843889236,0.03611372038722038,0.14185108244419098,0.1433231085538864,0.0705011636018753,0.20036311447620392,0.20139028131961823,0.21926496922969818,0.2424173504114151,0.25190460681915283,0.3645927608013153,0.27919378876686096,0.0801079049706459,0.066795215010643,0.15020203590393066,0.16073158383369446,0.10057578235864639,0.20181941986083984,0.2166561782360077,0.1934032440185547,0.23962675034999847,0.2585255205631256,0.31373292207717896,0.27322277426719666,0.11056743562221527,0.1089441329240799,0.1600060611963272,0.19235317409038544,0.14882424473762512,0.20271427929401398,0.2332417517900467,0.16703292727470398,0.23304744064807892,0.26173967123031616,0.21491219103336334,0.26162636280059814
nada,0.0,0.0,0.0,0.22141194343566895,-0.2667725384235382,0.06328786909580231,0.3510127663612366,-0.5178611874580383,0.046616390347480774,0.4544554352760315,-0.6693540811538696,-0.003572405083104968,0.5275771617889404,-0.8126281499862671,-0.050963144749403,0.05342836305499077,-1.0180245637893677,0.0619802288711071,0.24519483745098114,-1.3250969648361206,-0.012452987022697926,0.40961751341819763,-1.2275090217590332,-0.08155994862318039,0.4967147409915924,-1.0670052766799927,-0.11807940900325775,0.008725243620574474,-0.9997261166572571,-0.019004035741090775,0.2577763497829437,-1.336000919342041,-0.08363332599401474,0.43241071701049805,-1.202007532119751,-0.1320759356021881,0.5015173554420471,-1.0104515552520752,-0.1559186428785324,0.016057560220360756,-0.928779125213623,-0.10187874734401703,0.23558108508586884,-1.299157738685608,-0.151516392827034,0.406477153301239,-1.1916064023971558,-0.1549423187971115,0.48248642683029175,-1.0132133960723877,-0.14603635668754578,0.06946633756160736,-0.8137633204460144,-0.18280871212482452,0.23564884066581726,-1.1131901741027832,-0.21009555459022522,0.3671933710575104,-1.0877764225006104,-0.1926610916852951,0.4425996243953705,-0.9789028167724609,-0.1711900532245636,0.0,0.0,0.0,0.005695429164916277,0.004788008518517017,0.008507408201694489,0.0074368612840771675,0.004779966548085213,0.01156741101294756,0.008536923676729202,0.00549528980627656,0.01265842467546463,0.009049070999026299,0.0048118699342012405,0.013029025867581367,0.0075251380912959576,0.004845716524869204,0.011804834008216858,0.007249830756336451,0.01034147571772337,0.015003407374024391,0.008254023268818855,0.00943815428763628,0.015687299892306328,0.009290740825235844,0.010503148660063744,0.015590136870741844,0.006563812028616667,0.00018291505693923682,0.008210010826587677,0.0067059677094221115,0.008870121091604233,0.012490474618971348,0.008054444566369057,0.00866212323307991,0.013324957340955734,0.009011059999465942,0.009609012864530087,0.013011252507567406,0.005825262516736984,0.004069192335009575,0.006167697254568338,0.006372587289661169,0.0073491777293384075,0.009663296863436699,0.007613921072334051,0.008481757715344429,0.011028862558305264,0.008502145297825336,0.009625937789678574,0.01107124425470829,0.006225998047739267,0.00829159002751112,0.006626310758292675,0.0069829439744353294,0.0050924657844007015,0.008369864895939827,0.0083773760125041,0.004777166061103344,0.009518392384052277,0.009369146078824997,0.007491797208786011,0.010206780396401882
nada,0.0,0.0,0.0,0.19974187016487122,-0.2104307860136032,0.025996532291173935,0.3665042817592621,-0.45849356055259705,0.0065658376552164555,0.5085338950157166,-0.5801477432250977,-0.03953275829553604,0.6468669176101685,-0.6566019058227539,-0.08758842200040817,0.18166185915470123,-0.9920445680618286,0.05969073250889778,0.2723526358604431,-1.341809630393982,-0.006319539155811071,0.4067404270172119,-1.4182103872299194,-0.07028035074472427,0.5276976823806763,-1.4043060541152954,-0.1111367791891098,0.1271876096725464,-0.9918212890625,-0.008664099499583244,0.24476346373558044,-1.4045279026031494,-0.07944514602422714,0.4047682285308838,-1.4566932916641235,-0.14336007833480835,0.5356990694999695,-1.3874664306640625,-0.18095049262046814,0.08015669882297516,-0.9489176869392395,-0.08534212410449982,0.21254679560661316,-1.36310613155365,-0.14773783087730408,0.3799394369125366,-1.4289888143539429,-0.18695157766342163,0.5193427801132202,-1.381972074508667,-0.2060340940952301,0.05149661749601364,-0.8582566380500793,-0.16353169083595276,0.18282900750637054,-1.1654977798461914,-0.20930810272693634,0.310030996799469,-1.2971625328063965,-0.22870202362537384,0.4220629632472992,-1.343467116355896,-0.23780247569084167,0.0,0.0,0.0,0.002818938111886382,0.003854175331071019,0.0033561615273356438,0.0025716719683259726,0.004986878018826246,0.005890083499252796,0.003122434252873063,0.006981180049479008,0.007839126512408257,0.003402850590646267,0.007064348086714745,0.009755254723131657,0.003611130639910698,0.0018627725075930357,0.006400904152542353,0.003381415270268917,0.007750388700515032,0.008469806984066963,0.0030711162835359573,0.009184612892568111,0.009552710689604282,0.0036468792241066694,0.01422873418778181,0.010039064101874828,0.0031611635349690914,0.0003984812938142568,0.005347170401364565,0.0036730654537677765,0.006749022752046585,0.0078260637819767,0.0034881390165537596,0.008459167554974556,0.009464044123888016,0.004371330142021179,0.016171352937817574,0.01016408670693636,0.002794592874124646,0.002560033928602934,0.004384892527014017,0.003430384211242199,0.006465699523687363,0.006015164777636528,0.003776481607928872,0.011255689896643162,0.006869346834719181,0.004736542701721191,0.020255763083696365,0.0070782932452857494,0.0031732898205518723,0.006157716736197472,0.0038706990890204906,0.00533360755071044,0.007838645949959755,0.005006043706089258,0.007418802473694086,0.010677703656256199,0.006274177227169275,0.00904780626296997,0.014330779202282429,0.00717170862480998
nada,0.0,0.0,0.0,0.1847785860300064,-0.3759395480155945,-0.10042645782232285,0.4427735209465027,-0.7394152879714966,-0.20572981238365173,0.6839954257011414,-0.858456015586853,-0.30331212282180786,0.8643770217895508,-0.8703761100769043,-0.400925874710083,0.2493554800748825,-1.1444215774536133,-0.2849934995174408,0.4810619354248047,-1.4360694885253906,-0.42809948325157166,0.6025978922843933,-1.5902576446533203,-0.4997047781944275,0.6930270791053772,-1.7137800455093384,-0.5432863235473633,0.13937149941921234,-0.8969192504882812,-0.3094310462474823,0.42788439989089966,-0.9121416211128235,-0.5049724578857422,0.3995950222015381,-0.6550044417381287,-0.5094696879386902,0.325868159532547,-0.5193806886672974,-0.4779849648475647,0.06041914224624634,-0.5975915193557739,-0.3349044620990753,0.3230765759944916,-0.6165198683738708,-0.4894024729728699,0.30507892370224,-0.4067513048648834,-0.41005903482437134,0.25321340560913086,-0.31231462955474854,-0.3223005533218384,0.0026936843059957027,-0.29527056217193604,-0.36948999762535095,0.21834881603717804,-0.3782499432563782,-0.44245296716690063,0.22191357612609863,-0.2526979446411133,-0.3661141097545624,0.1802012026309967,-0.1799977421760559,-0.29152530431747437,0.0,0.0,0.0,0.04889529570937157,0.2527105212211609,0.03936353698372841,0.06378699094057083,0.30285388231277466,0.028178485110402107,0.1678607314825058,0.21877671778202057,0.025361260399222374,0.20800934731960297,0.1531018316745758,0.03171795606613159,0.13257639110088348,0.1285906434059143,0.12301485985517502,0.4356660842895508,0.1525571644306183,0.14395949244499207,0.6005828976631165,0.3225908577442169,0.14346718788146973,0.7271102666854858,0.47558555006980896,0.14079473912715912,0.2146957963705063,0.106791652739048,0.151211678981781,0.5163427591323853,0.16151657700538635,0.15774765610694885,0.4332011938095093,0.12958715856075287,0.12529009580612183,0.31900525093078613,0.17329959571361542,0.1089818924665451,0.2999613881111145,0.2858665883541107,0.1687425673007965,0.5518374443054199,0.2533894181251526,0.1449861377477646,0.45193424820899963,0.13510873913764954,0.10155461728572845,0.3476809561252594,0.06246783956885338,0.08663544803857803,0.3828587532043457,0.4274839460849762,0.18497130274772644,0.6002761721611023,0.39165934920310974,0.14198535680770874,0.5072112679481506,0.27848461270332336,0.10523780435323715,0.4012211561203003,0.21501123905181885,0.09701425582170486
nada,0.0,0.0,0.0,0.1980847269296646,-0.12585943937301636,-0.12656326591968536,0.3865823447704315,-0.3363202214241028,-0.23278751969337463,0.5529541969299316,-0.39815858006477356,-0.3376878499984741,0.6977515816688538,-0.3712216913700104,-0.4420204758644104,0.20314928889274597,-0.9610255360603333,-0.187530517578125,0.22779230773448944,-1.3953516483306885,-0.31571638584136963,0.24547474086284637,-1.7032760381698608,-0.38463205099105835,0.26402878761291504,-1.938193917274475,-0.42878037691116333,0.028330791741609573,-0.981512188911438,-0.18898139894008636,0.08447243273258209,-0.930672824382782,-0.3657378554344177,0.09399183094501495,-0.5630679726600647,-0.3856678605079651,0.0897257998585701,-0.4040849804878235,-0.3628233075141907,-0.12468184530735016,-0.8941993713378906,-0.20217998325824738,-0.04969002306461334,-0.7220116853713989,-0.3553691804409027,-0.022592775523662567,-0.44083601236343384,-0.31104031205177307,-0.01678798720240593,-0.3686130940914154,-0.24616606533527374,-0.2607188820838928,-0.760313093662262,-0.22917914390563965,-0.19973628222942352,-0.6315534710884094,-0.3180239796638489,-0.14157816767692566,-0.4270919859409332,-0.2787911295890808,-0.1179644912481308,-0.3840526044368744,-0.22539739310741425,0.0,0.0,0.0,0.003978399094194174,0.004472362343221903,0.003166977083310485,0.0067474208772182465,0.00571049191057682,0.005184706766158342,0.00894849468022585,0.012805818580091,0.007512746378779411,0.009227768518030643,0.01437696348875761,0.00992216169834137,0.010067099705338478,0.004272941499948502,0.004951054230332375,0.013760910369455814,0.009157492779195309,0.008942097425460815,0.01776592992246151,0.010663142427802086,0.009983952157199383,0.0208162609487772,0.012461898848414421,0.010263551026582718,0.009532646276056767,0.0011110282503068447,0.00503897201269865,0.013240058906376362,0.020242800936102867,0.012606904841959476,0.009530263021588326,0.011682751588523388,0.012929059565067291,0.007170551456511021,0.007042414043098688,0.0104697709903121,0.008295068517327309,0.005417430307716131,0.00594515074044466,0.010820930823683739,0.012174476869404316,0.01079084724187851,0.00747331976890564,0.0069972919300198555,0.009417258203029633,0.005754946731030941,0.007131428923457861,0.006947282701730728,0.006567615550011396,0.012105400674045086,0.007367492653429508,0.011129869148135185,0.016201946884393692,0.009814533405005932,0.009375677444040775,0.012736136093735695,0.010210089385509491,0.008270653896033764,0.007190684787929058,0.010168778710067272
nada,0.0,0.0,0.0,0.22094671428203583,-0.15954656898975372,-0.0668191984295845,0.38276711106300354,-0.502440333366394,-0.09412707388401031,0.5036367774009705,-0.7506676912307739,-0.1260228455066681,0.6329528093338013,-0.8824130892753601,-0.1481126844882965,0.21512702107429504,-0.968675971031189,-0.04912511259317398,0.257718026638031,-0.8645240068435669,-0.14544273912906647,0.2225247323513031,-0.5833891034126282,-0.19786088168621063,0.1951080709695816,-0.3835240304470062,-0.2076677829027176,0.07247830182313919,-0.9960299730300903,-0.05103548243641853,0.1256820559501648,-0.822956919670105,-0.1582746058702469,0.10153577476739883,-0.5072101354598999,-0.19175609946250916,0.0860980972647667,-0.2993167042732239,-0.18642105162143707,-0.05678030103445053,-0.9289873838424683,-0.06649260222911835,-0.004648621194064617,-0.8224095106124878,-0.18546171486377716,-0.0036514797247946262,-0.5171934962272644,-0.19147631525993347,-0.003317997558042407,-0.31049400568008423,-0.15437184274196625,-0.17650443315505981,-0.8268830180168152,-0.08612920343875885,-0.19520333409309387,-1.1098430156707764,-0.1526360660791397,-0.2019180953502655,-1.3034557104110718,-0.15495571494102478,-0.1940423846244812,-1.4787533283233643,-0.13344086706638336,0.0,0.0,0.0,0.0031379894353449345,0.005944102071225643,0.004403986036777496,0.0041196756064891815,0.007093009538948536,0.005505737848579884,0.005250540096312761,0.008169541135430336,0.006892404984682798,0.006863081827759743,0.00890584010630846,0.009166128002107143,0.005616467446088791,0.008496163412928581,0.004639124497771263,0.008694780990481377,0.021941853687167168,0.008046209812164307,0.009173848666250706,0.015307805500924587,0.010013912804424763,0.010247824713587761,0.00926289614289999,0.010239638388156891,0.00637713773176074,0.00036477079265750945,0.00509264599531889,0.010378897190093994,0.02298484742641449,0.008946954272687435,0.007141325622797012,0.012155194766819477,0.009982152841985226,0.00668118754401803,0.011704149655997753,0.008348880335688591,0.006616070866584778,0.00946757197380066,0.0049833389930427074,0.012041539885103703,0.020549226552248,0.007105058990418911,0.007445652037858963,0.014409366063773632,0.007974415086209774,0.005385617725551128,0.00863746739923954,0.005626056343317032,0.008022809401154518,0.021929098293185234,0.004995357245206833,0.02826489321887493,0.044257741421461105,0.0050697349943220615,0.04167864844202995,0.06196797266602516,0.008591615594923496,0.054124072194099426,0.07327219098806381,0.009201083332300186
nada,0.0,0.0,0.0,0.16949571669101715,-0.13163654506206512,-0.1448400765657425,0.2957119345664978,-0.4160532057285309,-0.24017147719860077,0.17287743091583252,-0.6192929148674011,-0.32847216725349426,0.014716488309204578,-0.7570078372955322,-0.41443246603012085,0.17976754903793335,-1.0325531959533691,-0.16966286301612854,0.22395212948322296,-1.5466110706329346,-0.2954649329185486,0.25997814536094666,-1.863170862197876,-0.36632782220840454,0.2804090976715088,-2.1202070713043213,-0.4096600115299225,0.011446943506598473,-0.9864094853401184,-0.16370685398578644,0.037559207528829575,-1.0798351764678955,-0.353792279958725,0.05977321416139603,-0.6806185841560364,-0.39496612548828125,0.07052505761384964,-0.4749295115470886,-0.38174739480018616,-0.13181562721729279,-0.8827940821647644,-0.17124424874782562,-0.11642937362194061,-0.9195502996444702,-0.36117154359817505,-0.059789638966321945,-0.5474282503128052,-0.3271429240703583,-0.028165314346551895,-0.3814874589443207,-0.25617220997810364,-0.2679594159126282,-0.7396506071090698,-0.1891181766986847,-0.2676931619644165,-0.8618854284286499,-0.31451162695884705,-0.19443775713443756,-0.6122376322746277,-0.2732366919517517,-0.14662398397922516,-0.4769367575645447,-0.20865461230278015,0.0,0.0,0.0,0.003076135413721204,0.0067097339779138565,0.003160719061270356,0.004646037705242634,0.010974742472171783,0.005930075887590647,0.004134064540266991,0.015594861470162868,0.009155305102467537,0.0043425108306109905,0.01641671545803547,0.0128191402181983,0.0043717906810343266,0.006948730442672968,0.00671346765011549,0.0035802843049168587,0.018963944166898727,0.00928996317088604,0.003136055776849389,0.024116275832057,0.010137267410755157,0.002847530646249652,0.027403585612773895,0.010534320026636124,0.002867519622668624,0.0012553087435662746,0.007448988035321236,0.003475901437923312,0.017939694225788116,0.010856403969228268,0.003468366339802742,0.01689079776406288,0.011645562015473843,0.0035643416922539473,0.012438315898180008,0.011475766077637672,0.0021495798137038946,0.0036636721342802048,0.008204681798815727,0.00455850176513195,0.013800015673041344,0.011201898567378521,0.0036792110186070204,0.01176453661173582,0.009459497407078743,0.0030115379486232996,0.006977416574954987,0.00800580158829689,0.004746661987155676,0.005692374426871538,0.00900023803114891,0.008193488232791424,0.01625044457614422,0.010930266231298447,0.006863187532871962,0.018265336751937866,0.008786085993051529,0.005917774047702551,0.013631966896355152,0.0073953354731202126
nada,0.0,0.0,0.0,0.15562407672405243,-0.3828519284725189,-0.09552115947008133,0.22079582512378693,-0.8065247535705566,-0.12160847336053848,0.17762424051761627,-1.1503093242645264,-0.14354410767555237,0.09380494058132172,-1.3961727619171143,-0.1638721525669098,-0.06262819468975067,-1.0796470642089844,-0.007497075013816357,-0.11876913160085678,-1.4510600566864014,-0.05801001936197281,-0.14496147632598877,-1.6551958322525024,-0.10616258531808853,-0.16162769496440887,-1.8019005060195923,-0.13577426970005035,-0.2054208219051361,-0.9696677923202515,0.0013164073461666703,-0.2806371748447418,-1.328572392463684,-0.04905875772237778,-0.31276917457580566,-1.4095561504364014,-0.08964917063713074,-0.3318152129650116,-1.465172529220581,-0.10824926942586899,-0.3198438882827759,-0.7937350273132324,-0.007009175606071949,-0.41464418172836304,-1.086513638496399,-0.06395890563726425,-0.44837719202041626,-1.147143006324768,-0.08460627496242523,-0.4669542908668518,-1.1956408023834229,-0.08818408846855164,-0.4168846607208252,-0.5570353865623474,-0.025669485330581665,-0.5057857632637024,-0.7409701943397522,-0.07526605576276779,-0.531282365322113,-0.7821666598320007,-0.08009649813175201,-0.5497623085975647,-0.8152898550033569,-0.07239477336406708,0.0,0.0,0.0,0.022040357813239098,0.13447389006614685,0.029161972925066948,0.06293270736932755,0.18535542488098145,0.061676859855651855,0.08292528241872787,0.21591341495513916,0.09117000550031662,0.06544921547174454,0.26467230916023254,0.11966165155172348,0.11236221343278885,0.030648088082671165,0.0781075581908226,0.14477205276489258,0.0735158696770668,0.1238015815615654,0.17737305164337158,0.10564536601305008,0.1439526230096817,0.21606315672397614,0.1621372550725937,0.15157830715179443,0.10494786500930786,0.019877273589372635,0.07833036035299301,0.15584933757781982,0.04823365435004234,0.1497938632965088,0.20294128358364105,0.2781314551830292,0.15898606181144714,0.23923157155513763,0.4703841209411621,0.14473022520542145,0.09005535393953323,0.06527359783649445,0.07822244614362717,0.1428215205669403,0.06989902257919312,0.1444678157567978,0.2076410949230194,0.2227676659822464,0.13099665939807892,0.25052809715270996,0.3864196836948395,0.10228991508483887,0.06949149817228317,0.10988060384988785,0.07849784940481186,0.11470010131597519,0.13444970548152924,0.12205363810062408,0.18359951674938202,0.10639641433954239,0.11523247510194778,0.2328011691570282,0.18887434899806976,0.09881503880023956
nada,0.0,0.0,0.0,0.17458471655845642,-0.206536203622818,-0.06746488809585571,0.2939404547214508,-0.46022313833236694,-0.11033663898706436,0.37255150079727173,-0.7152341604232788,-0.15690045058727264,0.38505804538726807,-0.9587602615356445,-0.2002623826265335,0.1383492648601532,-0.9075673222541809,-0.03130635246634483,0.2206694334745407,-1.1318047046661377,-0.13158531486988068,0.2990131974220276,-1.1662706136703491,-0.21640686690807343,0.3698495030403137,-1.1343467235565186,-0.2615288197994232,0.019119014963507652,-0.9984089136123657,-0.05255379155278206,0.07196949422359467,-1.4336271286010742,-0.11412777751684189,0.11679458618164062,-1.7139772176742554,-0.16573740541934967,0.15819108486175537,-1.9538373947143555,-0.19925406575202942,-0.11028450727462769,-0.9787877202033997,-0.09253701567649841,-0.11928709596395493,-1.4041647911071777,-0.16231630742549896,-0.11506007611751556,-1.677636742591858,-0.21426625549793243,-0.09344698488712311,-1.897920846939087,-0.24370601773262024,-0.24261784553527832,-0.8497559428215027,-0.139480859041214,-0.3291091322898865,-1.113649606704712,-0.1960637867450714,-0.37505462765693665,-1.3050788640975952,-0.21640701591968536,-0.39832013845443726,-1.476236343383789,-0.22593478858470917,0.0,0.0,0.0,0.00298433774150908,0.004994706716388464,0.004225537180900574,0.0036308225244283676,0.008978983387351036,0.007244130130857229,0.003937894012778997,0.011859388090670109,0.009718877263367176,0.005156864877790213,0.01294614002108574,0.012146631255745888,0.004904181696474552,0.002154635265469551,0.007193475496023893,0.003525488544255495,0.006657671183347702,0.011419092305004597,0.002579155145213008,0.007940363138914108,0.014412907883524895,0.002822336507961154,0.013832958415150642,0.01583278924226761,0.003751069540157914,0.00039338975329883397,0.006176068913191557,0.004973691422492266,0.0031448914669454098,0.0086829187348485,0.004637586418539286,0.005056963302195072,0.010915245860815048,0.004503122065216303,0.0076516373082995415,0.012692879885435104,0.0029798143077641726,0.002092674607411027,0.005469255615025759,0.004270236473530531,0.005408053286373615,0.007310035638511181,0.003923757467418909,0.007570941001176834,0.008870812132954597,0.00449368404224515,0.008978217840194702,0.010056531056761742,0.0021456764079630375,0.005469982512295246,0.005106133874505758,0.0039079152047634125,0.006991937290877104,0.006781612988561392,0.0037370396312326193,0.009522020816802979,0.008189508691430092,0.0040252357721328735,0.011743282899260521,0.009155059233307838
nada,0.0,0.0,0.0,0.2869958281517029,-0.1872674524784088,-0.11898726224899292,0.5090199708938599,-0.5596915483474731,-0.1753203421831131,0.6404706239700317,-0.9325350522994995,-0.2215460240840912,0.7477878928184509,-1.2361571788787842,-0.2728952467441559,0.3101907968521118,-0.8908658027648926,-0.14618262648582458,0.4073476791381836,-1.3216840028762817,-0.25926539301872253,0.4603704512119293,-1.5432994365692139,-0.3472725749015808,0.5026293992996216,-1.7028255462646484,-0.40420418977737427,0.12294203042984009,-0.9393872022628784,-0.14975284039974213,0.1725504845380783,-1.4267610311508179,-0.2418869286775589,0.20550040900707245,-1.7119266986846924,-0.3144075274467468,0.23183035850524902,-1.9256742000579834,-0.3711995482444763,-0.05640868470072746,-0.9034584164619446,-0.1675204336643219,-0.045313961803913116,-1.3597004413604736,-0.2654725909233093,-0.03535393625497818,-1.6286722421646118,-0.3231295943260193,-0.017641233280301094,-1.8446537256240845,-0.36433643102645874,-0.23044829070568085,-0.802457332611084,-0.19367298483848572,-0.2564622163772583,-1.1385751962661743,-0.2859953045845032,-0.2596450448036194,-1.3356616497039795,-0.3222372531890869,-0.2524251341819763,-1.509711503982544,-0.3458695113658905,0.0,0.0,0.0,0.1248171404004097,0.09054520726203918,0.06723032891750336,0.26987725496292114,0.19341160356998444,0.12342534959316254,0.3779379427433014,0.3403211832046509,0.17066983878612518,0.4522475004196167,0.4698445796966553,0.22367967665195465,0.23996305465698242,0.141689270734787,0.1811935007572174,0.2867377996444702,0.047659751027822495,0.2681022882461548,0.296631395816803,0.16810114681720734,0.32530057430267334,0.31145521998405457,0.310368150472641,0.3612210750579834,0.169468492269516,0.13108472526073456,0.18468409776687622,0.2283376157283783,0.04299075901508331,0.2581148147583008,0.24833351373672485,0.1649940311908722,0.2978256344795227,0.26979386806488037,0.28194642066955566,0.3360055088996887,0.11875654757022858,0.09188736975193024,0.18895061314105988,0.18427468836307526,0.11811792850494385,0.2591799795627594,0.2189500331878662,0.24158154428005219,0.2839098274707794,0.2540866732597351,0.3542020916938782,0.3076638877391815,0.11873860657215118,0.14078950881958008,0.1939600557088852,0.1513579934835434,0.25377029180526733,0.2612268328666687,0.1755381077528,0.3700234591960907,0.28502362966537476,0.19876082241535187,0.47146037220954895,0.3054165244102478
nada,0.0,0.0,0.0,0.124730184674263,-0.15731361508369446,-0.14625291526317596,0.14468763768672943,-0.4524748921394348,-0.19056203961372375,-0.025451263412833214,-0.6106367111206055,-0.2064189910888672,-0.17827844619750977,-0.7166243195533752,-0.2195301502943039,0.10248961299657822,-0.9757340550422668,-0.11472324281930923,0.16208244860172272,-1.3857309818267822,-0.17029868066310883,0.19757360219955444,-1.6356868743896484,-0.2125779688358307,0.22727294266223907,-1.8572442531585693,-0.2419745922088623,-0.02903696894645691,-0.9952308535575867,-0.09224432706832886,-0.02163069322705269,-1.4652987718582153,-0.13463352620601654,-0.012040659785270691,-1.7463527917861938,-0.17586800456047058,0.0018216930329799652,-1.9785979986190796,-0.19998745620250702,-0.13682514429092407,-0.9119523167610168,-0.08650805801153183,-0.19069337844848633,-1.288299322128296,-0.17531679570674896,-0.2074928730726242,-1.5519914627075195,-0.25637227296829224,-0.21674489974975586,-1.7916988134384155,-0.3048798441886902,-0.20984677970409393,-0.7432650923728943,-0.08973271399736404,-0.22287142276763916,-0.8913080096244812,-0.19452312588691711,-0.17690935730934143,-0.7247463464736938,-0.22616679966449738,-0.14211052656173706,-0.5453161001205444,-0.23521456122398376,0.0,0.0,0.0,0.002468378283083439,0.0038882435765117407,0.0081431083381176,0.004279594402760267,0.005040821153670549,0.009285302832722664,0.004876683931797743,0.009289075620472431,0.008966095745563507,0.006800505798310041,0.015112684108316898,0.009269766509532928,0.009659601375460625,0.0040072365663945675,0.006875781342387199,0.010818757116794586,0.0056289485655725,0.008244791068136692,0.012893928214907646,0.006177237257361412,0.00893162190914154,0.014458251185715199,0.009190438315272331,0.009367099031805992,0.010863276198506355,0.0008281407644972205,0.006670902483165264,0.013358347117900848,0.008574272505939007,0.009405096992850304,0.014821219258010387,0.012874859385192394,0.008942613378167152,0.015555575489997864,0.01940123364329338,0.008360090665519238,0.009504741057753563,0.0035144805442541838,0.007815556600689888,0.012216014787554741,0.005255941301584244,0.01008366234600544,0.013606810010969639,0.007281649857759476,0.008039161562919617,0.014101153239607811,0.01143045723438263,0.007206819485872984,0.007634644862264395,0.008896810002624989,0.00910069141536951,0.01077469252049923,0.013349165208637714,0.009146305732429028,0.011423648335039616,0.01558547280728817,0.007319401018321514,0.009823198430240154,0.016834301874041557,0.007954119704663754
nada,0.0,0.0,0.0,0.14516271650791168,-0.2879329323768616,-0.04972080886363983,0.2121410071849823,-0.5948089361190796,-0.10449066013097763,0.17338837683200836,-0.7438782453536987,-0.17019423842430115,0.09579750150442123,-0.774400532245636,-0.22852273285388947,0.035197556018829346,-1.0463253259658813,-0.08037292957305908,0.09314718097448349,-1.4814708232879639,-0.17434938251972198,0.12021514028310776,-1.7641998529434204,-0.2282470166683197,0.13208402693271637,-1.9912283420562744,-0.25704044103622437,-0.07177519798278809,-0.9886829257011414,-0.12481872737407684,-0.060611993074417114,-1.4808189868927002,-0.24386470019817352,-0.057074904441833496,-1.801221251487732,-0.3063744604587555,-0.06396031379699707,-2.0580334663391113,-0.32979080080986023,-0.1394905298948288,-0.839755654335022,-0.17330151796340942,0.03333805128931999,-0.9693392515182495,-0.30814677476882935,0.09374560415744781,-0.7419513463973999,-0.31630033254623413,0.090805284678936,-0.5900854468345642,-0.27939146757125854,-0.16688987612724304,-0.6463865041732788,-0.22662675380706787,-0.0028811381198465824,-0.721194863319397,-0.30754613876342773,0.060468703508377075,-0.5669748187065125,-0.2872762084007263,0.06506286561489105,-0.45544785261154175,-0.2473718225955963,0.0,0.0,0.0,0.029343746602535248,0.07260049879550934,0.05776495113968849,0.04307254031300545,0.0766981765627861,0.059556372463703156,0.08704310655593872,0.09507416188716888,0.05257927253842354,0.14695776998996735,0.13222847878932953,0.050749797374010086,0.0625181496143341,0.022427871823310852,0.01748672127723694,0.0703018307685852,0.05292750149965286,0.026867924258112907,0.07904175668954849,0.07614992558956146,0.0329945869743824,0.08864179998636246,0.09734884649515152,0.038593560457229614,0.016873592510819435,0.005575262475758791,0.03819190710783005,0.05647959187626839,0.02088305354118347,0.061612818390131,0.0833282321691513,0.04266849905252457,0.06677365303039551,0.10291825979948044,0.06064607948064804,0.07220461219549179,0.05722074955701828,0.015546046197414398,0.06056080386042595,0.15637724101543427,0.06344175338745117,0.050287988036870956,0.13393883407115936,0.06938637793064117,0.027987323701381683,0.09631551057100296,0.07887377589941025,0.024020448327064514,0.12251236289739609,0.016521377488970757,0.08259259909391403,0.2027503103017807,0.047194745391607285,0.06282530725002289,0.17401355504989624,0.049360599368810654,0.046683840453624725,0.1285814791917801,0.05600440502166748,0.04198992997407913
nada,0.0,0.0,0.0,0.14154648780822754,-0.19985917210578918,-0.14516225457191467,0.16416887938976288,-0.5082194209098816,-0.21051402390003204,-0.021311072632670403,-0.5963327288627625,-0.2650471031665802,-0.18205030262470245,-0.6535166501998901,-0.30985555052757263,0.09596985578536987,-1.0166957378387451,-0.1028277724981308,0.17318926751613617,-1.3881248235702515,-0.19944404065608978,0.22156210243701935,-1.646226167678833,-0.2600423991680145,0.26061099767684937,-1.849914312362671,-0.29270535707473755,-0.05400504916906357,-0.9937177896499634,-0.0975770503282547,-0.13164286315441132,-1.437491536140442,-0.20563070476055145,-0.16167506575584412,-1.726453423500061,-0.2681962251663208,-0.18424896895885468,-1.9582220315933228,-0.29086166620254517,-0.16768118739128113,-0.8569614291191101,-0.11140326410531998,-0.2030673325061798,-0.9267821311950684,-0.2769548296928406,-0.12403839826583862,-0.6769129037857056,-0.31662577390670776,-0.07748107612133026,-0.5165950655937195,-0.2900126874446869,-0.26007750630378723,-0.6726939678192139,-0.13452430069446564,-0.26794999837875366,-0.7243443131446838,-0.25568947196006775,-0.1989160031080246,-0.5454318523406982,-0.25956326723098755,-0.1584971696138382,-0.42804718017578125,-0.22958481311798096,0.0,0.0,0.0,0.0030193538405001163,0.005821973085403442,0.010331613011658192,0.006339774001389742,0.007138074841350317,0.014962638728320599,0.006651096511632204,0.008671995252370834,0.017610209062695503,0.006633477285504341,0.009938680566847324,0.019910192117094994,0.003964497707784176,0.0020543555729091167,0.011379426345229149,0.004162649158388376,0.0051036495715379715,0.015590192750096321,0.00489538349211216,0.006407278124243021,0.018047446385025978,0.005441920831799507,0.007924231700599194,0.019617510959506035,0.0035137718077749014,0.0007779955049045384,0.008620597422122955,0.003147907555103302,0.0033330158330500126,0.012981538660824299,0.0038168784230947495,0.006261584348976612,0.014910721220076084,0.004771890584379435,0.010194586589932442,0.01593526266515255,0.0031380588188767433,0.0019569683354347944,0.00733925262466073,0.003557747695595026,0.011813710443675518,0.012519612908363342,0.004109688103199005,0.01434310618788004,0.014331824146211147,0.004337452817708254,0.013784990645945072,0.014686510898172855,0.0036255531013011932,0.004778667818754911,0.007128758355975151,0.0035369654651731253,0.010013173334300518,0.01131777185946703,0.0034523052163422108,0.014133080840110779,0.013002686202526093,0.0034680115059018135,0.01485323067754507,0.013957289047539234
nada,0.0,0.0,0.0,0.12899485230445862,-0.19219456613063812,-0.10378823429346085,0.15895088016986847,-0.49142998456954956,-0.15008221566677094,-0.002704895567148924,-0.6400316953659058,-0.1907459944486618,-0.15052354335784912,-0.7305930852890015,-0.2265750914812088,0.10857982933521271,-0.9974343180656433,-0.0714871734380722,0.1669360250234604,-1.4110500812530518,-0.14234541356563568,0.20385845005512238,-1.6679624319076538,-0.189899742603302,0.22897043824195862,-1.877600908279419,-0.21798212826251984,-0.02980673871934414,-0.9960540533065796,-0.07475320994853973,-0.052010320127010345,-1.4582017660140991,-0.1445152461528778,-0.05699196457862854,-1.737823486328125,-0.19249552488327026,-0.06364249438047409,-1.9569151401519775,-0.21513104438781738,-0.1385413110256195,-0.8821994662284851,-0.09157007187604904,-0.18458515405654907,-1.1202757358551025,-0.20460548996925354,-0.14571337401866913,-1.0446805953979492,-0.24539582431316376,-0.12190252542495728,-0.9796225428581238,-0.24313263595104218,-0.22373509407043457,-0.6993900537490845,-0.11513106524944305,-0.2333216667175293,-0.8187121152877808,-0.2136053740978241,-0.1764390766620636,-0.6828896999359131,-0.22350017726421356,-0.1374555379152298,-0.5550402402877808,-0.20749016106128693,0.0,0.0,0.0,0.007265246473252773,0.016915271058678627,0.007316759787499905,0.012280800379812717,0.026242807507514954,0.014117609709501266,0.02352181449532509,0.041743505746126175,0.02439422346651554,0.033598050475120544,0.06113965064287186,0.033551447093486786,0.028039246797561646,0.023571832105517387,0.016481464728713036,0.031986940652132034,0.032686498016119,0.03270275518298149,0.035471606999635696,0.049815233796834946,0.03900951147079468,0.03782361000776291,0.056346312165260315,0.037410300225019455,0.030705027282238007,0.0023258391302078962,0.02124946005642414,0.05324798449873924,0.03154397010803223,0.042494043707847595,0.06056377291679382,0.06406933814287186,0.049487754702568054,0.06408433616161346,0.09463594108819962,0.04595746472477913,0.028361376374959946,0.03175675496459007,0.027095315977931023,0.028479469940066338,0.15496797859668732,0.05437145754694939,0.04916883260011673,0.32229265570640564,0.04887964949011803,0.07363977283239365,0.45785149931907654,0.04175899550318718,0.02733912505209446,0.05383770167827606,0.033254265785217285,0.03473637253046036,0.10402674227952957,0.03791775926947594,0.027975019067525864,0.12903578579425812,0.027630534023046494,0.023816782981157303,0.1222020760178566,0.025202952325344086
nada,0.0,0.0,0.0,0.16660457849502563,-0.2842455506324768,-0.049809835851192474,0.26885414123535156,-0.6281206011772156,-0.10885739326477051,0.3575073480606079,-0.855704665184021,-0.180195152759552,0.4635898172855377,-1.0374345779418945,-0.2495727241039276,0.011448757722973824,-1.052356243133545,-0.040380965918302536,0.14812929928302765,-1.2319371700286865,-0.1651424765586853,0.26265421509742737,-1.2976024150848389,-0.24784238636493683,0.3699377775192261,-1.324812889099121,-0.29309773445129395,-0.10542182624340057,-0.9902311563491821,-0.07423628866672516,0.12536509335041046,-1.0044963359832764,-0.22926700115203857,0.1678297519683838,-0.6518367528915405,-0.2667362093925476,0.14591273665428162,-0.4735056459903717,-0.25670143961906433,-0.19266438484191895,-0.8467745780944824,-0.12247206270694733,0.03636210784316063,-0.81745845079422,-0.2741425037384033,0.07469335943460464,-0.5078006982803345,-0.253553569316864,0.042249687016010284,-0.3885055482387543,-0.19897279143333435,-0.26386934518814087,-0.6602206826210022,-0.17595206201076508,-0.07530126720666885,-0.6865594387054443,-0.266851544380188,-0.021630380302667618,-0.4857771396636963,-0.23704500496387482,-0.044792283326387405,-0.39993900060653687,-0.18811626732349396,0.0,0.0,0.0,0.023260951042175293,0.024998554959893227,0.0260912012308836,0.03843068704009056,0.02558772824704647,0.038823455572128296,0.036251265555620193,0.021373534575104713,0.05151813104748726,0.022171692922711372,0.05451361462473869,0.06257549673318863,0.06098032742738724,0.013959793373942375,0.013147976249456406,0.03287098929286003,0.12182173132896423,0.022690001875162125,0.04233035445213318,0.14692911505699158,0.024966202676296234,0.05069936439394951,0.12069357186555862,0.025340337306261063,0.05197763815522194,0.0047160424292087555,0.009674048982560635,0.02499755471944809,0.15691198408603668,0.022419115528464317,0.02174331806600094,0.14486224949359894,0.021821478381752968,0.03328564763069153,0.1663004606962204,0.019091278314590454,0.031819574534893036,0.02201303467154503,0.015520388260483742,0.03293873369693756,0.13832662999629974,0.027504870668053627,0.0290963277220726,0.12838055193424225,0.020865049213171005,0.0442148894071579,0.1549643725156784,0.01708722673356533,0.009282891638576984,0.041370689868927,0.023455791175365448,0.03854195773601532,0.10407000035047531,0.025100339204072952,0.03477418050169945,0.09056532382965088,0.01852540485560894,0.04610437527298927,0.10021163523197174,0.016586048528552055
nada,0.0,0.0,0.0,0.20343022048473358,-0.20500139892101288,-0.07844085991382599,0.33758020401000977,-0.526938796043396,-0.10252821445465088,0.38515180349349976,-0.8351613879203796,-0.12318786233663559,0.43128886818885803,-1.0817151069641113,-0.14298471808433533,0.18380799889564514,-0.9570938348770142,-0.023898892104625702,0.2447894811630249,-1.3083938360214233,-0.08006654679775238,0.28403085470199585,-1.5167405605316162,-0.13272503018379211,0.318598210811615,-1.6890840530395508,-0.168350949883461,0.0562523789703846,-0.9969441294670105,-0.023854922503232956,0.08136609941720963,-1.4019074440002441,-0.0671035498380661,0.10190616548061371,-1.6390352249145508,-0.1126641035079956,0.12158258259296417,-1.8340013027191162,-0.14540575444698334,-0.06267712265253067,-0.9568357467651367,-0.03804497420787811,-0.05915635824203491,-1.3367960453033447,-0.08464433252811432,-0.04891791567206383,-1.5663186311721802,-0.11696004867553711,-0.0321822315454483,-1.7594600915908813,-0.1384482979774475,-0.18331877887248993,-0.8447687029838562,-0.061221908777952194,-0.20343053340911865,-1.132293462753296,-0.1059250459074974,-0.20098428428173065,-1.3215123414993286,-0.12260115146636963,-0.1903662383556366,-1.4958751201629639,-0.13085636496543884,0.0,0.0,0.0,0.014507298357784748,0.016237374395132065,0.016027577221393585,0.025317415595054626,0.03337258845567703,0.021277539432048798,0.03250492364168167,0.050507690757513046,0.024051813408732414,0.03462650254368782,0.06034206971526146,0.0264896210283041,0.03585294634103775,0.02071218378841877,0.02296953834593296,0.05732554942369461,0.023049889132380486,0.03610282763838768,0.07537983357906342,0.03140196204185486,0.0421626977622509,0.09283819794654846,0.04194438457489014,0.04529007151722908,0.037635497748851776,0.002403166377916932,0.030772721394896507,0.06582415848970413,0.03086191788315773,0.04477628320455551,0.08560658991336823,0.052102673798799515,0.05032791942358017,0.10178256779909134,0.08017856627702713,0.053630851209163666,0.03765411302447319,0.013948473148047924,0.03798642009496689,0.05977323651313782,0.0366380512714386,0.04925243929028511,0.07675375789403915,0.0550299771130085,0.05440891161561012,0.09238527715206146,0.0767703726887703,0.057860132306814194,0.035207655280828476,0.02815367467701435,0.04420754685997963,0.05309457704424858,0.04080520570278168,0.05073016509413719,0.0756838470697403,0.044287025928497314,0.05219436064362526,0.10114769637584686,0.0463099330663681,0.054019007831811905
nada,0.0,0.0,0.0,0.2189832627773285,-0.1593562662601471,-0.19025933742523193,0.3080417513847351,-0.4727606773376465,-0.29695072770118713,0.18135328590869904,-0.6265332698822021,-0.3912132680416107,0.021832725033164024,-0.76530921459198,-0.4754796028137207,0.18269173800945282,-1.030353307723999,-0.1621381640434265,0.16991642117500305,-1.3798248767852783,-0.28114017844200134,0.13626453280448914,-1.646855115890503,-0.3473888635635376,0.08667483925819397,-1.8504161834716797,-0.3855453133583069,0.03642995283007622,-0.9850004315376282,-0.16698229312896729,0.07219215482473373,-1.46744704246521,-0.3111319839954376,0.10514897108078003,-1.7319139242172241,-0.3691038489341736,0.11246172338724136,-1.9303970336914062,-0.37915247678756714,-0.0978768989443779,-0.8715286254882812,-0.19952918589115143,-0.04995041713118553,-1.0373919010162354,-0.4118187427520752,0.014590300619602203,-0.6955406665802002,-0.44246262311935425,0.036994658410549164,-0.5113586187362671,-0.4017670750617981,-0.22612929344177246,-0.7322590351104736,-0.24675922095775604,-0.1448434293270111,-0.7920963764190674,-0.4036180078983307,-0.07420037686824799,-0.5680831670761108,-0.41528090834617615,-0.05352248623967171,-0.4628140926361084,-0.39101913571357727,0.0,0.0,0.0,0.009141889400780201,0.006810095626860857,0.012847159057855606,0.011452200822532177,0.012446156702935696,0.02824976108968258,0.014467984437942505,0.023269474506378174,0.04476483538746834,0.012293091975152493,0.030275894328951836,0.06158871203660965,0.006834111642092466,0.009186577051877975,0.019111502915620804,0.009288350120186806,0.01298772543668747,0.030801016837358475,0.010081198997795582,0.02228151448071003,0.03610672801733017,0.011318554170429707,0.022953251376748085,0.0388091541826725,0.004915038123726845,0.0038492102175951004,0.022915318608283997,0.006844419054687023,0.0070426990278065205,0.0362253338098526,0.007217796053737402,0.012154257856309414,0.03979424014687538,0.008304236456751823,0.021554239094257355,0.04053924232721329,0.004676577169448137,0.007383101154118776,0.02900506928563118,0.0072452533058822155,0.025340931490063667,0.041939400136470795,0.008664724417030811,0.029025541618466377,0.04467510059475899,0.008873095735907555,0.022321514785289764,0.04494723677635193,0.00474744476377964,0.005558164324611425,0.036636218428611755,0.007494546007364988,0.02562800794839859,0.044843412935733795,0.008888421580195427,0.024989495053887367,0.04867952689528465,0.009206091053783894,0.013652549125254154,0.051572758704423904
nada,0.0,0.0,0.0,0.17596600949764252,-0.2404364049434662,-0.08708874881267548,0.283734530210495,-0.5867843627929688,-0.12294833362102509,0.3273973762989044,-0.8808472752571106,-0.15648628771305084,0.3421326279640198,-1.093658447265625,-0.18667611479759216,0.03976790979504585,-1.0150306224822998,-0.050336189568042755,0.03916335478425026,-1.3974146842956543,-0.12334165722131729,0.053898055106401443,-1.5472686290740967,-0.1821155995130539,0.07528377324342728,-1.6039752960205078,-0.2139759361743927,-0.09878820180892944,-0.9934362173080444,-0.05014762282371521,-0.1456318497657776,-1.4168171882629395,-0.10914541780948639,-0.1442941278219223,-1.5706870555877686,-0.1558380424976349,-0.13179191946983337,-1.6258004903793335,-0.18151047825813293,-0.2145184576511383,-0.8876504898071289,-0.06448744237422943,-0.28830257058143616,-1.2613914012908936,-0.12383788824081421,-0.2946484088897705,-1.392363429069519,-0.15756896138191223,-0.2829824984073639,-1.4462076425552368,-0.1724657416343689,-0.3167618215084076,-0.7125897407531738,-0.08777099847793579,-0.4018384516239166,-0.9778439402580261,-0.14179286360740662,-0.4176025390625,-1.0824005603790283,-0.15964816510677338,-0.41318923234939575,-1.1347147226333618,-0.16293568909168243,0.0,0.0,0.0,0.003920208662748337,0.020120728760957718,0.009116706438362598,0.004134828224778175,0.022658612579107285,0.01213898602873087,0.014595267362892628,0.02923913113772869,0.014131653122603893,0.07083676755428314,0.05337526649236679,0.018343929201364517,0.007185865193605423,0.010497281327843666,0.02380175143480301,0.03612525761127472,0.032992079854011536,0.030667081475257874,0.03539367765188217,0.10978652536869049,0.03788580372929573,0.027661480009555817,0.2693811357021332,0.03928611800074577,0.00653370376676321,0.0009020353318192065,0.027696959674358368,0.02747047320008278,0.03628620132803917,0.03908776119351387,0.01519992109388113,0.14326103031635284,0.04545421153306961,0.02021101489663124,0.3214204013347626,0.04751334711909294,0.006497410126030445,0.0035711328964680433,0.030514728277921677,0.011654727160930634,0.029525352641940117,0.04030907526612282,0.019877558574080467,0.1371447741985321,0.04589598625898361,0.05338192731142044,0.3035542964935303,0.050601646304130554,0.009849382564425468,0.004699682351201773,0.0331994891166687,0.01165191363543272,0.01993711106479168,0.04222720488905907,0.024372262880206108,0.08483771234750748,0.04931708425283432,0.06369112432003021,0.21248294413089752,0.055406294763088226
nada,0.0,0.0,0.0,0.15468856692314148,-0.22747322916984558,-0.1289181262254715,0.19901522994041443,-0.5476866960525513,-0.17907774448394775,0.024036578834056854,-0.6728254556655884,-0.2143484652042389,-0.13270209729671478,-0.6711226105690002,-0.24812600016593933,0.10740572214126587,-1.0006191730499268,-0.07795186340808868,0.09577753394842148,-1.4017305374145508,-0.13670866191387177,0.08526728302240372,-1.6538597345352173,-0.19263161718845367,0.0701608806848526,-1.8704944849014282,-0.23319149017333984,-0.02805955708026886,-0.997658908367157,-0.061997395008802414,-0.03316669166088104,-1.439252495765686,-0.10770096629858017,-0.033610742539167404,-1.725252389907837,-0.16432471573352814,-0.03508244827389717,-1.9604145288467407,-0.20616774260997772,-0.14080651104450226,-0.9203771352767944,-0.06330204010009766,-0.1601734459400177,-1.3179377317428589,-0.1116679459810257,-0.15856167674064636,-1.5788052082061768,-0.17056380212306976,-0.15516306459903717,-1.7875505685806274,-0.2098863124847412,-0.2457713782787323,-0.7845301628112793,-0.07736514508724213,-0.27023956179618835,-1.087645411491394,-0.11485874652862549,-0.2772653102874756,-1.283913254737854,-0.14129500091075897,-0.2805768847465515,-1.4654209613800049,-0.16187043488025665,0.0,0.0,0.0,0.0025940188206732273,0.003810848807916045,0.009458034299314022,0.003571087261661887,0.002580507891252637,0.013034546747803688,0.004122068174183369,0.005185004323720932,0.015103057958185673,0.004824057221412659,0.004915416706353426,0.01707211695611477,0.002730718581005931,0.002931030699983239,0.00739244231954217,0.0026920672971755266,0.007442982867360115,0.009485660120844841,0.002986031584441662,0.008525555022060871,0.011376120150089264,0.003355174558237195,0.009808364324271679,0.012930668890476227,0.0022498886100947857,0.00039154390105977654,0.006368841510266066,0.0027726360131055117,0.00431364681571722,0.009089999832212925,0.0030750297009944916,0.0066923596896231174,0.01092104334384203,0.0032250697258859873,0.008755454793572426,0.01283468957990408,0.00158604234457016,0.0021296886261552572,0.007235580589622259,0.0024628592655062675,0.0031264028511941433,0.009529669769108295,0.003057523164898157,0.004823841620236635,0.011049775406718254,0.0037559678312391043,0.006966767832636833,0.01324456837028265,0.002073978539556265,0.0064527601934969425,0.008582311682403088,0.0036234697327017784,0.008608726784586906,0.010373618453741074,0.004448432009667158,0.008070597425103188,0.011211800388991833,0.004743939731270075,0.007554295938462019,0.01260493602603674
nada,0.0,0.0,0.0,0.20318393409252167,-0.35151737928390503,-0.09751352667808533,0.21253705024719238,-0.8501248359680176,-0.14185531437397003,0.19963273406028748,-1.2282160520553589,-0.19184747338294983,0.28732022643089294,-1.483041524887085,-0.2264987677335739,0.06853516399860382,-1.0902820825576782,-0.07307963073253632,0.08688755333423615,-1.2794655561447144,-0.27691709995269775,0.12244690954685211,-0.9795550107955933,-0.38356906175613403,0.15151628851890564,-0.7169297337532043,-0.41633906960487366,-0.07888348400592804,-0.993211567401886,-0.08241573721170425,-0.03624454885721207,-1.0848562717437744,-0.3314717710018158,0.025582849979400635,-0.6819858551025391,-0.38792598247528076,0.0688418298959732,-0.39463189244270325,-0.364086776971817,-0.21031911671161652,-0.8751050233840942,-0.12274880707263947,-0.160198375582695,-0.8965295553207397,-0.353654682636261,-0.0777416080236435,-0.5464028120040894,-0.3488328754901886,-0.028476038947701454,-0.31394603848457336,-0.2769622206687927,-0.3423309028148651,-0.7613504528999329,-0.17102934420108795,-0.32965123653411865,-0.8783822059631348,-0.31557464599609375,-0.25067225098609924,-0.6652394533157349,-0.31299376487731934,-0.1926388144493103,-0.5160449743270874,-0.267240971326828,0.0,0.0,0.0,0.009391065686941147,0.012729611247777939,0.008851545862853527,0.006780249997973442,0.018023479729890823,0.01640186458826065,0.006328053306788206,0.02280930057168007,0.022825924679636955,0.007941839285194874,0.02603037655353546,0.029431123286485672,0.0051193940453231335,0.005657510366290808,0.021578356623649597,0.0075818318873643875,0.02635852061212063,0.03666728734970093,0.007855190895497799,0.025086842477321625,0.045558150857686996,0.007705084513872862,0.023358996957540512,0.050485581159591675,0.004377324134111404,0.0018138696905225515,0.022211626172065735,0.0061354199424386024,0.029993537813425064,0.04319975897669792,0.006666242610663176,0.026301786303520203,0.05126608535647392,0.006950681563466787,0.024710828438401222,0.05408173426985741,0.0046600475907325745,0.002851994475349784,0.024498945102095604,0.006356242578476667,0.028921497985720634,0.04287516325712204,0.006882825400680304,0.021140437573194504,0.0487574003636837,0.005858047399669886,0.017607809975743294,0.050180379301309586,0.004797196015715599,0.008093955926597118,0.027630647644400597,0.008624870330095291,0.027523184195160866,0.04194057732820511,0.007989057339727879,0.026883196085691452,0.04871518537402153,0.006621997337788343,0.02079862356185913,0.05185055360198021
nada,0.0,0.0,0.0,0.2116290032863617,-0.40123528242111206,-0.003920556046068668,0.4017609655857086,-0.6812427639961243,-0.03899575024843216,0.5506096482276917,-0.7969958782196045,-0.08383435755968094,0.664354681968689,-0.861327052116394,-0.13213111460208893,0.3606335520744324,-0.9422401189804077,-0.10216536372900009,0.5932120084762573,-1.064328670501709,-0.20378105342388153,0.7505857348442078,-1.0886640548706055,-0.26827916502952576,0.8737503290176392,-1.0917189121246338,-0.3064802289009094,0.29357102513313293,-0.7557755708694458,-0.16068097949028015,0.5620994567871094,-0.8352219462394714,-0.2478734701871872,0.7361723184585571,-0.8485752940177917,-0.29465627670288086,0.8689982295036316,-0.8447889089584351,-0.32565799355506897,0.22787714004516602,-0.49374333024024963,-0.21980705857276917,0.48163706064224243,-0.5262608528137207,-0.30679458379745483,0.6495544910430908,-0.5167132616043091,-0.3367515206336975,0.7808788418769836,-0.5055843591690063,-0.35210758447647095,0.16937264800071716,-0.18963655829429626,-0.27841463685035706,0.3583809733390808,-0.16956813633441925,-0.3487919569015503,0.4845203459262848,-0.14091773331165314,-0.35895615816116333,0.5889248847961426,-0.10615730285644531,-0.35849127173423767,0.0,0.0,0.0,0.10084300488233566,0.0796656534075737,0.029439620673656464,0.2737782597541809,0.20901618897914886,0.030517399311065674,0.411998450756073,0.41822588443756104,0.03600568324327469,0.49784961342811584,0.6103765368461609,0.04851023852825165,0.41968104243278503,0.26620957255363464,0.07699687778949738,0.655012845993042,0.5212201476097107,0.09849537163972855,0.76481693983078,0.6929181218147278,0.10006645321846008,0.8383172154426575,0.8344293236732483,0.09871856123209,0.4088422656059265,0.3755953013896942,0.0926128700375557,0.6659359335899353,0.6815885305404663,0.10834284871816635,0.7800441384315491,0.8761612772941589,0.10475052148103714,0.8544392585754395,1.0375226736068726,0.10413069278001785,0.37790873646736145,0.47268012166023254,0.10275350511074066,0.6197359561920166,0.7570160627365112,0.11405473947525024,0.7156135439872742,0.9272372126579285,0.11303719878196716,0.7777760624885559,1.059685230255127,0.11512742936611176,0.34038665890693665,0.5434891581535339,0.11084235459566116,0.5178775787353516,0.7487425804138184,0.11604686081409454,0.5856719613075256,0.8698126077651978,0.11352792382240295,0.6307415962219238,0.9681479334831238,0.11427623778581619
nada,0.0,0.0,0.0,0.2010994404554367,-0.2962661683559418,0.05083474516868591,0.31716442108154297,-0.5814956426620483,0.030704990029335022,0.4140737056732178,-0.7591416239738464,-0.02260725572705269,0.4544484615325928,-0.9226511716842651,-0.07284631580114365,0.025420915335416794,-1.0254294872283936,0.0487721711397171,0.1639399230480194,-1.3882609605789185,-0.03848931938409805,0.3275405168533325,-1.2948205471038818,-0.11262939125299454,0.41492319107055664,-1.1326491832733154,-0.14900121092796326,-0.02641843631863594,-0.9992355108261108,-0.0278021153062582,0.15675705671310425,-1.4282578229904175,-0.11171305179595947,0.3439098298549652,-1.2898024320602417,-0.1695137768983841,0.4246717393398285,-1.0795894861221313,-0.19383616745471954,-0.034270305186510086,-0.9411113858222961,-0.10788526386022568,0.12463988363742828,-1.3767201900482178,-0.17293259501457214,0.31482797861099243,-1.2716237306594849,-0.1880267858505249,0.4083836078643799,-1.0813448429107666,-0.1819000542163849,-0.0011910097673535347,-0.8415666818618774,-0.18680086731910706,0.11928009986877441,-1.1848883628845215,-0.22757312655448914,0.26331019401550293,-1.1826703548431396,-0.2247036248445511,0.3570273518562317,-1.085888147354126,-0.21158936619758606,0.0,0.0,0.0,0.002734022680670023,0.005115938372910023,0.004125902429223061,0.002348949434235692,0.004232669249176979,0.00696051400154829,0.0025127213448286057,0.005253181327134371,0.008898375555872917,0.004061588551849127,0.006714050658047199,0.010673195123672485,0.004769881721585989,0.001733125769533217,0.00800489541143179,0.004698249511420727,0.008092413656413555,0.010729682631790638,0.0046387724578380585,0.008457758463919163,0.011910762637853622,0.005225885193794966,0.008245750330388546,0.012288780882954597,0.003895964240655303,0.00019564684771467,0.006496296264231205,0.00467473641037941,0.006148675922304392,0.008958015590906143,0.004041192587465048,0.007219616789370775,0.009446180425584316,0.004462731070816517,0.008309484459459782,0.00955050066113472,0.002852792153134942,0.0020462204702198505,0.005197477992624044,0.004309903364628553,0.0060415430925786495,0.007021807599812746,0.003374914638698101,0.006697065196931362,0.007430709432810545,0.003932407591491938,0.008062918670475483,0.007484713569283485,0.0036310029681771994,0.004305086564272642,0.0043241726234555244,0.0035485653206706047,0.0076992264948785305,0.005754977930337191,0.0029286921489983797,0.006288841832429171,0.006808939389884472,0.00347066018730402,0.005794177763164043,0.007468591444194317
nada,0.0,0.0,0.0,0.24934060871601105,-0.2295508086681366,0.10219933837652206,0.404998242855072,-0.4205602705478668,0.09397700428962708,0.5495559573173523,-0.49324122071266174,0.044468484818935394,0.6868043541908264,-0.5153093338012695,-0.014720728620886803,0.16950826346874237,-1.014189600944519,0.07544013857841492,0.3535236418247223,-1.305364727973938,0.011892788112163544,0.5187758207321167,-1.3286664485931396,-0.048681002110242844,0.6512598991394043,-1.2747151851654053,-0.09136473387479782,0.11930903047323227,-0.9920360445976257,-0.038277219980955124,0.36054089665412903,-1.3540472984313965,-0.11091221868991852,0.5450706481933594,-1.35867178440094,-0.17048995196819305,0.6710731983184814,-1.2524725198745728,-0.20782306790351868,0.09882994741201401,-0.9062042236328125,-0.15050576627254486,0.32514387369155884,-1.2690566778182983,-0.2068166434764862,0.5125359892845154,-1.2974406480789185,-0.23638515174388885,0.6453918218612671,-1.2408618927001953,-0.2557063400745392,0.11568434536457062,-0.766124963760376,-0.25739604234695435,0.28662270307540894,-1.0370882749557495,-0.30088010430336,0.4212954640388489,-1.1352440118789673,-0.31357836723327637,0.5300841331481934,-1.166953682899475,-0.3224256932735443,0.0,0.0,0.0,0.00447611790150404,0.005956311244517565,0.011950409971177578,0.005032392684370279,0.006458454765379429,0.0173167884349823,0.005472335498780012,0.005767790600657463,0.020298585295677185,0.006247650366276503,0.006964703556150198,0.022361839190125465,0.007066935300827026,0.00519025232642889,0.014187230728566647,0.005509017035365105,0.009458360262215137,0.01806505024433136,0.0054977755062282085,0.008493631146848202,0.019536051899194717,0.005649283993989229,0.007893097586929798,0.01982630230486393,0.00672010937705636,0.0006848343182355165,0.010907482355833054,0.005760528147220612,0.007977630011737347,0.01436008233577013,0.006977040786296129,0.008632591925561428,0.014293814077973366,0.006468453444540501,0.009832479991018772,0.014079385437071323,0.004839011467993259,0.0053372858092188835,0.011271501891314983,0.005179237574338913,0.007462576497346163,0.013757861219346523,0.007316936273127794,0.009385816752910614,0.013651745393872261,0.00734726432710886,0.010305188596248627,0.013619859702885151,0.004629233386367559,0.009956679306924343,0.01404433324933052,0.006837773136794567,0.009954466484487057,0.01605912297964096,0.008667330257594585,0.010262970812618732,0.016705021262168884,0.009040690958499908,0.01005973108112812,0.01747834123671055
nada,0.0,0.0,0.0,0.21972326934337616,-0.16713446378707886,-0.09196516871452332,0.3586147129535675,-0.5281396508216858,-0.12027309834957123,0.33242031931877136,-0.8414880037307739,-0.144333615899086,0.31936246156692505,-1.0107730627059937,-0.15880367159843445,0.2764228284358978,-0.937376856803894,-0.01773112639784813,0.34773513674736023,-1.2333625555038452,-0.1125851720571518,0.35028785467147827,-1.182462453842163,-0.1723898947238922,0.35032254457473755,-1.1536279916763306,-0.19901539385318756,0.13289842009544373,-0.9903577566146851,-0.013765272684395313,0.20008528232574463,-1.324379563331604,-0.11055667698383331,0.20661184191703796,-1.242580771446228,-0.152737557888031,0.2106354981660843,-1.2181451320648193,-0.15899811685085297,-0.006830889731645584,-0.9745786786079407,-0.03017430007457733,0.03430626168847084,-1.2922221422195435,-0.12912510335445404,0.05307794362306595,-1.223992943763733,-0.13974452018737793,0.06344594806432724,-1.2204983234405518,-0.12169037014245987,-0.15407463908195496,-0.9038327932357788,-0.054441679269075394,-0.12256047874689102,-1.154868483543396,-0.12020757049322128,-0.0956382304430008,-1.110954999923706,-0.11443160474300385,-0.08160994946956635,-1.1074503660202026,-0.09330296516418457,0.0,0.0,0.0,0.039229873567819595,0.0180281400680542,0.006654160097241402,0.05874496325850487,0.07444588094949722,0.012562583200633526,0.1484908014535904,0.14182791113853455,0.01876470260322094,0.2709576189517975,0.2205020636320114,0.03130032867193222,0.031314920634031296,0.02165280468761921,0.02842172421514988,0.02512587234377861,0.05966898426413536,0.029092678800225258,0.035534102469682693,0.3105313181877136,0.033447470515966415,0.0765087679028511,0.49854397773742676,0.029528485611081123,0.01986384019255638,0.0022529468405991793,0.030665509402751923,0.025040866807103157,0.07865675538778305,0.042557649314403534,0.027760369703173637,0.3806302547454834,0.03815682232379913,0.06428708881139755,0.5704282522201538,0.031341467052698135,0.007561377249658108,0.004915252793580294,0.029085593298077583,0.012879516929388046,0.10554006695747375,0.04355150833725929,0.017488298937678337,0.38545000553131104,0.026659976691007614,0.04440639913082123,0.554654598236084,0.05420183017849922,0.017294201999902725,0.021965166553854942,0.029509998857975006,0.013998210430145264,0.054442714899778366,0.026159700006246567,0.010885823518037796,0.2408018410205841,0.03236688673496246,0.017322083935141563,0.37146198749542236,0.05572384223341942
nada,0.0,0.0,0.0,0.17921575903892517,-0.18054433166980743,-0.09251395612955093,0.2889074981212616,-0.47875314950942993,-0.13059693574905396,0.1497836410999298,-0.6937245726585388,-0.16093440353870392,-0.0023488595616072416,-0.7471418380737305,-0.1923454999923706,0.24058663845062256,-0.9149099588394165,-0.06485660374164581,0.3320302367210388,-1.2883546352386475,-0.12741641700267792,0.3804095983505249,-1.521510362625122,-0.1799445003271103,0.4186096787452698,-1.7228199243545532,-0.21718628704547882,0.10861015319824219,-0.9918003082275391,-0.06727460771799088,0.1850142776966095,-1.4136385917663574,-0.11636132001876831,0.23212842643260956,-1.678858995437622,-0.16375893354415894,0.27102869749069214,-1.8940629959106445,-0.19683849811553955,-0.011224469169974327,-0.9727344512939453,-0.08279414474964142,0.026630019769072533,-1.385525107383728,-0.13325004279613495,0.06263009458780289,-1.652950644493103,-0.17845335602760315,0.0973622053861618,-1.8739044666290283,-0.2077515423297882,-0.13429328799247742,-0.8735216856002808,-0.107495978474617,-0.1277838945388794,-1.1757580041885376,-0.14951571822166443,-0.10964038223028183,-1.3805707693099976,-0.16801926493644714,-0.085624098777771,-1.5677213668823242,-0.1802224963903427,0.0,0.0,0.0,0.0028482757043093443,0.0036617291625589132,0.0027923930902034044,0.004459940828382969,0.004420089069753885,0.003915704786777496,0.003686861600726843,0.0031753992661833763,0.0046254973858594894,0.0037001767195761204,0.004652677569538355,0.0050501651130616665,0.002538640983402729,0.002095505129545927,0.0028214219491928816,0.0028207304421812296,0.0033168045338243246,0.003606727346777916,0.0025880427565425634,0.004699565004557371,0.003818158060312271,0.002879941603168845,0.005956056993454695,0.003947846125811338,0.0022328735794872046,0.00024473818484693766,0.002253434620797634,0.0023512558545917273,0.003702655667439103,0.0032860133796930313,0.0020396714098751545,0.0054894741624593735,0.0038615905214101076,0.0020674467086791992,0.0064128548838198185,0.004379201214760542,0.0021160056348890066,0.002547596348449588,0.002406815532594919,0.0016697770915925503,0.0038656822871416807,0.003617864102125168,0.0019639015663415194,0.005006171762943268,0.004700485151261091,0.00288461078889668,0.007386893033981323,0.005631955340504646,0.0018251488218083978,0.004910295829176903,0.0028402451425790787,0.0021876515820622444,0.006579290609806776,0.004223122727125883,0.0020046341232955456,0.006606257054954767,0.005563489627093077,0.0026527701411396265,0.006623588502407074,0.0066818431951105595
nada,0.0,0.0,0.0,0.18220621347427368,-0.180687814950943,-0.08553224056959152,0.29186877608299255,-0.48482242226600647,-0.12019713968038559,0.1508079469203949,-0.696284830570221,-0.14806978404521942,-0.0008023073896765709,-0.7445188164710999,-0.17790181934833527,0.2342081367969513,-0.9189435243606567,-0.06120125576853752,0.3228737413883209,-1.2839432954788208,-0.12267401069402695,0.3732481598854065,-1.5143768787384033,-0.17404945194721222,0.4152621328830719,-1.712135910987854,-0.2106597125530243,0.10272016376256943,-0.9924713969230652,-0.06660449504852295,0.17642101645469666,-1.4102473258972168,-0.11490167677402496,0.22599902749061584,-1.6729354858398438,-0.16136054694652557,0.26838356256484985,-1.8882163763046265,-0.193945974111557,-0.016519710421562195,-0.9672058820724487,-0.08439088612794876,0.020742883905768394,-1.380910038948059,-0.1357833445072174,0.05800735205411911,-1.6501414775848389,-0.18161168694496155,0.0950530618429184,-1.8770391941070557,-0.2116110622882843,-0.1386098563671112,-0.861428439617157,-0.1103876456618309,-0.13453668355941772,-1.1616154909133911,-0.1547732651233673,-0.11478227376937866,-1.368504285812378,-0.17486721277236938,-0.08814679086208344,-1.5609495639801025,-0.18833181262016296,0.0,0.0,0.0,0.0021672830916941166,0.0036288185510784388,0.0026939408853650093,0.0034143386874347925,0.004360109567642212,0.003863321617245674,0.003612963482737541,0.003847364103421569,0.004639095161110163,0.0030353376641869545,0.005113811697810888,0.005454014986753464,0.002996484749019146,0.001811790163628757,0.0024785930290818214,0.003318595699965954,0.0030877648387104273,0.0035046408884227276,0.0032649277709424496,0.004482245072722435,0.0042531234212219715,0.0034470141399651766,0.006097163073718548,0.004873356781899929,0.0028349331114441156,0.0003715521888807416,0.0021226739045232534,0.0033498061820864677,0.0025061876513063908,0.0033176238648593426,0.0031229788437485695,0.0049530500546097755,0.004354950971901417,0.0035462721716612577,0.00653105927631259,0.005152089521288872,0.002633497817441821,0.001292760600335896,0.0024622429627925158,0.0025987031403928995,0.003086291253566742,0.003194197313860059,0.0022841349709779024,0.00484490767121315,0.00400468660518527,0.002501090755686164,0.0056545124389231205,0.004568953532725573,0.002279873238876462,0.0030701991636306047,0.0031254123896360397,0.0030456334352493286,0.004408219363540411,0.003511896124109626,0.003300969721749425,0.0056379796005785465,0.0041358815506100655,0.00333873787894845,0.005834135226905346,0.004680965561419725
nada,0.0,0.0,0.0,0.1787412315607071,-0.12770521640777588,-0.12975521385669708,0.31813934445381165,-0.42211586236953735,-0.2112646996974945,0.2210790365934372,-0.6682054400444031,-0.2883206903934479,0.07372192293405533,-0.8241944313049316,-0.3648528754711151,0.1983024626970291,-1.0212684869766235,-0.15198573470115662,0.23728401958942413,-1.5312936305999756,-0.2647497057914734,0.2563551068305969,-1.8373368978500366,-0.3303464353084564,0.26247984170913696,-2.0992431640625,-0.3706287741661072,0.04565676301717758,-0.9880977869033813,-0.14681115746498108,0.09565793722867966,-1.0646536350250244,-0.3276843726634979,0.10079517215490341,-0.6932011842727661,-0.3762332797050476,0.086629219353199,-0.4849490523338318,-0.36955708265304565,-0.08976064622402191,-0.9050002098083496,-0.15190806984901428,-0.05139172077178955,-0.9637587666511536,-0.33778196573257446,-0.015719730406999588,-0.5895804166793823,-0.3150380849838257,-0.009254955686628819,-0.38623911142349243,-0.24979272484779358,-0.2241424024105072,-0.7904775142669678,-0.16487807035446167,-0.20063500106334686,-0.9737148284912109,-0.28929370641708374,-0.1396854966878891,-0.7196953892707825,-0.2520659565925598,-0.1093459501862526,-0.5346471071243286,-0.18875223398208618,0.0,0.0,0.0,0.0011963205179199576,0.007397996261715889,0.005114277824759483,0.00378746772184968,0.005369666498154402,0.00865366030484438,0.0052169254049658775,0.0041585927829146385,0.01185249537229538,0.005722853820770979,0.005868930835276842,0.014961513690650463,0.0033796103671193123,0.0030973292887210846,0.004780191462486982,0.005549386143684387,0.0053039132617414,0.008000532165169716,0.00795675441622734,0.0072447615675628185,0.010155867785215378,0.01043096836656332,0.00884544849395752,0.011311388574540615,0.0035567269660532475,0.0005284856306388974,0.0034223280381411314,0.005648045800626278,0.007809499278664589,0.008012250997126102,0.003745418507605791,0.009954175911843777,0.010250049643218517,0.0024690283462405205,0.009082331322133541,0.010659032501280308,0.0034982047509402037,0.0013820906169712543,0.0027476688846945763,0.005101583432406187,0.004700380843132734,0.00690220482647419,0.003361876355484128,0.004210674669593573,0.008506188169121742,0.0019131823210045695,0.006199425086379051,0.008269508369266987,0.003521612612530589,0.003314067143946886,0.0024910476058721542,0.004379655700176954,0.004959535785019398,0.005390601698309183,0.0038981460966169834,0.0052349320612847805,0.00728543009608984,0.0032541791442781687,0.0064091673120856285,0.007906726561486721
nada,0.0,0.0,0.0,0.1527072787284851,-0.3986668884754181,-0.05394473671913147,0.26179835200309753,-0.7419262528419495,-0.09672127664089203,0.3306581974029541,-0.9331713914871216,-0.14083245396614075,0.3723984360694885,-1.0651265382766724,-0.18738281726837158,0.09587244689464569,-1.013070821762085,-0.10161278396844864,0.20801007747650146,-1.1945555210113525,-0.20168617367744446,0.28496700525283813,-1.2729264497756958,-0.27116185426712036,0.34184110164642334,-1.3347088098526,-0.31234633922576904,-0.002707031322643161,-0.8847578167915344,-0.12953393161296844,0.12727203965187073,-1.0195024013519287,-0.21681079268455505,0.20238924026489258,-1.0742210149765015,-0.26250237226486206,0.2546834647655487,-1.1285587549209595,-0.2908209562301636,-0.08184419572353363,-0.6750463843345642,-0.16590464115142822,0.030416477471590042,-0.7819873690605164,-0.25142142176628113,0.09178833663463593,-0.8289437294006348,-0.27699071168899536,0.1356412172317505,-0.8820165395736694,-0.286085307598114,-0.14522090554237366,-0.41065889596939087,-0.2074340134859085,-0.06995180249214172,-0.4826951026916504,-0.2752684950828552,-0.01653815247118473,-0.5222936868667603,-0.285597026348114,0.027912795543670654,-0.5662793517112732,-0.2838563621044159,0.0,0.0,0.0,0.07993023097515106,0.10164042562246323,0.04045455530285835,0.24582327902317047,0.16934803128242493,0.0671849250793457,0.41088876128196716,0.31007120013237,0.0992652177810669,0.5450274348258972,0.47193682193756104,0.1373702734708786,0.3930433988571167,0.09067701548337936,0.13322649896144867,0.6339781284332275,0.34101948142051697,0.18229985237121582,0.7585527300834656,0.5449758768081665,0.20266121625900269,0.847337007522583,0.7255784869194031,0.21245941519737244,0.3981490135192871,0.14148379862308502,0.14790871739387512,0.6740419268608093,0.4688975214958191,0.19203351438045502,0.8084009885787964,0.7276589274406433,0.19080734252929688,0.9003248810768127,0.9461508989334106,0.18740499019622803,0.39468851685523987,0.2330137938261032,0.15650838613510132,0.6646246910095215,0.5480554699897766,0.1933642327785492,0.7898826003074646,0.7961517572402954,0.1829298585653305,0.8694010376930237,1.0021123886108398,0.1700023114681244,0.3904927372932434,0.31301870942115784,0.16334939002990723,0.6019956469535828,0.549572229385376,0.18330565094947815,0.7031174898147583,0.7338522672653198,0.1742377132177353,0.7729451060295105,0.896561861038208,0.1633133590221405
nada,0.0,0.0,0.0,0.1690574288368225,-0.16968104243278503,-0.09093402326107025,0.29616543650627136,-0.36059626936912537,-0.16173407435417175,0.39483487606048584,-0.5370268225669861,-0.2341972291469574,0.4241577982902527,-0.7316693663597107,-0.2999878525733948,0.1683957874774933,-0.8877272605895996,-0.07839005440473557,0.29292821884155273,-1.0866916179656982,-0.2219967097043991,0.3611387312412262,-0.9958341717720032,-0.3362925350666046,0.3948422968387604,-0.8418571352958679,-0.3918665051460266,0.047643475234508514,-0.9940928220748901,-0.09732787311077118,0.11625248193740845,-1.417130708694458,-0.18287892639636993,0.1783866286277771,-1.6910512447357178,-0.24967212975025177,0.2325681895017624,-1.9254138469696045,-0.29385194182395935,-0.08610822260379791,-0.9732626080513,-0.13853952288627625,-0.09464023262262344,-1.4063613414764404,-0.2247786819934845,-0.089649498462677,-1.683997392654419,-0.28877198696136475,-0.06863804161548615,-1.9163116216659546,-0.3258557915687561,-0.21611109375953674,-0.8402804136276245,-0.18813276290893555,-0.305631160736084,-1.129211664199829,-0.2525213062763214,-0.3446691632270813,-1.3317087888717651,-0.2782443165779114,-0.35971778631210327,-1.523118257522583,-0.2916872799396515,0.0,0.0,0.0,0.0018384202849119902,0.00208888272754848,0.004212153609842062,0.0030264516826719046,0.004521000664681196,0.006502846255898476,0.0040978663600981236,0.005794074852019548,0.008176545612514019,0.004737337585538626,0.006334675941616297,0.009773967787623405,0.003444745671004057,0.0016852135304361582,0.005388082470744848,0.00382433645427227,0.0026611106004565954,0.007932287640869617,0.004730811808258295,0.0063408841378986835,0.009550538845360279,0.00533577473834157,0.009561947546899319,0.01039210706949234,0.00388858700171113,0.0003527439839672297,0.0046235849149525166,0.005381864029914141,0.0025612725876271725,0.006727295462042093,0.004008919931948185,0.003836956573650241,0.007591085974127054,0.0034217494539916515,0.004909428767859936,0.008192025125026703,0.004274630453437567,0.0029292081017047167,0.004457839764654636,0.005954174790531397,0.003252366092056036,0.006217321380972862,0.005749397911131382,0.003735243109986186,0.007026722654700279,0.005686154589056969,0.006393225863575935,0.007530677132308483,0.004063202068209648,0.005671479739248753,0.004497850779443979,0.005730712320655584,0.0045560612343251705,0.005896509159356356,0.00577864795923233,0.004007233772426844,0.006574984174221754,0.005699735600501299,0.004860633052885532,0.007068165112286806
nada,0.0,0.0,0.0,0.2172127664089203,-0.19120867550373077,-0.07288753986358643,0.3579478859901428,-0.521152138710022,-0.10273487865924835,0.4351310729980469,-0.8215658068656921,-0.13045957684516907,0.5124332308769226,-1.0635217428207397,-0.16143016517162323,0.21220152080059052,-0.9478635787963867,-0.05402413755655289,0.2900974154472351,-1.3013404607772827,-0.13330447673797607,0.3574824333190918,-1.5041186809539795,-0.1988280713558197,0.4223088324069977,-1.6686828136444092,-0.2419859617948532,0.08922947198152542,-0.9907031059265137,-0.06854753196239471,0.14548127353191376,-1.423447608947754,-0.1352357417345047,0.1999504566192627,-1.6889383792877197,-0.19308996200561523,0.2529681324958801,-1.9113203287124634,-0.23323015868663788,-0.033352408558130264,-0.936855137348175,-0.09615997970104218,-0.006014091428369284,-1.364415168762207,-0.17040249705314636,0.02509787306189537,-1.630602478981018,-0.219004824757576,0.06679151952266693,-1.8600482940673828,-0.24956265091896057,-0.16215382516384125,-0.808097243309021,-0.12975062429904938,-0.16368284821510315,-1.1100118160247803,-0.20088450610637665,-0.14117291569709778,-1.306106448173523,-0.22966960072517395,-0.10589800029993057,-1.486350178718567,-0.24538874626159668,0.0,0.0,0.0,0.017159830778837204,0.02963411621749401,0.015476941131055355,0.027077691629529,0.06963575631380081,0.030292067676782608,0.033122651278972626,0.08866448700428009,0.0424715019762516,0.03238825872540474,0.10676338523626328,0.057273123413324356,0.04170890152454376,0.031394556164741516,0.05295891687273979,0.055620137602090836,0.0374494269490242,0.07719525694847107,0.05796590819954872,0.027813734486699104,0.09045383334159851,0.05661476030945778,0.028702465817332268,0.09840778261423111,0.050416938960552216,0.004525043535977602,0.05730884149670601,0.07298444956541061,0.016946660354733467,0.07865171134471893,0.08480355143547058,0.02283468469977379,0.08980800211429596,0.09304272383451462,0.031927790492773056,0.09812398254871368,0.054095033556222916,0.0512663871049881,0.060921523720026016,0.08053942024707794,0.04592946544289589,0.08409956842660904,0.09881195425987244,0.046706318855285645,0.0946284607052803,0.11218537390232086,0.03685756400227547,0.10204403847455978,0.05132492631673813,0.11177383363246918,0.0638546347618103,0.07672685384750366,0.1302742213010788,0.08576620370149612,0.09059572964906693,0.14856308698654175,0.0936349406838417,0.10143065452575684,0.15963521599769592,0.09892824292182922
nada,0.0,0.0,0.0,0.12353555858135223,-0.1705239713191986,-0.11726941168308258,0.1541784256696701,-0.4746052324771881,-0.15618687868118286,-0.017182085663080215,-0.6251807808876038,-0.17504765093326569,-0.17412443459033966,-0.6985441446304321,-0.19446440041065216,0.1127668172121048,-0.9631128311157227,-0.09621337801218033,0.18211713433265686,-1.3664662837982178,-0.14853011071681976,0.22401535511016846,-1.6170858144760132,-0.1889292150735855,0.2565608620643616,-1.8367881774902344,-0.2172364443540573,-0.02134319208562374,-0.995688259601593,-0.08792446553707123,-0.0012790568871423602,-1.4601517915725708,-0.12581214308738708,0.013957562856376171,-1.7441065311431885,-0.1633935570716858,0.031084856018424034,-1.9804964065551758,-0.18653884530067444,-0.1336894929409027,-0.9204551577568054,-0.09310991317033768,-0.1768273115158081,-1.3037171363830566,-0.17204037308692932,-0.18629001080989838,-1.5779396295547485,-0.2456236332654953,-0.18974798917770386,-1.822899580001831,-0.2920842468738556,-0.22250854969024658,-0.7605714797973633,-0.1051069125533104,-0.23196062445640564,-0.9168913960456848,-0.19907152652740479,-0.18845893442630768,-0.7695587277412415,-0.2242899388074875,-0.15184666216373444,-0.6116820573806763,-0.23117974400520325,0.0,0.0,0.0,0.006053417921066284,0.009628618136048317,0.009052220731973648,0.013106591999530792,0.023739324882626534,0.016462549567222595,0.014568953774869442,0.032020360231399536,0.023017138242721558,0.017185112461447716,0.02947118878364563,0.03000663034617901,0.014760767109692097,0.0034251732286065817,0.015559684485197067,0.01594950444996357,0.009783050045371056,0.023813815787434578,0.016446681693196297,0.015559826977550983,0.029902365058660507,0.015970418229699135,0.022758595645427704,0.03390716761350632,0.014546179212629795,0.0014028364093974233,0.014325104653835297,0.01685941591858864,0.010784052312374115,0.021385639905929565,0.017880786210298538,0.016128014773130417,0.025582699105143547,0.018234865739941597,0.02340252883732319,0.028360800817608833,0.01266960334032774,0.007550899405032396,0.013411923311650753,0.018298860639333725,0.009960254654288292,0.01810070313513279,0.021797869354486465,0.011664612218737602,0.017935093492269516,0.02217940054833889,0.014311213046312332,0.018099557608366013,0.010067624971270561,0.015386968851089478,0.013296248391270638,0.01864955574274063,0.023767180740833282,0.016781693324446678,0.018635496497154236,0.023759862408041954,0.017278073355555534,0.01543424092233181,0.023707019165158272,0.018058879300951958
nada,0.0,0.0,0.0,0.15156517922878265,-0.3180243968963623,-0.0675654336810112,0.2050848752260208,-0.704700231552124,-0.10479629039764404,0.22987353801727295,-1.0182092189788818,-0.14074759185314178,0.27794137597084045,-1.2772077322006226,-0.1809244155883789,-0.0006663773092441261,-1.0311343669891357,-0.08642896264791489,0.014829203486442566,-1.4521119594573975,-0.170106440782547,0.034728217869997025,-1.719494104385376,-0.23198404908180237,0.053942255675792694,-1.9466949701309204,-0.2739676237106323,-0.11528472602367401,-0.9868828654289246,-0.10802043974399567,-0.15101975202560425,-1.4528281688690186,-0.18305924534797668,-0.15898427367210388,-1.7529773712158203,-0.24008619785308838,-0.16631588339805603,-2.004457950592041,-0.27938228845596313,-0.2064265012741089,-0.8488028645515442,-0.13939198851585388,-0.28167110681533813,-1.2691997289657593,-0.2204069346189499,-0.31201881170272827,-1.5435287952423096,-0.2732469439506531,-0.3288019001483917,-1.7862775325775146,-0.30703291296958923,-0.2800218462944031,-0.6383167505264282,-0.17550329864025116,-0.35122624039649963,-0.9122493863105774,-0.2557614743709564,-0.3734198808670044,-1.1116931438446045,-0.29265865683555603,-0.38169413805007935,-1.3052928447723389,-0.31420427560806274,0.0,0.0,0.0,0.026175392791628838,0.06897859275341034,0.03271884098649025,0.08471468091011047,0.10642408579587936,0.04366886988282204,0.12172771245241165,0.11198920756578445,0.04827813059091568,0.14456145465373993,0.13135705888271332,0.049470845609903336,0.0522875152528286,0.027760833501815796,0.015151566825807095,0.07226183265447617,0.03804843872785568,0.019895266741514206,0.07052940875291824,0.048761576414108276,0.02454431727528572,0.06737980246543884,0.06098410487174988,0.027612751349806786,0.026474960148334503,0.004821581766009331,0.01947469636797905,0.03781573846936226,0.010403583757579327,0.030822139233350754,0.03723577782511711,0.01514162216335535,0.038583848625421524,0.037596847862005234,0.02510642446577549,0.04494155943393707,0.017701758071780205,0.037110909819602966,0.03533165901899338,0.025551995262503624,0.03451167047023773,0.051139798015356064,0.03529615327715874,0.02780800312757492,0.06138955056667328,0.04513849690556526,0.021590234711766243,0.06904561072587967,0.04223373159766197,0.0674242153763771,0.049221787601709366,0.05872422456741333,0.0785403624176979,0.06672430038452148,0.08577999472618103,0.0758984237909317,0.07717853784561157,0.11466574668884277,0.07374761253595352,0.08555448055267334
nada,0.0,0.0,0.0,0.15501904487609863,-0.1949840486049652,-0.12679556012153625,0.22238221764564514,-0.4801522195339203,-0.19910088181495667,0.04838789626955986,-0.5617625117301941,-0.2674102187156677,-0.12290506064891815,-0.6131514310836792,-0.32962745428085327,0.11480983346700668,-1.0137993097305298,-0.12601758539676666,0.1950773298740387,-1.4454710483551025,-0.24509072303771973,0.24102406203746796,-1.7311519384384155,-0.31246352195739746,0.27048054337501526,-1.965757966041565,-0.34441500902175903,-0.05007687956094742,-0.9892885088920593,-0.13707087934017181,-0.129448801279068,-1.4826728105545044,-0.2709539532661438,-0.16212919354438782,-1.794786810874939,-0.3450886309146881,-0.19208070635795593,-2.0763089656829834,-0.36851122975349426,-0.17397412657737732,-0.8378708958625793,-0.16119888424873352,-0.17822326719760895,-0.82317715883255,-0.3418286442756653,-0.07988952100276947,-0.5564905405044556,-0.3753742575645447,-0.01919729821383953,-0.42065730690956116,-0.33786091208457947,-0.27112874388694763,-0.6289600729942322,-0.19197307527065277,-0.2547609210014343,-0.6087247133255005,-0.30849534273147583,-0.16181404888629913,-0.4236084818840027,-0.29366809129714966,-0.09770605713129044,-0.32908159494400024,-0.24661943316459656,0.0,0.0,0.0,0.0028864608611911535,0.002678254386410117,0.0017546574817970395,0.0076244063675403595,0.002680777572095394,0.002474859356880188,0.010226430371403694,0.004775302018970251,0.0034951437264680862,0.006888013798743486,0.01001760270446539,0.0050556352362036705,0.0019827757496386766,0.0018412364879623055,0.002439849777147174,0.0019864002242684364,0.006569565273821354,0.004624978639185429,0.002652206690981984,0.0094436164945364,0.006204664241522551,0.003016464179381728,0.0121623445302248,0.007266252767294645,0.0014395294710993767,0.0004625304136425257,0.0031296818051487207,0.004542296752333641,0.0035817516036331654,0.006235416512936354,0.0075239259749650955,0.005748454947024584,0.008555871434509754,0.011310942471027374,0.008950453251600266,0.00989439245313406,0.002241127658635378,0.0033594558481127024,0.0037722084671258926,0.002890330273658037,0.006855984218418598,0.005811341572552919,0.004628137219697237,0.0063363551162183285,0.004649375565350056,0.005399870686233044,0.0058685471303761005,0.003706663381308317,0.003437798237428069,0.007399552036076784,0.00446305749937892,0.004642266780138016,0.009531011804938316,0.004746940918266773,0.004436214454472065,0.009226806461811066,0.0035732919350266457,0.0036536536645144224,0.007907331921160221,0.004023524932563305
nada,0.0,0.0,0.0,0.22221460938453674,-0.2009136974811554,-0.0980004295706749,0.3566794991493225,-0.5509689450263977,-0.1491406261920929,0.36950159072875977,-0.8576188087463379,-0.19891157746315002,0.3740467429161072,-1.0207322835922241,-0.232682466506958,0.25400298833847046,-0.9790799021720886,-0.050800878554582596,0.3197423815727234,-1.1558592319488525,-0.19749228656291962,0.2864433825016022,-0.8457604646682739,-0.2788698077201843,0.2524315118789673,-0.6268441677093506,-0.30936139822006226,0.10086424648761749,-0.9930973052978516,-0.052891217172145844,0.170478954911232,-1.1454002857208252,-0.2163545787334442,0.14926595985889435,-0.7572449445724487,-0.25833871960639954,0.1231125146150589,-0.5439054369926453,-0.24549981951713562,-0.04801163077354431,-0.9448542594909668,-0.07790172100067139,0.01238288264721632,-1.0638917684555054,-0.23398950695991516,0.02459634281694889,-0.7095216512680054,-0.21459653973579407,0.012367697432637215,-0.529136061668396,-0.15680137276649475,-0.20356348156929016,-0.858047604560852,-0.11050740629434586,-0.13368311524391174,-0.9564062356948853,-0.20686611533164978,-0.09128616005182266,-0.7102487683296204,-0.18178406357765198,-0.08343622833490372,-0.5826225280761719,-0.13353663682937622,0.0,0.0,0.0,0.019366294145584106,0.058812834322452545,0.03092075325548649,0.015464439988136292,0.11054255068302155,0.051770374178886414,0.06548594683408737,0.1075836643576622,0.06681061536073685,0.20899368822574615,0.11426980793476105,0.07630368322134018,0.033747658133506775,0.012607123702764511,0.020506570115685463,0.021111616864800453,0.09711796790361404,0.022199587896466255,0.015876203775405884,0.08360262215137482,0.02381574921309948,0.013659805059432983,0.11678446829319,0.02654874324798584,0.02379937469959259,0.003088288474828005,0.014524826779961586,0.009281274862587452,0.11768648773431778,0.021450355648994446,0.01164653804153204,0.10738665610551834,0.02634107880294323,0.00825193990021944,0.17210330069065094,0.027968507260084152,0.017316585406661034,0.01165527943521738,0.012498904019594193,0.011313699185848236,0.1570778489112854,0.021580709144473076,0.007510747294872999,0.14168541133403778,0.026124607771635056,0.012272368185222149,0.1701696217060089,0.027759475633502007,0.01191241666674614,0.023783892393112183,0.015131703577935696,0.01917240396142006,0.11600693315267563,0.020964909344911575,0.01641910895705223,0.11869985610246658,0.027347322553396225,0.023400811478495598,0.11962547153234482,0.030966205522418022
nada,0.0,0.0,0.0,0.2313227355480194,-0.21307635307312012,-0.0129970982670784,0.39954715967178345,-0.42632776498794556,-0.05155881121754646,0.5520551800727844,-0.5219346880912781,-0.10225234180688858,0.7096702456474304,-0.5877777338027954,-0.1517365723848343,0.23404598236083984,-1.0148098468780518,-0.030723001807928085,0.48964953422546387,-0.8991643786430359,-0.11939708888530731,0.6421397924423218,-0.8576124310493469,-0.18602773547172546,0.7833831906318665,-0.8307374715805054,-0.2308041751384735,0.15292346477508545,-0.9856501817703247,-0.07119376212358475,0.45456868410110474,-0.5840209722518921,-0.19225053489208221,0.4819934368133545,-0.2725142538547516,-0.2259730100631714,0.4892600178718567,-0.09174133837223053,-0.23041467368602753,0.09273809939622879,-0.8352891802787781,-0.11824700981378555,0.36905795335769653,-0.4299624562263489,-0.23428073525428772,0.29352158308029175,-0.17198415100574493,-0.22418880462646484,0.21760010719299316,-0.05320093780755997,-0.1901930719614029,0.04938410967588425,-0.6374462842941284,-0.16912928223609924,0.28949421644210815,-0.37507739663124084,-0.2378099262714386,0.2598556876182556,-0.19069787859916687,-0.22365066409111023,0.19648951292037964,-0.11038859188556671,-0.19491833448410034,0.0,0.0,0.0,0.0044000642374157906,0.0067476313561201096,0.002364504849538207,0.004729316104203463,0.012495606206357479,0.003170643700286746,0.004438614007085562,0.022499697282910347,0.00425909785553813,0.005819209851324558,0.0362277515232563,0.005876327399164438,0.004111538175493479,0.01053172629326582,0.003281249199062586,0.0059689488261938095,0.013610037043690681,0.0032379513140767813,0.006901576183736324,0.018724985420703888,0.00448392191901803,0.00784175843000412,0.020253019407391548,0.005118226166814566,0.005755526013672352,0.000916679622605443,0.00233209109865129,0.009738647378981113,0.0053255921229720116,0.00505185266956687,0.013347293250262737,0.006400570273399353,0.006688208319246769,0.018424060195684433,0.01312833372503519,0.005843908526003361,0.010579537600278854,0.009982520714402199,0.002346459776163101,0.013551086187362671,0.007699394598603249,0.005578604992479086,0.012545445002615452,0.004387081600725651,0.006380234379321337,0.013199972920119762,0.011142684146761894,0.005362104158848524,0.016841212287545204,0.016937248408794403,0.003451531520113349,0.016701139509677887,0.01396841648966074,0.005168902687728405,0.012439297512173653,0.006122044753283262,0.004952268674969673,0.010442645289003849,0.01556441467255354,0.003933601547032595
nada,0.0,0.0,0.0,0.19009257853031158,-0.19961251318454742,-0.10294263064861298,0.3213016092777252,-0.5267620086669922,-0.14491388201713562,0.3769093155860901,-0.8424237966537476,-0.1782797873020172,0.43355458974838257,-1.0963399410247803,-0.21153178811073303,0.1588691622018814,-0.9595543146133423,-0.08628622442483902,0.21778516471385956,-1.3507344722747803,-0.16337822377681732,0.25346100330352783,-1.5979032516479492,-0.22477002441883087,0.28516772389411926,-1.8092546463012695,-0.26585638523101807,0.025638293474912643,-0.9953001141548157,-0.08288119733333588,0.04523631930351257,-1.4492439031600952,-0.14625872671604156,0.06279172748327255,-1.7345733642578125,-0.20005866885185242,0.07921458780765533,-1.9751487970352173,-0.23754575848579407,-0.09512737393379211,-0.9377714395523071,-0.0926799476146698,-0.1025257334113121,-1.3611558675765991,-0.1564919799566269,-0.10204996168613434,-1.6325397491455078,-0.20048455893993378,-0.09448075294494629,-1.8691421747207642,-0.22975654900074005,-0.21169407665729523,-0.8023473024368286,-0.11205963790416718,-0.2438688576221466,-1.0935676097869873,-0.1731632947921753,-0.25891828536987305,-1.2886899709701538,-0.1995629072189331,-0.268738329410553,-1.4718033075332642,-0.21408851444721222,0.0,0.0,0.0,0.01857936568558216,0.01019982248544693,0.018964555114507675,0.02700280398130417,0.012434858828783035,0.03093786910176277,0.02865787409245968,0.007651773747056723,0.039234671741724014,0.025474324822425842,0.012567729689180851,0.04686574637889862,0.035573240369558334,0.010464289225637913,0.026455337181687355,0.044062335044145584,0.03896542638540268,0.03379525616765022,0.05246608704328537,0.06550341099500656,0.03766324371099472,0.06067366525530815,0.08604379743337631,0.03997374325990677,0.038076240569353104,0.001059248112142086,0.020003667101264,0.051011182367801666,0.0115547776222229,0.02600807137787342,0.06207992136478424,0.02163739502429962,0.029237573966383934,0.07109448313713074,0.030914263799786568,0.030894825235009193,0.03610246628522873,0.012212338857352734,0.014309641905128956,0.04552000015974045,0.01133430004119873,0.018007054924964905,0.05533595755696297,0.018541859462857246,0.019795576110482216,0.06410129368305206,0.02958063594996929,0.021052846685051918,0.030188806354999542,0.02479330264031887,0.010884682647883892,0.04190996661782265,0.025103792548179626,0.015486963093280792,0.05305799841880798,0.02467918209731579,0.017965378239750862,0.06492187082767487,0.02678081952035427,0.018691465258598328
nada,0.0,0.0,0.0,0.18600784242153168,-0.13958388566970825,-0.19470426440238953,0.2664993703365326,-0.47047168016433716,-0.28400999307632446,0.12438478320837021,-0.6910885572433472,-0.35108131170272827,-0.019769590348005295,-0.9041840434074402,-0.404226690530777,0.17215068638324738,-1.0014067888259888,-0.16323235630989075,0.1431797742843628,-1.3593039512634277,-0.2752675414085388,0.09486282616853714,-1.6188175678253174,-0.3384906053543091,0.036697790026664734,-1.835066795349121,-0.37366431951522827,0.026408081874251366,-0.9889001846313477,-0.14309240877628326,0.05555320903658867,-1.4662624597549438,-0.2795827090740204,0.0812198594212532,-1.7195794582366943,-0.3353305459022522,0.08757564425468445,-1.9049551486968994,-0.3429129421710968,-0.10757801681756973,-0.8819753527641296,-0.14671672880649567,-0.08029500395059586,-1.009999394416809,-0.3462754786014557,-0.018432388082146645,-0.6667359471321106,-0.36518537998199463,0.00832030363380909,-0.47456902265548706,-0.3155632019042969,-0.23456454277038574,-0.7332333326339722,-0.1635533720254898,-0.18107423186302185,-0.8132336735725403,-0.3117098808288574,-0.11215762794017792,-0.5710842609405518,-0.3094109296798706,-0.08543940633535385,-0.4484071731567383,-0.2709196209907532,0.0,0.0,0.0,0.006423963233828545,0.012205476872622967,0.026656007394194603,0.0054808249697089195,0.016475681215524673,0.04527250677347183,0.0040308828465640545,0.018242379650473595,0.05966625362634659,0.005813221447169781,0.011415672488510609,0.07285770773887634,0.010738684795796871,0.0036399858072400093,0.03445284441113472,0.00837679672986269,0.005768282804638147,0.05125217139720917,0.006920907646417618,0.013502663001418114,0.059864338487386703,0.0065684085711836815,0.01628098078072071,0.06468641012907028,0.007042919751256704,0.004660776350647211,0.028849171474575996,0.010104328393936157,0.007637697272002697,0.04816301167011261,0.010123234242200851,0.014853431843221188,0.05365711823105812,0.008889597840607166,0.020229611545801163,0.054655302315950394,0.004753285553306341,0.0037378137931227684,0.02626180276274681,0.003804542124271393,0.01653013378381729,0.044621746987104416,0.003662861417979002,0.019134480506181717,0.04551612585783005,0.004467539489269257,0.010867984034121037,0.04298556596040726,0.003165927715599537,0.006411051843315363,0.026203826069831848,0.004344484303146601,0.021411597728729248,0.039351362735033035,0.003777862759307027,0.025008229538798332,0.04297994449734688,0.004811613820493221,0.009615411050617695,0.044367820024490356
nada,0.0,0.0,0.0,0.16542328894138336,-0.25193971395492554,-0.09655404090881348,0.2734161615371704,-0.5822332501411438,-0.1389087438583374,0.34972167015075684,-0.870302677154541,-0.1785147488117218,0.3921894133090973,-1.0799548625946045,-0.2143278419971466,0.03072502091526985,-1.019250512123108,-0.03635156899690628,0.021921422332525253,-1.379685640335083,-0.09916280955076218,0.025877321138978004,-1.5439121723175049,-0.1570838987827301,0.041420016437768936,-1.6233707666397095,-0.1906881183385849,-0.10042916238307953,-0.9937257766723633,-0.029838526621460915,-0.14813844859600067,-1.3856498003005981,-0.07516835629940033,-0.15657541155815125,-1.551668643951416,-0.12058800458908081,-0.14709560573101044,-1.620094656944275,-0.14821794629096985,-0.21196803450584412,-0.886247456073761,-0.039815325289964676,-0.2815913259983063,-1.2297232151031494,-0.08717595785856247,-0.29568132758140564,-1.3690745830535889,-0.12039866298437119,-0.2858995199203491,-1.4303429126739502,-0.1373540163040161,-0.3122453987598419,-0.7132412791252136,-0.06075157970190048,-0.3933289051055908,-0.9552519917488098,-0.10544680058956146,-0.41528743505477905,-1.0628173351287842,-0.12158326804637909,-0.413644015789032,-1.1204216480255127,-0.12504728138446808,0.0,0.0,0.0,0.0025148019194602966,0.01162397488951683,0.006655195727944374,0.003546031191945076,0.012026986107230186,0.009485498070716858,0.01890350505709648,0.00986285600811243,0.015114975161850452,0.08103270083665848,0.012363363988697529,0.022319672629237175,0.0038649507332593203,0.00826952513307333,0.032582979649305344,0.024763667955994606,0.03434835746884346,0.05198283866047859,0.027792906388640404,0.0908261314034462,0.06395673006772995,0.023597868159413338,0.21851132810115814,0.06767798960208893,0.00461604306474328,0.00066667067585513,0.03887517377734184,0.025219041854143143,0.03561888635158539,0.06231527402997017,0.020156165584921837,0.11097225546836853,0.07454782724380493,0.01740945503115654,0.26458314061164856,0.0783882737159729,0.004480740521103144,0.0044540283270180225,0.04311637580394745,0.011109252460300922,0.02843715436756611,0.06251665949821472,0.010583829134702682,0.10971058160066605,0.07162877172231674,0.04027991741895676,0.26005351543426514,0.07395055890083313,0.006303480360656977,0.007680176757276058,0.04628989100456238,0.009390445426106453,0.0215182825922966,0.06253347545862198,0.01905810460448265,0.06551334261894226,0.07223154604434967,0.055461425334215164,0.17383596301078796,0.07670580595731735
