label,x0,y0,z0,x1,y1,z1,x2,y2,z2,x3,y3,z3,x4,y4,z4,x5,y5,z5,x6,y6,z6,x7,y7,z7,x8,y8,z8,x9,y9,z9,x10,y10,z10,x11,y11,z11,x12,y12,z12,x13,y13,z13,x14,y14,z14,x15,y15,z15,x16,y16,z16,x17,y17,z17,x18,y18,z18,x19,y19,z19,x20,y20,z20
3,0.7288298606872559,1.0117191076278687,1.5369730022030126e-07,0.6988343596458435,1.0151103734970093,-0.023019269108772278,0.6721867918968201,0.979938268661499,-0.03875672444701195,0.6514714360237122,0.9584133625030518,-0.05198938027024269,0.6307851076126099,0.932645320892334,-0.06566812098026276,0.706020712852478,0.9441523551940918,-0.0462028868496418,0.7006083130836487,0.8877955675125122,-0.0657779723405838,0.6962223052978516,0.8568553328514099,-0.0757734477519989,0.6933940052986145,0.8233596086502075,-0.08244583755731583,0.7367176413536072,0.9435169100761414,-0.04609069600701332,0.7468098402023315,0.8979734182357788,-0.06510619819164276,0.7553926110267639,0.8688716292381287,-0.07278220355510712,0.7632215023040771,0.8419564962387085,-0.0776267796754837,0.7589007019996643,0.9597281217575073,-0.046695463359355927,0.7693018913269043,0.9631818532943726,-0.07187937200069427,0.7663445472717285,1.000375747680664,-0.07534229755401611,0.7625202536582947,1.0271790027618408,-0.0730203315615654,0.7734096646308899,0.9835665822029114,-0.04818793386220932,0.7814406752586365,0.9939526915550232,-0.07128383219242096,0.7779402732849121,1.0254948139190674,-0.07368052005767822,0.7730969786643982,1.0506131649017334,-0.07175435870885849
3,0.7109336853027344,0.7490924000740051,2.099301212865612e-07,0.6746849417686462,0.7256977558135986,-0.01215291302651167,0.6441239714622498,0.6747084259986877,-0.018652714788913727,0.6253377199172974,0.6310991644859314,-0.025839749723672867,0.6089388728141785,0.5972396731376648,-0.03206783905625343,0.6709754467010498,0.5988803505897522,-0.010412844829261303,0.6559627056121826,0.5347369909286499,-0.022514281794428825,0.646183967590332,0.4971323609352112,-0.029291346669197083,0.6387621760368347,0.46269750595092773,-0.03309803456068039,0.6946774125099182,0.5938724279403687,-0.013752683065831661,0.6879225969314575,0.5259832739830017,-0.0283674169331789,0.6819065809249878,0.4854614734649658,-0.035991791635751724,0.6783688068389893,0.44763314723968506,-0.038726646453142166,0.7185486555099487,0.603482186794281,-0.01867206208407879,0.7097482681274414,0.5867088437080383,-0.03921597823500633,0.7065197825431824,0.6391688585281372,-0.03838825598359108,0.7078712582588196,0.673128068447113,-0.031153220683336258,0.7416196465492249,0.6226881742477417,-0.024362266063690186,0.7300778031349182,0.6057088375091553,-0.03777588531374931,0.7231127023696899,0.6443217992782593,-0.03269149363040924,0.7220063209533691,0.6718597412109375,-0.02499278075993061
3,0.7197220921516418,0.6851773858070374,1.9697263553553057e-07,0.6882011294364929,0.6555827856063843,-0.007452867459505796,0.6624827980995178,0.6009929180145264,-0.011926098726689816,0.6470115780830383,0.560594916343689,-0.018071318045258522,0.631527304649353,0.5330342054367065,-0.023824937641620636,0.6912654042243958,0.5388420820236206,-0.007026472128927708,0.6792941093444824,0.4757319390773773,-0.018261738121509552,0.6714379191398621,0.43845653533935547,-0.024305613711476326,0.6657881736755371,0.4051387906074524,-0.027326682582497597,0.7127498984336853,0.5369051694869995,-0.012062037363648415,0.7083306312561035,0.46769872307777405,-0.026070130988955498,0.7035683989524841,0.42578834295272827,-0.03360726684331894,0.7011266350746155,0.38852810859680176,-0.036029502749443054,0.7340238094329834,0.5483260750770569,-0.018119920045137405,0.7210692763328552,0.5349494814872742,-0.03712467849254608,0.715294599533081,0.5836267471313477,-0.036658868193626404,0.7159551978111267,0.6160048246383667,-0.029754480347037315,0.7538790702819824,0.5685403347015381,-0.02457711286842823,0.7389041185379028,0.554062008857727,-0.03581906110048294,0.7306913733482361,0.5903100967407227,-0.03029528819024563,0.7300628423690796,0.616686224937439,-0.022555671632289886
3,0.7297402620315552,0.672990083694458,2.1566928865013324e-07,0.69626784324646,0.6486923694610596,-0.008411023765802383,0.6671701073646545,0.5983041524887085,-0.01295141689479351,0.6492703557014465,0.5595275163650513,-0.018783817067742348,0.6321756839752197,0.5355724692344666,-0.02415904402732849,0.6934632062911987,0.5327231287956238,-0.007226942107081413,0.6803606152534485,0.47321489453315735,-0.018068233504891396,0.6713989973068237,0.4374001920223236,-0.024230873212218285,0.6645441055297852,0.4048895835876465,-0.02769463136792183,0.7148245573043823,0.5298659205436707,-0.011823564767837524,0.7107121348381042,0.4615188241004944,-0.02561439760029316,0.706333339214325,0.4190775156021118,-0.033363424241542816,0.7044241428375244,0.3800240159034729,-0.03636103495955467,0.7363480925559998,0.5410311222076416,-0.017516789957880974,0.7291637063026428,0.521429181098938,-0.0368320532143116,0.7244555354118347,0.5693546533584595,-0.03638763725757599,0.7246257662773132,0.6015461087226868,-0.0297104399651289,0.7572759985923767,0.560818076133728,-0.02360711246728897,0.7473481893539429,0.5398997664451599,-0.035732608288526535,0.7399239540100098,0.5749391317367554,-0.030378451570868492,0.737754225730896,0.6009694337844849,-0.022819017991423607
3,0.7643898725509644,0.6081568002700806,2.9351076591410674e-07,0.734205961227417,0.5941812992095947,-0.01416765246540308,0.7050467729568481,0.5591221451759338,-0.021036459133028984,0.6842135190963745,0.5278336405754089,-0.027559412643313408,0.6646807789802551,0.5087566375732422,-0.032998017966747284,0.7150722146034241,0.4867902994155884,-0.01163697149604559,0.7007449269294739,0.43452346324920654,-0.02294960618019104,0.6907684803009033,0.40318983793258667,-0.029284998774528503,0.6820282340049744,0.3730682134628296,-0.03306787461042404,0.7347093224525452,0.4763655662536621,-0.013300223276019096,0.7290934920310974,0.4120582342147827,-0.028172755613923073,0.7266390323638916,0.3732801675796509,-0.03647702559828758,0.7251937985420227,0.3364834487438202,-0.03986836224794388,0.7555667757987976,0.48121607303619385,-0.01648659072816372,0.7613917589187622,0.4649461805820465,-0.03725999966263771,0.7605122923851013,0.5124395489692688,-0.0379413366317749,0.7587468028068542,0.5431221127510071,-0.03193703293800354,0.7756360769271851,0.4942784309387207,-0.020460953935980797,0.7773306965827942,0.4764934778213501,-0.034699440002441406,0.775001049041748,0.5093492865562439,-0.031481217592954636,0.7716131210327148,0.5328282713890076,-0.025324521586298943
3,0.7731047868728638,0.61036616563797,2.731673021116876e-07,0.7443932294845581,0.5920879244804382,-0.012341547757387161,0.7182184457778931,0.5519287586212158,-0.018584979698061943,0.6990134119987488,0.5187991857528687,-0.024954359978437424,0.6799865365028381,0.5008674263954163,-0.030596282333135605,0.732509970664978,0.4831089675426483,-0.010365755297243595,0.7207120060920715,0.43063974380493164,-0.021774353459477425,0.7118459939956665,0.3992975950241089,-0.02863556146621704,0.7041621208190918,0.3694345951080322,-0.032812267541885376,0.752082109451294,0.47623875737190247,-0.012877575121819973,0.750167191028595,0.4148266613483429,-0.02734563872218132,0.7490807771682739,0.3752518892288208,-0.03574652969837189,0.7488178014755249,0.3369179964065552,-0.039403848350048065,0.7721662521362305,0.48428264260292053,-0.016741298139095306,0.7787536382675171,0.46714726090431213,-0.03647294640541077,0.7750728130340576,0.5131838917732239,-0.03688740357756615,0.771970272064209,0.544201135635376,-0.03108883835375309,0.79108726978302,0.5013471245765686,-0.021362844854593277,0.793923020362854,0.48593151569366455,-0.03507031127810478,0.7897199392318726,0.5172668695449829,-0.03183034062385559,0.7858605980873108,0.5398172736167908,-0.025743745267391205
3,0.7363446950912476,0.6552131175994873,2.3678991567521734e-07,0.7038906812667847,0.6268840432167053,-0.009074538946151733,0.6774699091911316,0.5779509544372559,-0.013168137520551682,0.6607108116149902,0.5381575226783752,-0.01831943728029728,0.6453592777252197,0.5129944086074829,-0.02286675199866295,0.7046441435813904,0.5186135172843933,-0.005204312037676573,0.6940788626670837,0.46167293190956116,-0.015097761526703835,0.686501681804657,0.42637112736701965,-0.021158242598176003,0.6806291341781616,0.39400461316108704,-0.02493302710354328,0.7251133322715759,0.5175187587738037,-0.009111098013818264,0.7238660454750061,0.45192891359329224,-0.02231227606534958,0.7225838303565979,0.4109436869621277,-0.03052590601146221,0.7232905030250549,0.37290793657302856,-0.03425057604908943,0.7455888986587524,0.5309980511665344,-0.014247287064790726,0.7441284656524658,0.5066940188407898,-0.03367322310805321,0.7372111082077026,0.5523288249969482,-0.034074075520038605,0.734628438949585,0.5852195024490356,-0.028118900954723358,0.7647951245307922,0.552684485912323,-0.019779574126005173,0.7593404054641724,0.5298411250114441,-0.03303658217191696,0.7510197162628174,0.5609450936317444,-0.029071051627397537,0.7468498945236206,0.5855109691619873,-0.022489378228783607
3,0.6733200550079346,0.7029264569282532,1.9311936227950355e-07,0.6401523351669312,0.6717121601104736,-0.007647365797311068,0.6136748790740967,0.613803505897522,-0.011745060794055462,0.5979801416397095,0.5735379457473755,-0.01764751598238945,0.5816227197647095,0.546234667301178,-0.023267801851034164,0.6442517042160034,0.5536125898361206,-0.004947463516145945,0.6311908960342407,0.49241214990615845,-0.015903618186712265,0.6231173872947693,0.4553362727165222,-0.02212487906217575,0.6174097657203674,0.422357976436615,-0.025515306740999222,0.66656094789505,0.5515693426132202,-0.01033311802893877,0.6619213223457336,0.4834453761577606,-0.02460341900587082,0.6575145721435547,0.4408038258552551,-0.03319395333528519,0.6553100943565369,0.40204066038131714,-0.03644651919603348,0.6885206699371338,0.5633282661437988,-0.016845278441905975,0.6759216785430908,0.5451541543006897,-0.036253832280635834,0.6707270741462708,0.5947406888008118,-0.03598174452781677,0.6711258888244629,0.6283909678459167,-0.029143599793314934,0.7090823650360107,0.5843909978866577,-0.02380870282649994,0.6950930953025818,0.5651885867118835,-0.03542745113372803,0.6874547004699707,0.5996181964874268,-0.029734617099165916,0.686225414276123,0.6258952617645264,-0.021781187504529953
3,0.6507846713066101,0.7010916471481323,1.5904126371424354e-07,0.6152716875076294,0.6826967597007751,-0.007686268538236618,0.5812979340553284,0.6331641674041748,-0.012120586819946766,0.5587854981422424,0.6010556221008301,-0.018463805317878723,0.537731945514679,0.5813931226730347,-0.024584081023931503,0.6062504649162292,0.5553471446037292,-0.005320533644407988,0.5840952396392822,0.49848172068595886,-0.01684865914285183,0.5697062015533447,0.46629929542541504,-0.023176737129688263,0.5577728748321533,0.43662747740745544,-0.026433372870087624,0.6285600662231445,0.5452126264572144,-0.010889904573559761,0.6140978336334229,0.4770408868789673,-0.025147374719381332,0.6036214828491211,0.43843260407447815,-0.03334836661815643,0.5961952209472656,0.4024268090724945,-0.03595265746116638,0.6518466472625732,0.5489534139633179,-0.017714794725179672,0.6344412565231323,0.5411123633384705,-0.03771131858229637,0.6351134181022644,0.5963515639305115,-0.03772168233990669,0.6401061415672302,0.6289706230163574,-0.03066912479698658,0.6745863556861877,0.562275230884552,-0.024942606687545776,0.6556448340415955,0.5545892715454102,-0.03633962944149971,0.6521053314208984,0.5970463156700134,-0.03044518455862999,0.6554509401321411,0.6242727637290955,-0.022285569459199905
3,0.6823446154594421,0.7012834548950195,1.7810748431656975e-07,0.6469175815582275,0.6749933958053589,-0.007334694266319275,0.6149709224700928,0.6208333373069763,-0.01169494166970253,0.5951792597770691,0.5821022987365723,-0.017824573442339897,0.5759590268135071,0.5576931834220886,-0.023556113243103027,0.6443284749984741,0.5464644432067871,-0.005353925283998251,0.6281850934028625,0.4849362075328827,-0.01600067876279354,0.6172972321510315,0.44905969500541687,-0.02255966141819954,0.6085142493247986,0.4150354862213135,-0.02667708322405815,0.6672177314758301,0.5421782732009888,-0.011199074797332287,0.6577935218811035,0.47366219758987427,-0.024692876264452934,0.6522286534309387,0.43130022287368774,-0.03344377130270004,0.6492988467216492,0.3899945020675659,-0.037510666996240616,0.6907691359519958,0.5523400902748108,-0.018051357939839363,0.6785898208618164,0.5378144383430481,-0.03714558482170105,0.6740687489509583,0.5904441475868225,-0.03681414574384689,0.6746790409088135,0.6244804263114929,-0.030500607565045357,0.7132394313812256,0.5717027187347412,-0.025324886664748192,0.6990267634391785,0.5557075142860413,-0.03736232966184616,0.6915428042411804,0.5947688221931458,-0.03183898702263832,0.690828800201416,0.6223846673965454,-0.024331817403435707
3,0.6951755285263062,0.7204665541648865,2.5097236289184366e-07,0.6677484512329102,0.6727349758148193,-0.011770329438149929,0.6491894125938416,0.603001594543457,-0.0175473690032959,0.6368908286094666,0.5524021983146667,-0.024087095633149147,0.6242588758468628,0.5157163143157959,-0.029911993071436882,0.6901828050613403,0.5501065254211426,-0.011090027168393135,0.6914453506469727,0.4821280837059021,-0.023641372099518776,0.6903428435325623,0.44092029333114624,-0.030820779502391815,0.6899699568748474,0.4033133387565613,-0.035077448934316635,0.7135100364685059,0.5623655319213867,-0.014819827862083912,0.7251059412956238,0.49864548444747925,-0.03116695024073124,0.7320511937141418,0.4580041170120239,-0.041139427572488785,0.7403521537780762,0.4198302626609802,-0.04549000412225723,0.7333601713180542,0.5903878211975098,-0.019710369408130646,0.7337605953216553,0.5817680954933167,-0.04184107482433319,0.7163347601890564,0.6249790787696838,-0.04296165332198143,0.7060282826423645,0.6548001170158386,-0.03685363754630089,0.7486161589622498,0.6259890794754028,-0.02518736571073532,0.7453137636184692,0.6141611337661743,-0.04036642611026764,0.7288276553153992,0.6424635648727417,-0.036712292581796646,0.7181257009506226,0.6645045876502991,-0.029775235801935196
3,0.7076488137245178,0.7594834566116333,2.999519779223192e-07,0.6836346387863159,0.7040841579437256,-0.014046707190573215,0.6707299947738647,0.6293981075286865,-0.020887261256575584,0.6633281707763672,0.5760005712509155,-0.027886170893907547,0.6536046266555786,0.534528911113739,-0.033842239528894424,0.7189918756484985,0.5828500390052795,-0.012988249771296978,0.726831316947937,0.5137931108474731,-0.024720657616853714,0.7303004860877991,0.4713289737701416,-0.0309662614017725,0.7340766787528992,0.4325791001319885,-0.034539844840765,0.7415000796318054,0.6030446290969849,-0.015424059703946114,0.7639404535293579,0.5458515286445618,-0.03078022412955761,0.7781106233596802,0.5089516639709473,-0.039803262799978256,0.7920817732810974,0.4752463698387146,-0.0434059202671051,0.7580359578132629,0.6370325088500977,-0.019251447170972824,0.7627360224723816,0.6355796456336975,-0.04116614907979965,0.74054354429245,0.6731626987457275,-0.042753007262945175,0.7259196043014526,0.6986035108566284,-0.03670741617679596,0.7695950269699097,0.6769422292709351,-0.023849090561270714,0.7724652290344238,0.668376624584198,-0.039142850786447525,0.7547622323036194,0.691253662109375,-0.0361446812748909,0.741382360458374,0.7080186009407043,-0.029534295201301575
3,0.7226515412330627,0.7753902673721313,3.0324747513077455e-07,0.7054601311683655,0.7166791558265686,-0.015189671888947487,0.6972577571868896,0.6428462862968445,-0.02361178584396839,0.6920878887176514,0.5872448086738586,-0.03204067796468735,0.6855579614639282,0.5429814457893372,-0.03950996324419975,0.7431961297988892,0.6006417870521545,-0.014842325821518898,0.7536494731903076,0.5322065949440002,-0.02920723892748356,0.7594531178474426,0.49017465114593506,-0.03758224472403526,0.7654686570167542,0.45269447565078735,-0.04244789853692055,0.7630553841590881,0.6252108812332153,-0.017520569264888763,0.7875999808311462,0.5677473545074463,-0.035324834287166595,0.8028520345687866,0.5338532328605652,-0.04501565545797348,0.8185180425643921,0.5016703605651855,-0.04887290298938751,0.7767145037651062,0.6625736355781555,-0.021877577528357506,0.7858408689498901,0.6571135520935059,-0.04577254503965378,0.7621425986289978,0.6909570693969727,-0.046591609716415405,0.7469053864479065,0.7132434844970703,-0.03984789922833443,0.7849807739257812,0.7051560878753662,-0.027113420888781548,0.7918398380279541,0.6952032446861267,-0.04347879812121391,0.7729858160018921,0.7160905003547668,-0.03992530703544617,0.7592574954032898,0.730890691280365,-0.03288145735859871
3,0.6600744724273682,0.6995803117752075,2.516334234314854e-07,0.6291906237602234,0.6568944454193115,-0.013648713938891888,0.6094585061073303,0.5870922803878784,-0.020954925566911697,0.5967121720314026,0.5363224148750305,-0.028680631890892982,0.5804142355918884,0.4984666109085083,-0.03557631000876427,0.648530125617981,0.5243357419967651,-0.012822931632399559,0.6444376111030579,0.452772855758667,-0.025203106924891472,0.6409494876861572,0.40980178117752075,-0.03158187121152878,0.6390895843505859,0.37111109495162964,-0.035002145916223526,0.673744797706604,0.5336692333221436,-0.01619175262749195,0.6816695332527161,0.46290260553359985,-0.03170100972056389,0.6858352422714233,0.41795775294303894,-0.04029142111539841,0.6912485957145691,0.376844584941864,-0.04344963654875755,0.6957457661628723,0.5587946176528931,-0.02106253057718277,0.6904791593551636,0.5478918552398682,-0.04316600784659386,0.6747196316719055,0.5971609354019165,-0.04373692721128464,0.6664642691612244,0.6293320655822754,-0.03694254159927368,0.7143540382385254,0.5926123857498169,-0.02669462561607361,0.7071762084960938,0.5778759717941284,-0.04105339199304581,0.6921851634979248,0.6119287014007568,-0.036368027329444885,0.6836707592010498,0.6369370222091675,-0.02874143421649933
3,0.6317763328552246,0.7430554628372192,1.9274979479178e-07,0.5982530117034912,0.71067214012146,-0.01129460521042347,0.5706956386566162,0.6448236107826233,-0.01669447496533394,0.5519815683364868,0.5997856855392456,-0.02298460155725479,0.5312976241111755,0.5725440382957458,-0.028755690902471542,0.6028436422348022,0.5767191052436829,-0.009789304807782173,0.5893017649650574,0.5136423707008362,-0.022010421380400658,0.5792067050933838,0.477088063955307,-0.028855444863438606,0.5709037780761719,0.44095879793167114,-0.03283921629190445,0.6287029385566711,0.5730841159820557,-0.013695788569748402,0.6258519887924194,0.5027538537979126,-0.02785213477909565,0.6246154308319092,0.4598541855812073,-0.036206841468811035,0.625318169593811,0.4191552400588989,-0.039362888783216476,0.653174102306366,0.5874944925308228,-0.01894954778254032,0.6404359936714172,0.5880067944526672,-0.03853915259242058,0.6314139366149902,0.6389766335487366,-0.039190806448459625,0.6284359693527222,0.6727200150489807,-0.03310836851596832,0.6747848391532898,0.6128454208374023,-0.02503594569861889,0.6603817343711853,0.6125013828277588,-0.03731347247958183,0.6493098139762878,0.6515120267868042,-0.032873790711164474,0.6452446579933167,0.6795909404754639,-0.025888711214065552
3,0.6715141534805298,0.8364108204841614,3.0668874728689843e-07,0.632570207118988,0.8000476360321045,-0.01660006307065487,0.6015418767929077,0.7276496887207031,-0.024796495214104652,0.5812569856643677,0.6728945970535278,-0.0330900177359581,0.5597139000892639,0.6347748637199402,-0.040341079235076904,0.6393062472343445,0.6398148536682129,-0.018072927370667458,0.6275447010993958,0.5601369142532349,-0.0341641865670681,0.6189417839050293,0.5127006769180298,-0.042671311646699905,0.6121987700462341,0.46811628341674805,-0.04736306890845299,0.6699737310409546,0.6373807787895203,-0.021066758781671524,0.673072099685669,0.5580233335494995,-0.040974102914333344,0.6773267388343811,0.5054869055747986,-0.05238929018378258,0.6832484602928162,0.45539921522140503,-0.05668393522500992,0.6980718374252319,0.6550887227058411,-0.02552509680390358,0.6956552267074585,0.6670809388160706,-0.05099765956401825,0.6815048456192017,0.7262052297592163,-0.05300045758485794,0.6724470257759094,0.7629304528236389,-0.0462016761302948,0.7219303250312805,0.6848847270011902,-0.031159020960330963,0.7155976295471191,0.6973961591720581,-0.048654038459062576,0.6998905539512634,0.7399630546569824,-0.0456753633916378,0.6883988380432129,0.767505943775177,-0.038385938853025436
3,0.6717991828918457,0.8466237783432007,2.919834400927357e-07,0.6312810778617859,0.8089326620101929,-0.015552443452179432,0.5975654721260071,0.7366118431091309,-0.023389186710119247,0.5759129524230957,0.6830921769142151,-0.03153035044670105,0.5548157691955566,0.6456210613250732,-0.03853306546807289,0.635522186756134,0.6485518217086792,-0.017271004617214203,0.622670590877533,0.5675473809242249,-0.033410247415304184,0.6130372285842896,0.5198963284492493,-0.041915424168109894,0.6057488322257996,0.47448697686195374,-0.04674609377980232,0.6676791310310364,0.6432768106460571,-0.020792797207832336,0.6683560013771057,0.5667824149131775,-0.04077501967549324,0.6703535318374634,0.5148293972015381,-0.05232129618525505,0.6744344830513,0.46343913674354553,-0.05689119175076485,0.6975116729736328,0.6585711240768433,-0.02575637958943844,0.6929981112480164,0.6758595705032349,-0.05062558874487877,0.6784726977348328,0.7341248989105225,-0.05271211639046669,0.6696462631225586,0.7691813111305237,-0.046360697597265244,0.7231253981590271,0.6868807673454285,-0.031920693814754486,0.7150360941886902,0.7050841450691223,-0.04827500134706497,0.6986157298088074,0.7469574809074402,-0.04548032209277153,0.687343955039978,0.7723215818405151,-0.03875913470983505
3,0.6694587469100952,0.7744580507278442,2.637062550547853e-07,0.6374766230583191,0.7331142425537109,-0.012633423320949078,0.6141225695610046,0.664917528629303,-0.01892746239900589,0.5983463525772095,0.6163369417190552,-0.025827556848526,0.5807223916053772,0.5839802026748657,-0.03191269189119339,0.6522919535636902,0.602134108543396,-0.011348779313266277,0.645635187625885,0.5331763029098511,-0.02376483753323555,0.640346109867096,0.49127429723739624,-0.030731508508324623,0.6371496915817261,0.4524948000907898,-0.034725889563560486,0.6783782839775085,0.6057448387145996,-0.014518164098262787,0.6838029026985168,0.54082852602005,-0.030353274196386337,0.6885609030723572,0.4970512390136719,-0.03995952010154724,0.6948923468589783,0.4558228552341461,-0.04370562732219696,0.7013930678367615,0.6257685422897339,-0.019009308889508247,0.696020245552063,0.6326841711997986,-0.03965281322598457,0.6814969182014465,0.679499089717865,-0.04106425493955612,0.6729939579963684,0.7110371589660645,-0.035071488469839096,0.7201276421546936,0.6549447774887085,-0.024444039911031723,0.7135705351829529,0.6580031514167786,-0.03760521486401558,0.6996495723724365,0.6903916001319885,-0.03400091454386711,0.6905869841575623,0.713784396648407,-0.027216119691729546
3,0.6443268656730652,0.7331342101097107,1.70144048183829e-07,0.6127221584320068,0.6990758180618286,-0.009359334595501423,0.5872563719749451,0.6343387365341187,-0.014112453907728195,0.5687572360038757,0.5912884473800659,-0.020158641040325165,0.5484901070594788,0.5653437376022339,-0.025796769186854362,0.6202041506767273,0.5714110136032104,-0.007220838218927383,0.6060482859611511,0.5087414979934692,-0.01828891783952713,0.5962653756141663,0.472532719373703,-0.024368232116103172,0.5891448855400085,0.4390292167663574,-0.027732523158192635,0.6448991894721985,0.5694724321365356,-0.011809634044766426,0.6417468786239624,0.5009997487068176,-0.024805700406432152,0.6400344371795654,0.4586549997329712,-0.032979898154735565,0.6408405900001526,0.42060786485671997,-0.03611689433455467,0.6677318811416626,0.5847654342651367,-0.017612522467970848,0.6536155939102173,0.5813852548599243,-0.03561798110604286,0.6443979144096375,0.6295943856239319,-0.036400776356458664,0.6419936418533325,0.661634087562561,-0.030768170952796936,0.6866416335105896,0.6102439165115356,-0.024118389934301376,0.6708195805549622,0.6067503094673157,-0.03506109490990639,0.6599823832511902,0.6420457363128662,-0.0305771604180336,0.6565492749214172,0.6684246063232422,-0.023775439709424973
3,0.6412885189056396,0.7141432762145996,1.7126065188222128e-07,0.6100255846977234,0.6841535568237305,-0.0080094700679183,0.5832810401916504,0.6271776556968689,-0.013356269337236881,0.5640740394592285,0.5876214504241943,-0.020253784954547882,0.5442948341369629,0.562455952167511,-0.02686898037791252,0.6128318905830383,0.5652474164962769,-0.00804443471133709,0.597296953201294,0.5045901536941528,-0.020200900733470917,0.5868505835533142,0.47077178955078125,-0.02705891989171505,0.5788324475288391,0.4379234313964844,-0.030908580869436264,0.6351936459541321,0.5609630942344666,-0.013157096691429615,0.6292209625244141,0.4935432970523834,-0.027548855170607567,0.6255071759223938,0.4525778293609619,-0.036108676344156265,0.6244583129882812,0.41338416934013367,-0.03940102085471153,0.6572549343109131,0.5719668865203857,-0.019212866201996803,0.6406970620155334,0.5679312348365784,-0.03769368678331375,0.6345253586769104,0.6170428395271301,-0.037684448063373566,0.6349011063575745,0.6485479474067688,-0.03151250630617142,0.6770327091217041,0.5921478271484375,-0.025828998535871506,0.6586169600486755,0.5890600681304932,-0.03661606088280678,0.6502336859703064,0.6259157657623291,-0.03141734004020691,0.6497193574905396,0.6514036059379578,-0.02413061261177063
3,0.6011690497398376,0.7211493849754333,1.213253568721484e-07,0.5640271902084351,0.7075057625770569,-0.007466672919690609,0.5284594893455505,0.6629312038421631,-0.011521054431796074,0.5047633647918701,0.6344143748283386,-0.0175178200006485,0.4814760684967041,0.6224636435508728,-0.023168785497546196,0.5496145486831665,0.5816415548324585,-0.0029042749665677547,0.5236477255821228,0.5362331867218018,-0.013683460652828217,0.5078043341636658,0.5094010829925537,-0.020129302516579628,0.4950728714466095,0.48240888118743896,-0.023904241621494293,0.571345865726471,0.5646109580993652,-0.008489493280649185,0.5515105128288269,0.5057086944580078,-0.02078196406364441,0.5387008190155029,0.46972501277923584,-0.028514230623841286,0.5288330912590027,0.43604952096939087,-0.03138527646660805,0.5948794484138489,0.5642735362052917,-0.015529807657003403,0.5718507170677185,0.5730444192886353,-0.033158235251903534,0.5750410556793213,0.6252021789550781,-0.03403904289007187,0.5818223357200623,0.6565219759941101,-0.02846146561205387,0.6171261072158813,0.5760995745658875,-0.023236766457557678,0.593904972076416,0.5861256122589111,-0.03325681388378143,0.5914788842201233,0.6258251070976257,-0.028769411146640778,0.5957740545272827,0.6507824063301086,-0.02218620665371418
3,0.5863991379737854,0.7513583898544312,1.5074498094236333e-07,0.5442428588867188,0.7415353655815125,-0.009657735005021095,0.5035682916641235,0.7011170983314514,-0.015731051564216614,0.474797785282135,0.6781968474388123,-0.023800723254680634,0.4482276141643524,0.668321430683136,-0.031311217695474625,0.5228745937347412,0.6075366139411926,-0.006568266544491053,0.48968416452407837,0.5636023283004761,-0.02001897618174553,0.46969079971313477,0.5359381437301636,-0.028139185160398483,0.4532930254936218,0.5081192255020142,-0.03313916176557541,0.5459467768669128,0.58493971824646,-0.012455927208065987,0.5218767523765564,0.5294610857963562,-0.028050409629940987,0.5047169327735901,0.49326789379119873,-0.0378841832280159,0.4908421039581299,0.45760223269462585,-0.04198984056711197,0.5716419219970703,0.5815889835357666,-0.01989101804792881,0.5465013980865479,0.6018549203872681,-0.04014325886964798,0.5529824495315552,0.6565130949020386,-0.04115339741110802,0.5627752542495728,0.6859996318817139,-0.03534394130110741,0.5959729552268982,0.593479335308075,-0.028243288397789,0.5716978907585144,0.6171910762786865,-0.04004768654704094,0.5714263916015625,0.6591784358024597,-0.03566107526421547,0.577985405921936,0.6816449165344238,-0.028925685212016106
3,0.6013667583465576,0.7121893167495728,1.7320124356956512e-07,0.5650911927223206,0.6775804758071899,-0.01028975285589695,0.5337982773780823,0.6105749011039734,-0.01620456762611866,0.51007479429245,0.5689263343811035,-0.02383829466998577,0.48613813519477844,0.5428417921066284,-0.031059298664331436,0.5690892934799194,0.5357268452644348,-0.007782180793583393,0.5489085912704468,0.46754366159439087,-0.02104165032505989,0.5357183814048767,0.42855530977249146,-0.028503285720944405,0.5255972743034363,0.3912440538406372,-0.03260132670402527,0.5955514907836914,0.5290449261665344,-0.013247826136648655,0.5854048728942871,0.4533938467502594,-0.028561899438500404,0.5787771940231323,0.4066712260246277,-0.03783402219414711,0.5752949714660645,0.36364471912384033,-0.041209541261196136,0.6216899156570435,0.541793704032898,-0.02021254226565361,0.6002444624900818,0.5405610799789429,-0.041621170938014984,0.5945171117782593,0.5980115532875061,-0.04287005215883255,0.5958538055419922,0.6347401142120361,-0.03642002493143082,0.6444870829582214,0.5669746994972229,-0.027909787371754646,0.6216166019439697,0.5659656524658203,-0.0403863899409771,0.612185537815094,0.6098335981369019,-0.03529829531908035,0.6121859550476074,0.6406198143959045,-0.027620593085885048
3,0.6306757926940918,0.7431452870368958,2.3395011794491438e-07,0.5922537446022034,0.7096795439720154,-0.01563023403286934,0.562125563621521,0.6421658992767334,-0.02319856360554695,0.5459346175193787,0.5923708081245422,-0.03129793703556061,0.534578263759613,0.5473653078079224,-0.03801249712705612,0.595703661441803,0.5525373220443726,-0.011440618894994259,0.5827355980873108,0.47448521852493286,-0.025819038972258568,0.5737001895904541,0.42923176288604736,-0.033782754093408585,0.5668938159942627,0.3881426155567169,-0.037966661155223846,0.6251265406608582,0.5503101348876953,-0.014357195235788822,0.6220142841339111,0.47432276606559753,-0.03182045742869377,0.6181098222732544,0.42687320709228516,-0.04165830835700035,0.6159132719039917,0.383304238319397,-0.04495092108845711,0.6523078680038452,0.5667397379875183,-0.019392339512705803,0.64113450050354,0.559723973274231,-0.04415632039308548,0.6299193501472473,0.6193625926971436,-0.04583639279007912,0.6246393322944641,0.658408522605896,-0.038804683834314346,0.6761914491653442,0.5946511626243591,-0.025471579283475876,0.662692666053772,0.5921715497970581,-0.042591795325279236,0.6494733095169067,0.6372131109237671,-0.03963113948702812,0.6431970596313477,0.6685090661048889,-0.03231573849916458
3,0.6370347142219543,0.7493908405303955,2.1090266955070547e-07,0.5969444513320923,0.7156682014465332,-0.013995805755257607,0.5650733709335327,0.6428179740905762,-0.020370202139019966,0.5443500280380249,0.5898957848548889,-0.02760142646729946,0.521165132522583,0.5550904870033264,-0.03407467156648636,0.601744532585144,0.5546256899833679,-0.009137765504419804,0.5911233425140381,0.4780932068824768,-0.02139388956129551,0.5829675197601318,0.4350568652153015,-0.028575217351317406,0.5752449035644531,0.3945327401161194,-0.03284265846014023,0.6312069892883301,0.5531145930290222,-0.012855694629251957,0.6293345093727112,0.47788217663764954,-0.02783767133951187,0.6268718242645264,0.43298178911209106,-0.03690442815423012,0.6248781085014343,0.39028066396713257,-0.04035218060016632,0.6590723395347595,0.5698652863502502,-0.018485184758901596,0.6477461457252502,0.564721405506134,-0.04147808253765106,0.637942373752594,0.6256371736526489,-0.04329150915145874,0.6336024403572083,0.6639312505722046,-0.03701343759894371,0.6836003661155701,0.5974270105361938,-0.025007881224155426,0.6693919897079468,0.5944048166275024,-0.040972497314214706,0.6566278338432312,0.6415096521377563,-0.03764371946454048,0.6515312194824219,0.6741923093795776,-0.030634554103016853
3,0.6656501889228821,0.7707315683364868,2.532181895276153e-07,0.6268651485443115,0.7336088418960571,-0.017034197226166725,0.5964910984039307,0.655556321144104,-0.024576427415013313,0.5771596431732178,0.5974489450454712,-0.0324551984667778,0.5558021068572998,0.5575121641159058,-0.03919191658496857,0.6376492381095886,0.5668589472770691,-0.012339277192950249,0.6299669146537781,0.4875483512878418,-0.025423215702176094,0.6248410940170288,0.44054651260375977,-0.03295763209462166,0.6210311651229858,0.3973645567893982,-0.03763662278652191,0.6677054166793823,0.5716725587844849,-0.015378852374851704,0.6694859862327576,0.4944351017475128,-0.032989613711833954,0.6698736548423767,0.4476938843727112,-0.04384370893239975,0.6715855598449707,0.4031062126159668,-0.04837888479232788,0.6957337260246277,0.5952785015106201,-0.020354390144348145,0.6922016143798828,0.5837647318840027,-0.04692680388689041,0.6791702508926392,0.646592915058136,-0.04842143505811691,0.6711602210998535,0.6866541504859924,-0.040964704006910324,0.7203042507171631,0.6284919381141663,-0.02619321085512638,0.7125207185745239,0.6121720671653748,-0.044957637786865234,0.6977241635322571,0.6573299765586853,-0.04085586965084076,0.6880016326904297,0.6898466348648071,-0.0326777808368206
3,0.6964247822761536,0.7622509598731995,2.717277993724565e-07,0.6598091721534729,0.7149282097816467,-0.017604077234864235,0.6345711350440979,0.6352208852767944,-0.02468082681298256,0.6204202175140381,0.5738637447357178,-0.031940072774887085,0.6058573722839355,0.5272862911224365,-0.03768717497587204,0.6804237961769104,0.5557278394699097,-0.010866528376936913,0.6789062023162842,0.4769677519798279,-0.02402373217046261,0.6773551106452942,0.4289097189903259,-0.03196192905306816,0.677086591720581,0.38454344868659973,-0.03709252551198006,0.7089352011680603,0.5654028058052063,-0.013116194866597652,0.7168486714363098,0.49252447485923767,-0.03128460422158241,0.7229143381118774,0.44680070877075195,-0.04270670935511589,0.7305798530578613,0.40322795510292053,-0.04787629842758179,0.7340032458305359,0.5940493941307068,-0.017522772774100304,0.7373379468917847,0.5836082100868225,-0.04374602064490318,0.7195156216621399,0.6403793096542358,-0.04528091847896576,0.7075152397155762,0.677989661693573,-0.03821023181080818,0.7552614212036133,0.6325162649154663,-0.023063626140356064,0.7552131414413452,0.6190235614776611,-0.04190000519156456,0.7376759052276611,0.6567738652229309,-0.03896467015147209,0.7242551445960999,0.6838968396186829,-0.03178989514708519
3,0.678789496421814,0.7340808510780334,2.516160009236046e-07,0.6399455666542053,0.69072026014328,-0.015029092319309711,0.6138752698898315,0.6089498400688171,-0.021108726039528847,0.6000151038169861,0.5476660132408142,-0.027925526723265648,0.5863304138183594,0.5017562508583069,-0.03364541381597519,0.6553630828857422,0.5331960916519165,-0.01109189074486494,0.651373565196991,0.45267969369888306,-0.024393359199166298,0.6477314829826355,0.40550780296325684,-0.03162316977977753,0.6459823846817017,0.36344727873802185,-0.03572465106844902,0.685093879699707,0.5407291054725647,-0.014441428706049919,0.6905070543289185,0.4650830030441284,-0.032096050679683685,0.6917324662208557,0.4164320230484009,-0.04209750145673752,0.6946825981140137,0.3718985617160797,-0.04588844254612923,0.7119936347007751,0.5651305913925171,-0.019734777510166168,0.7115998268127441,0.5487412214279175,-0.04515240713953972,0.6949203014373779,0.6078118681907654,-0.045677319169044495,0.6843039393424988,0.6472126841545105,-0.03784458711743355,0.7358946204185486,0.6000953316688538,-0.025949031114578247,0.7307854890823364,0.5855905413627625,-0.043850138783454895,0.7149456739425659,0.6249622106552124,-0.040054067969322205,0.7044885754585266,0.6530678868293762,-0.03215838596224785
3,0.6657567024230957,0.6985469460487366,2.5197033437507343e-07,0.6229638457298279,0.6636669039726257,-0.017036722972989082,0.5891028642654419,0.5860576629638672,-0.023882051929831505,0.5693973302841187,0.5255686640739441,-0.03118077479302883,0.5492590069770813,0.48210781812667847,-0.037190016359090805,0.6266733407974243,0.4954523742198944,-0.010944771580398083,0.6154071688652039,0.4145777225494385,-0.023849358782172203,0.6073347926139832,0.3678845763206482,-0.031029781326651573,0.6012991666793823,0.3245503306388855,-0.035420011729002,0.6572626233100891,0.4957396388053894,-0.014031101949512959,0.6552902460098267,0.41465699672698975,-0.030740750953555107,0.653454601764679,0.36440080404281616,-0.040329333394765854,0.6530672907829285,0.317337304353714,-0.044231757521629333,0.6859703063964844,0.5156728029251099,-0.019461818039417267,0.6807562708854675,0.49498772621154785,-0.04586522653698921,0.671226441860199,0.5593947768211365,-0.0471017099916935,0.6662725210189819,0.6014094352722168,-0.03968646749854088,0.712627649307251,0.546663761138916,-0.02589092217385769,0.7045871019363403,0.5279188752174377,-0.04514605551958084,0.6910833716392517,0.5753237009048462,-0.04183288663625717,0.683203935623169,0.6096299886703491,-0.03434281423687935
3,0.6950852274894714,0.7907972931861877,2.671282857136248e-07,0.6499032974243164,0.7602919340133667,-0.019959211349487305,0.6124094724655151,0.6892609000205994,-0.027986299246549606,0.5886416435241699,0.6351176500320435,-0.03581086918711662,0.5668923258781433,0.5945529341697693,-0.04197395220398903,0.6476269364356995,0.5800798535346985,-0.01542267668992281,0.6350317597389221,0.503655195236206,-0.03165673464536667,0.6266101002693176,0.45849424600601196,-0.04040689393877983,0.6208583116531372,0.41300201416015625,-0.04602557420730591,0.682694673538208,0.5671225190162659,-0.01733708567917347,0.6835169196128845,0.5028426051139832,-0.03857780247926712,0.6852656006813049,0.46093377470970154,-0.050946611911058426,0.689369261264801,0.4157595932483673,-0.05610150843858719,0.7153841853141785,0.5775433778762817,-0.021686473861336708,0.7192967534065247,0.6027085781097412,-0.0489078126847744,0.705662190914154,0.6697714924812317,-0.051707226783037186,0.6957812309265137,0.7068172693252563,-0.045685358345508575,0.7444668412208557,0.6043563485145569,-0.02775312028825283,0.7432708740234375,0.6363600492477417,-0.04724414646625519,0.7279275059700012,0.6854637861251831,-0.04696435108780861,0.7156991362571716,0.7107908725738525,-0.04177011922001839
3,0.6892435550689697,0.7949596643447876,2.116572801469374e-07,0.6484495997428894,0.7743163108825684,-0.019618023186922073,0.6096674799919128,0.7169970273971558,-0.032496169209480286,0.5831352472305298,0.6722398400306702,-0.04524141922593117,0.5583905577659607,0.6484054327011108,-0.05587072670459747,0.6502362489700317,0.6135473847389221,-0.020404862239956856,0.6408863663673401,0.5547376275062561,-0.044892676174640656,0.6366027593612671,0.5299492478370667,-0.0596059113740921,0.6336691379547119,0.5251238346099854,-0.06715776771306992,0.6846004128456116,0.6010052561759949,-0.02384101413190365,0.6919039487838745,0.5415451526641846,-0.05441940203309059,0.697492778301239,0.5312026739120483,-0.07076507806777954,0.7045382261276245,0.5395014882087708,-0.07577440142631531,0.7141831517219543,0.6132301688194275,-0.02959510311484337,0.7182156443595886,0.6583853960037231,-0.05592310056090355,0.7029560208320618,0.7111926078796387,-0.05786016955971718,0.6904920935630798,0.7348282933235168,-0.051789067685604095,0.7397218346595764,0.6397696733474731,-0.03746277093887329,0.7413207292556763,0.6860027313232422,-0.052310116589069366,0.7269511222839355,0.7249484062194824,-0.05056648701429367,0.7129582762718201,0.7371297478675842,-0.04496915265917778
3,0.6646487712860107,0.7158676981925964,1.541038727737032e-07,0.6297159790992737,0.6840397119522095,-0.012024274095892906,0.6024255752563477,0.6183950901031494,-0.01709800772368908,0.5842524170875549,0.5715856552124023,-0.022918643429875374,0.564294695854187,0.5426360368728638,-0.027931928634643555,0.6371934413909912,0.5444503426551819,-0.005984139628708363,0.6292696595191956,0.48469290137290955,-0.016218917444348335,0.6226189136505127,0.45141616463661194,-0.022547069936990738,0.6168369054794312,0.4193328619003296,-0.02660372667014599,0.6639580130577087,0.5434151291847229,-0.009166424162685871,0.6637436747550964,0.4878421425819397,-0.021997006610035896,0.662211537361145,0.45578745007514954,-0.030304212123155594,0.661158561706543,0.4245978593826294,-0.03383338823914528,0.6888709664344788,0.5594100952148438,-0.014122961089015007,0.6801912784576416,0.5617360472679138,-0.03330627456307411,0.6705172657966614,0.611549437046051,-0.03520619869232178,0.6652218103408813,0.6436356902122498,-0.030410200357437134,0.7109702825546265,0.586096465587616,-0.019934244453907013,0.7000501751899719,0.5871681571006775,-0.03290039673447609,0.6887789368629456,0.6232137084007263,-0.03031674027442932,0.6830545663833618,0.6483663320541382,-0.024770217016339302
3,0.6657982468605042,0.7061378955841064,1.539964671337657e-07,0.6327300667762756,0.6701334118843079,-0.009118071757256985,0.6094592213630676,0.6072594523429871,-0.013124832883477211,0.5948799848556519,0.5628767013549805,-0.01853645034134388,0.5787265300750732,0.5319965481758118,-0.023366758599877357,0.6445215940475464,0.5452518463134766,-0.003609758336097002,0.637686014175415,0.4857156276702881,-0.013051176443696022,0.6314845681190491,0.4520537257194519,-0.018928000703454018,0.626083254814148,0.4200495481491089,-0.022506507113575935,0.6686321496963501,0.5472621321678162,-0.007720206864178181,0.6689492464065552,0.48965078592300415,-0.01988385058939457,0.6661837100982666,0.45413264632225037,-0.02804996818304062,0.6643226146697998,0.41958892345428467,-0.03147395700216293,0.691155731678009,0.5638165473937988,-0.01329590193927288,0.6815824508666992,0.5565540194511414,-0.031750671565532684,0.6718048453330994,0.6058567762374878,-0.03312395140528679,0.6675406694412231,0.6374906301498413,-0.027877220883965492,0.7111762166023254,0.5894181728363037,-0.019411055371165276,0.6998627185821533,0.5811607241630554,-0.03143281117081642,0.68869549036026,0.6160421371459961,-0.027933187782764435,0.6842577457427979,0.6411656737327576,-0.021709755063056946
3,0.6612383127212524,0.6969426274299622,1.702051832808138e-08,0.6356383562088013,0.6548693180084229,-0.00461858045309782,0.6191920638084412,0.5913667678833008,-0.007581009995192289,0.6085596084594727,0.5493118762969971,-0.012769186869263649,0.5951957106590271,0.5173124670982361,-0.017528818920254707,0.6519590616226196,0.5398570895195007,-0.0002479824470356107,0.6404122710227966,0.4820719361305237,-0.01277034543454647,0.630695641040802,0.45070549845695496,-0.02082729898393154,0.6202846169471741,0.4244251847267151,-0.025162262842059135,0.6721272468566895,0.5420504212379456,-0.006687481887638569,0.6669415235519409,0.4792558550834656,-0.02197916805744171,0.6551405191421509,0.44873347878456116,-0.030560310930013657,0.6425982713699341,0.42501842975616455,-0.03278669714927673,0.690211296081543,0.559093177318573,-0.014534737914800644,0.6599188446998596,0.555030882358551,-0.03214182332158089,0.652418315410614,0.5989252328872681,-0.03304287791252136,0.6535797119140625,0.6273753643035889,-0.02757316641509533,0.7027238607406616,0.585923969745636,-0.02293406054377556,0.6721972823143005,0.584435760974884,-0.032871223986148834,0.6657134890556335,0.615257978439331,-0.029268674552440643,0.6699260473251343,0.6360330581665039,-0.02332986705005169
3,0.6846294403076172,0.6893517971038818,1.449700306466184e-07,0.6504037380218506,0.6652460694313049,-0.007720130030065775,0.621886670589447,0.6109603047370911,-0.010913047008216381,0.6037940382957458,0.5727271437644958,-0.015512071549892426,0.584966778755188,0.5497058629989624,-0.019667480140924454,0.6469830870628357,0.5419730544090271,-0.003011308843269944,0.6350707411766052,0.4886941909790039,-0.011727209202945232,0.626274585723877,0.4593026340007782,-0.016709527000784874,0.6186625361442566,0.4306422770023346,-0.01966783031821251,0.6704241633415222,0.535842776298523,-0.007157324347645044,0.6663013100624084,0.4792987108230591,-0.018470894545316696,0.6607934832572937,0.4473138451576233,-0.025439362972974777,0.6563040018081665,0.4167196750640869,-0.027913937345147133,0.6938331723213196,0.5445826649665833,-0.01260635256767273,0.682515025138855,0.5416252613067627,-0.02962627075612545,0.6781031489372253,0.5912619829177856,-0.030343173071742058,0.6780863404273987,0.6215230822563171,-0.024936283007264137,0.7161362767219543,0.5628516674041748,-0.018491309136152267,0.7027653455734253,0.5600525736808777,-0.02887878008186817,0.6954561471939087,0.5971828699111938,-0.02499091811478138,0.6945353746414185,0.6208218932151794,-0.018845688551664352
3,0.7464830279350281,0.6188921332359314,3.361709559612791e-07,0.719989538192749,0.6040343046188354,-0.018066085875034332,0.69805508852005,0.569790244102478,-0.028276849538087845,0.6835827231407166,0.5382871627807617,-0.037331994622945786,0.6690666675567627,0.5118343234062195,-0.044874727725982666,0.7091092467308044,0.4956206679344177,-0.0167344082146883,0.7037972807884216,0.4450856149196625,-0.03200778737664223,0.7044346332550049,0.4149276316165924,-0.04137982428073883,0.7078975439071655,0.3878653645515442,-0.04667581990361214,0.7289481163024902,0.48911598324775696,-0.016907664015889168,0.7295010089874268,0.42897310853004456,-0.03740503266453743,0.7350902557373047,0.399097740650177,-0.048787977546453476,0.7427717447280884,0.37238794565200806,-0.05314835160970688,0.7484762072563171,0.49649208784103394,-0.018715880811214447,0.7595614790916443,0.47887635231018066,-0.042259033769369125,0.7550437450408936,0.5261989235877991,-0.042508918792009354,0.7496260404586792,0.5558753609657288,-0.03575420379638672,0.7667316794395447,0.5115880370140076,-0.02169170044362545,0.7745381593704224,0.49522924423217773,-0.037618398666381836,0.7706053853034973,0.525239884853363,-0.034560926258563995,0.7633362412452698,0.544328510761261,-0.027996297925710678
3,0.7542552351951599,0.6167125105857849,3.0897660963091766e-07,0.7288002967834473,0.5979472398757935,-0.0179776381701231,0.7088195085525513,0.5606100559234619,-0.02679147943854332,0.6948122978210449,0.5246282815933228,-0.03461599722504616,0.6821328401565552,0.49436259269714355,-0.04082411527633667,0.7216904759407043,0.4880825877189636,-0.012912075035274029,0.7171226143836975,0.43566709756851196,-0.026662643998861313,0.7191766500473022,0.4054005742073059,-0.03529854863882065,0.7236033082008362,0.3791901767253876,-0.0401783287525177,0.7408877015113831,0.4839848577976227,-0.012570825405418873,0.7422134876251221,0.42453259229660034,-0.030133353546261787,0.748081386089325,0.394418865442276,-0.039978884160518646,0.755560040473938,0.36979079246520996,-0.043775249272584915,0.758945107460022,0.4946509897708893,-0.014414005912840366,0.770508885383606,0.4759933650493622,-0.03638174757361412,0.7645317316055298,0.5210763812065125,-0.037389133125543594,0.7579697370529175,0.5513932704925537,-0.03144393861293793,0.7755818367004395,0.5135406255722046,-0.017559750005602837,0.7838805913925171,0.4970504641532898,-0.03381785377860069,0.7789728045463562,0.5247146487236023,-0.03263475000858307,0.7712178230285645,0.5443302392959595,-0.027464767917990685
3,0.6924610137939453,0.6609756946563721,2.0679783574450994e-07,0.6618181467056274,0.6283503174781799,-0.010474217124283314,0.640917181968689,0.5722100138664246,-0.014822992496192455,0.6273483633995056,0.5293402671813965,-0.019861595705151558,0.6127888560295105,0.5021045804023743,-0.024243347346782684,0.6690715551376343,0.5167738795280457,-0.005649137310683727,0.6650030612945557,0.46360132098197937,-0.0147872194647789,0.6618161201477051,0.431567907333374,-0.02071932703256607,0.6601943969726562,0.401092529296875,-0.024719316512346268,0.6907941699028015,0.5191771388053894,-0.008706147782504559,0.6936320066452026,0.46464380621910095,-0.02018197812139988,0.6948752403259277,0.4297049641609192,-0.027693340554833412,0.6979336142539978,0.3953220248222351,-0.031483881175518036,0.7111576795578003,0.5356767177581787,-0.01324512716382742,0.7131681442260742,0.5175598859786987,-0.030882395803928375,0.7028024792671204,0.5607529878616333,-0.031286682933568954,0.6964597105979919,0.5907150506973267,-0.02621942013502121,0.7295505404472351,0.5611345767974854,-0.01843271031975746,0.727257490158081,0.5453583002090454,-0.0311801265925169,0.7166459560394287,0.5739614367485046,-0.028265781700611115,0.7094637155532837,0.5962222218513489,-0.022807180881500244
3,0.6625019907951355,0.6858648061752319,1.8170234739045554e-07,0.6314421892166138,0.6533783078193665,-0.0091004129499197,0.6086876392364502,0.5951473712921143,-0.013747848570346832,0.5947928428649902,0.5522263646125793,-0.019520407542586327,0.5790704488754272,0.5232290029525757,-0.024867171421647072,0.6384171843528748,0.5336715579032898,-0.007344905752688646,0.6300573348999023,0.4716531038284302,-0.01822429895401001,0.6240264773368835,0.43395084142684937,-0.024647455662488937,0.6189593076705933,0.4000486433506012,-0.028351468965411186,0.6601112484931946,0.5360597372055054,-0.011590471491217613,0.6590908169746399,0.471998393535614,-0.025004765018820763,0.6575989127159119,0.43307366967201233,-0.0328349731862545,0.657620370388031,0.39602285623550415,-0.03596676141023636,0.680906355381012,0.5528501868247986,-0.017028789967298508,0.6730183362960815,0.5376927852630615,-0.03618834912776947,0.6640811562538147,0.5847312808036804,-0.03635764122009277,0.6606892347335815,0.6157414317131042,-0.03035135380923748,0.6995551586151123,0.5784527659416199,-0.02292727306485176,0.6895551085472107,0.5630709528923035,-0.03554239124059677,0.6791356205940247,0.5974883437156677,-0.031089622527360916,0.6751643419265747,0.6226755380630493,-0.024204764515161514
3,0.6562160849571228,0.6957539916038513,1.7361661264203576e-07,0.6239694356918335,0.6636582016944885,-0.00664061214774847,0.5996661186218262,0.6044095158576965,-0.009488162584602833,0.5850496888160706,0.5631885528564453,-0.013992362655699253,0.5690380930900574,0.5380730628967285,-0.01818196102976799,0.6295133233070374,0.5429027080535889,-0.003338902024552226,0.6193520426750183,0.4805641770362854,-0.012391040101647377,0.6123882532119751,0.4435421824455261,-0.01756672002375126,0.6070865392684937,0.4104475975036621,-0.020411182194948196,0.6527456641197205,0.5427635908126831,-0.008195962756872177,0.6501737833023071,0.478750079870224,-0.019415060058236122,0.6471120715141296,0.4393610656261444,-0.026458650827407837,0.6455578804016113,0.4040945768356323,-0.02912665717303753,0.6745389103889465,0.5573871731758118,-0.014178015291690826,0.6633071303367615,0.5475035905838013,-0.031270526349544525,0.6554261445999146,0.5940060615539551,-0.0320107638835907,0.6534037590026855,0.6256153583526611,-0.026642635464668274,0.693560779094696,0.5813353061676025,-0.0204851683229208,0.6801242232322693,0.571986734867096,-0.03129500895738602,0.670244574546814,0.607307493686676,-0.027125097811222076,0.6675955057144165,0.6337044835090637,-0.020689189434051514
3,0.6769043803215027,0.6870564818382263,2.43340195993369e-07,0.6414260864257812,0.6528201699256897,-0.012150228954851627,0.6146369576454163,0.5855683088302612,-0.018307490274310112,0.5988157391548157,0.5339241623878479,-0.025355326011776924,0.5813272595405579,0.4988899827003479,-0.031628165394067764,0.6493340134620667,0.5128961801528931,-0.010233056731522083,0.6403261423110962,0.44315457344055176,-0.022573528811335564,0.633673369884491,0.40047523379325867,-0.029960086569190025,0.6284314393997192,0.3617682456970215,-0.0344354473054409,0.6747435331344604,0.5163928270339966,-0.014625846408307552,0.6752695441246033,0.44143304228782654,-0.03037160448729992,0.6755583882331848,0.3937727212905884,-0.03980448096990585,0.6773162484169006,0.3492971360683441,-0.0438382588326931,0.6989967823028564,0.5371494293212891,-0.020398039370775223,0.6938205361366272,0.5155548453330994,-0.04344552010297775,0.6835304498672485,0.5682599544525146,-0.04371869936585426,0.6783282160758972,0.6050946116447449,-0.03660932928323746,0.7210027575492859,0.5675098896026611,-0.02678030915558338,0.7133272886276245,0.5432628989219666,-0.04274577274918556,0.7006708979606628,0.5801070332527161,-0.03786696866154671,0.6933606266975403,0.6095615029335022,-0.02983865700662136
3,0.6783404350280762,0.6959894895553589,2.233091009884447e-07,0.6429840922355652,0.6552013754844666,-0.012723609805107117,0.6182317733764648,0.5875899195671082,-0.01853661797940731,0.6036341190338135,0.536550760269165,-0.025113482028245926,0.5902383327484131,0.49634358286857605,-0.03070305846631527,0.6526792645454407,0.5207467079162598,-0.009382741525769234,0.6444525122642517,0.4496643841266632,-0.0216215867549181,0.6384561657905579,0.40679436922073364,-0.028693387284874916,0.6342002749443054,0.3676132559776306,-0.03266505151987076,0.6783137321472168,0.5247670412063599,-0.012882563285529613,0.6793674230575562,0.4547898769378662,-0.02836417779326439,0.6792431473731995,0.40913909673690796,-0.037347663193941116,0.6808714866638184,0.3655361235141754,-0.040965694934129715,0.7021172642707825,0.5443311333656311,-0.01805167831480503,0.6966733336448669,0.5273797512054443,-0.04082983359694481,0.6864193677902222,0.5804546475410461,-0.04151296988129616,0.6819172501564026,0.6156193017959595,-0.0346546545624733,0.7238179445266724,0.5730581283569336,-0.023899635300040245,0.7153525948524475,0.5542861223220825,-0.039591237902641296,0.7024205327033997,0.5936909317970276,-0.035359784960746765,0.6958297491073608,0.6235241293907166,-0.027789410203695297
3,0.6829758882522583,0.6915604472160339,2.0695851787877473e-07,0.6477830410003662,0.6506924033164978,-0.012703374959528446,0.6245666146278381,0.5814107656478882,-0.017891108989715576,0.6123290657997131,0.5290567278862,-0.023868678137660027,0.6002378463745117,0.48797130584716797,-0.02883184887468815,0.6590991020202637,0.5183074474334717,-0.008421989157795906,0.6508867144584656,0.44686323404312134,-0.020196672528982162,0.6446681022644043,0.4049035310745239,-0.026863908395171165,0.6400216221809387,0.36614561080932617,-0.03050200268626213,0.6843764185905457,0.5221593976020813,-0.011615274474024773,0.6857080459594727,0.4527922570705414,-0.026448478922247887,0.6848355531692505,0.4093981683254242,-0.034787051379680634,0.6855579018592834,0.3683857321739197,-0.03788549080491066,0.7078193426132202,0.5414706468582153,-0.016602059826254845,0.701570987701416,0.5241164565086365,-0.03905158117413521,0.6913080811500549,0.5780666470527649,-0.039560433477163315,0.6872088313102722,0.61426842212677,-0.03252706304192543,0.7290694713592529,0.5699872374534607,-0.02227243222296238,0.7202630639076233,0.5502625107765198,-0.03770864009857178,0.7075397968292236,0.5899271965026855,-0.033369280397892,0.701522707939148,0.6205486059188843,-0.02571893483400345
3,0.6836531758308411,0.705918550491333,2.1147137374555314e-07,0.6483098864555359,0.6669933795928955,-0.013042961247265339,0.624750018119812,0.5969104766845703,-0.017902594059705734,0.6128349900245667,0.5439196228981018,-0.02351529896259308,0.6012572050094604,0.5026493072509766,-0.028111711144447327,0.6570558547973633,0.5324441194534302,-0.008250148966908455,0.649168848991394,0.46040257811546326,-0.02037501335144043,0.6436431407928467,0.41794800758361816,-0.026908323168754578,0.6399257183074951,0.37955963611602783,-0.030257724225521088,0.6834778189659119,0.5342116951942444,-0.011100745759904385,0.6840406060218811,0.46442288160324097,-0.026336973533034325,0.6831878423690796,0.4210527539253235,-0.034710630774497986,0.6840829253196716,0.3811166286468506,-0.037435851991176605,0.7080881595611572,0.5521551370620728,-0.015854941681027412,0.7014223337173462,0.5392968654632568,-0.03834260627627373,0.6917279958724976,0.5932642221450806,-0.03914013132452965,0.6878495216369629,0.6288512349128723,-0.03209415823221207,0.7304503917694092,0.5799851417541504,-0.021356988698244095,0.720754861831665,0.5659629702568054,-0.036207474768161774,0.708396852016449,0.6060277819633484,-0.03203718364238739,0.7027736902236938,0.6352285742759705,-0.024488111957907677
3,0.679521381855011,0.7093825340270996,2.440344815113349e-07,0.6445042490959167,0.6701211929321289,-0.013289333321154118,0.6204229593276978,0.6017909049987793,-0.019550981000065804,0.6068994998931885,0.5506497025489807,-0.026559771969914436,0.5939238667488098,0.5108458995819092,-0.03264036029577255,0.6547935605049133,0.5323867797851562,-0.010339301079511642,0.6464456915855408,0.4606403708457947,-0.023903461173176765,0.6405829787254333,0.41762739419937134,-0.03158725053071976,0.6363160014152527,0.3780629634857178,-0.03568655624985695,0.6809370517730713,0.5354512333869934,-0.013975235633552074,0.6834778785705566,0.46121880412101746,-0.03058202937245369,0.6842352747917175,0.4139755964279175,-0.03996339067816734,0.686462938785553,0.36868932843208313,-0.043385472148656845,0.7051223516464233,0.5553722977638245,-0.019372187554836273,0.7007458806037903,0.541581392288208,-0.04314008727669716,0.6907696723937988,0.594773530960083,-0.04396224021911621,0.6862803101539612,0.6299659013748169,-0.03674935922026634,0.7269997596740723,0.5854723453521729,-0.025492042303085327,0.7198188304901123,0.5697855949401855,-0.04118960723280907,0.7067473530769348,0.6093867421150208,-0.036489665508270264,0.6995201706886292,0.6386996507644653,-0.028437728062272072
3,0.691250741481781,0.73612380027771,2.551811633111356e-07,0.6579931974411011,0.6980352997779846,-0.014425800181925297,0.6336429715156555,0.6308436393737793,-0.02101176418364048,0.6202486753463745,0.5789820551872253,-0.02791169285774231,0.6067759990692139,0.5393332839012146,-0.033652935177087784,0.6672191619873047,0.5575661659240723,-0.012236492708325386,0.6601881980895996,0.4870867133140564,-0.02610153891146183,0.6550152897834778,0.44409677386283875,-0.0338931605219841,0.6511368751525879,0.405059278011322,-0.0382729172706604,0.6935487389564514,0.5601900219917297,-0.015240443870425224,0.6968305110931396,0.48883557319641113,-0.032385002821683884,0.6985856890678406,0.4438264071941376,-0.04205109924077988,0.7017515897750854,0.4011903405189514,-0.04566552862524986,0.7176777124404907,0.5810732245445251,-0.020005200058221817,0.716204047203064,0.5748332142829895,-0.04339907318353653,0.7047776579856873,0.6254468560218811,-0.04463446885347366,0.6982084512710571,0.6589303612709045,-0.038014452904462814,0.7386736869812012,0.612234354019165,-0.0256922896951437,0.7337600588798523,0.6068907976150513,-0.041564859449863434,0.7199105620384216,0.6430424451828003,-0.038324855268001556,0.7106549739837646,0.6682676672935486,-0.031433720141649246
3,0.7359312176704407,0.731705367565155,3.227849845188757e-07,0.7062430381774902,0.686095654964447,-0.01680760458111763,0.6861708164215088,0.6218827962875366,-0.024538328871130943,0.6758471131324768,0.5683301687240601,-0.03203396871685982,0.6668403148651123,0.5249254107475281,-0.037961360067129135,0.7200655341148376,0.5537630915641785,-0.012590084224939346,0.718830943107605,0.4871966540813446,-0.02730036899447441,0.7166866064071655,0.44510048627853394,-0.036445777863264084,0.7154582738876343,0.4059518575668335,-0.04203448444604874,0.7435101270675659,0.5621225833892822,-0.014649676159024239,0.7529162168502808,0.49329954385757446,-0.03387140855193138,0.7591380476951599,0.44996392726898193,-0.045046646147966385,0.766994297504425,0.40873655676841736,-0.04991946369409561,0.7639796733856201,0.5881556272506714,-0.018713274970650673,0.7735083699226379,0.5742715001106262,-0.04422382265329361,0.7589415907859802,0.6221460103988647,-0.045258715748786926,0.7490524053573608,0.6541869640350342,-0.038242075592279434,0.7808562517166138,0.6228911876678467,-0.023881755769252777,0.7871833443641663,0.6069245934486389,-0.04212390258908272,0.7740457057952881,0.6386334300041199,-0.039279233664274216,0.763379693031311,0.6609624028205872,-0.032346662133932114
3,0.7175270318984985,0.7401607632637024,1.370555366975168e-07,0.68674635887146,0.6953893899917603,-0.008042234927415848,0.6656596064567566,0.6245755553245544,-0.011833623982965946,0.6532572507858276,0.5754907131195068,-0.017398308962583542,0.6396526098251343,0.5393273830413818,-0.022509369999170303,0.7021980285644531,0.5662639141082764,-0.0031543185468763113,0.6950302124023438,0.49810680747032166,-0.01441008411347866,0.6897228360176086,0.4581095576286316,-0.02101782150566578,0.6857144236564636,0.4228290915489197,-0.024325095117092133,0.7272617816925049,0.5700454711914062,-0.00812793243676424,0.728056013584137,0.5015989542007446,-0.022197430953383446,0.72430020570755,0.4631216824054718,-0.030122676864266396,0.7210642099380493,0.4303492307662964,-0.032047346234321594,0.7502508759498596,0.5889907479286194,-0.014615179970860481,0.7333866953849792,0.5802732706069946,-0.03488941863179207,0.7217714786529541,0.6313527226448059,-0.03584079071879387,0.7178121209144592,0.6677755117416382,-0.028994766995310783,0.7693736553192139,0.6180583834648132,-0.021572744473814964,0.751296877861023,0.6069785356521606,-0.033771805465221405,0.7383376955986023,0.644680380821228,-0.02895718440413475,0.7343002557754517,0.6751438975334167,-0.021102463826537132
3,0.7080973386764526,0.7504573464393616,8.19760970216521e-08,0.6784234642982483,0.7105221152305603,-0.00648851040750742,0.6571425795555115,0.6484867930412292,-0.010334504768252373,0.64311683177948,0.6057208180427551,-0.016414396464824677,0.6286013722419739,0.5735856890678406,-0.022132374346256256,0.6890058517456055,0.5866117477416992,-0.0013568132417276502,0.6757016181945801,0.5242233276367188,-0.014211623929440975,0.665716290473938,0.4864818751811981,-0.02238413132727146,0.6576600074768066,0.4532289206981659,-0.02697865106165409,0.7104377150535583,0.5844559073448181,-0.007528875954449177,0.701866626739502,0.5174041390419006,-0.023360664024949074,0.691619336605072,0.47917884588241577,-0.03268682211637497,0.6825435757637024,0.4465572237968445,-0.035700324922800064,0.7312933206558228,0.5971985459327698,-0.015243574045598507,0.7062619924545288,0.592179536819458,-0.03513278067111969,0.7014397978782654,0.6405924558639526,-0.03617388755083084,0.703239917755127,0.6736947894096375,-0.02998768538236618,0.7493330836296082,0.6198878288269043,-0.023548327386379242,0.7234914302825928,0.6139268279075623,-0.03463972732424736,0.7166315913200378,0.6492738723754883,-0.029986878857016563,0.7186410427093506,0.6752262711524963,-0.022815270349383354
3,0.7131912708282471,0.7531089186668396,1.825224131835057e-07,0.6784085035324097,0.7224779725074768,-0.011324464343488216,0.651059627532959,0.6629331111907959,-0.0173950158059597,0.6339817047119141,0.618217408657074,-0.024433797225356102,0.6178697943687439,0.5839414596557617,-0.0307433120906353,0.6837933659553528,0.5926625728607178,-0.008635449223220348,0.6711892485618591,0.5246597528457642,-0.021190641447901726,0.6628752946853638,0.48481374979019165,-0.028147924691438675,0.6567903161048889,0.4489634335041046,-0.03172164782881737,0.7076510787010193,0.5903183817863464,-0.0122908316552639,0.7021004557609558,0.5205789804458618,-0.027459654957056046,0.6961163282394409,0.48017096519470215,-0.03551333025097847,0.692258358001709,0.4433510899543762,-0.03792722895741463,0.7307236790657043,0.6028547883033752,-0.01753915846347809,0.7157760262489319,0.5947453379631042,-0.03854137659072876,0.709902286529541,0.6479665040969849,-0.03874579071998596,0.7105804681777954,0.6818723678588867,-0.03174612671136856,0.7520731091499329,0.6251030564308167,-0.023498980328440666,0.735139012336731,0.615601658821106,-0.03651206195354462,0.7261107563972473,0.6575395464897156,-0.03155685216188431,0.7255077958106995,0.6866406202316284,-0.02379460260272026
3,0.7414897084236145,0.678979218006134,3.7276203102010186e-07,0.7145634889602661,0.6682623028755188,-0.015102379955351353,0.6892649531364441,0.643191933631897,-0.02526077814400196,0.67308109998703,0.6270073056221008,-0.03515718877315521,0.6568148136138916,0.6205236911773682,-0.04413129389286041,0.6992713809013367,0.5430856943130493,-0.01810680888593197,0.6910313367843628,0.48682332038879395,-0.03149506822228432,0.6844052672386169,0.4515382647514343,-0.03897206857800484,0.6793753504753113,0.41868525743484497,-0.04333605244755745,0.7217784523963928,0.5336694121360779,-0.020367179065942764,0.7238275408744812,0.47125548124313354,-0.03804410621523857,0.7272791266441345,0.4304739236831665,-0.04780986160039902,0.7317607998847961,0.39119672775268555,-0.051780540496110916,0.7437437772750854,0.5403012037277222,-0.023798685520887375,0.757175862789154,0.535161554813385,-0.045526959002017975,0.7515579462051392,0.5850198268890381,-0.04653423652052879,0.7451245188713074,0.6176818609237671,-0.040575046092271805,0.7638415694236755,0.5570194721221924,-0.028258979320526123,0.7730493545532227,0.5510507822036743,-0.04274260252714157,0.7683784365653992,0.5850587487220764,-0.03967103734612465,0.7607446312904358,0.6079638600349426,-0.03331941366195679
3,0.7010821104049683,0.6938087344169617,3.1062276661941723e-07,0.6707566976547241,0.6755318641662598,-0.011867380701005459,0.6433871984481812,0.6382825970649719,-0.019186992198228836,0.62457674741745,0.616379976272583,-0.026706431061029434,0.6063521504402161,0.6079659461975098,-0.03374410793185234,0.6649683117866516,0.5506980419158936,-0.013194883242249489,0.656571626663208,0.4910326302051544,-0.02423541620373726,0.6507250070571899,0.45593345165252686,-0.030441462993621826,0.6461129784584045,0.42374658584594727,-0.034156132489442825,0.6884871125221252,0.5458511710166931,-0.0161131601780653,0.6904599070549011,0.48532426357269287,-0.030096963047981262,0.6940706372261047,0.44881778955459595,-0.038125090301036835,0.6984475255012512,0.4135851263999939,-0.04148664325475693,0.710353672504425,0.5555299520492554,-0.020108113065361977,0.7164697051048279,0.5543268322944641,-0.03792960196733475,0.7088442444801331,0.6006799936294556,-0.038621917366981506,0.702662467956543,0.6307145953178406,-0.03370669111609459,0.7295801639556885,0.5742144584655762,-0.025023769587278366,0.7325207591056824,0.5753099322319031,-0.03701857477426529,0.7243950963020325,0.6089984178543091,-0.03404984623193741,0.7165025472640991,0.6312583088874817,-0.028605397790670395
3,0.6101832389831543,0.7863507270812988,1.6426299964678037e-07,0.5772268772125244,0.7523325681686401,-0.011922118254005909,0.5508294105529785,0.6947118043899536,-0.01862793229520321,0.5305616855621338,0.6548193693161011,-0.025958945974707603,0.5126568078994751,0.623674750328064,-0.03270824998617172,0.5871137380599976,0.6269030570983887,-0.00903347972780466,0.5800821185112,0.5623422265052795,-0.020941726863384247,0.5733582973480225,0.5257155895233154,-0.0280277319252491,0.5675839185714722,0.4917321801185608,-0.032007474452257156,0.6119757890701294,0.6258348226547241,-0.012080203741788864,0.6110579967498779,0.5630621910095215,-0.025856349617242813,0.6067144870758057,0.5261465311050415,-0.03431572765111923,0.6039243340492249,0.4907805919647217,-0.037422262132167816,0.6351538300514221,0.6404336094856262,-0.01664098910987377,0.6213136911392212,0.6397668719291687,-0.03555342182517052,0.6124128103256226,0.6875479817390442,-0.03738586977124214,0.6102913022041321,0.7173323035240173,-0.03240736946463585,0.654577374458313,0.6651209592819214,-0.021974127739667892,0.637390673160553,0.6675748229026794,-0.03398726135492325,0.6262525320053101,0.7047857046127319,-0.03066680207848549,0.6238727569580078,0.7300414443016052,-0.024503694847226143
3,0.5950390100479126,0.8248855471611023,1.5273313636043895e-07,0.5615633130073547,0.7956229448318481,-0.010667369700968266,0.5327227711677551,0.7376249432563782,-0.015888486057519913,0.5119457840919495,0.6992456912994385,-0.022045442834496498,0.4909014105796814,0.6740869879722595,-0.02768276073038578,0.5666684508323669,0.6632143259048462,-0.007599621545523405,0.5582993626594543,0.6038704514503479,-0.017792033031582832,0.5514374375343323,0.5699266195297241,-0.023998865857720375,0.5458713173866272,0.5374450087547302,-0.02801082655787468,0.5927190184593201,0.6603474020957947,-0.011020278558135033,0.5902973413467407,0.6070367693901062,-0.023558074608445168,0.5881847143173218,0.5721644759178162,-0.0322224423289299,0.587389349937439,0.537344217300415,-0.03620811179280281,0.617477536201477,0.6741083860397339,-0.015718892216682434,0.6078174710273743,0.6828020215034485,-0.03323110193014145,0.598829448223114,0.730429470539093,-0.03501145914196968,0.5944803953170776,0.7607681155204773,-0.030667122453451157,0.6384957432746887,0.6986852884292603,-0.02123982459306717,0.6251603960990906,0.708721399307251,-0.032976821064949036,0.6137914061546326,0.7435988187789917,-0.030418187379837036,0.6082779169082642,0.767582893371582,-0.02512849122285843
3,0.5756123065948486,0.7930313944816589,1.3902830175993586e-07,0.5401845574378967,0.7595629692077637,-0.010435261763632298,0.5114827752113342,0.6957598924636841,-0.015192491002380848,0.4905509054660797,0.6535173058509827,-0.020953012630343437,0.4693349003791809,0.626903235912323,-0.026011869311332703,0.5491451621055603,0.6250342130661011,-0.006708153523504734,0.5409933924674988,0.5643495917320251,-0.017215797677636147,0.5337502360343933,0.5308399200439453,-0.023507358506321907,0.5275598168373108,0.49921196699142456,-0.027582421898841858,0.5761347413063049,0.622169017791748,-0.010651477612555027,0.5737220048904419,0.5695275664329529,-0.023283548653125763,0.5702002048492432,0.5371226668357849,-0.03158273547887802,0.5672454833984375,0.5059819221496582,-0.03492392972111702,0.6013764142990112,0.6379200220108032,-0.01605197973549366,0.5863876342773438,0.6550211310386658,-0.032858800143003464,0.5765873789787292,0.7010291814804077,-0.03488023579120636,0.5715352892875671,0.7296397686004639,-0.030843839049339294,0.6217957139015198,0.6657476425170898,-0.02244650200009346,0.6045992970466614,0.6857816576957703,-0.03328845277428627,0.5933059453964233,0.7173035144805908,-0.031222965568304062,0.5884167551994324,0.7371326684951782,-0.02647087350487709
3,0.6120302677154541,0.7940900921821594,1.3830391765168315e-07,0.5812549591064453,0.7547902464866638,-0.010036180727183819,0.5591688752174377,0.6880112886428833,-0.014398741535842419,0.544059693813324,0.6421747803688049,-0.019915560260415077,0.5278106331825256,0.6096862554550171,-0.024991828948259354,0.5974621772766113,0.6274068355560303,-0.005415808875113726,0.59400874376297,0.5655859708786011,-0.015459800139069557,0.589492917060852,0.5304837822914124,-0.021557791158556938,0.5855317711830139,0.4979127049446106,-0.025037961080670357,0.6218383312225342,0.6332835555076599,-0.008818764239549637,0.6246462464332581,0.5775906443595886,-0.021046318113803864,0.6248008608818054,0.5414527654647827,-0.029404427856206894,0.6254870891571045,0.5065057277679443,-0.03288786858320236,0.6441097855567932,0.6529930830001831,-0.013680210337042809,0.6360827684402466,0.6523690223693848,-0.03238122910261154,0.6236073970794678,0.6972768306732178,-0.035106148570775986,0.6159683465957642,0.7279165387153625,-0.03070434182882309,0.6628812551498413,0.6812921762466431,-0.0190692488104105,0.6520408391952515,0.6774603724479675,-0.031612660735845566,0.6377847790718079,0.7094811797142029,-0.02905743196606636,0.6290695071220398,0.734454333782196,-0.023402078077197075
3,0.645604133605957,0.7924655675888062,8.298903253489698e-08,0.6134470105171204,0.7597362995147705,-0.010956518352031708,0.5863907337188721,0.6993796825408936,-0.01638493873178959,0.5678067207336426,0.6598201394081116,-0.022399386391043663,0.5486055016517639,0.6361343264579773,-0.02729702554643154,0.6230313777923584,0.6386008858680725,-0.008092056959867477,0.6180393099784851,0.5889453887939453,-0.01974583975970745,0.611276388168335,0.5660881996154785,-0.02676396258175373,0.6056283712387085,0.5438272356987,-0.031098224222660065,0.6489490270614624,0.6356680393218994,-0.011123817414045334,0.6516905426979065,0.6005638837814331,-0.026089288294315338,0.6501206159591675,0.5774636268615723,-0.03521306440234184,0.6500747799873352,0.5518362522125244,-0.03914905712008476,0.6725839972496033,0.6490186452865601,-0.015658121556043625,0.6647204160690308,0.6773778796195984,-0.033407583832740784,0.6537159085273743,0.7166417241096497,-0.036436792463064194,0.6467301249504089,0.7382614612579346,-0.03349470719695091,0.6926596760749817,0.6726812124252319,-0.02123703807592392,0.6823908090591431,0.7005948424339294,-0.033057715743780136,0.6691390872001648,0.7297002673149109,-0.03294747695326805,0.660217821598053,0.744396448135376,-0.029867907986044884
3,0.6608836650848389,0.7531435489654541,2.638436740198813e-07,0.6206446886062622,0.711116373538971,-0.016433414071798325,0.5917943120002747,0.6336158514022827,-0.0242939256131649,0.5730769038200378,0.5755174160003662,-0.0328061506152153,0.5537058115005493,0.5320355296134949,-0.04017545282840729,0.6357474327087402,0.5497786998748779,-0.009739595465362072,0.6282318234443665,0.4737924337387085,-0.022817980498075485,0.6217846274375916,0.4281292259693146,-0.030938904732465744,0.617502748966217,0.3860117793083191,-0.036039769649505615,0.6666680574417114,0.5553464889526367,-0.013242175802588463,0.6681885719299316,0.4814169108867645,-0.030454108491539955,0.6672587394714355,0.4321870803833008,-0.04161654785275459,0.6678431034088135,0.384052038192749,-0.04644261300563812,0.6953049898147583,0.578641414642334,-0.018976597115397453,0.6871216297149658,0.5680110454559326,-0.04512757062911987,0.6729285717010498,0.6281458139419556,-0.047759126871824265,0.6647310256958008,0.6670953035354614,-0.041207872331142426,0.7210580110549927,0.6124515533447266,-0.025636008009314537,0.7091229557991028,0.5989208221435547,-0.04391971975564957,0.6938812732696533,0.6416555047035217,-0.04066295921802521,0.6849304437637329,0.6731364130973816,-0.033178333193063736
3,0.679063081741333,0.5139473676681519,2.2575946445613226e-07,0.6424362659454346,0.47507017850875854,-0.014794857241213322,0.6152848601341248,0.4039558172225952,-0.02189265377819538,0.5979621410369873,0.34814634919166565,-0.02989812009036541,0.5797244310379028,0.31045281887054443,-0.03685538098216057,0.6515218615531921,0.32784733176231384,-0.009478493593633175,0.64389967918396,0.25621819496154785,-0.023691438138484955,0.6378846168518066,0.21283675730228424,-0.032680001109838486,0.6335892081260681,0.17256128787994385,-0.038503166288137436,0.6782103776931763,0.3317609131336212,-0.013870485126972198,0.678705096244812,0.25430572032928467,-0.03267347440123558,0.6762971878051758,0.20742343366146088,-0.04493935406208038,0.6764757037162781,0.16211603581905365,-0.05078934505581856,0.7042449712753296,0.3545566201210022,-0.020109472796320915,0.7034396529197693,0.32522448897361755,-0.04701484739780426,0.6899499297142029,0.3816261887550354,-0.04843098297715187,0.6826184391975403,0.42119693756103516,-0.041288476437330246,0.7276756763458252,0.3878028988838196,-0.027112089097499847,0.7213607430458069,0.36109861731529236,-0.04642171412706375,0.7081601023674011,0.3980412185192108,-0.04284985736012459,0.7008346319198608,0.4276410639286041,-0.03516005352139473
3,0.6903446912765503,0.5397201180458069,2.0481735418798053e-07,0.6594878435134888,0.5018584728240967,-0.012143772095441818,0.6366159319877625,0.4372357428073883,-0.01682920567691326,0.6212177276611328,0.38912007212638855,-0.02237234078347683,0.6058093309402466,0.35511642694473267,-0.027032023295760155,0.6690372228622437,0.3762134909629822,-0.003782822983339429,0.6649336218833923,0.319641649723053,-0.013616195879876614,0.6615362167358398,0.2856258153915405,-0.019799526780843735,0.6599078178405762,0.2533416152000427,-0.023842623457312584,0.6934778094291687,0.3806232511997223,-0.006519699469208717,0.69677734375,0.3251114785671234,-0.020013175904750824,0.6987236738204956,0.2893655300140381,-0.02884029410779476,0.7021883130073547,0.25411564111709595,-0.03292909637093544,0.7156630754470825,0.3999496102333069,-0.011279243975877762,0.7145278453826904,0.39183712005615234,-0.032174255698919296,0.7015082836151123,0.4382162392139435,-0.03429938107728958,0.6930479407310486,0.4697309136390686,-0.02927078865468502,0.7352651953697205,0.4282599687576294,-0.01672818884253502,0.7318695187568665,0.4158901572227478,-0.0313682034611702,0.7185174822807312,0.44793805480003357,-0.029238346964120865,0.7089998722076416,0.4720752537250519,-0.023894529789686203
3,0.6445691585540771,0.565757155418396,1.808456602248043e-07,0.6152945756912231,0.529663622379303,-0.008257238194346428,0.5942928194999695,0.47274404764175415,-0.012593524530529976,0.5810831189155579,0.43139490485191345,-0.018325230106711388,0.5672587156295776,0.40174710750579834,-0.023467259481549263,0.6247648000717163,0.4146549701690674,-0.004298473708331585,0.6183337569236755,0.356100469827652,-0.013639274053275585,0.6131557822227478,0.32180681824684143,-0.019136976450681686,0.6094458699226379,0.290706604719162,-0.022187719121575356,0.6460990309715271,0.4182767868041992,-0.008609682321548462,0.6469376087188721,0.35637348890304565,-0.020243298262357712,0.645214319229126,0.3177609443664551,-0.027294158935546875,0.6452381610870361,0.2832132875919342,-0.0299904253333807,0.6663618087768555,0.4358071982860565,-0.014246656559407711,0.6601579785346985,0.4163956940174103,-0.03253240883350372,0.6507836580276489,0.4622358977794647,-0.03272505849599838,0.6469879746437073,0.4951154291629791,-0.02658790349960327,0.6848383545875549,0.46239203214645386,-0.02025955729186535,0.6771124601364136,0.4401693046092987,-0.03222668170928955,0.6663247346878052,0.47190606594085693,-0.027687396854162216,0.6612767577171326,0.49835583567619324,-0.020650869235396385
3,0.6507939100265503,0.588668942451477,1.660180117823984e-07,0.6243906021118164,0.5476754903793335,-0.007996915839612484,0.6060913801193237,0.48731881380081177,-0.012117666192352772,0.5954763293266296,0.4435393512248993,-0.017516303807497025,0.5852677226066589,0.41003015637397766,-0.022415556013584137,0.6419879794120789,0.4375976622104645,-0.005392845720052719,0.6382127404212952,0.37933051586151123,-0.01482267864048481,0.6347835063934326,0.3441005349159241,-0.020539743825793266,0.6322923898696899,0.3114958107471466,-0.0239780992269516,0.6620540618896484,0.44498109817504883,-0.009811284020543098,0.665554404258728,0.38256362080574036,-0.02125324308872223,0.6657611727714539,0.3437379002571106,-0.02844289131462574,0.6668925285339355,0.30790984630584717,-0.03150849789381027,0.6805851459503174,0.46599245071411133,-0.015349111519753933,0.6735256910324097,0.4455322027206421,-0.033335573971271515,0.6618004441261292,0.48682674765586853,-0.03369681164622307,0.6561240553855896,0.5169959664344788,-0.02802249789237976,0.6964554786682129,0.49546223878860474,-0.021236050873994827,0.6886215806007385,0.47196486592292786,-0.03344450145959854,0.6762487888336182,0.5005421042442322,-0.02918091043829918,0.6702576279640198,0.5257732272148132,-0.022497838363051414
3,0.6535682678222656,0.6045462489128113,1.3915415308929369e-07,0.6276047229766846,0.5620105266571045,-0.007665329612791538,0.6114374399185181,0.4993671476840973,-0.011728248558938503,0.6024430990219116,0.4556255042552948,-0.01728403940796852,0.5917695760726929,0.42142391204833984,-0.022378982976078987,0.6465670466423035,0.4517829120159149,-0.00405428372323513,0.6430858373641968,0.3921639621257782,-0.014037796296179295,0.6395278573036194,0.35739994049072266,-0.02003362961113453,0.63632732629776,0.32612597942352295,-0.023220393806695938,0.667492151260376,0.4600108861923218,-0.008585669100284576,0.6716675162315369,0.3996184766292572,-0.02040848322212696,0.6704404950141907,0.3625708818435669,-0.027613891288638115,0.6690713167190552,0.3291199803352356,-0.03004436008632183,0.6863373517990112,0.4810180068016052,-0.014428420923650265,0.674511194229126,0.46475154161453247,-0.0322960801422596,0.6633087396621704,0.5081945657730103,-0.03302108496427536,0.6584169268608093,0.5388349890708923,-0.02722642384469509,0.7024785280227661,0.5105047821998596,-0.020686136558651924,0.6901769638061523,0.49280354380607605,-0.0318467877805233,0.677725613117218,0.5224230289459229,-0.02751077711582184,0.6726084351539612,0.547242283821106,-0.020670441910624504
3,0.6847718954086304,0.5720235705375671,2.8719702527268964e-07,0.6576098203659058,0.5459710359573364,-0.012480203062295914,0.6348106265068054,0.5035021901130676,-0.020093536004424095,0.6166995167732239,0.47136127948760986,-0.028104053810238838,0.5984337329864502,0.44919049739837646,-0.035362593829631805,0.657890260219574,0.4330616295337677,-0.009747451171278954,0.6531832218170166,0.3797222673892975,-0.02089235745370388,0.6495852470397949,0.3469180464744568,-0.027577361091971397,0.6478722095489502,0.3152695298194885,-0.031852710992097855,0.6782677173614502,0.43285009264945984,-0.01260111853480339,0.6811402440071106,0.37059807777404785,-0.028021741658449173,0.6827396750450134,0.33385980129241943,-0.03751441091299057,0.6869234442710876,0.2965567708015442,-0.04189307615160942,0.6984034180641174,0.4479762613773346,-0.016708802431821823,0.7041743993759155,0.4312710464000702,-0.03721654415130615,0.6935725808143616,0.47670993208885193,-0.03766092285513878,0.6868824362754822,0.5048969388008118,-0.031814269721508026,0.7166211605072021,0.47119635343551636,-0.021468963474035263,0.7181017994880676,0.4548144042491913,-0.035098183900117874,0.7091525197029114,0.48586031794548035,-0.031304799020290375,0.7023549675941467,0.5052511096000671,-0.024933546781539917
3,0.6918089389801025,0.5768104791641235,2.9661785561074794e-07,0.666212797164917,0.5513884425163269,-0.01456433068960905,0.6459323167800903,0.5100679397583008,-0.023211192339658737,0.6298981308937073,0.47590088844299316,-0.03167324885725975,0.6146544218063354,0.44884398579597473,-0.03917938098311424,0.6686403155326843,0.4347737729549408,-0.01180950552225113,0.6653533577919006,0.3830837607383728,-0.023870546370744705,0.6636162996292114,0.3512437343597412,-0.03139215707778931,0.6634584069252014,0.3208796977996826,-0.035990677773952484,0.688952624797821,0.4366685748100281,-0.013893687166273594,0.693744421005249,0.37651073932647705,-0.02926699072122574,0.6977539658546448,0.3419454097747803,-0.03830613195896149,0.703531801700592,0.30781814455986023,-0.04226280748844147,0.7078573703765869,0.4536064863204956,-0.017550896853208542,0.7161279916763306,0.4375935196876526,-0.038437701761722565,0.7054629921913147,0.4828985929489136,-0.038932476192712784,0.6980188488960266,0.5107238292694092,-0.03307968005537987,0.7243814468383789,0.4787566065788269,-0.022072749212384224,0.7281008362770081,0.46339893341064453,-0.036698926240205765,0.7187360525131226,0.49413469433784485,-0.033476512879133224,0.7109378576278687,0.5140401124954224,-0.027300871908664703
3,0.6565505862236023,0.6198170185089111,1.8404020352136286e-07,0.6286492943763733,0.581057071685791,-0.009018756449222565,0.6086806654930115,0.5212832093238831,-0.0138528011739254,0.5958102345466614,0.47843673825263977,-0.019819580018520355,0.5815848708152771,0.44765743613243103,-0.025289779528975487,0.6422592997550964,0.4629673957824707,-0.0072082290425896645,0.6383666396141052,0.40141624212265015,-0.016916297376155853,0.6350313425064087,0.36401259899139404,-0.02291703037917614,0.6324498653411865,0.33009660243988037,-0.026587944477796555,0.6632233262062073,0.47061413526535034,-0.011285331100225449,0.6666654944419861,0.4098566770553589,-0.023177580907940865,0.6678484678268433,0.3716294765472412,-0.030408326536417007,0.66965651512146,0.3361632525920868,-0.033557675778865814,0.6825538873672485,0.4918738901615143,-0.016538113355636597,0.6775864958763123,0.47583213448524475,-0.03464037925004959,0.6665899157524109,0.5186951160430908,-0.03505741432309151,0.6607169508934021,0.5492463111877441,-0.029585514217615128,0.6990268230438232,0.5213643908500671,-0.022259706631302834,0.6926088929176331,0.5015707015991211,-0.034697480499744415,0.6801745891571045,0.5317089557647705,-0.03065440244972706,0.673369288444519,0.5574231743812561,-0.024189792573451996
3,0.6505236029624939,0.6234323978424072,1.6230599442224047e-07,0.6231730580329895,0.582107424736023,-0.008584242314100266,0.6052954196929932,0.5208302736282349,-0.012965315952897072,0.5941433906555176,0.4773954749107361,-0.018512332811951637,0.5813942551612854,0.4451489746570587,-0.023634808138012886,0.6398143172264099,0.4718199074268341,-0.007020812481641769,0.6371885538101196,0.4092016816139221,-0.017190951853990555,0.63410484790802,0.3718498647212982,-0.022961333394050598,0.6321923136711121,0.3382125794887543,-0.0259083304554224,0.6611496210098267,0.47849240899086,-0.010685020126402378,0.6644939184188843,0.4178984463214874,-0.022570423781871796,0.664625883102417,0.37903738021850586,-0.02956469915807247,0.665520429611206,0.34500765800476074,-0.032064009457826614,0.6804409027099609,0.49808409810066223,-0.015511896461248398,0.6712043881416321,0.4885857105255127,-0.03284182399511337,0.6594536304473877,0.5287832021713257,-0.03382350504398346,0.6533544659614563,0.5583168268203735,-0.028536930680274963,0.6966102719306946,0.5254946947097778,-0.02079622820019722,0.6870385408401489,0.5121888518333435,-0.031428735703229904,0.6739509105682373,0.5408077836036682,-0.027234474197030067,0.6670361757278442,0.5654476881027222,-0.02071409486234188
3,0.6613033413887024,0.6132078170776367,2.446471683015261e-07,0.6324876546859741,0.5772110819816589,-0.012644377537071705,0.6121639609336853,0.5209425091743469,-0.018839634954929352,0.6002514958381653,0.47715187072753906,-0.025173338130116463,0.5896066427230835,0.44253668189048767,-0.03036409243941307,0.6435246467590332,0.46098658442497253,-0.010691504925489426,0.6394008994102478,0.39902442693710327,-0.02158549800515175,0.6365877389907837,0.3607962727546692,-0.02793438732624054,0.6345762610435486,0.3269350528717041,-0.031643833965063095,0.6648200154304504,0.46751517057418823,-0.013189599849283695,0.6698915958404541,0.4038814902305603,-0.02643461339175701,0.6720396280288696,0.36379703879356384,-0.03397713974118233,0.6752455830574036,0.32700634002685547,-0.037062983959913254,0.6842681169509888,0.48904842138290405,-0.017175449058413506,0.6869277954101562,0.47052520513534546,-0.03653340041637421,0.6755188703536987,0.5109180808067322,-0.03690255805850029,0.6682211756706238,0.5398001670837402,-0.03100566938519478,0.7009081840515137,0.518865704536438,-0.02189888060092926,0.7001658082008362,0.4998047947883606,-0.035745102912187576,0.6888847947120667,0.5274726152420044,-0.0323527492582798,0.6809778809547424,0.5496693253517151,-0.025961436331272125
3,0.6688207983970642,0.5440548658370972,1.6472085917484947e-07,0.6363710761070251,0.5147867202758789,-0.00948009081184864,0.6136318445205688,0.46904855966567993,-0.012808534316718578,0.6013983488082886,0.42630553245544434,-0.017222462221980095,0.5970026850700378,0.39230814576148987,-0.02095712348818779,0.6435801982879639,0.42012718319892883,-0.0008354564779438078,0.6374725103378296,0.36921441555023193,-0.009410494938492775,0.6329751014709473,0.33676326274871826,-0.015482855960726738,0.6302069425582886,0.3077278137207031,-0.019183816388249397,0.6621052026748657,0.4184061586856842,-0.0031168602872639894,0.6621204018592834,0.3605550527572632,-0.013319523073732853,0.6604315638542175,0.323725163936615,-0.02011019177734852,0.6603549122810364,0.29021692276000977,-0.02323429472744465,0.6806994676589966,0.42765650153160095,-0.007203748915344477,0.6817997694015503,0.3969070315361023,-0.023355336859822273,0.6744283437728882,0.4340994358062744,-0.023889916017651558,0.6693254113197327,0.46456360816955566,-0.018878746777772903,0.6985555291175842,0.4464203715324402,-0.011980544775724411,0.6975674629211426,0.41799405217170715,-0.023421376943588257,0.6885278820991516,0.4410054087638855,-0.020368782803416252,0.6811228394508362,0.464468389749527,-0.014798046089708805
3,0.6676496267318726,0.5468302369117737,1.606272945764431e-07,0.6365028619766235,0.5163511037826538,-0.009306173771619797,0.6146755218505859,0.4688881039619446,-0.012698998674750328,0.6037946939468384,0.4269300103187561,-0.01717311516404152,0.6000949144363403,0.3937738537788391,-0.021080220118165016,0.6451102495193481,0.42405015230178833,-0.002632260089740157,0.6394098401069641,0.371412456035614,-0.011748400516808033,0.635046124458313,0.3378179669380188,-0.01778681017458439,0.6322945952415466,0.3080412745475769,-0.02141825668513775,0.6637037396430969,0.42307519912719727,-0.005247528199106455,0.6643832921981812,0.3650560975074768,-0.01613476499915123,0.6628091931343079,0.3281123638153076,-0.023044269531965256,0.662811815738678,0.29452216625213623,-0.026143178343772888,0.6823336482048035,0.43298181891441345,-0.00949418731033802,0.6835469603538513,0.40168458223342896,-0.026357995346188545,0.6752826571464539,0.439450740814209,-0.026780270040035248,0.6694469451904297,0.4698621928691864,-0.021584928035736084,0.7000149488449097,0.45267611742019653,-0.014349915087223053,0.6988816261291504,0.42433664202690125,-0.026504404842853546,0.6892252564430237,0.4481745958328247,-0.02348252572119236,0.6812736392021179,0.4718092978000641,-0.017817290499806404
3,0.6641372442245483,0.5845681428909302,2.08008557933681e-07,0.6364915370941162,0.5472612977027893,-0.010852018371224403,0.6165326833724976,0.4883553683757782,-0.016913240775465965,0.6032322645187378,0.44477924704551697,-0.023754363879561424,0.5892173051834106,0.4139745831489563,-0.0299063827842474,0.6512605547904968,0.432605117559433,-0.008375934325158596,0.6487100124359131,0.37427258491516113,-0.019361121580004692,0.646007776260376,0.3381783068180084,-0.026245906949043274,0.6444663405418396,0.30516278743743896,-0.03064761869609356,0.6722380518913269,0.43988069891929626,-0.012189141474664211,0.6776676774024963,0.3784821033477783,-0.025795647874474525,0.6797073483467102,0.3399061858654022,-0.03419715166091919,0.6833530068397522,0.30300796031951904,-0.038135774433612823,0.6914587616920471,0.46194976568222046,-0.017366277053952217,0.6916890740394592,0.4414164125919342,-0.03723229095339775,0.6791808605194092,0.48302924633026123,-0.03762970492243767,0.6719317436218262,0.5128161311149597,-0.03185329958796501,0.7076692581176758,0.4923066198825836,-0.02312512695789337,0.7046064734458923,0.4708561301231384,-0.03693860396742821,0.6923604011535645,0.49795329570770264,-0.03320914879441261,0.6846702694892883,0.5199664235115051,-0.026814211159944534
3,0.6654689908027649,0.6049432754516602,2.1262634675167646e-07,0.6372566819190979,0.5706509947776794,-0.010960420593619347,0.6153514981269836,0.5161311030387878,-0.016502711921930313,0.6009253263473511,0.4775615632534027,-0.022851215675473213,0.586834728717804,0.45023488998413086,-0.02841677889227867,0.6523479223251343,0.45932868123054504,-0.006374306511133909,0.6519858241081238,0.4125045835971832,-0.016311245039105415,0.6503233909606934,0.38358044624328613,-0.02236826904118061,0.6498193740844727,0.3553469181060791,-0.026347527280449867,0.6748268604278564,0.4617851674556732,-0.009391075931489468,0.6823709011077881,0.4151996374130249,-0.02220894955098629,0.6873520612716675,0.38413581252098083,-0.030687427148222923,0.6935433745384216,0.3538789749145508,-0.03450801596045494,0.6943843960762024,0.47939610481262207,-0.013899445533752441,0.6938951015472412,0.48565495014190674,-0.03185831010341644,0.6805510520935059,0.5244584083557129,-0.033880800008773804,0.6710559725761414,0.5507084131240845,-0.029606224969029427,0.7102000713348389,0.5065180659294128,-0.019245905801653862,0.7067651152610779,0.5123744606971741,-0.03197690472006798,0.6940954923629761,0.5386985540390015,-0.030532993376255035,0.6838711500167847,0.5574964284896851,-0.025895586237311363
3,0.664495587348938,0.6114104390144348,2.0134410760874744e-07,0.6364502906799316,0.5797364711761475,-0.010716928169131279,0.6145817637443542,0.527622640132904,-0.01614713855087757,0.5993332266807556,0.49178943037986755,-0.02242971956729889,0.5836256146430969,0.4665670692920685,-0.02802240662276745,0.6489707827568054,0.4708382189273834,-0.006262736860662699,0.6489809155464172,0.4249340891838074,-0.015438911505043507,0.6474164128303528,0.39665311574935913,-0.021008925512433052,0.6473326683044434,0.3688742518424988,-0.024757392704486847,0.671522319316864,0.47226211428642273,-0.008993563242256641,0.6785880923271179,0.4309655725955963,-0.02142465114593506,0.682970404624939,0.40177756547927856,-0.02962026186287403,0.6886544227600098,0.37254732847213745,-0.03343917429447174,0.6916648149490356,0.4875378906726837,-0.01316556241363287,0.6917798519134521,0.49689537286758423,-0.030638042837381363,0.6785881519317627,0.5358684062957764,-0.03250672668218613,0.6690878868103027,0.5610387325286865,-0.028366418555378914,0.7080610394477844,0.5119409561157227,-0.018124856054782867,0.7061412334442139,0.516252338886261,-0.030169818550348282,0.6949081420898438,0.5419599413871765,-0.028438469395041466,0.6858994364738464,0.5593806505203247,-0.023868387565016747
3,0.6610158681869507,0.5956941246986389,2.1762670598945988e-07,0.6324487924575806,0.5611196756362915,-0.012142638675868511,0.611469030380249,0.5062194466590881,-0.01892065443098545,0.5977946519851685,0.46301746368408203,-0.02616545371711254,0.5849701762199402,0.429636150598526,-0.032573848962783813,0.6453803181648254,0.4469161331653595,-0.009681073017418385,0.6414445638656616,0.38708144426345825,-0.020903099328279495,0.6380338072776794,0.35016801953315735,-0.028051085770130157,0.635776698589325,0.3165794610977173,-0.03255041316151619,0.666255533695221,0.45331886410713196,-0.012780250050127506,0.670191764831543,0.3914928734302521,-0.02652284875512123,0.6709755063056946,0.3517298400402069,-0.03502736985683441,0.6730635762214661,0.31413137912750244,-0.039036236703395844,0.6855711340904236,0.47414907813072205,-0.017310136929154396,0.6847744584083557,0.4541873633861542,-0.037183426320552826,0.6723735928535461,0.4953930974006653,-0.03773845359683037,0.6648872494697571,0.5252381563186646,-0.03211723640561104,0.7020384073257446,0.5032124519348145,-0.02254173532128334,0.6981759667396545,0.48289376497268677,-0.03674773499369621,0.6859822273254395,0.5110729932785034,-0.03321895748376846,0.6781224608421326,0.5345108509063721,-0.026847466826438904
3,0.6897740960121155,0.6230469346046448,2.625698130032106e-07,0.6570797562599182,0.5833089351654053,-0.01411727536469698,0.632312536239624,0.5198520421981812,-0.021734420210123062,0.6171532869338989,0.4703623354434967,-0.029615778475999832,0.6047583222389221,0.4313313066959381,-0.03632847219705582,0.6687543392181396,0.4509909451007843,-0.012702376581728458,0.6636090278625488,0.3831116259098053,-0.026002179831266403,0.6598803400993347,0.34071409702301025,-0.0340966135263443,0.6575559377670288,0.3020440340042114,-0.039144422858953476,0.6924933195114136,0.4570434093475342,-0.015895044431090355,0.6983075141906738,0.3880574107170105,-0.032748423516750336,0.6999548673629761,0.3440459668636322,-0.04272576794028282,0.7033283114433289,0.3021487891674042,-0.047195371240377426,0.7144899964332581,0.4804556667804718,-0.02050657756626606,0.7171265482902527,0.4573579430580139,-0.04365793988108635,0.7028160095214844,0.507526159286499,-0.04335653409361839,0.6944343447685242,0.5418761968612671,-0.03609535098075867,0.7335793972015381,0.513335108757019,-0.0259221363812685,0.7324686050415039,0.49020203948020935,-0.04248436912894249,0.7187924385070801,0.523971438407898,-0.03813678026199341,0.7097747325897217,0.549570620059967,-0.030395321547985077
3,0.7140819430351257,0.6307858824729919,3.2925896675806143e-07,0.6781448125839233,0.5812172889709473,-0.020864183083176613,0.6508151888847351,0.5095855593681335,-0.030165746808052063,0.632736086845398,0.4482584297657013,-0.039229996502399445,0.6241561770439148,0.3955613076686859,-0.04629870131611824,0.6908050775527954,0.4245340824127197,-0.01216147281229496,0.6862879395484924,0.344308465719223,-0.02732320874929428,0.6824274659156799,0.2952563762664795,-0.03697323054075241,0.6802414059638977,0.24943846464157104,-0.043264370411634445,0.7179025411605835,0.43229809403419495,-0.01376909390091896,0.7250510454177856,0.3520025908946991,-0.033359237015247345,0.7273873686790466,0.30235007405281067,-0.04460381716489792,0.7318435907363892,0.25546765327453613,-0.04976794868707657,0.7427644729614258,0.4608258306980133,-0.01832527667284012,0.7534959316253662,0.4289734959602356,-0.04777250811457634,0.7375175356864929,0.4906018376350403,-0.04919246584177017,0.7270523905754089,0.5324953198432922,-0.04130038246512413,0.7647598385810852,0.5001758933067322,-0.024217592552304268,0.7696714401245117,0.4718046188354492,-0.04714824631810188,0.7545827031135559,0.5126549601554871,-0.04545293003320694,0.744238555431366,0.5433558225631714,-0.03846704587340355
3,0.6582009792327881,0.5976679921150208,2.6816888976100017e-07,0.6248656511306763,0.5595827102661133,-0.019568879157304764,0.5982677936553955,0.4968421459197998,-0.028423359617590904,0.5800302028656006,0.44397830963134766,-0.03668380528688431,0.568922221660614,0.3992535173892975,-0.04315930977463722,0.6299962997436523,0.4164700508117676,-0.013049613684415817,0.6230720281600952,0.3432776927947998,-0.026665473356842995,0.6181130409240723,0.29957878589630127,-0.03504382073879242,0.6144265532493591,0.2591882050037384,-0.0402541384100914,0.6553991436958313,0.4209210276603699,-0.01361720822751522,0.6571937203407288,0.3497633635997772,-0.030372334644198418,0.6579707860946655,0.3085364103317261,-0.039726510643959045,0.6602438688278198,0.26910287141799927,-0.04366926848888397,0.6795380115509033,0.44343093037605286,-0.01676061376929283,0.6856025457382202,0.42074012756347656,-0.04192154482007027,0.6747046709060669,0.4750974178314209,-0.04296957701444626,0.66739821434021,0.5115035772323608,-0.035987403243780136,0.7016400098800659,0.4751099944114685,-0.0211093258112669,0.7033523917198181,0.45163971185684204,-0.0398748517036438,0.6918186545372009,0.48892277479171753,-0.0374457873404026,0.6837877631187439,0.5164657235145569,-0.030781159177422523
3,0.6703354716300964,0.6593623161315918,2.7030816340811725e-07,0.6385669112205505,0.6190597414970398,-0.02171979658305645,0.6144912242889404,0.5499139428138733,-0.03064935840666294,0.5962190628051758,0.4947090446949005,-0.038728177547454834,0.5874956846237183,0.44654932618141174,-0.044835831969976425,0.6464447975158691,0.4682876467704773,-0.01312228199094534,0.6412818431854248,0.39283594489097595,-0.02828257344663143,0.6367827653884888,0.3470695912837982,-0.03774648532271385,0.6339815855026245,0.30461385846138,-0.04358722269535065,0.6724004149436951,0.4725167751312256,-0.0127476891502738,0.6766447424888611,0.4043934941291809,-0.03185206279158592,0.6803737878799438,0.3629748225212097,-0.04300643131136894,0.6854056715965271,0.32100051641464233,-0.04764949902892113,0.6966559886932373,0.49429255723953247,-0.01529373787343502,0.7069815397262573,0.4801673889160156,-0.043023280799388885,0.694133996963501,0.5370070934295654,-0.0456753708422184,0.683803915977478,0.5726978778839111,-0.03900543227791786,0.7182590365409851,0.5257889628410339,-0.019269613549113274,0.7232024669647217,0.5130038261413574,-0.04085385426878929,0.7113112211227417,0.5509936213493347,-0.04035522788763046,0.7016934752464294,0.5766456127166748,-0.034330930560827255
3,0.665894627571106,0.6215783357620239,2.6269466957273835e-07,0.6318431496620178,0.5791234374046326,-0.021136099472641945,0.6057747006416321,0.5114697217941284,-0.02969353273510933,0.5883986949920654,0.45440158247947693,-0.03762020915746689,0.5806675553321838,0.4045506715774536,-0.04347262904047966,0.6402575969696045,0.43443432450294495,-0.011447210796177387,0.6345936059951782,0.3588940501213074,-0.024584313854575157,0.6299260854721069,0.3145598769187927,-0.0326576791703701,0.6274693012237549,0.273474782705307,-0.03770957142114639,0.6665977239608765,0.44046586751937866,-0.011027619242668152,0.6679175496101379,0.3706604540348053,-0.028013315051794052,0.6694955825805664,0.3258407711982727,-0.03777731955051422,0.673522412776947,0.2828505039215088,-0.04201427102088928,0.691284716129303,0.463572233915329,-0.013704221695661545,0.6958266496658325,0.44031450152397156,-0.04039141535758972,0.6839460730552673,0.4955196976661682,-0.04320220276713371,0.6761502623558044,0.5323379635810852,-0.03686746209859848,0.7142478227615356,0.49501389265060425,-0.017668606713414192,0.7149545550346375,0.46991461515426636,-0.038443200290203094,0.7022649049758911,0.5067588090896606,-0.03797128424048424,0.6934443712234497,0.5339727997779846,-0.0323464460670948
3,0.6285606026649475,0.6204860806465149,1.0625898738680917e-07,0.595689594745636,0.5766116380691528,-0.007109538186341524,0.5727196335792542,0.501154363155365,-0.01038826908916235,0.559008777141571,0.45084261894226074,-0.015857189893722534,0.5449240207672119,0.4147638976573944,-0.02095986343920231,0.611823320388794,0.4398573338985443,-0.003308043582364917,0.6020254492759705,0.36560267210006714,-0.01563151925802231,0.5943300724029541,0.3238818049430847,-0.022718140855431557,0.5877552032470703,0.28823330998420715,-0.026278963312506676,0.6362903118133545,0.4423028528690338,-0.009519378654658794,0.6319360733032227,0.3673362135887146,-0.02460097335278988,0.6240867376327515,0.32602953910827637,-0.03324471786618233,0.6170493960380554,0.2906171679496765,-0.03557174652814865,0.6594690084457397,0.4605799913406372,-0.017168540507555008,0.6393140554428101,0.4458009898662567,-0.03813272714614868,0.6306614875793457,0.49982714653015137,-0.038732580840587616,0.6294389963150024,0.537053108215332,-0.031677309423685074,0.6795094609260559,0.48995986580848694,-0.025277385488152504,0.6578753590583801,0.4782879650592804,-0.0382532998919487,0.6458794474601746,0.5189105868339539,-0.03329083323478699,0.6438735127449036,0.5503987073898315,-0.025226835161447525
3,0.6324584484100342,0.6337438821792603,1.3463778714140062e-07,0.6011637449264526,0.5801987648010254,-0.009715021587908268,0.5828966498374939,0.4992648661136627,-0.013875066302716732,0.5716953873634338,0.44405457377433777,-0.019796352833509445,0.5592338442802429,0.40177270770072937,-0.02515271119773388,0.6270162463188171,0.44635480642318726,-0.006045626010745764,0.6246136426925659,0.3729119896888733,-0.018225785344839096,0.6214420795440674,0.3309119939804077,-0.025792596861720085,0.6194685101509094,0.29188212752342224,-0.030278364196419716,0.6524702906608582,0.45689693093299866,-0.011088376864790916,0.6551759243011475,0.39382490515708923,-0.026017121970653534,0.6558008790016174,0.35250869393348694,-0.03544030338525772,0.6567054986953735,0.3130582869052887,-0.039381884038448334,0.6755290627479553,0.48286500573158264,-0.017691003158688545,0.6643605828285217,0.4740981161594391,-0.03927138075232506,0.6498035788536072,0.523551344871521,-0.0407789871096611,0.6410444378852844,0.5582457780838013,-0.034871842712163925,0.6948622465133667,0.519027590751648,-0.02496623806655407,0.6828451156616211,0.5076423287391663,-0.039540670812129974,0.6656836867332458,0.5420644283294678,-0.03587282821536064,0.6555927395820618,0.5711561441421509,-0.02888304553925991
3,0.6697513461112976,0.6578356027603149,3.833385164853098e-07,0.6430345177650452,0.6359835863113403,-0.024418244138360023,0.6220378875732422,0.5984466671943665,-0.039298150688409805,0.6084527373313904,0.5678691267967224,-0.052556999027729034,0.5978952646255493,0.5355685353279114,-0.0642939954996109,0.6398477554321289,0.48610159754753113,-0.02773616462945938,0.6348157525062561,0.4161655604839325,-0.045809708535671234,0.6310912370681763,0.37305065989494324,-0.056359998881816864,0.6295235753059387,0.33209842443466187,-0.06251087784767151,0.6668927669525146,0.4877031743526459,-0.027692869305610657,0.6715565323829651,0.415955126285553,-0.04837628826498985,0.6766657829284668,0.3731105327606201,-0.05920138582587242,0.6831010580062866,0.33013224601745605,-0.06368796527385712,0.6912133693695068,0.5076134204864502,-0.029789922758936882,0.7030795812606812,0.49824315309524536,-0.05685926228761673,0.6902640461921692,0.5566825270652771,-0.05768028274178505,0.6796448230743408,0.5927286148071289,-0.050437841564416885,0.7120823860168457,0.5388460755348206,-0.03356345742940903,0.7192778587341309,0.5300910472869873,-0.0534161739051342,0.7078369855880737,0.5697484016418457,-0.05066239461302757,0.6965199112892151,0.5948701500892639,-0.04353727027773857
3,0.661777913570404,0.6641671657562256,3.0165409725668724e-07,0.6266562938690186,0.6271165609359741,-0.019064614549279213,0.5985206961631775,0.5649310350418091,-0.02797979861497879,0.5789127349853516,0.5155943036079407,-0.036369580775499344,0.5659918189048767,0.47476494312286377,-0.043047767132520676,0.6343453526496887,0.48377394676208496,-0.013964315876364708,0.6302210688591003,0.4153881072998047,-0.02760230004787445,0.6264208555221558,0.3742871582508087,-0.03588906303048134,0.6240602731704712,0.33503568172454834,-0.04119686782360077,0.6608691811561584,0.48580554127693176,-0.015064681880176067,0.6640840172767639,0.4195215106010437,-0.032763563096523285,0.6679251790046692,0.37671345472335815,-0.04340054467320442,0.6726910471916199,0.33376598358154297,-0.04822202026844025,0.684937059879303,0.5062723755836487,-0.01840241253376007,0.6919875741004944,0.49731218814849854,-0.04366513714194298,0.6800995469093323,0.5518747568130493,-0.04544825851917267,0.6701833009719849,0.5882568359375,-0.039072420448064804,0.7059999704360962,0.5378071665763855,-0.023016205057501793,0.7102773785591125,0.5279310345649719,-0.04215776547789574,0.6985012888908386,0.5638644695281982,-0.04046449065208435,0.6870498657226562,0.5900389552116394,-0.03424840793013573
3,0.6374483704566956,0.553143322467804,2.037590292047753e-07,0.602045476436615,0.5148389339447021,-0.012011831626296043,0.5753118395805359,0.4568088948726654,-0.017776675522327423,0.5614593029022217,0.40449368953704834,-0.024551063776016235,0.5555494427680969,0.36316972970962524,-0.030093463137745857,0.6139772534370422,0.3935285806655884,-0.005550920497626066,0.6083888411521912,0.32621535658836365,-0.01661946251988411,0.6038272976875305,0.286795437335968,-0.02355092205107212,0.6009691953659058,0.25096395611763,-0.027722321450710297,0.6371151208877563,0.39601510763168335,-0.008999450132250786,0.6366493701934814,0.32274356484413147,-0.023181071504950523,0.6347256302833557,0.2779843211174011,-0.03183899074792862,0.6352410316467285,0.23699937760829926,-0.03564159572124481,0.6593480110168457,0.41302433609962463,-0.014284620061516762,0.6574501991271973,0.3802321255207062,-0.03584933653473854,0.6474206447601318,0.429891437292099,-0.03601723909378052,0.641745388507843,0.4657757878303528,-0.029138367623090744,0.6800615787506104,0.4398108422756195,-0.020301468670368195,0.675703227519989,0.4082546532154083,-0.0356176495552063,0.663593590259552,0.4404562711715698,-0.03161332383751869,0.6552481651306152,0.46800920367240906,-0.02434362843632698
3,0.6366925239562988,0.5565201044082642,1.827380771146636e-07,0.602891743183136,0.523320734500885,-0.01290611270815134,0.5748303532600403,0.4598473906517029,-0.018626881763339043,0.5560869574546814,0.4147786498069763,-0.02486216463148594,0.537531852722168,0.385382741689682,-0.030039068311452866,0.6141166687011719,0.3961383104324341,-0.009315957315266132,0.6115115284919739,0.34468114376068115,-0.0209491066634655,0.6072643399238586,0.31511566042900085,-0.027284150943160057,0.6045604944229126,0.2838442325592041,-0.031347714364528656,0.6402251124382019,0.39241746068000793,-0.011734113097190857,0.6465030312538147,0.35149601101875305,-0.027784314006567,0.6511921882629395,0.3221628963947296,-0.03708328679203987,0.6570881009101868,0.29207199811935425,-0.04080215469002724,0.6637979745864868,0.40420961380004883,-0.015752682462334633,0.6648993492126465,0.42994874715805054,-0.03655283525586128,0.6526374816894531,0.476348876953125,-0.03900197893381119,0.6429755687713623,0.5053910613059998,-0.03425516560673714,0.6841321587562561,0.4271734654903412,-0.020812485367059708,0.6840560436248779,0.44655460119247437,-0.0351431630551815,0.6718744039535522,0.4801587760448456,-0.03419521450996399,0.6610915660858154,0.5011361837387085,-0.02952898107469082
3,0.641247570514679,0.5415361523628235,2.763547968243074e-07,0.6076428890228271,0.5075256824493408,-0.01579681597650051,0.5799560546875,0.44905781745910645,-0.02407214418053627,0.5601580142974854,0.40306124091148376,-0.03243062272667885,0.5424278974533081,0.36741888523101807,-0.039568427950143814,0.613950252532959,0.3766731321811676,-0.011134350672364235,0.6072843670845032,0.31326982378959656,-0.023774685338139534,0.6020351648330688,0.27500492334365845,-0.0316031239926815,0.5989902019500732,0.23809589445590973,-0.036726418882608414,0.6377856135368347,0.3782171607017517,-0.013560653664171696,0.6383107304573059,0.30917802453041077,-0.030437197536230087,0.6380060315132141,0.2656274437904358,-0.041048381477594376,0.6406150460243225,0.22105145454406738,-0.046081844717264175,0.6609341502189636,0.3967861235141754,-0.01774587295949459,0.6624563336372375,0.37781327962875366,-0.041180290281772614,0.6509835124015808,0.42882803082466125,-0.04195089638233185,0.6442983746528625,0.4610966444015503,-0.03542947396636009,0.6818761825561523,0.42459484934806824,-0.022875256836414337,0.6796517372131348,0.4055398404598236,-0.039285581558942795,0.6680130958557129,0.44145694375038147,-0.035629142075777054,0.660179853439331,0.466073215007782,-0.028660211712121964
3,0.641231119632721,0.5608534216880798,7.682553615495635e-08,0.6127756834030151,0.5171774625778198,-0.006123699247837067,0.5918558835983276,0.4543531835079193,-0.01046047918498516,0.5780247449874878,0.4099322557449341,-0.017438620328903198,0.566776692867279,0.3742702007293701,-0.024004289880394936,0.6289463043212891,0.39556166529655457,0.00020815168682020158,0.6160687804222107,0.3324902057647705,-0.012619737535715103,0.6073578000068665,0.2954980731010437,-0.02051917091012001,0.6010391712188721,0.26314350962638855,-0.024865103885531425,0.6500388383865356,0.39502817392349243,-0.00659645302221179,0.6422229409217834,0.3229002356529236,-0.022774843499064445,0.633169412612915,0.28403031826019287,-0.03198733553290367,0.6267419457435608,0.2504715025424957,-0.034765440970659256,0.6701419949531555,0.40870001912117004,-0.015079692006111145,0.6461009383201599,0.39179813861846924,-0.03617048263549805,0.6383793950080872,0.4437257647514343,-0.03642174229025841,0.6391265392303467,0.47821059823036194,-0.029281314462423325,0.6875603795051575,0.4329730272293091,-0.024052413180470467,0.6625427603721619,0.41915225982666016,-0.036261092871427536,0.6533843874931335,0.4574146270751953,-0.03111019730567932,0.6543969511985779,0.48524603247642517,-0.023280858993530273
3,0.6555925011634827,0.5665057301521301,2.6856224621951696e-07,0.6230872869491577,0.5325056910514832,-0.01611626148223877,0.5957561731338501,0.4747324585914612,-0.024395711719989777,0.5764087438583374,0.43063777685165405,-0.03253887966275215,0.5587037801742554,0.39895036816596985,-0.039355289191007614,0.6292077302932739,0.3973805904388428,-0.012734510935842991,0.6232516169548035,0.33357933163642883,-0.02536109648644924,0.6188775897026062,0.29529619216918945,-0.03287837654352188,0.6163961291313171,0.25901615619659424,-0.03754809498786926,0.6533973217010498,0.39799827337265015,-0.014756771735846996,0.6557440161705017,0.3314279019832611,-0.030910462141036987,0.6585274338722229,0.2902701497077942,-0.040497586131095886,0.6635032296180725,0.25004565715789795,-0.04467999190092087,0.676043689250946,0.41642332077026367,-0.01856837421655655,0.6815556287765503,0.4075291156768799,-0.04088391363620758,0.6699303388595581,0.45824626088142395,-0.0417475551366806,0.6615986824035645,0.49188050627708435,-0.035417232662439346,0.69586181640625,0.44578972458839417,-0.023476935923099518,0.6989551782608032,0.43599435687065125,-0.0389079712331295,0.6872480511665344,0.46973955631256104,-0.035707976669073105,0.6770442128181458,0.4935593008995056,-0.029137512668967247
3,0.6696068048477173,0.5609372854232788,4.150658412527264e-07,0.6490985155105591,0.5414509177207947,-0.0255112424492836,0.6383591890335083,0.5108858346939087,-0.03969230875372887,0.6370065808296204,0.4817603826522827,-0.05162464454770088,0.6259639263153076,0.46168798208236694,-0.06169618293642998,0.6428970694541931,0.4035790264606476,-0.022502565756440163,0.6421376466751099,0.3453032076358795,-0.03628990799188614,0.6406947374343872,0.3077249526977539,-0.04495038464665413,0.640713632106781,0.2717055678367615,-0.050514839589595795,0.6666616201400757,0.40198713541030884,-0.020274393260478973,0.6749392151832581,0.3372260630130768,-0.036782559007406235,0.6821883916854858,0.2995460033416748,-0.04585321620106697,0.6901857852935791,0.2631033957004547,-0.05000094696879387,0.6873879432678223,0.4197832942008972,-0.02066078782081604,0.7026808857917786,0.40837764739990234,-0.0435335673391819,0.6920862793922424,0.45983538031578064,-0.044933825731277466,0.6826187968254089,0.4908464550971985,-0.039295267313718796,0.7057756185531616,0.44743654131889343,-0.0230423491448164,0.7166348695755005,0.4355528652667999,-0.040177587419748306,0.7083796262741089,0.468305766582489,-0.03916213661432266,0.6983821392059326,0.4878530502319336,-0.03424627706408501
3,0.6392152309417725,0.5670500993728638,2.30179992399826e-07,0.6076359152793884,0.5390561819076538,-0.014818101190030575,0.5810654163360596,0.4883785843849182,-0.02253101021051407,0.5634846687316895,0.4484301507472992,-0.02999350056052208,0.5487812161445618,0.4171525239944458,-0.03627758100628853,0.610141932964325,0.4147331416606903,-0.013507651165127754,0.6016287207603455,0.3529351055622101,-0.02583416923880577,0.5958309769630432,0.3167286813259125,-0.03267410770058632,0.5917847156524658,0.282758891582489,-0.03672713041305542,0.6329827904701233,0.4141973555088043,-0.015471932478249073,0.6321848630905151,0.350286066532135,-0.03139413893222809,0.6320252418518066,0.31269654631614685,-0.040248092263936996,0.6338201761245728,0.2754787504673004,-0.0439140610396862,0.6546841263771057,0.4291597008705139,-0.01895350031554699,0.6565592885017395,0.4164528250694275,-0.04079956188797951,0.6477169990539551,0.4648708701133728,-0.04135040193796158,0.642441987991333,0.4958012104034424,-0.03518472611904144,0.6740477681159973,0.45353981852531433,-0.02330133132636547,0.6728528738021851,0.44131606817245483,-0.03871860355138779,0.6625235080718994,0.47630414366722107,-0.03554459661245346,0.6548687219619751,0.5004464387893677,-0.029186561703681946
3,0.6426039934158325,0.5831762552261353,2.0519375709682208e-07,0.6116830110549927,0.5516366958618164,-0.01397278904914856,0.588422417640686,0.4948425889015198,-0.021251995116472244,0.5746161937713623,0.45014095306396484,-0.028663523495197296,0.562183141708374,0.414439857006073,-0.035072773694992065,0.6217359900474548,0.42731159925460815,-0.011725589632987976,0.614766538143158,0.3636843264102936,-0.02389412559568882,0.609688937664032,0.3256460428237915,-0.03083733841776848,0.6061264276504517,0.290594220161438,-0.034677792340517044,0.6444867849349976,0.42973557114601135,-0.014116757549345493,0.6443330645561218,0.3635235130786896,-0.029233817011117935,0.6437602639198303,0.3227876126766205,-0.03780628740787506,0.6451419591903687,0.2846009135246277,-0.041058361530303955,0.6660090684890747,0.4475165009498596,-0.018087714910507202,0.6618369221687317,0.4337445795536041,-0.04001091048121452,0.652288019657135,0.4821403920650482,-0.04104029759764671,0.6477760672569275,0.5154069066047668,-0.03470125421881676,0.6853577494621277,0.47409430146217346,-0.022785823792219162,0.6787272691726685,0.4567369818687439,-0.037905436009168625,0.6669812202453613,0.4917159676551819,-0.034176118671894073,0.6601921319961548,0.5189390778541565,-0.02714691311120987
3,0.6365334391593933,0.666583776473999,1.7367743510021683e-07,0.6095918416976929,0.6239537000656128,-0.011193301528692245,0.5921936631202698,0.5630290508270264,-0.017135141417384148,0.5821548104286194,0.5161835551261902,-0.02397311106324196,0.5782178640365601,0.47663503885269165,-0.030004646629095078,0.6276029348373413,0.5141638517379761,-0.00796249695122242,0.625928521156311,0.45090925693511963,-0.02022608183324337,0.6234745383262634,0.41303005814552307,-0.027851073071360588,0.621870219707489,0.37865954637527466,-0.032035067677497864,0.6479197144508362,0.522881031036377,-0.011131077073514462,0.652377188205719,0.46092891693115234,-0.026027986779808998,0.6529605388641357,0.4219246804714203,-0.034579481929540634,0.6542235016822815,0.3853141665458679,-0.03781162574887276,0.6670012474060059,0.5445496439933777,-0.01583627052605152,0.6612603664398193,0.5252089500427246,-0.037320826202631,0.6491481065750122,0.5694002509117126,-0.03824315965175629,0.6427699327468872,0.600214958190918,-0.031858865171670914,0.6830679774284363,0.5738943815231323,-0.021057145670056343,0.6760883331298828,0.5512463450431824,-0.03566746041178703,0.662311315536499,0.5820372700691223,-0.03171906620264053,0.6546595692634583,0.608060896396637,-0.024512462317943573
3,0.6420847773551941,0.6823524236679077,1.400265290385505e-07,0.6163308024406433,0.6386494636535645,-0.011241755448281765,0.602104902267456,0.5794910788536072,-0.016436710953712463,0.595252513885498,0.5318728685379028,-0.022519951686263084,0.5950047373771667,0.49354514479637146,-0.027654709294438362,0.6359723806381226,0.5381273627281189,-0.006064020562916994,0.6347581148147583,0.4771113395690918,-0.017465272918343544,0.6330424547195435,0.44087064266204834,-0.02460312843322754,0.6329013705253601,0.4082561135292053,-0.02860608510673046,0.6553324460983276,0.5468153357505798,-0.00817447155714035,0.6587973833084106,0.4946295917034149,-0.022013098001480103,0.6590770483016968,0.45975738763809204,-0.02963433973491192,0.6605006456375122,0.427074134349823,-0.03249826654791832,0.6731743812561035,0.5671648979187012,-0.012080946937203407,0.6676902770996094,0.5491166710853577,-0.03161199763417244,0.6562508344650269,0.5900210738182068,-0.031877171248197556,0.6504878401756287,0.6199356317520142,-0.025615883991122246,0.6885190010070801,0.59572434425354,-0.016739267855882645,0.682886004447937,0.5730894207954407,-0.030010126531124115,0.6702725291252136,0.5998703241348267,-0.026534460484981537,0.6632874608039856,0.6240476369857788,-0.019995728507637978
3,0.6605117917060852,0.6642553210258484,2.1239542036255443e-07,0.6350506544113159,0.6219759583473206,-0.010913830250501633,0.6173698306083679,0.5631951093673706,-0.017117053270339966,0.6076482534408569,0.5170402526855469,-0.024114619940519333,0.6029388904571533,0.4804629981517792,-0.030125869438052177,0.6515629291534424,0.5161923170089722,-0.009855690412223339,0.6490767002105713,0.45524853467941284,-0.02308541163802147,0.646303653717041,0.41775307059288025,-0.031105590984225273,0.6451531052589417,0.38406747579574585,-0.03569119796156883,0.6717362999916077,0.5235652327537537,-0.013454257510602474,0.6780866980552673,0.4596092998981476,-0.02909676358103752,0.6809337735176086,0.4183911681175232,-0.03788011893630028,0.685701847076416,0.3802500367164612,-0.04153041914105415,0.6901872158050537,0.5457172393798828,-0.018464358523488045,0.6903733611106873,0.5264849662780762,-0.0392124317586422,0.6777088046073914,0.56662917137146,-0.03901675343513489,0.6703928112983704,0.5961061120033264,-0.03233318403363228,0.705813467502594,0.5765618681907654,-0.024163207039237022,0.7039931416511536,0.5555660128593445,-0.03800002485513687,0.6908877491950989,0.580743134021759,-0.03377489373087883,0.6818609237670898,0.6020433306694031,-0.026696423068642616
3,0.6546549201011658,0.6671305894851685,2.1537904615342995e-07,0.6287631988525391,0.6256256103515625,-0.011266239918768406,0.609989583492279,0.5660015344619751,-0.017649313434958458,0.5972597599029541,0.5230019688606262,-0.024602903053164482,0.5859920978546143,0.49075961112976074,-0.030866870656609535,0.6486701965332031,0.5125583410263062,-0.011210719123482704,0.6483302712440491,0.449352502822876,-0.023172855377197266,0.6468905806541443,0.411037802696228,-0.030334478244185448,0.6462004780769348,0.3762297034263611,-0.034516703337430954,0.6692084670066833,0.5222551226615906,-0.014673979952931404,0.6761254668235779,0.4594590663909912,-0.029242901131510735,0.6800163984298706,0.41950953006744385,-0.03787104785442352,0.6853854060173035,0.38195061683654785,-0.04164982959628105,0.6872277855873108,0.5463758707046509,-0.01933477073907852,0.6886833906173706,0.532029390335083,-0.03972364962100983,0.6748223900794983,0.5734060406684875,-0.040535151958465576,0.6660719513893127,0.6020505428314209,-0.03485256806015968,0.7016366124153137,0.5786761045455933,-0.024611646309494972,0.6996266841888428,0.5647357106208801,-0.03911139816045761,0.6854521036148071,0.5937228798866272,-0.0357108935713768,0.6761577129364014,0.6164167523384094,-0.029232079163193703
3,0.6829938888549805,0.6611820459365845,2.2778337438467133e-07,0.6510922312736511,0.6269587874412537,-0.012426506727933884,0.6264519095420837,0.5692017674446106,-0.017705408856272697,0.6113696098327637,0.5231424570083618,-0.02334396354854107,0.5995009541511536,0.48879528045654297,-0.02783926948904991,0.6576074957847595,0.5053722858428955,-0.008713260293006897,0.6524182558059692,0.44044750928878784,-0.019396785646677017,0.6486560702323914,0.4021604061126709,-0.025756023824214935,0.6458728909492493,0.3671635389328003,-0.029582951217889786,0.6792941093444824,0.510773241519928,-0.011212560348212719,0.6811981797218323,0.44450584053993225,-0.025334326550364494,0.6828165054321289,0.40583062171936035,-0.03374737873673439,0.685238242149353,0.3701709508895874,-0.03742075338959694,0.6997843980789185,0.5303651690483093,-0.015206020325422287,0.7022349238395691,0.5096973776817322,-0.03659466281533241,0.6937446594238281,0.5570712685585022,-0.03752836585044861,0.687538743019104,0.589553713798523,-0.03153591603040695,0.7182590365409851,0.557456374168396,-0.01976151578128338,0.7177851796150208,0.5355706214904785,-0.03555311635136604,0.7069507241249084,0.5691249370574951,-0.032531555742025375,0.6984028816223145,0.595582127571106,-0.02614055946469307
3,0.6841354370117188,0.6590883731842041,2.2814954547811794e-07,0.6519706845283508,0.6234602332115173,-0.012601960450410843,0.6265876889228821,0.564035952091217,-0.017187776044011116,0.6106084585189819,0.5193346738815308,-0.022043626755475998,0.5975373387336731,0.48526567220687866,-0.025774691253900528,0.659404456615448,0.4965619742870331,-0.007298409007489681,0.6563085317611694,0.43192118406295776,-0.016197562217712402,0.6534965634346008,0.39419370889663696,-0.02106201834976673,0.6515840291976929,0.35927608609199524,-0.024019012227654457,0.6826279759407043,0.5018085241317749,-0.009246071800589561,0.688010036945343,0.4409339129924774,-0.02155694179236889,0.6912423372268677,0.4051911234855652,-0.028948698192834854,0.6953622698783875,0.37197428941726685,-0.03198118135333061,0.7034496068954468,0.5221738815307617,-0.012826506048440933,0.7053375244140625,0.5116703510284424,-0.03272273391485214,0.6952542662620544,0.5613243579864502,-0.034073397517204285,0.6889163851737976,0.5933340191841125,-0.028641119599342346,0.7216777801513672,0.5497916340827942,-0.017042139545083046,0.7178277373313904,0.539244532585144,-0.03228308632969856,0.7060354351997375,0.5747561454772949,-0.03027348779141903,0.6981814503669739,0.6001430153846741,-0.024702638387680054
3,0.6630237698554993,0.6077641248703003,1.8651323330232117e-07,0.634518027305603,0.5708809494972229,-0.009500456042587757,0.614237368106842,0.5146636962890625,-0.013887290842831135,0.6026063561439514,0.4720514714717865,-0.01909131184220314,0.5940748453140259,0.4374314546585083,-0.02336909994482994,0.6453112363815308,0.46329182386398315,-0.006847639102488756,0.6415416598320007,0.40278077125549316,-0.016908295452594757,0.6390965580940247,0.3671625256538391,-0.02250535413622856,0.6374635100364685,0.33524569869041443,-0.02551042102277279,0.6656687259674072,0.4684910774230957,-0.009896332398056984,0.6691466569900513,0.41035890579223633,-0.02274256944656372,0.6696915030479431,0.37334156036376953,-0.030140763148665428,0.6706534624099731,0.339211106300354,-0.03288590908050537,0.6844756603240967,0.4863705635070801,-0.014261958189308643,0.6800161600112915,0.47340184450149536,-0.03264652192592621,0.6716502904891968,0.5134925842285156,-0.033787570893764496,0.667432963848114,0.5412832498550415,-0.02846919558942318,0.7011716961860657,0.5116629004478455,-0.01911005564033985,0.6939435601234436,0.498090535402298,-0.03156260773539543,0.6827841401100159,0.5269722938537598,-0.028570475056767464,0.6759426593780518,0.5498636364936829,-0.022638436406850815
3,0.7070817947387695,0.5797443985939026,2.574882387307298e-07,0.6821471452713013,0.5596572160720825,-0.01643570140004158,0.6604141592979431,0.5248368382453918,-0.024563821032643318,0.6453255414962769,0.4935205578804016,-0.03162345290184021,0.6325682997703552,0.4656209647655487,-0.03728273883461952,0.6765463352203369,0.4535253345966339,-0.013404625467956066,0.6731442809104919,0.40320008993148804,-0.024577874690294266,0.671270489692688,0.3735252618789673,-0.031109092757105827,0.670508623123169,0.34431442618370056,-0.03489299863576889,0.6948792934417725,0.4482761323451996,-0.012958331033587456,0.6963348388671875,0.39636895060539246,-0.027056895196437836,0.7001034021377563,0.3656078279018402,-0.03437041863799095,0.7049461603164673,0.33584463596343994,-0.0368790365755558,0.7128224968910217,0.4563981890678406,-0.014345440082252026,0.7229531407356262,0.44982585310935974,-0.03393077105283737,0.7182049751281738,0.49372920393943787,-0.03517930209636688,0.7130829691886902,0.5230700969696045,-0.029928090050816536,0.7292270064353943,0.47289425134658813,-0.016850609332323074,0.7358616590499878,0.46956759691238403,-0.032030776143074036,0.7304878830909729,0.501844048500061,-0.031329840421676636,0.7239251136779785,0.5239980816841125,-0.026709450408816338
3,0.6820681691169739,0.9245976805686951,1.7072781588467478e-07,0.6583203077316284,0.9251583218574524,-0.012660830281674862,0.635470449924469,0.9294675588607788,-0.028168587014079094,0.6145077347755432,0.9218800067901611,-0.0409732423722744,0.592803955078125,0.9042405486106873,-0.054479602724313736,0.6688467264175415,0.9068580865859985,-0.04810535907745361,0.6580125093460083,0.9370479583740234,-0.06498610228300095,0.6504047513008118,0.9516193270683289,-0.0732443556189537,0.6439656019210815,0.961047351360321,-0.07750212401151657,0.6908553242683411,0.9221019744873047,-0.047119177877902985,0.6757991313934326,0.9871938824653625,-0.061125997453927994,0.6660315990447998,0.9957613945007324,-0.061375949531793594,0.6608079671859741,0.9902787208557129,-0.0617525540292263,0.7060077786445618,0.9429402947425842,-0.044620025902986526,0.6873740553855896,1.0070571899414062,-0.05381109565496445,0.6786288619041443,1.0053458213806152,-0.04881550371646881,0.6754802465438843,0.9912580251693726,-0.045062433928251266,0.7137665748596191,0.9634036421775818,-0.0428820364177227,0.7000299096107483,1.0143071413040161,-0.045383207499980927,0.6919710040092468,1.0122544765472412,-0.03948993980884552,0.689137876033783,0.9995774626731873,-0.03607369586825371
3,0.7225162982940674,0.6280022859573364,2.576655901975755e-07,0.6966413855552673,0.6050643920898438,-0.012679542414844036,0.6746379137039185,0.5648927092552185,-0.02008138969540596,0.6573944091796875,0.5349663496017456,-0.027126101776957512,0.6396963596343994,0.5140674710273743,-0.03340509906411171,0.7001786231994629,0.5011807084083557,-0.0128578320145607,0.6942494511604309,0.4498107135295868,-0.023055871948599815,0.6891539096832275,0.4183219373226166,-0.028559569269418716,0.6850599646568298,0.38869529962539673,-0.03201567754149437,0.7194650769233704,0.503580629825592,-0.015001382678747177,0.7236271500587463,0.44747963547706604,-0.027614975348114967,0.7257501482963562,0.41458791494369507,-0.034664254635572433,0.7298446893692017,0.378753662109375,-0.03770163655281067,0.7367895841598511,0.5202198028564453,-0.018351439386606216,0.7413644194602966,0.5124566555023193,-0.03495457023382187,0.7323243021965027,0.5480252504348755,-0.03532932698726654,0.7274729609489441,0.5625529885292053,-0.030959026888012886,0.7515004277229309,0.54318767786026,-0.02253800258040428,0.7537504434585571,0.5376816391944885,-0.033651553094387054,0.7450176477432251,0.5632619857788086,-0.030597757548093796,0.739164412021637,0.5732902884483337,-0.025720342993736267
3,0.7577243447303772,0.6126935482025146,2.9592462169603095e-07,0.7419931292533875,0.5838955044746399,-0.016655229032039642,0.7306751012802124,0.5509001612663269,-0.025767410174012184,0.7216463685035706,0.5222187042236328,-0.03367568552494049,0.7077517509460449,0.5040456056594849,-0.040479257702827454,0.7493510246276855,0.48454374074935913,-0.013110158033668995,0.7516670227050781,0.43729445338249207,-0.02310989797115326,0.7530905604362488,0.40721389651298523,-0.02956118807196617,0.7547415494918823,0.3787844181060791,-0.03370391204953194,0.7656916975975037,0.4891504645347595,-0.012808001600205898,0.7763054966926575,0.43545541167259216,-0.024005766957998276,0.7841058969497681,0.40658655762672424,-0.030589407309889793,0.7927746176719666,0.3764267563819885,-0.03362046927213669,0.7791027426719666,0.5082007050514221,-0.01448728609830141,0.7941308617591858,0.5018265247344971,-0.03004646860063076,0.782194972038269,0.5307020545005798,-0.03176884353160858,0.772561252117157,0.5425308346748352,-0.028522346168756485,0.7901099324226379,0.5341689586639404,-0.01746537908911705,0.8004266023635864,0.5272358655929565,-0.028152626007795334,0.7918615937232971,0.5462270379066467,-0.026771314442157745,0.783383846282959,0.5540422797203064,-0.023340603336691856
3,0.7732847332954407,0.5873743295669556,3.1979325854081253e-07,0.7647257447242737,0.5724128484725952,-0.021564552560448647,0.7598778009414673,0.5513789653778076,-0.03423260152339935,0.7615540623664856,0.5323549509048462,-0.04434052109718323,0.7579253315925598,0.5131523013114929,-0.052859410643577576,0.771558403968811,0.47632741928100586,-0.021186836063861847,0.7794646620750427,0.43822726607322693,-0.03300560638308525,0.7853701114654541,0.41095003485679626,-0.04034031182527542,0.7911915183067322,0.38733553886413574,-0.04464509338140488,0.7836386561393738,0.4752665162086487,-0.01795845292508602,0.7936412692070007,0.42760783433914185,-0.030436014756560326,0.8015689253807068,0.4020654559135437,-0.0356634147465229,0.810248613357544,0.37534213066101074,-0.03739480674266815,0.7936918139457703,0.48723745346069336,-0.01697423681616783,0.8115219473838806,0.484007865190506,-0.03282738849520683,0.8032621145248413,0.5136898756027222,-0.03354320302605629,0.7944200038909912,0.5271353125572205,-0.02978372946381569,0.8024628162384033,0.5077759623527527,-0.017804984003305435,0.8161340951919556,0.506923258304596,-0.0293283574283123,0.8092641234397888,0.5276080369949341,-0.02880161814391613,0.7995587587356567,0.5351000428199768,-0.02589409425854683
3,0.7331870198249817,0.6057618260383606,2.457781533848902e-07,0.717162549495697,0.5764786005020142,-0.012151330709457397,0.7039740681648254,0.5389424562454224,-0.019155951216816902,0.6926900148391724,0.5117908120155334,-0.025808844715356827,0.6796282529830933,0.4936997592449188,-0.031624551862478256,0.724601686000824,0.47943317890167236,-0.010213098488748074,0.72584068775177,0.4347521662712097,-0.020483745262026787,0.7255469560623169,0.4070437550544739,-0.026863083243370056,0.7258518934249878,0.38095852732658386,-0.03111134096980095,0.7416874170303345,0.48450249433517456,-0.012008657678961754,0.7512218952178955,0.43547821044921875,-0.02469417080283165,0.7578399777412415,0.41048508882522583,-0.03203468397259712,0.7663487195968628,0.38279104232788086,-0.035471461713314056,0.7558820247650146,0.5038737654685974,-0.015262998640537262,0.7678078413009644,0.4958728551864624,-0.03102223016321659,0.7567146420478821,0.5245389342308044,-0.03157876059412956,0.7490181922912598,0.5366149544715881,-0.027785539627075195,0.7675618529319763,0.5303255915641785,-0.019446564838290215,0.7764015793800354,0.5237242579460144,-0.030278218910098076,0.7677839398384094,0.5425823330879211,-0.028271576389670372,0.7597196102142334,0.5490245223045349,-0.024407150223851204
3,0.7104729413986206,0.6060320138931274,1.2659401704695483e-07,0.685394823551178,0.5756423473358154,-0.00753635773435235,0.6670706868171692,0.5297274589538574,-0.012623792514204979,0.6544857025146484,0.4956514835357666,-0.018649689853191376,0.6410512328147888,0.4709060788154602,-0.024190833792090416,0.6943866610527039,0.4818384647369385,-0.0069398232735693455,0.6860439777374268,0.4329484701156616,-0.016835983842611313,0.6802595853805542,0.40379059314727783,-0.02258376032114029,0.6755749583244324,0.37805813550949097,-0.02593795396387577,0.7131508588790894,0.4818105399608612,-0.010649259202182293,0.712189793586731,0.43155717849731445,-0.02187412977218628,0.7088649272918701,0.4008773863315582,-0.02827533520758152,0.7071198225021362,0.3732278347015381,-0.030797230079770088,0.7301458120346069,0.4962385296821594,-0.015447570011019707,0.7176598906517029,0.49185076355934143,-0.029665103182196617,0.7108434438705444,0.524781346321106,-0.030188146978616714,0.710235059261322,0.5468819737434387,-0.026094449684023857,0.744304895401001,0.5189962387084961,-0.020827030763030052,0.7304656505584717,0.5158800482749939,-0.02925850637257099,0.7217836380004883,0.5376719832420349,-0.026218794286251068,0.7201099395751953,0.5540204644203186,-0.021503234282135963
3,0.7244265079498291,0.6115137338638306,2.3923649905555067e-07,0.6978274583816528,0.5748558640480042,-0.009482717141509056,0.6785367727279663,0.528693437576294,-0.012614406645298004,0.6650983095169067,0.49260860681533813,-0.016306640580296516,0.6523979306221008,0.4667448401451111,-0.019119739532470703,0.7073512077331543,0.47747424244880676,-0.0015767412260174751,0.7042356133460999,0.42539483308792114,-0.008241537027060986,0.7002385258674622,0.3928086459636688,-0.013015174306929111,0.6970159411430359,0.362548291683197,-0.01659243181347847,0.72498619556427,0.482427716255188,-0.0037218278739601374,0.7318800091743469,0.4271394610404968,-0.013995572924613953,0.7337678074836731,0.39179325103759766,-0.021937642246484756,0.7373518943786621,0.3589128851890564,-0.026392681524157524,0.7406365871429443,0.5021153092384338,-0.0073326085694134235,0.7513149380683899,0.47961145639419556,-0.0226901825517416,0.7400091886520386,0.5122178792953491,-0.024546300992369652,0.732555091381073,0.5341539978981018,-0.02125459536910057,0.7542042136192322,0.5277814865112305,-0.011544531211256981,0.7590994834899902,0.5099619626998901,-0.0230319295078516,0.7504248023033142,0.5311375260353088,-0.02182982675731182,0.7450019121170044,0.545707106590271,-0.01814655400812626
3,0.7383419275283813,0.6064728498458862,2.384523440923658e-07,0.7114392518997192,0.5696066617965698,-0.010055984370410442,0.69211345911026,0.5261349678039551,-0.012178732082247734,0.6800863742828369,0.48771360516548157,-0.014680706895887852,0.6696524024009705,0.45848265290260315,-0.015829669311642647,0.7162757515907288,0.4785188138484955,0.002023937413468957,0.7126500606536865,0.42824316024780273,-0.004459603223949671,0.7086603045463562,0.3981793522834778,-0.009759487584233284,0.7053981423377991,0.3691652715206146,-0.013875652104616165,0.7331764101982117,0.48196542263031006,0.0007266238681040704,0.7374982833862305,0.4301818609237671,-0.00980617105960846,0.7398495078086853,0.39806225895881653,-0.018434258177876472,0.7434560656547546,0.36584386229515076,-0.023534344509243965,0.7489427328109741,0.4986913204193115,-0.0024379496462643147,0.7620849609375,0.47318604588508606,-0.018512604758143425,0.7533301711082458,0.5066652297973633,-0.02107252925634384,0.7457613348960876,0.52901691198349,-0.018295055255293846,0.7630090117454529,0.5214075446128845,-0.006302007474005222,0.7713850736618042,0.5030770897865295,-0.019033249467611313,0.7637436985969543,0.5239775776863098,-0.019149990752339363,0.7567115426063538,0.5381583571434021,-0.016386400908231735
3,0.739326536655426,0.6246602535247803,2.4716192115192825e-07,0.7231869101524353,0.5937647223472595,-0.014342723414301872,0.7095139622688293,0.5524402260780334,-0.021718841046094894,0.6996628046035767,0.5189989805221558,-0.028169522061944008,0.6874821186065674,0.494842529296875,-0.03348548710346222,0.7341211438179016,0.4969746768474579,-0.012344135902822018,0.7369377017021179,0.4511781930923462,-0.02254672721028328,0.7374677062034607,0.42205727100372314,-0.02900853008031845,0.7383443117141724,0.3948570787906647,-0.03327576443552971,0.7504935264587402,0.5024378299713135,-0.012869041413068771,0.7606720924377441,0.45142993330955505,-0.025044262409210205,0.7687897086143494,0.4232565760612488,-0.03211816027760506,0.7779477834701538,0.39658597111701965,-0.035653576254844666,0.763717532157898,0.5228933095932007,-0.015004517510533333,0.7779256105422974,0.5126334428787231,-0.03092731535434723,0.7683934569358826,0.5400156378746033,-0.032006438821554184,0.7604901194572449,0.555431604385376,-0.028482509776949883,0.7743863463401794,0.5507578253746033,-0.01821208745241165,0.7847871780395508,0.5414717793464661,-0.02969297394156456,0.7771930694580078,0.5592986941337585,-0.028416134417057037,0.7689380645751953,0.5686059594154358,-0.02497740648686886
3,0.7375916838645935,0.6057388186454773,2.6816380227501213e-07,0.7188352346420288,0.5736246109008789,-0.013890925794839859,0.7033263444900513,0.5337250232696533,-0.021427027881145477,0.6913468241691589,0.502626359462738,-0.02828078530728817,0.6779347658157349,0.4801774024963379,-0.03400632366538048,0.7277989983558655,0.4735839366912842,-0.011226856149733067,0.7276538610458374,0.4241737723350525,-0.020936163142323494,0.7267355918884277,0.39328253269195557,-0.027191292494535446,0.7269836664199829,0.3645381033420563,-0.031454458832740784,0.7449557185173035,0.47925233840942383,-0.012154366821050644,0.7531962990760803,0.4264698028564453,-0.02435326762497425,0.7592790126800537,0.39591464400291443,-0.03188018500804901,0.767230749130249,0.3652178645133972,-0.03585578873753548,0.7595108151435852,0.4998582601547241,-0.014594381675124168,0.7729389071464539,0.4830579459667206,-0.030327636748552322,0.7624211311340332,0.5133529305458069,-0.030822282657027245,0.7546594142913818,0.5306230187416077,-0.027004942297935486,0.7717425227165222,0.527645468711853,-0.01809277944266796,0.7811344265937805,0.5139040350914001,-0.02920176461338997,0.7729232907295227,0.5331618785858154,-0.02717052400112152,0.7652010321617126,0.5430257320404053,-0.023221924901008606
3,0.748639702796936,0.6286180019378662,2.7225752319282037e-07,0.7277915477752686,0.5863020420074463,-0.01440564077347517,0.7099348902702332,0.5331323742866516,-0.02341899834573269,0.6957242488861084,0.49263814091682434,-0.03220510110259056,0.6825660467147827,0.4624417722225189,-0.04005885496735573,0.7458762526512146,0.47422972321510315,-0.01484368834644556,0.746204674243927,0.4137048125267029,-0.028752995654940605,0.7447342276573181,0.3751029372215271,-0.037713125348091125,0.7436638474464417,0.34075871109962463,-0.04331551492214203,0.7653100490570068,0.485412061214447,-0.01733585074543953,0.7767858505249023,0.42117422819137573,-0.03297599405050278,0.783494234085083,0.38415277004241943,-0.04189850762486458,0.7927075028419495,0.3480759561061859,-0.04604673013091087,0.7817133069038391,0.5131067037582397,-0.021420519798994064,0.7924333810806274,0.4958738684654236,-0.04119030013680458,0.7779161930084229,0.5265859961509705,-0.041932687163352966,0.769051730632782,0.5467553734779358,-0.03689182177186012,0.794247031211853,0.5489435791969299,-0.02653171494603157,0.8023774027824402,0.5323054790496826,-0.039777450263500214,0.7901882529258728,0.5510153770446777,-0.03649840131402016,0.7818511724472046,0.564293384552002,-0.030782029032707214
3,0.7236905097961426,0.6999555826187134,2.882452747599018e-07,0.7000391483306885,0.6543262600898743,-0.01675485074520111,0.6808935403823853,0.5918207168579102,-0.026639103889465332,0.66511470079422,0.5461373329162598,-0.03626825287938118,0.6496557593345642,0.5122503638267517,-0.044842299073934555,0.722187340259552,0.5288817286491394,-0.016500413417816162,0.7245486974716187,0.46332547068595886,-0.0315796434879303,0.7239588499069214,0.42236146330833435,-0.04091598093509674,0.7233922481536865,0.38536763191223145,-0.046662356704473495,0.744931161403656,0.5413439273834229,-0.018847689032554626,0.7592051029205322,0.47556760907173157,-0.034759946167469025,0.7668258547782898,0.4370343089103699,-0.043569356203079224,0.7764171957969666,0.4000258445739746,-0.04755067825317383,0.7632971405982971,0.5726172924041748,-0.023244448006153107,0.7711846828460693,0.5582922101020813,-0.04402171075344086,0.7565234899520874,0.593315064907074,-0.04475855454802513,0.7486047744750977,0.6149197220802307,-0.039390165358781815,0.7770258188247681,0.6129283905029297,-0.028911501169204712,0.7830173969268799,0.5983573794364929,-0.04242078959941864,0.7691178321838379,0.6197121143341064,-0.038736432790756226,0.7600257992744446,0.6343356370925903,-0.032704371958971024
3,0.72752445936203,0.6951841115951538,3.778342829718895e-07,0.7047309279441833,0.6720795035362244,-0.025096774101257324,0.6865686178207397,0.6369519829750061,-0.0394846573472023,0.6745357513427734,0.6079638004302979,-0.0514993742108345,0.6595476269721985,0.5850476026535034,-0.06184380501508713,0.7128797173500061,0.5367608666419983,-0.02428399585187435,0.7131211757659912,0.48051223158836365,-0.03957885503768921,0.712263822555542,0.44373196363449097,-0.0491350032389164,0.7128591537475586,0.40833359956741333,-0.05548021197319031,0.7350293397903442,0.5387455821037292,-0.02269867993891239,0.7464088797569275,0.47672754526138306,-0.04046017676591873,0.7551228404045105,0.4415181279182434,-0.050509609282016754,0.7656393051147461,0.40274280309677124,-0.05556008592247963,0.7532262802124023,0.5594730973243713,-0.02370753139257431,0.7733767628669739,0.5527027249336243,-0.04598032310605049,0.7600287199020386,0.591048002243042,-0.04880264773964882,0.7483034729957581,0.6062765717506409,-0.045223478227853775,0.7689001560211182,0.58955979347229,-0.026716116815805435,0.7839652299880981,0.5839717388153076,-0.04281099885702133,0.7738831639289856,0.6103640198707581,-0.04274110868573189,0.7619231939315796,0.6190700531005859,-0.03947627916932106
3,0.7031887769699097,0.6905405521392822,3.028409025773726e-07,0.6774671077728271,0.6503089070320129,-0.01622098498046398,0.6565912961959839,0.5935000777244568,-0.026360057294368744,0.6383531093597412,0.552947998046875,-0.036561883985996246,0.6206911206245422,0.5228925347328186,-0.04605232551693916,0.6934495568275452,0.5230364203453064,-0.016590764746069908,0.6929243803024292,0.4573969841003418,-0.03177504986524582,0.6909344792366028,0.41518378257751465,-0.04117166996002197,0.6895277500152588,0.3775579333305359,-0.04699186608195305,0.7171139121055603,0.5322636365890503,-0.019673816859722137,0.7269256114959717,0.4669051766395569,-0.03587851673364639,0.7323614358901978,0.42678654193878174,-0.04506414756178856,0.7397661209106445,0.38783448934555054,-0.04919791966676712,0.7371430993080139,0.5599983334541321,-0.024686206132173538,0.7409676313400269,0.5455597639083862,-0.0460994578897953,0.7280474305152893,0.5838008522987366,-0.04700615257024765,0.7218716740608215,0.6075366139411926,-0.04164498299360275,0.752301812171936,0.597131609916687,-0.030879905447363853,0.7535545825958252,0.5851038098335266,-0.04503792151808739,0.7405890226364136,0.6104269027709961,-0.04134407639503479,0.7337499260902405,0.628098726272583,-0.03513409569859505
3,0.678784191608429,0.7097911834716797,1.7253260864436015e-07,0.6548255681991577,0.6583176255226135,-0.0074481116607785225,0.6391624808311462,0.5878415107727051,-0.013146329671144485,0.625027596950531,0.5440760850906372,-0.020689070224761963,0.6103088855743408,0.5117619037628174,-0.027970412746071815,0.6832171678543091,0.5406798124313354,-0.007265523076057434,0.6849606037139893,0.47052890062332153,-0.02032172493636608,0.6854106783866882,0.4268374443054199,-0.028243068605661392,0.6860449910163879,0.3907433748245239,-0.03290029615163803,0.704747200012207,0.5528339743614197,-0.01370736863464117,0.7120057344436646,0.48589378595352173,-0.028536006808280945,0.7114191055297852,0.4467928409576416,-0.03673384711146355,0.7116786241531372,0.4124492108821869,-0.03954959660768509,0.7227792143821716,0.5804732441902161,-0.021433385089039803,0.7037848234176636,0.564842939376831,-0.03871382400393486,0.6905671954154968,0.6018624901771545,-0.03882591798901558,0.6877902746200562,0.6281092166900635,-0.03359624370932579,0.7340555191040039,0.6160306930541992,-0.02997404709458351,0.7127834558486938,0.6060735583305359,-0.039098095148801804,0.6998993754386902,0.6302930116653442,-0.034346804022789,0.698838472366333,0.6494707465171814,-0.02816830761730671
3,0.6860120296478271,0.7179549932479858,2.2534759125392156e-07,0.6578696370124817,0.6814379692077637,-0.017004739493131638,0.6338586807250977,0.6255327463150024,-0.02666165493428707,0.6131318807601929,0.5861049890518188,-0.03608608990907669,0.5949268937110901,0.5561494827270508,-0.04466230422258377,0.669626772403717,0.551996648311615,-0.01576988957822323,0.6650364995002747,0.48446375131607056,-0.03015570342540741,0.6610592007637024,0.44353193044662476,-0.03894729167222977,0.6583593487739563,0.4065237045288086,-0.04436876252293587,0.6934834122657776,0.556825578212738,-0.017358366400003433,0.6959315538406372,0.4952600598335266,-0.03342295065522194,0.6963064670562744,0.4582304358482361,-0.04262467101216316,0.6995717287063599,0.4202593266963959,-0.04676603153347969,0.7149271965026855,0.5784093737602234,-0.020993057638406754,0.7135539054870605,0.5710522532463074,-0.04204102233052254,0.7025325894355774,0.6118122339248657,-0.043857671320438385,0.697994589805603,0.6347317099571228,-0.039264462888240814,0.7325975894927979,0.6092802286148071,-0.02590436302125454,0.7286072373390198,0.605615496635437,-0.03985065966844559,0.7164605259895325,0.6352279782295227,-0.03743976727128029,0.7113848328590393,0.6532625555992126,-0.03227875381708145
3,0.7010625600814819,0.6896018981933594,4.771760018229543e-07,0.6817421317100525,0.6860746145248413,-0.027740638703107834,0.6679437756538391,0.6728149652481079,-0.04612043499946594,0.6646836400032043,0.6607459783554077,-0.06144791096448898,0.6528093814849854,0.6584916114807129,-0.07567065209150314,0.6852092742919922,0.5598313808441162,-0.034670572727918625,0.6895706057548523,0.5084733366966248,-0.0519074983894825,0.6951736211776733,0.47481581568717957,-0.06195713207125664,0.7010709643363953,0.44355154037475586,-0.06792442500591278,0.7063700556755066,0.5539649128913879,-0.031710803508758545,0.7232226133346558,0.4926314055919647,-0.0491664744913578,0.7366142272949219,0.46310800313949585,-0.057252466678619385,0.749465823173523,0.4319990873336792,-0.060704488307237625,0.722693920135498,0.5668424963951111,-0.030961111187934875,0.7488769292831421,0.5658017992973328,-0.05162582919001579,0.7376677989959717,0.6053756475448608,-0.0536162331700325,0.7259012460708618,0.6218796968460083,-0.04969833418726921,0.7361489534378052,0.5911692380905151,-0.03244166821241379,0.7555097341537476,0.5916169881820679,-0.04668594151735306,0.7482162117958069,0.619655430316925,-0.04595329985022545,0.7372719049453735,0.6302791237831116,-0.042320091277360916
3,0.7033329010009766,0.6699172258377075,3.8693539750056516e-07,0.6799368858337402,0.6587254405021667,-0.024644652381539345,0.6594226360321045,0.6365993618965149,-0.04014253616333008,0.6469058990478516,0.6166013479232788,-0.05338362604379654,0.6327678561210632,0.5994423627853394,-0.06529632210731506,0.675279438495636,0.5252609252929688,-0.02923615463078022,0.6707897186279297,0.46687352657318115,-0.046045221388339996,0.6672868728637695,0.4291895627975464,-0.05677959695458412,0.6654556393623352,0.3931788504123688,-0.06396611779928207,0.6986430287361145,0.521601140499115,-0.02858198620378971,0.7032506465911865,0.4563177525997162,-0.04703688994050026,0.7088003754615784,0.42060551047325134,-0.057551853358745575,0.71588534116745,0.38182970881462097,-0.06325497478246689,0.7193059921264648,0.5388367772102356,-0.030033569782972336,0.7378253936767578,0.5223207473754883,-0.052591945976018906,0.727348268032074,0.5643582940101624,-0.05473450943827629,0.7168734669685364,0.586222231388092,-0.051009442657232285,0.7376017570495605,0.5673889517784119,-0.03342283144593239,0.7506206631660461,0.554484486579895,-0.05028917267918587,0.7432281970977783,0.5816220641136169,-0.049697939306497574,0.7335414886474609,0.5953962206840515,-0.045937635004520416
3,0.6715198159217834,0.6514195799827576,3.063671556446934e-07,0.6408423781394958,0.6275239586830139,-0.017272302880883217,0.6150186061859131,0.5870352387428284,-0.02772529423236847,0.5949060320854187,0.5577832460403442,-0.0373159721493721,0.5757314562797546,0.5354063510894775,-0.0459350049495697,0.6392021775245667,0.500386118888855,-0.019146885722875595,0.6306767463684082,0.43807438015937805,-0.03300192952156067,0.6246164441108704,0.40006008744239807,-0.04123953729867935,0.6198840737342834,0.3653492331504822,-0.04632134735584259,0.6632252931594849,0.501214325428009,-0.021121399477124214,0.6648980975151062,0.4358398914337158,-0.036799002438783646,0.6662582755088806,0.399361789226532,-0.04547667130827904,0.6695837378501892,0.36028435826301575,-0.04934487119317055,0.685649573802948,0.5194965600967407,-0.024784179404377937,0.6933768391609192,0.5047803521156311,-0.04526525363326073,0.6838364601135254,0.5470312237739563,-0.04611426964402199,0.6775975227355957,0.5684530735015869,-0.041144076734781265,0.705099880695343,0.5471677780151367,-0.02965041808784008,0.7094647288322449,0.5355550646781921,-0.04392421618103981,0.7003607153892517,0.5649323463439941,-0.04084867611527443,0.6934431791305542,0.5806264877319336,-0.035162221640348434
3,0.6652125120162964,0.6514270305633545,2.1990601339894056e-07,0.6340612769126892,0.6251431107521057,-0.015421327203512192,0.6065117716789246,0.5756939649581909,-0.023401159793138504,0.5857376456260681,0.5402608513832092,-0.031020307913422585,0.5686193704605103,0.5096153020858765,-0.03752308711409569,0.6344600319862366,0.49699169397354126,-0.013336321339011192,0.6265714764595032,0.4341513514518738,-0.025308571755886078,0.6206843256950378,0.3963489532470703,-0.032060857862234116,0.6160502433776855,0.36252206563949585,-0.03612880781292915,0.6577856540679932,0.49818482995033264,-0.015257726423442364,0.6571967601776123,0.4362823963165283,-0.02876592054963112,0.655552089214325,0.40172797441482544,-0.03614296019077301,0.6562372446060181,0.3647081255912781,-0.03920060396194458,0.6801245212554932,0.5153957009315491,-0.019165340811014175,0.6793508529663086,0.5040054321289062,-0.03836165741086006,0.6722142696380615,0.5451975464820862,-0.03932105749845505,0.6699022054672241,0.5640441179275513,-0.03449108079075813,0.6997313499450684,0.5405182838439941,-0.024131447076797485,0.6954630017280579,0.5295012593269348,-0.03683847188949585,0.6866611242294312,0.559285581111908,-0.033811312168836594,0.6837882995605469,0.573635458946228,-0.028502939268946648
3,0.6818141341209412,0.5496554970741272,2.466279340751498e-07,0.6414503455162048,0.513623833656311,-0.0055994330905377865,0.6157541871070862,0.48385652899742126,-0.005796744022518396,0.5968075394630432,0.4438745379447937,-0.007746247109025717,0.5862219929695129,0.41081559658050537,-0.007958800531923771,0.6407114863395691,0.4168468415737152,0.01407149899750948,0.6293548345565796,0.3627186417579651,0.01079602725803852,0.6226151585578918,0.3319622576236725,0.006472733337432146,0.6186890006065369,0.30052459239959717,0.0027498146519064903,0.6602194309234619,0.41190123558044434,0.011182318441569805,0.656440258026123,0.35078951716423035,0.0030630819965153933,0.6542568206787109,0.31506699323654175,-0.004956340417265892,0.6554014682769775,0.2810330092906952,-0.009890874847769737,0.6806365251541138,0.42301055788993835,0.006430036388337612,0.6832826733589172,0.38902148604393005,-0.006311906035989523,0.6776690483093262,0.4330952763557434,-0.005303387064486742,0.6752207279205322,0.46017858386039734,-0.0004898518673144281,0.7002368569374084,0.44285574555397034,0.0010033254511654377,0.6993489861488342,0.4136418104171753,-0.007582266815006733,0.6923894882202148,0.44523829221725464,-0.0033879049587994814,0.6888193488121033,0.46395647525787354,0.0020343950018286705
3,0.6663700342178345,0.5757430791854858,2.3557664974305226e-07,0.6372359991073608,0.5455053448677063,-0.01538349874317646,0.6125974655151367,0.49921754002571106,-0.023732075467705727,0.5926195383071899,0.4639044404029846,-0.03184235841035843,0.5764849185943604,0.43452826142311096,-0.03894120827317238,0.6391260623931885,0.4252321124076843,-0.012021214701235294,0.632692277431488,0.3675841987133026,-0.024198340252041817,0.6280356645584106,0.3320819139480591,-0.03209548816084862,0.6249793767929077,0.2994574308395386,-0.03744423761963844,0.6610046625137329,0.4266399145126343,-0.013866664841771126,0.6631439328193665,0.3677332401275635,-0.02738337405025959,0.663193941116333,0.33498433232307434,-0.03552641347050667,0.666201651096344,0.29843226075172424,-0.03981269523501396,0.6818127036094666,0.44451794028282166,-0.017744116485118866,0.6870907545089722,0.42330726981163025,-0.03582792356610298,0.677622377872467,0.4619796872138977,-0.03579927235841751,0.6735074520111084,0.48273417353630066,-0.031178737059235573,0.7000580430030823,0.47174498438835144,-0.02287142723798752,0.7013291120529175,0.4554632902145386,-0.03543223440647125,0.6918132305145264,0.4819381535053253,-0.03238971158862114,0.6874120831489563,0.4967572093009949,-0.027384884655475616
3,0.6597033739089966,0.569383442401886,2.8983484412492544e-07,0.6322964429855347,0.5407999157905579,-0.01355845108628273,0.6088078022003174,0.5003747940063477,-0.022769218310713768,0.5897426605224609,0.4723818004131317,-0.032041940838098526,0.5730912685394287,0.4505782127380371,-0.04052160680294037,0.6365336179733276,0.42495453357696533,-0.014192824251949787,0.6300036311149597,0.36983251571655273,-0.0263822004199028,0.6248760223388672,0.3354993760585785,-0.0343555323779583,0.6209899187088013,0.30444806814193726,-0.03962893411517143,0.6581895351409912,0.4269166886806488,-0.01757308654487133,0.6618478894233704,0.36424243450164795,-0.030686793848872185,0.6632802486419678,0.3259246349334717,-0.03910183906555176,0.6669549942016602,0.2870069742202759,-0.043610308319330215,0.677989661693573,0.4465002417564392,-0.02242649905383587,0.6862295269966125,0.42662832140922546,-0.038829557597637177,0.676291823387146,0.46168243885040283,-0.038712359964847565,0.6699123382568359,0.48255282640457153,-0.03432401642203331,0.6944311261177063,0.4760567843914032,-0.028439849615097046,0.6998544335365295,0.4605366587638855,-0.03920320048928261,0.6906359195709229,0.48318445682525635,-0.035339802503585815,0.6840609908103943,0.497696191072464,-0.029914576560258865
3,0.6705488562583923,0.636055588722229,2.694801821689907e-07,0.641022801399231,0.6032341718673706,-0.016694901511073112,0.6165364980697632,0.5544800162315369,-0.02646087296307087,0.5968721508979797,0.5179179310798645,-0.035830989480018616,0.5788743495941162,0.4897354245185852,-0.04425583407282829,0.6469109654426575,0.4782539904117584,-0.016386479139328003,0.6407783627510071,0.41504573822021484,-0.02982218749821186,0.6356361508369446,0.37617596983909607,-0.038293663412332535,0.6318049430847168,0.34038418531417847,-0.043709877878427505,0.6693646907806396,0.4811807870864868,-0.01825740374624729,0.6729874014854431,0.41250669956207275,-0.033328596502542496,0.674203634262085,0.37267768383026123,-0.04217978194355965,0.6782247424125671,0.3345411717891693,-0.046471577137708664,0.6908320784568787,0.5019863247871399,-0.02191879227757454,0.6975411176681519,0.4778584837913513,-0.042180538177490234,0.6866456866264343,0.5181666016578674,-0.04297215864062309,0.6808966994285583,0.5439484119415283,-0.03786333650350571,0.7096457481384277,0.5317283868789673,-0.02670796401798725,0.7123976349830627,0.508878767490387,-0.040776029229164124,0.7019944787025452,0.5359593629837036,-0.03746413066983223,0.6959927678108215,0.5547760128974915,-0.031598471105098724
3,0.6641290783882141,0.6394845247268677,2.5936191150321974e-07,0.6339801549911499,0.6075177192687988,-0.015653258189558983,0.6089919805526733,0.5596429109573364,-0.024663252755999565,0.5893445014953613,0.5233563184738159,-0.03344927728176117,0.5723901391029358,0.4936866760253906,-0.041205525398254395,0.6391226649284363,0.48053133487701416,-0.013756885193288326,0.6323521137237549,0.4195072650909424,-0.026972340419888496,0.6265035271644592,0.38183557987213135,-0.03557075187563896,0.6220076680183411,0.34740835428237915,-0.041135456413030624,0.6617491245269775,0.4827996492385864,-0.0160966943949461,0.6640278697013855,0.41818684339523315,-0.03060477040708065,0.6638720035552979,0.37960565090179443,-0.03958246111869812,0.6665236353874207,0.3394714593887329,-0.04416295513510704,0.6830328106880188,0.5033074617385864,-0.020312130451202393,0.6874232888221741,0.4827912151813507,-0.039344821125268936,0.6770983934402466,0.523548424243927,-0.039588406682014465,0.672261118888855,0.5471266508102417,-0.03457505628466606,0.7011682391166687,0.5335367918014526,-0.02576250396668911,0.701636552810669,0.5163849592208862,-0.03862667456269264,0.6914976239204407,0.5436694025993347,-0.035066600888967514,0.6866648197174072,0.5601634979248047,-0.02932226099073887
3,0.6565688252449036,0.6409253478050232,1.6448406370273005e-07,0.6264306902885437,0.609849214553833,-0.009975305758416653,0.6016399264335632,0.5579462051391602,-0.016112979501485825,0.5829603672027588,0.5236479043960571,-0.02307470701634884,0.5652662515640259,0.4989214241504669,-0.029497552663087845,0.6318458318710327,0.48855292797088623,-0.008931826800107956,0.6213314533233643,0.42717885971069336,-0.020625796169042587,0.6133381128311157,0.3910130262374878,-0.027510803192853928,0.6067788600921631,0.35878849029541016,-0.031601034104824066,0.6542529463768005,0.486098974943161,-0.013085760176181793,0.6503732204437256,0.42528945207595825,-0.026171378791332245,0.6452382206916809,0.3905888795852661,-0.03378932178020477,0.6426121592521667,0.3562312424182892,-0.036778245121240616,0.6756246089935303,0.500345766544342,-0.018637197092175484,0.6639991402626038,0.4970000982284546,-0.03507975861430168,0.6574937105178833,0.5384054780006409,-0.03540368005633354,0.6582009792327881,0.5598705410957336,-0.030726516619324684,0.6936035752296448,0.524530291557312,-0.025059666484594345,0.6795942187309265,0.5269861817359924,-0.03448181599378586,0.6714439392089844,0.5580776333808899,-0.03043423220515251,0.6724280118942261,0.5738844275474548,-0.024864275008440018
3,0.6495600938796997,0.6421825289726257,9.91704141029004e-08,0.6218293309211731,0.6005411744117737,-0.006301599089056253,0.6022622585296631,0.5414812564849854,-0.010429592803120613,0.5885064601898193,0.5041969418525696,-0.01624661311507225,0.5754192471504211,0.47558867931365967,-0.021678220480680466,0.636192798614502,0.4888363182544708,-0.0053251637145876884,0.6267513036727905,0.4279087483882904,-0.017522506415843964,0.6200113296508789,0.3907496929168701,-0.025283917784690857,0.6143404245376587,0.3592538833618164,-0.02996828779578209,0.6571987867355347,0.49093255400657654,-0.011366809718310833,0.6535516381263733,0.42985284328460693,-0.025554101914167404,0.6457425355911255,0.39551079273223877,-0.03370831906795502,0.6396887302398682,0.36473333835601807,-0.03661176934838295,0.6765812039375305,0.5093282461166382,-0.0186232328414917,0.6578482985496521,0.5003176331520081,-0.03492823243141174,0.651007354259491,0.5398356914520264,-0.034825414419174194,0.6526613831520081,0.5639384388923645,-0.029829492792487144,0.6909679174423218,0.5380792617797852,-0.026623615995049477,0.6705811619758606,0.5356000661849976,-0.035805072635412216,0.6612202525138855,0.5627676844596863,-0.031511399894952774,0.6628056168556213,0.5800102949142456,-0.02574017271399498
3,0.6670687794685364,0.6290508508682251,2.64915598791049e-07,0.6419987678527832,0.5998328924179077,-0.015022983774542809,0.6220805644989014,0.5553038120269775,-0.02372506633400917,0.6072296500205994,0.5191583633422852,-0.03193700313568115,0.5929983258247375,0.4894259572029114,-0.03900004178285599,0.6432979106903076,0.4847247898578644,-0.013554276898503304,0.6373869776725769,0.42680713534355164,-0.026391973719000816,0.6329403519630432,0.39191004633903503,-0.034291546791791916,0.6303775310516357,0.3599303662776947,-0.03916142135858536,0.6640448570251465,0.48712313175201416,-0.01567581668496132,0.6660943031311035,0.42300471663475037,-0.02991066686809063,0.6658787727355957,0.38696837425231934,-0.03781558573246002,0.6690800786018372,0.34845274686813354,-0.04145466908812523,0.6841294765472412,0.5061179995536804,-0.01953761652112007,0.6885525584220886,0.48187267780303955,-0.03774676099419594,0.6792256236076355,0.5211160778999329,-0.0364559181034565,0.6762591004371643,0.5413685441017151,-0.030531780794262886,0.7020756602287292,0.533840537071228,-0.02458336018025875,0.7024571895599365,0.5140821933746338,-0.03664502874016762,0.6935017108917236,0.5409166812896729,-0.03204740211367607,0.6899880170822144,0.5548741817474365,-0.025671200826764107
3,0.6684233546257019,0.6263474225997925,2.287837617132027e-07,0.6409351229667664,0.5903228521347046,-0.011587001383304596,0.6234654784202576,0.5310182571411133,-0.016275903210043907,0.6150231957435608,0.48279643058776855,-0.020966779440641403,0.6051781177520752,0.44611069560050964,-0.024503981694579124,0.6441590189933777,0.48209404945373535,-0.009869102388620377,0.6382102966308594,0.41915154457092285,-0.02167499251663685,0.6332417130470276,0.3820936381816864,-0.02854910120368004,0.6300801634788513,0.34901851415634155,-0.032608289271593094,0.6648315191268921,0.48449990153312683,-0.012678996659815311,0.6664343476295471,0.4181128740310669,-0.027045583352446556,0.6656069755554199,0.37904810905456543,-0.03507159650325775,0.6681551933288574,0.34029585123062134,-0.03867987170815468,0.6848442554473877,0.5021547675132751,-0.016862472519278526,0.6891859173774719,0.47533872723579407,-0.034731846302747726,0.6806538701057434,0.5144725441932678,-0.03282560035586357,0.6777059435844421,0.5374945998191833,-0.026309629902243614,0.7032985687255859,0.5277768969535828,-0.021940894424915314,0.7033296823501587,0.5041016936302185,-0.03329421579837799,0.6949679851531982,0.5311900973320007,-0.02798442542552948,0.6915006041526794,0.5470803380012512,-0.02108149789273739
3,0.6766548752784729,0.6218109726905823,1.930568771513208e-07,0.6491233706474304,0.5813294649124146,-0.007326388731598854,0.6337651014328003,0.5187968015670776,-0.010111435316503048,0.6283043622970581,0.4727361798286438,-0.014332420192658901,0.6195825934410095,0.4374760091304779,-0.01783166080713272,0.6576763987541199,0.471810519695282,-0.0046564023941755295,0.6532903909683228,0.4116209149360657,-0.016157809644937515,0.6499617695808411,0.3751755952835083,-0.02329292520880699,0.6473596096038818,0.3435935974121094,-0.02761996164917946,0.6777021884918213,0.4767991304397583,-0.009789163246750832,0.6801861524581909,0.41480880975723267,-0.024269161745905876,0.6788630485534668,0.37662285566329956,-0.032778579741716385,0.6799812316894531,0.3397917151451111,-0.03652495518326759,0.6969352960586548,0.4967253506183624,-0.01622745767235756,0.6943875551223755,0.47190821170806885,-0.03373831883072853,0.686271071434021,0.5115001201629639,-0.03193618357181549,0.6847508549690247,0.5351331233978271,-0.025357550010085106,0.7145585417747498,0.5249891877174377,-0.023331409320235252,0.7096878290176392,0.500317394733429,-0.033452678471803665,0.7002567052841187,0.5247824788093567,-0.027698732912540436,0.6978121399879456,0.54088294506073,-0.020570561289787292
3,0.6718778610229492,0.6137489676475525,9.389471955500994e-08,0.6482192873954773,0.5706163644790649,-0.004204949364066124,0.636741042137146,0.5113717913627625,-0.006052396260201931,0.6331880688667297,0.4682208001613617,-0.010048668831586838,0.6280985474586487,0.43212011456489563,-0.013494362123310566,0.6623759269714355,0.469197541475296,-9.095986752072349e-05,0.6552343368530273,0.4130134582519531,-0.011444248259067535,0.650418758392334,0.37759944796562195,-0.01881846971809864,0.6468692421913147,0.34856826066970825,-0.02326831966638565,0.6799092888832092,0.47233548760414124,-0.00628175912424922,0.6760230660438538,0.41436928510665894,-0.020112790167331696,0.6702898144721985,0.37814611196517944,-0.0284523144364357,0.6667633056640625,0.3459818959236145,-0.03183065354824066,0.6970366835594177,0.4889993965625763,-0.013816386461257935,0.6819996237754822,0.4731120765209198,-0.029722923412919044,0.6763960719108582,0.5074123740196228,-0.029022395610809326,0.6777923703193665,0.5298115015029907,-0.023546697571873665,0.7117674946784973,0.5141089558601379,-0.021978244185447693,0.6942300200462341,0.500870943069458,-0.03099626675248146,0.6872445344924927,0.5232465863227844,-0.026704372838139534,0.6886327862739563,0.5392401814460754,-0.020779922604560852
3,0.6670645475387573,0.6214154362678528,1.6493359566993604e-07,0.639961838722229,0.5855313539505005,-0.007677400019019842,0.623120129108429,0.5265730023384094,-0.010913698934018612,0.6150600910186768,0.4826767146587372,-0.015476785600185394,0.6051641702651978,0.4494902789592743,-0.01927442103624344,0.6449416279792786,0.47949618101119995,-0.004837675951421261,0.6370681524276733,0.4213918447494507,-0.01651918701827526,0.6316412687301636,0.38622838258743286,-0.023696525022387505,0.6273288726806641,0.35566502809524536,-0.028208807110786438,0.6649171113967896,0.48130717873573303,-0.00995258241891861,0.6637348532676697,0.42230772972106934,-0.025474822148680687,0.6600953936576843,0.3868134617805481,-0.0346955731511116,0.6590723991394043,0.3506788909435272,-0.038772471249103546,0.6845971345901489,0.4976464807987213,-0.016280904412269592,0.6802911162376404,0.4753083288669586,-0.033984746783971786,0.673621416091919,0.5156907439231873,-0.03164009004831314,0.6730203628540039,0.5368199944496155,-0.02482224814593792,0.7027807235717773,0.5227669477462769,-0.02335227280855179,0.6958540081977844,0.5026885271072388,-0.033164508640766144,0.687271773815155,0.5300799012184143,-0.026890577748417854,0.6856167316436768,0.5456969141960144,-0.019525013864040375
3,0.6859229803085327,0.6125590801239014,2.6262364372087177e-07,0.6595816016197205,0.5836440920829773,-0.014845428057014942,0.6407662034034729,0.535561740398407,-0.02092376910150051,0.6320753693580627,0.49203115701675415,-0.026105789467692375,0.6229323744773865,0.45693671703338623,-0.029739834368228912,0.6579592227935791,0.4779733419418335,-0.011073927395045757,0.6548777222633362,0.4229195713996887,-0.02250455878674984,0.6518199443817139,0.3903674781322479,-0.02932933159172535,0.6501688957214355,0.3592148721218109,-0.03376080095767975,0.6778689026832581,0.4776591360569,-0.012332233600318432,0.6798871159553528,0.41709673404693604,-0.027234027162194252,0.6822007298469543,0.38313138484954834,-0.03594163432717323,0.6863431334495544,0.34599387645721436,-0.04025430604815483,0.6963646411895752,0.4925200939178467,-0.015284235589206219,0.7094045877456665,0.467257022857666,-0.0349615253508091,0.7018501162528992,0.5063557624816895,-0.03501131385564804,0.6947149038314819,0.5267939567565918,-0.02986583113670349,0.7134055495262146,0.5154898762702942,-0.019266214221715927,0.7214595079421997,0.49649477005004883,-0.03393201157450676,0.7153082489967346,0.52284836769104,-0.03165644034743309,0.7077611684799194,0.5361530184745789,-0.026737790554761887
3,0.6754128932952881,0.6116859316825867,2.224568333986099e-07,0.6485058665275574,0.5790611505508423,-0.011408139951527119,0.6320291757583618,0.5226885080337524,-0.014759797602891922,0.6253039240837097,0.47506770491600037,-0.018075795844197273,0.6151360869407654,0.44204604625701904,-0.020240938290953636,0.6493170857429504,0.47296687960624695,-0.005629030056297779,0.6452221870422363,0.4178597927093506,-0.015478653833270073,0.6416763067245483,0.38477393984794617,-0.0218373890966177,0.6397420763969421,0.3542807996273041,-0.026133188977837563,0.6696329116821289,0.4738997519016266,-0.00809063483029604,0.6706522107124329,0.4157644510269165,-0.02070585824549198,0.6720479130744934,0.38178348541259766,-0.028785569593310356,0.6760252714157104,0.34641924500465393,-0.03296475484967232,0.6885830163955688,0.49074554443359375,-0.0122362757101655,0.6982001662254333,0.46538496017456055,-0.02977661043405533,0.6908407211303711,0.5032145380973816,-0.02950546331703663,0.6857850551605225,0.5254788398742676,-0.024489203467965126,0.7057285904884338,0.5162358283996582,-0.017247969284653664,0.7113866806030273,0.4948291480541229,-0.030308468267321587,0.7042601704597473,0.5192234516143799,-0.02757474221289158,0.6982181668281555,0.5342227816581726,-0.022537389770150185
3,0.6622104644775391,0.6237210631370544,1.7450683742481488e-07,0.6345933675765991,0.5890932679176331,-0.008242882788181305,0.6177381873130798,0.5298312306404114,-0.011206521652638912,0.6087585091590881,0.48636263608932495,-0.015242569148540497,0.5966150164604187,0.45632609724998474,-0.01858699880540371,0.6368144154548645,0.4823269248008728,-0.003789420472458005,0.6291711330413818,0.42691004276275635,-0.014365789480507374,0.6237690448760986,0.3934537172317505,-0.020963190123438835,0.6196255087852478,0.36354342103004456,-0.025061117485165596,0.6570340394973755,0.48323023319244385,-0.008152179419994354,0.6560901999473572,0.4258878827095032,-0.021626072004437447,0.6527085304260254,0.3925149440765381,-0.030042739585042,0.6518757939338684,0.3573140501976013,-0.03378479555249214,0.6768646240234375,0.49817514419555664,-0.013872082345187664,0.6742470860481262,0.4790988266468048,-0.03050670213997364,0.6679955720901489,0.5179281234741211,-0.028842220082879066,0.6673780083656311,0.5373107194900513,-0.022686339914798737,0.695158839225769,0.5209700465202332,-0.020329996943473816,0.6894311904907227,0.5020204782485962,-0.029521603137254715,0.6816608905792236,0.5299190282821655,-0.02355143241584301,0.680145263671875,0.5451380610466003,-0.01657111942768097
3,0.6532160043716431,0.6232302784919739,1.762537351623905e-07,0.6242485642433167,0.5925065875053406,-0.00893969926983118,0.6028108596801758,0.5384489297866821,-0.01303203497081995,0.5895448923110962,0.4996078908443451,-0.01779203861951828,0.5755032300949097,0.4728337228298187,-0.021969269961118698,0.6271398067474365,0.4848009943962097,-0.007660547271370888,0.6184180378913879,0.427817702293396,-0.018357373774051666,0.6116454005241394,0.39326736330986023,-0.02451435476541519,0.6064192056655884,0.3624401092529297,-0.02806449867784977,0.6469994783401489,0.4852474331855774,-0.011420601978898048,0.6450415849685669,0.4249829351902008,-0.024406129494309425,0.641538679599762,0.3901582956314087,-0.03178129345178604,0.6409477591514587,0.3541070222854614,-0.03479273244738579,0.6667703986167908,0.4993986189365387,-0.01633639633655548,0.6636945009231567,0.48282670974731445,-0.0330391526222229,0.6573908925056458,0.52162766456604,-0.03205771744251251,0.6569067239761353,0.5413981080055237,-0.026301778852939606,0.6850520968437195,0.5214008092880249,-0.021868333220481873,0.6790092587471008,0.5045121312141418,-0.0314573310315609,0.6712928414344788,0.5330497026443481,-0.026033012196421623,0.6698540449142456,0.5482871532440186,-0.019377917051315308
3,0.6624023914337158,0.6027121543884277,1.819437613903574e-07,0.6338415741920471,0.5748754739761353,-0.00876396894454956,0.6103332042694092,0.523386538028717,-0.01367279514670372,0.5952519178390503,0.4870043396949768,-0.019221549853682518,0.5800625681877136,0.4618707001209259,-0.02417144365608692,0.6359280347824097,0.46430477499961853,-0.009152580983936787,0.6254738569259644,0.4075036942958832,-0.01980244740843773,0.6177911758422852,0.3736342191696167,-0.025890765711665154,0.6115517616271973,0.3440867066383362,-0.029462415724992752,0.6558312773704529,0.46439361572265625,-0.013288216665387154,0.6532843112945557,0.40198397636413574,-0.026183249428868294,0.6494476795196533,0.3665085732936859,-0.033389702439308167,0.6484078764915466,0.33059561252593994,-0.036275699734687805,0.6758888959884644,0.4783824682235718,-0.01842760294675827,0.6723910570144653,0.4624253511428833,-0.034433383494615555,0.6664093732833862,0.5013108253479004,-0.033034227788448334,0.6658234596252441,0.521550178527832,-0.02720036916434765,0.6943950057029724,0.5001954436302185,-0.02421616204082966,0.6879481673240662,0.48343953490257263,-0.03306496888399124,0.6806913614273071,0.5115731954574585,-0.027237141504883766,0.6797240376472473,0.526591956615448,-0.020434027537703514
3,0.6783987879753113,0.6066643595695496,1.7038883015629835e-07,0.6506674885749817,0.5752825736999512,-0.008896270766854286,0.6295250654220581,0.5209400653839111,-0.0139899468049407,0.6155534386634827,0.48183682560920715,-0.01989652030169964,0.6006367802619934,0.455202579498291,-0.025402411818504333,0.6573489308357239,0.46713316440582275,-0.009887662716209888,0.6492993235588074,0.40818849205970764,-0.021636949852108955,0.6429182887077332,0.37344032526016235,-0.028515275567770004,0.6375375986099243,0.3421216607093811,-0.03254052251577377,0.6775113344192505,0.4698585867881775,-0.014231480658054352,0.6760203242301941,0.40753281116485596,-0.027815090492367744,0.6739806532859802,0.3728553056716919,-0.035076260566711426,0.6749586462974548,0.33588966727256775,-0.03794490918517113,0.6975076198577881,0.48634469509124756,-0.019690336659550667,0.6926411390304565,0.4701230227947235,-0.03729568049311638,0.6860222220420837,0.509464681148529,-0.036205921322107315,0.6860424876213074,0.5301185846328735,-0.030161121860146523,0.7155281901359558,0.5110920667648315,-0.02570631355047226,0.7086727023124695,0.49104824662208557,-0.03588387370109558,0.6998164653778076,0.519960343837738,-0.029937030747532845,0.6987497210502625,0.5377655029296875,-0.022775936871767044
3,0.6756516098976135,0.6205008029937744,7.646090693924634e-08,0.6524625420570374,0.5775058269500732,-0.004339651204645634,0.6405158042907715,0.5173730850219727,-0.005935175810009241,0.6340352296829224,0.47736454010009766,-0.009198032319545746,0.6261906027793884,0.44617366790771484,-0.011828426271677017,0.6673133969306946,0.47661957144737244,-0.0015272876480594277,0.6593479514122009,0.42110368609428406,-0.011969154700636864,0.6541072726249695,0.3857908248901367,-0.018828054890036583,0.6506518721580505,0.3560544550418854,-0.023210305720567703,0.6858388185501099,0.47979599237442017,-0.007283891551196575,0.6770555973052979,0.42496442794799805,-0.01934300735592842,0.6722549796104431,0.39003831148147583,-0.02727208286523819,0.6705766320228577,0.35708487033843994,-0.03091580793261528,0.7028148174285889,0.4980597496032715,-0.014117005281150341,0.6830610036849976,0.49540284276008606,-0.027861744165420532,0.6773034334182739,0.5269999504089355,-0.02751094661653042,0.678321897983551,0.546115517616272,-0.02317974716424942,0.7150275111198425,0.5249539017677307,-0.021741876378655434,0.6938520073890686,0.5244431495666504,-0.02980908565223217,0.6870198249816895,0.5461899042129517,-0.026129841804504395,0.6884610056877136,0.5610253214836121,-0.021098092198371887
3,0.6853452920913696,0.6012527942657471,1.8267826362716733e-07,0.6591200232505798,0.5681858062744141,-0.010412197560071945,0.6440504193305969,0.5095133781433105,-0.014443683438003063,0.6384125351905823,0.46408626437187195,-0.01873890310525894,0.629377007484436,0.4287814795970917,-0.022149652242660522,0.6646972298622131,0.46222564578056335,-0.00870999414473772,0.6587164998054504,0.4038349986076355,-0.019665267318487167,0.6542876362800598,0.36985746026039124,-0.025483306497335434,0.6508009433746338,0.34002685546875,-0.02864053286612034,0.6848790645599365,0.4665564298629761,-0.012009154073894024,0.6860228180885315,0.40604519844055176,-0.025874998420476913,0.684918999671936,0.3716084361076355,-0.03335908427834511,0.686097264289856,0.33792644739151,-0.03613504767417908,0.7039456367492676,0.4845322072505951,-0.01670042611658573,0.7028564214706421,0.46862077713012695,-0.03479524329304695,0.6956676840782166,0.5071665048599243,-0.033954259008169174,0.6939702033996582,0.5269926190376282,-0.027844278141856194,0.721526563167572,0.5092136263847351,-0.02206346206367016,0.7169747352600098,0.4909478425979614,-0.03288295120000839,0.7087482213973999,0.5187480449676514,-0.0278181042522192,0.706272304058075,0.5337637662887573,-0.02114923484623432
3,0.6940447688102722,0.5466181039810181,2.1127884508587158e-07,0.6648922562599182,0.511149525642395,-0.00604597944766283,0.6462886333465576,0.4596296548843384,-0.006001717876642942,0.6388905048370361,0.41804277896881104,-0.007210643030703068,0.6303854584693909,0.3869096040725708,-0.007482858374714851,0.6665525436401367,0.41929227113723755,0.0035544494166970253,0.6594178676605225,0.36786410212516785,-0.0033300004433840513,0.6537890434265137,0.3367055058479309,-0.007892601191997528,0.6500125527381897,0.3082689046859741,-0.010676701553165913,0.6852423548698425,0.41775524616241455,-7.761532287986483e-06,0.6848223209381104,0.35991382598876953,-0.010313238948583603,0.6824771165847778,0.32345151901245117,-0.017617888748645782,0.6830657124519348,0.2880634665489197,-0.020861059427261353,0.7039483189582825,0.43016424775123596,-0.005012182518839836,0.7064967751502991,0.40291690826416016,-0.020556440576910973,0.7000203132629395,0.44196265935897827,-0.02080521732568741,0.697767972946167,0.4665515720844269,-0.01564870961010456,0.7212806344032288,0.4509000778198242,-0.010367217473685741,0.7193354368209839,0.43037769198417664,-0.020478837192058563,0.7117250561714172,0.45654943585395813,-0.016950631514191628,0.7082171440124512,0.47276392579078674,-0.011315732263028622
3,0.6902660727500916,0.5430474281311035,2.3248570357736753e-07,0.6595218181610107,0.5067021250724792,-0.0069275046698749065,0.6390929818153381,0.4444171190261841,-0.007575813680887222,0.632959246635437,0.3974343538284302,-0.009231175296008587,0.6248420476913452,0.36068472266197205,-0.009697078727185726,0.6629281640052795,0.39633306860923767,0.00019355582480784506,0.6544639468193054,0.3350929021835327,-0.007981758564710617,0.6484065055847168,0.29990071058273315,-0.01219411101192236,0.6442088484764099,0.267564058303833,-0.014524557627737522,0.6841880083084106,0.3968546390533447,-0.004148280713707209,0.6837547421455383,0.329865425825119,-0.017292847856879234,0.6811571717262268,0.2910923361778259,-0.024946855381131172,0.6825272440910339,0.25105249881744385,-0.027637841179966927,0.7054277062416077,0.41287535429000854,-0.009811204858124256,0.704208493232727,0.39015883207321167,-0.02745283767580986,0.6980200409889221,0.4363855719566345,-0.02558436058461666,0.6987370848655701,0.45828714966773987,-0.01827690191566944,0.725220263004303,0.43610772490501404,-0.01591174304485321,0.7205071449279785,0.4133717715740204,-0.026293467730283737,0.7131512761116028,0.44659557938575745,-0.02021859586238861,0.7125460505485535,0.46185028553009033,-0.012595093809068203
3,0.6809866428375244,0.5017653703689575,2.5772021672310075e-07,0.6473913192749023,0.4603794813156128,-0.014282237738370895,0.6276300549507141,0.3879602551460266,-0.018591152504086494,0.6185615658760071,0.3324050307273865,-0.022990304976701736,0.6056756377220154,0.2905982732772827,-0.02594330534338951,0.6475222110748291,0.3262924551963806,-0.008342943154275417,0.6378378868103027,0.255020409822464,-0.02163274772465229,0.6309282779693604,0.21326172351837158,-0.028912540525197983,0.6253579258918762,0.17428123950958252,-0.033195462077856064,0.6734117269515991,0.3275691270828247,-0.011468514800071716,0.6742384433746338,0.255240797996521,-0.028411556035280228,0.672927975654602,0.21395204961299896,-0.03763007000088692,0.6752232909202576,0.1683443933725357,-0.0411941334605217,0.6980087161064148,0.34902313351631165,-0.01682892255485058,0.7010554075241089,0.3322451114654541,-0.0391867570579052,0.6915738582611084,0.3809303045272827,-0.03868347033858299,0.6898494362831116,0.400473415851593,-0.03169674426317215,0.7201328277587891,0.38008779287338257,-0.023280108347535133,0.7198999524116516,0.3653416335582733,-0.03726823255419731,0.7096939086914062,0.39966630935668945,-0.03241237625479698,0.7062442898750305,0.413045734167099,-0.025346048176288605
3,0.6773876547813416,0.5239751935005188,1.109770977336666e-07,0.6445226073265076,0.4754278063774109,-0.005651944782584906,0.6295801401138306,0.4009743630886078,-0.007465319242328405,0.6249393820762634,0.3488749861717224,-0.011934741400182247,0.619438648223877,0.30653220415115356,-0.01546438131481409,0.6564649939537048,0.35534101724624634,0.00019849436648655683,0.6426200866699219,0.28808221220970154,-0.01438867673277855,0.6336942315101624,0.2457173466682434,-0.023632103577256203,0.6257145404815674,0.20951184630393982,-0.029420603066682816,0.6783348917961121,0.35632896423339844,-0.007464871741831303,0.6685155034065247,0.28842175006866455,-0.026898538693785667,0.6560558080673218,0.24663928151130676,-0.03791134059429169,0.6456152200698853,0.2091444432735443,-0.04196745157241821,0.7002619504928589,0.3742015063762665,-0.016920823603868484,0.6722009181976318,0.36270636320114136,-0.03858323022723198,0.6674937009811401,0.4111335873603821,-0.03743460774421692,0.671794056892395,0.4395767152309418,-0.02999466471374035,0.7173669338226318,0.40387606620788574,-0.027291689068078995,0.6883522868156433,0.4006255269050598,-0.040541645139455795,0.6826084852218628,0.4329340159893036,-0.03607534244656563,0.688545823097229,0.45065557956695557,-0.029145512729883194
3,0.6774670481681824,0.5275137424468994,2.3264009030299349e-07,0.6444904804229736,0.489219605922699,-0.013301949016749859,0.6258063912391663,0.4176134169101715,-0.01689496636390686,0.6183562278747559,0.3626661002635956,-0.02079741097986698,0.6051872372627258,0.3224611282348633,-0.023340893909335136,0.6470715403556824,0.35887575149536133,-0.006549733225256205,0.6379415988922119,0.29005229473114014,-0.018794987350702286,0.6320103406906128,0.25037682056427,-0.025499358773231506,0.6274171471595764,0.21386775374412537,-0.029606599360704422,0.6722490191459656,0.36129072308540344,-0.009878840297460556,0.6722810864448547,0.29399576783180237,-0.026945924386382103,0.6708030104637146,0.2555443048477173,-0.03686072677373886,0.672831654548645,0.2130095362663269,-0.04092659801244736,0.6961749196052551,0.3822227716445923,-0.015266076661646366,0.6971057653427124,0.36795487999916077,-0.037198737263679504,0.6886082291603088,0.41569820046424866,-0.03671606257557869,0.6874718070030212,0.43519842624664307,-0.02996530942618847,0.7179413437843323,0.4113018214702606,-0.021695686504244804,0.7147529721260071,0.39833521842956543,-0.03544007986783981,0.7049313187599182,0.43281182646751404,-0.03078351356089115,0.7022930383682251,0.4460732638835907,-0.023993251845240593
3,0.6801514029502869,0.5216506719589233,3.3482226058367814e-07,0.651655375957489,0.4830024540424347,-0.015263631939888,0.6412208080291748,0.41736727952957153,-0.020179839804768562,0.6417186856269836,0.3605837821960449,-0.024759216234087944,0.6299517750740051,0.3217984735965729,-0.027598746120929718,0.6576232314109802,0.3537580966949463,-0.008135885931551456,0.6579301953315735,0.2902480959892273,-0.020861057564616203,0.6567162275314331,0.2500026524066925,-0.028921224176883698,0.6574909090995789,0.21226932108402252,-0.03448288142681122,0.6812297105789185,0.35736823081970215,-0.010575052350759506,0.6890695095062256,0.287480890750885,-0.02983509935438633,0.6941619515419006,0.24676825106143951,-0.042824022471904755,0.7044695615768433,0.20198431611061096,-0.049528248608112335,0.7016226649284363,0.3803451657295227,-0.014717327430844307,0.7207870483398438,0.3595393896102905,-0.038314737379550934,0.7057104706764221,0.40347808599472046,-0.03894496709108353,0.6955559849739075,0.42191657423973083,-0.033089518547058105,0.7193658351898193,0.4120461642742157,-0.020143762230873108,0.7329168915748596,0.39424920082092285,-0.037923526018857956,0.7290993928909302,0.4173656702041626,-0.03635292127728462,0.7270413041114807,0.42459237575531006,-0.03108895756304264
3,0.6666692495346069,0.5360252857208252,2.8421987963156425e-07,0.6370130181312561,0.4940139055252075,-0.01395869068801403,0.6233748197555542,0.4248729944229126,-0.0179525688290596,0.6197003126144409,0.36876851320266724,-0.022009078413248062,0.6079670190811157,0.32892799377441406,-0.02458697184920311,0.6431047916412354,0.3702348470687866,-0.005874454043805599,0.64015132188797,0.30750563740730286,-0.017883095890283585,0.6367143392562866,0.268460750579834,-0.02547008916735649,0.6350992321968079,0.23244774341583252,-0.0307637806981802,0.6667131781578064,0.37562891840934753,-0.008876659907400608,0.6712765693664551,0.3100997507572174,-0.026144016534090042,0.6744511127471924,0.27006781101226807,-0.03733795881271362,0.6819557547569275,0.22799967229366302,-0.04301285371184349,0.6877326965332031,0.40008658170700073,-0.013893472030758858,0.6989834308624268,0.3778366446495056,-0.03616143763065338,0.6870375871658325,0.420732319355011,-0.03614869713783264,0.6809121966362,0.4430997371673584,-0.030103184282779694,0.7058829665184021,0.43331483006477356,-0.02002113312482834,0.7134291529655457,0.41442301869392395,-0.03630194067955017,0.7030402421951294,0.44204577803611755,-0.03350156545639038,0.6957821846008301,0.4557493031024933,-0.027756577357649803
3,0.6801498532295227,0.5149790644645691,2.345768166378548e-07,0.6479665637016296,0.4793158769607544,-0.009219720959663391,0.6268070340156555,0.41376379132270813,-0.011576098389923573,0.6182360053062439,0.3628961443901062,-0.01468574907630682,0.6074599027633667,0.3275134861469269,-0.016666796058416367,0.647504448890686,0.363754540681839,-0.005288036540150642,0.6394057869911194,0.3006055951118469,-0.016071416437625885,0.6330893039703369,0.26326891779899597,-0.02199656330049038,0.6291323304176331,0.22961142659187317,-0.025538163259625435,0.6699036955833435,0.3632710576057434,-0.009411096572875977,0.668038547039032,0.2937571406364441,-0.02400469407439232,0.6649456024169922,0.25329795479774475,-0.032339103519916534,0.666307806968689,0.21285422146320343,-0.035888925194740295,0.6921900510787964,0.3792731463909149,-0.014817078597843647,0.6933817863464355,0.34755590558052063,-0.03372466191649437,0.68556809425354,0.3951411843299866,-0.031107930466532707,0.6838661432266235,0.42377910017967224,-0.023404400795698166,0.7129815816879272,0.40466398000717163,-0.020939409732818604,0.7095932364463806,0.38148871064186096,-0.03314542770385742,0.7023341655731201,0.4122201204299927,-0.027617845684289932,0.7001284956932068,0.42882317304611206,-0.02014829032123089
3,0.6850467920303345,0.5651313662528992,2.3156860606832197e-07,0.6532799005508423,0.5309866666793823,-0.01530791912227869,0.6335560083389282,0.46808475255966187,-0.02025170624256134,0.6233938932418823,0.41650599241256714,-0.024644261226058006,0.6079003810882568,0.38084807991981506,-0.027783213183283806,0.653877854347229,0.4125169813632965,-0.010824520140886307,0.6468002200126648,0.34939396381378174,-0.023263340815901756,0.6420173048973083,0.31199488043785095,-0.03028196282684803,0.6384834051132202,0.2764151394367218,-0.03458063676953316,0.6777042746543884,0.41185659170150757,-0.012097861617803574,0.6790245771408081,0.35207757353782654,-0.02733181230723858,0.6796166896820068,0.31651195883750916,-0.035800788551568985,0.6829766035079956,0.27727264165878296,-0.03947904333472252,0.7000028491020203,0.4285837709903717,-0.01546594686806202,0.7054280042648315,0.42256519198417664,-0.03550750017166138,0.6963019371032715,0.46405014395713806,-0.036166053265333176,0.6920082569122314,0.4823266267776489,-0.030957132577896118,0.7205100655555725,0.4536019265651703,-0.020015934482216835,0.7217472195625305,0.4501373767852783,-0.03356226906180382,0.7116740345954895,0.4792913794517517,-0.03108983300626278,0.7052432298660278,0.4911927580833435,-0.026105010882019997
3,0.6774738430976868,0.5653059482574463,1.7642388172589563e-07,0.646015465259552,0.5406962633132935,-0.015642264857888222,0.6250513195991516,0.4838426113128662,-0.021653244271874428,0.6130935549736023,0.43583595752716064,-0.026740923523902893,0.5971030592918396,0.4021587371826172,-0.030404431745409966,0.6486336588859558,0.4292726218700409,-0.014428028836846352,0.6422808766365051,0.3751906752586365,-0.027580643072724342,0.636880099773407,0.34316548705101013,-0.03432433307170868,0.6325609683990479,0.3108677864074707,-0.03861604258418083,0.6733816862106323,0.42324721813201904,-0.015298240818083286,0.6757001876831055,0.38619640469551086,-0.032028403133153915,0.6760699152946472,0.361682653427124,-0.040529750287532806,0.6781483888626099,0.3289351463317871,-0.0438249297440052,0.6961809992790222,0.434011310338974,-0.017968233674764633,0.6976338624954224,0.45923295617103577,-0.03751806169748306,0.6887029409408569,0.49442800879478455,-0.03892001137137413,0.6845833659172058,0.5030751824378967,-0.034870319068431854,0.7168429493904114,0.45544126629829407,-0.022020583972334862,0.7153224349021912,0.481844425201416,-0.03510596603155136,0.7045869827270508,0.5093183517456055,-0.03430112823843956,0.6977801322937012,0.5151853561401367,-0.030756445601582527
3,0.665450930595398,0.5745266675949097,6.268407304332868e-08,0.6347092390060425,0.5302919149398804,-0.006110039539635181,0.6188244223594666,0.46466264128685,-0.008839850313961506,0.6111531257629395,0.41857755184173584,-0.01339124608784914,0.6011936664581299,0.3822268843650818,-0.017259929329156876,0.6432957053184509,0.41954687237739563,-0.0040914323180913925,0.6271860003471375,0.3604056239128113,-0.017734836786985397,0.6174767017364502,0.3233979642391205,-0.026445582509040833,0.6102907061576843,0.29009467363357544,-0.031993817538022995,0.6647120118141174,0.41924285888671875,-0.01057676412165165,0.649720311164856,0.36849212646484375,-0.02729753777384758,0.6359348297119141,0.3405073285102844,-0.03670336678624153,0.6249784827232361,0.313304603099823,-0.040267664939165115,0.6842160224914551,0.4359627962112427,-0.018415579572319984,0.6541942358016968,0.4451324939727783,-0.03625836595892906,0.6493886113166809,0.48422971367836,-0.03585148975253105,0.6524672508239746,0.5055431723594666,-0.030415399000048637,0.6978066563606262,0.4639316201210022,-0.027267171069979668,0.6697383522987366,0.47831645607948303,-0.037630531936883926,0.6639419794082642,0.5049506425857544,-0.03419284522533417,0.6671959161758423,0.5186980366706848,-0.028790483251214027
4,0.6360750198364258,0.7696585059165955,2.095140416713548e-07,0.5946135520935059,0.8122259378433228,0.009829379618167877,0.5751129388809204,0.8698744773864746,0.012181227095425129,0.5679236650466919,0.9183100461959839,0.012099393643438816,0.5691347122192383,0.9569324851036072,0.010417562909424305,0.5694441795349121,0.877897322177887,0.0036504180170595646,0.555610716342926,0.9356085062026978,0.00014801957877352834,0.5470463633537292,0.9791167378425598,-0.004615169018507004,0.5417971611022949,1.016365647315979,-0.008053158409893513,0.586371898651123,0.8936596512794495,-0.002891317242756486,0.5780096054077148,0.9577886462211609,-0.0031733394134789705,0.5737158060073853,1.0048162937164307,-0.005554571282118559,0.5697956681251526,1.0395925045013428,-0.008233410306274891,0.6064551472663879,0.9051281213760376,-0.00815350841730833,0.5996524691581726,0.9665600061416626,-0.006875244900584221,0.5958096981048584,1.0060259103775024,-0.005476953461766243,0.5926120281219482,1.031090497970581,-0.005478212609887123,0.6274234652519226,0.909778892993927,-0.012651345692574978,0.6216225624084473,0.9605457186698914,-0.011118347756564617,0.6180006265640259,0.9846963882446289,-0.007131627760827541,0.6142838597297668,0.9988206624984741,-0.003965919371694326
4,0.6960398554801941,0.9759887456893921,-8.226529502053381e-08,0.6742250323295593,0.9616095423698425,-0.023149073123931885,0.6611347198486328,0.9390095472335815,-0.04018329456448555,0.670835554599762,0.9415421485900879,-0.05552582070231438,0.688245415687561,0.9473278522491455,-0.07044687867164612,0.6873666048049927,0.8696548342704773,-0.03095957264304161,0.6857815980911255,0.8253223896026611,-0.04908772185444832,0.680758535861969,0.802959680557251,-0.06291687488555908,0.6750556230545044,0.7897977232933044,-0.07157763838768005,0.7121835947036743,0.8762052655220032,-0.028846221044659615,0.7190779447555542,0.8274150490760803,-0.0418197400867939,0.7207452654838562,0.8100869655609131,-0.04988358914852142,0.7199311256408691,0.8027477264404297,-0.056488826870918274,0.7309606671333313,0.8948851823806763,-0.02891967073082924,0.7446116805076599,0.8532857298851013,-0.041783999651670456,0.7451967000961304,0.8475846648216248,-0.04566473141312599,0.7431783080101013,0.8475753664970398,-0.04804806411266327,0.7455574870109558,0.9230793118476868,-0.030986150726675987,0.7618234157562256,0.8907104730606079,-0.04077548533678055,0.760958731174469,0.8904656767845154,-0.041200753301382065,0.7559417486190796,0.8978707790374756,-0.04114178568124771
4,0.6747398376464844,0.7415598630905151,2.040533217950724e-07,0.646765947341919,0.7132501602172852,-0.011972524225711823,0.63215571641922,0.6696182489395142,-0.019898541271686554,0.6524654626846313,0.6378732919692993,-0.027345197275280952,0.6765092015266418,0.6245052814483643,-0.035392772406339645,0.6395951509475708,0.5914723873138428,-0.012674650177359581,0.6242509484291077,0.5349166393280029,-0.023217475041747093,0.6153767704963684,0.498371422290802,-0.03203428164124489,0.6093289852142334,0.4655207693576813,-0.039115216583013535,0.6621206402778625,0.5806864500045776,-0.015806252136826515,0.6571004390716553,0.5128681659698486,-0.024485500529408455,0.6532799005508423,0.47020381689071655,-0.03270304575562477,0.650423526763916,0.432807594537735,-0.039022594690322876,0.6833093762397766,0.5895807147026062,-0.02067543752491474,0.6866366863250732,0.5241658091545105,-0.03006075881421566,0.6871248483657837,0.4839979410171509,-0.03744567185640335,0.6867195963859558,0.4470948278903961,-0.04287257418036461,0.7033097147941589,0.6117071509361267,-0.02674989216029644,0.711326003074646,0.5631660223007202,-0.03502187132835388,0.7147481441497803,0.5313515663146973,-0.03823147341609001,0.7160722017288208,0.500742495059967,-0.04065132513642311
4,0.6569502949714661,0.7059988975524902,2.025240775083148e-07,0.6321524977684021,0.6657186150550842,-0.006878472398966551,0.6194944977760315,0.6212359666824341,-0.014758148230612278,0.6257649660110474,0.5959720611572266,-0.023434370756149292,0.64267498254776,0.6049208641052246,-0.032952044159173965,0.6397215127944946,0.5478942394256592,-0.0107237184420228,0.6333905458450317,0.4869043827056885,-0.0213000550866127,0.6276620030403137,0.45133256912231445,-0.03000248782336712,0.623171865940094,0.420044869184494,-0.03733855485916138,0.6521463990211487,0.5521877408027649,-0.016973212361335754,0.6499633193016052,0.4875366687774658,-0.026981113478541374,0.647830605506897,0.4472760558128357,-0.03535927087068558,0.6459705829620361,0.413740336894989,-0.04178188741207123,0.6629219055175781,0.5719308853149414,-0.024410847574472427,0.6676596999168396,0.5134872198104858,-0.03472096845507622,0.6686708927154541,0.47630637884140015,-0.042717061936855316,0.6688852310180664,0.4441298842430115,-0.04856674373149872,0.6713370084762573,0.6038088798522949,-0.032608337700366974,0.6769391298294067,0.5663577318191528,-0.042105451226234436,0.6776831150054932,0.5380448698997498,-0.047089919447898865,0.6777930855751038,0.5115377902984619,-0.05088960751891136
4,0.643767774105072,0.7207081913948059,2.5019963345584983e-07,0.6606351137161255,0.6571237444877625,0.0035548692103475332,0.6561940312385559,0.6000878810882568,0.0007211834308691323,0.6397015452384949,0.5651108026504517,-0.002261238871142268,0.6238514184951782,0.5486811995506287,-0.00680541479960084,0.6530736088752747,0.5804060697555542,-0.020788805559277534,0.6514604091644287,0.5041679739952087,-0.03219594433903694,0.6516293287277222,0.4582045078277588,-0.037212684750556946,0.6516796350479126,0.4231233596801758,-0.03948879987001419,0.6312041878700256,0.5924423933029175,-0.026632213965058327,0.6208943724632263,0.5111139416694641,-0.03649228438735008,0.6134361624717712,0.4617193043231964,-0.04049044847488403,0.6078281402587891,0.42388758063316345,-0.04337178170681,0.6108140349388123,0.609937846660614,-0.030971113592386246,0.5960652232170105,0.5374826788902283,-0.03853970021009445,0.5870075821876526,0.4923688769340515,-0.04358920827507973,0.5819013118743896,0.4579387903213501,-0.04715938866138458,0.5940868258476257,0.6309070587158203,-0.034156523644924164,0.5778853893280029,0.5752002596855164,-0.04056760296225548,0.5696021318435669,0.5422247052192688,-0.04387679696083069,0.5640977621078491,0.5137827396392822,-0.046013183891773224
4,0.6376206874847412,0.6717305183410645,2.4940337084444764e-07,0.6528854966163635,0.6013007164001465,0.005056426394730806,0.6477047204971313,0.5450182557106018,0.003018687479197979,0.6309751272201538,0.5141494274139404,0.00019243247515987605,0.6149798035621643,0.5006986856460571,-0.004188172519207001,0.6435894966125488,0.5212177634239197,-0.014392641372978687,0.6408763527870178,0.4433835744857788,-0.023851513862609863,0.6399436593055725,0.39963293075561523,-0.028275275602936745,0.6393725275993347,0.3656502664089203,-0.030342621728777885,0.6209492683410645,0.5314731597900391,-0.020739106461405754,0.6105684041976929,0.4489291310310364,-0.02849084883928299,0.6030740141868591,0.4019913673400879,-0.032357845455408096,0.597399890422821,0.36709678173065186,-0.035153135657310486,0.6002777218818665,0.5497821569442749,-0.02572196163237095,0.5856099128723145,0.47672367095947266,-0.031622495502233505,0.5772382020950317,0.4334862530231476,-0.03674357011914253,0.5722103118896484,0.4010762572288513,-0.040557894855737686,0.5839100480079651,0.5727018713951111,-0.02951856702566147,0.5686440467834473,0.5187556743621826,-0.034583523869514465,0.5611754059791565,0.4875955879688263,-0.03720763698220253,0.5558693408966064,0.4604131281375885,-0.03887943550944328
4,0.6692085266113281,0.7007009387016296,1.7722166489875235e-07,0.6814589500427246,0.6358336210250854,0.009666725993156433,0.6773611903190613,0.5816986560821533,0.008116746321320534,0.6624119877815247,0.5481393933296204,0.004726652521640062,0.6465866565704346,0.5334859490394592,-0.0008550570346415043,0.678459107875824,0.5553843379020691,-0.014613291248679161,0.6709204316139221,0.4776257276535034,-0.02519126981496811,0.6689103841781616,0.4329402446746826,-0.029945174232125282,0.6675336360931396,0.3987956643104553,-0.03213990852236748,0.6611072421073914,0.5708596110343933,-0.0245169959962368,0.6488255262374878,0.4873126745223999,-0.03346249461174011,0.6405932903289795,0.4389776587486267,-0.037294670939445496,0.6339290142059326,0.4022366404533386,-0.04015204310417175,0.6427735686302185,0.5929537415504456,-0.03264646604657173,0.6281886696815491,0.5147366523742676,-0.04034850001335144,0.6172871589660645,0.46940740942955017,-0.04546511173248291,0.6097555160522461,0.43528375029563904,-0.04907791689038277,0.6256144642829895,0.6191132068634033,-0.039048898965120316,0.6099908351898193,0.5600599050521851,-0.047132864594459534,0.5999470949172974,0.5255263447761536,-0.050953276455402374,0.5916486978530884,0.49558353424072266,-0.05320227891206741
4,0.5969151258468628,0.7190957069396973,2.595470789401588e-07,0.6113278865814209,0.6516638398170471,0.002486047800630331,0.6076685190200806,0.596014678478241,-0.0009142414201050997,0.5871092677116394,0.5706194043159485,-0.0042990101501345634,0.5677873492240906,0.5651951432228088,-0.00921723060309887,0.5976405739784241,0.5826084613800049,-0.01999351754784584,0.5907692909240723,0.5044201016426086,-0.030195055529475212,0.5858334302902222,0.45998501777648926,-0.03434314578771591,0.5819191336631775,0.4260649085044861,-0.03614475578069687,0.5742560029029846,0.5980538725852966,-0.02519042231142521,0.5571216344833374,0.5167034864425659,-0.03450862690806389,0.5455055832862854,0.46973103284835815,-0.03853267803788185,0.5372499227523804,0.4346635043621063,-0.04112967476248741,0.5543093085289001,0.6174300909042358,-0.028809456154704094,0.5347117781639099,0.5439565181732178,-0.0356467068195343,0.5243712663650513,0.49979254603385925,-0.04030412435531616,0.5185657739639282,0.4672248959541321,-0.04342349246144295,0.5396446585655212,0.6380156874656677,-0.031331147998571396,0.5213859677314758,0.582906186580658,-0.03653531149029732,0.5119229555130005,0.5502845048904419,-0.03872283920645714,0.5053884983062744,0.5227594971656799,-0.039900101721286774
4,0.5507062673568726,0.7531297206878662,2.876429618936527e-07,0.5737898945808411,0.6998022198677063,-0.008544719778001308,0.5781947374343872,0.6373018622398376,-0.013693300075829029,0.5582583546638489,0.5999651551246643,-0.015654459595680237,0.5393263697624207,0.5867946147918701,-0.017238864675164223,0.5538939833641052,0.624485433101654,-0.028063591569662094,0.5518194437026978,0.5387462377548218,-0.03670937567949295,0.5495766401290894,0.4935798645019531,-0.038090888410806656,0.547233521938324,0.4570848047733307,-0.03783510625362396,0.5297797918319702,0.6274182796478271,-0.025975815951824188,0.5177534222602844,0.5356619954109192,-0.03566360101103783,0.5094451904296875,0.4866047501564026,-0.03692448139190674,0.5032195448875427,0.4522175192832947,-0.03630653768777847,0.5129517912864685,0.6328643560409546,-0.022879283875226974,0.5012591481208801,0.5526851415634155,-0.02978859841823578,0.49613136053085327,0.5059434175491333,-0.03239281103014946,0.49248844385147095,0.47263503074645996,-0.033149488270282745,0.5033854246139526,0.6405073404312134,-0.019800662994384766,0.49372097849845886,0.5801752209663391,-0.0242471843957901,0.489300400018692,0.5465038418769836,-0.02567795105278492,0.4855140447616577,0.5202516913414001,-0.02577410824596882
4,0.6522042751312256,0.7586168050765991,1.5859649238336715e-07,0.6607617735862732,0.6949973702430725,0.008095131255686283,0.6562211513519287,0.6378881335258484,0.005507660564035177,0.6403779983520508,0.6044092178344727,0.00150623032823205,0.6243149638175964,0.5897385478019714,-0.00458073616027832,0.6579079031944275,0.6153197288513184,-0.017216073349118233,0.6454629898071289,0.5374305844306946,-0.027252715080976486,0.6403728127479553,0.49322494864463806,-0.03193681687116623,0.6361418962478638,0.45866888761520386,-0.034331440925598145,0.6416927576065063,0.6332439184188843,-0.026471644639968872,0.6259979605674744,0.5527994632720947,-0.03404567018151283,0.615617573261261,0.5075215101242065,-0.03718189150094986,0.6069759726524353,0.47305893898010254,-0.04006446897983551,0.6237508058547974,0.65614914894104,-0.03387812152504921,0.6053776741027832,0.583042323589325,-0.03970727324485779,0.5931513905525208,0.540925920009613,-0.04382633790373802,0.5842392444610596,0.5096904039382935,-0.04741380736231804,0.606316864490509,0.6817768812179565,-0.03979278728365898,0.587111234664917,0.6292724013328552,-0.045774444937705994,0.575100839138031,0.5985795259475708,-0.048278987407684326,0.5649428963661194,0.5723344087600708,-0.0500498004257679
4,0.6650017499923706,0.7522948980331421,1.571062853145122e-07,0.6405617594718933,0.7211501598358154,-0.009533846750855446,0.6272263526916504,0.6788829565048218,-0.016303079202771187,0.645452618598938,0.6500363945960999,-0.023009806871414185,0.6693984866142273,0.643054187297821,-0.03035585582256317,0.6366252303123474,0.6085941195487976,-0.010756945237517357,0.6227879524230957,0.5558984875679016,-0.02093861624598503,0.6140906810760498,0.5229451060295105,-0.02931934781372547,0.6075888276100159,0.4931582808494568,-0.03614594787359238,0.6568817496299744,0.6008745431900024,-0.014876688830554485,0.6525120735168457,0.537097692489624,-0.023438768461346626,0.6489731073379517,0.4968481957912445,-0.03163447976112366,0.6458393931388855,0.46217623353004456,-0.037875641137361526,0.6751301288604736,0.6120647192001343,-0.020481975749135017,0.677044689655304,0.5554432272911072,-0.029785634949803352,0.6759722232818604,0.5182496905326843,-0.03750942274928093,0.6738516092300415,0.48406362533569336,-0.043135546147823334,0.6916407942771912,0.6361711025238037,-0.027069326490163803,0.6977866888046265,0.5968557000160217,-0.035464219748973846,0.6994229555130005,0.5690667033195496,-0.039180148392915726,0.6991528868675232,0.5428476929664612,-0.04198643937706947
4,0.6773679852485657,0.7430992722511292,1.6048619499997585e-07,0.6540750861167908,0.7086385488510132,-0.009808025322854519,0.6444675326347351,0.6621273159980774,-0.015763888135552406,0.664534330368042,0.6338269114494324,-0.021700715646147728,0.6866118311882019,0.6259682178497314,-0.028225518763065338,0.6553941965103149,0.59226393699646,-0.007967416197061539,0.6439563035964966,0.5354400873184204,-0.01682162471115589,0.6382296681404114,0.4995878040790558,-0.02448057383298874,0.6349178552627563,0.4680218994617462,-0.03055029734969139,0.6764103174209595,0.5855031609535217,-0.011195041239261627,0.6748906373977661,0.5191306471824646,-0.018321247771382332,0.6737895011901855,0.47621846199035645,-0.025540461763739586,0.6734434962272644,0.44081437587738037,-0.030985083431005478,0.6956603527069092,0.5959028601646423,-0.016139160841703415,0.7007637619972229,0.5357998609542847,-0.023869968950748444,0.7027713060379028,0.4977969825267792,-0.030556131154298782,0.7039642333984375,0.4640548527240753,-0.0353383906185627,0.7133999466896057,0.617586612701416,-0.022241884842514992,0.7212510704994202,0.5712956190109253,-0.028572071343660355,0.7251272797584534,0.5416002869606018,-0.031033186241984367,0.727233350276947,0.5144038200378418,-0.032993216067552567
4,0.648608386516571,0.726621150970459,1.5251924878612044e-07,0.6239195466041565,0.6934717893600464,-0.009177680127322674,0.6123613715171814,0.6447482109069824,-0.014491201378405094,0.6306074261665344,0.6124581694602966,-0.019905319437384605,0.6527150869369507,0.6037082076072693,-0.02599363774061203,0.623321533203125,0.5737348794937134,-0.007162151392549276,0.6118641495704651,0.5169941186904907,-0.01572594791650772,0.6060596108436584,0.48086172342300415,-0.023316556587815285,0.6025917530059814,0.44902294874191284,-0.02943403646349907,0.6440920233726501,0.5668810606002808,-0.010648119263350964,0.6417161226272583,0.5005135536193848,-0.017599692568182945,0.6395741701126099,0.4583705961704254,-0.02469279244542122,0.6381334662437439,0.42368030548095703,-0.030077915638685226,0.6631544232368469,0.5768738389015198,-0.015802158042788506,0.667531430721283,0.5157214403152466,-0.023488614708185196,0.6682005524635315,0.4767296612262726,-0.03021087497472763,0.6681240797042847,0.4424791932106018,-0.03510504588484764,0.6805473566055298,0.5985016822814941,-0.022045601159334183,0.6877279877662659,0.5521913766860962,-0.028450090438127518,0.6911175847053528,0.5217905044555664,-0.031110886484384537,0.6928131580352783,0.49405965209007263,-0.03326867148280144
4,0.6557084918022156,0.7587975263595581,1.8050387495804898e-07,0.6319231986999512,0.7213830351829529,-0.009810689836740494,0.6219218969345093,0.6726241707801819,-0.01581328734755516,0.6417361497879028,0.6453385353088379,-0.021721944212913513,0.6645826101303101,0.6415127515792847,-0.028172839432954788,0.6351063847541809,0.6009438633918762,-0.008159661665558815,0.6258592009544373,0.5417613983154297,-0.016833828762173653,0.6211473941802979,0.5041500926017761,-0.02439737319946289,0.6186307072639465,0.471688836812973,-0.030434928834438324,0.6563681960105896,0.5979458689689636,-0.011354515329003334,0.6569530963897705,0.5309468507766724,-0.018336696550250053,0.6574182510375977,0.4883286654949188,-0.025376934558153152,0.6585609316825867,0.45291101932525635,-0.03066725842654705,0.6752855181694031,0.6109251379966736,-0.016238154843449593,0.6813408732414246,0.5511952638626099,-0.023755962029099464,0.6841409802436829,0.5129431486129761,-0.030227769166231155,0.686077356338501,0.4789753556251526,-0.03490171954035759,0.6924025416374207,0.6345596313476562,-0.022313479334115982,0.7011659741401672,0.5900120735168457,-0.02843964286148548,0.7053676247596741,0.5606915354728699,-0.030744215473532677,0.7079395055770874,0.5332748293876648,-0.03260865435004234
4,0.6590112447738647,0.7519323229789734,1.783288894330326e-07,0.6350495219230652,0.7165635824203491,-0.010607697069644928,0.6244797110557556,0.6687337756156921,-0.017309824004769325,0.6443933844566345,0.6401892900466919,-0.023751871660351753,0.6670866012573242,0.6324167847633362,-0.03065013512969017,0.6362953782081604,0.5928696393966675,-0.009038491174578667,0.6265787482261658,0.5355555415153503,-0.018441256135702133,0.6210830211639404,0.4994361102581024,-0.026798855513334274,0.617526650428772,0.46731263399124146,-0.033471331000328064,0.6580225229263306,0.5880618095397949,-0.012165003456175327,0.6586026549339294,0.5221256017684937,-0.019922509789466858,0.6586740612983704,0.4808427691459656,-0.027630768716335297,0.659011960029602,0.44525301456451416,-0.03345142677426338,0.6771807074546814,0.6001497507095337,-0.017054103314876556,0.6829591989517212,0.5396707057952881,-0.025463836267590523,0.6855978965759277,0.5017275810241699,-0.03240693733096123,0.6871891617774963,0.4673295319080353,-0.03734603896737099,0.6943919062614441,0.6238848567008972,-0.023138370364904404,0.7024785280227661,0.5779781937599182,-0.03027746081352234,0.7064197063446045,0.5480587482452393,-0.033138617873191833,0.7086886167526245,0.5198763608932495,-0.03527265787124634
4,0.650571882724762,0.6458137631416321,1.438341570292323e-07,0.6241173148155212,0.6121764779090881,-0.008991234004497528,0.6113894581794739,0.5593384504318237,-0.013235417194664478,0.6297459006309509,0.5199710130691528,-0.01766158454120159,0.6535806655883789,0.5086906552314758,-0.02251030132174492,0.6208155155181885,0.4887453019618988,-0.0037597015034407377,0.6076846122741699,0.4310983419418335,-0.010804378427565098,0.5999471545219421,0.3953745365142822,-0.01756431721150875,0.5947508811950684,0.36459940671920776,-0.02315467596054077,0.6418284177780151,0.47854799032211304,-0.006780159659683704,0.6377931833267212,0.41066741943359375,-0.012358696199953556,0.6341139674186707,0.36794203519821167,-0.0189557746052742,0.6311790347099304,0.3331334590911865,-0.023972824215888977,0.6619420647621155,0.4854982793331146,-0.011636593379080296,0.6643068790435791,0.4229084849357605,-0.0181301049888134,0.6638303399085999,0.3839960992336273,-0.024695508182048798,0.6624314188957214,0.3500964045524597,-0.029447142034769058,0.680682897567749,0.5039226412773132,-0.017676325514912605,0.6861299872398376,0.45519334077835083,-0.02290094643831253,0.6883967518806458,0.4236243963241577,-0.02531653270125389,0.6891356110572815,0.3953826129436493,-0.027332572266459465
4,0.6513221263885498,0.7022050619125366,1.5406997988520743e-07,0.6270084977149963,0.6666799783706665,-0.009481801651418209,0.6148126125335693,0.6162376403808594,-0.015218827873468399,0.6330318450927734,0.5832800269126892,-0.02102644182741642,0.657130241394043,0.5761898159980774,-0.027393406257033348,0.6270464658737183,0.5427917838096619,-0.007159832864999771,0.6160614490509033,0.48329097032546997,-0.01593778468668461,0.6102854013442993,0.44571900367736816,-0.023701505735516548,0.6066792607307434,0.41411906480789185,-0.029874037951231003,0.6487666368484497,0.5368333458900452,-0.010747150518000126,0.6473855376243591,0.46814078092575073,-0.01778535172343254,0.6460497379302979,0.42508336901664734,-0.02504146471619606,0.6453072428703308,0.3893650770187378,-0.03049922175705433,0.6687648296356201,0.5475858449935913,-0.016039738431572914,0.6734765768051147,0.4844825267791748,-0.023561811074614525,0.6746696829795837,0.44469133019447327,-0.030021879822015762,0.6750913858413696,0.4091998338699341,-0.03477717563509941,0.6869741678237915,0.5700074434280396,-0.022498343139886856,0.6941913962364197,0.5224187970161438,-0.028505098074674606,0.6975410580635071,0.4912959933280945,-0.03061523102223873,0.6994527578353882,0.46221452951431274,-0.032397639006376266
4,0.6543123126029968,0.7413605451583862,1.6883876696738298e-07,0.6304115056991577,0.7057252526283264,-0.009701141156256199,0.6190668344497681,0.6571776866912842,-0.015765992924571037,0.6383686065673828,0.6295440793037415,-0.0217843446880579,0.6613688468933105,0.6247926354408264,-0.02841624803841114,0.6339573264122009,0.5834153294563293,-0.008425110019743443,0.6238901019096375,0.525336742401123,-0.017342405393719673,0.618584930896759,0.4886668026447296,-0.025206610560417175,0.6155580282211304,0.45668941736221313,-0.03156197816133499,0.6553641557693481,0.5797314643859863,-0.011788502335548401,0.655733048915863,0.5129032731056213,-0.018903058022260666,0.6559788584709167,0.4713710844516754,-0.025922276079654694,0.6568466424942017,0.43657368421554565,-0.03127813711762428,0.6742537021636963,0.5930575132369995,-0.016863422468304634,0.6806480288505554,0.5323169231414795,-0.024675026535987854,0.6834789514541626,0.49438250064849854,-0.03115485981106758,0.6853981614112854,0.4602850079536438,-0.03588765487074852,0.6911781430244446,0.6178652048110962,-0.02308998815715313,0.7001131176948547,0.5732257962226868,-0.029622547328472137,0.7043049931526184,0.5436530113220215,-0.0321388803422451,0.7066758275032043,0.5155020952224731,-0.03417268395423889
4,0.6453697681427002,0.6910075545310974,1.683892492110317e-07,0.6190086007118225,0.6583605408668518,-0.009077654220163822,0.6048887968063354,0.6070315837860107,-0.014315616339445114,0.6229330897331238,0.5743375420570374,-0.01961570605635643,0.6465071439743042,0.5665833950042725,-0.02565358206629753,0.6173970699310303,0.5339486002922058,-0.00743435975164175,0.6057506203651428,0.47709953784942627,-0.015765419229865074,0.5993924140930176,0.44098177552223206,-0.023362264037132263,0.5953028202056885,0.40905076265335083,-0.029648052528500557,0.6387348175048828,0.5279081463813782,-0.011093216016888618,0.6369945406913757,0.46110695600509644,-0.017916107550263405,0.6344228982925415,0.4189252555370331,-0.02518736757338047,0.6323168873786926,0.3836092948913574,-0.03085153177380562,0.6582342982292175,0.5385540723800659,-0.01638239249587059,0.6627033352851868,0.47564780712127686,-0.023960329592227936,0.6632744073867798,0.43610677123069763,-0.0309403445571661,0.6630527973175049,0.4014511704444885,-0.03612325340509415,0.6756783723831177,0.560980498790741,-0.022723760455846786,0.6821436285972595,0.5131077170372009,-0.029340621083974838,0.6852580904960632,0.48184189200401306,-0.032195232808589935,0.6870012879371643,0.4533992111682892,-0.03452085331082344
4,0.6428260207176208,0.6803702712059021,1.914927736379468e-07,0.6161377429962158,0.6450252532958984,-0.010590405203402042,0.6028363704681396,0.5955547094345093,-0.017089705914258957,0.6233090162277222,0.5633828639984131,-0.023474570363759995,0.6482781171798706,0.5551615953445435,-0.03053698129951954,0.6136468052864075,0.5194377899169922,-0.008961146697402,0.6008120775222778,0.45993125438690186,-0.018255243077874184,0.5935850143432617,0.42225372791290283,-0.026486918330192566,0.5892460346221924,0.389299213886261,-0.033120207488536835,0.6364981532096863,0.5118522644042969,-0.012386549264192581,0.6346482634544373,0.44129323959350586,-0.019885368645191193,0.6330729126930237,0.3969308137893677,-0.027806542813777924,0.6323024034500122,0.35915932059288025,-0.03393983840942383,0.6572247743606567,0.5220656991004944,-0.017596935853362083,0.6624511480331421,0.45738792419433594,-0.025818105787038803,0.6642972826957703,0.41651424765586853,-0.03333228453993797,0.665192186832428,0.3791554570198059,-0.038893721997737885,0.676028847694397,0.5441730618476868,-0.024007093161344528,0.6839348673820496,0.4952945411205292,-0.03097613714635372,0.6882610321044922,0.46321621537208557,-0.03394707292318344,0.6909078359603882,0.432356059551239,-0.03637639433145523
4,0.6354336142539978,0.682880163192749,2.0918164977956621e-07,0.6090019941329956,0.6454481482505798,-0.009564092382788658,0.5942270159721375,0.5967706441879272,-0.018384722992777824,0.6039116382598877,0.5684360265731812,-0.02762223221361637,0.6249412894248962,0.574371337890625,-0.03784893825650215,0.6126112937927246,0.5154190063476562,-0.014065693132579327,0.6030678749084473,0.4530905485153198,-0.026392413303256035,0.5952571034431458,0.41643375158309937,-0.03630209341645241,0.5891886949539185,0.3835485577583313,-0.04436914622783661,0.6291751265525818,0.5170702338218689,-0.019729958847165108,0.6268488764762878,0.44671446084976196,-0.03137771412730217,0.6241461634635925,0.40234363079071045,-0.0412248894572258,0.6215411424636841,0.36472105979919434,-0.048534803092479706,0.6434218287467957,0.53656005859375,-0.026804892346262932,0.6482446193695068,0.47388288378715515,-0.03864208236336708,0.6489734053611755,0.43414199352264404,-0.04809703677892685,0.6481855511665344,0.39915525913238525,-0.05473628267645836,0.6550177931785583,0.5694355964660645,-0.03481895849108696,0.6618290543556213,0.5264676809310913,-0.04552103579044342,0.6627737283706665,0.49502721428871155,-0.05143089219927788,0.6621753573417664,0.46587371826171875,-0.05579583719372749
4,0.6364502906799316,0.691657304763794,1.9876675594332482e-07,0.6089344024658203,0.6583528518676758,-0.011056052520871162,0.5928189754486084,0.6105468273162842,-0.018708432093262672,0.6117984652519226,0.5789432525634766,-0.02604735642671585,0.6372601985931396,0.5700077414512634,-0.03408161178231239,0.6043199896812439,0.5307397842407227,-0.012507528066635132,0.5903490781784058,0.4708363711833954,-0.023269543424248695,0.5821764469146729,0.432689905166626,-0.03223547711968422,0.5767224431037903,0.3992316424846649,-0.039335161447525024,0.6270243525505066,0.5243334174156189,-0.016286954283714294,0.6233551502227783,0.45182257890701294,-0.024983247742056847,0.6206893920898438,0.40665000677108765,-0.03320588916540146,0.6192319989204407,0.36777544021606445,-0.03943582996726036,0.6481783390045166,0.5366739630699158,-0.021657949313521385,0.652198076248169,0.4698566794395447,-0.030710121616721153,0.6532115936279297,0.42897331714630127,-0.03772765025496483,0.6537616848945618,0.3921414613723755,-0.042897868901491165,0.6677781939506531,0.5621212124824524,-0.02821476198732853,0.67558354139328,0.5134717226028442,-0.035732824355363846,0.6795854568481445,0.481819212436676,-0.038129884749650955,0.682121992111206,0.45199453830718994,-0.04001626744866371
4,0.6531336903572083,0.6738693118095398,2.2979052971550118e-07,0.6293216943740845,0.6417300701141357,-0.015098500065505505,0.6214494705200195,0.5943678021430969,-0.02355612814426422,0.6459510326385498,0.5617778301239014,-0.03089938685297966,0.6712442636489868,0.5480780601501465,-0.03840038925409317,0.6288433074951172,0.5142315030097961,-0.013122699223458767,0.6230046153068542,0.453927218914032,-0.023813355714082718,0.6198339462280273,0.4141641855239868,-0.03305751830339432,0.6188632845878601,0.3801136612892151,-0.04043404757976532,0.6523312330245972,0.5046176910400391,-0.01455277856439352,0.65573650598526,0.4324638843536377,-0.02345890924334526,0.6579617857933044,0.3858361840248108,-0.03255052864551544,0.660217821598053,0.34468531608581543,-0.03958839178085327,0.6726405024528503,0.51456218957901,-0.017995823174715042,0.6822075247764587,0.4483909010887146,-0.028239652514457703,0.6880022287368774,0.40820980072021484,-0.03704281151294708,0.6922597885131836,0.37064874172210693,-0.043379660695791245,0.690801203250885,0.5386562943458557,-0.022885005921125412,0.7047932744026184,0.4928453862667084,-0.0323224738240242,0.7133264541625977,0.46329402923583984,-0.03694147244095802,0.7197359800338745,0.4343287944793701,-0.040273845195770264
4,0.645300567150116,0.6712218523025513,2.2627412477049802e-07,0.6177473664283752,0.638139545917511,-0.012658610008656979,0.6056715846061707,0.5916316509246826,-0.020358962938189507,0.6281136870384216,0.5628393888473511,-0.027467450127005577,0.6526545882225037,0.553596019744873,-0.035163961350917816,0.6183934807777405,0.5119353532791138,-0.01211486291140318,0.6084274053573608,0.45239949226379395,-0.022526804357767105,0.6037619709968567,0.4134058356285095,-0.031441666185855865,0.6016414165496826,0.378523588180542,-0.03859994560480118,0.6427504420280457,0.5051430463790894,-0.015028736554086208,0.6440276503562927,0.43494945764541626,-0.023435859009623528,0.6452775597572327,0.3895319998264313,-0.03196578100323677,0.6470239162445068,0.3494504690170288,-0.03864055499434471,0.6640734076499939,0.5178589820861816,-0.019820012152194977,0.6734727621078491,0.454234778881073,-0.029632512480020523,0.6785144805908203,0.41329652070999146,-0.03788061812520027,0.6821409463882446,0.3755565285682678,-0.043855007737874985,0.6832330822944641,0.543778121471405,-0.02587128058075905,0.6966962218284607,0.4978511333465576,-0.03484772518277168,0.7046440839767456,0.4680091440677643,-0.03859689459204674,0.7102454900741577,0.43864893913269043,-0.04133187234401703
4,0.6336084008216858,0.6692483425140381,1.65309728572538e-07,0.6072971820831299,0.6353806257247925,-0.009395971894264221,0.5919784307479858,0.5897467732429504,-0.017053408548235893,0.6003872156143188,0.5564984083175659,-0.025071484968066216,0.6202855706214905,0.5513820052146912,-0.03357918560504913,0.6092719435691833,0.5076203346252441,-0.009674370288848877,0.5983603596687317,0.4490700960159302,-0.01988931931555271,0.5898853540420532,0.41420820355415344,-0.028790779411792755,0.5833081603050232,0.38310855627059937,-0.03595126047730446,0.6259385943412781,0.5063130855560303,-0.01415580790489912,0.622189998626709,0.43820011615753174,-0.02313278242945671,0.618104100227356,0.3964133858680725,-0.03144756332039833,0.6144937872886658,0.3611794710159302,-0.03767509013414383,0.6415216326713562,0.5204156041145325,-0.02022870071232319,0.6437830924987793,0.45731204748153687,-0.029092418029904366,0.643197238445282,0.41793519258499146,-0.036291465163230896,0.6416305303573608,0.38473033905029297,-0.0415533222258091,0.6553760170936584,0.5464527606964111,-0.02747151628136635,0.6598870158195496,0.5008347630500793,-0.03497136011719704,0.6601545214653015,0.4693436622619629,-0.03870586305856705,0.6591689586639404,0.4415508508682251,-0.04158063605427742
4,0.6323577761650085,0.6756378412246704,1.5089786131738947e-07,0.6053371429443359,0.6448917984962463,-0.009637204930186272,0.5889700651168823,0.598940372467041,-0.016698719933629036,0.599696695804596,0.5634787082672119,-0.02394661121070385,0.6212483644485474,0.5518303513526917,-0.03178619220852852,0.6018475890159607,0.5168529748916626,-0.009560486301779747,0.5876942873001099,0.4595460891723633,-0.019776131957769394,0.5783074498176575,0.42432689666748047,-0.028571506962180138,0.5715468525886536,0.3925795555114746,-0.035583119839429855,0.6214163899421692,0.5109758973121643,-0.013921582140028477,0.6152523159980774,0.442429780960083,-0.022829359397292137,0.6103851199150085,0.3994655907154083,-0.03130156546831131,0.6066288948059082,0.3625885844230652,-0.03762228786945343,0.6400752067565918,0.5222502946853638,-0.019904447719454765,0.640766978263855,0.4579218626022339,-0.02928732894361019,0.6396421194076538,0.41793590784072876,-0.03680461272597313,0.6379119753837585,0.3826618194580078,-0.04217685014009476,0.6573006510734558,0.545681357383728,-0.026964398100972176,0.6618968844413757,0.4980613589286804,-0.03486527130007744,0.6629955172538757,0.46532413363456726,-0.03840559720993042,0.6626831293106079,0.4349586069583893,-0.04108623415231705
4,0.644394040107727,0.6816275715827942,2.115961308390979e-07,0.6164291501045227,0.6497979760169983,-0.01131230778992176,0.603360652923584,0.5985361337661743,-0.017281552776694298,0.6256535649299622,0.561745822429657,-0.022912153974175453,0.6517308354377747,0.5472541451454163,-0.029034709557890892,0.6106171011924744,0.5267939567565918,-0.00965931173413992,0.5969223380088806,0.46681514382362366,-0.01855751872062683,0.5899330377578735,0.42802655696868896,-0.025897083804011345,0.5859321355819702,0.3941928744316101,-0.03196030482649803,0.6337090134620667,0.5160129070281982,-0.012436825782060623,0.6303758025169373,0.44430336356163025,-0.019751613959670067,0.6291683316230774,0.39871472120285034,-0.027360493317246437,0.6289423108100891,0.3600262403488159,-0.0332789421081543,0.6551541090011597,0.5241518020629883,-0.017035342752933502,0.6597773432731628,0.45804277062416077,-0.026287628337740898,0.6620478630065918,0.416445791721344,-0.03483601659536362,0.6635981202125549,0.3789093494415283,-0.04098237678408623,0.6754403114318848,0.544847309589386,-0.022735416889190674,0.687914252281189,0.4976823627948761,-0.0315546877682209,0.6959660053253174,0.4665244519710541,-0.03603995591402054,0.7018882632255554,0.43722426891326904,-0.03932744264602661
4,0.6436828970909119,0.6585031151771545,1.6164852922884165e-07,0.616234540939331,0.6199284195899963,-0.007576608099043369,0.6056363582611084,0.5618443489074707,-0.008633451536297798,0.6246628761291504,0.5154954195022583,-0.010233569890260696,0.6488657593727112,0.5014482140541077,-0.012007202953100204,0.6148104071617126,0.5152486562728882,0.0028749851044267416,0.6029269099235535,0.4589408040046692,-0.0010280079441145062,0.5960426330566406,0.422945499420166,-0.00558879179880023,0.5921984314918518,0.3932541012763977,-0.00965689867734909,0.6352323889732361,0.5051606893539429,0.0008208841900341213,0.631353497505188,0.4396812319755554,-0.001951376674696803,0.6273134350776672,0.3975498080253601,-0.007159593980759382,0.6248667240142822,0.3655533790588379,-0.011104023084044456,0.6558499932289124,0.5094555020332336,-0.003276293631643057,0.6582107543945312,0.4480811655521393,-0.008135420270264149,0.6566149592399597,0.4083782434463501,-0.014746367000043392,0.6554456949234009,0.37760552763938904,-0.0193647313863039,0.6761432886123657,0.5234004259109497,-0.008465751074254513,0.6861845254898071,0.47827237844467163,-0.01265232264995575,0.6906754970550537,0.4471057057380676,-0.01543374266475439,0.6936558485031128,0.42118942737579346,-0.017569737508893013
4,0.6475763320922852,0.6811642050743103,1.93536337178557e-07,0.6196171641349792,0.6451362371444702,-0.010973758064210415,0.6053115129470825,0.5917196273803711,-0.01722453534603119,0.6248471736907959,0.5534364581108093,-0.023199355229735374,0.6503621339797974,0.5391207933425903,-0.029613781720399857,0.6162379384040833,0.5162818431854248,-0.009860959835350513,0.603188157081604,0.45348381996154785,-0.019169924780726433,0.5962952375411987,0.41324660181999207,-0.02699556015431881,0.592034101486206,0.37829679250717163,-0.03332402557134628,0.6391535401344299,0.5082715153694153,-0.012956053018569946,0.6360998749732971,0.4358459413051605,-0.02060076966881752,0.6339476704597473,0.39076438546180725,-0.02811364270746708,0.6324784159660339,0.3535771667957306,-0.03386319428682327,0.6605005860328674,0.518627405166626,-0.017847510054707527,0.6652019023895264,0.45301899313926697,-0.026968857273459435,0.6663178205490112,0.41199252009391785,-0.03475254029035568,0.6665089726448059,0.3753661513328552,-0.040284086018800735,0.6806385517120361,0.5409914255142212,-0.023868225514888763,0.6925683617591858,0.49109214544296265,-0.03205865994095802,0.6993671655654907,0.4582056403160095,-0.035852521657943726,0.7038358449935913,0.4271022379398346,-0.038636885583400726
4,0.6513423323631287,0.7050706148147583,2.393869635852752e-07,0.6236666440963745,0.6723528504371643,-0.012507032603025436,0.6106239557266235,0.627778172492981,-0.020546453073620796,0.6316729187965393,0.6034510731697083,-0.02779301255941391,0.6562516689300537,0.5982252955436707,-0.035417478531599045,0.6238501667976379,0.5525528192520142,-0.013875843957066536,0.6134833097457886,0.4943029582500458,-0.024009978398680687,0.6078517436981201,0.4560009837150574,-0.03227212652564049,0.6044919490814209,0.42197057604789734,-0.03917009010910988,0.6479545831680298,0.548988401889801,-0.016404757276177406,0.6482654213905334,0.4869641065597534,-0.024979127570986748,0.6494668126106262,0.44767850637435913,-0.033116549253463745,0.6509565711021423,0.4123590588569641,-0.03953613340854645,0.6693145632743835,0.5629557967185974,-0.020656876266002655,0.678432047367096,0.5039407014846802,-0.031182911247015,0.6836707592010498,0.46564608812332153,-0.03953489661216736,0.6874467730522156,0.430996835231781,-0.04551105573773384,0.6884877681732178,0.5893789529800415,-0.025934165343642235,0.7045528888702393,0.5492250323295593,-0.036051735281944275,0.7144818902015686,0.5221450924873352,-0.040607959032058716,0.721912145614624,0.495957612991333,-0.043791525065898895
4,0.6307865381240845,0.6864033937454224,1.377908489530455e-07,0.604252815246582,0.6556719541549683,-0.008228584192693233,0.5879467725753784,0.6112470626831055,-0.015109973959624767,0.5928496718406677,0.5776329040527344,-0.022623926401138306,0.6096367239952087,0.5647730827331543,-0.030573289841413498,0.6034631729125977,0.5258212685585022,-0.008418177254498005,0.5911691784858704,0.46733954548835754,-0.018742689862847328,0.5812841653823853,0.43311041593551636,-0.02761237882077694,0.5730772614479065,0.4028354287147522,-0.03466811403632164,0.618751049041748,0.5239167809486389,-0.013443905860185623,0.6123424172401428,0.45616987347602844,-0.023035846650600433,0.6061167120933533,0.41474106907844543,-0.03177614137530327,0.6003342270851135,0.37938663363456726,-0.03826722875237465,0.6335011720657349,0.5366037487983704,-0.020020879805088043,0.6335909366607666,0.47092801332473755,-0.029936937615275383,0.631460964679718,0.43078887462615967,-0.03770359233021736,0.6279286742210388,0.3967728316783905,-0.04321746900677681,0.6471291780471802,0.5612180233001709,-0.02756400592625141,0.6509515643119812,0.5137165188789368,-0.036177635192871094,0.6499732732772827,0.48114532232284546,-0.04064670205116272,0.6471768617630005,0.4523669183254242,-0.043961938470602036
4,0.6133425235748291,0.6746261715888977,1.5432453892572084e-07,0.5862153768539429,0.6438360214233398,-0.008375924080610275,0.5698196887969971,0.5976369380950928,-0.014951406978070736,0.5802490711212158,0.5635105967521667,-0.021932700648903847,0.6012799143791199,0.559238851070404,-0.029528338462114334,0.5830999612808228,0.5177769064903259,-0.008029571734368801,0.570460319519043,0.4634150266647339,-0.017072036862373352,0.5607502460479736,0.4313616454601288,-0.02525671012699604,0.5529747605323792,0.40246152877807617,-0.032114189118146896,0.599682629108429,0.513399600982666,-0.012610502541065216,0.5940119624137878,0.447254478931427,-0.02064872719347477,0.5886223912239075,0.4069643020629883,-0.028445297852158546,0.5837339758872986,0.37291404604911804,-0.034428346902132034,0.6152714490890503,0.5251598954200745,-0.01874956302344799,0.6167266368865967,0.4633581340312958,-0.027260851114988327,0.6152547597885132,0.4235745668411255,-0.035195641219615936,0.6126869916915894,0.3894442319869995,-0.041055116802453995,0.629407525062561,0.5493355393409729,-0.025891205295920372,0.6347699165344238,0.5038588643074036,-0.03338797762989998,0.635358989238739,0.4721245765686035,-0.037819650024175644,0.6342296004295349,0.4440065026283264,-0.04135831817984581
4,0.6419891119003296,0.651613175868988,2.037350128603066e-07,0.6154484748840332,0.6234171390533447,-0.011210785247385502,0.6012267470359802,0.5784263014793396,-0.01782582513988018,0.6202919483184814,0.5454666614532471,-0.024037322029471397,0.6436103582382202,0.5322290658950806,-0.030752794817090034,0.6035498976707458,0.509855329990387,-0.010836365632712841,0.5874608755111694,0.4572744071483612,-0.020171483978629112,0.5783535242080688,0.4225772023200989,-0.027917783707380295,0.572269082069397,0.39154595136642456,-0.03422461450099945,0.6244076490402222,0.49672237038612366,-0.013672762550413609,0.6175398826599121,0.42964446544647217,-0.021720649674534798,0.6137487888336182,0.38755863904953003,-0.029540373012423515,0.6111849546432495,0.3506852388381958,-0.03539819270372391,0.6451002359390259,0.5021107792854309,-0.018125860020518303,0.645897626876831,0.43682587146759033,-0.027468347921967506,0.6465242505073547,0.3981042504310608,-0.035097841173410416,0.6462892293930054,0.3622550964355469,-0.040441349148750305,0.6652888059616089,0.5204533338546753,-0.02365325205028057,0.6720758676528931,0.47150537371635437,-0.03192862495779991,0.676547646522522,0.4402543008327484,-0.03536498546600342,0.6793004274368286,0.40994125604629517,-0.03786514326930046
4,0.654262900352478,0.6431154608726501,1.9186327904208156e-07,0.6311661005020142,0.6169911623001099,-0.012710917741060257,0.6215222477912903,0.5750658512115479,-0.02001263201236725,0.6426408290863037,0.5421392321586609,-0.02645755186676979,0.6658408045768738,0.5278408527374268,-0.03309895843267441,0.6194907426834106,0.5038899779319763,-0.012818449176847935,0.6051790118217468,0.4487307071685791,-0.02228907309472561,0.5969098806381226,0.4129994809627533,-0.02991458587348461,0.5907838940620422,0.3815612196922302,-0.03608696535229683,0.6405239105224609,0.4900321662425995,-0.01487730536609888,0.635176956653595,0.4221269190311432,-0.022834528237581253,0.632161021232605,0.37903520464897156,-0.030337784439325333,0.6295135617256165,0.3419590890407562,-0.036055710166692734,0.6611244082450867,0.49595245718955994,-0.018557416275143623,0.6641126871109009,0.4321928024291992,-0.028033049777150154,0.6659064888954163,0.39313071966171265,-0.03578684851527214,0.6664683818817139,0.3571588099002838,-0.04123026505112648,0.6807721257209778,0.5154897570610046,-0.023396162316203117,0.6904818415641785,0.46928519010543823,-0.03231937065720558,0.6966762542724609,0.4394657015800476,-0.036291442811489105,0.7009676694869995,0.4112958610057831,-0.03902629390358925
4,0.6450760364532471,0.6445965766906738,1.9035788056953606e-07,0.6177886128425598,0.6172938942909241,-0.011108783073723316,0.6020638942718506,0.5692809224128723,-0.017387818545103073,0.6150113940238953,0.5251754522323608,-0.02314089983701706,0.6346532702445984,0.5013792514801025,-0.029239589348435402,0.609215259552002,0.5033397078514099,-0.010736263357102871,0.5950125455856323,0.4481049180030823,-0.019750462844967842,0.5870493650436401,0.4118635356426239,-0.02711464837193489,0.5819809436798096,0.3793206214904785,-0.03313106298446655,0.6299978494644165,0.4930557608604431,-0.013391932472586632,0.6253582835197449,0.4257211685180664,-0.021009715273976326,0.6226850152015686,0.38373085856437683,-0.02867828495800495,0.6206623315811157,0.3469884991645813,-0.03457500785589218,0.6499624848365784,0.49977725744247437,-0.01761917769908905,0.6521637439727783,0.43546217679977417,-0.027109742164611816,0.6530609726905823,0.3952457904815674,-0.0351690836250782,0.6529852151870728,0.35877108573913574,-0.04094113036990166,0.6691285371780396,0.518370509147644,-0.022779367864131927,0.6782955527305603,0.4702802896499634,-0.03186225891113281,0.6842697262763977,0.4385710060596466,-0.03630436956882477,0.688179075717926,0.4084916412830353,-0.039457179605960846
4,0.7130842208862305,0.6192594766616821,1.5624596017005388e-07,0.6942005753517151,0.5879538655281067,-0.014856546185910702,0.6883454322814941,0.5432531237602234,-0.022813698276877403,0.7091385722160339,0.5044119954109192,-0.029624085873365402,0.7298740744590759,0.4795331656932831,-0.036098942160606384,0.6884165406227112,0.4745844900608063,-0.011196651495993137,0.6816990375518799,0.4195811152458191,-0.02079126611351967,0.6774041056632996,0.38368475437164307,-0.029155131429433823,0.6741412281990051,0.35229766368865967,-0.03584815561771393,0.7063998579978943,0.4619213044643402,-0.011605437844991684,0.704492449760437,0.39678290486335754,-0.019152715802192688,0.7038649320602417,0.3564845323562622,-0.026766065508127213,0.7026373744010925,0.3207302391529083,-0.03275429829955101,0.7233248949050903,0.46644818782806396,-0.01401323452591896,0.724545955657959,0.404203325510025,-0.02221873216331005,0.7251039147377014,0.3675383925437927,-0.028673380613327026,0.7242516279220581,0.3332367539405823,-0.03357890620827675,0.7398287653923035,0.4839104115962982,-0.018034888431429863,0.74558025598526,0.4403429627418518,-0.025395788252353668,0.7488564252853394,0.41190412640571594,-0.028598835691809654,0.751227617263794,0.38499996066093445,-0.031003432348370552
4,0.6980791687965393,0.6315233707427979,1.8519497757552017e-07,0.6748407483100891,0.6032553911209106,-0.012849098071455956,0.6647772192955017,0.5550117492675781,-0.019663076847791672,0.6843748688697815,0.5149140954017639,-0.025467339903116226,0.7059516906738281,0.49282723665237427,-0.031381748616695404,0.6662978529930115,0.4895000755786896,-0.011326130479574203,0.6571823358535767,0.4343356490135193,-0.020305337384343147,0.6523004174232483,0.3985252380371094,-0.027984745800495148,0.6490154266357422,0.36651527881622314,-0.03434259444475174,0.686424195766449,0.47761672735214233,-0.01268687378615141,0.6843896508216858,0.41240033507347107,-0.019939037039875984,0.6840751767158508,0.3717968463897705,-0.027227746322751045,0.6836987137794495,0.3354450464248657,-0.0330265611410141,0.705220103263855,0.48340290784835815,-0.015783626586198807,0.7071778178215027,0.42141881585121155,-0.02429191768169403,0.7084101438522339,0.383594810962677,-0.03150103986263275,0.708581805229187,0.34809327125549316,-0.036879658699035645,0.7233494520187378,0.5012181401252747,-0.020142972469329834,0.7311614751815796,0.45666661858558655,-0.028311319649219513,0.7359871864318848,0.42785096168518066,-0.03230757638812065,0.7392944097518921,0.4005178213119507,-0.03524626046419144
4,0.6714547276496887,0.6259157657623291,1.7940200791599636e-07,0.6459175944328308,0.5960030555725098,-0.010234402492642403,0.6311633586883545,0.5504717230796814,-0.016461577266454697,0.644544243812561,0.5116843581199646,-0.02232140675187111,0.6649649143218994,0.49361899495124817,-0.028608523309230804,0.6410044431686401,0.48172107338905334,-0.01064259186387062,0.6286906599998474,0.4253915846347809,-0.01986297406256199,0.6217052340507507,0.3888182044029236,-0.027419205754995346,0.6170846223831177,0.35689616203308105,-0.0334908589720726,0.6620581150054932,0.4740332067012787,-0.01373881846666336,0.6593424677848816,0.4081658124923706,-0.021436544135212898,0.6572602987289429,0.36708295345306396,-0.02873183973133564,0.6555899977684021,0.33234336972236633,-0.034239377826452255,0.6817839741706848,0.48371729254722595,-0.018364692106842995,0.6862783432006836,0.4218452572822571,-0.027492165565490723,0.68836909532547,0.38304752111434937,-0.03474927321076393,0.6893799304962158,0.3482900857925415,-0.03992917761206627,0.7001226544380188,0.5052254796028137,-0.02391275204718113,0.7103281617164612,0.45937034487724304,-0.03236859291791916,0.7159591317176819,0.42884963750839233,-0.036076173186302185,0.719563901424408,0.3998260200023651,-0.038709964603185654
4,0.6659432649612427,0.6384567022323608,1.6313121875555225e-07,0.6425592303276062,0.6036670804023743,-0.009065653197467327,0.6306079626083374,0.5564219355583191,-0.014693898148834705,0.6440304517745972,0.5205566883087158,-0.02020094357430935,0.6634097099304199,0.5057434439659119,-0.0261077880859375,0.6442105770111084,0.4915650188922882,-0.008900068700313568,0.6351068019866943,0.4335528612136841,-0.017902027815580368,0.6302559971809387,0.3964855670928955,-0.025340164080262184,0.6273619532585144,0.3646087348461151,-0.03116835653781891,0.6642029881477356,0.48856818675994873,-0.012281712144613266,0.6637712121009827,0.42365318536758423,-0.01982884295284748,0.6623075008392334,0.38247260451316833,-0.02703963778913021,0.6608678698539734,0.3484598994255066,-0.03238968551158905,0.682500422000885,0.5010367631912231,-0.017137156799435616,0.6894034743309021,0.442315012216568,-0.02588176354765892,0.6918178796768188,0.40447700023651123,-0.03285253420472145,0.6929864883422852,0.37198376655578613,-0.037721604108810425,0.6987707018852234,0.5243903994560242,-0.022862045094370842,0.7105895280838013,0.48130109906196594,-0.03088269755244255,0.7169055938720703,0.4519839882850647,-0.03441096842288971,0.721132755279541,0.424933522939682,-0.03680461645126343
4,0.6417672634124756,0.6755874156951904,1.6983150885607756e-07,0.6186699271202087,0.6357695460319519,-0.009391847997903824,0.608596920967102,0.5863067507743835,-0.016080031171441078,0.6231791973114014,0.5549620389938354,-0.02271868661046028,0.643395185470581,0.544651448726654,-0.02992965839803219,0.6274111866950989,0.5186886191368103,-0.011127159930765629,0.6201549768447876,0.45562684535980225,-0.021720491349697113,0.6159273982048035,0.41586893796920776,-0.030311590060591698,0.6135486364364624,0.3821451961994171,-0.0370013490319252,0.6464596390724182,0.5197535753250122,-0.01527285948395729,0.6465846300125122,0.4506153464317322,-0.024786347523331642,0.6455974578857422,0.40673089027404785,-0.03356899693608284,0.6448936462402344,0.3704835772514343,-0.03995580971240997,0.6631553173065186,0.5369069576263428,-0.02080860175192356,0.6713151335716248,0.4759838283061981,-0.031336694955825806,0.6748586893081665,0.4358270764350891,-0.03974920138716698,0.677211344242096,0.4017903804779053,-0.045585207641124725,0.6772944331169128,0.5656433701515198,-0.027162594720721245,0.6907221078872681,0.5252176523208618,-0.03694521263241768,0.6980552077293396,0.49527502059936523,-0.04166117683053017,0.7036662101745605,0.46749669313430786,-0.04484144225716591
4,0.6494831442832947,0.7170922756195068,2.1576849462690006e-07,0.6215391755104065,0.6754169464111328,-0.01141298282891512,0.6076789498329163,0.6183943152427673,-0.018723411485552788,0.6280930042266846,0.5798451900482178,-0.025797847658395767,0.6547280550003052,0.5683597326278687,-0.03347884118556976,0.6245478391647339,0.5403138995170593,-0.012254441156983376,0.6141472458839417,0.4715231955051422,-0.023266050964593887,0.6090781688690186,0.4274106025695801,-0.032331887632608414,0.6066814064979553,0.3894789516925812,-0.039458923041820526,0.6493373513221741,0.5360146760940552,-0.01612953469157219,0.6504807472229004,0.4577564299106598,-0.025219622999429703,0.6508488059043884,0.408225417137146,-0.03365941718220711,0.6517598628997803,0.36713820695877075,-0.03997039794921875,0.6716967821121216,0.5507245659828186,-0.021770844236016273,0.6808058619499207,0.48021602630615234,-0.03200291097164154,0.6848995089530945,0.4350161850452423,-0.04027492180466652,0.6880092620849609,0.39547520875930786,-0.046152010560035706,0.6920723915100098,0.5785314440727234,-0.028557434678077698,0.7072114944458008,0.5271148085594177,-0.037717193365097046,0.7158117890357971,0.4926157295703888,-0.041683945804834366,0.7219797968864441,0.46036750078201294,-0.04451111704111099
4,0.6424523591995239,0.6464499235153198,1.7589141521057172e-07,0.61312335729599,0.6100838780403137,-0.009031453169882298,0.5989529490470886,0.5451229214668274,-0.012245384976267815,0.6189805269241333,0.4965784549713135,-0.015781398862600327,0.6457384824752808,0.48192137479782104,-0.019661426544189453,0.6090213656425476,0.47313404083251953,-0.003498051781207323,0.5955133438110352,0.4070308804512024,-0.010275524109601974,0.5882077813148499,0.36515870690345764,-0.016479041427373886,0.5834149718284607,0.3295671045780182,-0.021959977224469185,0.6327842473983765,0.46242672204971313,-0.006999182514846325,0.6295963525772095,0.3853641152381897,-0.012730056419968605,0.6265844106674194,0.33767372369766235,-0.01936950907111168,0.6240020990371704,0.29983097314834595,-0.02444005012512207,0.6556761860847473,0.4703831374645233,-0.012432947754859924,0.6589221954345703,0.3980604410171509,-0.02034977450966835,0.6589688658714294,0.35331425070762634,-0.028157684952020645,0.6580628156661987,0.3154715299606323,-0.03368058428168297,0.6772757768630981,0.49068978428840637,-0.01894880272448063,0.6879448294639587,0.4368014335632324,-0.026251284405589104,0.693530797958374,0.4006938636302948,-0.03012736886739731,0.6971064209938049,0.3688390254974365,-0.03306451067328453
4,0.6442517042160034,0.6829260587692261,2.6311235501452757e-07,0.6132994890213013,0.650657594203949,-0.014748666435480118,0.5956176519393921,0.6018713712692261,-0.02481962740421295,0.6168137192726135,0.5670979619026184,-0.034045957028865814,0.6458055973052979,0.5554037690162659,-0.043905507773160934,0.6068360209465027,0.516092836856842,-0.018505141139030457,0.5912531018257141,0.4505774676799774,-0.0316401943564415,0.5831679105758667,0.40769028663635254,-0.04181142896413803,0.5782567262649536,0.36844193935394287,-0.049996744841337204,0.6332443952560425,0.5061028599739075,-0.021901551634073257,0.6301248073577881,0.4282045066356659,-0.03294241800904274,0.6284905672073364,0.3792441189289093,-0.04250709339976311,0.6276540756225586,0.3348872661590576,-0.049883559346199036,0.6576703786849976,0.5182445645332336,-0.027150388807058334,0.6650093793869019,0.44435739517211914,-0.03993503004312515,0.6687992811203003,0.3994884788990021,-0.049126025289297104,0.6711792349815369,0.35841384530067444,-0.05556056648492813,0.6805387139320374,0.545130729675293,-0.03367064148187637,0.695125162601471,0.4933471083641052,-0.04553299397230148,0.7037521600723267,0.45941102504730225,-0.050429653376340866,0.7096467614173889,0.42655467987060547,-0.0538313165307045
4,0.6456640958786011,0.699102520942688,2.6925800966637325e-07,0.6149736642837524,0.6661909818649292,-0.015234163030982018,0.5983942151069641,0.619053840637207,-0.02563127502799034,0.6194607615470886,0.5868880748748779,-0.03496193140745163,0.6475115418434143,0.575447142124176,-0.04485752433538437,0.6105877757072449,0.5350961089134216,-0.01928018033504486,0.595508337020874,0.4705844521522522,-0.03239479288458824,0.5874478816986084,0.4278581142425537,-0.04244544357061386,0.5823318958282471,0.38865911960601807,-0.05053277313709259,0.6366087794303894,0.5267524123191833,-0.0223785862326622,0.6338391304016113,0.45152804255485535,-0.03347298502922058,0.6328579783439636,0.4031807780265808,-0.043002065271139145,0.632679283618927,0.3597412109375,-0.05032338574528694,0.6605108380317688,0.5400176048278809,-0.02737114019691944,0.6674817800521851,0.4695771336555481,-0.04027543589472771,0.6716155409812927,0.4231460690498352,-0.049913376569747925,0.6749510169029236,0.38106799125671387,-0.05665180832147598,0.6824249029159546,0.5673749446868896,-0.03360524773597717,0.6968207359313965,0.5172997117042542,-0.04566693678498268,0.7062928080558777,0.4838217794895172,-0.050880316644907,0.7134242653846741,0.45200616121292114,-0.054507821798324585
4,0.6355342864990234,0.6353307962417603,1.7111115369061736e-07,0.6063792705535889,0.5993779897689819,-0.008544781245291233,0.5939375758171082,0.5356425642967224,-0.011002223007380962,0.6140877604484558,0.487794429063797,-0.013844751752912998,0.6382956504821777,0.47088733315467834,-0.016880137845873833,0.6042532920837402,0.4702034592628479,-0.001358922803774476,0.5915054678916931,0.4065403342247009,-0.007455538958311081,0.5842522382736206,0.3668440282344818,-0.013233093544840813,0.5795644521713257,0.33454573154449463,-0.018090745434165,0.6269293427467346,0.45945805311203003,-0.0042351181618869305,0.6247949004173279,0.38461172580718994,-0.00909060426056385,0.6220610737800598,0.3390805125236511,-0.01499895565211773,0.6196807622909546,0.3042333722114563,-0.019346341490745544,0.6485692858695984,0.4658646881580353,-0.009127839468419552,0.6519725322723389,0.3960576057434082,-0.015839096158742905,0.651757538318634,0.3545936942100525,-0.022538114339113235,0.650474488735199,0.3204002380371094,-0.027226988226175308,0.6691474318504333,0.4839310646057129,-0.015156092122197151,0.6798936724662781,0.43261536955833435,-0.020963290706276894,0.6851724982261658,0.3988684117794037,-0.023875707760453224,0.6882650852203369,0.3693411946296692,-0.02608863264322281
4,0.6355844736099243,0.6341187357902527,1.5777182227338926e-07,0.6070216298103333,0.5955880284309387,-0.008875137194991112,0.594828724861145,0.5310134887695312,-0.011020949110388756,0.6153382658958435,0.48124319314956665,-0.01347589772194624,0.6411032676696777,0.46533602476119995,-0.016045141965150833,0.6054215431213379,0.46987125277519226,5.8323297707829624e-05,0.5940606594085693,0.40714818239212036,-0.0052664377726614475,0.5871114730834961,0.3679285943508148,-0.010806751437485218,0.5828367471694946,0.3357524871826172,-0.015666309744119644,0.6274834871292114,0.45949533581733704,-0.002146057551726699,0.625139594078064,0.3873344659805298,-0.006311202421784401,0.6224780678749084,0.34253430366516113,-0.012030374258756638,0.6206308603286743,0.3082501292228699,-0.01633969321846962,0.648833692073822,0.4656677544116974,-0.006455003749579191,0.6517369747161865,0.3980518877506256,-0.012270614504814148,0.6511786580085754,0.35615116357803345,-0.018805712461471558,0.6501656770706177,0.3224089741706848,-0.023497482761740685,0.6692609190940857,0.48317569494247437,-0.01200236938893795,0.678775429725647,0.4329974055290222,-0.017060130834579468,0.6829608082771301,0.3991037607192993,-0.019966907799243927,0.6855543255805969,0.3703553378582001,-0.022226247936487198
4,0.6786730289459229,0.8203575611114502,1.333479247023206e-07,0.6516146063804626,0.807485818862915,-0.018864396959543228,0.636023998260498,0.7860731482505798,-0.03452135622501373,0.6485699415206909,0.7829146385192871,-0.048176247626543045,0.6688390970230103,0.7817455530166626,-0.06269671767950058,0.6565687656402588,0.7135449051856995,-0.03357366472482681,0.6507073044776917,0.6747480034828186,-0.05282905697822571,0.6469916701316833,0.6576249599456787,-0.0673900917172432,0.6429004073143005,0.6449877023696899,-0.07723350822925568,0.6842913627624512,0.7083993554115295,-0.03532525151968002,0.6911365389823914,0.6561996936798096,-0.04981336370110512,0.6938180923461914,0.6323893666267395,-0.059983111917972565,0.6944959163665771,0.6153165102005005,-0.0674373060464859,0.707355797290802,0.72478187084198,-0.03863838315010071,0.7214698791503906,0.6813246011734009,-0.05362006276845932,0.7285228967666626,0.6568251252174377,-0.061939749866724014,0.7316486835479736,0.6343183517456055,-0.06765098869800568,0.724663257598877,0.7563463449478149,-0.043111592531204224,0.7428562045097351,0.7364665269851685,-0.0572626031935215,0.752595841884613,0.7220916748046875,-0.061575982719659805,0.7591632604598999,0.7081969976425171,-0.06399676203727722
4,0.7231761813163757,0.9910762906074524,-9.358262076375468e-08,0.7036519646644592,0.9702345132827759,-0.024332081899046898,0.7022496461868286,0.9392486214637756,-0.0388193354010582,0.7252530455589294,0.9264554381370544,-0.05058645084500313,0.7483898997306824,0.9195923209190369,-0.06181661784648895,0.7091249823570251,0.8612678647041321,-0.03016635775566101,0.7010226845741272,0.8099163174629211,-0.048369552940130234,0.6951399445533752,0.7776083946228027,-0.062456969171762466,0.6905993223190308,0.7492450475692749,-0.07230399549007416,0.7350995540618896,0.8516767024993896,-0.02798943966627121,0.7379429936408997,0.7832789421081543,-0.041759368032217026,0.73933345079422,0.7436566948890686,-0.05151479318737984,0.7407275438308716,0.708469033241272,-0.05948413535952568,0.7579890489578247,0.8602098226547241,-0.02808864414691925,0.7664530277252197,0.7956520318984985,-0.04180023819208145,0.7714203596115112,0.7605383992195129,-0.048903677612543106,0.7771179676055908,0.7266238331794739,-0.05392866209149361,0.7780619859695435,0.8833959102630615,-0.030192146077752113,0.7891647219657898,0.8354203104972839,-0.0402904711663723,0.7967308163642883,0.8099543452262878,-0.04307522252202034,0.8040782809257507,0.7864811420440674,-0.04534412547945976
4,0.7205808758735657,0.8730955123901367,2.413739537132642e-07,0.6912673711776733,0.8445770144462585,-0.017122963443398476,0.6778206825256348,0.7996899485588074,-0.02781476452946663,0.7027167677879333,0.7710177302360535,-0.037161462008953094,0.7294156551361084,0.7584927678108215,-0.046791836619377136,0.6836687326431274,0.7103744149208069,-0.018301617354154587,0.6671800017356873,0.6467928886413574,-0.03148232772946358,0.6585199236869812,0.6046925783157349,-0.042100995779037476,0.6528096795082092,0.5661776065826416,-0.050513867288827896,0.7096896171569824,0.696398913860321,-0.020345019176602364,0.7048004269599915,0.6216206550598145,-0.03142455220222473,0.7022067308425903,0.5734429359436035,-0.041399385780096054,0.7002437114715576,0.5302073359489441,-0.04898828640580177,0.7337287664413452,0.7057987451553345,-0.024506017565727234,0.7380280494689941,0.63621985912323,-0.03638685122132301,0.7399739027023315,0.5934082269668579,-0.04471627622842789,0.7406983971595764,0.5532931089401245,-0.05059519782662392,0.7558259963989258,0.7309839129447937,-0.030336184427142143,0.7641513347625732,0.6790798902511597,-0.04088504612445831,0.7690591216087341,0.6462689638137817,-0.04455762729048729,0.7722087502479553,0.6141220927238464,-0.047102924436330795
4,0.7098037600517273,0.6961612701416016,1.9531080397428013e-07,0.6793230175971985,0.6638219356536865,-0.012365773320198059,0.6618647575378418,0.6127665638923645,-0.01988634094595909,0.6814799904823303,0.574127733707428,-0.02707916870713234,0.7079307436943054,0.561947226524353,-0.035111453384160995,0.6717050671577454,0.5236413478851318,-0.011630162596702576,0.6567105054855347,0.45887160301208496,-0.02179369330406189,0.6475317478179932,0.41830939054489136,-0.030664891004562378,0.6413086652755737,0.3828428387641907,-0.038012851029634476,0.6957570314407349,0.5131462216377258,-0.015077225863933563,0.6900086402893066,0.4365347623825073,-0.02347687818109989,0.6862128376960754,0.389007568359375,-0.03224319592118263,0.6836609244346619,0.34961527585983276,-0.03914114460349083,0.7181258201599121,0.5231392979621887,-0.02043232135474682,0.7203536033630371,0.45225346088409424,-0.029540685936808586,0.7198704481124878,0.409146249294281,-0.038024794310331345,0.7184682488441467,0.37118014693260193,-0.0444558747112751,0.7391287088394165,0.5468485355377197,-0.027124105021357536,0.7445029020309448,0.49317091703414917,-0.03515952080488205,0.7457680702209473,0.45778048038482666,-0.0391402468085289,0.7454802989959717,0.4249049425125122,-0.04243449494242668
4,0.707108199596405,0.7063058614730835,1.958818387493011e-07,0.6774958968162537,0.6749639511108398,-0.013140760362148285,0.6593274474143982,0.6249226927757263,-0.021227939054369926,0.6802369356155396,0.5876304507255554,-0.028705764561891556,0.7082182168960571,0.5755147933959961,-0.03678483888506889,0.6682887077331543,0.5397220849990845,-0.013618330471217632,0.6527713537216187,0.4784134030342102,-0.024802787229418755,0.6429132223129272,0.4392557740211487,-0.03430221229791641,0.6357213854789734,0.4045897126197815,-0.04200845956802368,0.6917210221290588,0.5292831063270569,-0.016671989113092422,0.6852651238441467,0.4552309215068817,-0.025560276582837105,0.6800177097320557,0.4077743887901306,-0.03426617011427879,0.6758232116699219,0.36723044514656067,-0.04105798900127411,0.713719367980957,0.5399615168571472,-0.021588396281003952,0.7148208618164062,0.4737010896205902,-0.03070337511599064,0.7129836678504944,0.4326874017715454,-0.038422103971242905,0.7103382349014282,0.3958492875099182,-0.044262826442718506,0.7343896627426147,0.5650599002838135,-0.02796635590493679,0.7395201325416565,0.5149157643318176,-0.03588695824146271,0.7402399778366089,0.4824114739894867,-0.03914500027894974,0.7392858862876892,0.45216497778892517,-0.0417836531996727
4,0.7224452495574951,0.7188307046890259,2.357102601990846e-07,0.6976415514945984,0.6905020475387573,-0.018855122849345207,0.6862400770187378,0.6429739594459534,-0.029520824551582336,0.7082475423812866,0.5999388694763184,-0.038487110286951065,0.7341298460960388,0.5788202881813049,-0.04721076413989067,0.6835761666297913,0.5579861998558044,-0.017097869887948036,0.6697002649307251,0.4946441948413849,-0.02935073710978031,0.6621482372283936,0.45311081409454346,-0.039516881108284,0.6575382947921753,0.41619253158569336,-0.047574859112501144,0.7068183422088623,0.5406582951545715,-0.017583012580871582,0.7012148499488831,0.46386685967445374,-0.027823932468891144,0.6992490291595459,0.41451430320739746,-0.037284355610609055,0.6981034278869629,0.3701466917991638,-0.04445946589112282,0.7296923398971558,0.5446345806121826,-0.02037644200026989,0.7288278341293335,0.47297704219818115,-0.031100882217288017,0.7300775051116943,0.42928653955459595,-0.03933610022068024,0.7307526469230652,0.3883567452430725,-0.045268360525369644,0.7520233988761902,0.5629761219024658,-0.025115737691521645,0.756339967250824,0.5099477171897888,-0.03421131893992424,0.7601155042648315,0.47596991062164307,-0.03815402090549469,0.7630676627159119,0.4438072144985199,-0.04112490639090538
4,0.7226073741912842,0.7093887329101562,2.1146136930383364e-07,0.6969315409660339,0.6796774864196777,-0.014369537122547626,0.6858235597610474,0.6320319175720215,-0.022739512845873833,0.7075085043907166,0.5941419005393982,-0.030211959034204483,0.7319532632827759,0.5743430256843567,-0.037981268018484116,0.6866476535797119,0.551622211933136,-0.013480732217431068,0.6735314130783081,0.49120673537254333,-0.024602307006716728,0.6666473746299744,0.4517498016357422,-0.034009408205747604,0.6619583368301392,0.4156267046928406,-0.04166223853826523,0.7097957730293274,0.5359437465667725,-0.016050955280661583,0.7056244015693665,0.4595991373062134,-0.025270262733101845,0.7037513256072998,0.4107724130153656,-0.03422856703400612,0.7021552920341492,0.3669840097427368,-0.041189953684806824,0.7323023080825806,0.5421196818351746,-0.02056415192782879,0.7340060472488403,0.4696533977985382,-0.03106033056974411,0.7360717058181763,0.4259309768676758,-0.0392194539308548,0.7368615865707397,0.38472673296928406,-0.045142434537410736,0.7541342973709106,0.5633198618888855,-0.026537520810961723,0.7612878084182739,0.5101862549781799,-0.036061737686395645,0.7662009596824646,0.4768016040325165,-0.039985477924346924,0.7692952752113342,0.4448087513446808,-0.042911700904369354
4,0.7018189430236816,0.710586428642273,2.169847164168459e-07,0.6740106344223022,0.6763655543327332,-0.012135881930589676,0.6583405137062073,0.6273146271705627,-0.020614871755242348,0.6753513216972351,0.5937954187393188,-0.028662916272878647,0.6999658942222595,0.583584725856781,-0.037541091442108154,0.6729214191436768,0.5436093807220459,-0.014930179342627525,0.6593772768974304,0.4808635711669922,-0.027024079114198685,0.6513563394546509,0.4411950409412384,-0.03680804371833801,0.6458318829536438,0.4057632088661194,-0.04447536543011665,0.6956166625022888,0.5390616655349731,-0.018852027133107185,0.693287193775177,0.46395760774612427,-0.02916252799332142,0.691220760345459,0.4155905842781067,-0.03859196603298187,0.6897780895233154,0.374061644077301,-0.045659106224775314,0.7156494855880737,0.5541531443595886,-0.024473408237099648,0.7209086418151855,0.48876333236694336,-0.0354488343000412,0.7228997945785522,0.445046991109848,-0.0446196086704731,0.7235685586929321,0.4061298370361328,-0.05118491128087044,0.7334871292114258,0.5823034048080444,-0.031222134828567505,0.743843138217926,0.5349600911140442,-0.0406879186630249,0.7481535077095032,0.5020061135292053,-0.04515727236866951,0.7498676180839539,0.4707014560699463,-0.0485507994890213
4,0.7105711102485657,0.7511323690414429,2.0836749570207758e-07,0.6810147166252136,0.7189421653747559,-0.015616598539054394,0.666064441204071,0.6680111885070801,-0.025078536942601204,0.6887741088867188,0.6279599070549011,-0.03359900414943695,0.715703010559082,0.6091073751449585,-0.04255594685673714,0.6693063974380493,0.5860866904258728,-0.015313456766307354,0.6517117023468018,0.5234262943267822,-0.027335990220308304,0.6415060758590698,0.4841616749763489,-0.03743182122707367,0.634545624256134,0.4487012028694153,-0.045445531606674194,0.6939077377319336,0.5718591213226318,-0.017688890919089317,0.6861449480056763,0.49482107162475586,-0.02732039801776409,0.6806150674819946,0.4458426237106323,-0.037188492715358734,0.6763414740562439,0.4025799036026001,-0.04480248689651489,0.7176297903060913,0.5800196528434753,-0.02208928018808365,0.7183690071105957,0.5090052485466003,-0.03203405439853668,0.7169991731643677,0.46447503566741943,-0.040955763310194016,0.7151303291320801,0.42380285263061523,-0.04761761799454689,0.740363359451294,0.6030735969543457,-0.028115062043070793,0.7468457221984863,0.549746036529541,-0.03642445057630539,0.7490391731262207,0.514587938785553,-0.040100157260894775,0.7495211362838745,0.48179441690444946,-0.043093498796224594
4,0.7259913086891174,0.8027533292770386,1.934168523121116e-07,0.6989396810531616,0.764355480670929,-0.013480614870786667,0.6874791383743286,0.7036622762680054,-0.019925815984606743,0.7113727927207947,0.6583202481269836,-0.025786425918340683,0.7392644882202148,0.6453788876533508,-0.03177336975932121,0.6879123449325562,0.6189426183700562,-0.008157430216670036,0.6728137731552124,0.5498762130737305,-0.016682583838701248,0.6648946404457092,0.507003128528595,-0.02465558610856533,0.6594040393829346,0.4700702130794525,-0.03133448585867882,0.712748110294342,0.6064037680625916,-0.010296867229044437,0.7066016793251038,0.5256394743919373,-0.016953572630882263,0.7024475336074829,0.47615450620651245,-0.024437934160232544,0.6986008882522583,0.436343252658844,-0.030200693756341934,0.7369264364242554,0.6141678094863892,-0.014615166932344437,0.7369539737701416,0.5392047166824341,-0.022058503702282906,0.7363222241401672,0.49440550804138184,-0.029189826920628548,0.7346583604812622,0.45605191588401794,-0.03441343456506729,0.7599501609802246,0.6353923678398132,-0.020596511662006378,0.7641762495040894,0.5768110156059265,-0.026754990220069885,0.7662439942359924,0.5400350689888,-0.029322346672415733,0.7672804594039917,0.5077863931655884,-0.03144649416208267
4,0.713087260723114,0.8254243731498718,1.8631304499194812e-07,0.6819493770599365,0.78952956199646,-0.011920963414013386,0.6631161570549011,0.7287612557411194,-0.018720204010605812,0.6801140904426575,0.6843247413635254,-0.02525637298822403,0.7071294784545898,0.6805993914604187,-0.032641783356666565,0.68124920129776,0.6414197087287903,-0.01064897421747446,0.6699133515357971,0.5737155079841614,-0.020356442779302597,0.6627272963523865,0.5306777358055115,-0.029279395937919617,0.6578648686408997,0.49281319975852966,-0.036919351667165756,0.7061858773231506,0.6319611072540283,-0.01427452266216278,0.7038240432739258,0.5518860220909119,-0.0225162822753191,0.7013773918151855,0.5023302435874939,-0.031076675280928612,0.6992425322532654,0.45972782373428345,-0.03776765987277031,0.7292366623878479,0.6425014734268188,-0.019702745601534843,0.732122004032135,0.5682945251464844,-0.028550732880830765,0.7327883839607239,0.5223634839057922,-0.03683736175298691,0.7323426604270935,0.4823138117790222,-0.04303478077054024,0.7507960796356201,0.6672648787498474,-0.026513254269957542,0.7568883895874023,0.6091338992118835,-0.03417787328362465,0.7596285939216614,0.5710769295692444,-0.03806837648153305,0.7609248757362366,0.5368117094039917,-0.041256774216890335
4,0.7132169604301453,0.7703930735588074,1.9208658841307624e-07,0.6804376840591431,0.7399368286132812,-0.011810553260147572,0.6583743691444397,0.678461492061615,-0.017554830759763718,0.669445276260376,0.6244869828224182,-0.023012200370430946,0.6945928335189819,0.6094827055931091,-0.028811579570174217,0.6724706888198853,0.5897177457809448,-0.007923774421215057,0.6580177545547485,0.523360013961792,-0.016678176820278168,0.6494835615158081,0.4814245402812958,-0.024878429248929024,0.643884003162384,0.4444774389266968,-0.03183246776461601,0.6969876885414124,0.5784032344818115,-0.01100122556090355,0.6908299326896667,0.498771995306015,-0.018055062741041183,0.6862697601318359,0.44963404536247253,-0.025437211617827415,0.6828861832618713,0.40826719999313354,-0.031189562752842903,0.7209751009941101,0.5854747891426086,-0.016069063916802406,0.7196773290634155,0.5113240480422974,-0.023934902623295784,0.7177499532699585,0.4653397798538208,-0.030881507322192192,0.7156808376312256,0.425980806350708,-0.036083996295928955,0.7442792057991028,0.6063575744628906,-0.022621827200055122,0.7475545406341553,0.5470989942550659,-0.029355252161622047,0.748824954032898,0.5084840655326843,-0.03238213062286377,0.7493628263473511,0.4737918972969055,-0.034835364669561386
4,0.7139530181884766,0.6986469030380249,1.9126885320019937e-07,0.6789581775665283,0.6674990653991699,-0.010463079437613487,0.656343400478363,0.6026118993759155,-0.015539946034550667,0.6670361757278442,0.5449065566062927,-0.020693589001893997,0.691939651966095,0.5293126106262207,-0.026543842628598213,0.6684268712997437,0.5142346024513245,-0.007474807091057301,0.6538079380989075,0.44411730766296387,-0.016842229291796684,0.6444013118743896,0.3989604115486145,-0.025617370381951332,0.6379325985908508,0.3602943420410156,-0.03296603634953499,0.6935348510742188,0.4988904893398285,-0.011778184212744236,0.6869450807571411,0.4151746928691864,-0.019121630117297173,0.6821898221969604,0.3632763624191284,-0.027207836508750916,0.6786828637123108,0.32073020935058594,-0.033365607261657715,0.7186232805252075,0.5032342076301575,-0.017843062058091164,0.7165742516517639,0.42168766260147095,-0.026079487055540085,0.714640200138092,0.3727635145187378,-0.033126428723335266,0.7120094299316406,0.33127015829086304,-0.03842451795935631,0.7431696653366089,0.5239917635917664,-0.02523214742541313,0.7463943958282471,0.46207737922668457,-0.03234062343835831,0.747343897819519,0.4221935272216797,-0.03487018123269081,0.746888279914856,0.38689124584198,-0.03685114532709122
4,0.720483124256134,0.7706006765365601,2.393857982951886e-07,0.6891184449195862,0.7333914637565613,-0.014944938942790031,0.670495867729187,0.6808465123176575,-0.025400172919034958,0.6895162463188171,0.6507440209388733,-0.03489914536476135,0.7178927659988403,0.65326327085495,-0.045231446623802185,0.6941186189651489,0.5951083898544312,-0.019089777022600174,0.6832959055900574,0.5281033515930176,-0.032202962785959244,0.676967442035675,0.4868977665901184,-0.0429580993950367,0.6730688810348511,0.44958004355430603,-0.05148952454328537,0.7213567495346069,0.5894702672958374,-0.022502481937408447,0.7236491441726685,0.5099316835403442,-0.03309185802936554,0.7239794135093689,0.4596441984176636,-0.04271664470434189,0.7246370911598206,0.41458630561828613,-0.05016930773854256,0.745324432849884,0.6046044230461121,-0.0276719331741333,0.7550866603851318,0.529924750328064,-0.03867311030626297,0.7599301338195801,0.48429280519485474,-0.046903520822525024,0.7633615732192993,0.44324591755867004,-0.05287846177816391,0.7667973041534424,0.634807825088501,-0.03429096192121506,0.7802565693855286,0.5805728435516357,-0.04353275150060654,0.7881234288215637,0.5453089475631714,-0.046719226986169815,0.7940196394920349,0.5122170448303223,-0.04911128804087639
4,0.7005175352096558,0.751369297504425,2.366405027487417e-07,0.6714386940002441,0.715587854385376,-0.012258836068212986,0.6533414721488953,0.6641662120819092,-0.022311195731163025,0.656006395816803,0.6227615475654602,-0.03182349354028702,0.6713480353355408,0.6237213611602783,-0.04214085638523102,0.6681691408157349,0.5797500610351562,-0.018988536670804024,0.6551716923713684,0.5113702416419983,-0.03242656588554382,0.6468068957328796,0.46920275688171387,-0.042844243347644806,0.6406208872795105,0.4321249723434448,-0.05111842229962349,0.6910524964332581,0.5795939564704895,-0.024137577041983604,0.6870757937431335,0.5008386373519897,-0.036373116075992584,0.6836508512496948,0.45082056522369385,-0.04627414792776108,0.6801738739013672,0.4079604148864746,-0.05353141203522682,0.7124472856521606,0.598872721195221,-0.0306039210408926,0.7150608897209167,0.52752685546875,-0.04317633435130119,0.7157300114631653,0.48246169090270996,-0.05200672522187233,0.7149268984794617,0.4426995515823364,-0.05816219374537468,0.7316946387290955,0.6319947838783264,-0.03805597126483917,0.7390535473823547,0.5807315707206726,-0.04890510067343712,0.741899847984314,0.5444566011428833,-0.053601816296577454,0.7428675889968872,0.5098883509635925,-0.05701061338186264
4,0.7017615437507629,0.7607667446136475,2.27027186383566e-07,0.6683943271636963,0.7286775708198547,-0.011986441910266876,0.6472285389900208,0.6761172413825989,-0.02035405859351158,0.6575799584388733,0.6380056738853455,-0.028272029012441635,0.6785969138145447,0.6364134550094604,-0.037293605506420135,0.6625080108642578,0.5929229855537415,-0.0170799158513546,0.6466023921966553,0.5279511213302612,-0.029539603739976883,0.6368533968925476,0.48684555292129517,-0.039479076862335205,0.6294432282447815,0.4500993490219116,-0.04742008075118065,0.6873369812965393,0.5849474668502808,-0.021730391308665276,0.6816542148590088,0.5055989027023315,-0.032663945108652115,0.6772832274436951,0.4549422860145569,-0.042131852358579636,0.6733245849609375,0.4114183485507965,-0.04909065365791321,0.7111650705337524,0.5978068709373474,-0.02780122682452202,0.7124639749526978,0.5257214307785034,-0.03913386911153793,0.7119991779327393,0.48032981157302856,-0.04792686551809311,0.7103689908981323,0.4407692551612854,-0.05404716730117798,0.7337424159049988,0.6253664493560791,-0.034954436123371124,0.7408864498138428,0.5701408386230469,-0.04448213800787926,0.7434015274047852,0.5334821343421936,-0.04838560149073601,0.7442561984062195,0.49968451261520386,-0.051240626722574234
4,0.712784469127655,0.7571814656257629,2.1084341028654308e-07,0.6857883930206299,0.7215627431869507,-0.015780465677380562,0.6764138340950012,0.6659936904907227,-0.024352772161364555,0.7021405100822449,0.6322723031044006,-0.03193513676524162,0.7305394411087036,0.6276955604553223,-0.03969423100352287,0.6985111236572266,0.5768797993659973,-0.012630234472453594,0.6994394063949585,0.5144978761672974,-0.02354380302131176,0.702049970626831,0.4742985963821411,-0.03402460366487503,0.7055410742759705,0.4399905800819397,-0.042601555585861206,0.7225019335746765,0.5680467486381531,-0.014186366461217403,0.7288950085639954,0.4903726577758789,-0.023081423714756966,0.7319941520690918,0.4406506419181824,-0.03273579478263855,0.734265148639679,0.3975827693939209,-0.04053972288966179,0.7425580620765686,0.5779343843460083,-0.017939601093530655,0.7531862258911133,0.5025627017021179,-0.026975680142641068,0.7576292157173157,0.4575933814048767,-0.035585395991802216,0.7605313062667847,0.4179861545562744,-0.04230116680264473,0.7603349089622498,0.6038810014724731,-0.023529069498181343,0.7735408544540405,0.5488250851631165,-0.03155682235956192,0.7809447646141052,0.5136961936950684,-0.036156099289655685,0.7864235043525696,0.4818768799304962,-0.03992633894085884
4,0.7060877680778503,0.7632718682289124,2.0674154654898302e-07,0.6751611232757568,0.7277013063430786,-0.013858615420758724,0.6578322052955627,0.671445369720459,-0.022663539275527,0.676943838596344,0.633965015411377,-0.030752064660191536,0.7047827839851379,0.6274119019508362,-0.03957729786634445,0.6807570457458496,0.5869307518005371,-0.014875375665724277,0.6732001304626465,0.5224034190177917,-0.027049502357840538,0.6682854890823364,0.48147305846214294,-0.0375840924680233,0.6652684807777405,0.4446207880973816,-0.04602910205721855,0.7074260711669922,0.578514575958252,-0.018271226435899734,0.710661768913269,0.4987587332725525,-0.02810084819793701,0.7122101783752441,0.44861042499542236,-0.037561751902103424,0.7138394117355347,0.403726190328598,-0.04498876631259918,0.7307285070419312,0.5910362601280212,-0.02357953041791916,0.7391096949577332,0.515326738357544,-0.03427676483988762,0.7438251376152039,0.4686962366104126,-0.04299406334757805,0.7470601797103882,0.42598578333854675,-0.04941761493682861,0.7519937753677368,0.6184943318367004,-0.030253659933805466,0.763573944568634,0.5616544485092163,-0.039633866399526596,0.7703596949577332,0.5245820879936218,-0.043673571199178696,0.7750318050384521,0.48911938071250916,-0.04681757465004921
4,0.7010722160339355,0.742336630821228,1.975289620759213e-07,0.6716406941413879,0.701654314994812,-0.01124961581081152,0.6557802557945251,0.6466477513313293,-0.019679896533489227,0.6589567065238953,0.5998973846435547,-0.02805916778743267,0.6745649576187134,0.591825544834137,-0.03695976734161377,0.6755696535110474,0.5634117722511292,-0.012579160742461681,0.6651785969734192,0.4965169429779053,-0.02478763274848461,0.6573926210403442,0.4554934501647949,-0.03498931974172592,0.6512820720672607,0.41874200105667114,-0.04308416694402695,0.697817325592041,0.5638189315795898,-0.01767417974770069,0.6972650289535522,0.48576074838638306,-0.028512999415397644,0.6955897808074951,0.43643730878829956,-0.03838680312037468,0.6936392784118652,0.3937382400035858,-0.04570000618696213,0.7179601788520813,0.582656979560852,-0.024397384375333786,0.7220404744148254,0.5134727954864502,-0.03573392331600189,0.7240294814109802,0.46856456995010376,-0.04443792626261711,0.7245416641235352,0.4289899468421936,-0.050669826567173004,0.7355082035064697,0.6151117086410522,-0.03220043331384659,0.7434730529785156,0.5661513805389404,-0.041676394641399384,0.7467454075813293,0.5305257439613342,-0.04602546617388725,0.7481274008750916,0.4965202212333679,-0.04935527220368385
4,0.697803795337677,0.7452892065048218,1.828955760174722e-07,0.6685277223587036,0.707880973815918,-0.011575760319828987,0.6525765657424927,0.6528921723365784,-0.019653841853141785,0.655480146408081,0.6062226295471191,-0.027651896700263023,0.6705653071403503,0.5997156500816345,-0.036066874861717224,0.6715301871299744,0.5677798986434937,-0.011354796588420868,0.6604430675506592,0.5018846988677979,-0.023121187463402748,0.6525547504425049,0.46121782064437866,-0.03312944993376732,0.6464771628379822,0.42507290840148926,-0.04118270054459572,0.692876935005188,0.5673232674598694,-0.015949901193380356,0.6898215413093567,0.49022412300109863,-0.026353193446993828,0.6871373653411865,0.44169938564300537,-0.03586876392364502,0.684507429599762,0.40030550956726074,-0.042912401258945465,0.7125009298324585,0.5856496691703796,-0.022319424897432327,0.7140800356864929,0.5168508887290955,-0.033309973776340485,0.7142753601074219,0.4731999635696411,-0.04161936417222023,0.7134103178977966,0.43509262800216675,-0.04753715917468071,0.7299158573150635,0.6181976795196533,-0.02986808679997921,0.7356114983558655,0.5694451332092285,-0.03908034786581993,0.7373279333114624,0.5348129868507385,-0.04333481192588806,0.7375887036323547,0.5019670128822327,-0.04659585654735565
4,0.6998175978660583,0.7333661913871765,1.9382244431653817e-07,0.665492594242096,0.7034425735473633,-0.011317881755530834,0.6441758871078491,0.6476196646690369,-0.016858110204339027,0.6534497141838074,0.5909827351570129,-0.022337017580866814,0.6765681505203247,0.5671294331550598,-0.02812984772026539,0.6580809950828552,0.5669612884521484,-0.007066354155540466,0.6436406970024109,0.5012201070785522,-0.016356483101844788,0.634769856929779,0.4583717882633209,-0.02477886714041233,0.6288847923278809,0.42074888944625854,-0.03172421082854271,0.6815921664237976,0.5540673136711121,-0.010319004766643047,0.6754870414733887,0.47454118728637695,-0.017966141924262047,0.6706774830818176,0.42575711011886597,-0.02568061463534832,0.6670300960540771,0.38442885875701904,-0.031567856669425964,0.7049347162246704,0.5580546259880066,-0.015585926361382008,0.7037509083747864,0.48257774114608765,-0.024130694568157196,0.7012708783149719,0.43663930892944336,-0.030861129984259605,0.698357880115509,0.397372305393219,-0.03576488047838211,0.7282508015632629,0.5750627517700195,-0.022247476503252983,0.7318335175514221,0.5158076882362366,-0.0295865535736084,0.7324971556663513,0.4774301052093506,-0.032578352838754654,0.7318319082260132,0.4427306354045868,-0.034870315343141556
4,0.7224545478820801,0.7444316744804382,1.965291858141427e-07,0.6918620467185974,0.7130733728408813,-0.013443071395158768,0.673269510269165,0.6541492938995361,-0.020463136956095695,0.6892398595809937,0.6055970788002014,-0.026823271065950394,0.713586151599884,0.5867035388946533,-0.033664170652627945,0.6919650435447693,0.5670772194862366,-0.011696064844727516,0.6838023662567139,0.4999605417251587,-0.022077564150094986,0.6794421672821045,0.45608025789260864,-0.03130728751420975,0.6775294542312622,0.4173821806907654,-0.038980633020401,0.7174255847930908,0.5577988624572754,-0.014383789151906967,0.7180658578872681,0.47906801104545593,-0.022650111466646194,0.7186049222946167,0.4307173192501068,-0.031077509745955467,0.7198107242584229,0.38899701833724976,-0.037833984941244125,0.740447998046875,0.5672835111618042,-0.01906774938106537,0.745258629322052,0.4938434362411499,-0.028055310249328613,0.7472203373908997,0.4482605457305908,-0.03573451191186905,0.7484264969825745,0.4072759747505188,-0.04176304116845131,0.7618915438652039,0.5907796025276184,-0.02526834048330784,0.7703406810760498,0.5357605218887329,-0.033341873437166214,0.7750952243804932,0.4996474087238312,-0.03713548555970192,0.7785727381706238,0.46613404154777527,-0.04026220366358757
4,0.7430742979049683,0.7414807677268982,2.2503158447761962e-07,0.7163116931915283,0.7053240537643433,-0.01603502780199051,0.705318808555603,0.645698606967926,-0.024141574278473854,0.7287573218345642,0.6070578098297119,-0.03123154304921627,0.756048321723938,0.5972859263420105,-0.038225047290325165,0.7195733785629272,0.5593872666358948,-0.01234656386077404,0.7182496190071106,0.49093663692474365,-0.0227110143750906,0.7187410593032837,0.4473628103733063,-0.03230815753340721,0.7202815413475037,0.40993815660476685,-0.04019509628415108,0.7429943084716797,0.5503533482551575,-0.013447956182062626,0.7458795309066772,0.47162508964538574,-0.021334702149033546,0.7482494115829468,0.4236431121826172,-0.029558170586824417,0.7504317164421082,0.38254839181900024,-0.03625236451625824,0.7639768719673157,0.5594700574874878,-0.016779301688075066,0.7693832516670227,0.483700156211853,-0.024449696764349937,0.7725059390068054,0.440653920173645,-0.031105756759643555,0.774821400642395,0.40246865153312683,-0.0365726612508297,0.7837896943092346,0.583125114440918,-0.022133518010377884,0.7924518585205078,0.5284630656242371,-0.02874751389026642,0.7978484034538269,0.49381864070892334,-0.03179876133799553,0.8022577166557312,0.462654709815979,-0.03455043211579323
4,0.7630205750465393,0.7336654663085938,2.0641763853745942e-07,0.7344032526016235,0.6962302327156067,-0.012600326910614967,0.7201948165893555,0.6360639929771423,-0.019909916445612907,0.7393969297409058,0.5938828587532043,-0.026814749464392662,0.7663453221321106,0.5840287804603577,-0.03421426936984062,0.740239143371582,0.5529088973999023,-0.011665557511150837,0.7364158630371094,0.4830819368362427,-0.021808495745062828,0.7347711324691772,0.4398297071456909,-0.030761653557419777,0.7342894077301025,0.4028489887714386,-0.038135625422000885,0.7649979591369629,0.5477970838546753,-0.014897032640874386,0.7696503400802612,0.46675240993499756,-0.02339991182088852,0.7727480530738831,0.41804802417755127,-0.03181038796901703,0.7758212089538574,0.3761809468269348,-0.0383232906460762,0.7868608832359314,0.5601189136505127,-0.01994398795068264,0.7945836186408997,0.4841468334197998,-0.029058244079351425,0.7989526987075806,0.4387742877006531,-0.03667300194501877,0.80230712890625,0.39855533838272095,-0.0424545556306839,0.8073875904083252,0.5855799317359924,-0.026415055617690086,0.8190492391586304,0.5301582217216492,-0.03418051823973656,0.8256035447120667,0.4945102632045746,-0.037498872727155685,0.8306875824928284,0.461251437664032,-0.04024580121040344
4,0.6341662406921387,0.7914819121360779,2.303806070358405e-07,0.601618766784668,0.7522041201591492,-0.012445101514458656,0.5822347402572632,0.6882603168487549,-0.019058603793382645,0.5957530736923218,0.6405938863754272,-0.02538050152361393,0.619068443775177,0.6291793584823608,-0.03224417194724083,0.6075619459152222,0.5950135588645935,-0.011056825518608093,0.598612904548645,0.5214369297027588,-0.02172575518488884,0.5931179523468018,0.47337114810943604,-0.03140498325228691,0.5904964804649353,0.43142637610435486,-0.03952701389789581,0.6350147724151611,0.5902259349822998,-0.015284880064427853,0.6375710964202881,0.5045604109764099,-0.02383040077984333,0.6375072598457336,0.45021766424179077,-0.03245611488819122,0.6378549933433533,0.40591925382614136,-0.039347659796476364,0.6603133082389832,0.6062213182449341,-0.021490730345249176,0.6684936285018921,0.5261678695678711,-0.030999889597296715,0.6710100769996643,0.47582411766052246,-0.03852719068527222,0.6722956299781799,0.43287718296051025,-0.044371068477630615,0.6832836270332336,0.6387069225311279,-0.029169296845793724,0.6960498094558716,0.5805451273918152,-0.03809631988406181,0.7022331953048706,0.541628897190094,-0.04165550321340561,0.7065253853797913,0.5060045123100281,-0.044391732662916183
4,0.5583359003067017,0.7589860558509827,2.015743234551337e-07,0.523514449596405,0.7264627814292908,-0.012542790733277798,0.49864766001701355,0.6607906818389893,-0.019502829760313034,0.5022637248039246,0.6017647385597229,-0.026316378265619278,0.5245627760887146,0.5870368480682373,-0.033624302595853806,0.5188313126564026,0.5563070774078369,-0.011282654479146004,0.504165530204773,0.4820302426815033,-0.022537291049957275,0.4940580725669861,0.43502575159072876,-0.03260912001132965,0.48637092113494873,0.3927655518054962,-0.04124702885746956,0.5462907552719116,0.5482751131057739,-0.016512829810380936,0.5428942441940308,0.4588433504104614,-0.026607440784573555,0.5390892028808594,0.4027819335460663,-0.036443259567022324,0.5356058478355408,0.35438287258148193,-0.04398597776889801,0.5724923014640808,0.5623722076416016,-0.023767946287989616,0.5762849450111389,0.4783618450164795,-0.035439349710941315,0.5772524476051331,0.42391955852508545,-0.04548419639468193,0.5767815709114075,0.37586623430252075,-0.052819620817899704,0.596204400062561,0.5932429432868958,-0.032320305705070496,0.6046159863471985,0.5307234525680542,-0.043097689747810364,0.607973039150238,0.4864310026168823,-0.04888834431767464,0.6092592477798462,0.4445134699344635,-0.053340788930654526
4,0.5855178833007812,0.7822983860969543,2.2358956641710392e-07,0.5490155220031738,0.7483750581741333,-0.014534235000610352,0.5262570381164551,0.6905985474586487,-0.02455056644976139,0.549123227596283,0.6525900959968567,-0.03432786837220192,0.5820551514625549,0.6472072601318359,-0.04506411775946617,0.5407117009162903,0.5853639841079712,-0.015856031328439713,0.5203604698181152,0.5150273442268372,-0.029293404892086983,0.5082330107688904,0.4704749584197998,-0.04077661409974098,0.5003558397293091,0.4294992685317993,-0.050391167402267456,0.5681448578834534,0.5722309947013855,-0.020842237398028374,0.5599559545516968,0.48399895429611206,-0.032445382326841354,0.5552843809127808,0.429679811000824,-0.04310793802142143,0.5524536967277527,0.38251838088035583,-0.05137083679437637,0.5941354632377625,0.5837925672531128,-0.02808835357427597,0.5960083603858948,0.49760687351226807,-0.04063992202281952,0.5955472588539124,0.44439613819122314,-0.051000501960515976,0.5945349931716919,0.3963433504104614,-0.058573294430971146,0.6187350749969482,0.6129268407821655,-0.03687874227762222,0.6244210600852966,0.5483449697494507,-0.047993626445531845,0.6254258155822754,0.5044041275978088,-0.05343841388821602,0.6245537400245667,0.46311265230178833,-0.057763390243053436
4,0.5832551717758179,0.6819219589233398,1.7637115945490223e-07,0.5491529703140259,0.6416081190109253,-0.008954240009188652,0.5323638319969177,0.5715044736862183,-0.011322050355374813,0.5509905815124512,0.5188258290290833,-0.014402767643332481,0.5776861906051636,0.5051146745681763,-0.017696963623166084,0.5462927222251892,0.47458916902542114,0.003481526393443346,0.5331474542617798,0.4046158492565155,-0.0012466798070818186,0.5258153676986694,0.3619323968887329,-0.007591495756059885,0.5213530659675598,0.32555094361305237,-0.01342941727489233,0.5732155442237854,0.4650215208530426,-0.00032330109388567507,0.5708127021789551,0.38334429264068604,-0.003524696221575141,0.5681039690971375,0.33440107107162476,-0.009649401530623436,0.5657424926757812,0.2957950532436371,-0.014644374139606953,0.5987542271614075,0.47431883215904236,-0.006683800369501114,0.6021181344985962,0.3981817364692688,-0.011385580524802208,0.602805495262146,0.3528791069984436,-0.017513422295451164,0.6023191213607788,0.3148321509361267,-0.022318828850984573,0.621819257736206,0.49695536494255066,-0.014606483280658722,0.6277835369110107,0.43420085310935974,-0.0184316448867321,0.6311076283454895,0.39576080441474915,-0.019891981035470963,0.6334341168403625,0.3616683781147003,-0.021447086706757545
4,0.5890197157859802,0.6910040974617004,2.043092734993479e-07,0.5557812452316284,0.6549025774002075,-0.013037278316915035,0.5371727347373962,0.5885782241821289,-0.019869232550263405,0.5598593950271606,0.5412107110023499,-0.026634175330400467,0.5906009078025818,0.5320709943771362,-0.03406000882387161,0.5505450963973999,0.4826472997665405,-0.009359304793179035,0.533280074596405,0.4086858034133911,-0.019393665716052055,0.5234918594360352,0.3625028729438782,-0.02857968956232071,0.5174991488456726,0.3223099112510681,-0.03647445887327194,0.5784011483192444,0.4727311134338379,-0.013447866775095463,0.5726460814476013,0.38400715589523315,-0.0222077164798975,0.5692271590232849,0.3286800682544708,-0.031139718368649483,0.5673547983169556,0.2838141918182373,-0.038036175072193146,0.6040449738502502,0.4860316514968872,-0.01989033631980419,0.6087245345115662,0.4034535884857178,-0.0300727728754282,0.6100099086761475,0.353438138961792,-0.03915231302380562,0.6104276776313782,0.3095667362213135,-0.04580256715416908,0.627685010433197,0.5146974921226501,-0.02787783555686474,0.6371665000915527,0.45159345865249634,-0.0366671048104763,0.6417946815490723,0.409911572933197,-0.04103102162480354,0.6444178819656372,0.3705826997756958,-0.04461187124252319
4,0.5928231477737427,0.7289749979972839,3.1402424838233856e-07,0.5595123767852783,0.6954061388969421,-0.018116315826773643,0.5371659398078918,0.6461901664733887,-0.031590867787599564,0.5584367513656616,0.6155146956443787,-0.04345984384417534,0.5901355147361755,0.6042108535766602,-0.05615009739995003,0.551666796207428,0.5424060225486755,-0.027501920238137245,0.5326351523399353,0.4689091444015503,-0.043573036789894104,0.5215901732444763,0.4218531548976898,-0.055618371814489365,0.5142255425453186,0.37818872928619385,-0.0653488039970398,0.5815444588661194,0.5351464152336121,-0.0314541794359684,0.5768285989761353,0.4457050561904907,-0.04500439390540123,0.5745642185211182,0.38953232765197754,-0.0566733293235302,0.5728736519813538,0.33861243724823,-0.06586739420890808,0.6082286238670349,0.5537205934524536,-0.03723784536123276,0.6158209443092346,0.4715447425842285,-0.05252091959118843,0.619843602180481,0.41778355836868286,-0.06424842774868011,0.621991753578186,0.36896076798439026,-0.07268203049898148,0.6317527890205383,0.5888075232505798,-0.04428433999419212,0.6456425786018372,0.5296332240104675,-0.05849575623869896,0.653626024723053,0.4894666075706482,-0.06475989520549774,0.6587242484092712,0.4504789113998413,-0.06935537606477737
4,0.5988121628761292,0.7314973473548889,2.871639992463315e-07,0.5620452761650085,0.6999201774597168,-0.013010543771088123,0.5370835065841675,0.6443531513214111,-0.023987652733922005,0.545745313167572,0.605076014995575,-0.03500553220510483,0.572939932346344,0.6059648394584656,-0.04740152508020401,0.5492861866950989,0.5410045385360718,-0.02000398188829422,0.5292544364929199,0.46711021661758423,-0.03530081361532211,0.5148414373397827,0.42406219244003296,-0.04735557734966278,0.503017008304596,0.384846568107605,-0.0574369952082634,0.5700371861457825,0.5349069833755493,-0.02645769715309143,0.5584869384765625,0.4484367072582245,-0.04115543141961098,0.5500244498252869,0.3955346941947937,-0.05303385853767395,0.5427039265632629,0.35156136751174927,-0.06192178651690483,0.5902302265167236,0.5523467063903809,-0.03462788090109825,0.5912398099899292,0.4692346751689911,-0.05083146318793297,0.5894541144371033,0.4168189465999603,-0.06337646394968033,0.5866472721099854,0.3711361885070801,-0.07203999906778336,0.60847407579422,0.5873307585716248,-0.04381289705634117,0.6154394745826721,0.5310114026069641,-0.05947545915842056,0.6169938445091248,0.4900941550731659,-0.06797019392251968,0.6168782711029053,0.45109161734580994,-0.07405657321214676
4,0.603916347026825,0.7579537034034729,2.7538590074982494e-07,0.5690018534660339,0.728805422782898,-0.01592729054391384,0.5452585220336914,0.6750912070274353,-0.026400810107588768,0.5672692656517029,0.6340453028678894,-0.035842251032590866,0.5980982780456543,0.6160812973976135,-0.04618801549077034,0.5548440217971802,0.571321964263916,-0.020693747326731682,0.5355124473571777,0.49927783012390137,-0.03465515747666359,0.5244301557540894,0.451951801776886,-0.04573022574186325,0.5169517993927002,0.40910086035728455,-0.05494021624326706,0.584258496761322,0.5573127269744873,-0.024923933669924736,0.5762653350830078,0.4683942198753357,-0.03669636324048042,0.5721954107284546,0.41302043199539185,-0.047664180397987366,0.5690323710441589,0.3635658025741577,-0.05635925754904747,0.6119686961174011,0.5689067840576172,-0.03114023059606552,0.615597665309906,0.4820106327533722,-0.04496633633971214,0.6167557239532471,0.42860835790634155,-0.055986955761909485,0.6160909533500671,0.37888115644454956,-0.06404998898506165,0.6378818154335022,0.5977760553359985,-0.03858999162912369,0.6485212445259094,0.5327775478363037,-0.051493335515260696,0.6540390849113464,0.4909096658229828,-0.05720708519220352,0.656807541847229,0.4499261677265167,-0.061525870114564896
4,0.642842173576355,0.7606015205383301,2.793703686165827e-07,0.6130549907684326,0.7284586429595947,-0.020653827115893364,0.602496325969696,0.6775877475738525,-0.03263083100318909,0.6325955986976624,0.6374329924583435,-0.04267808422446251,0.6639607548713684,0.6198834180831909,-0.05283010005950928,0.6104657053947449,0.5807794332504272,-0.020505551248788834,0.6021601557731628,0.5096953511238098,-0.0347774401307106,0.597913384437561,0.4621727466583252,-0.046448688954114914,0.5963749885559082,0.42180442810058594,-0.05553058907389641,0.6389192938804626,0.5636782050132751,-0.021357882767915726,0.6411555409431458,0.4761500954627991,-0.033366188406944275,0.641487717628479,0.41920343041419983,-0.044457998126745224,0.6415227651596069,0.36939582228660583,-0.05287875980138779,0.6640076637268066,0.5718677639961243,-0.024688096717000008,0.6744681596755981,0.48839595913887024,-0.037887219339609146,0.6805253028869629,0.43732327222824097,-0.04878052696585655,0.6845124959945679,0.39004257321357727,-0.05652932822704315,0.6867312788963318,0.5989859700202942,-0.029837502166628838,0.7027072310447693,0.5411524176597595,-0.041790664196014404,0.7120512127876282,0.5029827356338501,-0.0478149875998497,0.718644917011261,0.46582597494125366,-0.052120693027973175
4,0.6546427011489868,0.7220304012298584,2.503993528080173e-07,0.6265394687652588,0.6920538544654846,-0.018628273159265518,0.6186907887458801,0.640811562538147,-0.029167242348194122,0.6479930877685547,0.6022887229919434,-0.03817681223154068,0.6777183413505554,0.5826829671859741,-0.04745745286345482,0.6236434578895569,0.5523681044578552,-0.017603343352675438,0.6165300011634827,0.4859822392463684,-0.030190400779247284,0.614552915096283,0.4415152966976166,-0.04080434888601303,0.6148027777671814,0.40322262048721313,-0.04945090413093567,0.6511329412460327,0.5341031551361084,-0.01924256980419159,0.6523351073265076,0.4490393102169037,-0.030032459646463394,0.654078483581543,0.3931356370449066,-0.04068407416343689,0.6555777788162231,0.34399712085723877,-0.04907763749361038,0.6760662198066711,0.5411814451217651,-0.023223774507641792,0.6854496598243713,0.4565790295600891,-0.03609863296151161,0.6921271085739136,0.40567106008529663,-0.04735758155584335,0.6968157887458801,0.3575822710990906,-0.05556328967213631,0.6992418766021729,0.566658616065979,-0.0287549439817667,0.7148246169090271,0.5093541145324707,-0.04102693125605583,0.7247517108917236,0.47148630023002625,-0.04764112830162048,0.732173502445221,0.43463078141212463,-0.05256076902151108
4,0.6282482147216797,0.7692908644676208,2.522114073144621e-07,0.5963418483734131,0.7335270643234253,-0.014876299537718296,0.5756627321243286,0.6773138642311096,-0.02440003864467144,0.5941196084022522,0.6359913349151611,-0.03308707848191261,0.6236287355422974,0.621996283531189,-0.04227501153945923,0.5927299857139587,0.5765876173973083,-0.016212232410907745,0.5786950588226318,0.504626989364624,-0.028690649196505547,0.5715543627738953,0.4584425687789917,-0.038773488253355026,0.5675414204597473,0.41756510734558105,-0.04690253734588623,0.6210033893585205,0.5691794157028198,-0.01997043564915657,0.6189776062965393,0.4814918041229248,-0.02991097792983055,0.6174767017364502,0.42733126878738403,-0.03913041204214096,0.6167032122612,0.380754292011261,-0.04620742425322533,0.6467781066894531,0.5851417779922485,-0.025820784270763397,0.6526625156402588,0.5051782727241516,-0.037030600011348724,0.6547307968139648,0.45496970415115356,-0.04599728807806969,0.655762791633606,0.40896978974342346,-0.05261370912194252,0.670233964920044,0.6172484755516052,-0.033114176243543625,0.6817589402198792,0.560195803642273,-0.042873725295066833,0.6877610683441162,0.5225386023521423,-0.046863894909620285,0.6913204193115234,0.48577621579170227,-0.04996073618531227
4,0.6103597283363342,0.6946563124656677,1.780929466121961e-07,0.5767571330070496,0.6593486070632935,-0.011347295716404915,0.5588414669036865,0.5899293422698975,-0.01578250527381897,0.5742775201797485,0.5297748446464539,-0.02025378681719303,0.5991379618644714,0.5023715496063232,-0.024853603914380074,0.5739611387252808,0.49914225935935974,-0.004540896508842707,0.560659646987915,0.42542219161987305,-0.01249233353883028,0.5527692437171936,0.3789670467376709,-0.019771378487348557,0.5473280549049377,0.33919793367385864,-0.02611134946346283,0.5998448729515076,0.4881637990474701,-0.0082766804844141,0.5965322256088257,0.4007952809333801,-0.015252540819346905,0.5933998227119446,0.34646522998809814,-0.022884497418999672,0.590586245059967,0.30279719829559326,-0.028718044981360435,0.6241065263748169,0.49837249517440796,-0.014328292571008205,0.6266635656356812,0.4168541133403778,-0.02342756651341915,0.6272594928741455,0.3673854470252991,-0.03161066025495529,0.626410722732544,0.32482144236564636,-0.037572529166936874,0.6467230319976807,0.5227662324905396,-0.021695954725146294,0.6544090509414673,0.4609202742576599,-0.03007877990603447,0.657863438129425,0.42025303840637207,-0.034323081374168396,0.6592881083488464,0.3829392194747925,-0.037618931382894516
4,0.6112619042396545,0.7087215185165405,2.5908988732226135e-07,0.5789489150047302,0.6736894845962524,-0.015432020649313927,0.5546802878379822,0.6238380670547485,-0.02680302783846855,0.5699611306190491,0.5886889696121216,-0.03733144700527191,0.6003790497779846,0.5806561708450317,-0.04857349768280983,0.5698322057723999,0.5232265591621399,-0.020480962470173836,0.5530770421028137,0.4532012343406677,-0.03470839560031891,0.5427759885787964,0.40832260251045227,-0.045939356088638306,0.5360568165779114,0.36807024478912354,-0.05498415604233742,0.5975924730300903,0.5149164795875549,-0.024895671755075455,0.5934098958969116,0.4289554953575134,-0.03615722432732582,0.5904330015182495,0.3755899667739868,-0.04617859050631523,0.5887653827667236,0.32893311977386475,-0.054071467369794846,0.6235818266868591,0.5306323170661926,-0.031186575070023537,0.628440797328949,0.45090100169181824,-0.043397027999162674,0.6293375492095947,0.400321900844574,-0.052669961005449295,0.6292158365249634,0.3537519574165344,-0.0596381239593029,0.6473740339279175,0.5637111067771912,-0.03891346603631973,0.6573628783226013,0.508648693561554,-0.04982680082321167,0.6624101996421814,0.471512109041214,-0.05391494929790497,0.6654077768325806,0.4352828860282898,-0.057117290794849396
4,0.6149243712425232,0.7252224683761597,2.9925595868007804e-07,0.5815586447715759,0.6948116421699524,-0.014808026142418385,0.5588095188140869,0.6472177505493164,-0.02592131495475769,0.5763763785362244,0.6229227781295776,-0.03557847812771797,0.6065710186958313,0.6307123899459839,-0.04648233950138092,0.576480507850647,0.5615832805633545,-0.025821007788181305,0.5605088472366333,0.4965588450431824,-0.039731964468955994,0.5513388514518738,0.45584678649902344,-0.050113528966903687,0.5446301698684692,0.4178575873374939,-0.05892787128686905,0.6044354438781738,0.5549007654190063,-0.030140159651637077,0.6009684801101685,0.47491690516471863,-0.041961465030908585,0.5990604162216187,0.4233952462673187,-0.052149392664432526,0.5975109338760376,0.37745678424835205,-0.06031300872564316,0.6295431852340698,0.5736289024353027,-0.03571228310465813,0.6364777088165283,0.5036895871162415,-0.049381718039512634,0.6394042372703552,0.45562005043029785,-0.060826703906059265,0.6409674882888794,0.4120733439922333,-0.0691857561469078,0.651211678981781,0.6090729236602783,-0.04217858612537384,0.6646139025688171,0.5655011534690857,-0.055941689759492874,0.6717614531517029,0.534166693687439,-0.06256582587957382,0.6762135028839111,0.5033349394798279,-0.06739344447851181
4,0.6018136739730835,0.7495058178901672,2.6296680744053447e-07,0.5651776790618896,0.7232794761657715,-0.016022298485040665,0.5375659465789795,0.6706162691116333,-0.026452241465449333,0.5540570616722107,0.6292656064033508,-0.035943079739809036,0.5857144594192505,0.6197102069854736,-0.046184759587049484,0.5490920543670654,0.5671988725662231,-0.01889048144221306,0.5293000340461731,0.5008398294448853,-0.03270434960722923,0.5168257355690002,0.45878976583480835,-0.04406994208693504,0.5075358748435974,0.4208189845085144,-0.05333332717418671,0.576596736907959,0.5528242588043213,-0.022628115490078926,0.5679280161857605,0.4686893820762634,-0.03391783684492111,0.5626399517059326,0.4154345393180847,-0.044080451130867004,0.5584367513656616,0.3685934245586395,-0.051958486437797546,0.6034661531448364,0.5631771683692932,-0.028515126556158066,0.6044765710830688,0.4818199872970581,-0.040744803845882416,0.6025550961494446,0.4305107593536377,-0.050963323563337326,0.5997918844223022,0.3845071792602539,-0.05845102667808533,0.6290381550788879,0.5908417105674744,-0.0359528586268425,0.6375865936279297,0.5320272445678711,-0.047056540846824646,0.6406636238098145,0.4911545515060425,-0.052467260509729385,0.6417638659477234,0.4530447721481323,-0.05661293864250183
4,0.606914222240448,0.7303051352500916,2.510740841898951e-07,0.5693467259407043,0.7071813344955444,-0.013490946963429451,0.5388720035552979,0.6535912752151489,-0.021681824699044228,0.5421697497367859,0.6036349534988403,-0.029303910210728645,0.5656337141990662,0.6001010537147522,-0.03753232583403587,0.5518596768379211,0.5474973917007446,-0.014332713559269905,0.5321424007415771,0.4789724349975586,-0.024853868409991264,0.5200598835945129,0.4354454278945923,-0.03406992927193642,0.5115732550621033,0.39685940742492676,-0.04209472984075546,0.5786336660385132,0.5317334532737732,-0.01857609674334526,0.5681164860725403,0.4479617476463318,-0.027521464973688126,0.5618768930435181,0.3966280519962311,-0.03592973202466965,0.5571365356445312,0.3526265621185303,-0.04255249351263046,0.6064980626106262,0.5372046828269958,-0.024699833244085312,0.6047437787055969,0.45559069514274597,-0.03482774272561073,0.6025258898735046,0.4047679305076599,-0.04331209883093834,0.6000155210494995,0.36082255840301514,-0.04961837828159332,0.6341436505317688,0.5591270327568054,-0.03223823383450508,0.6396557688713074,0.4948079586029053,-0.040948182344436646,0.6423259973526001,0.4517846703529358,-0.04498429223895073,0.6437957882881165,0.41183191537857056,-0.04825691878795624
4,0.6069290041923523,0.7428535223007202,2.253193969181666e-07,0.5719656944274902,0.6999430060386658,-0.00945900660008192,0.5517668724060059,0.6310786008834839,-0.016703279688954353,0.5538504719734192,0.5835443735122681,-0.02452761121094227,0.5676593780517578,0.5930145978927612,-0.033490367233753204,0.5731559991836548,0.5406755208969116,-0.011059424839913845,0.5613518953323364,0.4685872495174408,-0.022216998040676117,0.5526741743087769,0.4245033264160156,-0.031962089240550995,0.5456997752189636,0.38471466302871704,-0.04052751883864403,0.5978962182998657,0.5395404100418091,-0.01841645874083042,0.595928430557251,0.45407646894454956,-0.029303448274731636,0.5928905010223389,0.39845138788223267,-0.03983427956700325,0.5892703533172607,0.35054993629455566,-0.047879014164209366,0.6206090450286865,0.5597240328788757,-0.027344705536961555,0.6251100897789001,0.48033636808395386,-0.03933074697852135,0.6261743307113647,0.4286813735961914,-0.04975707456469536,0.6250377893447876,0.3824506998062134,-0.057327575981616974,0.6406657695770264,0.5947973132133484,-0.03721586987376213,0.6512168049812317,0.5365592241287231,-0.04770903289318085,0.656018853187561,0.49482429027557373,-0.05341174826025963,0.6579872369766235,0.4555182456970215,-0.058021094650030136
4,0.6171044707298279,0.7557889819145203,2.3613048938386783e-07,0.5817217826843262,0.7288853526115417,-0.013174963183701038,0.5545263886451721,0.673640787601471,-0.021224334836006165,0.5590484142303467,0.6248483657836914,-0.02866767719388008,0.5799120664596558,0.6174740195274353,-0.03687253221869469,0.5707985162734985,0.5743622183799744,-0.015427765436470509,0.5541425347328186,0.5048976540565491,-0.02668175660073757,0.5445871353149414,0.46028953790664673,-0.036154765635728836,0.5384410619735718,0.4202907085418701,-0.044144753366708755,0.5984103679656982,0.5627108216285706,-0.01986703835427761,0.5921741127967834,0.4785062372684479,-0.02980797365307808,0.5884464979171753,0.42661428451538086,-0.03904549404978752,0.5857522487640381,0.3819197416305542,-0.046160988509655,0.625721275806427,0.5715621113777161,-0.026019955053925514,0.627474308013916,0.49093061685562134,-0.03727303445339203,0.6274610757827759,0.43896692991256714,-0.04642098769545555,0.6264101266860962,0.39271992444992065,-0.053103700280189514,0.6515384912490845,0.5964967608451843,-0.03335986286401749,0.6590621471405029,0.5336112976074219,-0.043114516884088516,0.66322261095047,0.4911339282989502,-0.04747159034013748,0.6657989621162415,0.45136451721191406,-0.05089777708053589
4,0.6761811375617981,0.7212620377540588,2.4880574756025453e-07,0.6417715549468994,0.6961358785629272,-0.01580781489610672,0.6195237636566162,0.6399164795875549,-0.024595731869339943,0.6379503011703491,0.5966726541519165,-0.03245650976896286,0.6666660904884338,0.5865870118141174,-0.04085825756192207,0.638117790222168,0.5457090735435486,-0.015047145076096058,0.6305500268936157,0.4808293581008911,-0.02630704827606678,0.626790463924408,0.438157320022583,-0.03632253780961037,0.6255108118057251,0.4002450108528137,-0.044864997267723083,0.6636766791343689,0.5305734276771545,-0.01756269484758377,0.6636828184127808,0.44916683435440063,-0.02699967473745346,0.6636556386947632,0.39873236417770386,-0.03632105141878128,0.6641849279403687,0.354886531829834,-0.04379648715257645,0.6875757575035095,0.5365160703659058,-0.022233523428440094,0.6922867894172668,0.45446449518203735,-0.03280144929885864,0.6949466466903687,0.40593230724334717,-0.04174663871526718,0.6971417665481567,0.3625311851501465,-0.048510145395994186,0.7107117176055908,0.5585640668869019,-0.028556132689118385,0.7205602526664734,0.499289333820343,-0.03830508142709732,0.7265139222145081,0.4603211581707001,-0.043195925652980804,0.731203019618988,0.4239708185195923,-0.0470891073346138
4,0.6507598161697388,0.7355732917785645,2.0883769025203947e-07,0.6170099973678589,0.7099951505661011,-0.013606471940875053,0.591541588306427,0.6555987000465393,-0.02155200019478798,0.5986619591712952,0.6079722046852112,-0.02885342761874199,0.6220948100090027,0.5965023040771484,-0.03672562912106514,0.6116464138031006,0.5631576180458069,-0.013738058507442474,0.5977657437324524,0.49936643242836,-0.02504126913845539,0.5891019701957703,0.4577507972717285,-0.034906480461359024,0.583738386631012,0.42043352127075195,-0.04316766932606697,0.6378054022789001,0.5513996481895447,-0.017365803942084312,0.6341412663459778,0.4716448485851288,-0.02694912999868393,0.6312125325202942,0.42229777574539185,-0.03598719835281372,0.6293138265609741,0.37883421778678894,-0.04299592226743698,0.662787914276123,0.5598698258399963,-0.022919675335288048,0.6658732891082764,0.48169100284576416,-0.033851318061351776,0.6667719483375549,0.4340020418167114,-0.04231990873813629,0.6667575836181641,0.3912527859210968,-0.04856978356838226,0.6862538456916809,0.5844274163246155,-0.029805714264512062,0.6953426599502563,0.5277363657951355,-0.039578720927238464,0.7001473903656006,0.4895282983779907,-0.04395006224513054,0.7031479477882385,0.45302918553352356,-0.04733018949627876
4,0.6365116834640503,0.7614835500717163,2.1209854139669915e-07,0.6024917960166931,0.7294840812683105,-0.01193267572671175,0.5786089897155762,0.669494092464447,-0.01877644658088684,0.5838378071784973,0.6182482838630676,-0.02542603388428688,0.603935718536377,0.613290011882782,-0.03264092653989792,0.5976783633232117,0.5705338716506958,-0.009989664889872074,0.5843496322631836,0.5023878812789917,-0.020011242479085922,0.5756754279136658,0.4578168988227844,-0.02935357764363289,0.5698977112770081,0.4181860685348511,-0.037425775080919266,0.6241331100463867,0.5616992712020874,-0.014662165194749832,0.6207668781280518,0.4787658154964447,-0.022806188091635704,0.6178295612335205,0.42663899064064026,-0.031335532665252686,0.6156607270240784,0.38188299536705017,-0.03808404505252838,0.6497715711593628,0.5740118622779846,-0.021241923794150352,0.652321994304657,0.4949581027030945,-0.03056229278445244,0.6524441838264465,0.4454243779182434,-0.038659725338220596,0.6516259908676147,0.40156954526901245,-0.04484691843390465,0.6737849116325378,0.6032910346984863,-0.02920045517385006,0.6817491054534912,0.5453733205795288,-0.037512458860874176,0.6852696537971497,0.5056819319725037,-0.041281089186668396,0.6869966983795166,0.46820056438446045,-0.04436967149376869
4,0.652365505695343,0.7233437299728394,2.1506767211576516e-07,0.6146963834762573,0.694693386554718,-0.012819531373679638,0.5891626477241516,0.6285293102264404,-0.01851487159729004,0.5979233980178833,0.5629122853279114,-0.023860080167651176,0.6258181929588318,0.5453925728797913,-0.029476258903741837,0.60638427734375,0.5356115698814392,-0.007998727262020111,0.5927886962890625,0.46214115619659424,-0.01676654815673828,0.5843613743782043,0.416923850774765,-0.024936089292168617,0.57929927110672,0.37679794430732727,-0.03212980926036835,0.6329271197319031,0.5226230621337891,-0.011289278045296669,0.6277678608894348,0.4363185167312622,-0.01863281801342964,0.6236862540245056,0.38361579179763794,-0.02654297463595867,0.6207585334777832,0.3376799523830414,-0.032781705260276794,0.6591305136680603,0.5286627411842346,-0.01672072894871235,0.6596141457557678,0.44711703062057495,-0.025603437796235085,0.6581621170043945,0.3969247341156006,-0.03332125023007393,0.655942440032959,0.35251015424728394,-0.039084307849407196,0.6845676898956299,0.5490862727165222,-0.023701103404164314,0.6898142099380493,0.4857749342918396,-0.03169109672307968,0.6924075484275818,0.4441206753253937,-0.03546677902340889,0.6936245560646057,0.4048861265182495,-0.038478534668684006
4,0.6543108224868774,0.7227687239646912,2.1688502727101877e-07,0.6173838376998901,0.6988996267318726,-0.016605380922555923,0.5959036946296692,0.6495233178138733,-0.026138007640838623,0.6204241514205933,0.6102197766304016,-0.0347672700881958,0.6524018049240112,0.5997005105018616,-0.04397065192461014,0.6144318580627441,0.5536495447158813,-0.01418161578476429,0.6073327660560608,0.49562782049179077,-0.02597874402999878,0.6029451489448547,0.4571579098701477,-0.03728080168366432,0.6002637147903442,0.42232006788253784,-0.046899259090423584,0.6403685808181763,0.5331450700759888,-0.016885388642549515,0.639376163482666,0.4514666199684143,-0.02679581753909588,0.6379268765449524,0.39833319187164307,-0.037142734974622726,0.6370550394058228,0.3512347340583801,-0.045724786818027496,0.6646645665168762,0.536127507686615,-0.021997302770614624,0.6696397066116333,0.4529739022254944,-0.03305943310260773,0.6716997027397156,0.40234845876693726,-0.04297822713851929,0.6730740666389465,0.3552340865135193,-0.050580039620399475,0.6888941526412964,0.5567827224731445,-0.028893718495965004,0.6978614926338196,0.49364423751831055,-0.039121370762586594,0.7025262117385864,0.45140546560287476,-0.04443385452032089,0.7055082321166992,0.41128164529800415,-0.04881475493311882
4,0.6568863987922668,0.7191430330276489,2.6028379807030433e-07,0.620175302028656,0.702203631401062,-0.01712806709110737,0.5957461595535278,0.6561501622200012,-0.027036311104893684,0.6171579360961914,0.6163821220397949,-0.03543591871857643,0.6485200524330139,0.6049931645393372,-0.044712867587804794,0.6112328171730042,0.5617908835411072,-0.018919263035058975,0.6005072593688965,0.5032933950424194,-0.03152088820934296,0.5942808389663696,0.46474766731262207,-0.042806174606084824,0.5900190472602844,0.4298838973045349,-0.052065011113882065,0.6374887824058533,0.5399405360221863,-0.021010175347328186,0.6341137290000916,0.45790350437164307,-0.031347405165433884,0.6311476230621338,0.4053015112876892,-0.04164890572428703,0.6288293600082397,0.35877084732055664,-0.05003615841269493,0.6627137064933777,0.5412502884864807,-0.025174135342240334,0.6648465991020203,0.45783278346061707,-0.036545269191265106,0.6653030514717102,0.4064792990684509,-0.04696199297904968,0.6654388904571533,0.3612014055252075,-0.05472199618816376,0.6879372596740723,0.5594909191131592,-0.03088207170367241,0.6960494518280029,0.49516624212265015,-0.04129692167043686,0.7006762027740479,0.4531565308570862,-0.04681452363729477,0.7035196423530579,0.41522812843322754,-0.05116657912731171
4,0.6491422653198242,0.7429479956626892,2.206068785426396e-07,0.615319013595581,0.7049626708030701,-0.013134133070707321,0.595649242401123,0.643826961517334,-0.02073410339653492,0.6094839572906494,0.5958373546600342,-0.028020767495036125,0.6328965425491333,0.5815880298614502,-0.03600505366921425,0.6183485388755798,0.5450009107589722,-0.01203450933098793,0.6080889701843262,0.46952593326568604,-0.023228352889418602,0.6017365455627441,0.4214105010032654,-0.03325539827346802,0.5981840491294861,0.37901926040649414,-0.041505906730890274,0.6460323929786682,0.5384899973869324,-0.016308443620800972,0.6457787156105042,0.4512309432029724,-0.025826774537563324,0.6447145938873291,0.39617064595222473,-0.035854361951351166,0.6444804668426514,0.34872329235076904,-0.043592363595962524,0.6712125539779663,0.5523889064788818,-0.022537849843502045,0.678492546081543,0.4725055694580078,-0.03311298042535782,0.6817548871040344,0.4223414659500122,-0.04227751865983009,0.6837102770805359,0.377535343170166,-0.04909757897257805,0.6941683888435364,0.5818385481834412,-0.030177554115653038,0.7058550715446472,0.5220345854759216,-0.039432454854249954,0.7118419408798218,0.48275887966156006,-0.04357504844665527,0.71595698595047,0.445045530796051,-0.046785105019807816
4,0.6566504240036011,0.7740846872329712,2.436153465623647e-07,0.6230999827384949,0.7314085364341736,-0.01344552543014288,0.6033163666725159,0.6679711937904358,-0.022265400737524033,0.6218226552009583,0.6272264122962952,-0.03077547252178192,0.6510200500488281,0.6276105642318726,-0.0401591956615448,0.6282891035079956,0.5703835487365723,-0.014139705337584019,0.6179421544075012,0.49411267042160034,-0.026256276294589043,0.6121346354484558,0.4459523558616638,-0.03668450191617012,0.6092827320098877,0.40371328592300415,-0.0452209934592247,0.6562182307243347,0.5653277635574341,-0.018429959192872047,0.6566498875617981,0.4775049090385437,-0.02883920446038246,0.656840443611145,0.4224260449409485,-0.03870024159550667,0.6578313708305359,0.37519538402557373,-0.046175383031368256,0.6810564398765564,0.5816554427146912,-0.02469785138964653,0.6889360547065735,0.5010969638824463,-0.03581111505627632,0.6931413412094116,0.45055508613586426,-0.04529506713151932,0.696084201335907,0.4062030613422394,-0.052099164575338364,0.7035379409790039,0.6136525869369507,-0.03239285200834274,0.716438353061676,0.5529161691665649,-0.0418536551296711,0.7232961654663086,0.5121397376060486,-0.04636276140809059,0.727961003780365,0.4737050235271454,-0.04980620741844177
4,0.6545498967170715,0.7593170404434204,2.785182857678592e-07,0.6221174597740173,0.7193532586097717,-0.014947090297937393,0.6019973754882812,0.660866916179657,-0.02565203420817852,0.617721676826477,0.6337777376174927,-0.03528435155749321,0.6424602270126343,0.6499447822570801,-0.04605033993721008,0.6294133067131042,0.5736246109008789,-0.021390605717897415,0.6196651458740234,0.501270055770874,-0.03432014212012291,0.6144142150878906,0.455072283744812,-0.044558051973581314,0.6119908690452576,0.41404885053634644,-0.05319230258464813,0.6578781008720398,0.5717378854751587,-0.02545495517551899,0.660707950592041,0.48855531215667725,-0.036517370492219925,0.6621058583259583,0.43492984771728516,-0.046526286751031876,0.6635358333587646,0.3878709673881531,-0.05455796793103218,0.6821260452270508,0.591803789138794,-0.03111303225159645,0.6937326788902283,0.5172987580299377,-0.04311858117580414,0.7005929946899414,0.4692532420158386,-0.0530998520553112,0.7056212425231934,0.42673730850219727,-0.06056401878595352,0.7023715376853943,0.627017080783844,-0.038048725575208664,0.7187016606330872,0.5743538737297058,-0.04888322204351425,0.7288514971733093,0.5377038717269897,-0.05386408418416977,0.7366657853126526,0.5026418566703796,-0.05787603184580803
4,0.6579381823539734,0.7410405874252319,3.1410007750309887e-07,0.6242486834526062,0.7129199504852295,-0.014095052145421505,0.6038224101066589,0.6677082180976868,-0.025435741990804672,0.6186939477920532,0.6534882187843323,-0.035575054585933685,0.6446995735168457,0.6676410436630249,-0.047325294464826584,0.629020094871521,0.5841408371925354,-0.02473868615925312,0.6195282936096191,0.5232253670692444,-0.03724642097949982,0.6145110130310059,0.48279914259910583,-0.04691169783473015,0.6111809611320496,0.4449225962162018,-0.0553940124809742,0.6590417623519897,0.5796518325805664,-0.029195835813879967,0.662116289138794,0.5054966807365417,-0.04016070440411568,0.6640481948852539,0.45716625452041626,-0.05034355819225311,0.6647641658782959,0.4132798910140991,-0.05870852991938591,0.6842969059944153,0.5987322330474854,-0.034764502197504044,0.6977745294570923,0.5288832187652588,-0.048124853521585464,0.7054449915885925,0.4834616482257843,-0.059500936418771744,0.7099162936210632,0.4430396556854248,-0.06781242787837982,0.7044131755828857,0.633351743221283,-0.0409550778567791,0.7241029739379883,0.5881741046905518,-0.054294127970933914,0.7358881235122681,0.557418942451477,-0.06065015122294426,0.7439696192741394,0.5272922515869141,-0.06534390896558762
4,0.6454248428344727,0.725126326084137,2.4069805704129976e-07,0.6103893518447876,0.6907861232757568,-0.011475482024252415,0.5868741869926453,0.6328014135360718,-0.0190206840634346,0.596504271030426,0.5901132225990295,-0.026536496356129646,0.6189217567443848,0.5937000513076782,-0.03511914238333702,0.6053416728973389,0.5375139117240906,-0.011939040385186672,0.5907220840454102,0.4692428708076477,-0.022750195115804672,0.5817625522613525,0.4258410334587097,-0.03243036940693855,0.5757855772972107,0.3876582086086273,-0.04052555188536644,0.6313931345939636,0.528264582157135,-0.016936438158154488,0.6272619366645813,0.44485169649124146,-0.02618652954697609,0.6236990094184875,0.39215749502182007,-0.03548608720302582,0.6209380626678467,0.3474586009979248,-0.04260946065187454,0.6564267873764038,0.5400896668434143,-0.023665083572268486,0.6597522497177124,0.4625910818576813,-0.033619385212659836,0.6601234674453735,0.41448771953582764,-0.04248562082648277,0.6593593955039978,0.3730502128601074,-0.04896629974246025,0.6797603964805603,0.5682429075241089,-0.031650178134441376,0.6885743737220764,0.5097312927246094,-0.039869021624326706,0.6926300525665283,0.47043025493621826,-0.043594274669885635,0.694753110408783,0.4341537356376648,-0.046632036566734314
4,0.6432912349700928,0.7274737358093262,1.8636571041952266e-07,0.6088890433311462,0.694011390209198,-0.009810752235352993,0.5866314768791199,0.6352748274803162,-0.016578981652855873,0.5898295044898987,0.5848178863525391,-0.02375953458249569,0.6073522567749023,0.5862663984298706,-0.03179522603750229,0.6059780716896057,0.5357524752616882,-0.008192845620214939,0.5917128324508667,0.46783390641212463,-0.018148016184568405,0.5820526480674744,0.42557743191719055,-0.0273846834897995,0.5749459266662598,0.38825851678848267,-0.035388462245464325,0.6291916370391846,0.5294243097305298,-0.014107604511082172,0.6235551238059998,0.44741761684417725,-0.023081433027982712,0.61929851770401,0.39661505818367004,-0.0319305919110775,0.6156284213066101,0.35369402170181274,-0.0387907512485981,0.6516273021697998,0.5428062677383423,-0.02182077430188656,0.6523798704147339,0.4663178324699402,-0.03177940100431442,0.6515567898750305,0.418157160282135,-0.040099918842315674,0.6498515009880066,0.37665891647338867,-0.04629586637020111,0.6726229786872864,0.5714488625526428,-0.030755190178751945,0.6785649657249451,0.5137930512428284,-0.039163120090961456,0.6809484958648682,0.4736582338809967,-0.043313249945640564,0.6818618774414062,0.4365995228290558,-0.04678517207503319
4,0.6618101000785828,0.7513664960861206,2.2456545423210628e-07,0.6257680654525757,0.719557523727417,-0.012935832142829895,0.6013315320014954,0.6633358001708984,-0.0211930014193058,0.6140047907829285,0.6198549270629883,-0.02907218039035797,0.6398850083351135,0.6166706681251526,-0.03783643618226051,0.6191705465316772,0.5681029558181763,-0.01387664582580328,0.6043993234634399,0.49914759397506714,-0.025356732308864594,0.5952102541923523,0.4550933241844177,-0.03535890579223633,0.5891025066375732,0.4162760376930237,-0.04365241155028343,0.6454983353614807,0.5560110211372375,-0.01800798997282982,0.6403956413269043,0.4727778136730194,-0.027566218748688698,0.6361949443817139,0.4214191436767578,-0.036793872714042664,0.6329532861709595,0.37759798765182495,-0.043861132115125656,0.6707282066345215,0.5650704503059387,-0.02394796721637249,0.6727463603019714,0.4856811463832855,-0.03411122038960457,0.6722172498703003,0.43729549646377563,-0.04264264926314354,0.6707159280776978,0.39530420303344727,-0.048921264708042145,0.6950173377990723,0.5904168486595154,-0.03127293661236763,0.7032684683799744,0.5308786034584045,-0.03992820531129837,0.7065948247909546,0.4919881224632263,-0.04357171803712845,0.7078875303268433,0.45641496777534485,-0.0464198924601078
4,0.6813592910766602,0.7179182767868042,2.1029072172495944e-07,0.6501033902168274,0.6808362603187561,-0.01383247785270214,0.632759690284729,0.6201263070106506,-0.021632419899106026,0.6517559289932251,0.5732359290122986,-0.028723767027258873,0.6804491281509399,0.5612916350364685,-0.03624942526221275,0.6460641026496887,0.5412333011627197,-0.012907014228403568,0.6357436180114746,0.47437527775764465,-0.02375609800219536,0.6293380260467529,0.4312165677547455,-0.03310656175017357,0.6255348324775696,0.3923100233078003,-0.04083454981446266,0.6711294651031494,0.5319322347640991,-0.01571870967745781,0.6695611476898193,0.45483559370040894,-0.02483873814344406,0.667752206325531,0.40545928478240967,-0.033692918717861176,0.6666813492774963,0.36153173446655273,-0.04058511182665825,0.6944566369056702,0.5419681668281555,-0.02044582925736904,0.6983311772346497,0.46763309836387634,-0.030361639335751534,0.6999337077140808,0.4224779009819031,-0.03830057010054588,0.7005084156990051,0.3816436529159546,-0.044066328555345535,0.7162465453147888,0.5658259391784668,-0.026684220880270004,0.7233713269233704,0.5085693001747131,-0.03558362275362015,0.7269404530525208,0.4707275927066803,-0.039564941078424454,0.7290406227111816,0.43583786487579346,-0.04253477603197098
4,0.6693695783615112,0.7112264633178711,1.9042920484935166e-07,0.6397648453712463,0.6815783977508545,-0.011855757795274258,0.6208447217941284,0.6254845261573792,-0.017436973750591278,0.6398195028305054,0.575279176235199,-0.02248426340520382,0.6664869785308838,0.5538869500160217,-0.028046727180480957,0.6193398833274841,0.5487672686576843,-0.00898178480565548,0.6014538407325745,0.4874095022678375,-0.01716667041182518,0.5907418131828308,0.449283242225647,-0.02474512718617916,0.5827791690826416,0.41536128520965576,-0.03133191913366318,0.6426092982292175,0.5327892303466797,-0.011528031900525093,0.6336740255355835,0.4583304524421692,-0.01811102032661438,0.6276358366012573,0.4118894338607788,-0.025870973244309425,0.62249755859375,0.3725045323371887,-0.03212112560868263,0.6653254628181458,0.5366454124450684,-0.015919815748929977,0.6623517870903015,0.4664916396141052,-0.023743975907564163,0.6592604517936707,0.4233991801738739,-0.03180228918790817,0.6553524136543274,0.3851469159126282,-0.03791557624936104,0.6872023940086365,0.5539910793304443,-0.021603578701615334,0.6884518265724182,0.4982795715332031,-0.029045801609754562,0.6880465149879456,0.46242785453796387,-0.0328679122030735,0.6865413188934326,0.430083692073822,-0.03600471839308739
4,0.6832006573677063,0.7259515523910522,2.47785209239737e-07,0.6584994792938232,0.6965216398239136,-0.017501400783658028,0.6476229429244995,0.6539924740791321,-0.028814667835831642,0.6690504550933838,0.616882860660553,-0.038808323442935944,0.693943440914154,0.5970046520233154,-0.048847049474716187,0.6476931571960449,0.5707627534866333,-0.018690094351768494,0.6341990828514099,0.5074411630630493,-0.03206222876906395,0.6268262267112732,0.46514126658439636,-0.042650818824768066,0.6223716139793396,0.4273165464401245,-0.05083746463060379,0.6722228527069092,0.5561710000038147,-0.02025086060166359,0.6700348258018494,0.48104047775268555,-0.03168633580207825,0.6691568493843079,0.4326333701610565,-0.04145359620451927,0.6683295369148254,0.38848406076431274,-0.048727668821811676,0.69573974609375,0.5627771019935608,-0.023881519213318825,0.700077474117279,0.4902658760547638,-0.03634605184197426,0.7033552527427673,0.44779881834983826,-0.04456719011068344,0.7049878835678101,0.4080538749694824,-0.05014372989535332,0.7183565497398376,0.584099531173706,-0.02914552576839924,0.7292566895484924,0.530863881111145,-0.03993641212582588,0.7360458970069885,0.4969542920589447,-0.04402927681803703,0.7402806282043457,0.46417108178138733,-0.0467163547873497
4,0.6866008043289185,0.7018150687217712,2.8972090149181895e-07,0.6507930159568787,0.6719509363174438,-0.017059918493032455,0.6320297718048096,0.6124221682548523,-0.026750365272164345,0.6561627984046936,0.5635121464729309,-0.03510531038045883,0.6860611438751221,0.5415266752243042,-0.04386626556515694,0.6324583888053894,0.5127018094062805,-0.017169218510389328,0.6125680208206177,0.44032374024391174,-0.029690971598029137,0.6010874509811401,0.3929465413093567,-0.040129534900188446,0.5929598808288574,0.35125815868377686,-0.0485573373734951,0.6611032485961914,0.49631011486053467,-0.01980569213628769,0.6522148251533508,0.4093396067619324,-0.030248619616031647,0.6467936635017395,0.353929728269577,-0.04016418755054474,0.6423560976982117,0.3060733675956726,-0.0477735735476017,0.6888214945793152,0.5035071969032288,-0.024748841300606728,0.688518762588501,0.41967642307281494,-0.036932602524757385,0.6880086660385132,0.36713311076164246,-0.046933554112911224,0.6865022778511047,0.3193225860595703,-0.053993452340364456,0.7155330777168274,0.5265192985534668,-0.03128839284181595,0.7225360870361328,0.4600808918476105,-0.04275110736489296,0.7262798547744751,0.4191173017024994,-0.04771944507956505,0.7275806069374084,0.38078612089157104,-0.05120323598384857
4,0.6597719788551331,0.5974650382995605,2.657104687386891e-07,0.6205117702484131,0.556443989276886,-0.013760223984718323,0.5981482267379761,0.4857454299926758,-0.021503621712327003,0.6227661371231079,0.43473273515701294,-0.02932783216238022,0.6559621691703796,0.4180871248245239,-0.038186248391866684,0.6077880859375,0.3818650245666504,-0.01219961792230606,0.5849934816360474,0.30277395248413086,-0.024629348888993263,0.5722112059593201,0.251636803150177,-0.03519626334309578,0.5636835098266602,0.2063344419002533,-0.043885789811611176,0.637700080871582,0.3664640188217163,-0.017240269109606743,0.6290867328643799,0.2701111435890198,-0.027801910415291786,0.6230028867721558,0.20905394852161407,-0.038149040192365646,0.6185430884361267,0.1577610969543457,-0.04597495123744011,0.6664795875549316,0.37617766857147217,-0.024672050029039383,0.6674832105636597,0.2850226163864136,-0.03696148097515106,0.6658112406730652,0.2297000139951706,-0.04737749695777893,0.6633269190788269,0.18014031648635864,-0.05478402599692345,0.6938502192497253,0.40315330028533936,-0.0336468480527401,0.7033002972602844,0.3336855173110962,-0.044618722051382065,0.7076445817947388,0.2874339818954468,-0.04963698238134384,0.7097411155700684,0.24371547996997833,-0.05348603427410126
4,0.650305449962616,0.6147410869598389,1.7367307236781926e-07,0.611757755279541,0.5743366479873657,-0.010595187544822693,0.5885341763496399,0.5088385343551636,-0.017425909638404846,0.6038490533828735,0.45746493339538574,-0.025202197954058647,0.6315397620201111,0.4376062750816345,-0.03371889516711235,0.6031205654144287,0.39422687888145447,-0.0050920601934194565,0.5830366611480713,0.3198511004447937,-0.016228239983320236,0.5697930455207825,0.2750827968120575,-0.02699233405292034,0.5601586103439331,0.23496894538402557,-0.036074522882699966,0.6262171268463135,0.38399964570999146,-0.01129199005663395,0.6170204281806946,0.2936115860939026,-0.021026110276579857,0.6098915934562683,0.23842677474021912,-0.031371742486953735,0.6049765348434448,0.1921522170305252,-0.03938537463545799,0.648664116859436,0.39646780490875244,-0.019994210451841354,0.6456096172332764,0.31054115295410156,-0.030378172174096107,0.6405848860740662,0.25987714529037476,-0.0396643728017807,0.6358974575996399,0.2159060388803482,-0.04669152572751045,0.6698368191719055,0.4269675314426422,-0.030279742553830147,0.6703511476516724,0.36165499687194824,-0.039579764008522034,0.6677194237709045,0.31905949115753174,-0.04454008862376213,0.6645840406417847,0.28006911277770996,-0.04858282580971718
4,0.6973276734352112,0.6184166669845581,2.9651147315234994e-07,0.6621876955032349,0.5879611968994141,-0.02164742536842823,0.644694983959198,0.5327779054641724,-0.0335216149687767,0.6692585349082947,0.4741508662700653,-0.04373450204730034,0.6975319385528564,0.4394248425960541,-0.05394154042005539,0.6338237524032593,0.4259958863258362,-0.019033988937735558,0.6135210990905762,0.3468779921531677,-0.03355541080236435,0.6008443236351013,0.29658594727516174,-0.045680101960897446,0.5911619067192078,0.25140899419784546,-0.055416256189346313,0.6624385118484497,0.3991975784301758,-0.020712489262223244,0.6507849097251892,0.3030245304107666,-0.032104168087244034,0.6438176035881042,0.2429816722869873,-0.04385395720601082,0.6369678378105164,0.1894194334745407,-0.05309399589896202,0.6911530494689941,0.3997417986392975,-0.025167394429445267,0.6881105303764343,0.30857616662979126,-0.03784424066543579,0.6865662932395935,0.25383150577545166,-0.04825210198760033,0.6825470924377441,0.2023906409740448,-0.056019704788923264,0.7202734351158142,0.41972631216049194,-0.031846921890974045,0.7258410453796387,0.35172757506370544,-0.04306470602750778,0.729176938533783,0.3090164065361023,-0.04766429588198662,0.730139970779419,0.2677711248397827,-0.05121976509690285
4,0.7085902690887451,0.6218716502189636,3.124188765468716e-07,0.6799833178520203,0.6000217199325562,-0.03165208548307419,0.6671078205108643,0.5524542331695557,-0.04932482913136482,0.6905328631401062,0.49903613328933716,-0.06330137699842453,0.7184150218963623,0.4618789851665497,-0.07634138315916061,0.6661239266395569,0.4273837208747864,-0.028949419036507607,0.6571479439735413,0.3477030396461487,-0.04599845036864281,0.6530581712722778,0.2962648272514343,-0.06045348197221756,0.6510459780693054,0.251187801361084,-0.0716014951467514,0.6914961338043213,0.40383586287498474,-0.025380704551935196,0.6879294514656067,0.30854693055152893,-0.03862829506397247,0.6869211196899414,0.25090134143829346,-0.05049050971865654,0.6858959794044495,0.19886010885238647,-0.05989664047956467,0.7151435017585754,0.40517646074295044,-0.025296343490481377,0.7141687870025635,0.31355756521224976,-0.03815316781401634,0.713301956653595,0.2611500322818756,-0.04755975306034088,0.7117233872413635,0.21196702122688293,-0.05491358041763306,0.7387019991874695,0.42608842253685,-0.028446340933442116,0.7440197467803955,0.3583294153213501,-0.03920068219304085,0.7479274868965149,0.31767261028289795,-0.044439978897571564,0.7504797577857971,0.27918750047683716,-0.04858094081282616
4,0.6872592568397522,0.6295124888420105,3.3295910384367744e-07,0.6528447866439819,0.6031172871589661,-0.022868448868393898,0.6349518299102783,0.5472628474235535,-0.03572424501180649,0.6554662585258484,0.4939728081226349,-0.046588800847530365,0.6812664270401001,0.4626355469226837,-0.05717894434928894,0.6278923749923706,0.4331706166267395,-0.020194683223962784,0.6109321713447571,0.35626739263534546,-0.03518472611904144,0.6016404628753662,0.3049905300140381,-0.047857608646154404,0.5954639911651611,0.2590203285217285,-0.058042291551828384,0.6563870906829834,0.4117240309715271,-0.021416926756501198,0.6492770314216614,0.3189855217933655,-0.03430376946926117,0.645936906337738,0.26055577397346497,-0.04659360647201538,0.6430483460426331,0.20589080452919006,-0.05596096068620682,0.6841391921043396,0.415803998708725,-0.02557757869362831,0.6821949481964111,0.32561540603637695,-0.040107373148202896,0.6820258498191833,0.2721322774887085,-0.05132778361439705,0.680474579334259,0.2206205129623413,-0.05933007225394249,0.7118979096412659,0.43823766708374023,-0.0319739431142807,0.7184740304946899,0.37110403180122375,-0.04540131986141205,0.7222394943237305,0.32881295680999756,-0.05183017626404762,0.723637580871582,0.286504864692688,-0.05644148588180542
4,0.6660330891609192,0.6407347917556763,2.934873748472455e-07,0.6284663081169128,0.611083447933197,-0.01599271595478058,0.6065301299095154,0.5469022989273071,-0.024990113452076912,0.6303710341453552,0.4963456392288208,-0.033439960330724716,0.6615005135536194,0.47520890831947327,-0.042819928377866745,0.6088762879371643,0.4457954466342926,-0.015983883291482925,0.5883722305297852,0.3715442419052124,-0.029042923822999,0.5765280723571777,0.32209789752960205,-0.0397648885846138,0.568129301071167,0.2773759961128235,-0.048619095236063004,0.6374260783195496,0.42738574743270874,-0.019845210015773773,0.6282210350036621,0.33374980092048645,-0.03087969496846199,0.6235286593437195,0.2749814987182617,-0.04164872318506241,0.6199386119842529,0.22328126430511475,-0.05007411539554596,0.6649755835533142,0.4337729811668396,-0.026007888838648796,0.6633359789848328,0.34542316198349,-0.038809530436992645,0.6614534258842468,0.29210853576660156,-0.04997596889734268,0.6584063172340393,0.24356628954410553,-0.058117885142564774,0.6914407014846802,0.45675626397132874,-0.03376201167702675,0.6980884671211243,0.38918882608413696,-0.04512092098593712,0.7016491293907166,0.3464408218860626,-0.05073992535471916,0.7025282979011536,0.306558221578598,-0.055263977497816086
4,0.6546453833580017,0.6766189932823181,2.0625107310934254e-07,0.6164183616638184,0.6439329385757446,-0.013780619949102402,0.5936157703399658,0.5749239325523376,-0.020274825394153595,0.6166774034500122,0.5199541449546814,-0.026714496314525604,0.6502322554588318,0.50613933801651,-0.034018803387880325,0.6021395325660706,0.46877947449684143,-0.008924908004701138,0.5817335844039917,0.3959786593914032,-0.01933623105287552,0.5698051452636719,0.3485622704029083,-0.02895677462220192,0.5613164901733398,0.30805522203445435,-0.037209849804639816,0.6298947334289551,0.4536159634590149,-0.013220518827438354,0.6212877631187439,0.36299413442611694,-0.022484200075268745,0.615341305732727,0.30672192573547363,-0.03184869885444641,0.6108394265174866,0.2614041566848755,-0.03890075162053108,0.6563239693641663,0.46314120292663574,-0.020071720704436302,0.6553032398223877,0.3775745928287506,-0.031161008402705193,0.6516767740249634,0.32493364810943604,-0.04114409163594246,0.6478980183601379,0.2781727910041809,-0.048235420137643814,0.681439995765686,0.48901036381721497,-0.02856411412358284,0.6863765120506287,0.42079418897628784,-0.038462087512016296,0.6879991292953491,0.37646183371543884,-0.043492935597896576,0.688351035118103,0.33539605140686035,-0.04745765030384064
4,0.6853387355804443,0.7217966318130493,2.4309525770149776e-07,0.6500312089920044,0.6847267746925354,-0.013581491075456142,0.6330739259719849,0.6092190742492676,-0.017940782010555267,0.6566656231880188,0.5530879497528076,-0.022067170590162277,0.68784099817276,0.5409994721412659,-0.026704061776399612,0.6350927352905273,0.5347598791122437,-0.006877491716295481,0.6164243221282959,0.45764100551605225,-0.01527342014014721,0.6051323413848877,0.4082222580909729,-0.022636378183960915,0.5968446731567383,0.36585137248039246,-0.028979498893022537,0.6610512733459473,0.5156466960906982,-0.009174760431051254,0.6524420976638794,0.42512109875679016,-0.01593068055808544,0.645994246006012,0.3673594295978546,-0.02340862527489662,0.6409160494804382,0.32095110416412354,-0.029044855386018753,0.6875848174095154,0.5180153250694275,-0.013869881629943848,0.6848859190940857,0.4358777105808258,-0.021782752126455307,0.6818837523460388,0.3835456967353821,-0.030043233186006546,0.678754985332489,0.3385183811187744,-0.036035556346178055,0.7135227918624878,0.532900869846344,-0.020315606147050858,0.7181570529937744,0.4689340591430664,-0.026854582130908966,0.7208940982818604,0.4272899925708771,-0.030046816915273666,0.7226893901824951,0.390316903591156,-0.03280939534306526
4,0.6805224418640137,0.77560955286026,2.995240322434256e-07,0.6493066549301147,0.7408542037010193,-0.018842322751879692,0.6340954303741455,0.6890859603881836,-0.031709425151348114,0.6586809754371643,0.6546787023544312,-0.04328808933496475,0.6877415776252747,0.6385550498962402,-0.05531572550535202,0.6442405581474304,0.58225017786026,-0.022408733144402504,0.630183219909668,0.5056471824645996,-0.03823982924222946,0.6229156255722046,0.45460399985313416,-0.050963763147592545,0.6184936165809631,0.4081861972808838,-0.061062995344400406,0.6740254163742065,0.5714287757873535,-0.025671808049082756,0.6744197607040405,0.4817652106285095,-0.03928990662097931,0.6764031648635864,0.4235820770263672,-0.05139601230621338,0.6785711050033569,0.37066584825515747,-0.06080063059926033,0.701021671295166,0.5859293341636658,-0.03114946000277996,0.7114631533622742,0.5006971955299377,-0.04611623287200928,0.7189261317253113,0.44806092977523804,-0.05687059089541435,0.7243380546569824,0.3993857502937317,-0.06459993869066238,0.7254883646965027,0.61748206615448,-0.038295090198516846,0.7413742542266846,0.5572643876075745,-0.051870621740818024,0.7513866424560547,0.5176699161529541,-0.057406459003686905,0.7586561441421509,0.47890836000442505,-0.061412617564201355
4,0.6703065037727356,0.8053804039955139,3.345879520111339e-07,0.6380196809768677,0.7759307026863098,-0.019525857642292976,0.6208010315895081,0.7284623980522156,-0.03312141075730324,0.6432358026504517,0.6965931057929993,-0.04494606330990791,0.6715397238731384,0.6812938451766968,-0.05720265209674835,0.6323992013931274,0.6228916645050049,-0.02564920485019684,0.6179749965667725,0.5498805642127991,-0.04138536751270294,0.6105453968048096,0.5015151500701904,-0.05364678055047989,0.6059460043907166,0.45724374055862427,-0.06345955282449722,0.6625164151191711,0.6120790243148804,-0.02841261401772499,0.6627229452133179,0.5258005261421204,-0.04165605828166008,0.6640294790267944,0.471108078956604,-0.05302978679537773,0.6648606061935425,0.4208845794200897,-0.062008991837501526,0.6895000338554382,0.6264600157737732,-0.033271703869104385,0.7000299692153931,0.5440069437026978,-0.04796658083796501,0.7066128253936768,0.49415045976638794,-0.0583985410630703,0.71084064245224,0.4482221007347107,-0.06599684059619904,0.7140718698501587,0.6577040553092957,-0.039681512862443924,0.7309583425521851,0.6000619530677795,-0.05338157340884209,0.7409408092498779,0.5619860291481018,-0.05908645689487457,0.7479332685470581,0.5243468880653381,-0.06316526979207993
4,0.6617802977561951,0.7362460494041443,2.5143023663076747e-07,0.6295943260192871,0.7006799578666687,-0.01384024042636156,0.6117847561836243,0.6326109170913696,-0.020416252315044403,0.6362788677215576,0.58528071641922,-0.02652287483215332,0.6671705842018127,0.5709373354911804,-0.03335997462272644,0.6201092600822449,0.5412067174911499,-0.01202387548983097,0.6044477820396423,0.4680192768573761,-0.022490505129098892,0.5956282019615173,0.42004916071891785,-0.031423650681972504,0.5898971557617188,0.3783067762851715,-0.038886863738298416,0.6475121974945068,0.5289766788482666,-0.015250461176037788,0.6434648036956787,0.4414339065551758,-0.023921925574541092,0.6407315135002136,0.3853539526462555,-0.03263342007994652,0.6386690735816956,0.3384193778038025,-0.03937281295657158,0.6729358434677124,0.5395360589027405,-0.020660942420363426,0.6765320897102356,0.4585423767566681,-0.030895600095391273,0.6773479580879211,0.4087579846382141,-0.039968401193618774,0.6768822073936462,0.36418840289115906,-0.04649832099676132,0.696256697177887,0.5649972558021545,-0.02758370339870453,0.7059625387191772,0.5025174021720886,-0.036706216633319855,0.7109870314598083,0.46226072311401367,-0.04096198454499245,0.7135834097862244,0.42461735010147095,-0.0443134680390358
4,0.6468529105186462,0.751150369644165,2.0726339755583467e-07,0.6152920722961426,0.7136727571487427,-0.011152578517794609,0.5980015397071838,0.6451824903488159,-0.01759151928126812,0.6178888082504272,0.6007466912269592,-0.024065397679805756,0.6476768255233765,0.5974602699279785,-0.031439777463674545,0.6163307428359985,0.5494973063468933,-0.01020975224673748,0.6063207387924194,0.47635072469711304,-0.019904015585780144,0.6000092029571533,0.4305307865142822,-0.028595782816410065,0.5959940552711487,0.39113032817840576,-0.03610930219292641,0.6403859257698059,0.5445209741592407,-0.014660886488854885,0.6417321562767029,0.45832762122154236,-0.022919949144124985,0.6409295797348022,0.4059830904006958,-0.031038591638207436,0.6401928067207336,0.36329832673072815,-0.03744295611977577,0.6613945960998535,0.5595011711120605,-0.021007200703024864,0.6680288910865784,0.4797613024711609,-0.02984647825360298,0.6693258881568909,0.43009305000305176,-0.03822176158428192,0.6692574620246887,0.3877110481262207,-0.04469233378767967,0.6794676184654236,0.58948814868927,-0.02873050421476364,0.6892992854118347,0.5304916501045227,-0.036658234894275665,0.6932229995727539,0.4897115230560303,-0.04106762632727623,0.6952638626098633,0.45343270897865295,-0.044873811304569244
4,0.6678129434585571,0.7845636606216431,2.6359523985775013e-07,0.6367102265357971,0.7491874694824219,-0.015250432305037975,0.6212477087974548,0.6957953572273254,-0.02528085559606552,0.6445357799530029,0.6565232872962952,-0.034539658576250076,0.6728124022483826,0.6404196619987488,-0.044331107288599014,0.6280574202537537,0.5953571200370789,-0.016195982694625854,0.6130077242851257,0.5217698812484741,-0.029295766726136208,0.6046591997146606,0.4736214280128479,-0.040212422609329224,0.5997546911239624,0.4319162368774414,-0.04871872812509537,0.6562985181808472,0.5837081074714661,-0.019518688321113586,0.654695987701416,0.49553507566452026,-0.030009951442480087,0.6536692380905151,0.4400824010372162,-0.04004403576254845,0.6534168124198914,0.39203476905822754,-0.04776040092110634,0.6823301315307617,0.5949632525444031,-0.024864573031663895,0.6892827153205872,0.5112106204032898,-0.03604777902364731,0.692104697227478,0.4621468186378479,-0.0447201170027256,0.6932826638221741,0.41820162534713745,-0.05110473185777664,0.7063490748405457,0.622376561164856,-0.031767915934324265,0.7181894779205322,0.5614026784896851,-0.04130764678120613,0.7241138219833374,0.5228554010391235,-0.04471889138221741,0.7273681163787842,0.48631659150123596,-0.04731382802128792
4,0.701539933681488,0.7490394711494446,2.6749330572783947e-07,0.6767619252204895,0.717261552810669,-0.022584665566682816,0.667456328868866,0.6700741052627563,-0.03607098385691643,0.6911945343017578,0.6294990181922913,-0.047324009239673615,0.7176939249038696,0.6059655547142029,-0.05814778804779053,0.676893949508667,0.5660920143127441,-0.02210160903632641,0.6692437529563904,0.49241089820861816,-0.037077851593494415,0.6659114956855774,0.4439445436000824,-0.04934154078364372,0.6653410792350769,0.40201258659362793,-0.05879376456141472,0.7026453018188477,0.5546237826347351,-0.021938590332865715,0.706020176410675,0.47035732865333557,-0.034209851175546646,0.7099016904830933,0.41780394315719604,-0.04504299536347389,0.7140939235687256,0.3710996210575104,-0.053290918469429016,0.725287139415741,0.5655906200408936,-0.024414626881480217,0.7326242327690125,0.4873272776603699,-0.03687877580523491,0.7382630109786987,0.44042325019836426,-0.04578549414873123,0.7427635192871094,0.39621156454086304,-0.05237152427434921,0.7462055087089539,0.5930464267730713,-0.02914327383041382,0.7581429481506348,0.5376418232917786,-0.03992186486721039,0.7658533453941345,0.5026096701622009,-0.04482359066605568,0.771819531917572,0.4677453935146332,-0.04843786731362343
4,0.6562460064888,0.774091362953186,2.5957905336326803e-07,0.6251981854438782,0.7424890995025635,-0.015864746645092964,0.608466625213623,0.6916301250457764,-0.02611708454787731,0.6293570399284363,0.6556369662284851,-0.03543359041213989,0.6561204791069031,0.6377582550048828,-0.04510946944355965,0.6195385456085205,0.5898454189300537,-0.01696222834289074,0.6071741580963135,0.5172396898269653,-0.030282506719231606,0.6011959314346313,0.46950286626815796,-0.04120618849992752,0.5978003144264221,0.4269847869873047,-0.04997004568576813,0.6474382877349854,0.5788017511367798,-0.020196905359625816,0.6471400856971741,0.49473440647125244,-0.03117690421640873,0.6480823159217834,0.4416014552116394,-0.041234876960515976,0.6490344405174255,0.39460140466690063,-0.04919448867440224,0.6729698181152344,0.5906975865364075,-0.025631478056311607,0.6813973784446716,0.5104658007621765,-0.03802931681275368,0.6859695911407471,0.4613519012928009,-0.04744298383593559,0.6886803507804871,0.4162396192550659,-0.05447046831250191,0.6967461705207825,0.6184794902801514,-0.03257300332188606,0.7112722396850586,0.5618976354598999,-0.04400427266955376,0.7190734148025513,0.5243629813194275,-0.04897832125425339,0.7239646315574646,0.4876498579978943,-0.05273780971765518
4,0.6456013321876526,0.7314239740371704,2.251457118518374e-07,0.6127080917358398,0.6976330876350403,-0.013404782861471176,0.5938903093338013,0.6354339718818665,-0.02018442563712597,0.6144338846206665,0.5871484279632568,-0.0265269186347723,0.6443163156509399,0.5740658044815063,-0.03349093720316887,0.6038283705711365,0.547808051109314,-0.011221344582736492,0.5891422033309937,0.47630125284194946,-0.02148417755961418,0.5807831287384033,0.4306088089942932,-0.030355095863342285,0.5753245949745178,0.39039456844329834,-0.03763537481427193,0.6300456523895264,0.5356175899505615,-0.01427115872502327,0.6248757243156433,0.45098286867141724,-0.02266908995807171,0.6206640005111694,0.3968837857246399,-0.031024616211652756,0.6173065900802612,0.3513774275779724,-0.03744697570800781,0.6551638841629028,0.5439534187316895,-0.019410375505685806,0.6568493843078613,0.4656182527542114,-0.028788210824131966,0.6566050052642822,0.4173145294189453,-0.03695331886410713,0.6553430557250977,0.37459129095077515,-0.04280026629567146,0.6790313124656677,0.5660766363143921,-0.026083605363965034,0.6854469180107117,0.5046111345291138,-0.03414822742342949,0.6885721683502197,0.4646574854850769,-0.037696413695812225,0.6900714635848999,0.4281616508960724,-0.0404653325676918
4,0.6459181308746338,0.735153079032898,2.4739551918173674e-07,0.612957239151001,0.7025649547576904,-0.014233319088816643,0.5924522876739502,0.6492410898208618,-0.02379554696381092,0.6123660802841187,0.6073993444442749,-0.032741133123636246,0.641457736492157,0.5912466049194336,-0.042421262711286545,0.6023406386375427,0.5544906854629517,-0.016608480364084244,0.5861397981643677,0.4829700291156769,-0.029545601457357407,0.5774210095405579,0.43676885962486267,-0.03998371586203575,0.5723923444747925,0.3963961601257324,-0.04815155267715454,0.6296510100364685,0.5426302552223206,-0.020446373149752617,0.6240565776824951,0.45551598072052,-0.031037047505378723,0.6202195286750793,0.4008892774581909,-0.04097301885485649,0.6177204847335815,0.3538196086883545,-0.048588138073682785,0.6554766893386841,0.5525004863739014,-0.026160405948758125,0.6591826677322388,0.4706486463546753,-0.0376259982585907,0.6596070528030396,0.4215320944786072,-0.046830445528030396,0.6590853929519653,0.37809649109840393,-0.05353759974241257,0.6800737380981445,0.5774974822998047,-0.0332554392516613,0.690011739730835,0.5166370868682861,-0.04317646473646164,0.695026159286499,0.47756698727607727,-0.047232698649168015,0.6978634595870972,0.4409690797328949,-0.050330862402915955
4,0.6456813812255859,0.7494511008262634,2.668683407591743e-07,0.6149351596832275,0.7184227705001831,-0.01612045057117939,0.5952059626579285,0.6689838171005249,-0.02732040360569954,0.6129226684570312,0.6350231170654297,-0.03738327696919441,0.6400614380836487,0.6225196719169617,-0.04786595329642296,0.6122059226036072,0.5717511773109436,-0.020416004583239555,0.5982692241668701,0.5024464726448059,-0.034354742616415024,0.5910314321517944,0.45757049322128296,-0.04510170593857765,0.5865973234176636,0.4164780378341675,-0.05373474955558777,0.6390509605407715,0.5645879507064819,-0.0239822119474411,0.6359333992004395,0.4819084405899048,-0.03576650097966194,0.6337538361549377,0.42932069301605225,-0.04565897211432457,0.6319658160209656,0.38202208280563354,-0.05325285345315933,0.663683295249939,0.5807960629463196,-0.029533563181757927,0.6696773171424866,0.5045825242996216,-0.042705778032541275,0.6725645065307617,0.4565788805484772,-0.05190015211701393,0.6741001009941101,0.412342369556427,-0.058469537645578384,0.6861310005187988,0.6123525500297546,-0.036482617259025574,0.6995173096656799,0.5586348176002502,-0.04847147315740585,0.7076752185821533,0.5230240225791931,-0.0532926507294178,0.7132644653320312,0.4880785048007965,-0.056728776544332504
4,0.6395782828330994,0.7369365096092224,1.8430773707223125e-07,0.6062743067741394,0.7064104080200195,-0.009158673696219921,0.5845957398414612,0.652077317237854,-0.016287609934806824,0.5932959914207458,0.6074989438056946,-0.024084458127617836,0.615928053855896,0.5912204384803772,-0.03266214579343796,0.5962762236595154,0.5535596609115601,-0.009397957473993301,0.5788401961326599,0.48904818296432495,-0.02029724419116974,0.5662581324577332,0.45169714093208313,-0.02970237098634243,0.5561309456825256,0.41868335008621216,-0.0374031662940979,0.6157975792884827,0.5465113520622253,-0.01525147259235382,0.6071283221244812,0.46405425667762756,-0.025059079751372337,0.5998139977455139,0.4152168333530426,-0.03425370901823044,0.5937531590461731,0.37468087673187256,-0.04110134020447731,0.6349634528160095,0.5588241815567017,-0.022837145254015923,0.6315249800682068,0.480553537607193,-0.0330982506275177,0.6265363097190857,0.43324095010757446,-0.04208990931510925,0.6213980913162231,0.39288076758384705,-0.04870541766285896,0.6530548334121704,0.5863522291183472,-0.031524013727903366,0.6563661098480225,0.5294167399406433,-0.04070344194769859,0.6552266478538513,0.4898969531059265,-0.045877937227487564,0.6527610421180725,0.4547339081764221,-0.049923013895750046
4,0.699442446231842,0.7375931143760681,2.441373112560541e-07,0.6725113391876221,0.7050790786743164,-0.017964588478207588,0.6600430607795715,0.652437150478363,-0.028174851089715958,0.6823856234550476,0.6104686260223389,-0.036979351192712784,0.7090055346488953,0.5929702520370483,-0.04564977064728737,0.6630134582519531,0.5596413016319275,-0.01627141609787941,0.6506859064102173,0.4921189844608307,-0.028721943497657776,0.6440474390983582,0.4477546811103821,-0.03927689790725708,0.6398170590400696,0.40774115920066833,-0.04771919921040535,0.6883324384689331,0.5458482503890991,-0.01757289469242096,0.6858015060424805,0.466320663690567,-0.027994634583592415,0.6850910186767578,0.4154964089393616,-0.037314798682928085,0.6847026348114014,0.3688954710960388,-0.044404953718185425,0.7124201655387878,0.5529441833496094,-0.021216820925474167,0.7145646810531616,0.47644275426864624,-0.03198353946208954,0.71687912940979,0.43192213773727417,-0.03942744806408882,0.7179104089736938,0.3899887204170227,-0.044742535799741745,0.73553866147995,0.5749168992042542,-0.026868660002946854,0.7433714270591736,0.5176805853843689,-0.035786643624305725,0.7484589219093323,0.48171183466911316,-0.03908652067184448,0.7520503997802734,0.4474659562110901,-0.04155857861042023
4,0.6927654147148132,0.7281656265258789,2.3264978210590925e-07,0.66561359167099,0.6950840950012207,-0.01501814741641283,0.6527405977249146,0.6410472393035889,-0.023977303877472878,0.6743050217628479,0.6000370979309082,-0.03217388316988945,0.7004592418670654,0.581412136554718,-0.040634624660015106,0.6564691662788391,0.5520458221435547,-0.013789373449981213,0.6447339653968811,0.4843321144580841,-0.025649486109614372,0.6390442252159119,0.440634161233902,-0.03575163707137108,0.6359241008758545,0.40133246779441833,-0.04385654628276825,0.681585431098938,0.5387764573097229,-0.016475019976496696,0.6797853708267212,0.45729318261146545,-0.026126030832529068,0.679969310760498,0.40633425116539,-0.03528377041220665,0.6808302402496338,0.36101454496383667,-0.04245266690850258,0.7054309248924255,0.5465832948684692,-0.021274428814649582,0.7086384892463684,0.4689362347126007,-0.03167484700679779,0.711270272731781,0.42384564876556396,-0.03940104693174362,0.7128992080688477,0.38217592239379883,-0.0451485849916935,0.728431761264801,0.5689908266067505,-0.0277529489248991,0.7368500828742981,0.5115748643875122,-0.03674475476145744,0.7423055171966553,0.47569555044174194,-0.04017842561006546,0.7462182641029358,0.44182339310646057,-0.04288219287991524
4,0.6525536775588989,0.7039035558700562,2.3809413107755972e-07,0.6202080249786377,0.6737257242202759,-0.013939366675913334,0.6008464097976685,0.6171281337738037,-0.02124900370836258,0.6195554733276367,0.5678017735481262,-0.027799906209111214,0.648360550403595,0.5511491894721985,-0.0348956324160099,0.6067801713943481,0.5386281609535217,-0.013368253596127033,0.5907997488975525,0.4711780846118927,-0.023648735135793686,0.5813916325569153,0.4278757870197296,-0.03209861367940903,0.5750742554664612,0.38951224088668823,-0.03899744525551796,0.6312024593353271,0.5248974561691284,-0.015610508620738983,0.6244716048240662,0.4452500641345978,-0.024088749662041664,0.6197918653488159,0.3944138288497925,-0.03217550739645958,0.6162087321281433,0.35099172592163086,-0.03840650990605354,0.6551816463470459,0.5293886065483093,-0.019776780158281326,0.6540043354034424,0.45475026965141296,-0.028968006372451782,0.6522262096405029,0.40839633345603943,-0.036791667342185974,0.6498008966445923,0.36746159195899963,-0.0423940010368824,0.678676187992096,0.5459221601486206,-0.025452468544244766,0.6829946637153625,0.48660269379615784,-0.03342931345105171,0.6848971247673035,0.4476139545440674,-0.03702573478221893,0.6855688095092773,0.41244611144065857,-0.03978872299194336
4,0.6499996781349182,0.6968254446983337,2.0489197538609005e-07,0.6174501180648804,0.6653136014938354,-0.011664108373224735,0.5980499982833862,0.603895366191864,-0.015782272443175316,0.6153342723846436,0.5476048588752747,-0.019577741622924805,0.6420990824699402,0.5254366993904114,-0.02364451065659523,0.603122353553772,0.5289928317070007,-0.004840082488954067,0.586523711681366,0.4642603397369385,-0.011549778282642365,0.5769646763801575,0.4238423705101013,-0.018284989520907402,0.5703800916671753,0.38790783286094666,-0.02417437545955181,0.626909613609314,0.5143467783927917,-0.006855362560600042,0.6195226907730103,0.4379265010356903,-0.011824561282992363,0.6145994663238525,0.3892843723297119,-0.018494732677936554,0.6111100316047668,0.3488425612449646,-0.02378397062420845,0.6505573987960815,0.517614483833313,-0.011002768762409687,0.6483330726623535,0.44689124822616577,-0.017139002680778503,0.645969569683075,0.4032718539237976,-0.023993808776140213,0.6430381536483765,0.3651543855667114,-0.02918572723865509,0.6737295389175415,0.532746434211731,-0.01665736362338066,0.6764429211616516,0.47684577107429504,-0.02226666733622551,0.6771082878112793,0.4402404725551605,-0.025017686188220978,0.6768237352371216,0.40673261880874634,-0.02731521800160408
4,0.656592071056366,0.7503593564033508,2.0900095876186242e-07,0.6264652013778687,0.7178580164909363,-0.014118846505880356,0.6088942885398865,0.6646513342857361,-0.02277112938463688,0.6288256049156189,0.6237888336181641,-0.03055078536272049,0.6554107069969177,0.6069438457489014,-0.03895187750458717,0.620591938495636,0.5766887068748474,-0.015327430330216885,0.6080776453018188,0.5088075399398804,-0.027261879295110703,0.6009681820869446,0.4645000696182251,-0.0372474230825901,0.5966211557388306,0.4261931777000427,-0.0452544167637825,0.6467447876930237,0.5668011903762817,-0.01836903765797615,0.6437942981719971,0.4869763255119324,-0.028129110112786293,0.6416639685630798,0.43621158599853516,-0.03766882047057152,0.6402609348297119,0.39191269874572754,-0.04514193534851074,0.6711509823799133,0.5775641798973083,-0.02327655628323555,0.6756040453910828,0.5019416809082031,-0.03393135592341423,0.676749587059021,0.45513617992401123,-0.04274921119213104,0.6770775318145752,0.41296011209487915,-0.049393508583307266,0.6940591931343079,0.6027451753616333,-0.02956017106771469,0.7041484713554382,0.5471464395523071,-0.03935691714286804,0.7090957164764404,0.510074257850647,-0.0437319353222847,0.7122331261634827,0.4747782051563263,-0.04709150642156601
4,0.6877046823501587,0.813348114490509,3.0558427965843293e-07,0.6502956748008728,0.7720084190368652,-0.019450832158327103,0.6281890869140625,0.695713222026825,-0.030308347195386887,0.6551499366760254,0.6420968770980835,-0.03958714380860329,0.6934522390365601,0.6296544671058655,-0.04948320984840393,0.6433777213096619,0.5865921974182129,-0.02103588543832302,0.6301131248474121,0.49855557084083557,-0.034927383065223694,0.6223023533821106,0.4429206848144531,-0.046584438532590866,0.6176632046699524,0.39469271898269653,-0.05621527135372162,0.6760062575340271,0.577106773853302,-0.023356899619102478,0.6738021373748779,0.47645485401153564,-0.034961193799972534,0.6713355779647827,0.41369402408599854,-0.04586800932884216,0.6696451306343079,0.3607468605041504,-0.05442410707473755,0.7057415246963501,0.5910893678665161,-0.02810187265276909,0.7108373641967773,0.496923565864563,-0.040208593010902405,0.7117182612419128,0.4392911195755005,-0.05065342038869858,0.7111204266548157,0.3881521224975586,-0.0584176667034626,0.7332286834716797,0.6220166683197021,-0.034832026809453964,0.7433863878250122,0.5481114387512207,-0.046067625284194946,0.7480054497718811,0.49974262714385986,-0.051759280264377594,0.7504952549934387,0.45512068271636963,-0.05610052868723869
4,0.659476101398468,0.7281137704849243,2.3337165089287737e-07,0.6184026002883911,0.685853898525238,-0.015440107323229313,0.5917475819587708,0.6061242818832397,-0.02346840873360634,0.6112377643585205,0.5407483577728271,-0.03130744770169258,0.6457701921463013,0.5208263397216797,-0.03989619016647339,0.6136223077774048,0.48275935649871826,-0.011620729230344296,0.5951736569404602,0.3924422860145569,-0.024052118882536888,0.5839203000068665,0.3347049951553345,-0.035302940756082535,0.5767989158630371,0.2844664752483368,-0.044826917350292206,0.6466375589370728,0.47020477056503296,-0.016482234001159668,0.6414727568626404,0.36302870512008667,-0.02726234681904316,0.6377760171890259,0.2957051694393158,-0.038255129009485245,0.6359208226203918,0.24054372310638428,-0.04666994884610176,0.6769970059394836,0.48384878039360046,-0.024002697318792343,0.678837239742279,0.38631266355514526,-0.036300450563430786,0.6776427626609802,0.32370585203170776,-0.047400254756212234,0.6761033535003662,0.2690628468990326,-0.05564994737505913,0.7053101062774658,0.5156374573707581,-0.03330594301223755,0.7119084596633911,0.4402458071708679,-0.044376190751791,0.7140331864356995,0.39144930243492126,-0.049891114234924316,0.7146092653274536,0.347272127866745,-0.05428672954440117
4,0.5963426828384399,0.6962385177612305,2.1082833256969025e-07,0.5536245703697205,0.6604986190795898,-0.014844486489892006,0.5216974020004272,0.58339524269104,-0.02389618009328842,0.5288354158401489,0.5101765394210815,-0.03324699401855469,0.5597615838050842,0.48501697182655334,-0.04275209829211235,0.5393530130386353,0.44945576786994934,-0.009224941022694111,0.5205840468406677,0.3603701889514923,-0.021746691316366196,0.5074692964553833,0.30702388286590576,-0.03344164043664932,0.4984857141971588,0.2610601782798767,-0.04344401881098747,0.5689133405685425,0.4364089071750641,-0.014747556298971176,0.5602421164512634,0.3280603587627411,-0.02548964135348797,0.5534349083900452,0.26443958282470703,-0.036478638648986816,0.5489356517791748,0.2110568881034851,-0.04504621773958206,0.5981497764587402,0.4473983645439148,-0.023007720708847046,0.5928276181221008,0.3440152704715729,-0.03431902825832367,0.5865952968597412,0.28403303027153015,-0.04379211738705635,0.5810514688491821,0.23301590979099274,-0.05123770236968994,0.6265069842338562,0.47760009765625,-0.03324927017092705,0.6254155039787292,0.4012688994407654,-0.04340800270438194,0.6209539175033569,0.3507590889930725,-0.04869566112756729,0.616050124168396,0.30665966868400574,-0.05309139937162399
4,0.6548218727111816,0.7024873495101929,3.2456264875690977e-07,0.6118274927139282,0.6638653874397278,-0.021458031609654427,0.58518385887146,0.5867477059364319,-0.03307443857192993,0.611510157585144,0.5212633013725281,-0.04351557418704033,0.6489696502685547,0.49424585700035095,-0.054329123347997665,0.5967392325401306,0.45373183488845825,-0.018948175013065338,0.5770767331123352,0.3614450693130493,-0.03457159176468849,0.5658986568450928,0.3012416362762451,-0.04794229194521904,0.5584079623222351,0.2472882717847824,-0.058876313269138336,0.6322544813156128,0.43674296140670776,-0.022276436910033226,0.6258206367492676,0.32562345266342163,-0.0345817394554615,0.622414767742157,0.2564854919910431,-0.046127062290906906,0.6205003261566162,0.19661059975624084,-0.05515817925333977,0.6658585667610168,0.44933241605758667,-0.028817208483815193,0.6681464910507202,0.3475877642631531,-0.042582109570503235,0.6681517362594604,0.284144788980484,-0.05347314104437828,0.6676137447357178,0.22672384977340698,-0.06162060797214508,0.6977774500846863,0.48172494769096375,-0.03779342398047447,0.708342432975769,0.40518397092819214,-0.04998556524515152,0.714053750038147,0.3561743497848511,-0.055069033056497574,0.7176203727722168,0.3101375699043274,-0.05910089984536171
4,0.6925584673881531,0.6867657899856567,3.551461134065903e-07,0.6536171436309814,0.6468548774719238,-0.025837745517492294,0.6343433856964111,0.5746309757232666,-0.03975750133395195,0.6635202169418335,0.5130388736724854,-0.051369957625865936,0.6972814202308655,0.4790768623352051,-0.06241298094391823,0.6353315114974976,0.4445362985134125,-0.022760353982448578,0.6193829774856567,0.3493861258029938,-0.0385613739490509,0.6099931001663208,0.2889559268951416,-0.05179913341999054,0.6033240556716919,0.23516066372394562,-0.06247755140066147,0.6682695746421814,0.42467963695526123,-0.023292267695069313,0.6631950736045837,0.31339317560195923,-0.03563159704208374,0.6605896353721619,0.2458222657442093,-0.047246869653463364,0.6585037112236023,0.18349754810333252,-0.0563398115336895,0.700041651725769,0.4329158663749695,-0.027095330879092216,0.6997947096824646,0.3290329873561859,-0.040116265416145325,0.7003877758979797,0.26837360858917236,-0.05014773830771446,0.7001346349716187,0.21189221739768982,-0.05782826617360115,0.731420636177063,0.4616803526878357,-0.03381079062819481,0.7405270338058472,0.38468828797340393,-0.04506056010723114,0.7463516592979431,0.3369643986225128,-0.049885157495737076,0.7507678270339966,0.29133445024490356,-0.053818780928850174
4,0.6799352169036865,0.674877405166626,2.9792096256642253e-07,0.6401381492614746,0.6345256567001343,-0.019942834973335266,0.6192908883094788,0.559382975101471,-0.03065495565533638,0.6454987525939941,0.5003189444541931,-0.04049044847488403,0.6786067485809326,0.47350868582725525,-0.05066431313753128,0.6261125802993774,0.4357367753982544,-0.016084594652056694,0.6077970862388611,0.34311091899871826,-0.030833838507533073,0.5979836583137512,0.2844986915588379,-0.04345801845192909,0.5914829969406128,0.23349598050117493,-0.053617678582668304,0.6596316695213318,0.418771892786026,-0.01957697607576847,0.6546072363853455,0.31056147813796997,-0.031560830771923065,0.6514270305633545,0.24450454115867615,-0.04330505430698395,0.6492056846618652,0.18668287992477417,-0.05239132419228554,0.6913031339645386,0.42939165234565735,-0.026128727942705154,0.6950101256370544,0.3279045820236206,-0.03940330818295479,0.6957560181617737,0.2675318717956543,-0.04996350407600403,0.6954570412635803,0.21218672394752502,-0.05784006416797638,0.7213344573974609,0.459219753742218,-0.03495383635163307,0.7319480776786804,0.38402318954467773,-0.04657954350113869,0.7371299266815186,0.3355894684791565,-0.051547545939683914,0.7402350306510925,0.28934890031814575,-0.055525004863739014
4,0.6452527046203613,0.6601935625076294,2.9536784040828934e-07,0.605573832988739,0.6217411756515503,-0.01727357506752014,0.5804185271263123,0.5439517498016357,-0.025964798405766487,0.6018868684768677,0.48252469301223755,-0.0340539775788784,0.636691153049469,0.46299102902412415,-0.04281575605273247,0.5920543074607849,0.43122461438179016,-0.014855490997433662,0.5744320750236511,0.34367236495018005,-0.028053443878889084,0.5646193623542786,0.2874053716659546,-0.03909026458859444,0.5586252212524414,0.23836065828800201,-0.048056814819574356,0.6254729628562927,0.4181632995605469,-0.018535561859607697,0.6203312873840332,0.31533485651016235,-0.029695970937609673,0.6170087456703186,0.24981580674648285,-0.040535517036914825,0.6149905920028687,0.19407373666763306,-0.04879164323210716,0.6569030284881592,0.4288782477378845,-0.024901211261749268,0.6592455506324768,0.3338274359703064,-0.03768311068415642,0.6585689783096313,0.2747333347797394,-0.04876783490180969,0.6569741368293762,0.22233179211616516,-0.0566362701356411,0.6864672303199768,0.4562572240829468,-0.03311987593770027,0.6955068707466125,0.38257914781570435,-0.04454292729496956,0.6995624303817749,0.33299577236175537,-0.05028534680604935,0.7017909288406372,0.2870470881462097,-0.05464543029665947
4,0.6373142004013062,0.6076070070266724,2.4043151825026143e-07,0.5954434871673584,0.5675007700920105,-0.014188765548169613,0.5728461146354675,0.48485904932022095,-0.019361218437552452,0.5955308675765991,0.41347676515579224,-0.024282306432724,0.6297176480293274,0.3911651372909546,-0.029677066951990128,0.5849588513374329,0.39951086044311523,-0.00840495340526104,0.5664453506469727,0.31599903106689453,-0.018441854044795036,0.5548846125602722,0.2616150379180908,-0.027436140924692154,0.5473936200141907,0.21474358439445496,-0.035070326179265976,0.6144196391105652,0.3822686970233917,-0.011292182840406895,0.6055236458778381,0.28577297925949097,-0.01958598755300045,0.5989600419998169,0.22291143238544464,-0.02828097902238369,0.5945846438407898,0.17266929149627686,-0.034846384078264236,0.643388032913208,0.386803537607193,-0.016681529581546783,0.6410027146339417,0.2955459952354431,-0.02625066600739956,0.6372222900390625,0.23826639354228973,-0.03521788865327835,0.6336987614631653,0.1918279230594635,-0.041528720408678055,0.6717272400856018,0.40603142976760864,-0.023837853223085403,0.6772788166999817,0.3320852518081665,-0.03246508166193962,0.6785467267036438,0.28289639949798584,-0.037106387317180634,0.6785501837730408,0.24083977937698364,-0.04052514210343361
4,0.6487364172935486,0.6612265110015869,3.469701539415837e-07,0.6086576581001282,0.6231335997581482,-0.020793380215764046,0.584865152835846,0.5650982856750488,-0.0347185917198658,0.6111120581626892,0.5242497324943542,-0.04722866043448448,0.64625483751297,0.5069817900657654,-0.06032760441303253,0.6012241840362549,0.4453689754009247,-0.024375244975090027,0.5826410055160522,0.3636723756790161,-0.04154392331838608,0.5728185176849365,0.3095635771751404,-0.05542561411857605,0.5666574239730835,0.25942152738571167,-0.06653937697410583,0.6360752582550049,0.43208205699920654,-0.028135931119322777,0.6338933110237122,0.33242812752723694,-0.042062051594257355,0.6330832839012146,0.26828300952911377,-0.05493851751089096,0.6328937411308289,0.2095431238412857,-0.06505089998245239,0.6681000590324402,0.4472377300262451,-0.03450123593211174,0.677477240562439,0.3546344041824341,-0.05009830743074417,0.6811160445213318,0.2958524227142334,-0.06190607324242592,0.6828306317329407,0.24199411273002625,-0.07053039968013763,0.6980553269386292,0.48156028985977173,-0.042754657566547394,0.7154042720794678,0.41600942611694336,-0.05671878531575203,0.7249652147293091,0.37251776456832886,-0.06220579892396927,0.7312995195388794,0.3306766748428345,-0.06630396842956543
4,0.6451752781867981,0.6989775896072388,3.4495187151151185e-07,0.6059005260467529,0.6726857423782349,-0.02002311497926712,0.5818595886230469,0.6254876852035522,-0.03465317189693451,0.6098434329032898,0.6003260016441345,-0.047360338270664215,0.6472923159599304,0.5920077562332153,-0.06134229898452759,0.5959108471870422,0.5258830189704895,-0.03455505520105362,0.5771825313568115,0.45452409982681274,-0.052832406014204025,0.5656529068946838,0.40848368406295776,-0.06616824120283127,0.55631422996521,0.3642754554748535,-0.07723227143287659,0.6300772428512573,0.5114638209342957,-0.038344867527484894,0.6264299750328064,0.42651963233947754,-0.053874384611845016,0.6255081295967102,0.3706829845905304,-0.06700675189495087,0.6241399049758911,0.31847310066223145,-0.07785401493310928,0.6610371470451355,0.5261353850364685,-0.04383023455739021,0.6713953614234924,0.44596007466316223,-0.06230451166629791,0.677126407623291,0.39325863122940063,-0.07679993659257889,0.6798933744430542,0.34442055225372314,-0.08742105960845947,0.6890026926994324,0.5597706437110901,-0.05039828643202782,0.7104440927505493,0.5074508190155029,-0.06966683268547058,0.7229392528533936,0.4699495732784271,-0.07947583496570587,0.7314895987510681,0.43208539485931396,-0.08642272651195526
4,0.6291835308074951,0.6886585354804993,2.860401764337439e-07,0.5912237763404846,0.6581588983535767,-0.016448907554149628,0.5664752721786499,0.5998066067695618,-0.027004148811101913,0.5889782905578613,0.5520093441009521,-0.03680350258946419,0.6219348907470703,0.5342345237731934,-0.04743164777755737,0.577811598777771,0.4884425401687622,-0.0186708215624094,0.5576997399330139,0.4131641983985901,-0.0328763946890831,0.5462377071380615,0.36433303356170654,-0.044611092656850815,0.5385344624519348,0.32015278935432434,-0.05415860190987587,0.6075398325920105,0.4735549986362457,-0.02283741906285286,0.5994949340820312,0.3799949884414673,-0.03474638983607292,0.5945472121238708,0.32175514101982117,-0.045578133314847946,0.591273307800293,0.27063870429992676,-0.05392609164118767,0.6361925601959229,0.4839096963405609,-0.029264068230986595,0.6387346386909485,0.3945028483867645,-0.042456354945898056,0.6381891369819641,0.34020882844924927,-0.052805639803409576,0.6369836330413818,0.2911417484283447,-0.06036453694105148,0.6637833714485168,0.5118067264556885,-0.03732730448246002,0.6746228933334351,0.4472610354423523,-0.04922512173652649,0.6796891093254089,0.40383267402648926,-0.054461196064949036,0.6824495792388916,0.36218583583831787,-0.05840155854821205
4,0.6170274019241333,0.6781381368637085,2.1224616375548067e-07,0.5800533890724182,0.647483229637146,-0.013475588522851467,0.5549060106277466,0.5902882814407349,-0.022105589509010315,0.5669636130332947,0.5400084257125854,-0.030696041882038116,0.5930249094963074,0.5170737504959106,-0.0398603156208992,0.5667672157287598,0.47643956542015076,-0.01225174032151699,0.5445806980133057,0.4033382833003998,-0.024795865640044212,0.531379759311676,0.3581351339817047,-0.035391416400671005,0.5218583941459656,0.3184117376804352,-0.04378010705113411,0.5924650430679321,0.4636004865169525,-0.017215317115187645,0.5792500376701355,0.3713792860507965,-0.028211766853928566,0.5695932507514954,0.31483525037765503,-0.03837091475725174,0.5619272589683533,0.2687757611274719,-0.04581870883703232,0.618560254573822,0.4732748866081238,-0.02449260838329792,0.615908682346344,0.3884357213973999,-0.037206970155239105,0.6103965640068054,0.33544760942459106,-0.04749205335974693,0.6044539213180542,0.28998419642448425,-0.05459525063633919,0.6438666582107544,0.4987568259239197,-0.033153142780065536,0.6514878869056702,0.4333951771259308,-0.0439409576356411,0.6537611484527588,0.38982051610946655,-0.049200959503650665,0.6536807417869568,0.34916916489601135,-0.05311122164130211
4,0.6201279759407043,0.6799834966659546,2.3188326281342597e-07,0.5852363705635071,0.6431015729904175,-0.010181565769016743,0.5612878799438477,0.586087703704834,-0.02024659514427185,0.5595762133598328,0.5362489223480225,-0.0312025249004364,0.5793085098266602,0.5300983786582947,-0.04284096136689186,0.5783311128616333,0.47858312726020813,-0.014253770932555199,0.5646141171455383,0.4004717171192169,-0.028443731367588043,0.5532565116882324,0.35647159814834595,-0.03996872529387474,0.543123722076416,0.31730690598487854,-0.04924625903367996,0.596585750579834,0.47670653462409973,-0.02146817184984684,0.5862575769424438,0.38491085171699524,-0.03467675298452377,0.579028844833374,0.3290410041809082,-0.045425161719322205,0.5720952153205872,0.2816659212112427,-0.053424347192049026,0.6149169206619263,0.492893785238266,-0.030292345210909843,0.6090080738067627,0.40884172916412354,-0.04333680868148804,0.6037321090698242,0.35810181498527527,-0.05270856246352196,0.5974038243293762,0.31598174571990967,-0.05941087380051613,0.6330754160881042,0.5237682461738586,-0.0403713621199131,0.6370975375175476,0.46288084983825684,-0.05121299624443054,0.636229932308197,0.4199484586715698,-0.0571913905441761,0.6336765289306641,0.38205990195274353,-0.061840686947107315
4,0.6476070880889893,0.6820390224456787,2.5811104364947823e-07,0.6084233522415161,0.6541017889976501,-0.016548926010727882,0.5830345749855042,0.5940819382667542,-0.025355717167258263,0.605701744556427,0.5394521355628967,-0.03324229642748833,0.637175440788269,0.5142198801040649,-0.04154714569449425,0.5875755548477173,0.4867141842842102,-0.014287439174950123,0.5656358599662781,0.41634219884872437,-0.026300957426428795,0.5531082153320312,0.37044578790664673,-0.036798782646656036,0.5442476868629456,0.3291817009449005,-0.04558897018432617,0.6163238883018494,0.46797826886177063,-0.017183970659971237,0.604587197303772,0.380748987197876,-0.027068598195910454,0.5977035760879517,0.32560983300209045,-0.036975182592868805,0.5928217768669128,0.2768034338951111,-0.04484408721327782,0.6444312930107117,0.4740888774394989,-0.022632839158177376,0.6429232954978943,0.3912542164325714,-0.034447744488716125,0.6401689648628235,0.3384786546230316,-0.04486950486898422,0.6374066472053528,0.29037976264953613,-0.052521441131830215,0.6722223162651062,0.4961010217666626,-0.029824361205101013,0.679945170879364,0.43187248706817627,-0.040901344269514084,0.683269739151001,0.38925594091415405,-0.04651980474591255,0.6846573352813721,0.34856367111206055,-0.050788383930921555
4,0.6854888200759888,0.6504406929016113,2.856971832443378e-07,0.6511999368667603,0.6228076815605164,-0.019653871655464172,0.6332184076309204,0.564245343208313,-0.029504679143428802,0.6568793058395386,0.511247992515564,-0.03770625591278076,0.6850468516349792,0.48366713523864746,-0.04578591510653496,0.6314165592193604,0.46281710267066956,-0.015562671236693859,0.6182805299758911,0.38883501291275024,-0.02744382992386818,0.6104533076286316,0.34066063165664673,-0.037871625274419785,0.6050806641578674,0.29850995540618896,-0.04666054993867874,0.6584606170654297,0.44281813502311707,-0.016591455787420273,0.6515139937400818,0.3545616865158081,-0.026413097977638245,0.647584855556488,0.3003128468990326,-0.03680591285228729,0.6442807912826538,0.25061315298080444,-0.04516781121492386,0.6845574975013733,0.44666117429733276,-0.020231937989592552,0.6834276914596558,0.3638741970062256,-0.031948022544384,0.6828149557113647,0.3148936629295349,-0.04200609028339386,0.6813564896583557,0.26871180534362793,-0.049558982253074646,0.7104923129081726,0.46721428632736206,-0.02589857578277588,0.7176603078842163,0.4054470956325531,-0.03702893108129501,0.722588300704956,0.3672488331794739,-0.04256940260529518,0.725823700428009,0.33017629384994507,-0.04683416709303856
4,0.6438258290290833,0.6464081406593323,2.2611001782024687e-07,0.606850802898407,0.614422619342804,-0.013312974013388157,0.5820590853691101,0.5493522882461548,-0.019992008805274963,0.599996030330658,0.4926510751247406,-0.02634381130337715,0.6309555172920227,0.4732339084148407,-0.03318629413843155,0.5900042653083801,0.4506153166294098,-0.010477375239133835,0.5705126523971558,0.38116201758384705,-0.02087409608066082,0.5591145753860474,0.3367813229560852,-0.030005140230059624,0.5508949756622314,0.2972676753997803,-0.03791997581720352,0.6175148487091064,0.4351009428501129,-0.014203215949237347,0.6080418825149536,0.3502715229988098,-0.023340949788689613,0.6023464202880859,0.2976318299770355,-0.032349612563848495,0.5979817509651184,0.2530401945114136,-0.03933914005756378,0.6444562077522278,0.4428766369819641,-0.02020218037068844,0.6435685157775879,0.36299237608909607,-0.03141463175415993,0.6411681175231934,0.31386059522628784,-0.04129666090011597,0.6379761695861816,0.2704453468322754,-0.048425789922475815,0.6707959175109863,0.4665285050868988,-0.02763545885682106,0.6792869567871094,0.40428417921066284,-0.038135677576065063,0.6825696229934692,0.36169496178627014,-0.04391979053616524,0.6835185289382935,0.32155388593673706,-0.04831891506910324
4,0.6265785694122314,0.6215761303901672,1.7734198820562597e-07,0.590668797492981,0.5925515294075012,-0.010044137947261333,0.5680584907531738,0.5255547761917114,-0.013406247831881046,0.5818213224411011,0.4641507565975189,-0.01694314554333687,0.6083239316940308,0.44076377153396606,-0.02076701447367668,0.5773346424102783,0.43628206849098206,-0.0023799471091479063,0.5596872568130493,0.3697391748428345,-0.008987103588879108,0.5496721267700195,0.32748645544052124,-0.015678906813263893,0.5429604053497314,0.29114818572998047,-0.021832769736647606,0.6025242805480957,0.42185500264167786,-0.005990584380924702,0.593289315700531,0.3428252339363098,-0.011776314117014408,0.5874420404434204,0.29464155435562134,-0.01899082586169243,0.5831125974655151,0.25543180108070374,-0.02465209923684597,0.6277066469192505,0.4265657961368561,-0.011811940930783749,0.6250544190406799,0.3505375385284424,-0.020124094560742378,0.6216440796852112,0.3039444088935852,-0.028329450637102127,0.6180856227874756,0.26399266719818115,-0.03433741256594658,0.6521267294883728,0.4451141953468323,-0.018869459629058838,0.6568870544433594,0.3851269483566284,-0.026787329465150833,0.6590887904167175,0.3455768823623657,-0.031167402863502502,0.659933865070343,0.30940985679626465,-0.03458543121814728
4,0.6369761824607849,0.6849414110183716,2.5152070293188444e-07,0.6022624969482422,0.6497554779052734,-0.014162110164761543,0.5799372792243958,0.5967669486999512,-0.023633360862731934,0.5977645516395569,0.5556851625442505,-0.03259164094924927,0.6272827386856079,0.5436311364173889,-0.04228043928742409,0.5954245328903198,0.4977615177631378,-0.015705272555351257,0.5785400867462158,0.4279169738292694,-0.028314778581261635,0.5690698027610779,0.38354429602622986,-0.03880179300904274,0.5627650618553162,0.34334617853164673,-0.04738697037100792,0.6235290765762329,0.4887169897556305,-0.019976390525698662,0.6183369755744934,0.406394362449646,-0.03069678321480751,0.6142425537109375,0.3545152544975281,-0.04113725572824478,0.6109774708747864,0.3086278438568115,-0.049239225685596466,0.6497043967247009,0.5022953748703003,-0.026264702901244164,0.6548039317131042,0.42641597986221313,-0.03867204487323761,0.6551123261451721,0.3763105869293213,-0.04928606003522873,0.654258131980896,0.3314707279205322,-0.05696703866124153,0.6739515662193298,0.5314600467681885,-0.033841706812381744,0.6877132058143616,0.47572436928749084,-0.04501744732260704,0.694692075252533,0.4367448091506958,-0.05038781836628914,0.6988880634307861,0.39967063069343567,-0.054450251162052155
4,0.6350609660148621,0.7880553007125854,2.5976575557251635e-07,0.6010161638259888,0.7491912245750427,-0.014179662801325321,0.5806437730789185,0.6893285512924194,-0.022913675755262375,0.6023188829421997,0.649999737739563,-0.031024174764752388,0.6332250237464905,0.6428189873695374,-0.03981234133243561,0.5986289978027344,0.5897650718688965,-0.014797416515648365,0.5839760303497314,0.5170837640762329,-0.026702705770730972,0.5757758617401123,0.4702777862548828,-0.03673447296023369,0.5706963539123535,0.4291866421699524,-0.0449863038957119,0.6264917850494385,0.5831533074378967,-0.018601978197693825,0.6231800317764282,0.49643370509147644,-0.02823064476251602,0.620853066444397,0.44224613904953003,-0.037705421447753906,0.6195194721221924,0.39542627334594727,-0.04510015249252319,0.6520096063613892,0.5988571047782898,-0.024466630071401596,0.6580020785331726,0.5190639495849609,-0.03554656356573105,0.6593927145004272,0.4691760540008545,-0.045111704617738724,0.6597973108291626,0.42518728971481323,-0.05209681764245033,0.6757239699363708,0.6301215291023254,-0.0317847803235054,0.6896857619285583,0.5722362995147705,-0.041756004095077515,0.6970905065536499,0.5331324934959412,-0.04642247036099434,0.702057957649231,0.49637243151664734,-0.049980528652668
4,0.6301236152648926,0.804527759552002,2.8603477630895213e-07,0.5982467532157898,0.7726821899414062,-0.014507636427879333,0.5747261643409729,0.7206810712814331,-0.02589033916592598,0.5842490196228027,0.682360827922821,-0.036528222262859344,0.6109188199043274,0.6809979677200317,-0.0480714850127697,0.5927759408950806,0.619910478591919,-0.022024711593985558,0.5790838003158569,0.5454715490341187,-0.03643965721130371,0.570915162563324,0.500105619430542,-0.04738490656018257,0.5653825402259827,0.46033212542533875,-0.056181877851486206,0.6176460981369019,0.6179068088531494,-0.02675957977771759,0.6120383143424988,0.5337374210357666,-0.0399426706135273,0.6084047555923462,0.48069918155670166,-0.050893496721982956,0.6054382920265198,0.4351263642311096,-0.058930739760398865,0.6408112645149231,0.6372039318084717,-0.03301725536584854,0.6421467661857605,0.5646445751190186,-0.04707426205277443,0.6413952708244324,0.5163493752479553,-0.05802818387746811,0.6397717595100403,0.4735085368156433,-0.06564926356077194,0.6619752645492554,0.6718461513519287,-0.04040677100419998,0.6713289022445679,0.6225279569625854,-0.05321333184838295,0.6764780282974243,0.5876494646072388,-0.05949101224541664,0.6799820065498352,0.5543067455291748,-0.06390450149774551
4,0.6619024872779846,0.8185697793960571,2.6137118425140216e-07,0.6261423230171204,0.7859992980957031,-0.015539881773293018,0.6050860285758972,0.7289093732833862,-0.02493295446038246,0.6286641955375671,0.684446394443512,-0.03348780795931816,0.6595879793167114,0.6674706339836121,-0.04259815812110901,0.6154425144195557,0.631806492805481,-0.015755601227283478,0.6007383465766907,0.5626684427261353,-0.028522301465272903,0.592217206954956,0.5168974995613098,-0.0394342876970768,0.5866576433181763,0.4758886694908142,-0.0482742115855217,0.6433813571929932,0.6179538369178772,-0.01906910166144371,0.6387625932693481,0.5332479476928711,-0.029602883383631706,0.6352601051330566,0.4794895052909851,-0.039777081459760666,0.6326068043708801,0.43139588832855225,-0.04762421175837517,0.6698670387268066,0.6266305446624756,-0.02452876791357994,0.6729665398597717,0.5443538427352905,-0.0361730121076107,0.6734253764152527,0.4950867295265198,-0.04536301642656326,0.6730575561523438,0.44997239112854004,-0.05199798569083214,0.6954410076141357,0.6510144472122192,-0.03159548342227936,0.7059628963470459,0.5898206830024719,-0.04201025888323784,0.711837887763977,0.549939751625061,-0.046381544321775436,0.715758204460144,0.5120038986206055,-0.04955090582370758
5,0.7064158320426941,1.0197280645370483,-2.3364595591601756e-08,0.674932599067688,1.0088316202163696,-0.022704757750034332,0.6498907208442688,0.9752779603004456,-0.04050244763493538,0.628720760345459,0.9512572884559631,-0.05714355409145355,0.6077718734741211,0.9313785433769226,-0.07479716092348099,0.6859741806983948,0.9145247936248779,-0.03194572404026985,0.6825157403945923,0.8683563470840454,-0.0519753135740757,0.6770089864730835,0.8474038243293762,-0.06875648349523544,0.6698175072669983,0.8372897505760193,-0.07941991835832596,0.7169064879417419,0.9123156070709229,-0.031890541315078735,0.7231112122535706,0.8570021986961365,-0.04517232999205589,0.7256014347076416,0.8267909288406372,-0.057245027273893356,0.7246854305267334,0.8123217821121216,-0.06784316152334213,0.7417745590209961,0.9272716045379639,-0.034064073115587234,0.7552900910377502,0.8760706186294556,-0.047361817210912704,0.7614602446556091,0.8503187894821167,-0.056992217898368835,0.7620319724082947,0.8378495573997498,-0.06447174400091171,0.7600898742675781,0.9536605477333069,-0.03811107948422432,0.7780982255935669,0.9157013893127441,-0.04868137463927269,0.786375105381012,0.9040985107421875,-0.05293351039290428,0.7880148887634277,0.901990532875061,-0.056598369032144547
5,0.6935523748397827,0.7858014702796936,1.6918900769269385e-07,0.653854250907898,0.7509393692016602,-0.011908790096640587,0.6280742883682251,0.6873733401298523,-0.01732904091477394,0.6119881868362427,0.634296178817749,-0.022421669214963913,0.5940382480621338,0.597747266292572,-0.02771608531475067,0.6551187634468079,0.6021454930305481,-0.006332683842629194,0.6432759165763855,0.5330321788787842,-0.01729178987443447,0.6360307931900024,0.4909575581550598,-0.027554936707019806,0.6311652660369873,0.452362060546875,-0.03542587161064148,0.6829608082771301,0.593501627445221,-0.009938324801623821,0.6800084114074707,0.5136996507644653,-0.018188761547207832,0.6767228841781616,0.4632139801979065,-0.027242960408329964,0.6733659505844116,0.419121652841568,-0.034398116171360016,0.7091079354286194,0.6037182807922363,-0.015847032889723778,0.7118703126907349,0.5269706845283508,-0.025457877665758133,0.7117961645126343,0.4798382520675659,-0.03186921030282974,0.7103468775749207,0.4371601343154907,-0.0367346815764904,0.7326831817626953,0.6284270286560059,-0.02301773615181446,0.7398416996002197,0.5711338520050049,-0.03166283294558525,0.7422309517860413,0.5339663028717041,-0.034126993268728256,0.7427186369895935,0.49860942363739014,-0.035804085433483124
5,0.7063736319541931,0.6373139023780823,2.0591464533481485e-07,0.6654778122901917,0.6012850999832153,-0.012418997474014759,0.6365785002708435,0.5353220105171204,-0.017870696261525154,0.617570698261261,0.4806826710700989,-0.022969072684645653,0.596792459487915,0.44552382826805115,-0.028425365686416626,0.6655974984169006,0.4492615759372711,-0.007502673659473658,0.6537758111953735,0.37581515312194824,-0.018634844571352005,0.6461856365203857,0.32966333627700806,-0.028757857158780098,0.6408672332763672,0.28796306252479553,-0.036609161645174026,0.6937631964683533,0.4416837990283966,-0.01120300218462944,0.6919326782226562,0.35794156789779663,-0.02001301757991314,0.6900323033332825,0.3049715459346771,-0.02943071909248829,0.6879335045814514,0.2582676112651825,-0.036797646433115005,0.7201812863349915,0.4519382417201996,-0.017160098999738693,0.722673237323761,0.37294623255729675,-0.027874266728758812,0.7225518226623535,0.3233199715614319,-0.03510664030909538,0.72111976146698,0.2782393991947174,-0.040310248732566833,0.74446702003479,0.4753347635269165,-0.02434736117720604,0.7522822022438049,0.41513633728027344,-0.03415841609239578,0.7560438513755798,0.37464985251426697,-0.03739355877041817,0.7580233216285706,0.3358283042907715,-0.03949801251292229
5,0.7283441424369812,0.7299147248268127,1.803072962047736e-07,0.6889554858207703,0.6815235614776611,-0.01172275748103857,0.6625456809997559,0.6050441861152649,-0.016915932297706604,0.6473596096038818,0.5419783592224121,-0.02208906225860119,0.6288164258003235,0.49860236048698425,-0.02755839005112648,0.6976755261421204,0.5175374150276184,-0.005119298584759235,0.6876969933509827,0.4380178153514862,-0.01630868948996067,0.6815677285194397,0.3895910978317261,-0.026716968044638634,0.6782000660896301,0.34586915373802185,-0.034790877252817154,0.7281296849250793,0.5121189951896667,-0.009736904874444008,0.7293536067008972,0.42017662525177,-0.01830526813864708,0.729769229888916,0.36296993494033813,-0.02771632745862007,0.7303009629249573,0.31360507011413574,-0.035152968019247055,0.7559158802032471,0.5265966057777405,-0.016816359013319016,0.761969804763794,0.44056904315948486,-0.026981255039572716,0.7645400166511536,0.38736632466316223,-0.03386084735393524,0.7659337520599365,0.33993595838546753,-0.03907499834895134,0.7810566425323486,0.556682288646698,-0.025220606476068497,0.792243480682373,0.492345929145813,-0.03403177857398987,0.7984915375709534,0.4492787718772888,-0.03661036118865013,0.8028813600540161,0.4084659218788147,-0.038510747253894806
5,0.7404890656471252,0.697505533695221,1.7544731178986694e-07,0.7026364207267761,0.6572110056877136,-0.012148240581154823,0.6772698163986206,0.5895285606384277,-0.016597675159573555,0.6625485420227051,0.5334076881408691,-0.020608827471733093,0.6449573636054993,0.49609702825546265,-0.024624621495604515,0.7064710259437561,0.5115464329719543,-0.004632707219570875,0.6962083578109741,0.4412307143211365,-0.014464187435805798,0.6902585625648499,0.39789220690727234,-0.023533929139375687,0.6868250966072083,0.35883772373199463,-0.030594566836953163,0.7333404421806335,0.5046970844268799,-0.007725291885435581,0.7324326038360596,0.42393237352371216,-0.01515999250113964,0.7319512367248535,0.3736099302768707,-0.02325366996228695,0.7317192554473877,0.32989630103111267,-0.029647057875990868,0.7582629919052124,0.5159542560577393,-0.013259552419185638,0.7618484497070312,0.43954795598983765,-0.022421346977353096,0.7632618546485901,0.39218947291374207,-0.028077533468604088,0.7636133432388306,0.34955960512161255,-0.03235763683915138,0.7811905145645142,0.5408917665481567,-0.02014627866446972,0.7895253300666809,0.48514723777770996,-0.028097162023186684,0.794335663318634,0.4482573866844177,-0.029977042227983475,0.7978495359420776,0.41289398074150085,-0.031360745429992676
5,0.7166059613227844,0.6761667728424072,1.677169336744555e-07,0.6810899376869202,0.6423243284225464,-0.008786225691437721,0.6589162945747375,0.5825044512748718,-0.011375675909221172,0.6466159224510193,0.5317341685295105,-0.014015350490808487,0.6308691501617432,0.5003511905670166,-0.016787001863121986,0.6841890811920166,0.5133475661277771,-2.555982609919738e-05,0.6752243638038635,0.4542347192764282,-0.007680917624384165,0.6705350875854492,0.4170098304748535,-0.015563780441880226,0.6679239869117737,0.3829668462276459,-0.021749673411250114,0.7078741192817688,0.5052545666694641,-0.003282553981989622,0.7060401439666748,0.4360079765319824,-0.00873268861323595,0.7049496173858643,0.3929722011089325,-0.015875156968832016,0.7044379115104675,0.35494741797447205,-0.021510213613510132,0.7299064993858337,0.5125502347946167,-0.008646292611956596,0.7311884164810181,0.44561246037483215,-0.015609641559422016,0.7316993474960327,0.40498998761177063,-0.020684009417891502,0.731767475605011,0.3684394359588623,-0.02448229491710663,0.7505355477333069,0.532296359539032,-0.015142995864152908,0.7569429278373718,0.481535941362381,-0.021195685490965843,0.760055661201477,0.4480871558189392,-0.022895339876413345,0.76200270652771,0.4160122275352478,-0.02410987578332424
5,0.6450452208518982,0.7018083333969116,1.1317241188635307e-07,0.605401873588562,0.6846438050270081,-0.008218622766435146,0.5722668766975403,0.6377967000007629,-0.011530937626957893,0.5507633686065674,0.5975461006164551,-0.015288070775568485,0.5293036699295044,0.5740705728530884,-0.019517043605446815,0.5853409767150879,0.5522019863128662,-0.0018980680033564568,0.5639793872833252,0.4995950758457184,-0.01139860600233078,0.5490533113479614,0.4680212140083313,-0.020814424380660057,0.5367081165313721,0.4383819103240967,-0.02813933789730072,0.6078698635101318,0.5321210026741028,-0.006671033799648285,0.5927647948265076,0.4633530378341675,-0.014054546132683754,0.5818654894828796,0.42100203037261963,-0.022900862619280815,0.5718398690223694,0.3829355835914612,-0.029881106689572334,0.631837785243988,0.5292195081710815,-0.013476419262588024,0.623826801776886,0.4594450294971466,-0.022272959351539612,0.616446852684021,0.4168562889099121,-0.0292521845549345,0.6079971194267273,0.3787096440792084,-0.03453255817294121,0.6560426354408264,0.5399515628814697,-0.021240606904029846,0.6555216908454895,0.48443132638931274,-0.0289036612957716,0.6526470184326172,0.44740182161331177,-0.031782928854227066,0.647742509841919,0.41306066513061523,-0.033975858241319656
5,0.6589261293411255,0.6960529088973999,1.0890867940815951e-07,0.619086742401123,0.6774295568466187,-0.008684087544679642,0.5867935419082642,0.6287493705749512,-0.012038545683026314,0.5664297342300415,0.5851486921310425,-0.0157147366553545,0.5455871820449829,0.5591333508491516,-0.019629182294011116,0.6021674275398254,0.5459665656089783,-0.0015403773868456483,0.5829144716262817,0.4930574297904968,-0.01086787972599268,0.5695056915283203,0.46247023344039917,-0.02014203928411007,0.5575840473175049,0.4331352114677429,-0.027519231662154198,0.6244664788246155,0.5272791385650635,-0.006279274355620146,0.6111730933189392,0.4586171507835388,-0.013703603297472,0.6006516218185425,0.4161646366119385,-0.022411689162254333,0.5902435779571533,0.37850552797317505,-0.029289741069078445,0.6482478380203247,0.5262017846107483,-0.013171596452593803,0.6410304307937622,0.455716073513031,-0.022560352459549904,0.633959949016571,0.41332149505615234,-0.029183343052864075,0.6257085800170898,0.37447232007980347,-0.034049611538648605,0.672355592250824,0.5390434265136719,-0.021019315347075462,0.6725065112113953,0.4843941926956177,-0.02972228266298771,0.6701927781105042,0.4478948414325714,-0.03268060088157654,0.6658892035484314,0.4132881164550781,-0.03474992886185646
5,0.7363213896751404,0.6832001209259033,1.7166055954476178e-07,0.7009020447731018,0.6473639607429504,-0.012213310226798058,0.6781454086303711,0.5879943370819092,-0.016517609357833862,0.666869044303894,0.5365925431251526,-0.020262228325009346,0.6536198258399963,0.4993322193622589,-0.023658571764826775,0.7049486041069031,0.5174791216850281,-0.0028725648298859596,0.6997159123420715,0.4575619697570801,-0.011619349010288715,0.6970980763435364,0.42112886905670166,-0.020309962332248688,0.6958407759666443,0.38736647367477417,-0.02705351449549198,0.7289331555366516,0.5112611651420593,-0.004897588863968849,0.7294831871986389,0.441764235496521,-0.011404984630644321,0.7299214601516724,0.39784663915634155,-0.019069695845246315,0.7305523157119751,0.3581526577472687,-0.02517089433968067,0.7507653832435608,0.5200488567352295,-0.009417932480573654,0.7543821930885315,0.4531747102737427,-0.01753353141248226,0.7560141682624817,0.41227513551712036,-0.022563209757208824,0.7566788792610168,0.3749319911003113,-0.02632875181734562,0.7712382078170776,0.5408257246017456,-0.015348260290920734,0.7783336043357849,0.4917748272418976,-0.0224300529807806,0.7821305990219116,0.45955002307891846,-0.024072865024209023,0.7845816612243652,0.42855149507522583,-0.025206612423062325
5,0.7297502756118774,0.6662673950195312,1.861897374055843e-07,0.6933847069740295,0.6326397657394409,-0.01145289558917284,0.6700836420059204,0.5725288987159729,-0.015128323808312416,0.6576716899871826,0.5189290642738342,-0.01842019520699978,0.6442698836326599,0.4793648421764374,-0.021451368927955627,0.695277750492096,0.4987001419067383,-0.0008578679407946765,0.6882588863372803,0.43891608715057373,-0.008997200056910515,0.6857569813728333,0.4023556709289551,-0.01738148182630539,0.6851323843002319,0.36890166997909546,-0.023898126557469368,0.719994843006134,0.49136632680892944,-0.003067404730245471,0.7199235558509827,0.42071136832237244,-0.008958403952419758,0.7199617624282837,0.37646836042404175,-0.01671696826815605,0.7202489376068115,0.3366796374320984,-0.022882798686623573,0.7427119612693787,0.5001085996627808,-0.007766428403556347,0.7459999322891235,0.4330213665962219,-0.015766728669404984,0.7472229599952698,0.39090555906295776,-0.021665440872311592,0.747816264629364,0.35230129957199097,-0.025999940931797028,0.7639650702476501,0.5214008688926697,-0.013743060640990734,0.7716471552848816,0.47124800086021423,-0.021083062514662743,0.7756021618843079,0.43789273500442505,-0.023427259176969528,0.7783772349357605,0.40569382905960083,-0.024971988052129745
5,0.7312648892402649,0.5635303854942322,1.9360265923751285e-07,0.6896449327468872,0.526328444480896,-0.011997329071164131,0.6623175144195557,0.4599180519580841,-0.015534860081970692,0.6487737894058228,0.400996595621109,-0.018583782017230988,0.6342043280601501,0.3590976595878601,-0.021377166733145714,0.6899534463882446,0.37908485531806946,-0.002790815196931362,0.679504930973053,0.307913213968277,-0.011955786496400833,0.6738632321357727,0.26452571153640747,-0.020897114649415016,0.6701028347015381,0.2250186651945114,-0.027855679392814636,0.7170292735099792,0.3701974153518677,-0.005449493881314993,0.7139466404914856,0.2903108596801758,-0.012068187817931175,0.711950421333313,0.24027547240257263,-0.02020598202943802,0.710161566734314,0.19643355906009674,-0.026627516373991966,0.7423760294914246,0.3789635896682739,-0.01062406413257122,0.7427574992179871,0.30376553535461426,-0.01913965865969658,0.7427136301994324,0.2569736838340759,-0.02520144358277321,0.7418279647827148,0.2149626761674881,-0.029736824333667755,0.7665037512779236,0.40109777450561523,-0.01718985289335251,0.7726755142211914,0.3449713885784149,-0.025254249572753906,0.7754229307174683,0.30810895562171936,-0.027761830016970634,0.7769901752471924,0.27288123965263367,-0.0293617844581604
5,0.7327109575271606,0.533261775970459,1.850832092031851e-07,0.6907601356506348,0.49261224269866943,-0.012310603633522987,0.6629384160041809,0.42152372002601624,-0.01574653945863247,0.6482321619987488,0.36100780963897705,-0.01876240037381649,0.6341936588287354,0.3163841962814331,-0.021425370126962662,0.6910263895988464,0.33942481875419617,-0.0025171975139528513,0.6808956265449524,0.26425930857658386,-0.012248675338923931,0.6750434637069702,0.21793431043624878,-0.02133365347981453,0.6712288856506348,0.17686998844146729,-0.02820056490600109,0.7195298671722412,0.3307263255119324,-0.0051361448131501675,0.7171440124511719,0.24780568480491638,-0.011957208625972271,0.7153559923171997,0.19596268236637115,-0.019893161952495575,0.7137065529823303,0.15122216939926147,-0.026021834462881088,0.746138870716095,0.33956673741340637,-0.010415544733405113,0.7467477917671204,0.2619417607784271,-0.01888340525329113,0.746740460395813,0.21426093578338623,-0.024318726733326912,0.7458003163337708,0.17229993641376495,-0.028289794921875,0.7708168625831604,0.3618687689304352,-0.01718241348862648,0.7769219875335693,0.30340415239334106,-0.024700885638594627,0.7799997925758362,0.2653879225254059,-0.026451649144291878,0.7820907831192017,0.22989772260189056,-0.027462530881166458
5,0.6379870772361755,0.5670299530029297,1.7217477932263137e-07,0.5974655747413635,0.5249696969985962,-0.011006653308868408,0.5725873112678528,0.44530677795410156,-0.013794491067528725,0.5605303049087524,0.37965744733810425,-0.016625043004751205,0.546819269657135,0.3326033055782318,-0.019434811547398567,0.6070466637611389,0.3609209358692169,-0.0014480098616331816,0.5987548828125,0.281299889087677,-0.010379191488027573,0.5942174792289734,0.2322375476360321,-0.01898590475320816,0.5922743082046509,0.189459890127182,-0.02570347674190998,0.6378056406974792,0.3554916977882385,-0.00518867326900363,0.6392437815666199,0.267628937959671,-0.011275471188127995,0.6394239664077759,0.21242663264274597,-0.019189534708857536,0.6400518417358398,0.16624130308628082,-0.02555108070373535,0.6662286520004272,0.367432564496994,-0.011482522822916508,0.6736304759979248,0.28537315130233765,-0.01952272653579712,0.6767492890357971,0.2325846552848816,-0.025597531348466873,0.678974449634552,0.18644081056118011,-0.030336586758494377,0.6914623379707336,0.39392152428627014,-0.019155921414494514,0.7036246657371521,0.33371853828430176,-0.02657056227326393,0.7100250124931335,0.29228150844573975,-0.028783895075321198,0.7147585153579712,0.2537936270236969,-0.030362997204065323
5,0.6417799592018127,0.5735006928443909,1.9382942184620333e-07,0.5991849303245544,0.5301722884178162,-0.013211808167397976,0.5725573301315308,0.4502309560775757,-0.017481200397014618,0.5591073632240295,0.3832012414932251,-0.021387001499533653,0.5449509024620056,0.33274316787719727,-0.024955764412879944,0.6068927645683289,0.36166369915008545,-0.0030927422922104597,0.5976963639259338,0.2825092673301697,-0.012793473899364471,0.5932096838951111,0.23412007093429565,-0.021974792703986168,0.5913625955581665,0.19111767411231995,-0.02925880253314972,0.6379672884941101,0.35680925846099854,-0.006438635289669037,0.6390607357025146,0.2684846520423889,-0.01365474984049797,0.6391100883483887,0.2130001187324524,-0.02228264883160591,0.6393104791641235,0.16532692313194275,-0.02910386025905609,0.6663283109664917,0.3706379532814026,-0.012633398175239563,0.6729731559753418,0.28762295842170715,-0.022404955700039864,0.6758363842964172,0.23473256826400757,-0.02934538573026657,0.6777224540710449,0.1869834065437317,-0.03449014574289322,0.6916179656982422,0.39910784363746643,-0.020290695130825043,0.7039046287536621,0.33861055970191956,-0.02954818494617939,0.7102625370025635,0.2971186935901642,-0.03272895887494087,0.7146646976470947,0.25765737891197205,-0.0348513200879097
5,0.7608283758163452,0.5910816788673401,1.5057862867706717e-07,0.7187178730964661,0.5500821471214294,-0.009832508862018585,0.6900506615638733,0.4803287088871002,-0.013184171169996262,0.6742066144943237,0.423336923122406,-0.016530008986592293,0.6575537919998169,0.3841293454170227,-0.01973744109272957,0.7206894755363464,0.39689716696739197,-0.0028473003767430782,0.7104042768478394,0.3240794539451599,-0.011963216587901115,0.7032023668289185,0.2811344861984253,-0.020884888246655464,0.6968901753425598,0.242766872048378,-0.027801895514130592,0.7483052015304565,0.38893088698387146,-0.00679476885125041,0.745819091796875,0.3073198199272156,-0.013562681153416634,0.74244225025177,0.2569531798362732,-0.021701760590076447,0.738407552242279,0.21350181102752686,-0.028186792507767677,0.7746841311454773,0.398167222738266,-0.012940511107444763,0.7771725654602051,0.3186340928077698,-0.021382473409175873,0.7755773663520813,0.2718375027179718,-0.027321284636855125,0.771956741809845,0.23111559450626373,-0.031815752387046814,0.7992416024208069,0.4210622310638428,-0.020226139575242996,0.8082829713821411,0.3614444434642792,-0.027936941012740135,0.8110630512237549,0.32205915451049805,-0.030196744948625565,0.8116036653518677,0.2854478359222412,-0.031679295003414154
5,0.8354516625404358,0.5427876710891724,1.6820335702050215e-07,0.798039436340332,0.5053008794784546,-0.010762503370642662,0.7717524766921997,0.4451442360877991,-0.014601612463593483,0.7554700374603271,0.39461269974708557,-0.018192674964666367,0.7400529384613037,0.35961464047431946,-0.021544648334383965,0.7991466522216797,0.3731953501701355,-0.0029732908587902784,0.7899475693702698,0.30569344758987427,-0.012057848274707794,0.784094512462616,0.2651086151599884,-0.02061430923640728,0.7792566418647766,0.22938969731330872,-0.026886601001024246,0.8229331970214844,0.3661849796772003,-0.0052690571174025536,0.820624828338623,0.291725218296051,-0.012294272892177105,0.8180602192878723,0.24553920328617096,-0.019863709807395935,0.8153440356254578,0.20569388568401337,-0.02544192411005497,0.8457277417182922,0.3726622462272644,-0.009833112359046936,0.8460679054260254,0.30179303884506226,-0.01796051301062107,0.8443484306335449,0.2583761513233185,-0.023416757583618164,0.841589629650116,0.22058555483818054,-0.02708151564002037,0.8673908114433289,0.3900638222694397,-0.015632713213562965,0.8734966516494751,0.3356538712978363,-0.02248821035027504,0.8756800293922424,0.3003462851047516,-0.024516087025403976,0.8766169548034668,0.26734477281570435,-0.025617651641368866
5,0.8359714150428772,0.64950031042099,1.5778883266648336e-07,0.7998548150062561,0.6109561324119568,-0.012727305293083191,0.774345874786377,0.5472503304481506,-0.017234357073903084,0.7584944367408752,0.4953981339931488,-0.021161559969186783,0.7433730363845825,0.4568766951560974,-0.024655839428305626,0.8018635511398315,0.4735069274902344,-0.002617886755615473,0.7933321595191956,0.4073433578014374,-0.011412316001951694,0.7892621159553528,0.3670881986618042,-0.020098138600587845,0.7871440649032593,0.3316391408443451,-0.02676425687968731,0.8268017768859863,0.46660685539245605,-0.004500213079154491,0.8256422281265259,0.39369460940361023,-0.011319777928292751,0.8251625895500183,0.3481333255767822,-0.019153941422700882,0.825073778629303,0.30834096670150757,-0.02520553022623062,0.8494139909744263,0.4743207097053528,-0.009019830264151096,0.8511463403701782,0.4046018719673157,-0.017466820776462555,0.8510259389877319,0.36234283447265625,-0.02314264513552189,0.8499844074249268,0.3242316246032715,-0.027212562039494514,0.8702570796012878,0.49363067746162415,-0.014965350739657879,0.876589298248291,0.4408666491508484,-0.022230958566069603,0.8799228072166443,0.40699440240859985,-0.024413857609033585,0.8820383548736572,0.3745410144329071,-0.025881873443722725
5,0.8132978677749634,0.7603505253791809,1.6702371397059323e-07,0.7802614569664001,0.7229068875312805,-0.011715670116245747,0.7588834762573242,0.6631187796592712,-0.015537482686340809,0.7472457885742188,0.6129460334777832,-0.018687013536691666,0.734677791595459,0.5761063098907471,-0.021343758329749107,0.7868562340736389,0.5955069661140442,-0.001485902233980596,0.7831164598464966,0.5363179445266724,-0.00859526451677084,0.7817172408103943,0.5016881823539734,-0.016015421599149704,0.7814164161682129,0.4700201451778412,-0.02193645015358925,0.8102849125862122,0.5930054187774658,-0.0027860566042363644,0.8143004179000854,0.5278263688087463,-0.008057310245931149,0.8173102140426636,0.4893258213996887,-0.014622263610363007,0.8200610876083374,0.45378196239471436,-0.01986536756157875,0.8310316205024719,0.6034097671508789,-0.006526998244225979,0.8373894691467285,0.5405846834182739,-0.013543970882892609,0.8407586216926575,0.5031837821006775,-0.01818981021642685,0.8432334661483765,0.4681606888771057,-0.021636761724948883,0.8500524163246155,0.6237668991088867,-0.011604263447225094,0.8592171669006348,0.5766863822937012,-0.01775805652141571,0.8646156787872314,0.5464887022972107,-0.019404212012887,0.8692247271537781,0.5164018869400024,-0.02052927389740944
5,0.8041284084320068,0.8246248364448547,1.4696614414333453e-07,0.7750438451766968,0.7835527062416077,-0.010554353706538677,0.7582177519798279,0.7231352925300598,-0.013606968335807323,0.7501265406608582,0.6744789481163025,-0.01617269031703472,0.7408769130706787,0.6379601955413818,-0.018315641209483147,0.7901921272277832,0.6634957790374756,0.00050148501759395,0.7900882363319397,0.6097343564033508,-0.0057357666082680225,0.7914292216300964,0.5788906812667847,-0.012761098332703114,0.7935276031494141,0.5504782199859619,-0.018421653658151627,0.8128154873847961,0.6646234393119812,-0.0008475247886963189,0.8208479881286621,0.6066705584526062,-0.005350892432034016,0.8262895941734314,0.5729003548622131,-0.011557020246982574,0.8312223553657532,0.5415749549865723,-0.01656816527247429,0.8319563865661621,0.677634060382843,-0.004601314198225737,0.8419541716575623,0.6207922697067261,-0.011076366528868675,0.8476544618606567,0.5867164134979248,-0.015648405998945236,0.8523766398429871,0.5543532371520996,-0.01900019869208336,0.8487021923065186,0.6998833417892456,-0.009584721177816391,0.8600316047668457,0.6561999917030334,-0.015374405309557915,0.8671898245811462,0.6283996105194092,-0.01703255996108055,0.8736498355865479,0.6003403067588806,-0.01814565248787403
5,0.750863790512085,0.8288900852203369,1.4153896188418003e-07,0.7154961228370667,0.8022882342338562,-0.010537663474678993,0.6902665495872498,0.7453106045722961,-0.014330768957734108,0.6746065020561218,0.6968606114387512,-0.017731498926877975,0.6588215827941895,0.6628413796424866,-0.02098175697028637,0.7139299511909485,0.6697458624839783,-0.0011834653560072184,0.7057014107704163,0.6163032054901123,-0.008630752563476562,0.7018037438392639,0.5830789804458618,-0.016727140173316002,0.699937105178833,0.551882803440094,-0.02342003770172596,0.7383248209953308,0.6595982909202576,-0.0036019121762365103,0.7362478971481323,0.5963976383209229,-0.008965467102825642,0.7363016605377197,0.5593133568763733,-0.01613428443670273,0.7365785241127014,0.524994969367981,-0.022087883204221725,0.7614564299583435,0.6645299196243286,-0.008258349262177944,0.7615289688110352,0.6012276411056519,-0.015843193978071213,0.7621304988861084,0.5616352558135986,-0.021156305447220802,0.7620848417282104,0.5239943265914917,-0.025289345532655716,0.7835020422935486,0.6819342374801636,-0.0140453539788723,0.7886615991592407,0.6311304569244385,-0.021154748275876045,0.7926054000854492,0.5978380441665649,-0.023291386663913727,0.7955003976821899,0.5649217367172241,-0.024829788133502007
5,0.6940694451332092,0.8695292472839355,8.727341338499173e-08,0.6580252647399902,0.8334683179855347,-0.008716563694179058,0.6355648636817932,0.7705261707305908,-0.011499600484967232,0.6226483583450317,0.7196523547172546,-0.014496196061372757,0.6072437763214111,0.6859400868415833,-0.01755223609507084,0.6649339199066162,0.7017871737480164,0.001706644776277244,0.6567792892456055,0.6481488347053528,-0.005562004633247852,0.6504639387130737,0.6154091954231262,-0.013963214121758938,0.644953727722168,0.5848341584205627,-0.02100493758916855,0.6902161240577698,0.6951237916946411,-0.001894642016850412,0.6892191767692566,0.6327964663505554,-0.007458832114934921,0.6866217851638794,0.5953296422958374,-0.015536168590188026,0.6833926439285278,0.560465395450592,-0.02221839316189289,0.7137246131896973,0.7038403749465942,-0.007699123118072748,0.7168825268745422,0.6398279666900635,-0.015680475160479546,0.7164562344551086,0.5988295078277588,-0.022097209468483925,0.7145664691925049,0.5598961114883423,-0.027019264176487923,0.7350913286209106,0.7255120277404785,-0.014464987441897392,0.7443041801452637,0.6754664182662964,-0.022099236026406288,0.7485645413398743,0.6412127017974854,-0.025005459785461426,0.7504782676696777,0.6072690486907959,-0.02716781571507454
5,0.6792391538619995,0.7498921751976013,1.2812000704798265e-07,0.6397639513015747,0.7132118940353394,-0.007294332608580589,0.6130840182304382,0.6511384844779968,-0.00955259334295988,0.5962295532226562,0.6007610559463501,-0.012615414336323738,0.5790631771087646,0.5667755603790283,-0.015824150294065475,0.6391998529434204,0.5742709040641785,0.0026322242338210344,0.6250396966934204,0.5125055313110352,-0.005392592865973711,0.6148234605789185,0.4753250479698181,-0.014056431129574776,0.6068493127822876,0.44203513860702515,-0.02088184840977192,0.6645047664642334,0.5621770024299622,-0.001991018420085311,0.6581658720970154,0.486333429813385,-0.00800235103815794,0.6516582369804382,0.43873798847198486,-0.015917407348752022,0.6455768942832947,0.39885205030441284,-0.022121978923678398,0.6898873448371887,0.5671723484992981,-0.008904374204576015,0.6883862018585205,0.4907602071762085,-0.016750307753682137,0.684226393699646,0.4439309537410736,-0.023220958188176155,0.679439902305603,0.4035526514053345,-0.027997441589832306,0.7145068049430847,0.5863705277442932,-0.016793929040431976,0.7221560478210449,0.5282246470451355,-0.023994244635105133,0.7232556343078613,0.4885193705558777,-0.02685489133000374,0.7218801975250244,0.4518688917160034,-0.028885995969176292
5,0.6770381331443787,0.6214110851287842,1.3321063363491703e-07,0.636299729347229,0.5866429805755615,-0.006450931075960398,0.6076287627220154,0.5261520147323608,-0.006994681432843208,0.5890410542488098,0.47482073307037354,-0.008691213093698025,0.571290135383606,0.4409494996070862,-0.010478915646672249,0.6316263675689697,0.44511547684669495,0.007747309282422066,0.6159433126449585,0.3819118142127991,0.0016678377287462354,0.6058074235916138,0.34276407957077026,-0.006035628262907267,0.5984687209129333,0.3071911334991455,-0.012462005950510502,0.6569987535476685,0.4301154911518097,0.003030989086255431,0.6481791138648987,0.35413843393325806,-0.0011362847872078419,0.6416403651237488,0.3058716654777527,-0.008376922458410263,0.6361708641052246,0.2657778859138489,-0.014350632205605507,0.6826515793800354,0.4318046271800995,-0.004268581047654152,0.6789658665657043,0.35666900873184204,-0.01069437712430954,0.6742392778396606,0.3093687891960144,-0.01675361953675747,0.6690782308578491,0.2686525285243988,-0.021482164040207863,0.7080666422843933,0.4473770558834076,-0.012694746255874634,0.7143942713737488,0.3881531357765198,-0.01859266497194767,0.7156076431274414,0.348666250705719,-0.020938437432050705,0.7145264744758606,0.3123493194580078,-0.02284596860408783
5,0.6694933176040649,0.5209752321243286,1.6602767516360473e-07,0.6290448904037476,0.48432013392448425,-0.007218614686280489,0.6007039546966553,0.41821855306625366,-0.00874823797494173,0.5829299688339233,0.3666817247867584,-0.01081902626901865,0.5645322203636169,0.3386778235435486,-0.013252262957394123,0.6278841495513916,0.3378027081489563,0.000663542712572962,0.6150416731834412,0.27041903138160706,-0.00665358966216445,0.607821524143219,0.22802507877349854,-0.014330962672829628,0.6032354831695557,0.19042383134365082,-0.020765699446201324,0.6548094153404236,0.32744061946868896,-0.004129731096327305,0.6507877111434937,0.24839019775390625,-0.009070190601050854,0.6482269167900085,0.1991804838180542,-0.01595328189432621,0.6459608674049377,0.15782758593559265,-0.02182093821465969,0.6811627149581909,0.33424872159957886,-0.011051573790609837,0.6817719340324402,0.25725531578063965,-0.018462195992469788,0.681003212928772,0.20951531827449799,-0.024620186537504196,0.6793064475059509,0.1677909940481186,-0.029622377827763557,0.7060728073120117,0.3554300367832184,-0.018945254385471344,0.7160430550575256,0.2990211248397827,-0.026308570057153702,0.7205435633659363,0.26013505458831787,-0.029311342164874077,0.7229079604148865,0.223867729306221,-0.031727585941553116
5,0.6384721994400024,0.5660600662231445,1.593530640775498e-07,0.5992901921272278,0.5297518372535706,-0.009338771924376488,0.5730646252632141,0.4622354805469513,-0.011838812381029129,0.5577629804611206,0.40670302510261536,-0.014685557223856449,0.5402748584747314,0.36987555027008057,-0.017601216211915016,0.6027147769927979,0.38318952918052673,0.0009212972363457084,0.5915154218673706,0.31568408012390137,-0.006499012466520071,0.5855271220207214,0.27313506603240967,-0.01432441733777523,0.5824824571609497,0.23575472831726074,-0.02074851468205452,0.6299405694007874,0.3740682899951935,-0.003003915539011359,0.6270865797996521,0.296344131231308,-0.008359148167073727,0.6260945796966553,0.2467305213212967,-0.015930667519569397,0.6261726021766663,0.20551306009292603,-0.022106384858489037,0.6559494137763977,0.3821919560432434,-0.009325684979557991,0.6586430072784424,0.30869632959365845,-0.017228728160262108,0.6599564552307129,0.2614297568798065,-0.02368941530585289,0.6605005264282227,0.22095908224582672,-0.02865602634847164,0.6800207495689392,0.4045248329639435,-0.016780318692326546,0.6904169321060181,0.3514285683631897,-0.02406608685851097,0.6958065032958984,0.31388550996780396,-0.02676989883184433,0.6993203163146973,0.2794010639190674,-0.028870880603790283
5,0.5759907960891724,0.6988435983657837,1.0654173365765018e-07,0.5349090695381165,0.6680896878242493,-0.00929103884845972,0.5059526562690735,0.6061508059501648,-0.012941570952534676,0.48964184522628784,0.5541670918464661,-0.016852274537086487,0.4701277017593384,0.5197179317474365,-0.020920388400554657,0.5348153114318848,0.5214276909828186,-0.0018964450573548675,0.5189892053604126,0.45979219675064087,-0.011319199576973915,0.5071291327476501,0.42250168323516846,-0.020785341039299965,0.4969622492790222,0.39017146825790405,-0.02839280292391777,0.5613338351249695,0.5087069869041443,-0.006905578076839447,0.554162859916687,0.43238410353660583,-0.014090043492615223,0.5483721494674683,0.3848155736923218,-0.02313779480755329,0.5426616072654724,0.3446422815322876,-0.030501950532197952,0.5868136882781982,0.5162804126739502,-0.014217847026884556,0.5885055065155029,0.44195085763931274,-0.024466747418045998,0.5881529450416565,0.394650936126709,-0.03259401023387909,0.5859461426734924,0.35191845893859863,-0.03872615471482277,0.610204815864563,0.5400046110153198,-0.022435961291193962,0.6208890080451965,0.48548272252082825,-0.03216098994016647,0.6251475811004639,0.4473145008087158,-0.0362299308180809,0.626525342464447,0.41050857305526733,-0.03931090980768204
5,0.602516233921051,0.7619835138320923,8.227111436553969e-08,0.5658885836601257,0.7278333902359009,-0.009519508108496666,0.5397694706916809,0.6683920621871948,-0.014931873418390751,0.5228091478347778,0.6223413348197937,-0.020749351009726524,0.5038898587226868,0.5898458957672119,-0.026888161897659302,0.5671324729919434,0.5900935530662537,-0.005317215342074633,0.5517402291297913,0.5282615423202515,-0.017333734780550003,0.539300262928009,0.4936433732509613,-0.02852725051343441,0.527374267578125,0.4620818495750427,-0.03701223433017731,0.5918390154838562,0.5812750458717346,-0.01061366405338049,0.5859318971633911,0.5107990503311157,-0.020391058176755905,0.5780119895935059,0.4673985242843628,-0.030833467841148376,0.5689966082572937,0.42899343371391296,-0.03893665596842766,0.6161928772926331,0.5911498665809631,-0.018044179305434227,0.6190537214279175,0.5200889706611633,-0.029471226036548615,0.6155540347099304,0.47477859258651733,-0.03749031201004982,0.6098050475120544,0.43268582224845886,-0.043372590094804764,0.6386227607727051,0.6165245175361633,-0.026336675509810448,0.6494429707527161,0.5638777613639832,-0.03646865487098694,0.6528955101966858,0.5269558429718018,-0.040198422968387604,0.6524808406829834,0.491278737783432,-0.04286237806081772
5,0.6871568560600281,0.7390305995941162,1.4285740235209232e-07,0.6504069566726685,0.7043336033821106,-0.008340626955032349,0.626225471496582,0.6418600678443909,-0.010848059318959713,0.6117116212844849,0.5913081169128418,-0.013630790635943413,0.5955244302749634,0.5583056807518005,-0.01657235436141491,0.6542125940322876,0.5678996443748474,-7.172753976192325e-05,0.6443771719932556,0.507347583770752,-0.007716694846749306,0.6387113928794861,0.4694053530693054,-0.015608137473464012,0.6352830529212952,0.43515336513519287,-0.022102486342191696,0.6802991628646851,0.5602482557296753,-0.004081654362380505,0.678980827331543,0.4889141023159027,-0.009845449589192867,0.6776254177093506,0.4442255198955536,-0.017239060252904892,0.6761223077774048,0.40430524945259094,-0.023271577432751656,0.7050909399986267,0.5691784620285034,-0.010227683000266552,0.7083220481872559,0.49923795461654663,-0.018545446917414665,0.709154486656189,0.4561249613761902,-0.02464284747838974,0.7085649967193604,0.4163243770599365,-0.029261000454425812,0.7276227474212646,0.5916905403137207,-0.017304275184869766,0.7392650842666626,0.5407096147537231,-0.02499319054186344,0.74494469165802,0.5065014958381653,-0.027616754174232483,0.7481853365898132,0.4731144905090332,-0.02956480346620083
5,0.6756466627120972,0.7397868633270264,2.569951185193986e-08,0.6454008221626282,0.6894434690475464,-0.005515738390386105,0.6311197876930237,0.6248112916946411,-0.008946900255978107,0.624274730682373,0.5760728120803833,-0.013597087003290653,0.6126605868339539,0.5380424857139587,-0.018752170726656914,0.6593567728996277,0.562689483165741,-0.0014894288033246994,0.649146318435669,0.5000178813934326,-0.013929354026913643,0.6377913951873779,0.4648083746433258,-0.025178808718919754,0.6264396905899048,0.43460333347320557,-0.0331011600792408,0.6785116195678711,0.5626184344291687,-0.007747114170342684,0.6757822632789612,0.4902162551879883,-0.01868925243616104,0.6693488359451294,0.4438294768333435,-0.02940152771770954,0.6622484922409058,0.40395981073379517,-0.037204425781965256,0.6960957050323486,0.5780429840087891,-0.015973711386322975,0.6998222470283508,0.5107322335243225,-0.027560433372855186,0.6960792541503906,0.4656466543674469,-0.036460407078266144,0.6897357702255249,0.42707186937332153,-0.042537085711956024,0.7128122448921204,0.6055873036384583,-0.02489115670323372,0.7224287986755371,0.5552126169204712,-0.03496836498379707,0.7221086025238037,0.5183427929878235,-0.04031883925199509,0.7173677682876587,0.4851283133029938,-0.04406850412487984
5,0.6967328190803528,0.7329627871513367,1.1589306581072378e-07,0.660200297832489,0.6973775625228882,-0.007584061939269304,0.6351490616798401,0.6351265907287598,-0.010019354522228241,0.6201276183128357,0.5849355459213257,-0.012995190918445587,0.6032772064208984,0.5524604916572571,-0.016174403950572014,0.6604903936386108,0.5600280165672302,0.0009312692563980818,0.6479416489601135,0.49971872568130493,-0.007102652918547392,0.6391400694847107,0.4626392126083374,-0.015515663661062717,0.6324400305747986,0.42855656147003174,-0.022246163338422775,0.685568630695343,0.5496662259101868,-0.003551119240000844,0.6815395355224609,0.4763847887516022,-0.009372997097671032,0.6776016354560852,0.4310314655303955,-0.016916295513510704,0.6737901568412781,0.39116498827934265,-0.02299654856324196,0.7100263833999634,0.5567360520362854,-0.010164758190512657,0.7107114195823669,0.4865832030773163,-0.017883751541376114,0.7093774676322937,0.4431993365287781,-0.023731276392936707,0.7069946527481079,0.4043833017349243,-0.028151821345090866,0.7331143617630005,0.5776067972183228,-0.01776890829205513,0.7412453889846802,0.522633969783783,-0.024378115311264992,0.7448694705963135,0.4868902862071991,-0.026287775486707687,0.7462781667709351,0.4532041549682617,-0.02777392975986004
5,0.7225157618522644,0.71578049659729,2.2702833746279794e-07,0.6868883967399597,0.6845762133598328,-0.015887971967458725,0.663517951965332,0.6320088505744934,-0.02342209219932556,0.6519126296043396,0.5825483798980713,-0.029889535158872604,0.6412634253501892,0.540794312953949,-0.03591705113649368,0.6914532780647278,0.5518138408660889,-0.008373977616429329,0.6864793300628662,0.49056997895240784,-0.020037584006786346,0.6863448023796082,0.4512893855571747,-0.03086838684976101,0.6886983513832092,0.41544175148010254,-0.03878980129957199,0.7153640985488892,0.5400253534317017,-0.009868779219686985,0.7154563069343567,0.463456928730011,-0.018655914813280106,0.7170584201812744,0.4139333963394165,-0.0277254581451416,0.7197016477584839,0.37040287256240845,-0.03469594940543175,0.7371788620948792,0.5464473962783813,-0.014112863689661026,0.7404961585998535,0.4728040099143982,-0.024501152336597443,0.7436084747314453,0.42894864082336426,-0.03093482181429863,0.7465196251869202,0.38966071605682373,-0.03545253351330757,0.7579463720321655,0.5672029852867126,-0.02005143277347088,0.7663559317588806,0.5134316086769104,-0.029372189193964005,0.7726989984512329,0.47948622703552246,-0.03223860263824463,0.7783621549606323,0.4476727247238159,-0.033998336642980576
5,0.6875191330909729,0.7511494755744934,8.084931124585637e-08,0.6551624536514282,0.7049204111099243,-0.006804855540394783,0.6365472674369812,0.6374000310897827,-0.009368185885250568,0.6263114213943481,0.5855157971382141,-0.01259962935000658,0.6130324602127075,0.5484986305236816,-0.01598956063389778,0.6716928482055664,0.5746889114379883,0.0014662541216239333,0.6639592051506042,0.5161817669868469,-0.006955919787287712,0.6567092537879944,0.4822276532649994,-0.01574801653623581,0.6499245166778564,0.45245224237442017,-0.0225168839097023,0.6968159079551697,0.5732996463775635,-0.003561271820217371,0.7001495957374573,0.5032525062561035,-0.009536285884678364,0.6995023488998413,0.45939868688583374,-0.01751277782022953,0.6975786089897156,0.4205808639526367,-0.023903992027044296,0.7189674377441406,0.5890432000160217,-0.01072155125439167,0.7277101278305054,0.5233529806137085,-0.019098885357379913,0.7314841747283936,0.4816383719444275,-0.025740280747413635,0.732833743095398,0.44313329458236694,-0.030678873881697655,0.7377321124076843,0.6187089681625366,-0.018661651760339737,0.7526127696037292,0.5734359622001648,-0.02612890489399433,0.7595529556274414,0.5415791273117065,-0.0287011805921793,0.7627684473991394,0.5100309252738953,-0.03063252568244934
5,0.6808899641036987,0.7605632543563843,7.929270395834465e-08,0.6482084393501282,0.7180741429328918,-0.008007625117897987,0.6299443244934082,0.6511492133140564,-0.011446225456893444,0.6209308505058289,0.5973458886146545,-0.015181859023869038,0.6078714728355408,0.5579853057861328,-0.01908767782151699,0.6634631752967834,0.586485743522644,-0.0022369916550815105,0.6553117036819458,0.525524914264679,-0.011654762551188469,0.6473591327667236,0.49019479751586914,-0.020618777722120285,0.639988124370575,0.45964905619621277,-0.027398139238357544,0.6889451146125793,0.5860483050346375,-0.006864830851554871,0.6912334561347961,0.5154170989990234,-0.013900854624807835,0.6900275349617004,0.4708788990974426,-0.022334923967719078,0.6876705288887024,0.4321909248828888,-0.028914213180541992,0.7113853096961975,0.602924108505249,-0.013475458137691021,0.7191278338432312,0.5384082198143005,-0.022596396505832672,0.7226382493972778,0.49630552530288696,-0.029524600133299828,0.7239322066307068,0.45768386125564575,-0.03464675694704056,0.7306182384490967,0.6331568956375122,-0.020845534279942513,0.744774341583252,0.5882901549339294,-0.02894105762243271,0.7514436841011047,0.5568062663078308,-0.031742434948682785,0.7546140551567078,0.5261140465736389,-0.0337519496679306
5,0.6977275013923645,0.7371665835380554,2.401238248239679e-07,0.6615513563156128,0.7191690802574158,-0.018097171559929848,0.6377346515655518,0.6690002083778381,-0.02694518119096756,0.6241456270217896,0.6199288368225098,-0.03398219868540764,0.6073987483978271,0.5855143666267395,-0.040808044373989105,0.661881148815155,0.5882065892219543,-0.014017965644598007,0.6552175283432007,0.5317261815071106,-0.0263778455555439,0.6549201607704163,0.49459683895111084,-0.03705812990665436,0.6575657725334167,0.4600132405757904,-0.04508986696600914,0.6866737008094788,0.5712993144989014,-0.014405470341444016,0.686780571937561,0.4968726336956024,-0.02387910895049572,0.6890794634819031,0.45054560899734497,-0.03269699215888977,0.692620038986206,0.4089663028717041,-0.039723921567201614,0.7096430659294128,0.5738603472709656,-0.017328694462776184,0.7124025821685791,0.5008392333984375,-0.028957128524780273,0.7165055274963379,0.4572850167751312,-0.03578153997659683,0.7203734517097473,0.41676807403564453,-0.040680959820747375,0.7315361499786377,0.5916801691055298,-0.021866392344236374,0.7409359216690063,0.5380146503448486,-0.032467328011989594,0.749049961566925,0.5040481090545654,-0.03607098013162613,0.7560605406761169,0.4718620181083679,-0.03847179189324379
5,0.6956158876419067,0.6988359689712524,2.2856252712699643e-07,0.6589162945747375,0.6700875759124756,-0.014607536606490612,0.6362971663475037,0.6107012033462524,-0.020134830847382545,0.6251473426818848,0.557469367980957,-0.024596553295850754,0.6083592772483826,0.5240669846534729,-0.028954535722732544,0.6627575159072876,0.5360828042030334,-0.006893981713801622,0.6579515933990479,0.47356775403022766,-0.01633012294769287,0.6571788191795349,0.4336547255516052,-0.025161121040582657,0.6588031053543091,0.397336483001709,-0.03217285871505737,0.6886352300643921,0.5253139138221741,-0.008567878976464272,0.6909772157669067,0.4496365487575531,-0.015693629160523415,0.693775475025177,0.40109357237815857,-0.023918647319078445,0.6972850561141968,0.3580714464187622,-0.03061494790017605,0.7118057608604431,0.5329634547233582,-0.012740262784063816,0.7171579003334045,0.46026235818862915,-0.02257717028260231,0.7213871479034424,0.41704124212265015,-0.02906288392841816,0.7249422073364258,0.3769471347332001,-0.03386564925312996,0.7332162261009216,0.5545064210891724,-0.018336297944188118,0.7432255148887634,0.5029433369636536,-0.027616234496235847,0.7508228421211243,0.47045108675956726,-0.03057997301220894,0.7573971152305603,0.438654363155365,-0.03264607861638069
5,0.6729621291160583,0.6255561113357544,2.143386552688753e-07,0.6353033185005188,0.6016166806221008,-0.012671508826315403,0.6100882291793823,0.5467500686645508,-0.016724208369851112,0.5947923064231873,0.494678258895874,-0.02015824429690838,0.577519416809082,0.4609910249710083,-0.023428915068507195,0.6302220225334167,0.47137534618377686,-0.003809409448876977,0.6206458210945129,0.40924665331840515,-0.012590911239385605,0.6157546043395996,0.37006404995918274,-0.020632555708289146,0.613398551940918,0.33426207304000854,-0.026891231536865234,0.6545815467834473,0.45850709080696106,-0.005530646536499262,0.6509197950363159,0.3862341344356537,-0.012192709371447563,0.6489154696464539,0.3397783935070038,-0.01973945088684559,0.6477028727531433,0.2995811104774475,-0.02574298344552517,0.6774448156356812,0.4619590640068054,-0.009761999361217022,0.6771657466888428,0.39523735642433167,-0.018987806513905525,0.6763009428977966,0.353251576423645,-0.025557775050401688,0.6749870181083679,0.31593960523605347,-0.030317319557070732,0.6994920969009399,0.4777183532714844,-0.015299426391720772,0.7074201703071594,0.42927637696266174,-0.023976199328899384,0.7126117944717407,0.39694836735725403,-0.02750779502093792,0.716748833656311,0.365899920463562,-0.02996842749416828
5,0.6666406989097595,0.6446696519851685,8.593882938612296e-08,0.6329553723335266,0.6089606285095215,-0.006654893979430199,0.6124244928359985,0.5483299493789673,-0.008249782025814056,0.6009946465492249,0.4990655183792114,-0.01058594323694706,0.5855644345283508,0.46717190742492676,-0.01308478508144617,0.6378570199012756,0.48129287362098694,0.0027407018933445215,0.6271723508834839,0.423433780670166,-0.004764651879668236,0.6180781722068787,0.3876791000366211,-0.012695886194705963,0.6104558110237122,0.35671859979629517,-0.01891198754310608,0.6612002849578857,0.4728062152862549,-0.0018925877520814538,0.6582450866699219,0.4036427140235901,-0.007785318419337273,0.653002917766571,0.3589382767677307,-0.015748022124171257,0.6474126577377319,0.3209327459335327,-0.021912362426519394,0.683016300201416,0.48043394088745117,-0.00859040766954422,0.6866604685783386,0.41373738646507263,-0.01656935177743435,0.6856068968772888,0.37005943059921265,-0.023341091349720955,0.6825617551803589,0.3318369388580322,-0.028236540034413338,0.7028446197509766,0.5009493827819824,-0.016109881922602654,0.712683916091919,0.4525103271007538,-0.023128075525164604,0.7156621217727661,0.41749250888824463,-0.02588481828570366,0.7153725028038025,0.3847663998603821,-0.027896428480744362
5,0.6573977470397949,0.6735203266143799,-1.1608164207643767e-08,0.6282212138175964,0.62795090675354,-0.004903135821223259,0.6120598912239075,0.566638171672821,-0.007630195934325457,0.6026254296302795,0.5200290679931641,-0.01180680375546217,0.5904442071914673,0.48333412408828735,-0.01584889180958271,0.6379275321960449,0.5055617094039917,0.003650508588179946,0.626396656036377,0.4490363895893097,-0.007275127340108156,0.6136655807495117,0.4198110103607178,-0.01803991198539734,0.6013811826705933,0.39563649892807007,-0.025527486577630043,0.6550620794296265,0.5032470226287842,-0.0015326568391174078,0.648298442363739,0.438297301530838,-0.009698223322629929,0.6403288245201111,0.39843958616256714,-0.01878775842487812,0.6319038271903992,0.36408939957618713,-0.02547932229936123,0.6721541881561279,0.5146191120147705,-0.008878335356712341,0.6697421669960022,0.4524218440055847,-0.017130447551608086,0.6628890037536621,0.4145684242248535,-0.023171188309788704,0.6534114480018616,0.38271811604499817,-0.0273863784968853,0.6895387768745422,0.5379943251609802,-0.017212310805916786,0.6918146014213562,0.4924503564834595,-0.024043112993240356,0.6859296560287476,0.46224427223205566,-0.026918383315205574,0.6759815812110901,0.4371793866157532,-0.028813732787966728
5,0.6937322020530701,0.6670176982879639,1.804945384265011e-07,0.6587711572647095,0.6487818956375122,-0.014994294382631779,0.6324132680892944,0.6046990156173706,-0.02300681360065937,0.6208767890930176,0.556504487991333,-0.03006722219288349,0.6208595037460327,0.5103718638420105,-0.03640594705939293,0.6492292881011963,0.5212682485580444,-0.0068598403595387936,0.6405149698257446,0.47077423334121704,-0.018678493797779083,0.637702465057373,0.43901699781417847,-0.029478484764695168,0.6378623247146606,0.4090457856655121,-0.03748946636915207,0.6717856526374817,0.5036064386367798,-0.008241317234933376,0.666631281375885,0.43643099069595337,-0.01714058220386505,0.664357602596283,0.3940991461277008,-0.02570863999426365,0.663116991519928,0.35601726174354553,-0.032327186316251755,0.6943285465240479,0.5033484697341919,-0.012435286305844784,0.6920454502105713,0.43742188811302185,-0.022837650030851364,0.691408097743988,0.396263986825943,-0.028876811265945435,0.6902042031288147,0.35813117027282715,-0.03315408155322075,0.7170004844665527,0.5172756314277649,-0.01817312091588974,0.7201657891273499,0.46579527854919434,-0.027287503704428673,0.721983790397644,0.4326057434082031,-0.030178334563970566,0.7222118973731995,0.4012717008590698,-0.03203500434756279
5,0.670276939868927,0.6793001890182495,-2.4065240467052718e-08,0.6378744840621948,0.6391368508338928,-0.005476865917444229,0.6196369528770447,0.582027792930603,-0.008110273629426956,0.610145628452301,0.5363398790359497,-0.012130127288401127,0.5997546315193176,0.49695780873298645,-0.015797274187207222,0.6461192965507507,0.5150070190429688,0.006507550366222858,0.6369333267211914,0.4622724652290344,-0.0041208527982234955,0.6249479651451111,0.43831631541252136,-0.01533706858754158,0.6120075583457947,0.4204297661781311,-0.022926313802599907,0.6657291054725647,0.5103965401649475,0.0018572522094473243,0.6597983837127686,0.4487312436103821,-0.005452558398246765,0.6518220901489258,0.41238924860954285,-0.014714929275214672,0.6424780488014221,0.3810468912124634,-0.02170306071639061,0.6848236918449402,0.5199745893478394,-0.005382338538765907,0.6832349896430969,0.4602745771408081,-0.01359946746379137,0.6774416565895081,0.4244159460067749,-0.02032710798084736,0.6682137846946716,0.39322981238365173,-0.025080138817429543,0.704230010509491,0.5413399338722229,-0.01360759325325489,0.7083957195281982,0.49628084897994995,-0.02092939056456089,0.7036862373352051,0.4684773087501526,-0.024355901405215263,0.6940447092056274,0.44485580921173096,-0.02663114108145237
5,0.6668211817741394,0.6778576374053955,-3.5470824055749972e-09,0.6356053948402405,0.6353181004524231,-0.006230570841580629,0.6184312105178833,0.5732172131538391,-0.009319624863564968,0.6093484163284302,0.5245744585990906,-0.013551677577197552,0.5985060930252075,0.48364555835723877,-0.017477860674262047,0.6456825733184814,0.5085630416870117,0.0037001336459070444,0.6367392539978027,0.4523922801017761,-0.007319703232496977,0.6251965761184692,0.42626798152923584,-0.018292730674147606,0.6128217577934265,0.4060245454311371,-0.0256494153290987,0.665877640247345,0.5062714219093323,-0.0008894616039469838,0.6608290076255798,0.44114935398101807,-0.008869441226124763,0.6530202627182007,0.40240854024887085,-0.01829271763563156,0.6439329981803894,0.3689446449279785,-0.025253837928175926,0.6852955222129822,0.5187541842460632,-0.007926802150905132,0.6850287318229675,0.45649048686027527,-0.016999687999486923,0.6792430281639099,0.41809168457984924,-0.02437880076467991,0.6701410412788391,0.38484567403793335,-0.029390983283519745,0.7044638395309448,0.5430442690849304,-0.01584048382937908,0.7101799845695496,0.4950137436389923,-0.023835105821490288,0.7064862251281738,0.46488940715789795,-0.027600489556789398,0.6977323293685913,0.4391518235206604,-0.030014680698513985
5,0.6768681406974792,0.7427548766136169,1.6422522719494737e-07,0.6970708966255188,0.6724271774291992,0.007511514704674482,0.705697238445282,0.5981547236442566,0.0031995412427932024,0.7123222351074219,0.5371106266975403,-0.0012886179611086845,0.7261683940887451,0.4959818422794342,-0.008323938585817814,0.6905656456947327,0.5860922336578369,-0.030546052381396294,0.6798264384269714,0.48868444561958313,-0.0423143170773983,0.671186625957489,0.43530789017677307,-0.045058466494083405,0.6635543704032898,0.3966990113258362,-0.04588020592927933,0.6706979274749756,0.6090279221534729,-0.03928200155496597,0.6502479910850525,0.5064137578010559,-0.053141552954912186,0.6342608332633972,0.4502941370010376,-0.05601677671074867,0.6216686367988586,0.4113541543483734,-0.05772962048649788,0.6489777565002441,0.6348317265510559,-0.045049380511045456,0.6252909302711487,0.5416643023490906,-0.05605272576212883,0.609260082244873,0.4909314513206482,-0.05825163051486015,0.5974949598312378,0.4564935564994812,-0.05926159396767616,0.6276131868362427,0.6639032959938049,-0.04876133054494858,0.6037747263908386,0.5903559327125549,-0.05805342644453049,0.5912299156188965,0.5535503625869751,-0.059660471975803375,0.5808966159820557,0.5240141153335571,-0.05990254133939743
5,0.6635540723800659,0.7156751751899719,2.3124225378978736e-07,0.695776104927063,0.6599897146224976,0.005867701955139637,0.7145466804504395,0.5992304086685181,0.003187039168551564,0.7296278476715088,0.5446115732192993,-0.00010160922101931646,0.7477899193763733,0.5129161477088928,-0.005249690264463425,0.6882009506225586,0.5522735118865967,-0.01756799779832363,0.6894850134849548,0.4607081413269043,-0.02500971034169197,0.6879315376281738,0.40806758403778076,-0.026967249810695648,0.6868898868560791,0.3693069815635681,-0.027864230796694756,0.6641920208930969,0.5560352802276611,-0.024189580231904984,0.6556848883628845,0.4586977958679199,-0.03283867612481117,0.6489629745483398,0.4019169211387634,-0.03533795848488808,0.6450240015983582,0.3614733815193176,-0.03699582815170288,0.6405847072601318,0.5704236626625061,-0.028688080608844757,0.631363570690155,0.4803881049156189,-0.035824231803417206,0.6260577440261841,0.42697346210479736,-0.038481704890728,0.623126745223999,0.3887903094291687,-0.04012659564614296,0.6181835532188416,0.5940579771995544,-0.031662922352552414,0.6062582731246948,0.5232276916503906,-0.03808051347732544,0.6000034213066101,0.48360899090766907,-0.0392460972070694,0.5955581665039062,0.4505017399787903,-0.039159223437309265
5,0.6832515597343445,0.7813411355018616,1.6239765443515353e-07,0.7096307873725891,0.7154339551925659,0.010213231667876244,0.7234154939651489,0.6486251354217529,0.007291535846889019,0.7357436418533325,0.5908582210540771,0.004359669052064419,0.751570463180542,0.5545716285705566,-0.0008491725893691182,0.7043841481208801,0.6246046423912048,-0.0304773710668087,0.6994603276252747,0.5261296033859253,-0.04099858179688454,0.6942874193191528,0.4708293676376343,-0.04185306280851364,0.6903250813484192,0.43140292167663574,-0.04166015610098839,0.681215763092041,0.6399176120758057,-0.03935832530260086,0.6681860685348511,0.5381420850753784,-0.055190104991197586,0.6563411355018616,0.47924792766571045,-0.05869057774543762,0.6482391357421875,0.43860486149787903,-0.060479775071144104,0.6577039361000061,0.6611143350601196,-0.04459679126739502,0.6430939435958862,0.5696889162063599,-0.05767657980322838,0.63265460729599,0.5144594311714172,-0.06163076311349869,0.625708281993866,0.4758518636226654,-0.06362847983837128,0.6361135244369507,0.6877273321151733,-0.04715029150247574,0.612659215927124,0.6200436353683472,-0.059702273458242416,0.5986701250076294,0.5833138227462769,-0.06438294053077698,0.5866758227348328,0.5514287948608398,-0.06638234108686447
5,0.6777054071426392,0.641487717628479,1.8130123180526425e-07,0.7041412591934204,0.579709529876709,0.008652649819850922,0.7147849798202515,0.5160202980041504,0.00851072184741497,0.7222961187362671,0.45667529106140137,0.007329682353883982,0.7369723320007324,0.4216419458389282,0.004430846776813269,0.6864824295043945,0.4686945974826813,-0.011322465725243092,0.678421139717102,0.3820069432258606,-0.016236208379268646,0.6719775199890137,0.3339490592479706,-0.01672406494617462,0.666985809803009,0.29990893602371216,-0.016752231866121292,0.6637502908706665,0.47743308544158936,-0.018694814294576645,0.6465781331062317,0.3838993012905121,-0.02500206232070923,0.6335052251815796,0.33399417996406555,-0.026111595332622528,0.6245644688606262,0.301575630903244,-0.02658034861087799,0.6419240832328796,0.49785956740379333,-0.02394002303481102,0.6237208247184753,0.4087837338447571,-0.029540006071329117,0.612210214138031,0.3614482879638672,-0.03125201538205147,0.6049133539199829,0.329565167427063,-0.03214909881353378,0.6216334700584412,0.5281260013580322,-0.027456343173980713,0.5994787216186523,0.4614056348800659,-0.03334192931652069,0.5880544781684875,0.42761415243148804,-0.03406515717506409,0.5804675221443176,0.40044137835502625,-0.03334026038646698
5,0.7323394417762756,0.684404730796814,1.0584945897562648e-07,0.7649413347244263,0.6268212795257568,0.016704954206943512,0.7828316688537598,0.5684179067611694,0.019474972039461136,0.7962355613708496,0.5143979787826538,0.020367734134197235,0.8136177659034729,0.4832432270050049,0.019232632592320442,0.7641972303390503,0.5152266025543213,-0.010124261491000652,0.765489935874939,0.4244314432144165,-0.01601913385093212,0.7628809213638306,0.372025728225708,-0.01571602374315262,0.7608475089073181,0.3340545892715454,-0.014856935478746891,0.7418689131736755,0.518981397151947,-0.020776310935616493,0.7336066961288452,0.41543757915496826,-0.031116731464862823,0.7246130108833313,0.3572266697883606,-0.032885946333408356,0.7183014750480652,0.3166831135749817,-0.03306996822357178,0.7177529335021973,0.5331161022186279,-0.02819756418466568,0.7067748308181763,0.4364798665046692,-0.03641831502318382,0.6987078189849854,0.38275450468063354,-0.03763996437191963,0.6940341591835022,0.3453318476676941,-0.037416037172079086,0.6931766271591187,0.5563225746154785,-0.03287142887711525,0.6737557053565979,0.48332467675209045,-0.03981337696313858,0.6644226908683777,0.4440954923629761,-0.04069193825125694,0.6584768295288086,0.41017425060272217,-0.0398516021668911
5,0.6654584407806396,0.7801783084869385,1.8964132664223143e-07,0.684161901473999,0.7085670828819275,0.005332238506525755,0.6909357905387878,0.6319922208786011,3.493574240565067e-06,0.6953295469284058,0.5681216716766357,-0.005646562669426203,0.710324227809906,0.5248652696609497,-0.013560316525399685,0.6721593737602234,0.6119959354400635,-0.028028877452015877,0.6578297019004822,0.5131485462188721,-0.03970611095428467,0.6483358144760132,0.45964983105659485,-0.04305499792098999,0.6411994695663452,0.4205297529697418,-0.044377755373716354,0.6513557434082031,0.6323949098587036,-0.03629964590072632,0.627574622631073,0.5300707817077637,-0.04774961993098259,0.6116530895233154,0.47317129373550415,-0.05077451467514038,0.6006549596786499,0.4336090683937073,-0.05311477184295654,0.6299389600753784,0.6589985489845276,-0.042082201689481735,0.6052263975143433,0.5671910643577576,-0.05099169537425041,0.5883906483650208,0.5143218636512756,-0.0537656769156456,0.5770271420478821,0.47794002294540405,-0.0560271218419075,0.6094194054603577,0.69105464220047,-0.046225398778915405,0.5836648941040039,0.625943124294281,-0.05458289757370949,0.5692071318626404,0.5913233757019043,-0.05638686195015907,0.5576018691062927,0.5629351139068604,-0.056973058730363846
5,0.6389225125312805,0.7889103293418884,2.4041582946665585e-07,0.6512801051139832,0.7171050310134888,0.0009734526393003762,0.6511892676353455,0.6397489905357361,-0.005682060960680246,0.6504219174385071,0.5751842260360718,-0.0119248628616333,0.6612476706504822,0.5299515724182129,-0.020221278071403503,0.6280267238616943,0.629350483417511,-0.030118823051452637,0.6056984066963196,0.5399700999259949,-0.04125458747148514,0.5904653668403625,0.49047625064849854,-0.04455478489398956,0.5782947540283203,0.4546702802181244,-0.04623790457844734,0.6075643301010132,0.6554594039916992,-0.03625582531094551,0.5729374289512634,0.5657644867897034,-0.04747958108782768,0.5513293147087097,0.5166487097740173,-0.05115728825330734,0.5357248783111572,0.48248374462127686,-0.054109472781419754,0.5877258777618408,0.6872208118438721,-0.04026268795132637,0.5536383390426636,0.6083342432975769,-0.04955214262008667,0.5325484275817871,0.5620708465576172,-0.054042670875787735,0.5180789232254028,0.5295206308364868,-0.05757065489888191,0.5698870420455933,0.7223263382911682,-0.0429467037320137,0.5382726192474365,0.6679852604866028,-0.05184803158044815,0.5209257006645203,0.6382633447647095,-0.05515297129750252,0.5070088505744934,0.6133540868759155,-0.05704018846154213
5,0.6842094659805298,0.8095927238464355,1.3419189315300173e-07,0.6471778750419617,0.7807637453079224,-0.011688649654388428,0.6185743808746338,0.7331357002258301,-0.01862531155347824,0.5963265895843506,0.69527268409729,-0.025572948157787323,0.5751892924308777,0.6700652241706848,-0.03278260678052902,0.6450666785240173,0.6481626629829407,-0.005606560036540031,0.6294625401496887,0.5908888578414917,-0.016587501391768456,0.6188099980354309,0.5572831630706787,-0.027078526094555855,0.6099082231521606,0.5254737138748169,-0.03512134775519371,0.6690436601638794,0.6348959803581238,-0.009537989273667336,0.6624923348426819,0.564075231552124,-0.0185023732483387,0.6563984155654907,0.5190280079841614,-0.027808016166090965,0.6500048041343689,0.47928398847579956,-0.035036712884902954,0.6923419237136841,0.6392956376075745,-0.015903262421488762,0.6912211775779724,0.5683536529541016,-0.026325566694140434,0.6882995963096619,0.5246984958648682,-0.033250126987695694,0.6834539175033569,0.48505085706710815,-0.0381288155913353,0.7140762805938721,0.6573431491851807,-0.023483771830797195,0.7182090878486633,0.6021085977554321,-0.03236206993460655,0.7189660668373108,0.564975917339325,-0.03539217263460159,0.7174596786499023,0.5302237868309021,-0.03749579191207886
5,0.6851595044136047,0.8990769982337952,1.0645040049439558e-07,0.6514834761619568,0.8699897527694702,-0.011268594302237034,0.62626051902771,0.8196350932121277,-0.018110817298293114,0.6083287000656128,0.7811107039451599,-0.024731529876589775,0.5903519988059998,0.7526693940162659,-0.03163055703043938,0.655525803565979,0.744408905506134,-0.008161953650414944,0.6447528600692749,0.6906790733337402,-0.019677618518471718,0.6367732882499695,0.6605402827262878,-0.030193518847227097,0.6296288967132568,0.6317348480224609,-0.038095276802778244,0.6795087456703186,0.7366327047348022,-0.012051734142005444,0.6762838363647461,0.6704713106155396,-0.021374670788645744,0.6727724075317383,0.6293527483940125,-0.030659060925245285,0.668864369392395,0.5909741520881653,-0.037857070565223694,0.7020289897918701,0.7459410429000854,-0.018024004995822906,0.7033076882362366,0.6811912655830383,-0.028820892795920372,0.7025487422943115,0.6411309242248535,-0.035625193268060684,0.7000164985656738,0.602576732635498,-0.040421225130558014,0.7223351001739502,0.7683805823326111,-0.025029625743627548,0.7281397581100464,0.7189819812774658,-0.03444357216358185,0.7303356528282166,0.6854701042175293,-0.037434790283441544,0.7302418947219849,0.6527296304702759,-0.039433885365724564
5,0.7408614754676819,0.8672637939453125,8.952547148055601e-08,0.7107547521591187,0.8314851522445679,-0.010287207551300526,0.6897204518318176,0.7805199027061462,-0.01632780022919178,0.6741765141487122,0.7415205240249634,-0.02234695851802826,0.6596696972846985,0.7105709910392761,-0.028379177674651146,0.7204858064651489,0.7118917107582092,-0.004220881033688784,0.7124102115631104,0.6616803407669067,-0.01427904237061739,0.7064439058303833,0.6336801052093506,-0.024202635511755943,0.7012762427330017,0.6070354580879211,-0.03165118396282196,0.7427285313606262,0.7064233422279358,-0.007510730065405369,0.7425330877304077,0.6451289057731628,-0.015002534724771976,0.7405675649642944,0.6074236035346985,-0.02316305600106716,0.7378227710723877,0.5725697875022888,-0.029588814824819565,0.7631322145462036,0.717272162437439,-0.013003624975681305,0.7668565511703491,0.6574772000312805,-0.0218034740537405,0.7672679424285889,0.621999979019165,-0.027377232909202576,0.7657032608985901,0.5880041122436523,-0.031352218240499496,0.7809088230133057,0.7407867312431335,-0.019624760374426842,0.7883558869361877,0.6961119174957275,-0.027135156095027924,0.7913053631782532,0.6660377979278564,-0.0292813777923584,0.7921059727668762,0.6365764141082764,-0.03068946674466133
5,0.7771523594856262,0.830825924873352,1.219371910110567e-07,0.7484959363937378,0.7989054918289185,-0.010596203617751598,0.7281923294067383,0.7527042031288147,-0.016356034204363823,0.7140932083129883,0.7156352996826172,-0.02169598639011383,0.7014315128326416,0.6855724453926086,-0.026846354827284813,0.7550641298294067,0.6849341988563538,-0.004234233405441046,0.7492820024490356,0.636944591999054,-0.01291490439325571,0.7455501556396484,0.6099390387535095,-0.021524950861930847,0.7427553534507751,0.5836918950080872,-0.028071118518710136,0.7768552899360657,0.6803534626960754,-0.006647210568189621,0.7781229615211487,0.6228250861167908,-0.013059007935225964,0.7779865264892578,0.5874437689781189,-0.020369311794638634,0.7772350907325745,0.5542443990707397,-0.02621046081185341,0.7961840629577637,0.6903467774391174,-0.01117004081606865,0.8003159761428833,0.6371744275093079,-0.018797026947140694,0.8017786145210266,0.604178249835968,-0.02372719906270504,0.8015900254249573,0.5727956295013428,-0.027314599603414536,0.8129133582115173,0.7112943530082703,-0.016842082142829895,0.8192239999771118,0.669714093208313,-0.02322346903383732,0.8225093483924866,0.6431139707565308,-0.02471889741718769,0.8242822885513306,0.6173089742660522,-0.025705412030220032
5,0.7822751998901367,0.7219430804252625,1.6207719966132572e-07,0.750282883644104,0.6909537315368652,-0.009426168166100979,0.7304617762565613,0.6409881711006165,-0.01334412395954132,0.7177544236183167,0.5979361534118652,-0.01712210848927498,0.7041015028953552,0.5681362152099609,-0.020820224657654762,0.757257342338562,0.5745556354522705,-0.0001097076601581648,0.7510153651237488,0.5259996056556702,-0.006295440718531609,0.7480452656745911,0.4959699511528015,-0.013473501428961754,0.7466388940811157,0.46871182322502136,-0.019257212057709694,0.7797358632087708,0.5688996315002441,-0.0023867145646363497,0.7806861996650696,0.5106237530708313,-0.006372696720063686,0.780923068523407,0.4742335081100464,-0.012506081722676754,0.7809300422668457,0.4428667426109314,-0.01757810264825821,0.7999752759933472,0.5779464244842529,-0.0067886472679674625,0.8039509057998657,0.5220938324928284,-0.012581801041960716,0.8057351112365723,0.4883939027786255,-0.017105715349316597,0.8067514896392822,0.45787501335144043,-0.02059137262403965,0.8184988498687744,0.5984697937965393,-0.012313681654632092,0.8266550898551941,0.5562392473220825,-0.01755581423640251,0.8311405181884766,0.5301434397697449,-0.01885121501982212,0.8341782093048096,0.5062820911407471,-0.019728900864720345
5,0.792818009853363,0.6667906045913696,1.5251410445671354e-07,0.7608715295791626,0.6333553194999695,-0.010447275824844837,0.7401586771011353,0.5799875259399414,-0.014536185190081596,0.7270508408546448,0.5347704887390137,-0.018155552446842194,0.7136247158050537,0.5024247169494629,-0.02146221697330475,0.7659900188446045,0.5115096569061279,-0.0021175278816372156,0.7593047618865967,0.45829689502716064,-0.008928133174777031,0.7556868195533752,0.42619216442108154,-0.016318602487444878,0.7538625001907349,0.3965698778629303,-0.02221520245075226,0.7889878153800964,0.5065887570381165,-0.0038747473154217005,0.7899236679077148,0.4456629753112793,-0.00815616361796856,0.7901048064231873,0.4073987603187561,-0.014296217821538448,0.7902380228042603,0.3737795054912567,-0.019434558227658272,0.8101619482040405,0.5164276957511902,-0.007749011740088463,0.8145344853401184,0.456838995218277,-0.013614636845886707,0.8165257573127747,0.42147162556648254,-0.01779053546488285,0.8174046874046326,0.38987869024276733,-0.02108127623796463,0.8292067050933838,0.5377457737922668,-0.012836901471018791,0.8369747400283813,0.4932922124862671,-0.018327517434954643,0.8407242298126221,0.46483051776885986,-0.019523005932569504,0.8431321382522583,0.43807995319366455,-0.020260747522115707
5,0.8068351745605469,0.6031976342201233,1.8146258184970065e-07,0.7713903784751892,0.569573700428009,-0.011996184475719929,0.7475619912147522,0.5113041996955872,-0.01629764214158058,0.7325677871704102,0.4602043330669403,-0.020052941516041756,0.717577338218689,0.4225899875164032,-0.02337990514934063,0.7729914784431458,0.4358433485031128,-0.0013770421501249075,0.7654550075531006,0.3783416152000427,-0.008921746164560318,0.7619171142578125,0.3430217504501343,-0.01713261380791664,0.7598534822463989,0.31039881706237793,-0.02379665896296501,0.7974992990493774,0.42968037724494934,-0.003195132128894329,0.7974628806114197,0.36307981610298157,-0.008439929224550724,0.7972654700279236,0.3222742974758148,-0.01562262699007988,0.7966892719268799,0.28577035665512085,-0.0214993953704834,0.8204322457313538,0.43932661414146423,-0.007521275896579027,0.8231647610664368,0.3749203085899353,-0.015001761727035046,0.8244171142578125,0.33623242378234863,-0.020343078300356865,0.824479341506958,0.3004242181777954,-0.024378448724746704,0.8419823050498962,0.46126002073287964,-0.013176935724914074,0.8493876457214355,0.41376957297325134,-0.02026127278804779,0.852945864200592,0.38350093364715576,-0.02239195816218853,0.8549225330352783,0.3541232943534851,-0.02378152310848236
5,0.7909396886825562,0.5382183790206909,1.9396236439206405e-07,0.7515622973442078,0.5051006078720093,-0.011343779042363167,0.7262465357780457,0.4453858435153961,-0.01582585833966732,0.7111111879348755,0.3937589228153229,-0.020035473629832268,0.6947168111801147,0.35625964403152466,-0.024050211533904076,0.7517691254615784,0.36737656593322754,-0.0011297992896288633,0.7421313524246216,0.307523250579834,-0.009111891500651836,0.7365701198577881,0.270423948764801,-0.017916489392518997,0.7326281070709229,0.23652100563049316,-0.02508142963051796,0.777435839176178,0.35813504457473755,-0.003684599883854389,0.7750063538551331,0.28889670968055725,-0.009599502198398113,0.7725950479507446,0.24604757130146027,-0.01793995127081871,0.7700749039649963,0.20724478363990784,-0.024756547063589096,0.8014222979545593,0.365083783864975,-0.00861695222556591,0.8017407059669495,0.29727306962013245,-0.016514532268047333,0.8007476925849915,0.2560240626335144,-0.022719064727425575,0.7985997796058655,0.21762649714946747,-0.027546074241399765,0.8243340253829956,0.3855929374694824,-0.014787884429097176,0.8310509920120239,0.3346649408340454,-0.02231231890618801,0.8333178758621216,0.3010367155075073,-0.024947350844740868,0.8334786891937256,0.268658846616745,-0.026807518675923347
5,0.7270656824111938,0.4244552254676819,2.1633475455473672e-07,0.6870146989822388,0.391601026058197,-0.011997399851679802,0.6604102253913879,0.33274930715560913,-0.01695164293050766,0.6442999243736267,0.279744952917099,-0.02136528491973877,0.6282793283462524,0.24084410071372986,-0.025477245450019836,0.6858544945716858,0.25078561902046204,-0.003804918145760894,0.6773155927658081,0.18513929843902588,-0.01267740223556757,0.6734040379524231,0.14542514085769653,-0.021343624219298363,0.6716183423995972,0.10949316620826721,-0.02807629108428955,0.7124550938606262,0.241520956158638,-0.006176188122481108,0.711330771446228,0.16703754663467407,-0.012078331783413887,0.7111474275588989,0.12124890089035034,-0.01946866326034069,0.7112635970115662,0.0804070383310318,-0.025523096323013306,0.7373307347297668,0.24911801517009735,-0.010961712338030338,0.7404263615608215,0.17808672785758972,-0.018865473568439484,0.7421780824661255,0.13441812992095947,-0.02436838485300541,0.7429366707801819,0.09476220607757568,-0.0286784116178751,0.7606721520423889,0.2700684070587158,-0.01705044135451317,0.7695291042327881,0.21828795969486237,-0.024469632655382156,0.7738919258117676,0.18408474326133728,-0.0266230758279562,0.7768245339393616,0.15105153620243073,-0.028074413537979126
5,0.6008660197257996,0.90692138671875,-1.8752322716864e-07,0.5648511052131653,0.8880448341369629,-0.0070341117680072784,0.5349114537239075,0.8480597734451294,-0.016862452030181885,0.5138057470321655,0.8230112791061401,-0.02773682028055191,0.4912741184234619,0.8102108240127563,-0.03861688822507858,0.5539637804031372,0.7840843796730042,-0.017002025619149208,0.5350552201271057,0.7331055402755737,-0.037857785820961,0.5171979069709778,0.7501336336135864,-0.05394873395562172,0.5044805407524109,0.7774519324302673,-0.0629189983010292,0.5757028460502625,0.7827175855636597,-0.024500301107764244,0.5642136335372925,0.7186426520347595,-0.04334153234958649,0.5478911399841309,0.7324289083480835,-0.05306345596909523,0.5375552177429199,0.7599296569824219,-0.057569973170757294,0.598081648349762,0.7959801554679871,-0.03345121070742607,0.5939785242080688,0.7330840229988098,-0.04947320371866226,0.5811148881912231,0.7431439161300659,-0.05256931856274605,0.5710611343383789,0.7642341256141663,-0.052948664873838425,0.6213611364364624,0.8196719288825989,-0.04303168132901192,0.6251251697540283,0.776522159576416,-0.055448416620492935,0.6170693635940552,0.7813647985458374,-0.05604272708296776,0.607810914516449,0.7969858646392822,-0.0550653375685215
5,0.6337969303131104,0.9799395203590393,-3.3809817523433594e-07,0.600624680519104,0.9723671078681946,-0.01276466902345419,0.5731040835380554,0.9502362012863159,-0.024781158193945885,0.5583855509757996,0.9333241581916809,-0.03611491620540619,0.5512734651565552,0.9241671562194824,-0.046798914670944214,0.5787658095359802,0.9001590609550476,-0.03225094452500343,0.5653127431869507,0.8839122653007507,-0.05671073496341705,0.5632297992706299,0.9245025515556335,-0.07136435061693192,0.5643979907035828,0.9565324783325195,-0.07907211780548096,0.6039420366287231,0.8914061784744263,-0.036864180117845535,0.5954849720001221,0.906748354434967,-0.058189757168293,0.5927115678787231,0.9504769444465637,-0.06313575804233551,0.5929509997367859,0.978150486946106,-0.06517501175403595,0.6305003762245178,0.8966376185417175,-0.042942605912685394,0.6275583505630493,0.9271325469017029,-0.06265392899513245,0.625964879989624,0.9638937711715698,-0.06032434105873108,0.6243172883987427,0.9905176162719727,-0.0569135844707489,0.6557180881500244,0.9082850217819214,-0.050178688019514084,0.6552740335464478,0.9348623156547546,-0.06503379344940186,0.6533333659172058,0.9651510715484619,-0.0626702755689621,0.6510958075523376,0.9870480298995972,-0.05890294909477234
5,0.644265353679657,0.5078604817390442,1.0583254095308803e-07,0.6121430993080139,0.5052953362464905,-0.001418738393113017,0.5909924507141113,0.4913659989833832,-0.007149086333811283,0.5738726258277893,0.48518988490104675,-0.015439614653587341,0.5645544528961182,0.47231325507164,-0.0236623827368021,0.6123635768890381,0.39548397064208984,0.002618091180920601,0.5975140333175659,0.3608049154281616,-0.0028413478285074234,0.5847140550613403,0.3432079255580902,-0.007323651574552059,0.5747538208961487,0.3331506848335266,-0.010458013042807579,0.616237998008728,0.38732680678367615,-0.0036369310691952705,0.5965728759765625,0.33626121282577515,-0.00926614087074995,0.5771818161010742,0.31575727462768555,-0.01356412936002016,0.5627235174179077,0.30694904923439026,-0.01619558222591877,0.6170932054519653,0.38984769582748413,-0.011224975809454918,0.5841521620750427,0.35217252373695374,-0.022632375359535217,0.5596069693565369,0.364271879196167,-0.0288225207477808,0.5451380014419556,0.3845932185649872,-0.031000345945358276,0.6124269962310791,0.4038762152194977,-0.018592413514852524,0.580193281173706,0.3937572240829468,-0.02906140498816967,0.5696195960044861,0.4162258207798004,-0.031879402697086334,0.5673949718475342,0.44238826632499695,-0.03226084262132645
5,0.7293878793716431,0.9857900142669678,-1.8770732523876177e-08,0.7762048244476318,0.9930533170700073,-0.0064989905804395676,0.8175419569015503,0.9634183645248413,-0.011947563849389553,0.8440964818000793,0.9312286972999573,-0.017520500347018242,0.8622025847434998,0.9335544109344482,-0.024794206023216248,0.8124419450759888,0.9393381476402283,-0.021260209381580353,0.8338948488235474,0.8916173577308655,-0.03499108552932739,0.8447118997573853,0.8740367889404297,-0.04500364139676094,0.8516846299171448,0.8689528107643127,-0.05243517458438873,0.7930303812026978,0.9284070730209351,-0.026625879108905792,0.8101765513420105,0.8775063157081604,-0.03958270326256752,0.8196806311607361,0.8588377237319946,-0.04677126184105873,0.8247761726379395,0.8551598191261292,-0.05346556752920151,0.7701071500778198,0.920243501663208,-0.0325687974691391,0.7823007702827454,0.8760252594947815,-0.046567972749471664,0.7913930416107178,0.8589572906494141,-0.052583444863557816,0.797596275806427,0.8548799753189087,-0.05792869254946709,0.7451120615005493,0.9147252440452576,-0.0387309305369854,0.7469615936279297,0.886248767375946,-0.052770595997571945,0.7486253380775452,0.8838375806808472,-0.05821889266371727,0.7505174279212952,0.8876844048500061,-0.06245088204741478
5,0.7180179953575134,0.7862189412117004,1.875275330576187e-07,0.6773329973220825,0.7471725940704346,-0.013733899220824242,0.6500469446182251,0.6845494508743286,-0.020660048350691795,0.6332475543022156,0.6307291388511658,-0.026959896087646484,0.6155133247375488,0.5910527110099792,-0.03344392776489258,0.6836771368980408,0.5947384238243103,-0.008220142684876919,0.6755074262619019,0.5229511260986328,-0.019840946421027184,0.6707665324211121,0.4792592525482178,-0.03069109097123146,0.6679113507270813,0.43906939029693604,-0.039081163704395294,0.7120433449745178,0.587367057800293,-0.011632447130978107,0.7125483751296997,0.5057418942451477,-0.02070600353181362,0.7117525339126587,0.4544859528541565,-0.030302785336971283,0.7108228206634521,0.40928375720977783,-0.03800282999873161,0.7378120422363281,0.5993849635124207,-0.01757078990340233,0.7424036264419556,0.5216500759124756,-0.028038766235113144,0.74395751953125,0.47371941804885864,-0.03507628291845322,0.744424045085907,0.4303646981716156,-0.0404801182448864,0.7611008882522583,0.6258808374404907,-0.02495432086288929,0.7691518068313599,0.5671723484992981,-0.034564804285764694,0.7728486657142639,0.5282011032104492,-0.037863194942474365,0.7753064632415771,0.49084997177124023,-0.0402195006608963
5,0.7093400359153748,0.592792272567749,1.8670542090148956e-07,0.6666979193687439,0.555637001991272,-0.010985582135617733,0.6362132430076599,0.4881974160671234,-0.015154076740145683,0.6163478493690491,0.43185245990753174,-0.01935766264796257,0.5946859121322632,0.3979887366294861,-0.023881560191512108,0.6663234233856201,0.3959604501724243,-0.001674981671385467,0.6552480459213257,0.3228284418582916,-0.010687227360904217,0.6494290828704834,0.27869728207588196,-0.020386667922139168,0.6460620164871216,0.23776791989803314,-0.028309838846325874,0.6943084597587585,0.3848994970321655,-0.0058550299145281315,0.6909099817276001,0.3002210259437561,-0.01236614491790533,0.6883475184440613,0.2469143569469452,-0.021385136991739273,0.6863271594047546,0.20067355036735535,-0.028941595926880836,0.720844566822052,0.3934561014175415,-0.012539486400783062,0.7218819856643677,0.3128463923931122,-0.020859984681010246,0.7211770415306091,0.2628883123397827,-0.028004728257656097,0.7196983695030212,0.2181476354598999,-0.03391529619693756,0.7455226182937622,0.41666874289512634,-0.020569805055856705,0.7519775629043579,0.356207937002182,-0.028401972725987434,0.7545563578605652,0.3168352246284485,-0.03140765056014061,0.7559431791305542,0.2788645625114441,-0.033943019807338715
5,0.7094305157661438,0.5284872055053711,1.5274298448275658e-07,0.6656398773193359,0.4939929246902466,-0.009433391503989697,0.634212851524353,0.42799264192581177,-0.011657129041850567,0.6146337389945984,0.3732203543186188,-0.014191397465765476,0.5941486358642578,0.340614914894104,-0.01698916405439377,0.664070725440979,0.33776259422302246,0.00200251373462379,0.6530089974403381,0.2666725218296051,-0.005766407120972872,0.64628666639328,0.22293353080749512,-0.014608239755034447,0.6412762999534607,0.1836441159248352,-0.021993232890963554,0.6916183829307556,0.32589852809906006,-0.002223278395831585,0.6873226165771484,0.2442825436592102,-0.007724214345216751,0.6845376491546631,0.19339968264102936,-0.015694208443164825,0.682155430316925,0.15003666281700134,-0.022316113114356995,0.7180823683738708,0.3330497145652771,-0.009024419821798801,0.7172433733940125,0.2545292377471924,-0.01664203219115734,0.7157585620880127,0.2071148306131363,-0.022637203335762024,0.7131633162498474,0.1652877777814865,-0.027527593076229095,0.7432968616485596,0.35500258207321167,-0.017118515446782112,0.7484380006790161,0.2962011396884918,-0.024404555559158325,0.749857485294342,0.2578572928905487,-0.026750721037387848,0.7499041557312012,0.2212541699409485,-0.028657563030719757
5,0.7855556011199951,0.6341894268989563,1.8733932449777058e-07,0.7465065717697144,0.5965205430984497,-0.013003657571971416,0.7199222445487976,0.530536413192749,-0.01768851839005947,0.7027751207351685,0.4756334125995636,-0.021817287430167198,0.6848161816596985,0.43971699476242065,-0.025549322366714478,0.7491504549980164,0.44777894020080566,-0.0019362537423148751,0.7433033585548401,0.37925681471824646,-0.01081572100520134,0.7404029965400696,0.3376477062702179,-0.020242437720298767,0.7391080260276794,0.29970163106918335,-0.02766197919845581,0.7750453352928162,0.4386408030986786,-0.004067679401487112,0.7752078771591187,0.3615371882915497,-0.009844290092587471,0.7751062512397766,0.31300804018974304,-0.017259899526834488,0.7750223875045776,0.271038293838501,-0.023474669083952904,0.799226701259613,0.44770199060440063,-0.008970932103693485,0.8022372722625732,0.3727159798145294,-0.01578027941286564,0.8028018474578857,0.32874369621276855,-0.01995822973549366,0.8021659255027771,0.28965723514556885,-0.023687778040766716,0.822091817855835,0.47092244029045105,-0.015595722943544388,0.8292440176010132,0.4162358343601227,-0.021494485437870026,0.832454264163971,0.38134416937828064,-0.02231632173061371,0.8343843817710876,0.348079115152359,-0.02317986823618412
5,0.7953103184700012,0.6979013681411743,1.7710650013214035e-07,0.7572904229164124,0.6610950231552124,-0.014019947499036789,0.7331972122192383,0.5946865081787109,-0.020064659416675568,0.7178354263305664,0.538867175579071,-0.025493796914815903,0.7016042470932007,0.4973318576812744,-0.030640706419944763,0.762721061706543,0.5131758451461792,-0.0040903459303081036,0.7583345770835876,0.447636216878891,-0.014665480703115463,0.7570593357086182,0.40646910667419434,-0.025286417454481125,0.7576492428779602,0.3696484863758087,-0.033609576523303986,0.789942741394043,0.5041436553001404,-0.006647343281656504,0.7918416261672974,0.42701128125190735,-0.014298107475042343,0.7932212352752686,0.3792240023612976,-0.023230381309986115,0.7946536540985107,0.33709442615509033,-0.03039352409541607,0.814275860786438,0.5139176845550537,-0.011922432109713554,0.8187288045883179,0.43903443217277527,-0.021162817254662514,0.822130560874939,0.39590203762054443,-0.026843583211302757,0.824040949344635,0.35658562183380127,-0.03127371892333031,0.8364474177360535,0.5393459796905518,-0.01880890689790249,0.8450424671173096,0.4855347275733948,-0.02708214707672596,0.8499376773834229,0.4515942931175232,-0.028943609446287155,0.8531356453895569,0.41911715269088745,-0.030253658071160316
5,0.733263373374939,0.7293626070022583,1.9413606366924796e-07,0.6911680698394775,0.6964418888092041,-0.012254764325916767,0.6619327068328857,0.6289874315261841,-0.017017468810081482,0.644564688205719,0.5706951022148132,-0.021553348749876022,0.625325083732605,0.5308822989463806,-0.026058213785290718,0.6885493993759155,0.5391643643379211,-0.0024761834647506475,0.6783456802368164,0.4718593955039978,-0.012380136176943779,0.6735343337059021,0.4299401044845581,-0.022348677739501,0.671546995639801,0.39150702953338623,-0.030226359143853188,0.7174780964851379,0.5242443084716797,-0.006198136135935783,0.7139889597892761,0.4393478333950043,-0.013089675456285477,0.7117478847503662,0.385783851146698,-0.02181253582239151,0.7102446556091309,0.3386728763580322,-0.02887926623225212,0.7451034784317017,0.5307791829109192,-0.012558363378047943,0.7458869814872742,0.4492301642894745,-0.021515535190701485,0.7467457056045532,0.4000341296195984,-0.02772700972855091,0.7466710209846497,0.35534411668777466,-0.03263355791568756,0.7710667252540588,0.5545045137405396,-0.02033214084804058,0.7773999571800232,0.494743674993515,-0.028394807130098343,0.7809505462646484,0.4563749432563782,-0.030315294861793518,0.7830280661582947,0.41972994804382324,-0.031770624220371246
5,0.6853868961334229,0.7432750463485718,1.4354966992868867e-07,0.6409221291542053,0.7086045145988464,-0.010123202577233315,0.6077896356582642,0.6393175721168518,-0.013418938964605331,0.5886470079421997,0.5817712545394897,-0.017032120376825333,0.5669563412666321,0.5464490056037903,-0.02085697092115879,0.6338462233543396,0.5476744174957275,0.000444698118371889,0.6186725497245789,0.4825548827648163,-0.009452142752707005,0.6095079183578491,0.44279664754867554,-0.019968630746006966,0.6026529669761658,0.40569818019866943,-0.028440525755286217,0.663173258304596,0.5325555801391602,-0.0044638230465352535,0.6560647487640381,0.4497111439704895,-0.011847343295812607,0.6504086256027222,0.3969213366508484,-0.02151753567159176,0.6449375152587891,0.34995824098587036,-0.02924945205450058,0.6915705800056458,0.5392348766326904,-0.011997278779745102,0.6895754933357239,0.4599666893482208,-0.021656883880496025,0.6865291595458984,0.41175979375839233,-0.028984488919377327,0.6819406747817993,0.36785590648651123,-0.03456852212548256,0.7184901833534241,0.5638867020606995,-0.02072601206600666,0.7231860756874084,0.5053377747535706,-0.029525356367230415,0.7229652404785156,0.4680558145046234,-0.032120950520038605,0.719913899898529,0.4327491521835327,-0.034054722636938095
5,0.6568368077278137,0.9111658930778503,-2.0266842426508447e-08,0.6153215169906616,0.8895375728607178,-0.013109268620610237,0.5814003944396973,0.8434682488441467,-0.025315171107649803,0.5592135787010193,0.809175968170166,-0.03754369542002678,0.5379853844642639,0.7767159342765808,-0.05016278848052025,0.6062588691711426,0.7563093900680542,-0.022079451009631157,0.5882099270820618,0.6945959329605103,-0.04573393240571022,0.5721221566200256,0.6781924366950989,-0.06455045193433762,0.5553893446922302,0.6724238395690918,-0.07636132091283798,0.6335945129394531,0.7493271231651306,-0.0292910598218441,0.625259518623352,0.6799894571304321,-0.04851798713207245,0.6141588091850281,0.6460029482841492,-0.06379858404397964,0.600723922252655,0.6190119981765747,-0.0745500847697258,0.6608043313026428,0.7645033597946167,-0.03871557489037514,0.6610239744186401,0.7044858932495117,-0.05842438340187073,0.6553220748901367,0.6721894145011902,-0.06886159628629684,0.6446406245231628,0.6413484811782837,-0.07565703988075256,0.6869537234306335,0.7953517436981201,-0.048843368887901306,0.69424968957901,0.7549101114273071,-0.06578706949949265,0.6938044428825378,0.7323602437973022,-0.07077767699956894,0.687475860118866,0.711495578289032,-0.07367036491632462
5,0.7271549701690674,0.9718723297119141,3.866779252348351e-08,0.7004434466362,0.9557777643203735,-0.025128277018666267,0.6796092391014099,0.9228529334068298,-0.04372353106737137,0.6627011895179749,0.8948881030082703,-0.060555629432201385,0.6464177966117859,0.8734769821166992,-0.07811278849840164,0.7229782938957214,0.8823392987251282,-0.03474727272987366,0.7249882817268372,0.8448997735977173,-0.053093232214450836,0.7228524088859558,0.8211081624031067,-0.06766752898693085,0.7211304306983948,0.8004779815673828,-0.07758215069770813,0.7498008012771606,0.8905684351921082,-0.03271766006946564,0.7615043520927429,0.8548517823219299,-0.04581218585371971,0.7685849070549011,0.8369343876838684,-0.055762581527233124,0.7755739092826843,0.8268077373504639,-0.06451018899679184,0.7696391940116882,0.9091970324516296,-0.032930243760347366,0.785591721534729,0.8764426708221436,-0.04558778181672096,0.7950800657272339,0.8608987331390381,-0.05357247218489647,0.8023226261138916,0.8512716293334961,-0.05982120707631111,0.7835396528244019,0.9339621663093567,-0.03538917750120163,0.8014095425605774,0.9134332537651062,-0.04492365941405296,0.8119264841079712,0.9107366800308228,-0.048611223697662354,0.8189417719841003,0.9107626676559448,-0.0518312007188797
5,0.7407140731811523,0.8114866614341736,2.0122239163811173e-07,0.7034070491790771,0.7810485363006592,-0.01422682125121355,0.6782405972480774,0.7247636914253235,-0.02109087072312832,0.6623275279998779,0.6755076050758362,-0.027004744857549667,0.644985556602478,0.6398866176605225,-0.03292364999651909,0.706501841545105,0.6400994658470154,-0.008333771489560604,0.6986236572265625,0.5764086246490479,-0.018435556441545486,0.6943116188049316,0.5370357036590576,-0.027956292033195496,0.6921948194503784,0.5004535913467407,-0.03549189120531082,0.7334766387939453,0.6323795914649963,-0.010542902164161205,0.7348634600639343,0.5591200590133667,-0.01827336847782135,0.7356171607971191,0.5133687257766724,-0.026831306517124176,0.7365342378616333,0.4720763564109802,-0.033742159605026245,0.7579007744789124,0.6427316069602966,-0.015132811851799488,0.7625748515129089,0.5727861523628235,-0.02466488629579544,0.7648488283157349,0.5295345783233643,-0.03113366849720478,0.76617032289505,0.4892480969429016,-0.03604573756456375,0.7797375321388245,0.6663864254951477,-0.02109624817967415,0.7874799370765686,0.6143900156021118,-0.029833462089300156,0.7916103601455688,0.5798946619033813,-0.032638732343912125,0.7945754528045654,0.5461101531982422,-0.03459649160504341
5,0.7377734780311584,0.5896583795547485,2.3066408516569936e-07,0.695698082447052,0.5531673431396484,-0.01333646196871996,0.6661895513534546,0.4893113374710083,-0.018965980038046837,0.6466189622879028,0.43383079767227173,-0.024028507992625237,0.6252049803733826,0.39965853095054626,-0.029069799929857254,0.6956245303153992,0.3999548554420471,-0.0048858849331736565,0.686048150062561,0.3260468542575836,-0.014441518113017082,0.6808469295501709,0.2805647552013397,-0.02403186447918415,0.6774937510490417,0.23931699991226196,-0.03159527853131294,0.7233988642692566,0.39099472761154175,-0.007517801132053137,0.7224697470664978,0.3078900873661041,-0.014197524636983871,0.7219470739364624,0.2559366822242737,-0.022571662440896034,0.7214096188545227,0.2105787992477417,-0.029390335083007812,0.7491795420646667,0.4000648856163025,-0.012671710923314095,0.7513768672943115,0.32159423828125,-0.021017858758568764,0.7518319487571716,0.27421849966049194,-0.027010753750801086,0.7510658502578735,0.23208609223365784,-0.031738393008708954,0.7730542421340942,0.42244309186935425,-0.019328339025378227,0.780186653137207,0.3642207384109497,-0.026942087337374687,0.7835924029350281,0.3272649943828583,-0.028950946405529976,0.7857881784439087,0.2921728491783142,-0.030393393710255623
5,0.7825637459754944,0.5707987546920776,2.099723843684842e-07,0.7404608726501465,0.5372360944747925,-0.013177220709621906,0.711103081703186,0.4748077094554901,-0.017663564532995224,0.6920048594474792,0.42315801978111267,-0.021448971703648567,0.6715882420539856,0.39191657304763794,-0.025042003020644188,0.7371988296508789,0.39001089334487915,-0.0034415314439684153,0.7269707918167114,0.31801995635032654,-0.011945041827857494,0.7217954397201538,0.2740057706832886,-0.020599955692887306,0.7180110216140747,0.23414908349514008,-0.027426771819591522,0.7635447382926941,0.3793836236000061,-0.005505741108208895,0.7614213824272156,0.3000890910625458,-0.011273556388914585,0.760111391544342,0.25107914209365845,-0.01876768469810486,0.7587918639183044,0.2088010162115097,-0.024892782792448997,0.7880104184150696,0.3862136900424957,-0.010178652592003345,0.7882921695709229,0.30975478887557983,-0.017503894865512848,0.7871409058570862,0.2644449472427368,-0.02258423902094364,0.7850633859634399,0.22446317970752716,-0.026673993095755577,0.8110199570655823,0.40573838353157043,-0.016393644735217094,0.8150371313095093,0.3477848172187805,-0.0230050440877676,0.8170123100280762,0.3115435242652893,-0.02435687556862831,0.8182371854782104,0.27714383602142334,-0.025426462292671204
5,0.8182976245880127,0.6279760003089905,1.2572166951940744e-07,0.7836116552352905,0.5910890102386475,-0.00783507525920868,0.7601763606071472,0.5324691534042358,-0.01044506672769785,0.7452657222747803,0.4864816665649414,-0.013456860557198524,0.7282476425170898,0.4570451080799103,-0.016722634434700012,0.7865572571754456,0.4585394859313965,0.000954568269662559,0.7786715030670166,0.39639991521835327,-0.0066195642575621605,0.7731893658638,0.35802242159843445,-0.014818769879639149,0.768883228302002,0.3235057294368744,-0.021397985517978668,0.8098308444023132,0.4513629972934723,-0.002949928166344762,0.80897057056427,0.38059183955192566,-0.008429327048361301,0.8075882196426392,0.3366566300392151,-0.015602001920342445,0.8057839274406433,0.2986243963241577,-0.02148183062672615,0.8313139081001282,0.4597232937812805,-0.009018284268677235,0.8330925703048706,0.392442524433136,-0.015587876550853252,0.8322558403015137,0.3528081774711609,-0.020757628604769707,0.8297569155693054,0.3173394203186035,-0.024991372600197792,0.85127854347229,0.48020413517951965,-0.016200436279177666,0.8569675087928772,0.43003496527671814,-0.022061806172132492,0.858152449131012,0.39807817339897156,-0.023946765810251236,0.8572434186935425,0.3673137128353119,-0.025576986372470856
5,0.820217490196228,0.7016876935958862,1.995513230212964e-07,0.7849581241607666,0.6680837869644165,-0.013801360502839088,0.7600837349891663,0.6125714778900146,-0.01989465020596981,0.7429813146591187,0.5644620656967163,-0.025114065036177635,0.7263326048851013,0.5308936834335327,-0.02994942106306553,0.7860628366470337,0.535250723361969,-0.0049698231741786,0.7791708707809448,0.4693794250488281,-0.014117156155407429,0.7765046954154968,0.42927438020706177,-0.023003969341516495,0.775886595249176,0.39348721504211426,-0.029756011441349983,0.8096215724945068,0.5266821980476379,-0.006487677339464426,0.8103270530700684,0.45305919647216797,-0.013231854885816574,0.8117028474807739,0.4072735607624054,-0.02067294716835022,0.813800573348999,0.36768627166748047,-0.02652585692703724,0.8305206894874573,0.5333872437477112,-0.010632493533194065,0.8332136869430542,0.4637065827846527,-0.018533162772655487,0.8348965048789978,0.4213428199291229,-0.02377985790371895,0.8363152146339417,0.38398003578186035,-0.027727816253900528,0.8496726751327515,0.551780641078949,-0.016346614807844162,0.8551151752471924,0.4994147717952728,-0.023055437952280045,0.8586386442184448,0.46608051657676697,-0.024928225204348564,0.8617820739746094,0.43427106738090515,-0.026297293603420258
5,0.8022849559783936,0.8129020929336548,1.7748676839346444e-07,0.7663499712944031,0.7808755040168762,-0.010057448409497738,0.7406942248344421,0.7279691696166992,-0.01353454403579235,0.7245000004768372,0.6821713447570801,-0.01675211265683174,0.7097723484039307,0.6507584452629089,-0.019797243177890778,0.7698290348052979,0.6517123579978943,-0.0015266073169186711,0.7637808322906494,0.5852635502815247,-0.008820584043860435,0.7616640329360962,0.5459232926368713,-0.016221271827816963,0.7606486082077026,0.5105239152908325,-0.022005489096045494,0.7925037145614624,0.6429581046104431,-0.0041004144586622715,0.7921784520149231,0.5684888958930969,-0.009141864255070686,0.7924389243125916,0.5230973362922668,-0.015190516598522663,0.7927080392837524,0.48520493507385254,-0.020109087228775024,0.8134550452232361,0.6491365432739258,-0.008987151086330414,0.8154449462890625,0.5779234766960144,-0.01520632766187191,0.8167324066162109,0.5358697772026062,-0.019379321485757828,0.817163348197937,0.4993092119693756,-0.02279166877269745,0.8338578939437866,0.6672656536102295,-0.015199352987110615,0.8392777442932129,0.6148069500923157,-0.020951446145772934,0.8419771790504456,0.5811120271682739,-0.02232888713479042,0.8440456390380859,0.5492472052574158,-0.023418676108121872
5,0.7259441018104553,0.8460003137588501,2.471352331667731e-07,0.690324068069458,0.8140175342559814,-0.016821134835481644,0.6647599935531616,0.7621291279792786,-0.026624515652656555,0.6436982750892639,0.7197454571723938,-0.035259876400232315,0.6232852339744568,0.6917375922203064,-0.043922051787376404,0.705649733543396,0.6722482442855835,-0.01215798407793045,0.7022296786308289,0.6084606647491455,-0.02260148525238037,0.701678454875946,0.5683023929595947,-0.03277266398072243,0.703345775604248,0.5322467684745789,-0.040993742644786835,0.7323286533355713,0.6662315726280212,-0.01380845345556736,0.7386031746864319,0.592755913734436,-0.021875862032175064,0.7424058318138123,0.5473407506942749,-0.030539754778146744,0.7466288805007935,0.5073009729385376,-0.037823908030986786,0.7556600570678711,0.6778824925422668,-0.017987621948122978,0.7669147849082947,0.6073265075683594,-0.028026213869452477,0.7737887501716614,0.56496661901474,-0.035053152590990067,0.7794423699378967,0.5260921716690063,-0.040583301335573196,0.7754042148590088,0.7030481100082397,-0.023829549551010132,0.7926204204559326,0.6544431447982788,-0.03298787772655487,0.8039503693580627,0.622847318649292,-0.03632025793194771,0.8134213089942932,0.5921262502670288,-0.03889365494251251
5,0.6434792876243591,0.8211196660995483,2.3019759964881814e-07,0.6038457155227661,0.7810826301574707,-0.01566937565803528,0.5715007781982422,0.7274777293205261,-0.025751370936632156,0.5447787642478943,0.689301609992981,-0.035320449620485306,0.5196076035499573,0.6632412672042847,-0.04529448598623276,0.6156898736953735,0.6364060640335083,-0.013855552300810814,0.6091000437736511,0.5653825402259827,-0.02619803324341774,0.6053104400634766,0.5232880711555481,-0.03721819072961807,0.6029229164123535,0.4847801625728607,-0.04583451524376869,0.644763708114624,0.6327107548713684,-0.017122497782111168,0.6490883231163025,0.5537066459655762,-0.026605449616909027,0.6518945097923279,0.5048403739929199,-0.036139827221632004,0.6546141505241394,0.4614660441875458,-0.04428485780954361,0.670817494392395,0.6464092135429382,-0.022951411083340645,0.683629035949707,0.5754458904266357,-0.034699857234954834,0.6912627816200256,0.5300880670547485,-0.04284709319472313,0.6963584423065186,0.48790818452835083,-0.04914301633834839,0.6931003332138062,0.6745045781135559,-0.03031310811638832,0.7134599089622498,0.6280202865600586,-0.04040621221065521,0.725269079208374,0.5939027667045593,-0.04439517483115196,0.7340956330299377,0.5608818531036377,-0.047689612954854965
5,0.617042064666748,0.678860604763031,2.5911973011716327e-07,0.575282633304596,0.6386675834655762,-0.01693406142294407,0.5394725203514099,0.5828214287757874,-0.028332456946372986,0.511011004447937,0.5403169989585876,-0.03928964585065842,0.48559999465942383,0.5116860270500183,-0.05074993520975113,0.5843244791030884,0.4788331091403961,-0.016040964052081108,0.5734823346138,0.4020175635814667,-0.030434543266892433,0.5670613050460815,0.3557668626308441,-0.04300716519355774,0.5629390478134155,0.3136475682258606,-0.05260572209954262,0.6154307723045349,0.4722619950771332,-0.01979038678109646,0.6188139319419861,0.38665664196014404,-0.03127218037843704,0.62025386095047,0.33355557918548584,-0.04207659512758255,0.6216142773628235,0.2867669463157654,-0.05091036111116409,0.6436708569526672,0.4848339557647705,-0.026285691186785698,0.6550275087356567,0.40658754110336304,-0.04000741243362427,0.6609002351760864,0.3570142090320587,-0.04936140775680542,0.6646539568901062,0.3117330074310303,-0.05632323399186134,0.6676901578903198,0.5128788948059082,-0.03441528230905533,0.6899661421775818,0.46028345823287964,-0.046601198613643646,0.7042688131332397,0.4236149191856384,-0.05162068456411362,0.715679943561554,0.389181911945343,-0.05534445494413376
5,0.6189313530921936,0.5877304077148438,2.709651027998916e-07,0.5763939023017883,0.5529249906539917,-0.01637110486626625,0.5406548976898193,0.4972988963127136,-0.026736827567219734,0.5115571618080139,0.4563761353492737,-0.036474067717790604,0.4841964840888977,0.4322194457054138,-0.046575166285037994,0.5777222514152527,0.39246630668640137,-0.015153884887695312,0.5623813271522522,0.31606853008270264,-0.028438393026590347,0.5538901090621948,0.2692955434322357,-0.03980366513133049,0.5490940809249878,0.22666575014591217,-0.048563867807388306,0.6076056957244873,0.3821580708026886,-0.018518362194299698,0.6065930724143982,0.2948404550552368,-0.02848866768181324,0.6060897707939148,0.24056647717952728,-0.0379401333630085,0.6065748929977417,0.19391748309135437,-0.045720405876636505,0.63581383228302,0.3920785188674927,-0.024512765929102898,0.6440601944923401,0.31049925088882446,-0.03648801147937775,0.6474836468696594,0.2599434554576874,-0.044491615146398544,0.648705244064331,0.21476233005523682,-0.050579484552145004,0.6612138748168945,0.4176578223705292,-0.03208575397729874,0.6777655482292175,0.36135387420654297,-0.04255886748433113,0.6861945390701294,0.3221345841884613,-0.04636206105351448,0.6913905739784241,0.2848999798297882,-0.04931020736694336
5,0.6497886180877686,0.5140199661254883,2.544777260027331e-07,0.6075647473335266,0.47747379541397095,-0.014509852975606918,0.5739587545394897,0.42017877101898193,-0.023358425125479698,0.5452224612236023,0.3764900267124176,-0.03185826912522316,0.5175517797470093,0.35357382893562317,-0.04056357592344284,0.6098141670227051,0.3179190456867218,-0.010219413787126541,0.5968850255012512,0.2416662573814392,-0.02106163650751114,0.5898365378379822,0.19476841390132904,-0.03085649013519287,0.5855392217636108,0.15367728471755981,-0.03865422308444977,0.6392844319343567,0.30905288457870483,-0.013669024221599102,0.6375244855880737,0.22425568103790283,-0.021511230617761612,0.6365005373954773,0.17181503772735596,-0.030000321567058563,0.6360750198364258,0.1269792765378952,-0.037023697048425674,0.6671037673950195,0.31982725858688354,-0.019608864560723305,0.6739108562469482,0.24049685895442963,-0.02994786761701107,0.6768852472305298,0.19172483682632446,-0.037335630506277084,0.6780004501342773,0.14937879145145416,-0.042913008481264114,0.6916689276695251,0.34612783789634705,-0.026957836002111435,0.7074946165084839,0.2918521761894226,-0.03633417561650276,0.7160112857818604,0.25315985083580017,-0.039746057242155075,0.7220399379730225,0.2174411565065384,-0.04222652316093445
5,0.8027924299240112,0.4878832995891571,1.997306924295117e-07,0.7695420384407043,0.4476608335971832,-0.014786958694458008,0.7434841394424438,0.38997405767440796,-0.022517817094922066,0.7220092415809631,0.3430379331111908,-0.029486918821930885,0.7013458609580994,0.31097960472106934,-0.03608780354261398,0.7732910513877869,0.3066016435623169,-0.007987366057932377,0.7669767141342163,0.23472526669502258,-0.018678879365324974,0.764794647693634,0.19107116758823395,-0.028262829408049583,0.7647886276245117,0.1526610255241394,-0.03548014163970947,0.7976928353309631,0.3030613362789154,-0.00953168235719204,0.7997755408287048,0.22650152444839478,-0.01678321324288845,0.8028698563575745,0.18138372898101807,-0.024009183049201965,0.8066018223762512,0.14296935498714447,-0.029810961335897446,0.8203232884407043,0.3159896433353424,-0.013691714964807034,0.8262200951576233,0.24440032243728638,-0.02178618311882019,0.8311416506767273,0.20331092178821564,-0.026355186477303505,0.8346916437149048,0.16752561926841736,-0.030042894184589386,0.8413116335868835,0.34129229187965393,-0.019575387239456177,0.8517132997512817,0.2918148338794708,-0.026077041402459145,0.858580470085144,0.2601204216480255,-0.027230223640799522,0.8641873598098755,0.23016512393951416,-0.028229858726263046
5,0.858059287071228,0.49750304222106934,2.38138426311707e-07,0.8299386501312256,0.45764362812042236,-0.013686059042811394,0.8100329637527466,0.4001708924770355,-0.01910305954515934,0.7969760894775391,0.3517151176929474,-0.023388002067804337,0.7826474905014038,0.3177073001861572,-0.026972748339176178,0.8367027640342712,0.3317350745201111,-0.004954303614795208,0.8352444171905518,0.2665541172027588,-0.01307950634509325,0.8369168043136597,0.22789660096168518,-0.020671386271715164,0.839975893497467,0.1936139166355133,-0.02636639215052128,0.8572871088981628,0.33145591616630554,-0.005217389669269323,0.8632434606552124,0.2631543278694153,-0.01048086117953062,0.8695275783538818,0.22353677451610565,-0.01603858172893524,0.8755139112472534,0.19095928966999054,-0.020426416769623756,0.8753581643104553,0.3454103469848633,-0.008046085014939308,0.8832216858863831,0.2818077504634857,-0.014686553739011288,0.8888583779335022,0.2460913062095642,-0.0183084886521101,0.8935816287994385,0.21513749659061432,-0.021061021834611893,0.8918463587760925,0.3697235584259033,-0.012465424835681915,0.9020113945007324,0.3257274329662323,-0.018282119184732437,0.9094210863113403,0.29870447516441345,-0.019538231194019318,0.916434109210968,0.2729029357433319,-0.020388871431350708
5,0.8568233251571655,0.5146657228469849,2.4373258611376514e-07,0.8292860984802246,0.4733527898788452,-0.014314557425677776,0.8098862171173096,0.41257211565971375,-0.019642988219857216,0.7956182956695557,0.36294013261795044,-0.023764202371239662,0.7805426120758057,0.32948434352874756,-0.027180388569831848,0.8363209962844849,0.3458927869796753,-0.004465964622795582,0.8353103995323181,0.2801504135131836,-0.012910960242152214,0.8373872637748718,0.2406945824623108,-0.02082701399922371,0.8408475518226624,0.20614050328731537,-0.026710789650678635,0.8574053645133972,0.3458516597747803,-0.004318275488913059,0.8644649982452393,0.27694547176361084,-0.009806147776544094,0.8711156249046326,0.23676148056983948,-0.015701424330472946,0.8773811459541321,0.20353350043296814,-0.02024235390126705,0.875980794429779,0.36003541946411133,-0.006874048616737127,0.8842337131500244,0.2964232861995697,-0.013525267131626606,0.8900623917579651,0.2595594525337219,-0.017413970082998276,0.8951219916343689,0.22781166434288025,-0.02028665691614151,0.8926864862442017,0.3844705820083618,-0.011097883805632591,0.9027988314628601,0.3404604196548462,-0.016636833548545837,0.9099823236465454,0.31251370906829834,-0.017979780212044716,0.9169754981994629,0.28594908118247986,-0.01892087236046791
5,0.7187028527259827,0.5370957851409912,2.3747159616505087e-07,0.6767562031745911,0.5040375590324402,-0.01411020290106535,0.6452691555023193,0.44379687309265137,-0.02126355469226837,0.621058464050293,0.39424145221710205,-0.02764858864247799,0.5970293283462524,0.36472100019454956,-0.03384476900100708,0.675988495349884,0.3463028073310852,-0.005906418897211552,0.6662260293960571,0.27483659982681274,-0.014914938248693943,0.6611922383308411,0.23157986998558044,-0.024011706933379173,0.6585500836372375,0.1935373842716217,-0.03140932321548462,0.7053344249725342,0.33502519130706787,-0.008436847478151321,0.7045760154724121,0.25420960783958435,-0.014278260059654713,0.7048964500427246,0.20532913506031036,-0.021619105711579323,0.7053143382072449,0.1629541665315628,-0.02793685346841812,0.7326912879943848,0.34308600425720215,-0.013605363667011261,0.7364208698272705,0.2661401331424713,-0.021535446867346764,0.7393112182617188,0.21951624751091003,-0.027045322582125664,0.7406730651855469,0.1777619868516922,-0.03166034445166588,0.7572678327560425,0.366316020488739,-0.02033521607518196,0.7669271230697632,0.3101157248020172,-0.027341879904270172,0.7723764181137085,0.2735915184020996,-0.029046593233942986,0.7760406732559204,0.2391113042831421,-0.030519789084792137
5,0.5650802850723267,0.563587486743927,1.5783254525558732e-07,0.5193023085594177,0.5401619076728821,-0.012404689565300941,0.4792133867740631,0.48196572065353394,-0.01880493573844433,0.45008763670921326,0.43851399421691895,-0.025064358487725258,0.42209842801094055,0.4157593548297882,-0.031619492918252945,0.5074366927146912,0.3688582181930542,-0.00597011623904109,0.4864423871040344,0.30219101905822754,-0.016516242176294327,0.47238779067993164,0.2614861726760864,-0.027196690440177917,0.46019652485847473,0.22484558820724487,-0.03606904298067093,0.5361983180046082,0.3521266281604767,-0.010854274965822697,0.524436891078949,0.2706677317619324,-0.01860749162733555,0.5160966515541077,0.2203862965106964,-0.027803096920251846,0.5075417160987854,0.1776251494884491,-0.03570162504911423,0.5653423070907593,0.35808199644088745,-0.018367299810051918,0.5626586675643921,0.27701976895332336,-0.028597120195627213,0.5583507418632507,0.22623111307621002,-0.036367952823638916,0.5519548058509827,0.18067091703414917,-0.0427544042468071,0.5926260948181152,0.38228896260261536,-0.02719658799469471,0.598264753818512,0.32174015045166016,-0.036992281675338745,0.5986171960830688,0.2795974612236023,-0.04073735326528549,0.5960599184036255,0.24032463133335114,-0.04386868327856064
5,0.6142747402191162,0.46607130765914917,1.966286617971491e-07,0.5700844526290894,0.4356176257133484,-0.013798533007502556,0.5334349870681763,0.3749161660671234,-0.020749706774950027,0.5059792995452881,0.3277203440666199,-0.027240317314863205,0.4793373644351959,0.3020801246166229,-0.03391436114907265,0.5644674301147461,0.2732921242713928,-0.008034851402044296,0.5476594567298889,0.20233756303787231,-0.018940040841698647,0.5372720956802368,0.1584741473197937,-0.029444696381688118,0.5296846628189087,0.11823558807373047,-0.037988025695085526,0.593417227268219,0.2607395052909851,-0.011581494472920895,0.5868009328842163,0.18061742186546326,-0.02005845308303833,0.5818824768066406,0.1291562020778656,-0.029579689726233482,0.5773886442184448,0.08293838798999786,-0.03747114911675453,0.6221476197242737,0.2675342559814453,-0.017654549330472946,0.6226516962051392,0.18803906440734863,-0.028636610135436058,0.6211316585540771,0.13710662722587585,-0.03642520681023598,0.6178313493728638,0.09030656516551971,-0.04237356036901474,0.6492555141448975,0.2900278568267822,-0.02506338804960251,0.6572126746177673,0.2308078110218048,-0.03525760397315025,0.6594102382659912,0.18905773758888245,-0.03905722126364708,0.6592233180999756,0.14879846572875977,-0.041894469410181046
5,0.6486266255378723,0.6233025789260864,1.672542850883474e-07,0.6046954989433289,0.5945408940315247,-0.014989717863500118,0.5693041086196899,0.5332136154174805,-0.022531380876898766,0.5423939824104309,0.48542895913124084,-0.02974020317196846,0.5164874792098999,0.4534788727760315,-0.03679542988538742,0.6010628342628479,0.427268922328949,-0.005189336370676756,0.5865774750709534,0.3609730899333954,-0.01643657684326172,0.5778287053108215,0.32099321484565735,-0.027945835143327713,0.5703458786010742,0.28487563133239746,-0.03702046722173691,0.6302765607833862,0.4146672487258911,-0.008674848824739456,0.625636100769043,0.3372563123703003,-0.01683000661432743,0.6227447390556335,0.2890596389770508,-0.026272611692547798,0.6196848154067993,0.24648892879486084,-0.03384556993842125,0.6586665511131287,0.421636700630188,-0.015267879702150822,0.6605454087257385,0.34655699133872986,-0.025648407638072968,0.6606951355934143,0.2992253303527832,-0.03254387155175209,0.6585968732833862,0.25541192293167114,-0.03780917450785637,0.6847625374794006,0.4452878534793854,-0.023588579148054123,0.6937260627746582,0.39033764600753784,-0.03251459077000618,0.6979043483734131,0.3531847894191742,-0.03515538200736046,0.6997619867324829,0.31769832968711853,-0.03720870241522789
5,0.6590700745582581,0.8236973285675049,1.2102530888569163e-07,0.6198959946632385,0.7874895334243774,-0.012501480989158154,0.5914363265037537,0.7267278432846069,-0.018989289179444313,0.5709776878356934,0.6767590641975403,-0.025378497317433357,0.548585057258606,0.644344687461853,-0.03171628713607788,0.6317526698112488,0.6445551514625549,-0.00427978252992034,0.625215470790863,0.5848131775856018,-0.013371363282203674,0.6205362677574158,0.5511125326156616,-0.022975372150540352,0.6158146858215332,0.519666850566864,-0.030922114849090576,0.6601056456565857,0.639973521232605,-0.007755018770694733,0.6624436378479004,0.5730839967727661,-0.014156593941152096,0.6634052395820618,0.5336669087409973,-0.022408122196793556,0.6634158492088318,0.4969034790992737,-0.029609017074108124,0.6857026219367981,0.652682900428772,-0.013819895684719086,0.6944110989570618,0.5882364511489868,-0.02308042161166668,0.7000319361686707,0.5480935573577881,-0.02944372221827507,0.7028964161872864,0.5095905065536499,-0.03459307551383972,0.7075532674789429,0.6800888776779175,-0.021251434460282326,0.722757875919342,0.6375874876976013,-0.02969573251903057,0.7306344509124756,0.6069587469100952,-0.03239123895764351,0.7355659008026123,0.5768654942512512,-0.03465421870350838
5,0.6806179285049438,0.821698784828186,1.4860832209251384e-07,0.6449788212776184,0.7740275859832764,-0.010138248093426228,0.6218864917755127,0.7071112394332886,-0.014348187483847141,0.6037997603416443,0.6580213308334351,-0.018690090626478195,0.5852357149124146,0.6243091225624084,-0.02317460998892784,0.6647810339927673,0.6377044916152954,-0.0015262903179973364,0.6598972678184509,0.5763739943504333,-0.008909295313060284,0.6571800112724304,0.5394033789634705,-0.01710016280412674,0.6549084186553955,0.5050610899925232,-0.02409110963344574,0.6919372081756592,0.638392984867096,-0.0050010099075734615,0.6977347731590271,0.5720627903938293,-0.010266253724694252,0.6999446153640747,0.5317575931549072,-0.017996469512581825,0.7010206580162048,0.494301438331604,-0.024634484201669693,0.71598219871521,0.6554094552993774,-0.010768086649477482,0.7273620963096619,0.5927042365074158,-0.018719736486673355,0.7328841686248779,0.55250483751297,-0.02547920122742653,0.7360387444496155,0.513637363910675,-0.030909892171621323,0.7355512976646423,0.6854016184806824,-0.017602644860744476,0.752478837966919,0.6434950828552246,-0.02507791668176651,0.7614105939865112,0.6136050820350647,-0.02797786518931389,0.7671100497245789,0.5830146670341492,-0.0303925983607769
5,0.7257959246635437,0.7851721048355103,1.5532667418938217e-07,0.6947962045669556,0.7380257248878479,-0.010484039783477783,0.6756396889686584,0.6730790734291077,-0.015622948296368122,0.6616685390472412,0.6238182783126831,-0.02054731175303459,0.646103024482727,0.5878912210464478,-0.025328848510980606,0.7172021269798279,0.6069165468215942,-0.002923480235040188,0.715142011642456,0.5464838743209839,-0.010251187719404697,0.7139341235160828,0.5109471082687378,-0.018070390447974205,0.713582456111908,0.4796682298183441,-0.02453376166522503,0.7431262135505676,0.6115688681602478,-0.006039217114448547,0.7510422468185425,0.5462877750396729,-0.011058413423597813,0.7551685571670532,0.5069193243980408,-0.017691075801849365,0.7577458024024963,0.4724828600883484,-0.02339719794690609,0.7652257680892944,0.6311558485031128,-0.011462060734629631,0.7780194282531738,0.569248378276825,-0.019139593467116356,0.7840096354484558,0.53093022108078,-0.024866333231329918,0.787206768989563,0.4951600432395935,-0.029400890693068504,0.7829188704490662,0.6626466512680054,-0.01798124611377716,0.800998330116272,0.6221359968185425,-0.025159679353237152,0.810964822769165,0.594632625579834,-0.027620555832982063,0.8177863955497742,0.56694495677948,-0.02954212576150894
5,0.6479186415672302,0.7749103903770447,1.3870307213892374e-07,0.6069631576538086,0.7485288381576538,-0.010111229494214058,0.5754730701446533,0.6907736659049988,-0.014480037614703178,0.5525432229042053,0.6483880281448364,-0.018941262736916542,0.5289121270179749,0.6235932111740112,-0.023403087630867958,0.6047477722167969,0.5976220965385437,-0.001011178595945239,0.5897802710533142,0.5384277105331421,-0.008537434041500092,0.5795896649360657,0.5042120218276978,-0.017162926495075226,0.570279598236084,0.47374969720840454,-0.02454758808016777,0.6316918134689331,0.5875418186187744,-0.005061067640781403,0.6252008080482483,0.5185770988464355,-0.010468457825481892,0.6194243431091309,0.4766865372657776,-0.01858242228627205,0.6124926805496216,0.44060665369033813,-0.025617994368076324,0.6578113436698914,0.5952680110931396,-0.01152091845870018,0.6578594446182251,0.5259794592857361,-0.02012653648853302,0.6549506783485413,0.48225706815719604,-0.02737024798989296,0.649175226688385,0.44215452671051025,-0.03316802904009819,0.6815581321716309,0.618227481842041,-0.019017916172742844,0.6921250224113464,0.5664257407188416,-0.027505574747920036,0.6953619122505188,0.5306309461593628,-0.031151916831731796,0.6945969462394714,0.4962950348854065,-0.03410899266600609
5,0.6807776689529419,0.764914870262146,1.935412825559979e-07,0.6403728723526001,0.7377817630767822,-0.014055916108191013,0.6076850891113281,0.6866817474365234,-0.022532721981406212,0.5824201107025146,0.6448449492454529,-0.030398476868867874,0.5584359169006348,0.6194651126861572,-0.03855137899518013,0.6381094455718994,0.5875734686851501,-0.011515986174345016,0.6215322613716125,0.5181804299354553,-0.023420067504048347,0.611028790473938,0.4752679467201233,-0.03409220650792122,0.6034649610519409,0.43687722086906433,-0.042466841638088226,0.6651263236999512,0.5741361379623413,-0.015264958143234253,0.6583293676376343,0.4924265146255493,-0.024711497128009796,0.6530847549438477,0.4413953423500061,-0.034123875200748444,0.6482860445976257,0.3980909585952759,-0.04162630811333656,0.6917546391487122,0.5811247229576111,-0.02133057825267315,0.6929238438606262,0.501797080039978,-0.03254730626940727,0.692248523235321,0.45292165875434875,-0.03989161550998688,0.6897919178009033,0.40869927406311035,-0.04546172544360161,0.7164824604988098,0.6041712164878845,-0.028697367757558823,0.7256566882133484,0.5459680557250977,-0.03861392289400101,0.730201244354248,0.5066732168197632,-0.04180356487631798,0.7326547503471375,0.46874964237213135,-0.044165730476379395
5,0.6990855932235718,0.7394066452980042,2.2211260386484355e-07,0.6610578298568726,0.7068778872489929,-0.014594245702028275,0.6318082809448242,0.652962327003479,-0.02285258285701275,0.6100131869316101,0.607772946357727,-0.030189264565706253,0.5877864956855774,0.5800755023956299,-0.03777535632252693,0.6653923392295837,0.5612809658050537,-0.01263780053704977,0.653594970703125,0.4912561774253845,-0.02380736917257309,0.6465523838996887,0.4477284550666809,-0.03367774188518524,0.6423178315162659,0.40786075592041016,-0.0415278859436512,0.6921277046203613,0.5519528388977051,-0.01548427902162075,0.6904117465019226,0.47250571846961975,-0.02482474409043789,0.688943088054657,0.42185908555984497,-0.034001681953668594,0.6879615187644958,0.3772505223751068,-0.041347842663526535,0.7170152068138123,0.5618497133255005,-0.020533375442028046,0.7216963768005371,0.4871527850627899,-0.032039541751146317,0.7235753536224365,0.4401760697364807,-0.03981788456439972,0.7238247990608215,0.3968488872051239,-0.04548589512705803,0.7395116686820984,0.5854784846305847,-0.02684735879302025,0.7523244619369507,0.5289085507392883,-0.03720952197909355,0.7596457004547119,0.4913398325443268,-0.041120514273643494,0.7648692727088928,0.45427393913269043,-0.043900810182094574
5,0.7040725946426392,0.721402108669281,1.9966758202372148e-07,0.6681567430496216,0.6786208152770996,-0.0120778176933527,0.6421816945075989,0.6145569682121277,-0.018187306821346283,0.62139493227005,0.5658965706825256,-0.024016451090574265,0.5999807119369507,0.5375614166259766,-0.030021151527762413,0.6845795512199402,0.5319226384162903,-0.007523679174482822,0.6758755445480347,0.4559217691421509,-0.016644423827528954,0.671393096446991,0.41082265973091125,-0.025022579357028008,0.6680116653442383,0.3734795153141022,-0.03157403692603111,0.7118694186210632,0.5303484797477722,-0.010623066686093807,0.7152297496795654,0.44749653339385986,-0.017185809090733528,0.7161538004875183,0.3973882794380188,-0.024537356570363045,0.7151413559913635,0.35811007022857666,-0.030479783192276955,0.7361112833023071,0.5461235046386719,-0.01600964181125164,0.7480672001838684,0.4740285873413086,-0.024253804236650467,0.7532762885093689,0.42966410517692566,-0.030826430767774582,0.7549331784248352,0.39171433448791504,-0.035966914147138596,0.7567949295043945,0.5757563710212708,-0.022653095424175262,0.7760481238365173,0.5298412442207336,-0.029809176921844482,0.7863391041755676,0.4993216395378113,-0.03243723884224892,0.7926561832427979,0.4709917902946472,-0.034598980098962784
5,0.6997978091239929,0.7349467873573303,2.455120409194933e-07,0.6638409495353699,0.6961455345153809,-0.014494234696030617,0.6385712623596191,0.6369204521179199,-0.023257866501808167,0.6186032295227051,0.5880675911903381,-0.031533706933259964,0.5964308977127075,0.5575805902481079,-0.040439873933792114,0.6816788911819458,0.5514196157455444,-0.015211236663162708,0.6743969321250916,0.4759475588798523,-0.02718261070549488,0.6701215505599976,0.4279789328575134,-0.03722601383924484,0.6673651933670044,0.3869513273239136,-0.045105207711458206,0.7101137638092041,0.5495944619178772,-0.018513767048716545,0.7171816229820251,0.46565932035446167,-0.027908576652407646,0.7202025055885315,0.4113379120826721,-0.03735256567597389,0.721629798412323,0.36607813835144043,-0.04492393136024475,0.7338758707046509,0.5669171810150146,-0.023877987638115883,0.7513865232467651,0.49315598607063293,-0.03651970997452736,0.7597898244857788,0.44677239656448364,-0.04675310105085373,0.764718770980835,0.40472015738487244,-0.054255541414022446,0.7527034878730774,0.6000171303749084,-0.030297067016363144,0.7799524068832397,0.5650013089179993,-0.043329957872629166,0.7963430881500244,0.5391904711723328,-0.04995029419660568,0.8087896108627319,0.5129783749580383,-0.05445288494229317
5,0.6949042677879333,0.7333025336265564,2.7224177756579593e-07,0.6587572693824768,0.6975361108779907,-0.01642317697405815,0.6322149634361267,0.6430860161781311,-0.026141665875911713,0.6115843653678894,0.597889244556427,-0.03493938967585564,0.589633584022522,0.5693168640136719,-0.04411759227514267,0.6739612817764282,0.5543156862258911,-0.015996621921658516,0.6682178974151611,0.4812219440937042,-0.02781059220433235,0.6651586294174194,0.4344865083694458,-0.03770916908979416,0.6640912890434265,0.3941929042339325,-0.04556919261813164,0.7020648121833801,0.5505545735359192,-0.01853237673640251,0.7096448540687561,0.46874505281448364,-0.028393125161528587,0.7132809162139893,0.41637229919433594,-0.037849172949790955,0.7159499526023865,0.37104809284210205,-0.04540223255753517,0.725835382938385,0.5650423765182495,-0.02339182235300541,0.7404794096946716,0.4913567900657654,-0.03626551479101181,0.7483965754508972,0.44410502910614014,-0.04619738087058067,0.7534801959991455,0.4002419710159302,-0.05344988405704498,0.7451088428497314,0.5942251086235046,-0.029547009617090225,0.7691400647163391,0.55335533618927,-0.04216870665550232,0.7841863632202148,0.5242688059806824,-0.04840458929538727,0.7960069179534912,0.49529609084129333,-0.05277503281831741
5,0.6601675748825073,0.6599819660186768,2.3284196970507764e-07,0.6199196577072144,0.6283260583877563,-0.012892192229628563,0.59200519323349,0.5652076005935669,-0.018312830477952957,0.5736536383628845,0.5099433064460754,-0.023379463702440262,0.5529009103775024,0.4760327935218811,-0.02868589013814926,0.6231054663658142,0.4724227786064148,-0.006622015964239836,0.6111701130867004,0.4016849100589752,-0.016317712143063545,0.604549765586853,0.3569636046886444,-0.025487637147307396,0.6009074449539185,0.3170149326324463,-0.03299099579453468,0.6518978476524353,0.4633224904537201,-0.010090481489896774,0.6506978273391724,0.38120463490486145,-0.017626138404011726,0.6491350531578064,0.3285779356956482,-0.02656453102827072,0.6474014520645142,0.2834179401397705,-0.033840857446193695,0.678596019744873,0.47296854853630066,-0.016007572412490845,0.6842278242111206,0.396457314491272,-0.027122680097818375,0.6856881380081177,0.3473184108734131,-0.03590235114097595,0.6855702996253967,0.30288833379745483,-0.042309340089559555,0.7023183703422546,0.4978680908679962,-0.023097196593880653,0.7201396226882935,0.4442123770713806,-0.03404271602630615,0.7311078310012817,0.4075890779495239,-0.03910265490412712,0.7394970059394836,0.3727765679359436,-0.04265189543366432
5,0.6626931428909302,0.6185106039047241,2.1518364690109593e-07,0.6205019950866699,0.5895254611968994,-0.011679012328386307,0.5903688073158264,0.5239558219909668,-0.015258580446243286,0.5723353624343872,0.4665818512439728,-0.018683072179555893,0.551513671875,0.43054646253585815,-0.022229770198464394,0.6171677708625793,0.43574851751327515,-0.0028507390525192022,0.6036478281021118,0.3657514154911041,-0.011642985977232456,0.5961742997169495,0.3211534023284912,-0.0200650691986084,0.5915200710296631,0.2814702093601227,-0.026978055015206337,0.6457672715187073,0.4235241711139679,-0.006550791207700968,0.641574501991272,0.34104228019714355,-0.013658498413860798,0.6385093331336975,0.28817546367645264,-0.022273721173405647,0.6358513832092285,0.2436986267566681,-0.029165614396333694,0.672993004322052,0.4297052323818207,-0.012800108641386032,0.6737285256385803,0.3540360629558563,-0.023540964350104332,0.6716786026954651,0.30317753553390503,-0.03196597099304199,0.6689974069595337,0.2587594985961914,-0.03807583823800087,0.69850754737854,0.45057213306427,-0.02015628106892109,0.7115275859832764,0.3944052457809448,-0.03027728758752346,0.7188543081283569,0.3563426733016968,-0.03464709594845772,0.7237372994422913,0.3206910490989685,-0.03783527761697769
5,0.6724345684051514,0.7398568391799927,1.762837200658396e-07,0.6321446299552917,0.7084424495697021,-0.009930851869285107,0.6040116548538208,0.6492912173271179,-0.013936107978224754,0.5867066383361816,0.5997453927993774,-0.017996668815612793,0.5688803195953369,0.5659231543540955,-0.022155610844492912,0.6309317946434021,0.5651680827140808,-0.0025902946945279837,0.618600606918335,0.4985787868499756,-0.011215551756322384,0.6115365028381348,0.4567926228046417,-0.019740214571356773,0.6072272062301636,0.4207441806793213,-0.026590902358293533,0.6574766635894775,0.5550040006637573,-0.006674000062048435,0.6538842916488647,0.4776305854320526,-0.013574471697211266,0.651573896408081,0.4293874204158783,-0.021739346906542778,0.6494117975234985,0.38914212584495544,-0.028257938101887703,0.6829545497894287,0.5606815218925476,-0.013043250888586044,0.6832075715065002,0.48536428809165955,-0.022425666451454163,0.6824895143508911,0.438245952129364,-0.029576878994703293,0.680534839630127,0.3968682289123535,-0.034982115030288696,0.7068564295768738,0.580086886882782,-0.02042093686759472,0.7177194356918335,0.5252215266227722,-0.029042785987257957,0.7236343622207642,0.48746347427368164,-0.03254365175962448,0.7274625301361084,0.451644629240036,-0.03519592434167862
5,0.6807243824005127,0.8503780364990234,1.5547666976090113e-07,0.6429185271263123,0.816644549369812,-0.010872273705899715,0.6183866858482361,0.7591999173164368,-0.015456044115126133,0.6024818420410156,0.7122383117675781,-0.01976691000163555,0.5867579579353333,0.6776460409164429,-0.02385704405605793,0.6511027812957764,0.6804795265197754,-0.0017449854640290141,0.6435571908950806,0.6237501502037048,-0.009086249396204948,0.6389976739883423,0.5890203714370728,-0.017179567366838455,0.6357681751251221,0.5570552349090576,-0.024025563150644302,0.6775509715080261,0.673861026763916,-0.004843146074563265,0.6788374781608582,0.6068373322486877,-0.01056590210646391,0.6785989999771118,0.5650224685668945,-0.01823030412197113,0.6776288747787476,0.5276172161102295,-0.024639146402478218,0.7013680934906006,0.6835727691650391,-0.010307498276233673,0.7069590091705322,0.6170238256454468,-0.01935853809118271,0.7089319229125977,0.5753275156021118,-0.026354854926466942,0.7085238695144653,0.5363284349441528,-0.03158624470233917,0.7223047018051147,0.7069013714790344,-0.01681111380457878,0.7362053990364075,0.6597201228141785,-0.02577052265405655,0.7431216239929199,0.6269563436508179,-0.02947811968624592,0.7470042109489441,0.5944545865058899,-0.032124023884534836
5,0.6793760657310486,0.788972795009613,1.841416832348841e-07,0.6408666968345642,0.7547330856323242,-0.010496529750525951,0.6152510643005371,0.6992869973182678,-0.01549945492297411,0.5981401205062866,0.652426540851593,-0.020352300256490707,0.5814725756645203,0.6179572939872742,-0.02519129402935505,0.6443479061126709,0.617924153804779,-0.004149510990828276,0.6347021460533142,0.5561842918395996,-0.012911350466310978,0.6283832788467407,0.5185496211051941,-0.02159702591598034,0.6240130662918091,0.48380857706069946,-0.028509963303804398,0.6704172492027283,0.6107185482978821,-0.0075337388552725315,0.6691327691078186,0.5384789705276489,-0.014169707894325256,0.6672524809837341,0.4919419586658478,-0.022128136828541756,0.665156900882721,0.4514974355697632,-0.02858205884695053,0.6949173212051392,0.6198745965957642,-0.013107215985655785,0.698354959487915,0.5501855611801147,-0.021992383524775505,0.6985699534416199,0.5059463977813721,-0.02881230227649212,0.6970151662826538,0.46593770384788513,-0.03383936360478401,0.7176660299301147,0.6418047547340393,-0.019719230011105537,0.7291892170906067,0.5887430310249329,-0.02804294228553772,0.7336533069610596,0.5526940226554871,-0.03144821152091026,0.7353900671005249,0.5186368227005005,-0.033791132271289825
5,0.7256461977958679,0.7667958736419678,1.6346967868230422e-07,0.6872851252555847,0.7380868792533875,-0.011585132218897343,0.6596225500106812,0.6877140402793884,-0.017001168802380562,0.6417714357376099,0.6437099575996399,-0.02187192812561989,0.6248430013656616,0.6110480427742004,-0.026596859097480774,0.6854018568992615,0.6037182211875916,-0.004965905100107193,0.6734399199485779,0.542568027973175,-0.013888567686080933,0.6667481064796448,0.5052905082702637,-0.022535087540745735,0.6622469425201416,0.4715332090854645,-0.02931557223200798,0.7106269001960754,0.5929349064826965,-0.007563519291579723,0.7070592045783997,0.5222684144973755,-0.013948321342468262,0.7045114040374756,0.4791833162307739,-0.02103614993393421,0.7019644379615784,0.441942423582077,-0.02690766751766205,0.7344468235969543,0.5988751649856567,-0.012510815635323524,0.7351294159889221,0.5308598279953003,-0.020592715591192245,0.7340775728225708,0.490006685256958,-0.025705862790346146,0.7315092086791992,0.4536474347114563,-0.02976229414343834,0.7568367719650269,0.6179506778717041,-0.018734488636255264,0.7639718651771545,0.5670211315155029,-0.026126891374588013,0.7665187120437622,0.5336967706680298,-0.02828676998615265,0.7670050263404846,0.5015723705291748,-0.02987462840974331
5,0.741100549697876,0.7490198612213135,1.6637302735489357e-07,0.7035967707633972,0.719212532043457,-0.010659251362085342,0.6774210333824158,0.6705387234687805,-0.015515211038291454,0.6596684455871582,0.6285756230354309,-0.019975529983639717,0.6433975696563721,0.5972297787666321,-0.024176975712180138,0.7019091844558716,0.5907875895500183,-0.0028777981642633677,0.6914538741111755,0.531515896320343,-0.010978750884532928,0.6856072545051575,0.4963354170322418,-0.019119173288345337,0.6814099550247192,0.4645513892173767,-0.025446845218539238,0.7258719205856323,0.5805222988128662,-0.005312205292284489,0.7232914566993713,0.5129318833351135,-0.011020470410585403,0.721407413482666,0.47163844108581543,-0.01777646318078041,0.7196061611175537,0.43554991483688354,-0.02323286235332489,0.7485664486885071,0.5857158303260803,-0.010029563680291176,0.7496408224105835,0.5198259949684143,-0.01733836531639099,0.7496404051780701,0.48020458221435547,-0.02197650820016861,0.748259425163269,0.44471225142478943,-0.025538986548781395,0.7701355218887329,0.6030721068382263,-0.015945211052894592,0.777318000793457,0.5534030199050903,-0.02248864434659481,0.7800816297531128,0.5214135646820068,-0.024037722498178482,0.7811530828475952,0.4903152883052826,-0.02505888044834137
5,0.7515572905540466,0.6595452427864075,1.9363810110917257e-07,0.711860716342926,0.6262056827545166,-0.010443277657032013,0.684523344039917,0.5718560814857483,-0.015576680190861225,0.6644306778907776,0.5264033079147339,-0.0206606388092041,0.6452057957649231,0.49514883756637573,-0.025766827166080475,0.7103097438812256,0.48884180188179016,-0.0029871859587728977,0.6985462307929993,0.4246649742126465,-0.012047616764903069,0.6911711096763611,0.38471201062202454,-0.02120758220553398,0.686116099357605,0.34821727871894836,-0.02834838256239891,0.7360287308692932,0.4789247214794159,-0.006279155146330595,0.7322728037834167,0.40544649958610535,-0.012586941942572594,0.7293172478675842,0.3589632511138916,-0.02027115412056446,0.7265319228172302,0.3187316358089447,-0.0265017282217741,0.7609415650367737,0.485526978969574,-0.011812733486294746,0.76091468334198,0.41501152515411377,-0.019442513585090637,0.7597299814224243,0.3714498281478882,-0.02464546263217926,0.7573318481445312,0.3328527808189392,-0.028724905103445053,0.7843310236930847,0.5048068761825562,-0.018592985346913338,0.791182279586792,0.45050176978111267,-0.025245167315006256,0.7939605116844177,0.415264368057251,-0.02680874988436699,0.7949666380882263,0.3821377158164978,-0.027886200696229935
5,0.7665593028068542,0.6169517040252686,2.05425237709278e-07,0.7255158424377441,0.5879389047622681,-0.012772101908922195,0.6960301995277405,0.5346393585205078,-0.018345428630709648,0.675216794013977,0.48734164237976074,-0.023214908316731453,0.6561718583106995,0.45296838879585266,-0.02775280922651291,0.7202919721603394,0.4462290108203888,-0.00447601405903697,0.7085147500038147,0.3792799711227417,-0.01332839298993349,0.702161431312561,0.33889660239219666,-0.02185569889843464,0.6981457471847534,0.30258268117904663,-0.028533335775136948,0.7467123866081238,0.43458741903305054,-0.006653493735939264,0.7425914406776428,0.3582391142845154,-0.012961065396666527,0.7404364943504333,0.3113285303115845,-0.020134927704930305,0.738676905632019,0.27079159021377563,-0.025954462587833405,0.7721047401428223,0.43987056612968445,-0.011367536149919033,0.7711595296859741,0.3666518032550812,-0.019887518137693405,0.7704368233680725,0.3226233124732971,-0.025242947041988373,0.7687584757804871,0.28308171033859253,-0.029316024854779243,0.7966071963310242,0.4578617215156555,-0.017427457496523857,0.803261935710907,0.4029485583305359,-0.025334030389785767,0.8065106272697449,0.3678775429725647,-0.027481650933623314,0.8081466555595398,0.3337753415107727,-0.028919460251927376
5,0.7648838758468628,0.5925427079200745,2.16562725086078e-07,0.7230995297431946,0.5630407333374023,-0.013179037719964981,0.6929643154144287,0.5084019303321838,-0.01942569762468338,0.6711322069168091,0.4604298770427704,-0.025010474026203156,0.6513547897338867,0.4251156747341156,-0.03030652552843094,0.7168708443641663,0.4161106050014496,-0.005274846684187651,0.7041857242584229,0.34890761971473694,-0.014731996692717075,0.6972267031669617,0.3083089292049408,-0.024029085412621498,0.6925233602523804,0.27097320556640625,-0.03130919113755226,0.7434420585632324,0.40440672636032104,-0.007614928297698498,0.7387658953666687,0.3276815116405487,-0.014268849976360798,0.7363246083259583,0.2805469036102295,-0.02189987152814865,0.7341949939727783,0.2389974296092987,-0.028140177950263023,0.7693111896514893,0.4096975326538086,-0.01249120943248272,0.7674230933189392,0.33512648940086365,-0.020913397893309593,0.766445517539978,0.29109007120132446,-0.02613617107272148,0.7647128105163574,0.2512599229812622,-0.030244510620832443,0.794277012348175,0.42778661847114563,-0.01883849874138832,0.7998017072677612,0.3711026608943939,-0.026603883132338524,0.8026298880577087,0.3347873389720917,-0.028623806312680244,0.804304301738739,0.29963448643684387,-0.029982194304466248
5,0.7611837983131409,0.5566785931587219,2.1065278588139336e-07,0.719175398349762,0.5260655283927917,-0.011936476454138756,0.6888846158981323,0.4712761640548706,-0.017278244718909264,0.6676585078239441,0.42371538281440735,-0.022158227860927582,0.6484533548355103,0.3897540867328644,-0.02680627629160881,0.7128143906593323,0.38163596391677856,-0.0035061435773968697,0.700556218624115,0.31496578454971313,-0.012465664185583591,0.6938566565513611,0.2747041583061218,-0.021453559398651123,0.6892153024673462,0.23780463635921478,-0.028495222330093384,0.7396678924560547,0.37025198340415955,-0.006290518678724766,0.7348967790603638,0.29482758045196533,-0.012735454365611076,0.7321535348892212,0.24778136610984802,-0.0204988494515419,0.7296859622001648,0.2059025764465332,-0.02676449716091156,0.7655789256095886,0.37562406063079834,-0.01152656227350235,0.7632390260696411,0.30193763971328735,-0.01992524228990078,0.7619599103927612,0.25760477781295776,-0.025402173399925232,0.7599010467529297,0.2175801694393158,-0.02959160879254341,0.7904218435287476,0.3935724198818207,-0.0180754903703928,0.7954760193824768,0.3377233147621155,-0.025794191285967827,0.7979223728179932,0.3015657961368561,-0.027816977351903915,0.7992808222770691,0.266624391078949,-0.02912464365363121
5,0.7190377712249756,0.565321147441864,2.1112437309511733e-07,0.6751507520675659,0.5353860855102539,-0.012211203575134277,0.6427823901176453,0.4785996675491333,-0.017765745520591736,0.621100664138794,0.4297542870044708,-0.02297855168581009,0.6005446910858154,0.39741382002830505,-0.028147069737315178,0.6676357984542847,0.38918620347976685,-0.004316419828683138,0.6538382172584534,0.3216303884983063,-0.014185670763254166,0.6465456485748291,0.2798076868057251,-0.023610558360815048,0.6417234539985657,0.24184545874595642,-0.030892519280314445,0.6953545212745667,0.3758643865585327,-0.007613427937030792,0.6899158954620361,0.2980845868587494,-0.01504597906023264,0.6860010027885437,0.250279039144516,-0.02345639280974865,0.6823431253433228,0.2076166570186615,-0.030083738267421722,0.7218312621116638,0.37892991304397583,-0.013416717760264874,0.7195739150047302,0.30371683835983276,-0.022709200158715248,0.7167024612426758,0.25628042221069336,-0.028960812836885452,0.71319979429245,0.21345385909080505,-0.033601175993680954,0.7468736171722412,0.39550909399986267,-0.020557768642902374,0.7526571154594421,0.33733099699020386,-0.02865874208509922,0.7549085021018982,0.2985619306564331,-0.031007317826151848,0.755639910697937,0.26185548305511475,-0.03261377289891243
5,0.6732934713363647,0.645186185836792,1.7274595620619948e-07,0.6318562030792236,0.6164523959159851,-0.01127571240067482,0.6009211540222168,0.5643054246902466,-0.015952058136463165,0.5788313150405884,0.5197196006774902,-0.020656920969486237,0.5590692758560181,0.4881153106689453,-0.025189947336912155,0.6282380223274231,0.47434648871421814,-0.00018732380704022944,0.6142368912696838,0.41181254386901855,-0.008779013529419899,0.6047865748405457,0.37394577264785767,-0.01799200475215912,0.5973933935165405,0.33966195583343506,-0.02525593899190426,0.6540367603302002,0.4620567262172699,-0.003391701029613614,0.6477659940719604,0.38874995708465576,-0.009754746221005917,0.6420892477035522,0.34225600957870483,-0.01793787069618702,0.6367497444152832,0.30190062522888184,-0.02449699118733406,0.6790043711662292,0.4654172360897064,-0.009322527796030045,0.6769260168075562,0.39417266845703125,-0.01771627925336361,0.6734640002250671,0.34892839193344116,-0.024008914828300476,0.6689066290855408,0.30897021293640137,-0.02870204858481884,0.7026451230049133,0.48165205121040344,-0.016615012660622597,0.7094686031341553,0.42714861035346985,-0.023963741958141327,0.7115442752838135,0.3909260034561157,-0.026452725753188133,0.7114635705947876,0.35718995332717896,-0.028281208127737045
5,0.673620343208313,0.7260441780090332,1.3713737700982165e-07,0.6343134045600891,0.6946097612380981,-0.010870632715523243,0.6055640578269958,0.6423133611679077,-0.016789743676781654,0.5856532454490662,0.5975617170333862,-0.0227751936763525,0.5661631226539612,0.5642372965812683,-0.028657693415880203,0.6345886588096619,0.5544480085372925,-0.002599510597065091,0.6226259469985962,0.4933319389820099,-0.011932270601391792,0.6148421168327332,0.4568222165107727,-0.021580977365374565,0.6089252233505249,0.42364266514778137,-0.029352623969316483,0.6601091623306274,0.5439149737358093,-0.006485463585704565,0.6551874279975891,0.471049964427948,-0.01401644479483366,0.6504862308502197,0.4262576699256897,-0.02260870486497879,0.6456859707832336,0.38749951124191284,-0.029557645320892334,0.6846106052398682,0.5498029589653015,-0.012831099331378937,0.6844422817230225,0.4771649241447449,-0.022258523851633072,0.682295024394989,0.4333688020706177,-0.028740623965859413,0.6781958937644958,0.3944878578186035,-0.03372647985816002,0.7079734802246094,0.5699437260627747,-0.020379194989800453,0.71650630235672,0.5173594951629639,-0.029014643281698227,0.7183946371078491,0.4811519980430603,-0.03220048174262047,0.717072069644928,0.4471544027328491,-0.03458196669816971
5,0.6681623458862305,0.8104368448257446,9.917678767124016e-08,0.6308202147483826,0.7786620855331421,-0.010290887206792831,0.6038968563079834,0.7233604788780212,-0.015834858641028404,0.584637463092804,0.6808074116706848,-0.021460676565766335,0.5659133195877075,0.6483087539672852,-0.026923442259430885,0.6349775791168213,0.6390023231506348,-0.0017630745423957705,0.6250255703926086,0.5824695229530334,-0.011171863414347172,0.6169542670249939,0.5512623190879822,-0.021160682663321495,0.6090404391288757,0.5238353610038757,-0.028988799080252647,0.6600803732872009,0.6322939395904541,-0.005684549454599619,0.6571335196495056,0.5656557083129883,-0.012839654460549355,0.6526085734367371,0.5250786542892456,-0.021698325872421265,0.6467583179473877,0.4895860552787781,-0.028936324641108513,0.6838212609291077,0.6412497758865356,-0.012063375674188137,0.685041069984436,0.574643075466156,-0.02124916762113571,0.6834564805030823,0.5329387187957764,-0.02798936702311039,0.6790046691894531,0.49513113498687744,-0.03317395970225334,0.7056353092193604,0.6635938286781311,-0.019536510109901428,0.7146039605140686,0.614340603351593,-0.027953699231147766,0.717043399810791,0.5803694128990173,-0.0311026219278574,0.7157334685325623,0.5484409332275391,-0.03348362073302269
5,0.6981673240661621,0.8896536827087402,1.3958026556792902e-07,0.6615829467773438,0.8544047474861145,-0.010549522936344147,0.6356013417243958,0.8002058267593384,-0.015374203212559223,0.618264377117157,0.7559406161308289,-0.020098701119422913,0.603492259979248,0.7219180464744568,-0.024766961112618446,0.6696646809577942,0.7187192440032959,-0.00241192989051342,0.659661054611206,0.6563524007797241,-0.01087222620844841,0.653331458568573,0.6182751059532166,-0.019740916788578033,0.6491522789001465,0.5835418701171875,-0.02685007080435753,0.6940160989761353,0.7125043869018555,-0.005833212751895189,0.6922022700309753,0.6425350904464722,-0.011879797093570232,0.6900674700737,0.5985735058784485,-0.019373230636119843,0.6879017949104309,0.5605193972587585,-0.02555089071393013,0.7167754173278809,0.7220168113708496,-0.011699847877025604,0.7193934321403503,0.6538980007171631,-0.01953650824725628,0.7192184925079346,0.6114140748977661,-0.025112759321928024,0.7176743745803833,0.5726087093353271,-0.02946714498102665,0.7374200224876404,0.744003176689148,-0.018857114017009735,0.7450501918792725,0.6923829913139343,-0.026199372485280037,0.7484495639801025,0.6580014824867249,-0.02855628915131092,0.7502978444099426,0.6248025894165039,-0.03028803877532482
5,0.7270693182945251,0.9188188910484314,1.5826741162072722e-07,0.6919102668762207,0.8806228041648865,-0.011220213025808334,0.667649507522583,0.825678825378418,-0.01622740365564823,0.6524655222892761,0.7804410457611084,-0.020768366754055023,0.6403075456619263,0.7461886405944824,-0.024838754907250404,0.7018957734107971,0.7522252202033997,-0.0036081892903894186,0.696723222732544,0.6904627680778503,-0.011670269072055817,0.6941131949424744,0.6538019180297852,-0.019778428599238396,0.6925938725471497,0.620863139629364,-0.026053637266159058,0.7265912294387817,0.7482254505157471,-0.005764619912952185,0.7294549345970154,0.6809075474739075,-0.011013982817530632,0.730900228023529,0.640354335308075,-0.016981812193989754,0.732276201248169,0.6048284769058228,-0.021906239911913872,0.7486466765403748,0.7585904002189636,-0.010314266197383404,0.7547988891601562,0.694099485874176,-0.016921864822506905,0.7573527693748474,0.6556621789932251,-0.020596595481038094,0.758722186088562,0.620426595211029,-0.023566320538520813,0.7684661149978638,0.7806020379066467,-0.01627679541707039,0.7790946364402771,0.7345808744430542,-0.021986937150359154,0.7842481136322021,0.7045608758926392,-0.022800086066126823,0.7879820466041565,0.6750314831733704,-0.023376507684588432
5,0.7767639756202698,0.852001428604126,1.8217797048691864e-07,0.7480748295783997,0.8145186901092529,-0.011103828437626362,0.7284607291221619,0.7654181122779846,-0.015970468521118164,0.7159237861633301,0.7233361601829529,-0.02024046890437603,0.7099869847297668,0.6881769299507141,-0.023781638592481613,0.7608921527862549,0.7010399699211121,-0.0025073436554521322,0.7608460187911987,0.6447367072105408,-0.009901006706058979,0.7624932527542114,0.6117346286773682,-0.01734946481883526,0.7654013633728027,0.5829192996025085,-0.022921636700630188,0.7826788425445557,0.7003365755081177,-0.0034782348666340113,0.7887759804725647,0.6394098997116089,-0.007950039580464363,0.793602705001831,0.6033711433410645,-0.01311428938060999,0.7981410026550293,0.5727358460426331,-0.01733560301363468,0.8018167614936829,0.7118397355079651,-0.006848190911114216,0.8106387257575989,0.6540226340293884,-0.012524197809398174,0.8160675168037415,0.621178388595581,-0.015625080093741417,0.8203790187835693,0.5924943685531616,-0.01802663691341877,0.818915605545044,0.7335056662559509,-0.011635063216090202,0.8313824534416199,0.6935238838195801,-0.016806710511446,0.8386546969413757,0.667916476726532,-0.017820844426751137,0.845041811466217,0.6433284282684326,-0.01834757626056671
5,0.7846106886863708,0.7995650172233582,1.6834179916713765e-07,0.7559447884559631,0.7596569061279297,-0.010312169790267944,0.7372690439224243,0.7064110636711121,-0.014592325314879417,0.7250066995620728,0.6625069975852966,-0.018565300852060318,0.7169708609580994,0.6264442205429077,-0.021897951140999794,0.7698372006416321,0.6429362893104553,-5.177776529308176e-06,0.7687588334083557,0.5873786807060242,-0.00693792337551713,0.7692273259162903,0.5554193258285522,-0.01445850171148777,0.7712352275848389,0.526986837387085,-0.02015380933880806,0.7923913598060608,0.6428120136260986,-0.0014161590952426195,0.79768967628479,0.5821888446807861,-0.005600550677627325,0.8010584115982056,0.5454409718513489,-0.011210009455680847,0.8038861751556396,0.513525664806366,-0.015857290476560593,0.8121793270111084,0.6545803546905518,-0.005270565859973431,0.8203684687614441,0.5965611934661865,-0.010448981076478958,0.8245525360107422,0.5632781386375427,-0.013792282901704311,0.8272047638893127,0.534037172794342,-0.01646197959780693,0.8291946649551392,0.6760746240615845,-0.010543142445385456,0.840571403503418,0.6348016262054443,-0.015050103887915611,0.8463605046272278,0.6075159311294556,-0.016052745282649994,0.8507031202316284,0.5814613103866577,-0.016722997650504112
5,0.7848760485649109,0.7443553805351257,1.6781946499122569e-07,0.7529889941215515,0.7041657567024231,-0.011404930613934994,0.7313153743743896,0.6498462557792664,-0.01645798794925213,0.7168667316436768,0.6046427488327026,-0.02103114128112793,0.7059518098831177,0.5677887201309204,-0.024988487362861633,0.7645617127418518,0.5798743963241577,-0.0013258885592222214,0.7614999413490295,0.5209450721740723,-0.008974463678896427,0.7608785629272461,0.4869707226753235,-0.017055001109838486,0.7620042562484741,0.4565901756286621,-0.023223239928483963,0.788459300994873,0.5781417489051819,-0.0027040308341383934,0.7920835614204407,0.5147256851196289,-0.007447961717844009,0.7939867973327637,0.475933313369751,-0.013486129231750965,0.7955431342124939,0.4419916868209839,-0.01857372187077999,0.8095842003822327,0.5896522402763367,-0.006656035780906677,0.8166859149932861,0.5295537710189819,-0.012469002977013588,0.8193371295928955,0.4936094284057617,-0.01623113639652729,0.8204891681671143,0.46145933866500854,-0.019372355192899704,0.8279989361763,0.6118255853652954,-0.01209644228219986,0.8390465974807739,0.56953364610672,-0.017186732962727547,0.8438663482666016,0.5412498116493225,-0.018412534147500992,0.8470450639724731,0.5135947465896606,-0.01934831030666828
5,0.7925787568092346,0.711043119430542,1.9493418790261785e-07,0.7592267394065857,0.6738708019256592,-0.012498966418206692,0.7354296445846558,0.6187490224838257,-0.01803974248468876,0.7191210389137268,0.5724023580551147,-0.022826295346021652,0.7042344212532043,0.5376976132392883,-0.026957780122756958,0.7674971222877502,0.5399880409240723,-0.002458242466673255,0.7634134888648987,0.4791046977043152,-0.009296161122620106,0.7622199654579163,0.44397616386413574,-0.016870779916644096,0.7626868486404419,0.412657767534256,-0.023013299331068993,0.7926844358444214,0.5369586944580078,-0.0037183298263698816,0.7967470288276672,0.4718720316886902,-0.0077743008732795715,0.7993701696395874,0.4326131343841553,-0.01357394177466631,0.8015648126602173,0.39870691299438477,-0.01873653568327427,0.8148507475852966,0.548265278339386,-0.007578015327453613,0.8225240111351013,0.48650771379470825,-0.013441905379295349,0.8260899782180786,0.4511259198188782,-0.0174083448946476,0.8279737234115601,0.4197206497192383,-0.020885484293103218,0.8341823220252991,0.5707993507385254,-0.012973940931260586,0.8459081053733826,0.5279815196990967,-0.018467582762241364,0.8515468835830688,0.5006354451179504,-0.01983698643743992,0.8553739190101624,0.4741053581237793,-0.020981118083000183
5,0.7880841493606567,0.6431606411933899,1.8192088191426592e-07,0.7524181604385376,0.6082757115364075,-0.012366186827421188,0.7271715998649597,0.5508708953857422,-0.01759163849055767,0.7088002562522888,0.502376139163971,-0.02226991578936577,0.690454363822937,0.46896299719810486,-0.026448382064700127,0.75833660364151,0.4675942063331604,-0.0016345656476914883,0.7522512078285217,0.40675559639930725,-0.008894442580640316,0.7496711015701294,0.3703429698944092,-0.01709533855319023,0.7491101622581482,0.3374330997467041,-0.02380939945578575,0.7844193577766418,0.46131306886672974,-0.0032170144841074944,0.7864618301391602,0.39468836784362793,-0.007124157156795263,0.7883572578430176,0.35398101806640625,-0.012902402319014072,0.7902823686599731,0.3186284005641937,-0.018200410529971123,0.8079367876052856,0.4719439744949341,-0.007521363440901041,0.8141443133354187,0.4090503752231598,-0.013375815935432911,0.81745845079422,0.37286508083343506,-0.01726076938211918,0.8189411759376526,0.3400382995605469,-0.020795684307813644,0.828862190246582,0.4957070052623749,-0.013419347815215588,0.8405643105506897,0.45142579078674316,-0.01892172545194626,0.8461500406265259,0.4243059754371643,-0.020148437470197678,0.8495471477508545,0.3976347744464874,-0.02127673104405403
5,0.7777983546257019,0.5915743112564087,1.9457888811302837e-07,0.7400673627853394,0.5571703314781189,-0.012881860136985779,0.7134357690811157,0.500124990940094,-0.01790851354598999,0.694104790687561,0.4528839588165283,-0.02230827882885933,0.676176130771637,0.41855740547180176,-0.02621101215481758,0.741679847240448,0.4168861210346222,-0.0017303223721683025,0.7335383892059326,0.3557424545288086,-0.009404946118593216,0.7290962338447571,0.3186269998550415,-0.017719902098178864,0.726560115814209,0.2847815155982971,-0.024465708062052727,0.7678093910217285,0.4081646502017975,-0.0032772619742900133,0.7669436931610107,0.34044021368026733,-0.00814206525683403,0.7665489912033081,0.2976192235946655,-0.014977776445448399,0.7661269903182983,0.2601204216480255,-0.020869968459010124,0.7920023798942566,0.41675686836242676,-0.007584393955767155,0.7949872016906738,0.35481715202331543,-0.014713326469063759,0.796294629573822,0.31708890199661255,-0.019926926121115685,0.795967161655426,0.2831496596336365,-0.024092797189950943,0.8139601349830627,0.43855762481689453,-0.01340404525399208,0.8238090872764587,0.3928051292896271,-0.01978122815489769,0.8289287686347961,0.3656122088432312,-0.021600736305117607,0.8318790197372437,0.3397035598754883,-0.02302800863981247
5,0.779701292514801,0.5762873291969299,1.9560950192953896e-07,0.7423440217971802,0.5427041053771973,-0.013758600689470768,0.7168166637420654,0.48696714639663696,-0.01897873729467392,0.6987418532371521,0.4386724531650543,-0.02332775481045246,0.6816233992576599,0.40203598141670227,-0.02686566673219204,0.7459568977355957,0.40320202708244324,-0.0009867195039987564,0.7393332719802856,0.34011685848236084,-0.008110747672617435,0.736127495765686,0.30247053503990173,-0.016094312071800232,0.7350088357925415,0.2688129246234894,-0.022363875061273575,0.7713097929954529,0.39699289202690125,-0.0014441462699323893,0.7719311118125916,0.32896798849105835,-0.005082555115222931,0.7733691334724426,0.2874491810798645,-0.010794744826853275,0.7751439213752747,0.25207972526550293,-0.015797272324562073,0.794645369052887,0.40682974457740784,-0.0048509081825613976,0.7986593246459961,0.34385836124420166,-0.010255921632051468,0.8016130328178406,0.3067789375782013,-0.013769585639238358,0.8031606078147888,0.27445894479751587,-0.016749171540141106,0.8163227438926697,0.4279239773750305,-0.010021698661148548,0.8255310654640198,0.3807123303413391,-0.014382013119757175,0.8302111029624939,0.35356569290161133,-0.01467973180115223,0.8333478569984436,0.32849591970443726,-0.015050419606268406
5,0.7445473074913025,0.7130212783813477,6.152207987497604e-08,0.7143456935882568,0.6673884391784668,-0.007908330298960209,0.6954930424690247,0.6078148484230042,-0.012208462692797184,0.6832415461540222,0.5623887777328491,-0.01707269251346588,0.6684890985488892,0.5276885032653809,-0.021879304200410843,0.7271943688392639,0.5406758785247803,-0.00030780205270275474,0.7200802564620972,0.47972047328948975,-0.01031619030982256,0.7135803699493408,0.44378578662872314,-0.020221050828695297,0.7074649333953857,0.4119557738304138,-0.02775607258081436,0.7488992810249329,0.5408363938331604,-0.004446349106729031,0.7479496002197266,0.4756316542625427,-0.012531360611319542,0.7442234754562378,0.4359295666217804,-0.021177753806114197,0.7390211820602417,0.40073055028915405,-0.02782573364675045,0.7681314945220947,0.5543633699417114,-0.010789887048304081,0.7718724608421326,0.4951907992362976,-0.01946820691227913,0.7689642310142517,0.4598022699356079,-0.025286965072155,0.7626562714576721,0.4284984767436981,-0.02949642390012741,0.7856600880622864,0.5796387195587158,-0.018256930634379387,0.792787492275238,0.5359529256820679,-0.02562534809112549,0.7904685735702515,0.5098077058792114,-0.02817743457853794,0.7832203507423401,0.48666173219680786,-0.029910819604992867
5,0.7474424242973328,0.7310669422149658,1.8300515591818112e-07,0.7107750177383423,0.7029834389686584,-0.014050214551389217,0.684508740901947,0.6566746234893799,-0.02178966999053955,0.6655057668685913,0.6154037117958069,-0.028559399768710136,0.6488224267959595,0.5798190236091614,-0.034824926406145096,0.7102895975112915,0.5683906674385071,-0.007194997742772102,0.6996657848358154,0.5070295333862305,-0.017354397103190422,0.6934735178947449,0.470258504152298,-0.02697921358048916,0.6896076202392578,0.43640047311782837,-0.03419771045446396,0.7353967428207397,0.5594609379768372,-0.008700167760252953,0.7328031063079834,0.4908473491668701,-0.015429439954459667,0.7315648198127747,0.4484034776687622,-0.022624533623456955,0.730205774307251,0.41131868958473206,-0.028525128960609436,0.7587607502937317,0.5670999884605408,-0.012802822515368462,0.7596990466117859,0.503717303276062,-0.0204917062073946,0.7599383592605591,0.46530354022979736,-0.024962766095995903,0.7584450244903564,0.43091195821762085,-0.028509249910712242,0.780030369758606,0.5871052742004395,-0.018505631014704704,0.7850097417831421,0.5375016927719116,-0.02517107129096985,0.786877453327179,0.5069969892501831,-0.026556551456451416,0.7870952486991882,0.4783194065093994,-0.027474574744701385
5,0.7603849768638611,0.713887095451355,2.4029196765695815e-07,0.7267336845397949,0.6945425271987915,-0.018977073952555656,0.7004756927490234,0.6573528051376343,-0.02954559214413166,0.6844834685325623,0.6202532052993774,-0.038182131946086884,0.6714884042739868,0.5852482318878174,-0.04586021602153778,0.7196574807167053,0.5563716292381287,-0.013662565499544144,0.710347592830658,0.4957744777202606,-0.02551923133432865,0.7067298889160156,0.4587218761444092,-0.036314185708761215,0.7057143449783325,0.4249337315559387,-0.04416196793317795,0.7431677579879761,0.5406489968299866,-0.013400880619883537,0.7389070391654968,0.4671982526779175,-0.02162223309278488,0.7374457716941833,0.4218977093696594,-0.029729248955845833,0.7371593117713928,0.38192468881607056,-0.0360746793448925,0.7655234336853027,0.5433037281036377,-0.015928346663713455,0.763655424118042,0.47299855947494507,-0.024833863601088524,0.7647904753684998,0.4312725067138672,-0.029923204332590103,0.7658441662788391,0.394090473651886,-0.033807337284088135,0.7869725227355957,0.5603514909744263,-0.020488454028964043,0.7911218404769897,0.50833660364151,-0.028317393735051155,0.7953752875328064,0.47614389657974243,-0.030188487842679024,0.7994783520698547,0.4459257125854492,-0.031272370368242264
5,0.738646924495697,0.6359357833862305,2.3018908734684373e-07,0.6983681321144104,0.6108779311180115,-0.015184953808784485,0.66841059923172,0.5661552548408508,-0.022902309894561768,0.6486398577690125,0.5225727558135986,-0.02973088249564171,0.6309450268745422,0.4858023226261139,-0.035952821373939514,0.6903637647628784,0.4739989638328552,-0.007033475209027529,0.6761079430580139,0.4091387689113617,-0.018086755648255348,0.6682933568954468,0.3693336248397827,-0.028325805440545082,0.663330614566803,0.3321319818496704,-0.03590704873204231,0.7150393128395081,0.45775848627090454,-0.008787394501268864,0.7077779769897461,0.38039904832839966,-0.016984792426228523,0.7031618356704712,0.33130115270614624,-0.025447851046919823,0.6995712518692017,0.28744781017303467,-0.03189592808485031,0.7392449975013733,0.45911964774131775,-0.013283421285450459,0.73564213514328,0.3852400779724121,-0.022682342678308487,0.7337602972984314,0.3403007388114929,-0.027735434472560883,0.7314370274543762,0.3002989590167999,-0.03130045160651207,0.7629110813140869,0.47397616505622864,-0.019471988081932068,0.76657634973526,0.4184782803058624,-0.02710665576159954,0.7687057852745056,0.38301530480384827,-0.02825782634317875,0.7699680924415588,0.3497374653816223,-0.028816308826208115
5,0.7449071407318115,0.623275637626648,2.227428979040269e-07,0.7060602307319641,0.5932385325431824,-0.01679060235619545,0.6756907105445862,0.544603705406189,-0.02532510831952095,0.6548001766204834,0.49798583984375,-0.032588377594947815,0.6370683908462524,0.45814040303230286,-0.0391915887594223,0.7015563249588013,0.45432645082473755,-0.010317717678844929,0.6877216100692749,0.38577258586883545,-0.022872524335980415,0.6796496510505676,0.34329599142074585,-0.03363731503486633,0.674435555934906,0.30497658252716064,-0.041362885385751724,0.7269122004508972,0.44282305240631104,-0.011247899383306503,0.7212328314781189,0.3661981225013733,-0.020581437274813652,0.717345118522644,0.3166220784187317,-0.02901173010468483,0.7142248153686523,0.2730165421962738,-0.03535095229744911,0.7513312101364136,0.447632372379303,-0.015075181610882282,0.7505817413330078,0.37533482909202576,-0.02523585967719555,0.7491100430488586,0.32921159267425537,-0.030592381954193115,0.7466005682945251,0.28865376114845276,-0.034313902258872986,0.774707555770874,0.46517130732536316,-0.020707936957478523,0.7812570929527283,0.41248825192451477,-0.02906220778822899,0.7837274074554443,0.3767533302307129,-0.03109842538833618,0.7846401929855347,0.3431040644645691,-0.03228121995925903
5,0.7431124448776245,0.8033466339111328,1.9984827304142527e-07,0.7069379091262817,0.767353892326355,-0.014547757804393768,0.6826750040054321,0.7139468193054199,-0.021607698872685432,0.6662576198577881,0.6677519679069519,-0.027696454897522926,0.6518666744232178,0.6291032433509827,-0.03339833766222,0.7148032784461975,0.6319214701652527,-0.007559295278042555,0.7081867456436157,0.5658277869224548,-0.017802640795707703,0.7040811777114868,0.5254849791526794,-0.02737671509385109,0.7017801403999329,0.48995542526245117,-0.03457675874233246,0.739940881729126,0.6271155476570129,-0.009064994752407074,0.7423766851425171,0.5535354614257812,-0.016398785635828972,0.7434590458869934,0.5078727006912231,-0.024154173210263252,0.7443172931671143,0.46856889128685,-0.0302566010504961,0.7625870108604431,0.6379761099815369,-0.013198859058320522,0.7696995735168457,0.5693758130073547,-0.021933704614639282,0.773377537727356,0.5272835493087769,-0.027453847229480743,0.7752261757850647,0.4897574186325073,-0.03158602863550186,0.7828736305236816,0.6612279415130615,-0.018887408077716827,0.7942695617675781,0.613653302192688,-0.026524178683757782,0.8004915714263916,0.5829259753227234,-0.02855517528951168,0.8049281239509583,0.5536699891090393,-0.02991163171827793
5,0.7378799915313721,0.7214901447296143,2.631362292504491e-07,0.6991388201713562,0.6877506971359253,-0.016546525061130524,0.6715928912162781,0.6348278522491455,-0.025740278884768486,0.6531034708023071,0.587550938129425,-0.033631980419158936,0.6361070871353149,0.5480378270149231,-0.041101936250925064,0.7034770250320435,0.5444168448448181,-0.01338689960539341,0.6939722299575806,0.47154831886291504,-0.025455128401517868,0.688573956489563,0.42610180377960205,-0.03556021675467491,0.6857948899269104,0.3864295780658722,-0.04305894300341606,0.7302994728088379,0.5388519167900085,-0.015142550691962242,0.730368435382843,0.45829370617866516,-0.02452959679067135,0.7309877872467041,0.40674692392349243,-0.03322733938694,0.7319437265396118,0.3624332845211029,-0.03991447016596794,0.7547098398208618,0.5498558282852173,-0.019398577511310577,0.7602013349533081,0.4761362671852112,-0.030428823083639145,0.7629709243774414,0.4297271966934204,-0.036883141845464706,0.7643138766288757,0.38799047470092773,-0.041523247957229614,0.7772760987281799,0.5735405087471008,-0.025203494355082512,0.7890347242355347,0.5217121243476868,-0.03521682694554329,0.7958428263664246,0.48768526315689087,-0.038090191781520844,0.8006947040557861,0.45499417185783386,-0.039781298488378525
5,0.7169169783592224,0.6863867044448853,2.4402183385063836e-07,0.6757222414016724,0.6522693037986755,-0.01612395979464054,0.6461885571479797,0.5952280163764954,-0.02453499846160412,0.6251774430274963,0.544879138469696,-0.03203001618385315,0.6039852499961853,0.5086432695388794,-0.03933615982532501,0.6784053444862366,0.49828845262527466,-0.009320124983787537,0.6658121943473816,0.42521142959594727,-0.02109060063958168,0.6588753461837769,0.3787410259246826,-0.03184227645397186,0.6550472378730774,0.3371560573577881,-0.04005281999707222,0.7074711918830872,0.4881301522254944,-0.0115682203322649,0.7066760659217834,0.4050656259059906,-0.02012930065393448,0.706089973449707,0.3517807424068451,-0.029097793623805046,0.7055928111076355,0.30602818727493286,-0.0362061932682991,0.7340490818023682,0.4978114664554596,-0.01663484051823616,0.7384240627288818,0.4216439723968506,-0.026931285858154297,0.7407379746437073,0.3742351233959198,-0.033272597938776016,0.7411729097366333,0.331984281539917,-0.03798495978116989,0.757659375667572,0.5223003625869751,-0.023404927924275398,0.7686266303062439,0.46759268641471863,-0.032124653458595276,0.7751703858375549,0.4327000379562378,-0.03420518338680267,0.7797367572784424,0.39958199858665466,-0.035642366856336594
5,0.7085254192352295,0.6359694004058838,2.388954953858047e-07,0.6663768887519836,0.6008496880531311,-0.015258705243468285,0.6351079344749451,0.5417145490646362,-0.023093556985259056,0.6127912402153015,0.48999568819999695,-0.030192768201231956,0.5917053818702698,0.4515969157218933,-0.03706527501344681,0.6681776642799377,0.44415462017059326,-0.008282902650535107,0.655134916305542,0.36925002932548523,-0.01998632773756981,0.6479407548904419,0.3217536509037018,-0.030698157846927643,0.6440825462341309,0.27961963415145874,-0.03890747204422951,0.697452962398529,0.4345788061618805,-0.011067964136600494,0.6956552267074585,0.3492995500564575,-0.01966666802763939,0.6947972774505615,0.29452741146087646,-0.028544960543513298,0.6941792368888855,0.24799717962741852,-0.035534366965293884,0.7247133255004883,0.4446069002151489,-0.0167115218937397,0.7284019589424133,0.36675816774368286,-0.027446700260043144,0.7298945188522339,0.31702113151550293,-0.03415897488594055,0.7294135689735413,0.2727428674697876,-0.03905452415347099,0.7494158744812012,0.46946486830711365,-0.023939697071909904,0.7602697610855103,0.41369619965553284,-0.03337044268846512,0.76591956615448,0.3766309320926666,-0.03600570932030678,0.7690756916999817,0.3410727083683014,-0.03779004141688347
5,0.7125023007392883,0.6219096183776855,2.4628116079838946e-07,0.66954106092453,0.5856631994247437,-0.01663474179804325,0.6388298273086548,0.5245323181152344,-0.024432795122265816,0.6171104907989502,0.4692382514476776,-0.031210601329803467,0.5959800481796265,0.4274291694164276,-0.03754314407706261,0.6718435883522034,0.42424124479293823,-0.008022538386285305,0.6601470708847046,0.34696534276008606,-0.019382743164896965,0.6536845564842224,0.2988419532775879,-0.029873764142394066,0.650040864944458,0.2564574182033539,-0.03792281448841095,0.7016503214836121,0.4151650071144104,-0.009913958609104156,0.7002562880516052,0.32893699407577515,-0.017863817512989044,0.6996826529502869,0.274275004863739,-0.026441780850291252,0.6991792321205139,0.22810083627700806,-0.033287789672613144,0.7293717265129089,0.4257515072822571,-0.014878465794026852,0.7334574460983276,0.346994549036026,-0.025044552981853485,0.735436737537384,0.29682064056396484,-0.03156239539384842,0.73536217212677,0.2521388828754425,-0.036417312920093536,0.7545382976531982,0.4512409567832947,-0.021617386490106583,0.765960156917572,0.39558494091033936,-0.030650796368718147,0.7717209458351135,0.3583948612213135,-0.03326757624745369,0.775209367275238,0.322940468788147,-0.035064008086919785
5,0.7235028743743896,0.6238936185836792,2.3927665893097583e-07,0.6820908784866333,0.5859883427619934,-0.01577313430607319,0.6515650153160095,0.523307204246521,-0.02380179613828659,0.629703938961029,0.4696785509586334,-0.030916966497898102,0.607847273349762,0.431151807308197,-0.03780641779303551,0.6858661770820618,0.4247071146965027,-0.009210648015141487,0.6736020445823669,0.34803852438926697,-0.020946582779288292,0.6669058799743652,0.29983770847320557,-0.03160213679075241,0.6631231904029846,0.25780922174453735,-0.039784569293260574,0.7153533697128296,0.4168386459350586,-0.01159986387938261,0.7152724862098694,0.33058372139930725,-0.019885733723640442,0.7155866026878357,0.2769728899002075,-0.028270982205867767,0.7160264849662781,0.23225224018096924,-0.035006631165742874,0.7425132989883423,0.4292488098144531,-0.016867855563759804,0.7476147413253784,0.350200891494751,-0.027112243697047234,0.7503499388694763,0.3011826276779175,-0.033286914229393005,0.7513601779937744,0.2578147053718567,-0.03805755451321602,0.7670562267303467,0.45672979950904846,-0.023812586441636086,0.7796906232833862,0.40255093574523926,-0.032783325761556625,0.7862215042114258,0.36639654636383057,-0.035127099603414536,0.7904848456382751,0.3314913809299469,-0.036870237439870834
5,0.7332718372344971,0.571697473526001,2.5405540782230673e-07,0.6912547945976257,0.5350677371025085,-0.018137164413928986,0.6594651937484741,0.47304338216781616,-0.0285657849162817,0.6357932090759277,0.42121055722236633,-0.037658270448446274,0.6109887361526489,0.3869151771068573,-0.04664890840649605,0.698184072971344,0.37578099966049194,-0.01577175036072731,0.6875196695327759,0.3009113073348999,-0.029236989095807076,0.6817492842674255,0.2545899450778961,-0.04069320857524872,0.6787630915641785,0.2126350700855255,-0.049545302987098694,0.729093611240387,0.37115806341171265,-0.018058225512504578,0.7319219708442688,0.2884432077407837,-0.028194058686494827,0.7347320914268494,0.23842889070510864,-0.037508901208639145,0.7377458214759827,0.19277332723140717,-0.04494534432888031,0.7571605443954468,0.385794073343277,-0.023007474839687347,0.7659311294555664,0.3090369701385498,-0.03529411554336548,0.7722732424736023,0.2629368305206299,-0.042030785232782364,0.7763732075691223,0.2204013466835022,-0.04692603275179863,0.7820621132850647,0.41523176431655884,-0.029682615771889687,0.7969349026679993,0.3621758818626404,-0.040329474955797195,0.8060434460639954,0.32861950993537903,-0.04301074147224426,0.8124541640281677,0.2964024245738983,-0.044764671474695206
5,0.7127848267555237,0.6668645143508911,2.274008181757381e-07,0.6717445850372314,0.6344277858734131,-0.017179924994707108,0.6411554217338562,0.5768349766731262,-0.02603943459689617,0.6198434233665466,0.5258171558380127,-0.03358582779765129,0.5976307392120361,0.48973098397254944,-0.040924619883298874,0.673160970211029,0.4832918345928192,-0.011779219843447208,0.662133514881134,0.41095250844955444,-0.023812105879187584,0.6556072235107422,0.36506226658821106,-0.03442010655999184,0.6513038873672485,0.3243635296821594,-0.042662136256694794,0.7017049193382263,0.47488483786582947,-0.013764997944235802,0.7011057734489441,0.39350706338882446,-0.023687798529863358,0.7005220651626587,0.3418779969215393,-0.03332646191120148,0.6998745203018188,0.2955775558948517,-0.04076799750328064,0.727436900138855,0.48463568091392517,-0.018475111573934555,0.7300907373428345,0.4077296853065491,-0.030462881550192833,0.7317720651626587,0.35988089442253113,-0.03768889978528023,0.7319042086601257,0.31574389338493347,-0.04282481595873833,0.7505382299423218,0.5078139901161194,-0.024762427434325218,0.7590805292129517,0.4527739882469177,-0.035340651869773865,0.7646647691726685,0.4170689582824707,-0.03852168470621109,0.7685616612434387,0.38224294781684875,-0.04061643034219742
5,0.7085316181182861,0.783535897731781,1.4879985599236534e-07,0.6704338192939758,0.7490471005439758,-0.010225346311926842,0.6448272466659546,0.6957026124000549,-0.013197624124586582,0.6289970874786377,0.6500239968299866,-0.0161296296864748,0.6157517433166504,0.612605094909668,-0.01884900964796543,0.6792148351669312,0.6199737191200256,0.0008513836073689163,0.6680848002433777,0.556313157081604,-0.00633257906883955,0.6617949604988098,0.5163512825965881,-0.01404082216322422,0.6581108570098877,0.48184525966644287,-0.020089702680706978,0.7041337490081787,0.6131950616836548,-0.0017160436837002635,0.7025302052497864,0.5409739017486572,-0.006761834025382996,0.7008010149002075,0.4944419860839844,-0.013904223218560219,0.699134886264801,0.4568311274051666,-0.019611947238445282,0.7272238731384277,0.6212477684020996,-0.006888188421726227,0.7311580181121826,0.5541350245475769,-0.014512483961880207,0.7315977215766907,0.5105444192886353,-0.020874828100204468,0.7299408912658691,0.4730091989040375,-0.025414135307073593,0.7487882971763611,0.641547679901123,-0.013215630315244198,0.7589672207832336,0.5919801592826843,-0.020305659621953964,0.7627634406089783,0.5584267377853394,-0.022994186729192734,0.7637805938720703,0.5268117785453796,-0.0248432420194149
5,0.718723475933075,0.8083228468894958,1.5727788138519827e-07,0.6812105774879456,0.7743763327598572,-0.009360931813716888,0.6558611989021301,0.7269189953804016,-0.011725624091923237,0.6402525901794434,0.6833553910255432,-0.01438102312386036,0.6312260031700134,0.6466190218925476,-0.016665078699588776,0.6879305839538574,0.6596664786338806,0.003919628914445639,0.6769790053367615,0.6022417545318604,-0.0027805969584733248,0.6707379221916199,0.5659506320953369,-0.010286352597177029,0.6673840284347534,0.5336151123046875,-0.016044020652770996,0.7118024826049805,0.651621401309967,0.0015426805475726724,0.7092390656471252,0.5842452049255371,-0.003104537259787321,0.706459641456604,0.5401649475097656,-0.010192852467298508,0.7041669487953186,0.5033881068229675,-0.015616378746926785,0.7346208095550537,0.657229483127594,-0.0034858775325119495,0.7366657853126526,0.5945447087287903,-0.010525994934141636,0.7364706993103027,0.5536733269691467,-0.016509084030985832,0.7350096106529236,0.5186260342597961,-0.020375115796923637,0.7563256621360779,0.6747366786003113,-0.009667854756116867,0.7650846242904663,0.6266650557518005,-0.016028210520744324,0.7677920460700989,0.5942825078964233,-0.018214186653494835,0.7682474851608276,0.5643988847732544,-0.01938818395137787
5,0.6973046660423279,0.8208135962486267,1.7765458437679627e-07,0.6557143926620483,0.7952075004577637,-0.010447799228131771,0.624549925327301,0.7478993535041809,-0.014898400753736496,0.6036866903305054,0.7075670957565308,-0.019308313727378845,0.5841923952102661,0.6789172291755676,-0.023819420486688614,0.6552776098251343,0.658801257610321,-0.0028801492881029844,0.6399901509284973,0.5955736041069031,-0.010559966787695885,0.6306727528572083,0.5564209222793579,-0.018546979874372482,0.6238906979560852,0.5215867161750793,-0.02494911290705204,0.6808722019195557,0.6457792520523071,-0.006218243390321732,0.6750027537345886,0.5706199407577515,-0.011402949690818787,0.6700873970985413,0.522922694683075,-0.018635343760252,0.6658965349197388,0.4835047125816345,-0.02467268332839012,0.7057405114173889,0.6491649150848389,-0.011837546713650227,0.7052244544029236,0.5778194069862366,-0.019013158977031708,0.7035663723945618,0.5329189300537109,-0.02493860386312008,0.7007924914360046,0.4941288232803345,-0.029589377343654633,0.7295973896980286,0.6662761569023132,-0.01867039129137993,0.7371176481246948,0.6113297343254089,-0.02539178356528282,0.7398117184638977,0.574576199054718,-0.027599219232797623,0.7402632832527161,0.5409199595451355,-0.029252996668219566
5,0.6739374995231628,0.8537412285804749,1.7689222886474454e-07,0.631585955619812,0.8345489501953125,-0.012446034699678421,0.5935874581336975,0.7946715354919434,-0.01994439773261547,0.5645551681518555,0.7658731341362,-0.02712070755660534,0.5387173295021057,0.749661922454834,-0.03466324508190155,0.6156882643699646,0.6939023733139038,-0.010442698374390602,0.595034122467041,0.633623480796814,-0.02222048118710518,0.581077516078949,0.597999095916748,-0.03276645392179489,0.5690128803253174,0.5648624897003174,-0.04098057374358177,0.6405858397483826,0.6776983737945557,-0.014574984088540077,0.627906858921051,0.6053070425987244,-0.024229608476161957,0.6181528568267822,0.5597606301307678,-0.03375590220093727,0.6088319420814514,0.5183298587799072,-0.04129965603351593,0.6667689681053162,0.6783748865127563,-0.02091151289641857,0.6614213585853577,0.6056800484657288,-0.03228320926427841,0.6548020839691162,0.5593254566192627,-0.039994288235902786,0.6468752026557922,0.5164975523948669,-0.04563681036233902,0.6929120421409607,0.6927821636199951,-0.028381427749991417,0.6971322298049927,0.6350741386413574,-0.03840741515159607,0.6973884105682373,0.5959711074829102,-0.04196532815694809,0.6951947212219238,0.5589110851287842,-0.04451630637049675
5,0.7390173077583313,0.8203116059303284,2.0672013079092721e-07,0.7008002996444702,0.7869064807891846,-0.013558886013925076,0.6720125079154968,0.7356857657432556,-0.02141665667295456,0.6505601406097412,0.6923134326934814,-0.028598129749298096,0.6309775710105896,0.6613631844520569,-0.03567248210310936,0.7057467699050903,0.6461544632911682,-0.00978273805230856,0.6964253783226013,0.5760051608085632,-0.020377513021230698,0.6913286447525024,0.5341048240661621,-0.02993975207209587,0.6880185604095459,0.4966280460357666,-0.03735646978020668,0.7317266464233398,0.6390684843063354,-0.012484562583267689,0.7317694425582886,0.5629103779792786,-0.02052304707467556,0.7325316667556763,0.5170423984527588,-0.02839282900094986,0.7333787083625793,0.477024644613266,-0.034739959985017776,0.7555100321769714,0.6486819386482239,-0.017507348209619522,0.7598775029182434,0.5760074853897095,-0.027038130909204483,0.7627735137939453,0.5328130125999451,-0.03259018436074257,0.7641448378562927,0.4936915636062622,-0.036851152777671814,0.7774232625961304,0.6710392236709595,-0.02393941394984722,0.7883048057556152,0.6183197498321533,-0.0325302816927433,0.7945815324783325,0.5840117335319519,-0.0349002331495285,0.7992388010025024,0.5508665442466736,-0.036533791571855545
5,0.7567598819732666,0.851626992225647,1.815905932289752e-07,0.7286885976791382,0.8109756708145142,-0.013598458841443062,0.7089998722076416,0.7555484175682068,-0.020545756444334984,0.6955299377441406,0.7119574546813965,-0.026529744267463684,0.6831601858139038,0.6781073808670044,-0.03244715929031372,0.7477021813392639,0.6841263771057129,-0.009513364173471928,0.7457686066627502,0.6193331480026245,-0.01921144127845764,0.7449052333831787,0.5796976089477539,-0.02816036529839039,0.7454591393470764,0.5448574423789978,-0.03497163578867912,0.7712584733963013,0.6858090758323669,-0.011055436916649342,0.7806922197341919,0.6171723008155823,-0.017814312130212784,0.7868022322654724,0.575908362865448,-0.024652842432260513,0.7925723791122437,0.5400837063789368,-0.030254241079092026,0.790912389755249,0.7020925283432007,-0.01489570178091526,0.8036244511604309,0.6389780044555664,-0.022724920883774757,0.8108386993408203,0.6012847423553467,-0.02767271175980568,0.8166961669921875,0.5661746859550476,-0.03165937215089798,0.8072797656059265,0.7296069860458374,-0.020251423120498657,0.8223267793655396,0.6876835227012634,-0.027109310030937195,0.8315273523330688,0.6603726148605347,-0.028946369886398315,0.839787483215332,0.6329315304756165,-0.03040434792637825
5,0.7334318161010742,0.841446042060852,1.594498257873056e-07,0.7040414810180664,0.7962707877159119,-0.010038015432655811,0.6864803433418274,0.7350244522094727,-0.014267491176724434,0.6769793033599854,0.686517059803009,-0.01820364221930504,0.6674214601516724,0.6491522789001465,-0.02205822616815567,0.721320629119873,0.6727466583251953,-0.003368636127561331,0.7196289300918579,0.6107516288757324,-0.011762387119233608,0.719315767288208,0.5736403465270996,-0.019883636385202408,0.7207193970680237,0.5404298305511475,-0.02614988200366497,0.7456846833229065,0.6745551824569702,-0.0061158109456300735,0.7536353468894958,0.6074858903884888,-0.012113499455153942,0.7582460045814514,0.5667417645454407,-0.018996121361851692,0.7623096108436584,0.530662477016449,-0.024471230804920197,0.7663675546646118,0.6905278563499451,-0.011005975306034088,0.7765204906463623,0.6270040273666382,-0.018345752730965614,0.782161295413971,0.5889912247657776,-0.0231441892683506,0.786652147769928,0.5540896654129028,-0.026829591020941734,0.7837889194488525,0.7173921465873718,-0.017061617225408554,0.7966245412826538,0.6733658909797668,-0.02358071506023407,0.8042497038841248,0.6444063782691956,-0.025262389332056046,0.8109180927276611,0.6159483194351196,-0.026403112336993217
5,0.7224093675613403,0.8394714593887329,1.4222332822555472e-07,0.6907192468643188,0.7971750497817993,-0.00989733636379242,0.6712527871131897,0.7392755150794983,-0.013898760080337524,0.6597546339035034,0.6928645372390747,-0.017770368605852127,0.6479862928390503,0.6582180261611938,-0.021678589284420013,0.7054229378700256,0.6757667660713196,-0.0024350814055651426,0.7008058428764343,0.6149330735206604,-0.010926498100161552,0.6977684497833252,0.5772900581359863,-0.019420862197875977,0.6962710022926331,0.5431865453720093,-0.02606339007616043,0.7291625738143921,0.6747344136238098,-0.005381785333156586,0.733259379863739,0.6072284579277039,-0.011783801019191742,0.7351038455963135,0.5646986961364746,-0.01933104917407036,0.7365697622299194,0.5270093083381653,-0.025297150015830994,0.7498295903205872,0.688136100769043,-0.010511091910302639,0.7575944066047668,0.6239094138145447,-0.0184777919203043,0.7609869837760925,0.5848709344863892,-0.02393648400902748,0.7626484632492065,0.5493395328521729,-0.027955038473010063,0.7677038908004761,0.7129042744636536,-0.016775978729128838,0.7784214615821838,0.6678512692451477,-0.02391202189028263,0.7834180593490601,0.6371903419494629,-0.026098784059286118,0.7866578102111816,0.6071454286575317,-0.027595266699790955
5,0.7451086640357971,0.7641474008560181,2.0028001301852782e-07,0.7091151475906372,0.7250939011573792,-0.011910583823919296,0.6843592524528503,0.6677268743515015,-0.017502272501587868,0.6667210459709167,0.6204842329025269,-0.022564629092812538,0.64909827709198,0.587419331073761,-0.02739911526441574,0.7159987688064575,0.5919052958488464,-0.004756628535687923,0.7082111239433289,0.528206467628479,-0.013296051882207394,0.7040876150131226,0.4894147515296936,-0.02170785330235958,0.7017395496368408,0.4547513425350189,-0.028314827010035515,0.7413113117218018,0.5879380702972412,-0.0070189498364925385,0.7437129020690918,0.5173758268356323,-0.013198068365454674,0.7453869581222534,0.47394460439682007,-0.02032989077270031,0.74699467420578,0.4353245496749878,-0.02606925368309021,0.76411372423172,0.599544882774353,-0.011565220542252064,0.7703796029090881,0.5318389534950256,-0.01965043507516384,0.7731802463531494,0.49114322662353516,-0.024874387308955193,0.7743586301803589,0.4541948437690735,-0.028768792748451233,0.7847530841827393,0.6231470108032227,-0.017347164452075958,0.7959212064743042,0.5750095844268799,-0.024594809859991074,0.8009778261184692,0.5429286956787109,-0.02643425203859806,0.803989827632904,0.5115581750869751,-0.027595987543463707
5,0.7457410097122192,0.7076058983802795,2.0826527702411113e-07,0.7073715329170227,0.6717581748962402,-0.014291005209088326,0.6806333065032959,0.6150699257850647,-0.02124672383069992,0.6611953377723694,0.5670923590660095,-0.027330266311764717,0.6416426301002502,0.532863974571228,-0.033090975135564804,0.7103233337402344,0.5328324437141418,-0.006874321028590202,0.7007967829704285,0.4670713543891907,-0.01706327684223652,0.6951651573181152,0.42640095949172974,-0.026693973690271378,0.6914930939674377,0.3898490369319916,-0.03417079523205757,0.7369722723960876,0.5264303088188171,-0.008753227069973946,0.7374923825263977,0.4543907940387726,-0.016235344111919403,0.7375627756118774,0.4094332456588745,-0.024189472198486328,0.7374880313873291,0.36933618783950806,-0.030585389584302902,0.7611242532730103,0.5363630056381226,-0.013230633921921253,0.7660766243934631,0.46662479639053345,-0.022543400526046753,0.7680383920669556,0.4244728982448578,-0.02778465859591961,0.7683204412460327,0.38576018810272217,-0.03170863538980484,0.7828436493873596,0.5589901208877563,-0.01918431557714939,0.7924175262451172,0.5086682438850403,-0.027381809428334236,0.7970486283302307,0.4757346510887146,-0.02917899750173092,0.7996068596839905,0.44338053464889526,-0.030336573719978333
5,0.7568763494491577,0.6662173867225647,2.2350654660385771e-07,0.7184035778045654,0.6311771273612976,-0.014093548059463501,0.6909879446029663,0.5729605555534363,-0.0205314252525568,0.671622633934021,0.5235512852668762,-0.026063518598675728,0.6515964269638062,0.4899417459964752,-0.031303148716688156,0.7186890840530396,0.49096429347991943,-0.006943800020962954,0.7089270949363708,0.4240569472312927,-0.01661706529557705,0.7037804126739502,0.3831534683704376,-0.025578871369361877,0.7006378769874573,0.34612274169921875,-0.03248027712106705,0.7454656958580017,0.4844634234905243,-0.008741398341953754,0.746264636516571,0.4100629985332489,-0.01563483104109764,0.7470704913139343,0.36439594626426697,-0.02309068851172924,0.7477267384529114,0.32349467277526855,-0.02905532903969288,0.7696959972381592,0.49434250593185425,-0.013034933246672153,0.7741638422012329,0.42416536808013916,-0.021775851026177406,0.7760713696479797,0.38155949115753174,-0.026803335174918175,0.7763860821723938,0.3426237404346466,-0.030559822916984558,0.7915563583374023,0.5164797306060791,-0.018775399774312973,0.8007283210754395,0.4651222825050354,-0.026385542005300522,0.8056331872940063,0.4322574734687805,-0.02778911404311657,0.8086113929748535,0.4002959728240967,-0.02865465357899666
5,0.7658882141113281,0.690001368522644,2.443136111196509e-07,0.7291421294212341,0.655684232711792,-0.01726953312754631,0.703435480594635,0.596735954284668,-0.025313889607787132,0.68565833568573,0.5443722009658813,-0.031880803406238556,0.667231559753418,0.5064145922660828,-0.03802726790308952,0.7303400039672852,0.5129685997962952,-0.010108872316777706,0.7226797938346863,0.445320725440979,-0.021859727799892426,0.7194098830223083,0.40314188599586487,-0.03232591226696968,0.7186874151229858,0.3646201491355896,-0.04018190875649452,0.7573518753051758,0.5069371461868286,-0.010610115714371204,0.7602224946022034,0.43285584449768066,-0.019130071625113487,0.7633309364318848,0.3873476982116699,-0.027301453053951263,0.7665728330612183,0.34604355692863464,-0.033706214278936386,0.781769335269928,0.5169653296470642,-0.01396054308861494,0.7869250774383545,0.44641557335853577,-0.024112580344080925,0.7904348373413086,0.4042556583881378,-0.029188726097345352,0.7931452393531799,0.36514270305633545,-0.032781828194856644,0.803857684135437,0.5390380620956421,-0.019086267799139023,0.8127862811088562,0.4870108962059021,-0.027919558808207512,0.8189579844474792,0.4545269310474396,-0.029760848730802536,0.823905885219574,0.42277050018310547,-0.030764423310756683
5,0.7754782438278198,0.5945209264755249,2.4030026679611183e-07,0.7369516491889954,0.5589255690574646,-0.015656735748052597,0.7101109623908997,0.4994661808013916,-0.02190214954316616,0.6916946768760681,0.4481642544269562,-0.026916956529021263,0.6732947826385498,0.4109683036804199,-0.03143748268485069,0.735246479511261,0.41926464438438416,-0.0060834214091300964,0.7254831194877625,0.3531458377838135,-0.015709104016423225,0.7209256887435913,0.3120901584625244,-0.02486087568104267,0.7186094522476196,0.2742091715335846,-0.03190813586115837,0.761773943901062,0.4116048514842987,-0.00670612370595336,0.7621400952339172,0.33754852414131165,-0.01341812964528799,0.7633746266365051,0.29181867837905884,-0.02105073258280754,0.7646753787994385,0.2503807544708252,-0.027144979685544968,0.786198616027832,0.42041876912117004,-0.010121273808181286,0.7889397740364075,0.35016539692878723,-0.018817776814103127,0.7907819747924805,0.30806776881217957,-0.02400602027773857,0.7916733622550964,0.2695455849170685,-0.027795802801847458,0.8088423013687134,0.441148966550827,-0.015187744051218033,0.8164243698120117,0.38922119140625,-0.022885814309120178,0.8214658498764038,0.35700392723083496,-0.024581631645560265,0.8253482580184937,0.3257899284362793,-0.025593390688300133
5,0.7768559455871582,0.6824201345443726,1.985362132472801e-07,0.7403510808944702,0.6472842693328857,-0.014433416537940502,0.7154201865196228,0.5864917635917664,-0.02025861106812954,0.6996686458587646,0.5349273085594177,-0.025035833939909935,0.683025062084198,0.4981864392757416,-0.029294727370142937,0.7445688843727112,0.5070180892944336,-0.006001605186611414,0.7380788326263428,0.44048011302948,-0.015421409159898758,0.7340534329414368,0.40065014362335205,-0.02435382269322872,0.7311171293258667,0.36504891514778137,-0.03120207041501999,0.7699819207191467,0.5019720792770386,-0.0071512432768940926,0.7725806832313538,0.42938753962516785,-0.01363853644579649,0.7748008370399475,0.38527143001556396,-0.020587937906384468,0.7768259048461914,0.3470364511013031,-0.026119600981473923,0.7929142713546753,0.5124973654747009,-0.010969088412821293,0.7977384924888611,0.4434904158115387,-0.01893019676208496,0.8009665012359619,0.40321511030197144,-0.02318706549704075,0.8030275702476501,0.36706072092056274,-0.026436958461999893,0.8141107559204102,0.535005509853363,-0.016429198905825615,0.8231233358383179,0.4852532148361206,-0.0232082549482584,0.8287842273712158,0.4544174075126648,-0.02431635931134224,0.8333500027656555,0.4248730540275574,-0.02503993548452854
5,0.7282053828239441,0.7126217484474182,2.358931254775598e-07,0.6875665187835693,0.685045063495636,-0.017221366986632347,0.6590412855148315,0.6331443190574646,-0.025953544303774834,0.6392959952354431,0.5861452221870422,-0.03328809514641762,0.6200377941131592,0.5489974021911621,-0.040070656687021255,0.6851768493652344,0.5395882725715637,-0.00960652343928814,0.6744177341461182,0.47440600395202637,-0.02080582268536091,0.6683576703071594,0.43306657671928406,-0.031143760308623314,0.6646681427955627,0.39495405554771423,-0.039178136736154556,0.7122818827629089,0.5287537574768066,-0.010686838068068027,0.7104838490486145,0.4552622437477112,-0.018880503252148628,0.7098296880722046,0.40889984369277954,-0.02721225656569004,0.709226131439209,0.36633235216140747,-0.03389868885278702,0.7375428080558777,0.5355372428894043,-0.014644305221736431,0.7382100224494934,0.46514540910720825,-0.024518659338355064,0.7388127446174622,0.42146211862564087,-0.030007440596818924,0.7381325364112854,0.3799075782299042,-0.03421686962246895,0.7612173557281494,0.5557379126548767,-0.020422961562871933,0.7680256366729736,0.5032955408096313,-0.029245585203170776,0.7716904878616333,0.4687058925628662,-0.03154110163450241,0.7738755941390991,0.43444007635116577,-0.033087920397520065
5,0.7336941361427307,0.687900722026825,2.1808277494983486e-07,0.6933578848838806,0.6589760780334473,-0.017484329640865326,0.6632384657859802,0.6047480702400208,-0.026362547650933266,0.6434670090675354,0.5541720390319824,-0.03380677103996277,0.6248829960823059,0.5124300122261047,-0.04071628674864769,0.6889395117759705,0.5107529163360596,-0.010899476706981659,0.6770346164703369,0.44272464513778687,-0.02307988330721855,0.6701642274856567,0.3997868299484253,-0.03379214555025101,0.6658009886741638,0.3612765669822693,-0.04188255965709686,0.7165119647979736,0.49984848499298096,-0.012365763075649738,0.7142206430435181,0.42169493436813354,-0.021793367341160774,0.7130040526390076,0.37320470809936523,-0.030601216480135918,0.7121473550796509,0.3300536572933197,-0.03737536072731018,0.7423287630081177,0.5068839192390442,-0.016745321452617645,0.7436124086380005,0.43193042278289795,-0.027935532853007317,0.7444993257522583,0.385936975479126,-0.03393440321087837,0.7443371415138245,0.34322306513786316,-0.03824961930513382,0.7664899826049805,0.5280446410179138,-0.02286451682448387,0.7738328576087952,0.47331881523132324,-0.03277814760804176,0.7784063220024109,0.4373670220375061,-0.0353829450905323,0.7813923358917236,0.4022369384765625,-0.03700326755642891
