label,x0,y0,z0,x1,y1,z1,x2,y2,z2,x3,y3,z3,x4,y4,z4,x5,y5,z5,x6,y6,z6,x7,y7,z7,x8,y8,z8,x9,y9,z9,x10,y10,z10,x11,y11,z11,x12,y12,z12,x13,y13,z13,x14,y14,z14,x15,y15,z15,x16,y16,z16,x17,y17,z17,x18,y18,z18,x19,y19,z19,x20,y20,z20
9,0.7997799515724182,0.8529164791107178,-8.826501129988173e-08,0.7767584919929504,0.8403232097625732,-0.019644776359200478,0.7579882740974426,0.8120394349098206,-0.03650471195578575,0.750668466091156,0.7941787838935852,-0.054364074021577835,0.7530195116996765,0.7895705699920654,-0.0708671435713768,0.7816895246505737,0.702930748462677,-0.017460759729146957,0.7744025588035583,0.6701461672782898,-0.0424814373254776,0.7707082629203796,0.708661675453186,-0.06197851896286011,0.7709590792655945,0.7459995150566101,-0.07278979569673538,0.8061504364013672,0.6897924542427063,-0.019669489935040474,0.8042049407958984,0.6305977702140808,-0.035321302711963654,0.8048316836357117,0.599201500415802,-0.04779329150915146,0.8042222261428833,0.5697253346443176,-0.057304248213768005,0.8285800218582153,0.6963270902633667,-0.025767911225557327,0.8349764347076416,0.6288840770721436,-0.040110714733600616,0.8391581773757935,0.5901294946670532,-0.048942044377326965,0.8427401781082153,0.5527589321136475,-0.054410409182310104,0.848341703414917,0.7200866937637329,-0.033992744982242584,0.864446222782135,0.6685242056846619,-0.0413801372051239,0.873374342918396,0.6370010375976562,-0.043336160480976105,0.8805404901504517,0.6059260368347168,-0.04496314749121666
9,0.7885578274726868,0.680361270904541,7.015354697159637e-08,0.7620742917060852,0.6570695638656616,-0.01549132913351059,0.7402786612510681,0.623519778251648,-0.028013812378048897,0.7244341969490051,0.5944797992706299,-0.040913134813308716,0.7230839729309082,0.5611310601234436,-0.05260256677865982,0.7550520896911621,0.526431679725647,-0.009720122441649437,0.7402303814888,0.4851343333721161,-0.03264223784208298,0.7317066192626953,0.5125840306282043,-0.0517294704914093,0.7309132814407349,0.5450994968414307,-0.06152474135160446,0.7770484685897827,0.5087971687316895,-0.01191563718020916,0.7708410024642944,0.43657317757606506,-0.025011634454131126,0.7646473050117493,0.3917393088340759,-0.03613818436861038,0.7594932913780212,0.3495223820209503,-0.04377409815788269,0.8008120059967041,0.5119195580482483,-0.018033573403954506,0.8038188219070435,0.44178617000579834,-0.030901828780770302,0.8033551573753357,0.3972773253917694,-0.03878139331936836,0.8013777732849121,0.3549853265285492,-0.04338992387056351,0.822942852973938,0.5336824059486389,-0.025724684819579124,0.8356424570083618,0.48235195875167847,-0.03360377624630928,0.8433952927589417,0.447907954454422,-0.034556880593299866,0.8492290377616882,0.41490471363067627,-0.034576039761304855
9,0.788031816482544,0.6652863025665283,2.7732884433362415e-08,0.7629147171974182,0.6459680199623108,-0.014273344539105892,0.7435371279716492,0.6102343797683716,-0.02567114308476448,0.7381488084793091,0.5776824355125427,-0.03743215650320053,0.7500025629997253,0.551699161529541,-0.04758245125412941,0.7583638429641724,0.5166541934013367,-0.007539274170994759,0.7497488856315613,0.4705696403980255,-0.02817438915371895,0.7500971555709839,0.49689003825187683,-0.04504350200295448,0.7548163533210754,0.5276192426681519,-0.05348970368504524,0.7796239852905273,0.5007253885269165,-0.009546440094709396,0.776403546333313,0.436863511800766,-0.020618775859475136,0.7750580906867981,0.4056752920150757,-0.03009888343513012,0.7747227549552917,0.3770815432071686,-0.03650638833642006,0.8012109994888306,0.5033407211303711,-0.015408173203468323,0.8021147847175598,0.4335418939590454,-0.02649531699717045,0.8012552261352539,0.392627477645874,-0.03380461409687996,0.7998870015144348,0.3534179925918579,-0.038325682282447815,0.8219990134239197,0.5209152698516846,-0.022802000865340233,0.8313679695129395,0.46878355741500854,-0.029870929196476936,0.8379603028297424,0.43536555767059326,-0.031685877591371536,0.8429555892944336,0.40263062715530396,-0.032603245228528976
9,0.7794028520584106,0.6640380620956421,8.264755990694539e-08,0.752299427986145,0.6447106599807739,-0.015594329684972763,0.7278302311897278,0.6116461753845215,-0.02846883237361908,0.7123551368713379,0.5806228518486023,-0.04158582538366318,0.7226649522781372,0.5511370301246643,-0.05306876078248024,0.7438094019889832,0.5137537121772766,-0.009925871156156063,0.728972315788269,0.4733302891254425,-0.033697135746479034,0.7256995439529419,0.5026670694351196,-0.05271650478243828,0.7293816804885864,0.5358148813247681,-0.06195177882909775,0.7655274868011475,0.495189905166626,-0.012119600549340248,0.7577059864997864,0.42301633954048157,-0.0251504834741354,0.7513821721076965,0.37833869457244873,-0.03533387556672096,0.7461209893226624,0.33712536096572876,-0.04190437123179436,0.7892397046089172,0.4974741041660309,-0.01840939000248909,0.7918184399604797,0.4259396493434906,-0.03142835944890976,0.7922636270523071,0.3807407319545746,-0.038637660443782806,0.7910012006759644,0.33948343992233276,-0.042301028966903687,0.8117853403091431,0.5186139941215515,-0.026296203956007957,0.8235290050506592,0.4655546247959137,-0.033949438482522964,0.8314589858055115,0.430630624294281,-0.034366387873888016,0.8372864723205566,0.39754047989845276,-0.033741120249032974
9,0.7394061088562012,0.6610961556434631,1.573689267786449e-08,0.7092655897140503,0.6304545998573303,-0.006477545015513897,0.6845173835754395,0.5904301404953003,-0.014349733479321003,0.6639042496681213,0.5651004314422607,-0.023971932008862495,0.6552575826644897,0.5365157127380371,-0.03331184759736061,0.7095247507095337,0.5009884834289551,-0.004313494078814983,0.6859713196754456,0.46151021122932434,-0.024899795651435852,0.6690713167190552,0.4839804470539093,-0.04241202399134636,0.6624739766120911,0.5138028264045715,-0.05155053362250328,0.7270820140838623,0.48665785789489746,-0.010714217089116573,0.717725396156311,0.4144302308559418,-0.02334461361169815,0.7073554992675781,0.3686291575431824,-0.033371392637491226,0.6981539726257324,0.3297464847564697,-0.039942990988492966,0.7469087839126587,0.49313288927078247,-0.01998417265713215,0.7526148557662964,0.4211820065975189,-0.032062724232673645,0.7525699138641357,0.37463414669036865,-0.03905584663152695,0.7518666386604309,0.3322116434574127,-0.043020155280828476,0.7643540501594543,0.5180301666259766,-0.02998088300228119,0.7805243730545044,0.4675391912460327,-0.03831414133310318,0.7897051572799683,0.42959344387054443,-0.03905138373374939,0.7973402142524719,0.39215612411499023,-0.038730159401893616
9,0.7565569877624512,0.639485776424408,3.335581411079147e-08,0.7257550358772278,0.6146246790885925,-0.007405437063425779,0.7004715204238892,0.5789922475814819,-0.015603211708366871,0.6807996034622192,0.5523132085800171,-0.025167761370539665,0.6705408096313477,0.5206649899482727,-0.03426485136151314,0.7191722989082336,0.493650883436203,-0.005787343718111515,0.6969918608665466,0.4526238441467285,-0.02619803696870804,0.6829383969306946,0.47066113352775574,-0.04264253377914429,0.6780630946159363,0.4972766637802124,-0.05084172263741493,0.7373530268669128,0.4749821722507477,-0.011243345215916634,0.7258363366127014,0.40183210372924805,-0.023904412984848022,0.7149060964584351,0.35720348358154297,-0.033313751220703125,0.7054101228713989,0.3190135359764099,-0.03920452669262886,0.7587358951568604,0.4755001366138458,-0.019473202526569366,0.7599223852157593,0.4021587371826172,-0.03178665414452553,0.7577305436134338,0.35535362362861633,-0.03806009516119957,0.7546098828315735,0.3131332993507385,-0.04125896841287613,0.7795466184616089,0.494648814201355,-0.028454624116420746,0.7912320494651794,0.4416584372520447,-0.03643740341067314,0.7980135083198547,0.4048091173171997,-0.03643583133816719,0.8032515048980713,0.3696017265319824,-0.03544566035270691
9,0.7898247838020325,0.5792351365089417,6.780820172025415e-08,0.7678069472312927,0.5559126734733582,-0.011251895688474178,0.7540013790130615,0.5164307355880737,-0.02021939493715763,0.761447012424469,0.48229455947875977,-0.029718097299337387,0.7763566374778748,0.4576796889305115,-0.037983592599630356,0.7624976634979248,0.43523192405700684,-0.00607924023643136,0.7560933232307434,0.3978981077671051,-0.024668505415320396,0.7618952393531799,0.41571173071861267,-0.04045114293694496,0.7697150707244873,0.4374958276748657,-0.048727285116910934,0.7803077697753906,0.4193439483642578,-0.009448511525988579,0.775116503238678,0.3527988791465759,-0.018944328650832176,0.7740344405174255,0.3112866282463074,-0.02838263101875782,0.773995041847229,0.27420249581336975,-0.03527560830116272,0.7993961572647095,0.4224931299686432,-0.015996582806110382,0.7974120378494263,0.35748475790023804,-0.025791004300117493,0.7968078851699829,0.31739357113838196,-0.03379476070404053,0.7954894304275513,0.28051185607910156,-0.0391632616519928,0.8196732997894287,0.4410327672958374,-0.023929031565785408,0.8258184194564819,0.3934541642665863,-0.029922431334853172,0.8296934366226196,0.36338943243026733,-0.03184645250439644,0.8322921395301819,0.33471304178237915,-0.03325430303812027
9,0.7993248105049133,0.5638608336448669,1.1366611119001391e-07,0.7778104543685913,0.5470781922340393,-0.015279468148946762,0.7628660798072815,0.5156376361846924,-0.027468310669064522,0.7692407369613647,0.4855458438396454,-0.03920045122504234,0.7836395502090454,0.45980432629585266,-0.049500130116939545,0.7669056057929993,0.4326813817024231,-0.012233087792992592,0.7639109492301941,0.40319380164146423,-0.033950064331293106,0.7723279595375061,0.42435207962989807,-0.051788948476314545,0.7817448973655701,0.44848012924194336,-0.061003971844911575,0.7843047976493835,0.41442611813545227,-0.014280468225479126,0.7797775864601135,0.35170164704322815,-0.025975169613957405,0.7795770168304443,0.3106348216533661,-0.03633955866098404,0.7801334261894226,0.27208101749420166,-0.04371912404894829,0.8033006191253662,0.415630578994751,-0.019754353910684586,0.8004873991012573,0.3522629141807556,-0.0315668061375618,0.8004634976387024,0.3119524419307709,-0.039995405822992325,0.7995020151138306,0.2743716537952423,-0.04531896114349365,0.8237765431404114,0.4327756464481354,-0.026754068210721016,0.82816481590271,0.38652363419532776,-0.03419502452015877,0.8316121697425842,0.357234388589859,-0.03606747090816498,0.8337540030479431,0.328962117433548,-0.03714606538414955
9,0.7804638743400574,0.5252180695533752,1.5521487739533768e-07,0.7511572241783142,0.5006344318389893,-0.010197495110332966,0.7321638464927673,0.46236979961395264,-0.015450708568096161,0.7249709963798523,0.41682273149490356,-0.02164112776517868,0.7278039455413818,0.3751620054244995,-0.02630295418202877,0.7438228726387024,0.40138477087020874,0.006400048267096281,0.7333973050117493,0.3631680905818939,-0.008841556496918201,0.7291392087936401,0.35853445529937744,-0.02179453894495964,0.7298524379730225,0.3654971718788147,-0.027429530397057533,0.7620820999145508,0.38490045070648193,0.005206539761275053,0.754048764705658,0.3201357424259186,-0.0009109472739510238,0.7479975819587708,0.2798313498497009,-0.006250140722841024,0.7436367273330688,0.24451442062854767,-0.008906550705432892,0.7832221984863281,0.38364270329475403,5.303889338392764e-05,0.7825372219085693,0.3288247287273407,-0.006970586720854044,0.7805761098861694,0.29657089710235596,-0.008778243325650692,0.7776880264282227,0.2707005441188812,-0.008207395672798157,0.8053502440452576,0.3957442343235016,-0.0068086497485637665,0.8118070363998413,0.3543114960193634,-0.009234249591827393,0.8155080676078796,0.3291741609573364,-0.006294926628470421,0.8175685405731201,0.3091859519481659,-0.003034889930859208
9,0.7661721706390381,0.42530232667922974,6.992566881081075e-08,0.7392051219940186,0.40235400199890137,-0.008728714659810066,0.7202715277671814,0.36477869749069214,-0.01686789095401764,0.7066156268119812,0.3351002633571625,-0.02619495615363121,0.7021602392196655,0.303469181060791,-0.03482320159673691,0.7373524904251099,0.2824724614620209,-0.0038712385576218367,0.7226179838180542,0.24439986050128937,-0.02269773930311203,0.7130348682403564,0.2620677649974823,-0.03836369886994362,0.7115191221237183,0.2873923182487488,-0.04637035354971886,0.756694495677948,0.2667863368988037,-0.008385337889194489,0.7508324980735779,0.19676175713539124,-0.019043121486902237,0.7454866170883179,0.15239009261131287,-0.02848028764128685,0.7415371537208557,0.11277100443840027,-0.03487459197640419,0.7777424454689026,0.2712149918079376,-0.015893880277872086,0.7827163934707642,0.20307007431983948,-0.027541358023881912,0.7852301597595215,0.16130568087100983,-0.03527386859059334,0.7860615849494934,0.1232592761516571,-0.039819538593292236,0.7970564365386963,0.2938568890094757,-0.024204863235354424,0.8130799531936646,0.25024181604385376,-0.03243596479296684,0.8235663175582886,0.22004219889640808,-0.034108009189367294,0.8321306109428406,0.19120842218399048,-0.03453424945473671
9,0.7730957865715027,0.4511064887046814,4.5370054380100555e-08,0.7464297413825989,0.4293113946914673,-0.007831402122974396,0.7278914451599121,0.39220547676086426,-0.015138986520469189,0.7136328816413879,0.3640587329864502,-0.023600270971655846,0.7082059383392334,0.3339277505874634,-0.03155429661273956,0.7465233206748962,0.3137350380420685,-0.004109439440071583,0.7323614954948425,0.2798466980457306,-0.021424440667033195,0.7218865752220154,0.2978084087371826,-0.03555924817919731,0.7189334034919739,0.3214130401611328,-0.04289799928665161,0.7651519179344177,0.29859015345573425,-0.009123059920966625,0.7585752606391907,0.23124074935913086,-0.020183006301522255,0.7520561218261719,0.18747186660766602,-0.029525818303227425,0.7468931674957275,0.1480676680803299,-0.03576939180493355,0.7855285406112671,0.302939236164093,-0.01688469760119915,0.7905765175819397,0.23566582798957825,-0.029650917276740074,0.7930597066879272,0.19348257780075073,-0.03841368854045868,0.7936427593231201,0.15486060082912445,-0.043484825640916824,0.8042588233947754,0.3246283531188965,-0.02512206882238388,0.821096658706665,0.2818604111671448,-0.034591782838106155,0.8322213292121887,0.2523905634880066,-0.03728999197483063,0.8409995436668396,0.22437310218811035,-0.03845282271504402
9,0.7707622647285461,0.48013895750045776,2.2671729382750527e-08,0.7428532838821411,0.4585588574409485,-0.009058216586709023,0.7238682508468628,0.42105787992477417,-0.016871528699994087,0.7100399136543274,0.39474910497665405,-0.02570735476911068,0.7028668522834778,0.36566099524497986,-0.03420015797019005,0.7412844300270081,0.3384067416191101,-0.00522216409444809,0.7247081398963928,0.3020167350769043,-0.02400386892259121,0.7125691771507263,0.3227359354496002,-0.039699774235486984,0.7075132131576538,0.3496350646018982,-0.04772784560918808,0.7600319385528564,0.32320278882980347,-0.009330667555332184,0.7532182335853577,0.2593090236186981,-0.020338496193289757,0.7453592419624329,0.22069516777992249,-0.029909148812294006,0.7377095222473145,0.1867111623287201,-0.03617420420050621,0.7806817293167114,0.3274197280406952,-0.016359994187951088,0.7833744883537292,0.26054325699806213,-0.02864508144557476,0.783786952495575,0.21696293354034424,-0.03705805540084839,0.7827397584915161,0.176873117685318,-0.041940949857234955,0.7991282939910889,0.34985020756721497,-0.02408462204039097,0.8144638538360596,0.30524563789367676,-0.033753588795661926,0.824932873249054,0.27352315187454224,-0.03636970743536949,0.8334779143333435,0.2432720959186554,-0.0372130386531353
9,0.765609622001648,0.49051445722579956,1.1050378390109472e-08,0.7374746203422546,0.4706059694290161,-0.008742556907236576,0.717810332775116,0.43369004130363464,-0.01638948731124401,0.7029093503952026,0.4091346263885498,-0.025171849876642227,0.6942172050476074,0.3836437463760376,-0.03369521349668503,0.7324519157409668,0.35081014037132263,-0.005281986203044653,0.7152232527732849,0.31225016713142395,-0.022721800953149796,0.7037592530250549,0.3354097902774811,-0.037135738879442215,0.6996780633926392,0.36499908566474915,-0.04453572258353233,0.7521272897720337,0.33462759852409363,-0.009438150562345982,0.745895504951477,0.27233967185020447,-0.0198881383985281,0.7367815375328064,0.2395438849925995,-0.0292776208370924,0.7273701429367065,0.2128184735774994,-0.03534208610653877,0.7729761600494385,0.3377686142921448,-0.016372373327612877,0.7763110995292664,0.2692364454269409,-0.028139635920524597,0.7758209705352783,0.2266348898410797,-0.037092484533786774,0.7734805941581726,0.18833613395690918,-0.04263148456811905,0.7914081811904907,0.35950860381126404,-0.023911725729703903,0.8084582090377808,0.3160085082054138,-0.034292299300432205,0.8188701868057251,0.28365084528923035,-0.038280803710222244,0.8267724514007568,0.252414345741272,-0.040187276899814606
9,0.7414116263389587,0.4844675362110138,-4.60342608477049e-09,0.7115192413330078,0.4671209156513214,-0.00802760012447834,0.6893107295036316,0.43235668540000916,-0.015874598175287247,0.6730586290359497,0.41045430302619934,-0.024942174553871155,0.6627764701843262,0.38795074820518494,-0.03399301692843437,0.703238308429718,0.34714365005493164,-0.005528902634978294,0.6839266419410706,0.3123953640460968,-0.023957574740052223,0.6725053191184998,0.3368883728981018,-0.040151018649339676,0.6681211590766907,0.3669300377368927,-0.04893320053815842,0.7221651077270508,0.3287755846977234,-0.010426212102174759,0.7133101224899292,0.2694782614707947,-0.021366290748119354,0.7010462284088135,0.23972615599632263,-0.03213801234960556,0.6884426474571228,0.21742653846740723,-0.03944696485996246,0.7434923648834229,0.3302304744720459,-0.017961598932743073,0.7431825399398804,0.2621643841266632,-0.02941679023206234,0.7388626933097839,0.22125092148780823,-0.038662832230329514,0.7331978678703308,0.1847986876964569,-0.044776611030101776,0.7633747458457947,0.35077762603759766,-0.026103658601641655,0.7779644131660461,0.3036366403102875,-0.03577494993805885,0.7863884568214417,0.26986610889434814,-0.03945930302143097,0.792499303817749,0.23668935894966125,-0.041478231549263
9,0.7454848885536194,0.4880610704421997,-1.2347751265906481e-08,0.7171332240104675,0.4705924987792969,-0.00858075451105833,0.6947706937789917,0.43621763586997986,-0.016605185344815254,0.6790749430656433,0.4123137891292572,-0.025666259229183197,0.6682189106941223,0.3847329020500183,-0.03465858846902847,0.7092834115028381,0.354158878326416,-0.006665066350251436,0.689317524433136,0.3174089789390564,-0.024939436465501785,0.6776427030563354,0.33875536918640137,-0.04056250676512718,0.6731534600257874,0.3669525682926178,-0.04898325353860855,0.7274565696716309,0.33626338839530945,-0.011314998380839825,0.7181882858276367,0.27619487047195435,-0.02262444980442524,0.7064024806022644,0.24670910835266113,-0.0334148108959198,0.6945218443870544,0.2251109778881073,-0.040663596242666245,0.7479330897331238,0.3375794589519501,-0.018540265038609505,0.7472252249717712,0.272017240524292,-0.03051411360502243,0.7426016330718994,0.23078054189682007,-0.04007689282298088,0.7366838455200195,0.19382628798484802,-0.046374134719371796,0.7672824859619141,0.3571081757545471,-0.026343388482928276,0.7814345955848694,0.3116178810596466,-0.036532845348119736,0.7899684309959412,0.2783816456794739,-0.04069894924759865,0.7961188554763794,0.24576333165168762,-0.04308707267045975
9,0.7422379851341248,0.5240622162818909,5.3502621000234285e-08,0.714106023311615,0.5077264904975891,-0.012542917393147945,0.689892053604126,0.4765571653842926,-0.023343943059444427,0.6716564893722534,0.4503963589668274,-0.03477904573082924,0.6689715385437012,0.4179982542991638,-0.045382965356111526,0.7028261423110962,0.386971652507782,-0.008571500889956951,0.6854103803634644,0.34718796610832214,-0.030050234869122505,0.6757582426071167,0.36888936161994934,-0.04779234901070595,0.6735748052597046,0.3969123363494873,-0.05702439323067665,0.7217611074447632,0.3688426911830902,-0.011878465302288532,0.7106012105941772,0.301432728767395,-0.02420716919004917,0.7018505334854126,0.2591840624809265,-0.0350598506629467,0.6943053007125854,0.22097690403461456,-0.04250628128647804,0.7439782619476318,0.3696698248386383,-0.018557444214820862,0.7423781156539917,0.30279746651649475,-0.031238142400979996,0.7408843040466309,0.26004910469055176,-0.03961850702762604,0.7383127808570862,0.22092486917972565,-0.04461490735411644,0.7655678391456604,0.3880302309989929,-0.02637796476483345,0.7762386798858643,0.33979445695877075,-0.035127125680446625,0.7832455039024353,0.30629557371139526,-0.037077732384204865,0.7887465953826904,0.2738800346851349,-0.037741973996162415
9,0.7498293519020081,0.5571393966674805,7.608668539660357e-08,0.7232506275177002,0.5463027358055115,-0.013164116069674492,0.7000786662101746,0.5169040560722351,-0.023654572665691376,0.6848843693733215,0.4860054850578308,-0.034815359860658646,0.6944867968559265,0.4538685977458954,-0.044519681483507156,0.7080423831939697,0.43188464641571045,-0.005525665823370218,0.6935128569602966,0.389692097902298,-0.026460696011781693,0.6940392851829529,0.4130479395389557,-0.04331232234835625,0.7008754014968872,0.4400891065597534,-0.05158550292253494,0.7260422110557556,0.410702109336853,-0.007775351870805025,0.7156658172607422,0.3456745743751526,-0.018741339445114136,0.7090809345245361,0.3073301315307617,-0.027988024055957794,0.703701376914978,0.2710181474685669,-0.03413870930671692,0.7475462555885315,0.40715914964675903,-0.01388288103044033,0.7444465160369873,0.341391921043396,-0.02547862008213997,0.742216169834137,0.3005695939064026,-0.032750461250543594,0.7394797205924988,0.26319628953933716,-0.03683222085237503,0.7694776654243469,0.4201899766921997,-0.021402768790721893,0.7778485417366028,0.37163251638412476,-0.028930574655532837,0.7846809029579163,0.3401097059249878,-0.030491307377815247,0.7903267741203308,0.3099832534790039,-0.03090396523475647
9,0.7607836723327637,0.5888580083847046,6.03353029760001e-08,0.732222318649292,0.5718159675598145,-0.01262617390602827,0.708730161190033,0.541182816028595,-0.022696245461702347,0.6920983791351318,0.5116828680038452,-0.03344818577170372,0.6971162557601929,0.48038098216056824,-0.042784787714481354,0.7235149145126343,0.4552590847015381,-0.006019229535013437,0.7088012099266052,0.4101148545742035,-0.025772636756300926,0.7036599516868591,0.43482017517089844,-0.04136239364743233,0.7052212953567505,0.4660908877849579,-0.048929352313280106,0.7435820698738098,0.4378693103790283,-0.008386692963540554,0.7363699674606323,0.37210217118263245,-0.019103417173027992,0.7303335666656494,0.3336077630519867,-0.028091110289096832,0.7244678139686584,0.29841405153274536,-0.03423923999071121,0.7648916244506836,0.43829983472824097,-0.014445367269217968,0.7666100263595581,0.3754722476005554,-0.025933414697647095,0.7661572098731995,0.3341130018234253,-0.0336470790207386,0.7639768719673157,0.2958533763885498,-0.0382855124771595,0.784770667552948,0.45504230260849,-0.02172478847205639,0.7965391278266907,0.40978676080703735,-0.02963324263691902,0.8044161200523376,0.378723680973053,-0.03167206421494484,0.8102002739906311,0.34819263219833374,-0.032518234103918076
9,0.7625257968902588,0.5961801409721375,3.148483429527005e-08,0.7354937791824341,0.5752344131469727,-0.0076664406806230545,0.7147844433784485,0.5444735288619995,-0.015342914499342442,0.6997040510177612,0.5198509693145752,-0.024249732494354248,0.6925045251846313,0.4914940893650055,-0.03259216621518135,0.7303364276885986,0.4642895758152008,-0.00455830292776227,0.712297260761261,0.42737406492233276,-0.02229699119925499,0.699796736240387,0.44230470061302185,-0.03675723448395729,0.6944769620895386,0.46460989117622375,-0.04396704584360123,0.7470341324806213,0.44787076115608215,-0.008845874108374119,0.7378104329109192,0.3848242163658142,-0.019488753750920296,0.7289044260978699,0.34617817401885986,-0.0274929441511631,0.7204166054725647,0.31201183795928955,-0.03241749480366707,0.7663679718971252,0.4485100507736206,-0.015833303332328796,0.7681846618652344,0.3845292627811432,-0.026576528325676918,0.766768217086792,0.3424452543258667,-0.032407574355602264,0.7636810541152954,0.30460840463638306,-0.03534471243619919,0.784953236579895,0.46585893630981445,-0.023627830669283867,0.7976323962211609,0.42027726769447327,-0.030748514458537102,0.8046603202819824,0.38764646649360657,-0.031231878325343132,0.8097782731056213,0.35665372014045715,-0.030594902113080025
9,0.7699943780899048,0.6064401268959045,9.340689643977385e-08,0.7478635907173157,0.5931786894798279,-0.013480966910719872,0.7320759892463684,0.5625578761100769,-0.024366237223148346,0.7312748432159424,0.5363175272941589,-0.03515464812517166,0.7355038523674011,0.5099753737449646,-0.04448379576206207,0.7386869788169861,0.477590948343277,-0.01088784821331501,0.7302847504615784,0.4419735372066498,-0.031137922778725624,0.7327200770378113,0.4646308720111847,-0.04730822890996933,0.7386595606803894,0.49019676446914673,-0.055329855531454086,0.7578679919242859,0.45926758646965027,-0.013290626928210258,0.7535126209259033,0.3966086804866791,-0.024164212867617607,0.7527517676353455,0.35859259963035583,-0.03337957710027695,0.7524480223655701,0.32194983959198,-0.03975539654493332,0.7779879570007324,0.46052390336990356,-0.018963966518640518,0.779594898223877,0.39511537551879883,-0.030220288783311844,0.7811669707298279,0.3562045693397522,-0.03772988170385361,0.7810066938400269,0.3178138732910156,-0.04238223284482956,0.7985625863075256,0.47779566049575806,-0.0259349774569273,0.809889018535614,0.43372827768325806,-0.03322025388479233,0.8166868686676025,0.4029177129268646,-0.034899115562438965,0.8215487599372864,0.37217819690704346,-0.035686880350112915
9,0.7671977281570435,0.6053751111030579,5.295942884231408e-08,0.7421198487281799,0.5875060558319092,-0.01022318284958601,0.7224866151809692,0.5580288767814636,-0.019405150786042213,0.7081955075263977,0.5361483693122864,-0.029153570532798767,0.7027481198310852,0.5098478198051453,-0.03846857696771622,0.7364009022712708,0.47566521167755127,-0.009240430779755116,0.7196834683418274,0.44251373410224915,-0.027836574241518974,0.7077826261520386,0.4619322121143341,-0.042640697211027145,0.7028747200965881,0.4874640703201294,-0.050200458616018295,0.7552986741065979,0.45960533618927,-0.012844983488321304,0.748578667640686,0.39751604199409485,-0.024495460093021393,0.7419995665550232,0.3607623875141144,-0.03334927186369896,0.7353633642196655,0.32742318511009216,-0.038991741836071014,0.7753656506538391,0.4631921947002411,-0.01918560452759266,0.7805957794189453,0.39823034405708313,-0.03186902031302452,0.7816149592399597,0.35736796259880066,-0.0395425446331501,0.7799160480499268,0.3188910484313965,-0.04375166818499565,0.7936254739761353,0.484900563955307,-0.026209698989987373,0.8097137212753296,0.44187551736831665,-0.03573460504412651,0.8194829225540161,0.4108249247074127,-0.03779477998614311,0.826791524887085,0.37999120354652405,-0.03822500258684158
9,0.7640249133110046,0.6123929023742676,2.823072087210221e-08,0.73816978931427,0.5929853916168213,-0.008178996853530407,0.7177098989486694,0.5634483098983765,-0.016475876793265343,0.7021524310112,0.5448785424232483,-0.025623468682169914,0.6953666806221008,0.5205395221710205,-0.03452935814857483,0.734096884727478,0.486910343170166,-0.00892692431807518,0.7150952816009521,0.4598366618156433,-0.027758510783314705,0.7018052339553833,0.48176777362823486,-0.04315958544611931,0.6955651044845581,0.507777988910675,-0.05118522793054581,0.7517658472061157,0.4713202714920044,-0.013381349854171276,0.7441366910934448,0.4130408763885498,-0.025917962193489075,0.7354143261909485,0.37710538506507874,-0.03534112125635147,0.7264432311058044,0.34611111879348755,-0.04112100973725319,0.771370530128479,0.47438690066337585,-0.02025289461016655,0.7749834060668945,0.4111270308494568,-0.033869098871946335,0.7757274508476257,0.36959871649742126,-0.0419425368309021,0.7742443680763245,0.3312933146953583,-0.04607945680618286,0.7892420887947083,0.495827317237854,-0.027517719194293022,0.805659294128418,0.4547344744205475,-0.03778022155165672,0.8157942295074463,0.4246019124984741,-0.03997360169887543,0.823594868183136,0.39537668228149414,-0.04021405428647995
9,0.7603787183761597,0.6239783763885498,5.41255644748162e-08,0.736542820930481,0.6076864004135132,-0.009481340646743774,0.7193095684051514,0.5820577144622803,-0.0188917126506567,0.7058792114257812,0.5673225522041321,-0.028871355578303337,0.7011715769767761,0.5519629716873169,-0.03884125128388405,0.734210193157196,0.5050289630889893,-0.012339380569756031,0.7179629802703857,0.48250675201416016,-0.030518561601638794,0.7064500451087952,0.5109996199607849,-0.04515334218740463,0.7015808820724487,0.5400550961494446,-0.05284549295902252,0.7537285089492798,0.49146756529808044,-0.01616683043539524,0.7483195662498474,0.4393863081932068,-0.027960406616330147,0.7436949610710144,0.4046669900417328,-0.03794630616903305,0.739241898059845,0.37135589122772217,-0.0447925366461277,0.7739449739456177,0.4974769651889801,-0.022143766283988953,0.7809187769889832,0.43826135993003845,-0.03621523082256317,0.7850624918937683,0.3990291357040405,-0.04642027989029884,0.786357045173645,0.36152833700180054,-0.052310749888420105,0.7915254831314087,0.5196080803871155,-0.028297901153564453,0.8109899759292603,0.4821583926677704,-0.03940112516283989,0.82297283411026,0.45477741956710815,-0.04309090971946716,0.8318805694580078,0.4272083640098572,-0.04466210678219795
9,0.7596405744552612,0.6221284866333008,2.1048126797040823e-08,0.7338908314704895,0.6082501411437988,-0.009057719260454178,0.7166614532470703,0.5812843441963196,-0.017048928886651993,0.7049330472946167,0.5649212002754211,-0.02573237009346485,0.6991769075393677,0.5441601872444153,-0.03413929417729378,0.7294102311134338,0.49973005056381226,-0.00769630866125226,0.7141538858413696,0.4672195613384247,-0.024757174775004387,0.7046700119972229,0.4924166798591614,-0.03902055323123932,0.7005079984664917,0.5221326947212219,-0.04621507227420807,0.7494053244590759,0.4854874610900879,-0.011347036808729172,0.7466790676116943,0.43041297793388367,-0.022054513916373253,0.7393807172775269,0.4048767685890198,-0.03139062970876694,0.730385959148407,0.38602131605148315,-0.03699684515595436,0.7695755958557129,0.4897700846195221,-0.017529737204313278,0.7741950154304504,0.43020665645599365,-0.02892017923295498,0.7740948796272278,0.39228886365890503,-0.03763963282108307,0.7715041637420654,0.3582254648208618,-0.04268922656774521,0.7871500253677368,0.5108481049537659,-0.024251002818346024,0.8031296133995056,0.47097399830818176,-0.03350520506501198,0.8130022287368774,0.443027138710022,-0.0366809144616127,0.8199449777603149,0.41593995690345764,-0.03785496950149536
9,0.7673466801643372,0.6229857206344604,1.0409772244202031e-07,0.7460740804672241,0.6091523766517639,-0.014535431750118732,0.7302696704864502,0.5779792666435242,-0.026295701041817665,0.7312758564949036,0.5508751273155212,-0.03798097372055054,0.7441984415054321,0.5306196808815002,-0.04836145043373108,0.73996502161026,0.4950573146343231,-0.011710860766470432,0.7330701351165771,0.4579397737979889,-0.03299202024936676,0.737594485282898,0.4765336513519287,-0.04972604289650917,0.7458375692367554,0.500001072883606,-0.05825978145003319,0.7595453858375549,0.47697579860687256,-0.013480575755238533,0.7582294940948486,0.4191809296607971,-0.025334257632493973,0.7610973119735718,0.3855370879173279,-0.03455652669072151,0.764747142791748,0.35296833515167236,-0.04097361117601395,0.7797102928161621,0.47814708948135376,-0.018756741657853127,0.7847599983215332,0.4130961000919342,-0.0307016558945179,0.7885443568229675,0.37793922424316406,-0.038064807653427124,0.7911335825920105,0.34238412976264954,-0.04259246215224266,0.8002885580062866,0.4952366352081299,-0.025522658601403236,0.8144807815551758,0.45285385847091675,-0.034044038504362106,0.8234972357749939,0.4233788251876831,-0.036980677396059036,0.8308166861534119,0.39266344904899597,-0.038587942719459534
9,0.762469470500946,0.6165862083435059,6.016129106001245e-08,0.7378042340278625,0.599338710308075,-0.011448037810623646,0.7198327779769897,0.5705280303955078,-0.021182527765631676,0.7089265584945679,0.5466578006744385,-0.031378429383039474,0.7052056193351746,0.5200865864753723,-0.04098917171359062,0.7317453026771545,0.4872264862060547,-0.008795634843409061,0.7181394696235657,0.4523058831691742,-0.027205251157283783,0.7096592783927917,0.47221192717552185,-0.042116135358810425,0.7081152200698853,0.4985203146934509,-0.04967794194817543,0.751268744468689,0.4713243842124939,-0.011518343351781368,0.7464720606803894,0.4121492803096771,-0.022004876285791397,0.7411550879478455,0.3772737681865692,-0.03078581765294075,0.736244261264801,0.3444209098815918,-0.03669069707393646,0.7717840075492859,0.47412580251693726,-0.01719469577074051,0.7761736512184143,0.40966367721557617,-0.02875378355383873,0.7775552868843079,0.36995965242385864,-0.036485183984041214,0.7772926092147827,0.3326356112957001,-0.041110388934612274,0.7903399467468262,0.4942936897277832,-0.023775961250066757,0.805023193359375,0.4509100914001465,-0.03289385885000229,0.8146260976791382,0.42102885246276855,-0.035346902906894684,0.8224186301231384,0.39163005352020264,-0.03618653118610382
9,0.760593831539154,0.6122679114341736,3.2460562238156854e-08,0.7356632947921753,0.5911344885826111,-0.007811085321009159,0.7154729962348938,0.557624101638794,-0.015606733039021492,0.6999104619026184,0.5331405997276306,-0.02427287958562374,0.6903023719787598,0.5068702101707458,-0.032909419387578964,0.732799768447876,0.48625826835632324,-0.007362884934991598,0.7143523693084717,0.4532317817211151,-0.025776000693440437,0.7002848982810974,0.46776723861694336,-0.04085709527134895,0.6925532221794128,0.48906102776527405,-0.04861441254615784,0.7491313815116882,0.4721461534500122,-0.011968355625867844,0.7423756718635559,0.41178712248802185,-0.024195313453674316,0.7324882745742798,0.37610185146331787,-0.033454228192567825,0.7225860953330994,0.3458790183067322,-0.03891593590378761,0.7672706842422485,0.47583526372909546,-0.019003011286258698,0.7702223062515259,0.4133617579936981,-0.03168497979640961,0.7698136568069458,0.37198778986930847,-0.0391024574637413,0.7682961821556091,0.33328884840011597,-0.042918771505355835,0.7839789986610413,0.49574434757232666,-0.026528380811214447,0.7975867390632629,0.45307451486587524,-0.03598377853631973,0.8068529367446899,0.42288923263549805,-0.03776213899254799,0.8144736886024475,0.393121600151062,-0.03786486014723778
9,0.7577090859413147,0.5939085483551025,7.014588732090488e-08,0.7297612428665161,0.5734425783157349,-0.008591382764279842,0.7095265984535217,0.5368918776512146,-0.014343773946166039,0.6955917477607727,0.5029011964797974,-0.020989708602428436,0.6887895464897156,0.46814650297164917,-0.026860924437642097,0.7245194911956787,0.46720901131629944,0.0013774095568805933,0.7108432054519653,0.4364401698112488,-0.014202295802533627,0.6983023881912231,0.4344790577888489,-0.02735685184597969,0.6898035407066345,0.44379350543022156,-0.03371990844607353,0.7399390935897827,0.448765367269516,-0.001758391153998673,0.7316066026687622,0.38836705684661865,-0.009942642413079739,0.7238271236419678,0.3502073585987091,-0.016279328614473343,0.7164559364318848,0.31905943155288696,-0.019947506487369537,0.7587248682975769,0.44635578989982605,-0.008187418803572655,0.7573515772819519,0.3893231153488159,-0.01713857613503933,0.7547647356987,0.35136064887046814,-0.021206410601735115,0.7509152889251709,0.3198589086532593,-0.02275877259671688,0.777413547039032,0.4584762752056122,-0.015883473679423332,0.7849023342132568,0.41288071870803833,-0.022149967029690742,0.7910457849502563,0.3813004195690155,-0.022371746599674225,0.7953934073448181,0.35377025604248047,-0.02149258367717266
9,0.7576338052749634,0.6077604293823242,5.135428082780891e-08,0.7309440970420837,0.5909820199012756,-0.006534446030855179,0.7115458250045776,0.5584272146224976,-0.012255257926881313,0.7003548741340637,0.5306459665298462,-0.019435619935393333,0.6965319514274597,0.5054824352264404,-0.02619343064725399,0.7182679772377014,0.4827253222465515,-0.0006600015913136303,0.703665554523468,0.4484885632991791,-0.017603840678930283,0.6975096464157104,0.45455288887023926,-0.03142184764146805,0.696847140789032,0.47338777780532837,-0.037805914878845215,0.7352030873298645,0.463204026222229,-0.0050474428571760654,0.7259611487388611,0.40191423892974854,-0.013744606636464596,0.7186605930328369,0.36526939272880554,-0.02082182466983795,0.7118825316429138,0.3351428210735321,-0.02498641051352024,0.7556374669075012,0.4592810273170471,-0.012354888021945953,0.7528376579284668,0.39512476325035095,-0.02171977050602436,0.7502341866493225,0.3542289733886719,-0.02756613865494728,0.7468640804290771,0.31933385133743286,-0.030486028641462326,0.7764837741851807,0.4710041284561157,-0.020559774711728096,0.7846283316612244,0.42211830615997314,-0.027362219989299774,0.7899704575538635,0.3885495662689209,-0.028520707041025162,0.7938522696495056,0.35778793692588806,-0.02828981541097164
9,0.7666016221046448,0.6083341836929321,1.0712425790870839e-07,0.7446087002754211,0.5916926860809326,-0.011164970695972443,0.7294021248817444,0.5619671940803528,-0.020378045737743378,0.7252802848815918,0.5323925614356995,-0.030163703486323357,0.7281919121742249,0.5040069222450256,-0.03914772346615791,0.7339510321617126,0.4843118488788605,-0.006530913058668375,0.7240656614303589,0.4472547769546509,-0.025003857910633087,0.7247986197471619,0.45381760597229004,-0.03972283750772476,0.7304352521896362,0.4723806381225586,-0.04685826599597931,0.7515560388565063,0.46576789021492004,-0.009238817729055882,0.746436357498169,0.40436702966690063,-0.018977763131260872,0.7449915409088135,0.3663957118988037,-0.027382828295230865,0.744695782661438,0.3328334093093872,-0.033025775104761124,0.7713558673858643,0.46392008662223816,-0.015102683566510677,0.7712950706481934,0.3995822072029114,-0.025424620136618614,0.7718652486801147,0.3581984043121338,-0.03316232189536095,0.77173912525177,0.3208424746990204,-0.038032516837120056,0.7918539047241211,0.4770664572715759,-0.022118208929896355,0.8014874458312988,0.4311637580394745,-0.029714219272136688,0.8080289363861084,0.3998159170150757,-0.03223655745387077,0.8133111596107483,0.3704930543899536,-0.033460795879364014
9,0.7606199979782104,0.622941255569458,-1.4000377746015147e-08,0.739194929599762,0.6097866892814636,-0.010941743850708008,0.7245357036590576,0.5868053436279297,-0.02158690057694912,0.7151464819908142,0.5731258988380432,-0.03261817619204521,0.718445897102356,0.5648767352104187,-0.04338722676038742,0.7402315735816956,0.5034400820732117,-0.010195850394666195,0.7292394638061523,0.48607003688812256,-0.028083542361855507,0.721190333366394,0.5172702670097351,-0.0434197336435318,0.7192951440811157,0.5483924746513367,-0.05192165449261665,0.7597673535346985,0.4893994927406311,-0.013068611733615398,0.7576828002929688,0.4459727704524994,-0.02409185841679573,0.7529526948928833,0.42569947242736816,-0.03350204974412918,0.7486448287963867,0.4056876599788666,-0.0400334969162941,0.7799642086029053,0.4950975775718689,-0.018518470227718353,0.7881727814674377,0.4367269277572632,-0.030831443145871162,0.7916972041130066,0.40223705768585205,-0.03965025395154953,0.7934886813163757,0.3674013018608093,-0.045184504240751266,0.7971853613853455,0.5177032351493835,-0.024546891450881958,0.8161607384681702,0.47803083062171936,-0.03375932574272156,0.8280969262123108,0.4518316388130188,-0.03702978044748306,0.8372180461883545,0.42334702610969543,-0.038890086114406586
9,0.7555670738220215,0.6103085875511169,9.019794688924776e-09,0.7305435538291931,0.5895776152610779,-0.0067262202501297,0.7098512053489685,0.5562002062797546,-0.014194007962942123,0.6929672360420227,0.5347239971160889,-0.022714877501130104,0.6822007298469543,0.5131219625473022,-0.03166243061423302,0.7272012829780579,0.48821571469306946,-0.00666443258523941,0.7068890333175659,0.4630259871482849,-0.024999866262078285,0.6917354464530945,0.4775899052619934,-0.04082009941339493,0.6825050115585327,0.4977228343486786,-0.04939528554677963,0.7427412867546082,0.4735727906227112,-0.012209541164338589,0.7348083257675171,0.41697564721107483,-0.025551743805408478,0.7212077379226685,0.3883429169654846,-0.03586672246456146,0.7075522541999817,0.3676879405975342,-0.04159846529364586,0.7601935267448425,0.4768337905406952,-0.019972844049334526,0.7621235847473145,0.4145451486110687,-0.03329634666442871,0.7589660882949829,0.37489527463912964,-0.04160100221633911,0.7551261186599731,0.33941179513931274,-0.04591520503163338,0.7758565545082092,0.4969031512737274,-0.028093289583921432,0.7905780673027039,0.455409973859787,-0.03847528249025345,0.8001186847686768,0.4251291751861572,-0.041222333908081055,0.8078029155731201,0.39531612396240234,-0.041979189962148666
9,0.7515114545822144,0.6037938594818115,-6.797360008192754e-09,0.7256633043289185,0.5794731378555298,-0.005436108913272619,0.7056360244750977,0.5421751737594604,-0.010695820674300194,0.6896272897720337,0.5133340358734131,-0.0173652246594429,0.6785416603088379,0.4848921597003937,-0.024065880104899406,0.7246542572975159,0.47743046283721924,-0.0005228638183325529,0.7061687111854553,0.4490455389022827,-0.01644582487642765,0.6911960244178772,0.454283207654953,-0.030383316799998283,0.6804347038269043,0.4678497910499573,-0.037621788680553436,0.7384995818138123,0.46105527877807617,-0.005557121708989143,0.7290656566619873,0.4041714370250702,-0.01547272503376007,0.7168657779693604,0.3709418773651123,-0.02369997464120388,0.7048119306564331,0.3444405794143677,-0.02859162539243698,0.7557574510574341,0.46113333106040955,-0.0130875613540411,0.7545203566551208,0.3982446789741516,-0.023776397109031677,0.7503491044044495,0.35915035009384155,-0.030027560889720917,0.7456254959106445,0.3256480097770691,-0.033105432987213135,0.7721912860870361,0.476179838180542,-0.021231969818472862,0.782969057559967,0.43025702238082886,-0.029377328231930733,0.7903175354003906,0.3974596858024597,-0.031241297721862793,0.7956469655036926,0.3669288754463196,-0.03154468163847923
9,0.7518265247344971,0.6017521619796753,-1.470215477139547e-10,0.7264848947525024,0.5746350288391113,-0.005413452163338661,0.7082170248031616,0.5352671146392822,-0.010080699808895588,0.6941983103752136,0.504359245300293,-0.016267744824290276,0.6838563680648804,0.473774254322052,-0.022415250539779663,0.7282647490501404,0.4744129478931427,0.0014774460578337312,0.711672306060791,0.4449613392353058,-0.013118624687194824,0.6970053315162659,0.4453866183757782,-0.025833945721387863,0.6858463287353516,0.45481500029563904,-0.032412536442279816,0.7426390051841736,0.45921823382377625,-0.0033460098784416914,0.7340325117111206,0.4036772847175598,-0.012314904481172562,0.7236588597297668,0.3702491521835327,-0.020076598972082138,0.7135987281799316,0.343364953994751,-0.024892782792448997,0.7597252130508423,0.45990538597106934,-0.01080072857439518,0.758022129535675,0.3995736241340637,-0.021320659667253494,0.7540097832679749,0.3611631691455841,-0.027698541060090065,0.7492464184761047,0.3284149467945099,-0.030935509130358696,0.7761654853820801,0.47411787509918213,-0.018859077244997025,0.7862190008163452,0.42798176407814026,-0.02694903314113617,0.7933048009872437,0.39568695425987244,-0.029223240911960602,0.7979035377502441,0.36619699001312256,-0.029982686042785645
9,0.7639375925064087,0.613896369934082,8.133082474159892e-08,0.7422449588775635,0.5901569724082947,-0.010799123905599117,0.7267110347747803,0.5545072555541992,-0.019735997542738914,0.7184886932373047,0.5242100358009338,-0.029496226459741592,0.7195631861686707,0.4950237274169922,-0.03846257925033569,0.7394437193870544,0.4798256754875183,-0.004299767781049013,0.7298097014427185,0.44124898314476013,-0.023212257772684097,0.7244123220443726,0.4447249174118042,-0.038393620401620865,0.7242257595062256,0.4642312228679657,-0.045795343816280365,0.7574670910835266,0.46590134501457214,-0.006649636197835207,0.7550560832023621,0.4074627161026001,-0.01637769304215908,0.7529497742652893,0.3724120259284973,-0.023735055699944496,0.7514570951461792,0.3423459231853485,-0.028341002762317657,0.777104377746582,0.46863994002342224,-0.012462561950087547,0.7803518176078796,0.4068544805049896,-0.022736605256795883,0.7825005650520325,0.36757561564445496,-0.028505410999059677,0.783562421798706,0.33248504996299744,-0.03164626657962799,0.7956604957580566,0.48709073662757874,-0.019558046013116837,0.8094139695167542,0.44552233815193176,-0.027299638837575912,0.81842440366745,0.4156288802623749,-0.02923545055091381,0.825887143611908,0.38719868659973145,-0.029684845358133316
9,0.7651494741439819,0.6144112348556519,7.92562957485643e-08,0.743768036365509,0.5901253819465637,-0.01095969695597887,0.7292518019676208,0.5534384250640869,-0.01991281285881996,0.7227675914764404,0.5220135450363159,-0.029584964737296104,0.7253386974334717,0.4922028183937073,-0.03834237530827522,0.7433874607086182,0.4807317852973938,-0.004669848829507828,0.734257161617279,0.442168653011322,-0.0235898420214653,0.7302836775779724,0.44568654894828796,-0.03849800303578377,0.7316856384277344,0.46627944707870483,-0.04561026766896248,0.7615614533424377,0.4673595726490021,-0.006753965280950069,0.7601949572563171,0.4102255403995514,-0.016461508348584175,0.7590696215629578,0.37649786472320557,-0.02351994626224041,0.7583761811256409,0.34786421060562134,-0.02788318321108818,0.7808963656425476,0.47053906321525574,-0.012295810505747795,0.7857016921043396,0.4096170961856842,-0.0225162785500288,0.7885584235191345,0.3721656799316406,-0.02778608724474907,0.7898367047309875,0.338564395904541,-0.030563993379473686,0.7990320920944214,0.48952221870422363,-0.01915045641362667,0.8135746717453003,0.4487167000770569,-0.02710791490972042,0.8225529193878174,0.4193134903907776,-0.02909308299422264,0.8296271562576294,0.39102861285209656,-0.029484452679753304
9,0.7661070227622986,0.6140233874320984,7.417777680984727e-08,0.7447051405906677,0.5906975269317627,-0.01050656009465456,0.7300666570663452,0.5540345907211304,-0.019285978749394417,0.7228279709815979,0.5232007503509521,-0.028933318331837654,0.7252530455589294,0.49467653036117554,-0.037688739597797394,0.7430095672607422,0.4799966812133789,-0.0043722051195800304,0.7344077229499817,0.43982627987861633,-0.023137826472520828,0.7300315499305725,0.44550377130508423,-0.038031451404094696,0.7305848002433777,0.46649113297462463,-0.04526035860180855,0.7612016201019287,0.4669037461280823,-0.006852056365460157,0.7595808506011963,0.4087173342704773,-0.01643889769911766,0.7586482763290405,0.3747333288192749,-0.023706821724772453,0.7582196593284607,0.34514984488487244,-0.02835627645254135,0.7806562185287476,0.47028663754463196,-0.012738867662847042,0.7852833271026611,0.4080798625946045,-0.022892260923981667,0.7883902788162231,0.37078917026519775,-0.0285170990973711,0.7900151610374451,0.3367007076740265,-0.03167347237467766,0.7990629076957703,0.48901641368865967,-0.019887426868081093,0.8135136365890503,0.44761598110198975,-0.027829008176922798,0.822676956653595,0.41805019974708557,-0.029942266643047333,0.8301201462745667,0.38922637701034546,-0.030545756220817566
9,0.7697005271911621,0.6190503835678101,1.2065439136677014e-07,0.7485764026641846,0.6087666749954224,-0.01523791253566742,0.7341616153717041,0.5812147855758667,-0.027437353506684303,0.7364529371261597,0.556922435760498,-0.03906955197453499,0.7429028749465942,0.5340926647186279,-0.04950125515460968,0.7390937805175781,0.4965793788433075,-0.013188990764319897,0.7321680784225464,0.46988770365715027,-0.03263750672340393,0.7358443140983582,0.4851323962211609,-0.04883153736591339,0.7435320019721985,0.5042764544487,-0.05766895040869713,0.7569417953491211,0.4765510559082031,-0.01487090066075325,0.753273069858551,0.42155778408050537,-0.02582637034356594,0.7542600035667419,0.38655996322631836,-0.03535270690917969,0.7566759586334229,0.35378497838974,-0.04242859035730362,0.7764689922332764,0.47628381848335266,-0.019754504784941673,0.7787237167358398,0.41177040338516235,-0.031346600502729416,0.7817913889884949,0.3755117952823639,-0.03926411271095276,0.7837757468223572,0.34033992886543274,-0.044605523347854614,0.7973233461380005,0.49211636185646057,-0.026051122695207596,0.8100370168685913,0.4479919672012329,-0.03458239883184433,0.8182888627052307,0.41787779331207275,-0.037552788853645325,0.8244280815124512,0.3872567415237427,-0.03947092965245247
9,0.7625575661659241,0.6188273429870605,3.896294842320458e-08,0.7375625371932983,0.6004592776298523,-0.009672749787569046,0.718546450138092,0.570337176322937,-0.018602699041366577,0.705011248588562,0.5456393957138062,-0.028610162436962128,0.7016839981079102,0.5205451250076294,-0.037970270961523056,0.7285504937171936,0.4891367256641388,-0.004590699449181557,0.7141919732093811,0.45098915696144104,-0.02335469052195549,0.7075068354606628,0.46910756826400757,-0.03896620497107506,0.7069337368011475,0.4960833787918091,-0.0467117503285408,0.7464501857757568,0.4738025665283203,-0.00803398434072733,0.7400359511375427,0.4136812388896942,-0.018573367968201637,0.7324620485305786,0.38075828552246094,-0.02785487286746502,0.7246177196502686,0.3519653081893921,-0.033788103610277176,0.7665623426437378,0.47473347187042236,-0.014560967683792114,0.7672661542892456,0.41020044684410095,-0.025160277262330055,0.766071617603302,0.36981481313705444,-0.03241925314068794,0.7635883688926697,0.3325780928134918,-0.036668527871370316,0.7855316400527954,0.49189674854278564,-0.022060658782720566,0.7968468070030212,0.4453812539577484,-0.02953651174902916,0.8047046065330505,0.41322457790374756,-0.0312909260392189,0.8111171722412109,0.3823397159576416,-0.0317450612783432
9,0.7519319653511047,0.6254013776779175,4.536122233389506e-08,0.7243354916572571,0.6065534353256226,-0.00866299495100975,0.7021222114562988,0.5766492486000061,-0.01674213819205761,0.6856093406677246,0.5545676946640015,-0.025862785056233406,0.6822739243507385,0.5283445715904236,-0.03414987027645111,0.7173883318901062,0.49295029044151306,-0.005369435530155897,0.6987802386283875,0.45733505487442017,-0.023791620507836342,0.6893773078918457,0.4812556803226471,-0.03845081105828285,0.6881213188171387,0.5093618035316467,-0.0456625260412693,0.734882116317749,0.4757516384124756,-0.009704424068331718,0.72581547498703,0.41052716970443726,-0.021518168970942497,0.7175292372703552,0.36958572268486023,-0.030430562794208527,0.7098678946495056,0.33230581879615784,-0.0360351987183094,0.7546277642250061,0.4774121642112732,-0.016928577795624733,0.7577154636383057,0.41299787163734436,-0.0290217362344265,0.7564853429794312,0.37182724475860596,-0.03586135432124138,0.7537605166435242,0.3340989947319031,-0.03932534530758858,0.7734501361846924,0.4959016740322113,-0.024905340746045113,0.7859070301055908,0.4491533041000366,-0.032575443387031555,0.7931491136550903,0.416536420583725,-0.033294424414634705,0.7984809875488281,0.38498198986053467,-0.03292838856577873
9,0.7601727247238159,0.6359727382659912,8.49277341785637e-08,0.7375420928001404,0.6259019374847412,-0.013222983106970787,0.7187073826789856,0.5991232395172119,-0.025066930800676346,0.7183552980422974,0.5726797580718994,-0.037007998675107956,0.7310235500335693,0.5476695895195007,-0.048018425703048706,0.7219328284263611,0.509444534778595,-0.010823245160281658,0.7130430340766907,0.48031243681907654,-0.032144706696271896,0.7193856835365295,0.5034226775169373,-0.050166431814432144,0.7288293838500977,0.528172492980957,-0.05960264801979065,0.7398894429206848,0.4873158633708954,-0.013951956294476986,0.7334227561950684,0.42656609416007996,-0.025528376922011375,0.7299989461898804,0.3885684609413147,-0.03605563938617706,0.7267113924026489,0.3521594703197479,-0.04362022504210472,0.7604378461837769,0.48550257086753845,-0.02036532573401928,0.7602629661560059,0.41720646619796753,-0.03223147988319397,0.7599354982376099,0.3763014078140259,-0.0409652516245842,0.7578586339950562,0.33734768629074097,-0.046525657176971436,0.7823714017868042,0.4998379647731781,-0.02799244597554207,0.790155291557312,0.4487996995449066,-0.03594879060983658,0.794844925403595,0.415469765663147,-0.03813840448856354,0.7973631620407104,0.3828354477882385,-0.03937627375125885
9,0.7538845539093018,0.6166703701019287,5.1935543865511136e-08,0.7272343039512634,0.5977389216423035,-0.010360551066696644,0.7051328420639038,0.5679555535316467,-0.01960187964141369,0.6894408464431763,0.5450080633163452,-0.02970263548195362,0.6892635226249695,0.5211745500564575,-0.03907066583633423,0.7201802134513855,0.48598140478134155,-0.00691202562302351,0.7042173743247986,0.44607698917388916,-0.025854796171188354,0.6961489319801331,0.471415638923645,-0.041198939085006714,0.695068895816803,0.5008179545402527,-0.049014005810022354,0.7390087246894836,0.4711046516895294,-0.010788427665829659,0.7312739491462708,0.4084074795246124,-0.02215767651796341,0.7235878109931946,0.3707699775695801,-0.03196028620004654,0.7163684368133545,0.33533331751823425,-0.038544636219739914,0.7593532800674438,0.4743834137916565,-0.017724113538861275,0.7612273097038269,0.4117979407310486,-0.030088506639003754,0.7610371112823486,0.3707537055015564,-0.03872351348400116,0.7593930959701538,0.3316383957862854,-0.04381830245256424,0.7782354354858398,0.49368104338645935,-0.025460271164774895,0.7904672622680664,0.4498026967048645,-0.03429913520812988,0.7986782789230347,0.4189806580543518,-0.03658735379576683,0.8050159215927124,0.38830310106277466,-0.03751923516392708
9,0.7498823404312134,0.6183849573135376,2.1341486799997256e-08,0.7237033247947693,0.5928322076797485,-0.007028613705188036,0.703587532043457,0.5592519044876099,-0.014195968396961689,0.6866096258163452,0.5351897478103638,-0.022880809381604195,0.6821433901786804,0.5088289380073547,-0.031110260635614395,0.723107099533081,0.4818902611732483,-0.002330493414774537,0.7047873735427856,0.444029837846756,-0.019768085330724716,0.692175567150116,0.4626126289367676,-0.03428197279572487,0.6881973147392273,0.4894070625305176,-0.04162461310625076,0.7390542030334473,0.46775734424591064,-0.006911000236868858,0.7315965890884399,0.4046482741832733,-0.01763169839978218,0.7228204011917114,0.3663114905357361,-0.026031456887722015,0.7149292826652527,0.3336881399154663,-0.03134063631296158,0.757207989692688,0.4711293578147888,-0.01431045588105917,0.7612080574035645,0.4090697169303894,-0.02506554126739502,0.760177493095398,0.3682281970977783,-0.03125011548399925,0.7583173513412476,0.33156830072402954,-0.03454304859042168,0.7736489176750183,0.4909813404083252,-0.022492434829473495,0.7870955467224121,0.4475441575050354,-0.0295953880995512,0.7950987815856934,0.4160380959510803,-0.03032192587852478,0.8018583059310913,0.3858243227005005,-0.03004426881670952
9,0.7496167421340942,0.5964287519454956,3.886186306090167e-08,0.7221478223800659,0.5697381496429443,-0.006677214987576008,0.7035267353057861,0.5314680337905884,-0.011924791149795055,0.689824104309082,0.49798664450645447,-0.018561873584985733,0.6834616661071777,0.4638623297214508,-0.024521997198462486,0.7227009534835815,0.4684758484363556,0.0019439012976363301,0.7089940309524536,0.43244171142578125,-0.013781866990029812,0.6969465017318726,0.43571847677230835,-0.027052603662014008,0.6903170943260193,0.45013946294784546,-0.033430710434913635,0.7381696105003357,0.4531467854976654,-0.0017244265181943774,0.7317754030227661,0.3935245871543884,-0.009907282888889313,0.7243953943252563,0.35630732774734497,-0.016120297834277153,0.7176375389099121,0.3254619240760803,-0.019771529361605644,0.756264328956604,0.45327261090278625,-0.008473253808915615,0.7569307088851929,0.3956942856311798,-0.016923995688557625,0.755007266998291,0.35803401470184326,-0.020377732813358307,0.752069890499115,0.32681021094322205,-0.021542806178331375,0.7737497091293335,0.46731576323509216,-0.01634545810520649,0.7830780744552612,0.4224562644958496,-0.022020287811756134,0.7896214723587036,0.3912319540977478,-0.02175399288535118,0.7946376800537109,0.3640631139278412,-0.020482603460550308
9,0.7525743842124939,0.6182469129562378,5.222742416322035e-08,0.7272706627845764,0.60446697473526,-0.011860967613756657,0.70818692445755,0.5782585740089417,-0.02195717953145504,0.6953513026237488,0.5577561259269714,-0.03236866369843483,0.6894693374633789,0.5342129468917847,-0.04222378507256508,0.7175439596176147,0.49192720651626587,-0.010256047360599041,0.7011527419090271,0.46007847785949707,-0.029130185022950172,0.6938950419425964,0.48717522621154785,-0.04480399563908577,0.6941047310829163,0.5157361626625061,-0.05305981636047363,0.7364834547042847,0.47409066557884216,-0.013203199952840805,0.7277161478996277,0.4159202575683594,-0.02447245828807354,0.7205327153205872,0.38060110807418823,-0.03464612737298012,0.7142238616943359,0.3466464877128601,-0.041790615767240524,0.7569725513458252,0.4760100543498993,-0.018992852419614792,0.7587859630584717,0.4132327735424042,-0.031456708908081055,0.7580665349960327,0.37234997749328613,-0.04088882356882095,0.7558884024620056,0.3329940140247345,-0.04678136855363846,0.776046872138977,0.49587589502334595,-0.025549521669745445,0.7898279428482056,0.4521420896053314,-0.03470349684357643,0.7984356880187988,0.42141711711883545,-0.03759262338280678,0.805034339427948,0.3907858431339264,-0.03904028981924057
9,0.7698123455047607,0.621615469455719,9.099149167468568e-08,0.7477492094039917,0.6092063188552856,-0.014097337611019611,0.7319976091384888,0.5766059160232544,-0.0254893209785223,0.7351962924003601,0.5476811528205872,-0.036765206605196,0.7492964863777161,0.525053858757019,-0.04678843170404434,0.737784743309021,0.49534913897514343,-0.011521827429533005,0.7321177124977112,0.4601421356201172,-0.03254459425806999,0.739227294921875,0.48111528158187866,-0.04985572025179863,0.7479026317596436,0.5054976940155029,-0.059018589556217194,0.7562395334243774,0.47506648302078247,-0.01348752062767744,0.7531037330627441,0.4184320569038391,-0.025191091001033783,0.7547635436058044,0.3833514451980591,-0.03532760962843895,0.756754457950592,0.34931468963623047,-0.042702946811914444,0.7760618925094604,0.47525906562805176,-0.01874706894159317,0.778582751750946,0.40962573885917664,-0.030605336651206017,0.7819181680679321,0.37273943424224854,-0.038516487926244736,0.7839466333389282,0.3357169032096863,-0.043631091713905334,0.7970359325408936,0.49129974842071533,-0.025422407314181328,0.8091590404510498,0.44710683822631836,-0.03376142680644989,0.8172492384910583,0.4170321822166443,-0.03653699904680252,0.8235474228858948,0.38581305742263794,-0.03826383128762245
9,0.7704397439956665,0.6246251463890076,8.551688779334654e-08,0.7489217519760132,0.610991358757019,-0.012545302510261536,0.7331228256225586,0.5774470567703247,-0.02278585359454155,0.7354971170425415,0.5488331317901611,-0.03319893404841423,0.749950647354126,0.5288553237915039,-0.04254646971821785,0.7395884990692139,0.49745142459869385,-0.009441260248422623,0.7323054671287537,0.4640282988548279,-0.02944205515086651,0.7384743690490723,0.4831264317035675,-0.0457354374229908,0.74779212474823,0.5061923861503601,-0.05435116961598396,0.7583847641944885,0.47851404547691345,-0.012148748151957989,0.7558616399765015,0.42282000184059143,-0.023114768788218498,0.7588592171669006,0.3901415467262268,-0.0322912335395813,0.7628698945045471,0.35940098762512207,-0.03890693187713623,0.778422474861145,0.47933149337768555,-0.0181674025952816,0.7821769714355469,0.4144211411476135,-0.030127717182040215,0.7863483428955078,0.3803362250328064,-0.03785867244005203,0.7893578410148621,0.34635043144226074,-0.04276103153824806,0.7996474504470825,0.4958253800868988,-0.025444431230425835,0.8127879500389099,0.45352891087532043,-0.03458309546113014,0.8214343786239624,0.42408159375190735,-0.0379708930850029,0.8281534314155579,0.39336705207824707,-0.03998251259326935
9,0.7571653723716736,0.6217986345291138,3.6220722421376195e-08,0.7328469753265381,0.5993080139160156,-0.009640300646424294,0.7133179903030396,0.5673970580101013,-0.01849551871418953,0.6985053420066833,0.5426256656646729,-0.02819555252790451,0.6938894391059875,0.5177496075630188,-0.03735765442252159,0.7278749346733093,0.49034690856933594,-0.007229991257190704,0.7105979323387146,0.4523010551929474,-0.02639906294643879,0.7005430459976196,0.4732005298137665,-0.04184749349951744,0.6978908777236938,0.49970948696136475,-0.0496150478720665,0.7455577850341797,0.4767914116382599,-0.010913986712694168,0.7375268936157227,0.4138603210449219,-0.022659776732325554,0.729444682598114,0.3758560121059418,-0.03223278000950813,0.7221165895462036,0.3408307433128357,-0.03849329426884651,0.7648535966873169,0.4804267883300781,-0.01739300601184368,0.7670880556106567,0.41625094413757324,-0.029406310990452766,0.7668382525444031,0.37607109546661377,-0.03681328892707825,0.7655776739120483,0.3378458619117737,-0.040952328592538834,0.7827025651931763,0.4999959170818329,-0.024669891223311424,0.794523298740387,0.454223096370697,-0.03252525255084038,0.8023854494094849,0.4231509864330292,-0.03370720148086548,0.808739185333252,0.3925008475780487,-0.033776771277189255
9,0.7529072165489197,0.6063100099563599,2.8336406998619168e-08,0.726789653301239,0.5801490545272827,-0.0067020608112216,0.7073274254798889,0.5414005517959595,-0.012745511718094349,0.6923269033432007,0.5092424750328064,-0.019907010719180107,0.683677613735199,0.47814908623695374,-0.026369592174887657,0.7269760966300964,0.47759559750556946,-0.0025776477996259928,0.7107152342796326,0.4416865110397339,-0.01905691809952259,0.6981791853904724,0.44784557819366455,-0.0319688506424427,0.6924089193344116,0.46350109577178955,-0.03798544034361839,0.7423505783081055,0.4621160924434662,-0.006356517784297466,0.7339576482772827,0.4004474878311157,-0.0164547897875309,0.7251158952713013,0.36066824197769165,-0.02289390005171299,0.7175464630126953,0.32661324739456177,-0.026396656408905983,0.760368824005127,0.46235525608062744,-0.012769484892487526,0.7617775797843933,0.4005511999130249,-0.022871969267725945,0.759535014629364,0.3609791696071625,-0.026804408058524132,0.756450891494751,0.32711052894592285,-0.028006775304675102,0.777687132358551,0.47748005390167236,-0.020041154697537422,0.7885216474533081,0.431461900472641,-0.026186414062976837,0.7953924536705017,0.3996126651763916,-0.025953570380806923,0.8006065487861633,0.3714475631713867,-0.024669790640473366
9,0.7538591027259827,0.5551877021789551,2.7008294267716337e-08,0.7277460694313049,0.5288004279136658,-0.007298225071281195,0.7098556756973267,0.48738864064216614,-0.01299053244292736,0.6964844465255737,0.45242008566856384,-0.01990988291800022,0.6888058185577393,0.41766494512557983,-0.02623627334833145,0.7298478484153748,0.4219970703125,-0.0001327000354649499,0.7161437273025513,0.38408082723617554,-0.016760027036070824,0.7035951018333435,0.38844630122184753,-0.030407631769776344,0.6968629956245422,0.40348273515701294,-0.03690994903445244,0.7460924983024597,0.407279908657074,-0.0038757058791816235,0.7400636076927185,0.34481868147850037,-0.01228855736553669,0.7333136200904846,0.30637311935424805,-0.018421340733766556,0.7276901602745056,0.2746061086654663,-0.021980300545692444,0.7646523118019104,0.4093948006629944,-0.010668940842151642,0.7666758894920349,0.34902891516685486,-0.01972266472876072,0.7658201456069946,0.30962488055229187,-0.02317756786942482,0.7642475366592407,0.27574586868286133,-0.0243525467813015,0.7821427583694458,0.4261690080165863,-0.01854833960533142,0.7928895950317383,0.3814810514450073,-0.0251108780503273,0.800894558429718,0.3506720960140228,-0.024914460256695747,0.807214617729187,0.32271021604537964,-0.023557079955935478
9,0.7545219659805298,0.5723785161972046,-1.9489815983320113e-08,0.7308299541473389,0.5472808480262756,-0.008351679891347885,0.7142637372016907,0.5125390887260437,-0.016167785972356796,0.6995558142662048,0.49152621626853943,-0.024956602603197098,0.6887423992156982,0.4699729084968567,-0.033658724278211594,0.7352452874183655,0.44108834862709045,-0.006955613382160664,0.7173506021499634,0.4071825444698334,-0.025132840499281883,0.7036207914352417,0.4302324056625366,-0.04046604782342911,0.6972050666809082,0.45635753870010376,-0.048656437546014786,0.7536203861236572,0.43056660890579224,-0.011418519541621208,0.7479824423789978,0.37308835983276367,-0.02362578734755516,0.7397168278694153,0.33938711881637573,-0.03405965492129326,0.7308681011199951,0.30979791283607483,-0.040782950818538666,0.7721061706542969,0.4383932054042816,-0.018393846228718758,0.7781826853752136,0.37851831316947937,-0.031081950291991234,0.7797067165374756,0.33865296840667725,-0.040083158761262894,0.7791035771369934,0.30086639523506165,-0.045381683856248856,0.7875087261199951,0.46266868710517883,-0.025886494666337967,0.8045504093170166,0.4269754886627197,-0.03521197289228439,0.8151127696037292,0.3992426097393036,-0.03822505846619606,0.8232293725013733,0.3711578845977783,-0.03966395929455757
9,0.766703724861145,0.5889039039611816,3.8122273338103696e-08,0.7426013946533203,0.574191153049469,-0.013465200550854206,0.7254977226257324,0.5429518818855286,-0.024155255407094955,0.7151419520378113,0.517485499382019,-0.035028960555791855,0.7151554226875305,0.49342256784439087,-0.044925935566425323,0.7367584109306335,0.457262247800827,-0.008932235650718212,0.7240498661994934,0.4242590367794037,-0.028380978852510452,0.7197126150131226,0.451757550239563,-0.04467911645770073,0.7218146324157715,0.4816793203353882,-0.05310121178627014,0.7563604712486267,0.4420057535171509,-0.010795907117426395,0.7512715458869934,0.38632476329803467,-0.020827678963541985,0.7471539378166199,0.354758083820343,-0.03038242645561695,0.7437664270401001,0.3238386809825897,-0.03721965476870537,0.7770648002624512,0.4451737403869629,-0.016015540808439255,0.7801114320755005,0.38239115476608276,-0.0275670625269413,0.780454158782959,0.3430936634540558,-0.036439064890146255,0.7795810699462891,0.3042665123939514,-0.0421588309109211,0.7959527373313904,0.4656469225883484,-0.022326655685901642,0.8103876709938049,0.4228547215461731,-0.03151855990290642,0.8197667598724365,0.39316320419311523,-0.0349620096385479,0.8270834684371948,0.3628078103065491,-0.03679830580949783
9,0.8140636086463928,0.5852183699607849,6.38184687318244e-08,0.7938307523727417,0.5703638792037964,-0.011281903833150864,0.7796403765678406,0.5377840399742126,-0.020520851016044617,0.7793630361557007,0.5069355964660645,-0.03000064380466938,0.7880650758743286,0.4807165563106537,-0.038177695125341415,0.7790625691413879,0.46425339579582214,-0.0073032500222325325,0.7710325121879578,0.42970582842826843,-0.02575262449681759,0.7786089181900024,0.4438173770904541,-0.0409444123506546,0.7876108288764954,0.46428030729293823,-0.048620808869600296,0.79332435131073,0.4447287321090698,-0.009484547190368176,0.7856340408325195,0.38876426219940186,-0.01882484368979931,0.7858505845069885,0.3538197875022888,-0.02686825953423977,0.7863617539405823,0.3235703706741333,-0.032637983560562134,0.81028813123703,0.44150057435035706,-0.014862824231386185,0.8047299981117249,0.379334032535553,-0.024587955325841904,0.8042615652084351,0.3414003849029541,-0.03185451403260231,0.8027640581130981,0.30680397152900696,-0.036591656506061554,0.8298444747924805,0.45212769508361816,-0.02146991342306137,0.8354179859161377,0.40377703309059143,-0.028368089348077774,0.8399941921234131,0.3728955090045929,-0.03107358328998089,0.8427872061729431,0.34418240189552307,-0.032821618020534515
9,0.846351683139801,0.5571542978286743,1.134645088995967e-07,0.8288028240203857,0.5450621843338013,-0.017256077378988266,0.814702033996582,0.519558310508728,-0.028950953856110573,0.8187647461891174,0.4887170195579529,-0.039407290518283844,0.8287560343742371,0.46081528067588806,-0.04764296114444733,0.8131154179573059,0.4378174841403961,-0.01327087078243494,0.8095526099205017,0.40227532386779785,-0.031870037317276,0.8220951557159424,0.4147278666496277,-0.04630977660417557,0.8339195847511292,0.4335361123085022,-0.05341590195894241,0.8273236155509949,0.41763076186180115,-0.012110486626625061,0.8208487629890442,0.365657240152359,-0.022006161510944366,0.8245424628257751,0.3330107033252716,-0.029394466429948807,0.8289057016372681,0.30500757694244385,-0.03457613289356232,0.8432093262672424,0.41491931676864624,-0.014429382979869843,0.8377393484115601,0.36284154653549194,-0.024001695215702057,0.8389376997947693,0.32932958006858826,-0.029798883944749832,0.8395690321922302,0.29838433861732483,-0.033455487340688705,0.861312747001648,0.4256155788898468,-0.018651092424988747,0.8645884394645691,0.38336026668548584,-0.024578971788287163,0.8684844970703125,0.3576509356498718,-0.02616463601589203,0.8709686994552612,0.3335278034210205,-0.027074217796325684
9,0.8438106775283813,0.554413378238678,4.916103435448349e-08,0.8240355253219604,0.5355292558670044,-0.00935923308134079,0.8090886473655701,0.5075498819351196,-0.017563559114933014,0.8036600351333618,0.4809476435184479,-0.026612764224410057,0.8099045157432556,0.45612797141075134,-0.034506723284721375,0.8160967826843262,0.43197426199913025,-0.0036403981503099203,0.8080499768257141,0.3950968384742737,-0.021222900599241257,0.8074966669082642,0.41106289625167847,-0.03587980195879936,0.809674859046936,0.4339842200279236,-0.04303421080112457,0.8313755989074707,0.41822344064712524,-0.006323473062366247,0.8258199691772461,0.36094969511032104,-0.015320184640586376,0.8227198719978333,0.32716119289398193,-0.023011332377791405,0.8201083540916443,0.29758673906326294,-0.02807818539440632,0.8491707444190979,0.41955703496932983,-0.012081462889909744,0.848303496837616,0.3632035255432129,-0.02077256143093109,0.8476821184158325,0.32941734790802,-0.026143625378608704,0.8461992144584656,0.29929184913635254,-0.02911786362528801,0.8678449988365173,0.4335953891277313,-0.01904956065118313,0.8749240040779114,0.39053159952163696,-0.024066932499408722,0.8795408606529236,0.36312389373779297,-0.024432143196463585,0.8827941417694092,0.3379029631614685,-0.02414531260728836
9,0.8451719284057617,0.5677172541618347,4.9135756796658825e-08,0.8233141899108887,0.547896683216095,-0.008808013051748276,0.8073251247406006,0.5204439163208008,-0.017058750614523888,0.795299768447876,0.4990313947200775,-0.02633076161146164,0.7900188565254211,0.47412264347076416,-0.03511468693614006,0.8181348443031311,0.4450688064098358,-0.004551092628389597,0.8052785396575928,0.41012394428253174,-0.022694412618875504,0.7961944937705994,0.41968899965286255,-0.03822329267859459,0.791885495185852,0.43843942880630493,-0.046144433319568634,0.8324521780014038,0.43156546354293823,-0.007839049212634563,0.8254161477088928,0.37386852502822876,-0.017616506665945053,0.8196863532066345,0.33897286653518677,-0.025681039318442345,0.8143202066421509,0.30962663888931274,-0.0308200903236866,0.8498898148536682,0.43308356404304504,-0.014018666930496693,0.8495866656303406,0.37513768672943115,-0.023127911612391472,0.848982572555542,0.33878645300865173,-0.028434811159968376,0.8475051522254944,0.3064507842063904,-0.03134811669588089,0.8668312430381775,0.44894006848335266,-0.02134823054075241,0.8755894303321838,0.4060770273208618,-0.02717154659330845,0.8813941478729248,0.3777620792388916,-0.02752390317618847,0.8862050771713257,0.35108429193496704,-0.02700994722545147
9,0.8368865251541138,0.5698035359382629,6.530497476120445e-09,0.8142809867858887,0.5517250895500183,-0.008990030735731125,0.7973212003707886,0.5242142081260681,-0.01693090982735157,0.7845439314842224,0.5042064785957336,-0.025615913793444633,0.776991069316864,0.4797064960002899,-0.033670470118522644,0.8093844652175903,0.450381338596344,-0.005080340430140495,0.7951270341873169,0.41831356287002563,-0.022623853757977486,0.7868251204490662,0.43789592385292053,-0.0374230332672596,0.784984827041626,0.46200278401374817,-0.04488331824541092,0.8237518072128296,0.4363824427127838,-0.007997284643352032,0.8169894814491272,0.38124513626098633,-0.018045896664261818,0.80879145860672,0.35097581148147583,-0.026271838694810867,0.8012393712997437,0.32623210549354553,-0.03144010156393051,0.8406735062599182,0.43774527311325073,-0.013725521042943,0.8401960134506226,0.3769773840904236,-0.023144321516156197,0.837998628616333,0.3407209515571594,-0.028824031352996826,0.8356226086616516,0.30826136469841003,-0.03202426806092262,0.8567879796028137,0.4533229172229767,-0.02044663019478321,0.8652814626693726,0.41041234135627747,-0.02703803777694702,0.8705468773841858,0.38074570894241333,-0.02829034812748432,0.8747625350952148,0.35211893916130066,-0.02839639037847519
9,0.8294614553451538,0.557995080947876,2.10997299632254e-08,0.8052805662155151,0.5375968813896179,-0.008601113222539425,0.7868413329124451,0.5087597966194153,-0.016354909166693687,0.7728732228279114,0.48557209968566895,-0.025068532675504684,0.7691838145256042,0.45898762345314026,-0.032799649983644485,0.8031352758407593,0.4350457191467285,-0.003874777350574732,0.7885403633117676,0.3967432975769043,-0.021058328449726105,0.7791661024093628,0.41358235478401184,-0.034964464604854584,0.7768296003341675,0.43810468912124634,-0.04171483591198921,0.8169838786125183,0.4210068881511688,-0.006755208596587181,0.8086537718772888,0.3628101944923401,-0.016106892377138138,0.8010866641998291,0.3278043568134308,-0.023284640163183212,0.7947810292243958,0.29835987091064453,-0.027969181537628174,0.8336265087127686,0.4222537875175476,-0.012523192912340164,0.8338866233825684,0.3646024763584137,-0.02096894197165966,0.8323398232460022,0.3290324807167053,-0.025189479812979698,0.830548882484436,0.2976948022842407,-0.02750866301357746,0.8498173952102661,0.43775007128715515,-0.01945616491138935,0.8583712577819824,0.39449143409729004,-0.024965176358819008,0.8636831045150757,0.36515021324157715,-0.025118833407759666,0.8681880831718445,0.33746975660324097,-0.024494823068380356
9,0.8096389770507812,0.38680610060691833,7.032813442719998e-08,0.7802790999412537,0.370775431394577,-0.005934921558946371,0.7606096267700195,0.3421149253845215,-0.00807786826044321,0.7474353909492493,0.31158557534217834,-0.011693455278873444,0.742652416229248,0.2789519429206848,-0.014445889741182327,0.7757768034934998,0.29017236828804016,0.011750523000955582,0.7627876996994019,0.26679325103759766,0.0014975644880905747,0.7539844512939453,0.2634586691856384,-0.008543353527784348,0.7496323585510254,0.2666082978248596,-0.013165931217372417,0.7888571619987488,0.2731749713420868,0.009769385680556297,0.7787019610404968,0.22555282711982727,0.006731322966516018,0.7700122594833374,0.19593751430511475,0.002742609241977334,0.7619776129722595,0.16997076570987701,0.0007995894993655384,0.8050679564476013,0.2679804265499115,0.004378080368041992,0.8011220693588257,0.2264496237039566,-0.0009331586770713329,0.797761857509613,0.19998112320899963,-0.0029090445023030043,0.793408215045929,0.1795615255832672,-0.002434359397739172,0.8220683932304382,0.2735978662967682,-0.0021977154538035393,0.8249086737632751,0.23632851243019104,-0.004990593995898962,0.8272327780723572,0.21325621008872986,-0.003282202174887061,0.8282303810119629,0.1955542266368866,-0.000801037298515439
9,0.8137602806091309,0.4262487292289734,2.8533614582215705e-08,0.788982093334198,0.40554356575012207,-0.009111007675528526,0.7695400714874268,0.37394195795059204,-0.01648208685219288,0.7538003921508789,0.34636759757995605,-0.024972740560770035,0.7518389225006104,0.31576114892959595,-0.03258790820837021,0.7826987504959106,0.30513301491737366,-0.0014894771156832576,0.7683510780334473,0.26700156927108765,-0.01964562200009823,0.7608600854873657,0.2774556279182434,-0.03408871963620186,0.7595455050468445,0.2997018098831177,-0.04073534905910492,0.7972780466079712,0.2886768579483032,-0.004208252299576998,0.7883870005607605,0.22847780585289001,-0.014128323644399643,0.7810160517692566,0.19267752766609192,-0.021680086851119995,0.774549663066864,0.1626846343278885,-0.02602597512304783,0.8149880170822144,0.28682011365890503,-0.010188130661845207,0.8124688863754272,0.2291320264339447,-0.019870765507221222,0.8099294900894165,0.1916671097278595,-0.024772875010967255,0.8069913387298584,0.1598404347896576,-0.02689974568784237,0.8322160840034485,0.29908427596092224,-0.017339633777737617,0.8389772772789001,0.2559088468551636,-0.023223837837576866,0.8443200588226318,0.2272140383720398,-0.023273874074220657,0.849028468132019,0.2019546926021576,-0.022276733070611954
9,0.8221883177757263,0.5679877400398254,6.057657486735479e-09,0.8003362417221069,0.5508801341056824,-0.009443373419344425,0.7847628593444824,0.5249183177947998,-0.018879350274801254,0.7744464874267578,0.5092657208442688,-0.029009230434894562,0.77701735496521,0.5015577673912048,-0.03880245238542557,0.8034980893135071,0.4495467245578766,-0.008541515097022057,0.7938253879547119,0.42406946420669556,-0.02688666433095932,0.7865688800811768,0.4529705047607422,-0.041795048862695694,0.7843567728996277,0.4821922779083252,-0.04955633729696274,0.8234537243843079,0.4423196315765381,-0.012394539080560207,0.8226965665817261,0.3943515717983246,-0.02397151291370392,0.8199222683906555,0.3686135411262512,-0.03345609828829765,0.8171446919441223,0.34302613139152527,-0.03954211622476578,0.8425047993659973,0.4530860185623169,-0.01885923743247986,0.8504899740219116,0.3979640007019043,-0.03145117685198784,0.8547013401985168,0.36409512162208557,-0.04015832021832466,0.8570952415466309,0.3303050398826599,-0.04508848860859871,0.8582204580307007,0.4792540371417999,-0.025835519656538963,0.8750280141830444,0.44478222727775574,-0.03510581701993942,0.8852890133857727,0.4212769865989685,-0.03821903467178345,0.8931324481964111,0.39607781171798706,-0.03956243023276329
9,0.8236557245254517,0.6372231245040894,3.468025155939358e-08,0.8047645688056946,0.6189742088317871,-0.010152003727853298,0.7896865010261536,0.5942895412445068,-0.020631013438105583,0.7802298665046692,0.5804450511932373,-0.03127765282988548,0.7824462056159973,0.5802751779556274,-0.0416710264980793,0.8127807378768921,0.5225180387496948,-0.012026138603687286,0.8039367198944092,0.5001657009124756,-0.02855365350842476,0.7959475517272949,0.5266420245170593,-0.04151766747236252,0.7925298810005188,0.5534264445304871,-0.048449110239744186,0.8329586386680603,0.5211931467056274,-0.015543692745268345,0.8363909125328064,0.47811996936798096,-0.02593192830681801,0.8354088068008423,0.4573870301246643,-0.03415296971797943,0.8342609405517578,0.436904639005661,-0.03971326723694801,0.8501637578010559,0.5367487668991089,-0.021366780623793602,0.8628301024436951,0.48826366662979126,-0.03313470631837845,0.8696375489234924,0.4583313465118408,-0.04154432937502861,0.8745182752609253,0.42687907814979553,-0.046774644404649734,0.8627824187278748,0.5661203861236572,-0.027660634368658066,0.8817844390869141,0.5396454930305481,-0.0367501862347126,0.8941062688827515,0.52186518907547,-0.040012821555137634,0.9039848446846008,0.4998570680618286,-0.04185100272297859
9,0.781051516532898,0.6863381266593933,3.861824282580528e-08,0.7595190405845642,0.6657800674438477,-0.012266142293810844,0.7416485548019409,0.6353759765625,-0.02268909104168415,0.7288704514503479,0.6135697960853577,-0.033556532114744186,0.7326754331588745,0.5972110033035278,-0.04362526535987854,0.7604848146438599,0.5581496357917786,-0.007828991860151291,0.7473440766334534,0.5285369753837585,-0.027434485033154488,0.739120602607727,0.5553116202354431,-0.04352989047765732,0.7374518513679504,0.5847612023353577,-0.05165781080722809,0.779313325881958,0.548770546913147,-0.010450730100274086,0.7774996757507324,0.49317920207977295,-0.022503849118947983,0.7723641395568848,0.46281781792640686,-0.03220001980662346,0.7670699954032898,0.4355652332305908,-0.03807521238923073,0.7979567050933838,0.5569800734519958,-0.01632547378540039,0.803092896938324,0.49755948781967163,-0.0282729584723711,0.8048612475395203,0.46081623435020447,-0.03572840243577957,0.805393636226654,0.4262380599975586,-0.03959133103489876,0.8137389421463013,0.5803337097167969,-0.023298045620322227,0.8268983364105225,0.5390762090682983,-0.031043363735079765,0.8354623317718506,0.5114770531654358,-0.03269212320446968,0.8420107364654541,0.48380446434020996,-0.03296038135886192
9,0.7327524423599243,0.7027251720428467,4.321101254589621e-09,0.7064991593360901,0.6757208704948425,-0.007661975920200348,0.6853916645050049,0.6422306895256042,-0.015566486865282059,0.6680547595024109,0.6211593151092529,-0.024831417948007584,0.661037802696228,0.5956423282623291,-0.034014951437711716,0.7073798775672913,0.56443852186203,-0.0045529757626354694,0.6897324919700623,0.5260177850723267,-0.02340669184923172,0.6757997870445251,0.5457397103309631,-0.039691805839538574,0.6693645715713501,0.57408207654953,-0.04822871834039688,0.7237300276756287,0.5525820851325989,-0.009545467793941498,0.7196719646453857,0.489408940076828,-0.021313775330781937,0.70979243516922,0.45570001006126404,-0.03133341297507286,0.6996862292289734,0.42916247248649597,-0.037601228803396225,0.7413842082023621,0.5585155487060547,-0.01729370653629303,0.7453861832618713,0.4940440058708191,-0.02841954119503498,0.7434226274490356,0.4526790976524353,-0.03567370027303696,0.7407751083374023,0.4150705337524414,-0.03987707570195198,0.756905198097229,0.5804715752601624,-0.025840042158961296,0.7695729732513428,0.536424994468689,-0.03423324599862099,0.7767662405967712,0.5041452646255493,-0.03592262044548988,0.7826679944992065,0.47228336334228516,-0.0362219475209713
9,0.7222607135772705,0.6492469310760498,1.1289691848048733e-08,0.6949893236160278,0.6239549517631531,-0.008677566424012184,0.6725197434425354,0.5922245979309082,-0.01773829013109207,0.654927134513855,0.5705335140228271,-0.027840889990329742,0.648738443851471,0.54244464635849,-0.037744101136922836,0.694641649723053,0.5122675895690918,-0.008106308057904243,0.6759842038154602,0.47066184878349304,-0.02771129459142685,0.6613712310791016,0.49028247594833374,-0.0440189354121685,0.6542150974273682,0.5186498761177063,-0.05248591676354408,0.711578905582428,0.49964600801467896,-0.012676653452217579,0.7053840160369873,0.4344859719276428,-0.025100072845816612,0.6948475241661072,0.3980208933353424,-0.03537322208285332,0.6840676665306091,0.36836785078048706,-0.042047999799251556,0.7303718328475952,0.5050672292709351,-0.01988971419632435,0.7336773872375488,0.43781358003616333,-0.03159692883491516,0.7313843965530396,0.39415305852890015,-0.03952151536941528,0.7281192541122437,0.3550689220428467,-0.04434188827872276,0.7475218176841736,0.5268440842628479,-0.027849989011883736,0.7604168653488159,0.48043179512023926,-0.036627527326345444,0.7674192190170288,0.44660282135009766,-0.03889564052224159,0.7726709246635437,0.4138364791870117,-0.039724819362163544
9,0.7102375030517578,0.591468095779419,4.491019112151662e-08,0.6811804175376892,0.5698888897895813,-0.008301286026835442,0.6578397750854492,0.5383164286613464,-0.017109660431742668,0.6402373909950256,0.5161553025245667,-0.027257759124040604,0.6301243305206299,0.4885009229183197,-0.03700970485806465,0.6741377115249634,0.4525335431098938,-0.006715075112879276,0.6538909077644348,0.4110124111175537,-0.026699956506490707,0.6412910223007202,0.43028295040130615,-0.04304743558168411,0.6365236639976501,0.45859599113464355,-0.05136186629533768,0.6916071772575378,0.4360353350639343,-0.011964398436248302,0.6817904710769653,0.367538720369339,-0.02432965487241745,0.6711007952690125,0.32717594504356384,-0.03460324555635452,0.6609044075012207,0.29307547211647034,-0.04145144298672676,0.7113662958145142,0.43816444277763367,-0.020009122788906097,0.7113147377967834,0.3702393174171448,-0.032223720103502274,0.7093793749809265,0.3276897072792053,-0.03976735472679138,0.7064350247383118,0.2888606786727905,-0.04415946453809738,0.7307032942771912,0.4574587047100067,-0.028852922841906548,0.7417551279067993,0.40646934509277344,-0.037591204047203064,0.7492979764938354,0.37117379903793335,-0.03907572105526924,0.7552462816238403,0.3373916447162628,-0.03929454833269119
9,0.7296714782714844,0.4352434277534485,7.39544319117158e-08,0.6973036527633667,0.41285598278045654,-0.010840375907719135,0.6720879077911377,0.37800002098083496,-0.021562647074460983,0.6550629734992981,0.3499886691570282,-0.033324725925922394,0.6476548910140991,0.3144265115261078,-0.044282104820013046,0.6887146234512329,0.27801182866096497,-0.008987979032099247,0.6685226559638977,0.22995498776435852,-0.03169447183609009,0.6571925282478333,0.2508835792541504,-0.049895212054252625,0.6541948914527893,0.28248605132102966,-0.05889202281832695,0.7115817666053772,0.2598441541194916,-0.01402211282402277,0.7022672295570374,0.18238228559494019,-0.027003660798072815,0.692599892616272,0.13616688549518585,-0.038204506039619446,0.6832528114318848,0.09604433178901672,-0.045825544744729996,0.736068844795227,0.2634851932525635,-0.02232978492975235,0.7364141345024109,0.18842294812202454,-0.03547629714012146,0.7344555854797363,0.14128006994724274,-0.044295597821474075,0.7308990955352783,0.09774868190288544,-0.04977167770266533,0.7593685984611511,0.2871878445148468,-0.031587231904268265,0.7725860476493835,0.23326921463012695,-0.04117997735738754,0.7813225984573364,0.1964392215013504,-0.04318101331591606,0.7882325649261475,0.160906583070755,-0.04370391368865967
9,0.7375390529632568,0.44719240069389343,4.763412775332654e-08,0.7022640109062195,0.42397356033325195,-0.013022116385400295,0.6742395162582397,0.38244909048080444,-0.024832982569932938,0.6530593633651733,0.3480966091156006,-0.037925347685813904,0.6484914422035217,0.30651944875717163,-0.050021395087242126,0.6943045854568481,0.2771126925945282,-0.007640083320438862,0.6749446988105774,0.22358503937721252,-0.03186686709523201,0.6621690392494202,0.24335002899169922,-0.051291827112436295,0.658157467842102,0.27680128812789917,-0.06110714375972748,0.7184119820594788,0.2568185031414032,-0.012426896952092648,0.7084273099899292,0.17418424785137177,-0.027001090347766876,0.6983944773674011,0.125387042760849,-0.038991689682006836,0.6886591911315918,0.08426254987716675,-0.046726565808057785,0.7451073527336121,0.25929543375968933,-0.021167956292629242,0.7438527941703796,0.17851409316062927,-0.03647613152861595,0.7415852546691895,0.12446466088294983,-0.046235885471105576,0.7374899387359619,0.07611098885536194,-0.05177893862128258,0.7701688408851624,0.28249838948249817,-0.031047608703374863,0.784782350063324,0.22444725036621094,-0.042315542697906494,0.7934756875038147,0.18343235552310944,-0.04534544795751572,0.7998611927032471,0.1445746272802353,-0.04632089287042618
9,0.7385525107383728,0.6544806957244873,-1.6653446621717194e-08,0.705353856086731,0.6230934858322144,-0.015217374078929424,0.6801743507385254,0.5742871761322021,-0.02760135941207409,0.6617524027824402,0.5373116731643677,-0.04099227115511894,0.6632938385009766,0.5006265044212341,-0.05339875817298889,0.710355281829834,0.47205662727355957,-0.009044405072927475,0.6932883262634277,0.41867291927337646,-0.034415505826473236,0.6790235042572021,0.4509255886077881,-0.05561975762248039,0.6739473938941956,0.4888392686843872,-0.0666060596704483,0.7359833121299744,0.4580484628677368,-0.012897590175271034,0.7339363694190979,0.3809257447719574,-0.0282584261149168,0.7267019748687744,0.33817002177238464,-0.041314028203487396,0.7192703485488892,0.3004073202610016,-0.04983318969607353,0.7613476514816284,0.4668891131877899,-0.02098868601024151,0.7671827077865601,0.3877981901168823,-0.03660446032881737,0.767133355140686,0.33511796593666077,-0.04687924683094025,0.7655742764472961,0.2860298752784729,-0.052813224494457245,0.783242404460907,0.4957481026649475,-0.030482502654194832,0.8017160892486572,0.4404168725013733,-0.04121719300746918,0.8132709264755249,0.4012012481689453,-0.04404108226299286,0.8225051164627075,0.3631404638290405,-0.04510647431015968
9,0.7100929021835327,0.7770775556564331,3.075746235481347e-08,0.6802096962928772,0.7492576837539673,-0.013206372037529945,0.6594684720039368,0.7089641094207764,-0.024842578917741776,0.6432894468307495,0.6851115822792053,-0.03721705079078674,0.6407955884933472,0.6629647612571716,-0.04903612658381462,0.6895589232444763,0.6185571551322937,-0.011850766837596893,0.6731335520744324,0.5739453434944153,-0.035273682326078415,0.6573370695114136,0.6073718667030334,-0.05426483601331711,0.6497730612754822,0.6455530524253845,-0.06378641724586487,0.7143969535827637,0.6098918914794922,-0.015950452536344528,0.7160050272941589,0.5417980551719666,-0.031490426510572433,0.7081233263015747,0.5062187314033508,-0.04378240555524826,0.698628306388855,0.47673487663269043,-0.05095575749874115,0.7374967932701111,0.6227615475654602,-0.02346196584403515,0.7475391030311584,0.5487045645713806,-0.03873579949140549,0.7491822242736816,0.5025464296340942,-0.048688605427742004,0.7486345767974854,0.4598652720451355,-0.05397123470902443,0.7555291652679443,0.6540669798851013,-0.031931642442941666,0.776877760887146,0.6064819097518921,-0.04347057268023491,0.7898038625717163,0.5721418261528015,-0.04687485471367836,0.7997809648513794,0.5375946760177612,-0.04785359278321266
9,0.5987082719802856,0.604198157787323,6.716264522310667e-08,0.5638692378997803,0.5697904825210571,-0.00853853952139616,0.5387454032897949,0.5239966511726379,-0.017609911039471626,0.5169501304626465,0.4904766082763672,-0.028644779697060585,0.5008170008659363,0.4573410451412201,-0.03958435729146004,0.5631401538848877,0.43663498759269714,-0.003549765795469284,0.5383965969085693,0.39232462644577026,-0.027530143037438393,0.5188001990318298,0.4107488989830017,-0.048136450350284576,0.5082402229309082,0.43954557180404663,-0.058833617717027664,0.5826305747032166,0.41906070709228516,-0.009923803620040417,0.5761013031005859,0.3384932577610016,-0.026414277032017708,0.5600552558898926,0.29671746492385864,-0.039246946573257446,0.5433312654495239,0.2643820643424988,-0.04649309441447258,0.6029307842254639,0.4233964681625366,-0.019687047228217125,0.6065073013305664,0.340005099773407,-0.03527006506919861,0.6013973355293274,0.28996098041534424,-0.04402972757816315,0.5943020582199097,0.24707046151161194,-0.04800570383667946,0.6203033924102783,0.4476602375507355,-0.03032584860920906,0.634505569934845,0.3888704180717468,-0.04125038534402847,0.641804039478302,0.3484257459640503,-0.0433613657951355,0.6467025279998779,0.3107226490974426,-0.04327892139554024
9,0.7395748496055603,0.6377043724060059,-6.525464613105214e-08,0.7070325016975403,0.5966101288795471,-0.007977188564836979,0.6819968819618225,0.5484527945518494,-0.016329646110534668,0.6619959473609924,0.5157327651977539,-0.027320317924022675,0.6590291261672974,0.48230916261672974,-0.03784022107720375,0.7092919945716858,0.4625445008277893,-0.001313565531745553,0.6934256553649902,0.4025689363479614,-0.024390127509832382,0.6773415207862854,0.42398348450660706,-0.044175948947668076,0.6691733598709106,0.4585837423801422,-0.054388027638196945,0.7288318872451782,0.4525659680366516,-0.007708650082349777,0.727726936340332,0.3739868998527527,-0.020328164100646973,0.7174015641212463,0.3337680697441101,-0.03242862969636917,0.707220733165741,0.30113497376441956,-0.040336985141038895,0.7499386072158813,0.4614255428314209,-0.017607102170586586,0.7562644481658936,0.38294297456741333,-0.029243584722280502,0.7551932334899902,0.3356403708457947,-0.0373489186167717,0.753777265548706,0.29709815979003906,-0.042341090738773346,0.7683383226394653,0.4884861707687378,-0.028687313199043274,0.7851059436798096,0.43689966201782227,-0.03763117268681526,0.7952292561531067,0.40047669410705566,-0.039209067821502686,0.803891658782959,0.3679344654083252,-0.03937774524092674
9,0.8011919260025024,0.6206651329994202,3.173906648612501e-08,0.7737555503845215,0.5883640646934509,-0.012635573744773865,0.7534634470939636,0.5458347797393799,-0.023506900295615196,0.7398084998130798,0.5118936896324158,-0.03537208214402199,0.7391502857208252,0.47775936126708984,-0.04627862200140953,0.7780601382255554,0.46138429641723633,-0.007348581217229366,0.7651730179786682,0.40787893533706665,-0.029926255345344543,0.7534050941467285,0.42792263627052307,-0.04839345067739487,0.7479519844055176,0.4593682885169983,-0.0575191006064415,0.7993350028991699,0.4513283967971802,-0.010350232943892479,0.7980139851570129,0.380525141954422,-0.02294991910457611,0.7920328378677368,0.34189146757125854,-0.03350530192255974,0.7852358222007751,0.3082563281059265,-0.0403708852827549,0.8210085034370422,0.4593198299407959,-0.017041681334376335,0.8254404664039612,0.38658636808395386,-0.028887776657938957,0.825147271156311,0.3419862687587738,-0.03620528429746628,0.8233860731124878,0.3020645081996918,-0.04055396094918251,0.8398863673210144,0.48366546630859375,-0.025152888149023056,0.8552114963531494,0.433616578578949,-0.03326800465583801,0.8652477264404297,0.39893481135368347,-0.03505922108888626,0.8735156655311584,0.36643049120903015,-0.03551885858178139
9,0.7768722176551819,0.5923739671707153,-2.4856502633952005e-08,0.7492195963859558,0.5546180605888367,-0.0059693437069654465,0.7270817756652832,0.5103750824928284,-0.013109053485095501,0.7093686461448669,0.48269402980804443,-0.02202657423913479,0.698503851890564,0.45205041766166687,-0.031166711822152138,0.7565019130706787,0.43506431579589844,-0.0033719076309353113,0.7334582805633545,0.3962312638759613,-0.023262783885002136,0.7136815190315247,0.4110904932022095,-0.040891773998737335,0.7032784223556519,0.43525391817092896,-0.050265006721019745,0.772831380367279,0.4268667697906494,-0.010009372606873512,0.7678333520889282,0.3546638786792755,-0.02415623515844345,0.7549845576286316,0.31506237387657166,-0.035818036645650864,0.7428528070449829,0.28407731652259827,-0.042587313801050186,0.789352536201477,0.43668001890182495,-0.019247256219387054,0.7930795550346375,0.36402446031570435,-0.03242006525397301,0.7888426184654236,0.3193405270576477,-0.04080963134765625,0.7848047018051147,0.2791162431240082,-0.04511933773756027,0.802693784236908,0.4618574380874634,-0.029061343520879745,0.8145467638969421,0.4112895131111145,-0.038806524127721786,0.8211308717727661,0.3745853006839752,-0.04110020771622658,0.8267238736152649,0.33881494402885437,-0.04149151220917702
9,0.7761813402175903,0.59932941198349,6.354279236120419e-08,0.7499467730522156,0.5803216695785522,-0.017323991283774376,0.7283209562301636,0.5455763339996338,-0.030619757249951363,0.7154533863067627,0.5132219791412354,-0.043886810541152954,0.7182694673538208,0.47963136434555054,-0.055687274783849716,0.7395095825195312,0.4516194462776184,-0.011695596389472485,0.7257707715034485,0.4046018421649933,-0.03470143303275108,0.7227060198783875,0.4289189577102661,-0.05287213996052742,0.726201593875885,0.4607023298740387,-0.061961907893419266,0.7619203329086304,0.4342689514160156,-0.012824071571230888,0.7557014226913452,0.3668074607849121,-0.025494111701846123,0.7506274580955505,0.3295993208885193,-0.03624419495463371,0.7459784746170044,0.2933252155780792,-0.0437144860625267,0.7852541208267212,0.4364711344242096,-0.0180069487541914,0.7858614325523376,0.3647007346153259,-0.030939167365431786,0.7846665382385254,0.32225099205970764,-0.03913218528032303,0.782107412815094,0.2806088328361511,-0.04420514777302742,0.8071337938308716,0.45585116744041443,-0.024831395596265793,0.8175772428512573,0.40320879220962524,-0.03400818258523941,0.824637234210968,0.36737924814224243,-0.03655580058693886,0.8298832774162292,0.33132559061050415,-0.03772468864917755
9,0.7848201394081116,0.6130930185317993,8.104230886374353e-08,0.7609393000602722,0.5951686501502991,-0.01581350900232792,0.7438367605209351,0.5570009350776672,-0.028364121913909912,0.7470561861991882,0.5240817666053772,-0.04072153940796852,0.761408805847168,0.4977191686630249,-0.05162324756383896,0.7557228207588196,0.46692797541618347,-0.012794115580618382,0.7484024167060852,0.4250880181789398,-0.03559277579188347,0.7525957226753235,0.44851937890052795,-0.053695060312747955,0.7598276734352112,0.47575846314430237,-0.0630045235157013,0.7769532203674316,0.448261022567749,-0.01493657473474741,0.7747429013252258,0.3839316666126251,-0.027507489547133446,0.776934802532196,0.3462953567504883,-0.037804633378982544,0.7800352573394775,0.3098364472389221,-0.0451742485165596,0.7984020709991455,0.4509620666503906,-0.020871523767709732,0.8014451861381531,0.3793235421180725,-0.03411806374788284,0.8043209910392761,0.3370997905731201,-0.04316585510969162,0.8063859939575195,0.29573333263397217,-0.048976462334394455,0.8205442428588867,0.47049981355667114,-0.02833239920437336,0.8332613110542297,0.4204573631286621,-0.03824438527226448,0.841904878616333,0.385431170463562,-0.04216576740145683,0.8486492037773132,0.35041001439094543,-0.044559624046087265
9,0.7738843560218811,0.6095782518386841,4.258820851532619e-08,0.7448083162307739,0.5763432383537292,-0.011323372833430767,0.7243342399597168,0.5293492078781128,-0.020269546657800674,0.7101786732673645,0.48658016324043274,-0.030620649456977844,0.7128891944885254,0.4463973343372345,-0.03962307423353195,0.7449460625648499,0.4527570307254791,-0.0003624852397479117,0.7310693264007568,0.40312889218330383,-0.021320778876543045,0.7204930186271667,0.4163382947444916,-0.03818144276738167,0.7172974944114685,0.4419410526752472,-0.04593702778220177,0.7653167843818665,0.4391157925128937,-0.003079899586737156,0.7603911757469177,0.3679913580417633,-0.013225028291344643,0.7538390159606934,0.32539063692092896,-0.020735012367367744,0.7478770017623901,0.2882916331291199,-0.025220271199941635,0.7869096398353577,0.44289734959602356,-0.00995132327079773,0.7871114611625671,0.37379148602485657,-0.019702600315213203,0.7848985195159912,0.3298918306827545,-0.023362958803772926,0.7816218137741089,0.29168570041656494,-0.024632500484585762,0.8065528869628906,0.4613264501094818,-0.018477248027920723,0.8149857521057129,0.408040314912796,-0.024167170748114586,0.8206180334091187,0.37274396419525146,-0.023324497044086456,0.82461017370224,0.3408069908618927,-0.021561283618211746
9,0.7720416188240051,0.604468584060669,4.5099110224100514e-08,0.7397029995918274,0.5747327208518982,-0.009037364274263382,0.7177639603614807,0.5335963368415833,-0.016009900718927383,0.7030059695243835,0.49143123626708984,-0.024621112272143364,0.7017706036567688,0.447440505027771,-0.03211290016770363,0.7386519908905029,0.4607095718383789,0.004224407486617565,0.7249876260757446,0.4154145121574402,-0.014023183844983578,0.7138959765434265,0.4159463942050934,-0.02933688834309578,0.7089563608169556,0.43261420726776123,-0.036393918097019196,0.7574459910392761,0.4438158869743347,0.0009531602845527232,0.7494006752967834,0.37631893157958984,-0.007075968198478222,0.7411942481994629,0.33505403995513916,-0.013256538659334183,0.7337480187416077,0.3019496500492096,-0.016913218423724174,0.7783063054084778,0.4431307911872864,-0.006393033545464277,0.7756950855255127,0.3791499733924866,-0.014476175419986248,0.771845817565918,0.3364258408546448,-0.017078276723623276,0.766964316368103,0.30183714628219604,-0.01770186237990856,0.7986102104187012,0.45618873834609985,-0.015378930605947971,0.8040934801101685,0.4042648673057556,-0.020359257236123085,0.807834804058075,0.36928924918174744,-0.01927364058792591,0.8100349307060242,0.3395794630050659,-0.01739565096795559
9,0.7653167843818665,0.611814558506012,1.114916159394852e-08,0.7357937693595886,0.5824741125106812,-0.008861466310918331,0.7118088006973267,0.5435589551925659,-0.01795255020260811,0.6937493085861206,0.5158105492591858,-0.028496596962213516,0.6836882829666138,0.4831421673297882,-0.038925282657146454,0.7336607575416565,0.4600483179092407,-0.006173989735543728,0.7124946713447571,0.4182955324649811,-0.02715340256690979,0.6972867250442505,0.43529629707336426,-0.045044250786304474,0.6907322406768799,0.46036216616630554,-0.054580628871917725,0.7520602941513062,0.4454762935638428,-0.011578877456486225,0.7432843446731567,0.37625810503959656,-0.024361271411180496,0.7321882843971252,0.3350701928138733,-0.035493336617946625,0.7218177914619446,0.3008694648742676,-0.04302744194865227,0.771931529045105,0.4498884677886963,-0.019953075796365738,0.7726864218711853,0.37923187017440796,-0.032126493752002716,0.7690151333808899,0.33492618799209595,-0.03977828100323677,0.7644815444946289,0.2945643663406372,-0.044547177851200104,0.7902610301971436,0.4715126156806946,-0.029278885573148727,0.8024077415466309,0.42088258266448975,-0.03807741403579712,0.8093475699424744,0.38427379727363586,-0.03981560841202736,0.8144664168357849,0.3485758602619171,-0.04039204493165016
9,0.7474401593208313,0.6192892789840698,1.1294969404218591e-08,0.7188502550125122,0.5920096635818481,-0.00876062922179699,0.6954171061515808,0.5541297793388367,-0.01764737069606781,0.6775535345077515,0.5287339091300964,-0.027584994211792946,0.6687343120574951,0.49985525012016296,-0.037574462592601776,0.7185736894607544,0.4747941792011261,-0.009065259248018265,0.696643054485321,0.4353497326374054,-0.029842836782336235,0.6807724237442017,0.45571261644363403,-0.047267843037843704,0.6724706292152405,0.48244336247444153,-0.056498195976018906,0.7358267903327942,0.46173831820487976,-0.014460070990025997,0.72698575258255,0.3932896852493286,-0.028370225802063942,0.7136633992195129,0.35438206791877747,-0.039923667907714844,0.7004387378692627,0.32260531187057495,-0.047347795218229294,0.7547460198402405,0.46718868613243103,-0.02241384983062744,0.7558573484420776,0.3967476189136505,-0.0357961468398571,0.7513999938964844,0.3519333302974701,-0.04450003430247307,0.7461574077606201,0.31148549914360046,-0.049642350524663925,0.7717449069023132,0.489414781332016,-0.031057115644216537,0.7844604253768921,0.4388922154903412,-0.04084893688559532,0.7920799255371094,0.4030338525772095,-0.04310706630349159,0.7982708811759949,0.36806055903434753,-0.043858565390110016
9,0.7383720278739929,0.6242130994796753,-3.5756276162146605e-08,0.7119544744491577,0.5885894894599915,-0.005709380377084017,0.6917629837989807,0.5436791181564331,-0.011692970059812069,0.6768946647644043,0.5131921768188477,-0.01938498578965664,0.6672766208648682,0.48153600096702576,-0.027149992063641548,0.7175989151000977,0.4725702404975891,-0.0022320174612104893,0.6997725367546082,0.42998626828193665,-0.020671600475907326,0.682806670665741,0.4406931400299072,-0.03663114830851555,0.6726166009902954,0.4614390730857849,-0.04483000561594963,0.7342802286148071,0.4632800221443176,-0.008158484473824501,0.7294501662254333,0.39623719453811646,-0.02042156457901001,0.717765212059021,0.3577497601509094,-0.030608944594860077,0.7061712145805359,0.3267551362514496,-0.03661884367465973,0.7518616318702698,0.47129732370376587,-0.016691990196704865,0.7541759610176086,0.401755690574646,-0.028730517253279686,0.7498775124549866,0.35833901166915894,-0.03616351634263992,0.7454204559326172,0.3193080425262451,-0.03995268791913986,0.7673545479774475,0.4938979148864746,-0.025854922831058502,0.779285192489624,0.4444691240787506,-0.035048361867666245,0.786705493927002,0.4097466468811035,-0.037240948528051376,0.7926820516586304,0.37699005007743835,-0.03757662698626518
9,0.7593091726303101,0.6026514172554016,6.716322786814999e-08,0.7350317239761353,0.5872310400009155,-0.012792008928954601,0.7156750559806824,0.5560007095336914,-0.023642100393772125,0.7053124904632568,0.526689350605011,-0.03506694734096527,0.7103861570358276,0.49859726428985596,-0.045392464846372604,0.7194541096687317,0.4685085117816925,-0.007596350274980068,0.7062795162200928,0.43084195256233215,-0.02816268429160118,0.7070888876914978,0.4514768719673157,-0.044780805706977844,0.7131584286689758,0.47756296396255493,-0.05297986790537834,0.7386453747749329,0.44913363456726074,-0.010220122523605824,0.7305524349212646,0.38676944375038147,-0.021146023645997047,0.7259582877159119,0.3514034152030945,-0.030489005148410797,0.7220275402069092,0.3179740011692047,-0.03677394986152649,0.760644257068634,0.44740238785743713,-0.01641162671148777,0.7582802176475525,0.3782464563846588,-0.028116950765252113,0.757509171962738,0.33687275648117065,-0.0361417755484581,0.7558183670043945,0.2975647449493408,-0.040892213582992554,0.783104658126831,0.4621075987815857,-0.023826435208320618,0.7914342880249023,0.40964511036872864,-0.03219304978847504,0.7977071404457092,0.3755854666233063,-0.03457913175225258,0.8022536635398865,0.3424953818321228,-0.03555075451731682
9,0.7514238953590393,0.6040960550308228,-1.4258187519544663e-08,0.7244992852210999,0.5738505125045776,-0.005803399719297886,0.7021319270133972,0.5363572239875793,-0.012573794461786747,0.6838709115982056,0.5120086073875427,-0.02091050148010254,0.6696743965148926,0.48755645751953125,-0.029618704691529274,0.7237997055053711,0.4626989960670471,-0.0039937496185302734,0.7003237009048462,0.43131086230278015,-0.022744357585906982,0.6839098334312439,0.4496367573738098,-0.03942960873246193,0.6751365661621094,0.47327131032943726,-0.04845676198601723,0.738980770111084,0.4509926438331604,-0.01043278444558382,0.7308545112609863,0.38432490825653076,-0.024830354377627373,0.7172316908836365,0.34990179538726807,-0.03665744885802269,0.7035608291625977,0.3237895965576172,-0.043605200946331024,0.7554497718811035,0.4562495946884155,-0.019179806113243103,0.7574511766433716,0.3885403871536255,-0.03283027186989784,0.7531603574752808,0.3470102548599243,-0.04159647598862648,0.7483538389205933,0.30947354435920715,-0.04612789303064346,0.770148515701294,0.47672051191329956,-0.028361039236187935,0.7813495397567749,0.42891669273376465,-0.037609733641147614,0.7883656024932861,0.39522355794906616,-0.039531540125608444,0.7941427230834961,0.36305177211761475,-0.03987986966967583
9,0.75400310754776,0.6308307647705078,4.4074695892959426e-08,0.7263028025627136,0.6063221096992493,-0.009651039727032185,0.7048963904380798,0.5704290866851807,-0.017309319227933884,0.6912213563919067,0.5366579294204712,-0.026104092597961426,0.6871874928474426,0.5010712146759033,-0.034053631126880646,0.718425989151001,0.49518924951553345,-0.0012179918121546507,0.7041184902191162,0.4592688977718353,-0.019482772797346115,0.6950324177742004,0.4638785719871521,-0.03422316908836365,0.6917703747749329,0.48024189472198486,-0.041105132550001144,0.7355231046676636,0.4772484004497528,-0.0044489470310509205,0.727979302406311,0.4137488901615143,-0.013996997848153114,0.7204959392547607,0.3756328523159027,-0.020977651700377464,0.7136170268058777,0.34342026710510254,-0.02506396733224392,0.7554777264595032,0.47550129890441895,-0.01115939486771822,0.7522076964378357,0.4110428988933563,-0.02074471488595009,0.7486189603805542,0.3713591694831848,-0.02484223060309887,0.7441669702529907,0.3380030691623688,-0.026437908411026,0.7755597829818726,0.48887717723846436,-0.019242247566580772,0.7816073298454285,0.4387364983558655,-0.02523075044155121,0.7859172821044922,0.40561529994010925,-0.02498306706547737,0.7887253761291504,0.3766034245491028,-0.023713968694210052
9,0.7489527463912964,0.6523852944374084,1.2786655290142335e-08,0.7226811647415161,0.6254400014877319,-0.008319227024912834,0.704188346862793,0.5888842940330505,-0.015308372676372528,0.6921172142028809,0.5579527020454407,-0.023336466401815414,0.6873924732208252,0.5256559252738953,-0.030735623091459274,0.7210856080055237,0.517612636089325,-0.0025727557949721813,0.7072935700416565,0.47794196009635925,-0.021227393299341202,0.6980740427970886,0.4839533567428589,-0.03646472096443176,0.6938396692276001,0.5013821721076965,-0.043776437640190125,0.7385972738265991,0.5029890537261963,-0.005987898446619511,0.7325833439826965,0.44119834899902344,-0.01675466075539589,0.7260265946388245,0.40449899435043335,-0.02493203803896904,0.7196069955825806,0.3737524747848511,-0.029746582731604576,0.7580710053443909,0.5041282176971436,-0.012504019774496555,0.7571038007736206,0.44066324830055237,-0.022848842665553093,0.7549876570701599,0.4000878632068634,-0.028116777539253235,0.7518497705459595,0.3649636507034302,-0.03037848509848118,0.776887834072113,0.519797682762146,-0.02008512057363987,0.7841677069664001,0.46988895535469055,-0.02663063071668148,0.7886178493499756,0.43639612197875977,-0.027187228202819824,0.79127436876297,0.40594029426574707,-0.02647475153207779
9,0.7479062080383301,0.6679438948631287,2.3335521959211292e-08,0.7224431037902832,0.6431434154510498,-0.009264052845537663,0.7038480639457703,0.6078554391860962,-0.01717141643166542,0.6907094717025757,0.5788270831108093,-0.026014478877186775,0.6844925284385681,0.5478259325027466,-0.034230105578899384,0.7182738184928894,0.5334157943725586,-0.003980010747909546,0.704014778137207,0.4934697151184082,-0.02319834567606449,0.69523024559021,0.5011239051818848,-0.03886903077363968,0.6918512582778931,0.520455539226532,-0.046459704637527466,0.7358816862106323,0.5187954902648926,-0.007201948668807745,0.7293881177902222,0.4563695788383484,-0.018102534115314484,0.723050057888031,0.42003923654556274,-0.0263989120721817,0.7169139981269836,0.38924530148506165,-0.031359679996967316,0.7555748224258423,0.5202573537826538,-0.013592923991382122,0.7544539570808411,0.4557945132255554,-0.023970842361450195,0.752626359462738,0.41530582308769226,-0.029248906299471855,0.7498014569282532,0.3793237805366516,-0.031647831201553345,0.7746216654777527,0.5365630388259888,-0.021121203899383545,0.7816261053085327,0.48573699593544006,-0.027844659984111786,0.7862737774848938,0.4521768391132355,-0.0283648744225502,0.7892534732818604,0.42080312967300415,-0.027649441733956337
9,0.7482186555862427,0.6369297504425049,2.278933841637354e-08,0.7232183814048767,0.612211287021637,-0.009643951430916786,0.7029970288276672,0.5815187692642212,-0.01902785524725914,0.6875342726707458,0.5604074001312256,-0.02910495176911354,0.6808887720108032,0.5340890884399414,-0.03897449001669884,0.723109245300293,0.5058345794677734,-0.01008669100701809,0.7051063179969788,0.47163093090057373,-0.030883334577083588,0.6922845244407654,0.49341872334480286,-0.04798886552453041,0.6866034865379333,0.5200731754302979,-0.05667531490325928,0.7407851815223694,0.49343281984329224,-0.014219946227967739,0.7358517646789551,0.42846572399139404,-0.02785930410027504,0.7283558249473572,0.3908349871635437,-0.03820625692605972,0.7207536697387695,0.3580763041973114,-0.04457142949104309,0.7595508098602295,0.49870073795318604,-0.020979035645723343,0.7629295587539673,0.4337817430496216,-0.033598847687244415,0.762557327747345,0.39255738258361816,-0.04060741886496544,0.7613585591316223,0.3542366623878479,-0.04417142644524574,0.7761313319206238,0.5198545455932617,-0.028533784672617912,0.7866925597190857,0.4737480580806732,-0.03624977916479111,0.793476402759552,0.44218742847442627,-0.036477360874414444,0.7991582155227661,0.4117627739906311,-0.03566867113113403
9,0.7486886382102966,0.6471093893051147,1.3258348197098258e-08,0.7242706418037415,0.622087299823761,-0.009833683259785175,0.7048423886299133,0.5912712812423706,-0.019222775474190712,0.6898095607757568,0.5698495507240295,-0.02932368963956833,0.6846365332603455,0.5443727970123291,-0.03922848030924797,0.7268763184547424,0.5167528390884399,-0.00948384590446949,0.7094069719314575,0.4810733199119568,-0.029572902247309685,0.6960915923118591,0.5019877552986145,-0.046448659151792526,0.6898831725120544,0.5287328958511353,-0.055221330374479294,0.7437869310379028,0.5057273507118225,-0.013320278376340866,0.7390695810317993,0.44288313388824463,-0.026176784187555313,0.7308305501937866,0.4063225984573364,-0.03651026636362076,0.7224604487419128,0.3745719790458679,-0.04311124607920647,0.7619951963424683,0.5121915936470032,-0.019827770069241524,0.7654399871826172,0.44886019825935364,-0.031885284930467606,0.7643083333969116,0.408237099647522,-0.03945217281579971,0.7624238729476929,0.37098371982574463,-0.043683137744665146,0.7778837084770203,0.5339720249176025,-0.027173254638910294,0.7890697121620178,0.48926636576652527,-0.035062626004219055,0.7956619262695312,0.4580276310443878,-0.03628123924136162,0.8008201122283936,0.4276357889175415,-0.03635167330503464
9,0.7377299070358276,0.6439566016197205,-8.503394433034828e-09,0.7110371589660645,0.6147887706756592,-0.0062695653177797794,0.6915271878242493,0.5795359015464783,-0.012937425635755062,0.6768551468849182,0.5548309087753296,-0.021011656150221825,0.6697627902030945,0.5257455706596375,-0.028729457408189774,0.7143130302429199,0.5061632990837097,-0.0028419122099876404,0.6976909637451172,0.46734264492988586,-0.020766649395227432,0.6837208271026611,0.48058050870895386,-0.03589556738734245,0.6767662167549133,0.5030979514122009,-0.04342541843652725,0.7297294735908508,0.49325472116470337,-0.007778126280754805,0.7233855128288269,0.4266767203807831,-0.019317032769322395,0.7140552401542664,0.38757187128067017,-0.028262751176953316,0.7052115797996521,0.35475707054138184,-0.03362467885017395,0.7468988299369812,0.4969487190246582,-0.015284138731658459,0.7476109862327576,0.4305168092250824,-0.02563227340579033,0.7445577383041382,0.3886927366256714,-0.03128271549940109,0.7410800457000732,0.3514389991760254,-0.03392469882965088,0.762536883354187,0.5155434608459473,-0.023587942123413086,0.770298421382904,0.4644910395145416,-0.029521087184548378,0.7742711901664734,0.430085688829422,-0.029275765642523766,0.7771337032318115,0.3983355164527893,-0.02816687524318695
9,0.7528471946716309,0.6372556686401367,3.052988262197687e-08,0.7256388664245605,0.6108689308166504,-0.01055582519620657,0.705554187297821,0.5762645602226257,-0.019493374973535538,0.6915980577468872,0.5471696257591248,-0.029668433591723442,0.6875678300857544,0.515507698059082,-0.03888578340411186,0.7213077545166016,0.49556130170822144,-0.0032477835193276405,0.7063886523246765,0.45105457305908203,-0.023062512278556824,0.6976949572563171,0.469049870967865,-0.0393325537443161,0.6962805390357971,0.4973374009132385,-0.04725774750113487,0.740106999874115,0.4800429046154022,-0.006630938500165939,0.7337055802345276,0.4135569930076599,-0.01776638813316822,0.7263468503952026,0.3741002678871155,-0.027052780613303185,0.7194648385047913,0.33877497911453247,-0.03312012553215027,0.7605992555618286,0.48180219531059265,-0.013536200858652592,0.7595392465591431,0.41644731163978577,-0.024289343506097794,0.7570186853408813,0.3750067353248596,-0.03053537756204605,0.7538655400276184,0.33760350942611694,-0.033876173198223114,0.7799416184425354,0.4989002048969269,-0.021730614826083183,0.7870979309082031,0.44844406843185425,-0.028356090188026428,0.7915864586830139,0.4146818220615387,-0.02897794172167778,0.7948324084281921,0.3834249973297119,-0.02860681526362896
9,0.7516077160835266,0.631379246711731,3.16433101943403e-08,0.7239063382148743,0.6072471737861633,-0.011051038280129433,0.7021299004554749,0.5731980800628662,-0.02076002024114132,0.6872066855430603,0.5447171926498413,-0.031376056373119354,0.6849653124809265,0.5141511559486389,-0.04118891432881355,0.7183971405029297,0.490568608045578,-0.006414344534277916,0.703131377696991,0.4467026889324188,-0.026713022962212563,0.6943824291229248,0.4642324447631836,-0.04330086335539818,0.6924196481704712,0.4905969500541687,-0.05161651596426964,0.7377941608428955,0.47576838731765747,-0.009836751036345959,0.7304540872573853,0.4089528024196625,-0.02180948294699192,0.7225688099861145,0.3691142201423645,-0.031907059252262115,0.7151133418083191,0.33304911851882935,-0.038631290197372437,0.7583603858947754,0.47840356826782227,-0.016544083133339882,0.7576954364776611,0.4110200107097626,-0.028148630633950233,0.7552103996276855,0.3690726161003113,-0.03555108606815338,0.751634418964386,0.3306295871734619,-0.039793018251657486,0.7775292992591858,0.49662303924560547,-0.024392040446400642,0.7856171727180481,0.4444839656352997,-0.031801555305719376,0.7903942465782166,0.409537136554718,-0.03321710228919983,0.7936038970947266,0.37651875615119934,-0.033529557287693024
9,0.7699981927871704,0.6170151233673096,7.918477962221004e-08,0.7431823015213013,0.593376636505127,-0.0123335225507617,0.7214908599853516,0.5588636994361877,-0.022911034524440765,0.7067148685455322,0.5288559794425964,-0.03421759977936745,0.7093055844306946,0.49947822093963623,-0.04420601949095726,0.7360443472862244,0.47439655661582947,-0.006014905869960785,0.7221735119819641,0.43054795265197754,-0.02796158380806446,0.7165349721908569,0.4558205008506775,-0.045263759791851044,0.7180206775665283,0.4880530536174774,-0.0533587671816349,0.7565650939941406,0.45935091376304626,-0.008695605210959911,0.7490184903144836,0.392162561416626,-0.021016905084252357,0.7428100109100342,0.35231727361679077,-0.03094942681491375,0.7376720905303955,0.31498295068740845,-0.037416424602270126,0.7775999903678894,0.4620695412158966,-0.015097065828740597,0.7765076160430908,0.3947409689426422,-0.027525484561920166,0.7746133208274841,0.35206741094589233,-0.03502368927001953,0.7718762159347534,0.31160640716552734,-0.039024800062179565,0.7973478436470032,0.48114681243896484,-0.022680247202515602,0.8057539463043213,0.42939308285713196,-0.030041024088859558,0.8109983801841736,0.394939124584198,-0.031197065487504005,0.8149883151054382,0.3615579605102539,-0.03122141771018505
9,0.769864559173584,0.49285829067230225,5.996605523250764e-08,0.7391819357872009,0.47327911853790283,-0.009489216841757298,0.7146075963973999,0.43849992752075195,-0.01736566424369812,0.6964772343635559,0.4026486873626709,-0.026722775772213936,0.6981225609779358,0.36392098665237427,-0.03449539467692375,0.7269079089164734,0.35974031686782837,0.0019967423286288977,0.7102285623550415,0.32010146975517273,-0.017597908154129982,0.702215313911438,0.3332926034927368,-0.033363498747348785,0.7021402716636658,0.3552423417568207,-0.04030667990446091,0.7443084120750427,0.33957764506340027,-0.0008458110969513655,0.7325543165206909,0.27575328946113586,-0.009246385656297207,0.7232370972633362,0.23649893701076508,-0.014363492839038372,0.715379536151886,0.2037818878889084,-0.016887594014406204,0.7654078602790833,0.33572709560394287,-0.007755003869533539,0.7592366933822632,0.27601635456085205,-0.015202764421701431,0.7538975477218628,0.23807305097579956,-0.015741288661956787,0.748272180557251,0.20658600330352783,-0.014656547456979752,0.7868270874023438,0.34664589166641235,-0.01643412373960018,0.7894663214683533,0.298237681388855,-0.019652608782052994,0.7913898825645447,0.2664039731025696,-0.016562992706894875,0.7927231788635254,0.23854130506515503,-0.013051801361143589
9,0.7764009237289429,0.5058507919311523,4.886079096877438e-08,0.745442807674408,0.48278161883354187,-0.009915750473737717,0.7216109037399292,0.44837772846221924,-0.019041182473301888,0.704811155796051,0.4150615632534027,-0.029490334913134575,0.7013087868690491,0.37649500370025635,-0.03893806412816048,0.7384057641029358,0.365922749042511,-0.0035153431817889214,0.7195970416069031,0.321354478597641,-0.024002525955438614,0.7079223394393921,0.3336648941040039,-0.0400041826069355,0.7053868770599365,0.3588610887527466,-0.04739028960466385,0.7562212944030762,0.34685176610946655,-0.007068629376590252,0.7458833456039429,0.2763669490814209,-0.018299788236618042,0.7362139225006104,0.23465284705162048,-0.025977740064263344,0.7280846238136292,0.20030477643013,-0.030504459515213966,0.7767803072929382,0.3448634743690491,-0.01413670089095831,0.7718040943145752,0.27854228019714355,-0.024373117834329605,0.7677698731422424,0.2360152006149292,-0.028230834752321243,0.7640295028686523,0.20023533701896667,-0.02975592389702797,0.7969778180122375,0.3588998317718506,-0.022596847265958786,0.8010188937187195,0.30704063177108765,-0.028664903715252876,0.8044043183326721,0.27242928743362427,-0.02776426076889038,0.8074289560317993,0.24164935946464539,-0.02606440894305706
9,0.7821024656295776,0.5218237638473511,1.9886341462438395e-08,0.7522140741348267,0.49154385924339294,-0.00706952391192317,0.7306020259857178,0.45210257172584534,-0.01397328358143568,0.7149542570114136,0.4209967851638794,-0.022495537996292114,0.7106648683547974,0.3875933885574341,-0.030315253883600235,0.7516504526138306,0.3751894533634186,-0.000852707598824054,0.734362781047821,0.33115923404693604,-0.020135872066020966,0.720788836479187,0.34295374155044556,-0.03590209037065506,0.7151243686676025,0.3665420711040497,-0.04334205389022827,0.7694482207298279,0.3594326674938202,-0.005281882826238871,0.762016236782074,0.29029589891433716,-0.01637112721800804,0.7535925507545471,0.24730826914310455,-0.024446051567792892,0.746295154094696,0.21156981587409973,-0.029107652604579926,0.7891507148742676,0.360917866230011,-0.012871074490249157,0.7883555293083191,0.2944229245185852,-0.02332049235701561,0.7858549356460571,0.2511845827102661,-0.027890298515558243,0.7832715511322021,0.2141662836074829,-0.029574079439044,0.807448148727417,0.3787224590778351,-0.021504411473870277,0.8147363662719727,0.32734376192092896,-0.027889328077435493,0.819734513759613,0.2928549647331238,-0.02723677083849907,0.8240787982940674,0.2618604898452759,-0.025525745004415512
9,0.8235986828804016,0.5033585429191589,1.3309051638543679e-08,0.7975009679794312,0.4759521484375,-0.008175156079232693,0.7786935567855835,0.43785613775253296,-0.0148161044344306,0.7650803327560425,0.40725696086883545,-0.02289004810154438,0.7614303827285767,0.37601110339164734,-0.03024432435631752,0.7940287590026855,0.363779753446579,-0.0010403509950265288,0.7786288261413574,0.31933894753456116,-0.01950170285999775,0.768582284450531,0.33396923542022705,-0.03482429310679436,0.7659268379211426,0.3605603575706482,-0.042178791016340256,0.8110289573669434,0.3485913574695587,-0.0047022332437336445,0.8051202297210693,0.2825678586959839,-0.014578022994101048,0.7983934879302979,0.24337133765220642,-0.023007206618785858,0.7921966910362244,0.21042947471141815,-0.028416205197572708,0.8299450278282166,0.35080862045288086,-0.011588332243263721,0.829119086265564,0.2878728210926056,-0.021622639149427414,0.8280688524246216,0.24765291810035706,-0.02767976000905037,0.8264676928520203,0.21252238750457764,-0.03087471053004265,0.8478673696517944,0.3678903579711914,-0.01950589381158352,0.8560100197792053,0.3207893371582031,-0.026188798248767853,0.861920952796936,0.2899441123008728,-0.02682691439986229,0.866765558719635,0.26217716932296753,-0.02636995166540146
9,0.821449339389801,0.5266044735908508,4.6040312895456736e-08,0.7950783371925354,0.5036261081695557,-0.01100111473351717,0.7748230695724487,0.4687976837158203,-0.020483259111642838,0.7608134150505066,0.4397386908531189,-0.03080233931541443,0.759586751461029,0.40893444418907166,-0.04019175097346306,0.7893354892730713,0.387999027967453,-0.006006061565130949,0.7751336693763733,0.3429270386695862,-0.025587385520339012,0.7672394514083862,0.35697141289711,-0.04151834547519684,0.765861451625824,0.382673442363739,-0.04932089149951935,0.8076550960540771,0.37435048818588257,-0.00862683355808258,0.8007917404174805,0.3083088994026184,-0.019172202795743942,0.7943305969238281,0.2699276804924011,-0.02792961522936821,0.7882542014122009,0.23578310012817383,-0.033652205020189285,0.8276296854019165,0.37722140550613403,-0.01454221736639738,0.8272432088851929,0.31082895398139954,-0.024836348369717598,0.8260221481323242,0.27072688937187195,-0.031038541346788406,0.8234768509864807,0.23481391370296478,-0.034557778388261795,0.8467047810554504,0.3953098654747009,-0.02166007086634636,0.855647087097168,0.3463938236236572,-0.028448255732655525,0.8610509037971497,0.31394779682159424,-0.02939053624868393,0.8648151159286499,0.28351861238479614,-0.02927347831428051
9,0.8089296817779541,0.5321437120437622,3.1485168250355855e-08,0.7810443639755249,0.5081112384796143,-0.009109796024858952,0.7597885131835938,0.47509172558784485,-0.017306163907051086,0.7460677623748779,0.4480583071708679,-0.026593931019306183,0.7428454160690308,0.41645488142967224,-0.034965429455041885,0.774966299533844,0.39626097679138184,-0.0046033915132284164,0.7591858506202698,0.35259392857551575,-0.022853976115584373,0.7503932118415833,0.36930525302886963,-0.037633609026670456,0.7489857077598572,0.3958419859409332,-0.04478061944246292,0.7929684519767761,0.38112372159957886,-0.008169236592948437,0.7848543524742126,0.3150572180747986,-0.018637632951140404,0.7767869830131531,0.27649199962615967,-0.027088118717074394,0.7695987820625305,0.24238599836826324,-0.0325104221701622,0.8126888871192932,0.38216084241867065,-0.0147390803322196,0.8100913763046265,0.3157450556755066,-0.024986473843455315,0.806840717792511,0.2749900221824646,-0.030827142298221588,0.8030276894569397,0.23867692053318024,-0.03397093713283539,0.8317968845367432,0.39855125546455383,-0.022336777299642563,0.8391556739807129,0.34831273555755615,-0.02898733876645565,0.8436012268066406,0.31433412432670593,-0.029517069458961487,0.8469404578208923,0.2830187976360321,-0.029041634872555733
9,0.8052199482917786,0.5502322912216187,7.426312720326678e-08,0.7792056202888489,0.535356342792511,-0.01338695827871561,0.7574619650840759,0.5065200328826904,-0.023734383285045624,0.7452845573425293,0.47476911544799805,-0.03454720228910446,0.7473180890083313,0.43845391273498535,-0.043794650584459305,0.7643449902534485,0.4221237003803253,-0.005972821731120348,0.7506957054138184,0.3792385160923004,-0.02562888339161873,0.749127209186554,0.39614400267601013,-0.04136866331100464,0.7534781098365784,0.4213810861110687,-0.04891979321837425,0.7818165421485901,0.40274739265441895,-0.007698357105255127,0.7723398208618164,0.3382610082626343,-0.017733901739120483,0.7654992938041687,0.30098748207092285,-0.026283321902155876,0.7598585486412048,0.26679277420043945,-0.03205674886703491,0.802069902420044,0.4003838896751404,-0.01318875327706337,0.7973232269287109,0.33526355028152466,-0.023457838222384453,0.7942578792572021,0.2957306504249573,-0.029801199212670326,0.7905819416046143,0.25994378328323364,-0.03352545201778412,0.823405921459198,0.41286295652389526,-0.020183853805065155,0.8290060758590698,0.3623797595500946,-0.02691739983856678,0.8331620097160339,0.32931631803512573,-0.02823661081492901,0.8360199332237244,0.2987940013408661,-0.02856573462486267
9,0.8054226636886597,0.5615631341934204,8.971542797553411e-08,0.7832533121109009,0.5549455285072327,-0.016957299783825874,0.7620021104812622,0.527721643447876,-0.02915281429886818,0.7550570964813232,0.493063360452652,-0.040798429399728775,0.7641041874885559,0.4578070342540741,-0.05080375447869301,0.7604670524597168,0.44375380873680115,-0.011960609816014767,0.7486989498138428,0.40264374017715454,-0.032803308218717575,0.754671573638916,0.4165395200252533,-0.04936494305729866,0.7633963823318481,0.4356749653816223,-0.057907771319150925,0.776054322719574,0.41881468892097473,-0.01251367200165987,0.7646626830101013,0.35775744915008545,-0.023590562865138054,0.7598857879638672,0.32128188014030457,-0.032953958958387375,0.7556031942367554,0.28685304522514343,-0.03968198597431183,0.7949451804161072,0.41218405961990356,-0.016896385699510574,0.7869828343391418,0.3482567071914673,-0.028429299592971802,0.7831392884254456,0.309579461812973,-0.03624795749783516,0.7781817317008972,0.27357640862464905,-0.04120577499270439,0.8168092370033264,0.41917404532432556,-0.023016516119241714,0.8188378214836121,0.3680036962032318,-0.031224872916936874,0.8198984861373901,0.33506128191947937,-0.03439304232597351,0.8188205361366272,0.3038070797920227,-0.0364050455391407
9,0.7965755462646484,0.5624110698699951,2.100213336575507e-08,0.767734706401825,0.5411984324455261,-0.008999709971249104,0.7455073595046997,0.5112780332565308,-0.017361687496304512,0.7296487092971802,0.4870268404483795,-0.026967471465468407,0.7249205708503723,0.45687979459762573,-0.035725101828575134,0.7610461711883545,0.4295467436313629,-0.003984767012298107,0.7425168752670288,0.39028221368789673,-0.022770507261157036,0.7329450845718384,0.40932798385620117,-0.038153890520334244,0.7316731810569763,0.43540075421333313,-0.04573283717036247,0.7773568034172058,0.4128972887992859,-0.007734558545053005,0.7666295766830444,0.3496934771537781,-0.018330074846744537,0.7574219703674316,0.3128179907798767,-0.02672109380364418,0.749491810798645,0.2800280749797821,-0.03219969570636749,0.7962738871574402,0.41246911883354187,-0.014590643346309662,0.7919201850891113,0.3489997386932373,-0.024600209668278694,0.787490963935852,0.31032633781433105,-0.02973720245063305,0.7828848361968994,0.2756146192550659,-0.03247269243001938,0.8148968815803528,0.4267944097518921,-0.0225983913987875,0.8200303316116333,0.37686818838119507,-0.029006876051425934,0.8230481147766113,0.3431534171104431,-0.029150260612368584,0.8251375555992126,0.3115171194076538,-0.028412751853466034
9,0.7865617871284485,0.5526789426803589,-5.316104445540759e-09,0.757766842842102,0.5287196040153503,-0.006235707551240921,0.734799325466156,0.4958915710449219,-0.013006157241761684,0.718132495880127,0.47147488594055176,-0.021294252946972847,0.71124666929245,0.4407036006450653,-0.028976311907172203,0.7546157836914062,0.4171929955482483,-0.0021259072236716747,0.736151933670044,0.3775630295276642,-0.019492974504828453,0.7226653695106506,0.3914746046066284,-0.033624760806560516,0.7168774604797363,0.4145655930042267,-0.04030580446124077,0.7696889638900757,0.4023003876209259,-0.006770289968699217,0.759088397026062,0.3386261463165283,-0.017049085348844528,0.7478439211845398,0.3013956546783447,-0.024345021694898605,0.7379679679870605,0.2707223892211914,-0.028425881639122963,0.7874211072921753,0.403189092874527,-0.014134978875517845,0.7839553952217102,0.3388122320175171,-0.023653564974665642,0.7791215181350708,0.29828405380249023,-0.02756938710808754,0.7743515968322754,0.2630743384361267,-0.02889786660671234,0.8046774864196777,0.4186933934688568,-0.022404441609978676,0.8100873827934265,0.3681791126728058,-0.028472209349274635,0.813124418258667,0.3334401249885559,-0.027830911800265312,0.8153167963027954,0.3017697334289551,-0.02605779655277729
9,0.7795559763908386,0.5561988949775696,-7.633567555842546e-09,0.7499419450759888,0.532627284526825,-0.005485305096954107,0.7266359925270081,0.4989081621170044,-0.011549275368452072,0.7101818323135376,0.47393593192100525,-0.0192385483533144,0.702917754650116,0.44328364729881287,-0.026411162689328194,0.7460495233535767,0.4204676151275635,-0.001520820427685976,0.7271966338157654,0.38146406412124634,-0.018068136647343636,0.7140219807624817,0.39810633659362793,-0.03174811974167824,0.7090273499488831,0.4222143590450287,-0.038357485085725784,0.761078417301178,0.40560394525527954,-0.006542815826833248,0.7503642439842224,0.34217336773872375,-0.016311008483171463,0.738548994064331,0.3057222366333008,-0.023788783699274063,0.7282854318618774,0.2756284773349762,-0.02830103412270546,0.7786412835121155,0.4063492715358734,-0.014155463315546513,0.7744260430335999,0.342321515083313,-0.02339956723153591,0.7686166167259216,0.3014398217201233,-0.028027024120092392,0.7631840109825134,0.26591673493385315,-0.030216820538043976,0.795846700668335,0.4208446741104126,-0.02255205437541008,0.8009870648384094,0.3706301152706146,-0.028782043606042862,0.8034736514091492,0.33550387620925903,-0.028797179460525513,0.8049807548522949,0.30336451530456543,-0.02777920849621296
9,0.7800212502479553,0.567447304725647,-6.603392499471283e-09,0.7503318190574646,0.5418343544006348,-0.006760090589523315,0.7272314429283142,0.5086512565612793,-0.013746583834290504,0.7106568217277527,0.48234087228775024,-0.022367186844348907,0.7046406865119934,0.45062538981437683,-0.03037322871387005,0.7474808692932129,0.4307410418987274,-0.001618478912860155,0.7291638851165771,0.3897360563278198,-0.018909556791186333,0.7159485220909119,0.4054938852787018,-0.03348410129547119,0.7108195424079895,0.4295257031917572,-0.040769319981336594,0.7629175186157227,0.4162672758102417,-0.006108487490564585,0.7522851228713989,0.35398581624031067,-0.01619611121714115,0.741213858127594,0.3167521357536316,-0.02438206411898136,0.7316862344741821,0.2852446436882019,-0.029665810987353325,0.7806918025016785,0.41681233048439026,-0.013416433706879616,0.7772250175476074,0.3536161780357361,-0.022609267383813858,0.7717424035072327,0.31381434202194214,-0.027193665504455566,0.7663112878799438,0.27979594469070435,-0.02949579805135727,0.7979175448417664,0.4308052062988281,-0.02174784243106842,0.803581178188324,0.38042929768562317,-0.027585338801145554,0.8062026500701904,0.34535545110702515,-0.0274642501026392,0.8077878952026367,0.31362947821617126,-0.02647772803902626
9,0.7819186449050903,0.5717158913612366,2.3799602288931965e-08,0.7522271871566772,0.5528664588928223,-0.010914921760559082,0.7279275059700012,0.5233297944068909,-0.01969006657600403,0.7111051082611084,0.4954952597618103,-0.029427144676446915,0.7068881988525391,0.4609716832637787,-0.03819650039076805,0.741325855255127,0.4409659802913666,-0.003961344715207815,0.722825288772583,0.4026550352573395,-0.022514117881655693,0.7126137614250183,0.4218038022518158,-0.03788335248827934,0.7112321853637695,0.4479518532752991,-0.0455469936132431,0.7578558325767517,0.4226517975330353,-0.006563256960362196,0.7466148138046265,0.3620436191558838,-0.016495591029524803,0.7361757755279541,0.3267456889152527,-0.0245672520250082,0.7273831367492676,0.29616817831993103,-0.029946383088827133,0.777208149433136,0.4207041561603546,-0.01257118210196495,0.7720421552658081,0.3591420352458954,-0.02202305756509304,0.7661162614822388,0.32130342721939087,-0.0269001591950655,0.7603744864463806,0.2885885238647461,-0.02959040366113186,0.7963003516197205,0.4331992566585541,-0.01998840644955635,0.800670325756073,0.3844582140445709,-0.02653403766453266,0.8029261827468872,0.35060617327690125,-0.027182042598724365,0.804388165473938,0.3196450173854828,-0.026795390993356705
9,0.7709978818893433,0.4672812223434448,1.1465429849977227e-07,0.7377405762672424,0.452290415763855,-0.007236671634018421,0.7173454761505127,0.4165170192718506,-0.009196050465106964,0.7053506374359131,0.377517968416214,-0.012292795814573765,0.7023200392723083,0.3425038456916809,-0.014603307470679283,0.7343072295188904,0.36087846755981445,0.010497856885194778,0.721437931060791,0.3318828344345093,0.0003772381751332432,0.7116057276725769,0.32026031613349915,-0.009279252029955387,0.7057353258132935,0.3172433078289032,-0.014131816104054451,0.7501046657562256,0.3424343764781952,0.008334042504429817,0.7400410771369934,0.28597986698150635,0.004213863518089056,0.7321259379386902,0.2526406943798065,-0.0006027952767908573,0.7250159382820129,0.22365722060203552,-0.0031645451672375202,0.7686175107955933,0.3379577100276947,0.0027485343161970377,0.7648274302482605,0.28730523586273193,-0.004290493205189705,0.7612097263336182,0.25516512989997864,-0.008072726428508759,0.7568877935409546,0.2289104461669922,-0.00905056856572628,0.7881038784980774,0.3458714783191681,-0.003997960593551397,0.7941139340400696,0.30429017543792725,-0.00869734026491642,0.7978980541229248,0.2778639793395996,-0.008638088591396809,0.79986572265625,0.2559798061847687,-0.007492555305361748
9,0.7797804474830627,0.34352755546569824,4.3668812566011184e-08,0.7505765557289124,0.318200021982193,-0.006400535814464092,0.7290792465209961,0.27741923928260803,-0.012294330634176731,0.7134713530540466,0.2450966238975525,-0.019604142755270004,0.7087717056274414,0.2120824158191681,-0.02625751681625843,0.7464762330055237,0.19908221065998077,-0.000619512633420527,0.7310634851455688,0.16006503999233246,-0.018284985795617104,0.720007061958313,0.16852247714996338,-0.032782264053821564,0.7152936458587646,0.18777033686637878,-0.03993867710232735,0.7649748921394348,0.1813129484653473,-0.005856051109731197,0.7553887963294983,0.11084047704935074,-0.016626253724098206,0.7471804022789001,0.06732065975666046,-0.02537659928202629,0.7405374050140381,0.03135925531387329,-0.030709266662597656,0.7863619923591614,0.1822265386581421,-0.013963500037789345,0.7847912311553955,0.1170487254858017,-0.02565884403884411,0.7833379507064819,0.0741063803434372,-0.032674260437488556,0.7813968658447266,0.03582830727100372,-0.03618255630135536,0.8078195452690125,0.20029078423976898,-0.022734908387064934,0.8189209699630737,0.15213298797607422,-0.030431797727942467,0.8264906406402588,0.12037010490894318,-0.031457073986530304,0.8321763277053833,0.09142337739467621,-0.031195243820548058
9,0.7989128828048706,0.4047829508781433,7.514596234159399e-08,0.769081175327301,0.36719024181365967,-0.013281223364174366,0.7466529607772827,0.3164108395576477,-0.02424664981663227,0.7308483719825745,0.2710639536380768,-0.03649410605430603,0.7345414757728577,0.2270677536725998,-0.047873739153146744,0.7705041766166687,0.23610402643680573,-0.0029253510292619467,0.7598735094070435,0.18444572389125824,-0.02730467915534973,0.7499430775642395,0.18302136659622192,-0.047424327582120895,0.7453514933586121,0.20114676654338837,-0.05737251043319702,0.7923728823661804,0.22102126479148865,-0.006190003361552954,0.7872796058654785,0.14086109399795532,-0.018374281004071236,0.7821354866027832,0.0917370617389679,-0.028128206729888916,0.7779202461242676,0.05097007751464844,-0.03419124335050583,0.8167173862457275,0.2261362373828888,-0.013901918195188046,0.8160388469696045,0.14853167533874512,-0.025938639417290688,0.8151282668113708,0.09931804239749908,-0.03196192905306816,0.8131428956985474,0.05729581415653229,-0.03495369479060173,0.8396687507629395,0.24912331998348236,-0.023386435583233833,0.8507112264633179,0.1946529597043991,-0.031096860766410828,0.858378529548645,0.1585184931755066,-0.0315827876329422,0.8644065260887146,0.1253432333469391,-0.030894799157977104
9,0.8035764098167419,0.5359649658203125,6.821358766728736e-08,0.7736022472381592,0.5064064264297485,-0.01737610250711441,0.7481671571731567,0.4544481039047241,-0.03104451857507229,0.7346883416175842,0.4066114127635956,-0.04529806971549988,0.74519944190979,0.36035916209220886,-0.05797291547060013,0.768194317817688,0.3561529219150543,-0.008637627586722374,0.7573031187057495,0.30271968245506287,-0.03320866450667381,0.7534643411636353,0.3159114122390747,-0.05359889566898346,0.7540376782417297,0.33935636281967163,-0.06456007063388824,0.7927218079566956,0.33477523922920227,-0.01149735040962696,0.7877181172370911,0.25083985924720764,-0.02452792227268219,0.785110592842102,0.20266537368297577,-0.03602740913629532,0.7834392786026001,0.15928451716899872,-0.04432186484336853,0.818860650062561,0.3378751277923584,-0.018964393064379692,0.8169353008270264,0.25226452946662903,-0.032864976674318314,0.8178188800811768,0.20096176862716675,-0.041564952582120895,0.8171705007553101,0.1531025469303131,-0.04704784229397774,0.8457224369049072,0.3604882061481476,-0.028328105807304382,0.8556631803512573,0.29659104347229004,-0.03795018792152405,0.8632196187973022,0.2562210261821747,-0.04052826389670372,0.868203341960907,0.2175513654947281,-0.0419173538684845
9,0.7930269837379456,0.6211740970611572,5.620633558578447e-08,0.7626274824142456,0.5895042419433594,-0.020289376378059387,0.7369357943534851,0.5363581776618958,-0.03555918112397194,0.7179717421531677,0.4909318685531616,-0.051351841539144516,0.7225265502929688,0.4471285045146942,-0.0655352920293808,0.7588853240013123,0.43021759390830994,-0.010790447704494,0.7429057955741882,0.36649197340011597,-0.039471302181482315,0.7334901094436646,0.38492095470428467,-0.06199951842427254,0.73265540599823,0.4229758679866791,-0.072837233543396,0.7850397825241089,0.4132535457611084,-0.01197456382215023,0.7802091836929321,0.32723096013069153,-0.027686404064297676,0.7740066051483154,0.27926427125930786,-0.04020742326974869,0.7683746218681335,0.23637333512306213,-0.04821036756038666,0.8128337860107422,0.418845534324646,-0.018346989527344704,0.8122044205665588,0.3322846591472626,-0.033682528883218765,0.8098919987678528,0.2775202989578247,-0.042719095945358276,0.8064810037612915,0.22704292833805084,-0.04764929413795471,0.8382497429847717,0.44401815533638,-0.026873238384723663,0.8497529625892639,0.3779410719871521,-0.03721034154295921,0.8567278981208801,0.3331911861896515,-0.03990010544657707,0.8616723418235779,0.2900247871875763,-0.040658168494701385
9,0.7925660014152527,0.6702960729598999,2.296810919233394e-08,0.763312816619873,0.637039303779602,-0.019274381920695305,0.739470899105072,0.5853278636932373,-0.03325904160737991,0.7209072113037109,0.5454609394073486,-0.04786760360002518,0.7236987948417664,0.5060253739356995,-0.06094145029783249,0.7634333372116089,0.48078641295433044,-0.008933059871196747,0.7479205131530762,0.42353200912475586,-0.03620070964097977,0.7380214929580688,0.4518439769744873,-0.05865713208913803,0.7370088696479797,0.4907231330871582,-0.0699683204293251,0.7896807193756104,0.46487119793891907,-0.010283487848937511,0.7849307060241699,0.3837766647338867,-0.025603799149394035,0.7785833477973938,0.3375714123249054,-0.03877414017915726,0.7729594707489014,0.29555463790893555,-0.04760430008172989,0.8168560862541199,0.4715176224708557,-0.016721192747354507,0.8168436288833618,0.38632631301879883,-0.03215021267533302,0.8141611218452454,0.3343532383441925,-0.0417294055223465,0.810808539390564,0.2860088348388672,-0.04701654240489006,0.8412793874740601,0.49668726325035095,-0.025187060236930847,0.8543364405632019,0.43113547563552856,-0.03563276678323746,0.8617505431175232,0.386252224445343,-0.03883592039346695,0.8668752312660217,0.34345266222953796,-0.04009382799267769
9,0.7584316730499268,0.6094810962677002,3.375388857307371e-08,0.7270990014076233,0.5778281688690186,-0.01140250638127327,0.702163577079773,0.5375792384147644,-0.022137515246868134,0.6829859614372253,0.5081306099891663,-0.034060604870319366,0.6734310984611511,0.4732443392276764,-0.0456591472029686,0.726102888584137,0.44888365268707275,-0.008339779451489449,0.7044345140457153,0.4042683243751526,-0.03209655359387398,0.6876500844955444,0.4225282669067383,-0.05196759104728699,0.6805381774902344,0.4495234191417694,-0.06221093237400055,0.7466832995414734,0.4317697286605835,-0.012961768545210361,0.7374383807182312,0.3543972074985504,-0.026917127892374992,0.7266862392425537,0.3063632547855377,-0.03838794305920601,0.7169867753982544,0.26492446660995483,-0.045948173850774765,0.768839955329895,0.4344574511051178,-0.021014748141169548,0.770021915435791,0.35647088289260864,-0.03413967043161392,0.7670751214027405,0.3076828122138977,-0.04133858159184456,0.762891948223114,0.26436567306518555,-0.04521556198596954,0.7893378734588623,0.45548349618911743,-0.030302001163363457,0.8000932931900024,0.39736780524253845,-0.038957033306360245,0.805779755115509,0.3570099174976349,-0.03948706388473511,0.8093440532684326,0.31961727142333984,-0.038812197744846344
9,0.7146603465080261,0.5958763360977173,-3.5258755914924222e-09,0.6852229833602905,0.5636246800422668,-0.0056922547519207,0.6613222360610962,0.5230869650840759,-0.01286109909415245,0.641156017780304,0.4958484470844269,-0.021701090037822723,0.6284258365631104,0.464618444442749,-0.030569802969694138,0.6864105463027954,0.4417171776294708,-0.003381699090823531,0.6621462106704712,0.40685632824897766,-0.023223362863063812,0.643203854560852,0.42192062735557556,-0.0405142679810524,0.6328206658363342,0.44415363669395447,-0.049613941460847855,0.7028360366821289,0.42841148376464844,-0.009882666170597076,0.6934350728988647,0.35550153255462646,-0.023315804079174995,0.681571900844574,0.3134670853614807,-0.03374798968434334,0.6704795360565186,0.2806967496871948,-0.039942190051078796,0.7214534878730774,0.4340692460536957,-0.01893940567970276,0.7229906916618347,0.36051511764526367,-0.03142549470067024,0.7194969654083252,0.31506314873695374,-0.037817616015672684,0.7152888774871826,0.2748376429080963,-0.04068148136138916,0.73832106590271,0.45694881677627563,-0.028620518743991852,0.748825192451477,0.40273988246917725,-0.036539774388074875,0.7543931007385254,0.36463338136672974,-0.03650471568107605,0.7581993341445923,0.328766405582428,-0.035297997295856476
9,0.7101516723632812,0.6147000789642334,6.1221920866216806e-09,0.6811364889144897,0.5937232375144958,-0.0077340141870081425,0.6580164432525635,0.562180757522583,-0.01607992686331272,0.6401114463806152,0.5423766374588013,-0.02558727189898491,0.6295642852783203,0.5186161398887634,-0.034924063831567764,0.673762321472168,0.4768037497997284,-0.00631802249699831,0.6516144871711731,0.4478640854358673,-0.026552747935056686,0.6387097835540771,0.47143277525901794,-0.04386899620294571,0.6339229345321655,0.4980860650539398,-0.05301878601312637,0.6915372610092163,0.45873206853866577,-0.011914579197764397,0.6797552108764648,0.39197319746017456,-0.025019582360982895,0.668635368347168,0.35207870602607727,-0.035877324640750885,0.6581299304962158,0.3166585862636566,-0.043041642755270004,0.7123716473579407,0.46002426743507385,-0.020157426595687866,0.7114090323448181,0.3886151611804962,-0.033247873187065125,0.7088260650634766,0.3451650142669678,-0.04101653769612312,0.7050470113754272,0.3048275113105774,-0.04519346356391907,0.732396125793457,0.4792258143424988,-0.028974395245313644,0.740905225276947,0.4253925681114197,-0.037240128964185715,0.7461139559745789,0.38896337151527405,-0.0378236398100853,0.7495194673538208,0.35398614406585693,-0.03741394728422165
9,0.727210521697998,0.5582103133201599,5.499690303167881e-08,0.7020694017410278,0.549971878528595,-0.011208102107048035,0.6807553768157959,0.5242058038711548,-0.021362019702792168,0.6693592667579651,0.4982532262802124,-0.03224104642868042,0.6761573553085327,0.47295838594436646,-0.04201296716928482,0.6845636367797852,0.4365769028663635,-0.006229226011782885,0.6701223254203796,0.401919960975647,-0.02585798129439354,0.6701169610023499,0.42162540555000305,-0.04183647036552429,0.6768667697906494,0.44643041491508484,-0.04980672150850296,0.7014208436012268,0.4147161543369293,-0.00963301956653595,0.6890040636062622,0.3535709083080292,-0.01987459696829319,0.6811473369598389,0.31708183884620667,-0.028457345440983772,0.6747545003890991,0.28371191024780273,-0.03430582210421562,0.7223272919654846,0.40998345613479614,-0.016463544219732285,0.717149555683136,0.3408105671405792,-0.02765088900923729,0.714538037776947,0.2996607720851898,-0.034962352365255356,0.7110553979873657,0.2620218098163605,-0.039291348308324814,0.7446051239967346,0.4211052656173706,-0.024407505989074707,0.7511546611785889,0.36780500411987305,-0.03254641219973564,0.7556748986244202,0.33324193954467773,-0.03467928245663643,0.7581955194473267,0.30019956827163696,-0.035537272691726685
9,0.7168242931365967,0.5193806290626526,7.482386621404657e-08,0.6949323415756226,0.5161779522895813,-0.011792391538619995,0.6762054562568665,0.4929250478744507,-0.022402720525860786,0.6721674203872681,0.4703773558139801,-0.03339159116148949,0.6819695234298706,0.4496294856071472,-0.043605584651231766,0.6727248430252075,0.40851372480392456,-0.008671261370182037,0.6626889705657959,0.38477444648742676,-0.0292303878813982,0.6692423820495605,0.40700122714042664,-0.04669685289263725,0.6802817583084106,0.42947566509246826,-0.055727168917655945,0.6880745887756348,0.38385486602783203,-0.011813578195869923,0.6780220866203308,0.3299252688884735,-0.02211880311369896,0.6741359233856201,0.29590341448783875,-0.03151385113596916,0.6713127493858337,0.2635514438152313,-0.03825756907463074,0.7079201936721802,0.37694886326789856,-0.018247123807668686,0.7027687430381775,0.31349992752075195,-0.02942141704261303,0.7007858157157898,0.2743080258369446,-0.03797563910484314,0.6977428197860718,0.2375778704881668,-0.04340706020593643,0.7301764488220215,0.3852039873600006,-0.0257792379707098,0.7363383173942566,0.3354951739311218,-0.03349963575601578,0.7411090135574341,0.30367159843444824,-0.03589872643351555,0.7440117597579956,0.2730850279331207,-0.03724914789199829
9,0.7241231799125671,0.6015095114707947,3.3971215174233294e-08,0.6985458135604858,0.591383695602417,-0.011875334195792675,0.6781593561172485,0.5682219862937927,-0.022331831976771355,0.6648344397544861,0.5507330298423767,-0.033220719546079636,0.6664606928825378,0.530244767665863,-0.043534766882658005,0.6888014078140259,0.4830705523490906,-0.009298603050410748,0.6739751100540161,0.4573478400707245,-0.028452193364501,0.6690821051597595,0.4858909845352173,-0.04435846209526062,0.6699011325836182,0.5161563158035278,-0.052572209388017654,0.7064200043678284,0.4650076925754547,-0.01215791329741478,0.6981809139251709,0.41154950857162476,-0.023432301357388496,0.6913732886314392,0.3820190727710724,-0.03336911275982857,0.6846176385879517,0.35353100299835205,-0.04004824906587601,0.7267817854881287,0.4643881618976593,-0.018051529303193092,0.7250155806541443,0.40122392773628235,-0.030906548723578453,0.7225953936576843,0.36131954193115234,-0.04026109725236893,0.7189164161682129,0.3229502737522125,-0.04578275606036186,0.7468181848526001,0.4806089997291565,-0.024707792326807976,0.757868230342865,0.43187886476516724,-0.03415941074490547,0.7656481862068176,0.40037402510643005,-0.037218570709228516,0.7709788680076599,0.3688337206840515,-0.03863426670432091
9,0.7421447038650513,0.670155942440033,2.0359461672114776e-08,0.7199899554252625,0.6586229205131531,-0.011844179593026638,0.7039438486099243,0.6352511048316956,-0.02262052334845066,0.6952285170555115,0.6209056377410889,-0.03371724858880043,0.6982641220092773,0.6087868213653564,-0.044118739664554596,0.7183062434196472,0.5505515933036804,-0.0099306246265769,0.7061457633972168,0.5311374664306641,-0.029632210731506348,0.7019510865211487,0.5616154670715332,-0.04626281186938286,0.7037057280540466,0.5918340086936951,-0.05494939908385277,0.7366877198219299,0.5361923575401306,-0.012533356435596943,0.7320929169654846,0.4903137683868408,-0.023640677332878113,0.7291345596313477,0.4627952575683594,-0.03335421532392502,0.7265216708183289,0.4341700077056885,-0.040123216807842255,0.7562225461006165,0.539914608001709,-0.01811026781797409,0.7591368556022644,0.481247216463089,-0.030293148010969162,0.7606237530708313,0.4462035596370697,-0.03874792903661728,0.7604166269302368,0.4109324812889099,-0.04377393424510956,0.7745435833930969,0.5604621767997742,-0.024546049535274506,0.7885589003562927,0.517282247543335,-0.03291530907154083,0.7977923154830933,0.49035000801086426,-0.03535263240337372,0.8043437004089355,0.4621245563030243,-0.036402758210897446
9,0.7414799928665161,0.6748698949813843,4.973175649070072e-08,0.7214489579200745,0.6657063961029053,-0.014367482624948025,0.7050727605819702,0.6475048065185547,-0.0267822053283453,0.6957086324691772,0.6375490427017212,-0.038871631026268005,0.7015469074249268,0.6308081150054932,-0.05015144124627113,0.7195475101470947,0.5612863898277283,-0.01379812229424715,0.7093572616577148,0.5462079644203186,-0.03295860067009926,0.7050459980964661,0.5806670784950256,-0.048208191990852356,0.7056257724761963,0.6108182668685913,-0.05600086599588394,0.7388362288475037,0.5476012229919434,-0.015152491629123688,0.7358608841896057,0.5038129687309265,-0.026769958436489105,0.7330814599990845,0.4779798984527588,-0.03612303361296654,0.7307336926460266,0.45019370317459106,-0.04250495880842209,0.7581683993339539,0.5534178614616394,-0.019415808841586113,0.7642512917518616,0.49745720624923706,-0.03215781971812248,0.7674313187599182,0.46247565746307373,-0.04088909924030304,0.7690698504447937,0.4275563955307007,-0.04593921825289726,0.7749772071838379,0.5753017067909241,-0.02459089830517769,0.7906398177146912,0.533964216709137,-0.03337237238883972,0.8009651899337769,0.5073683261871338,-0.03631756454706192,0.808851957321167,0.4793350100517273,-0.037783004343509674
9,0.732621431350708,0.6674550771713257,1.3610311988543344e-08,0.7076998949050903,0.6499824523925781,-0.006432349793612957,0.6874517798423767,0.6237648129463196,-0.01336018368601799,0.6724783778190613,0.6111999750137329,-0.021249983459711075,0.6647884249687195,0.5953273177146912,-0.029336238279938698,0.7048122882843018,0.5537928342819214,-0.0075880615040659904,0.6856016516685486,0.5321022868156433,-0.024826591834425926,0.6744623780250549,0.555198073387146,-0.03958103433251381,0.669562578201294,0.5815843343734741,-0.04748526215553284,0.7206181883811951,0.541558027267456,-0.01278055738657713,0.7130094766616821,0.4889467656612396,-0.024651004001498222,0.7033141255378723,0.4595426619052887,-0.03479158133268356,0.6931198835372925,0.43545496463775635,-0.04109860584139824,0.7380037307739258,0.5466659665107727,-0.019988959655165672,0.738676905632019,0.4888589084148407,-0.03250517323613167,0.7361742854118347,0.4527788758277893,-0.04117733612656593,0.7325625419616699,0.4195013642311096,-0.046031348407268524,0.7534035444259644,0.5679345726966858,-0.027413753792643547,0.7662677764892578,0.5295323729515076,-0.03732118755578995,0.7741502523422241,0.5012078285217285,-0.04020218178629875,0.780128002166748,0.47283414006233215,-0.041231680661439896
9,0.740036129951477,0.6758414506912231,4.26016804055962e-08,0.7177903652191162,0.6672273278236389,-0.013346661813557148,0.6986333131790161,0.647000789642334,-0.024767490103840828,0.6870635151863098,0.6311872005462646,-0.0361703559756279,0.6917792558670044,0.6146863102912903,-0.04667770862579346,0.7087664008140564,0.5613314509391785,-0.010968624614179134,0.695508599281311,0.5396627187728882,-0.030320538207888603,0.6931270360946655,0.5696529150009155,-0.04599255695939064,0.6963857412338257,0.5978772044181824,-0.0539342500269413,0.7269327044487,0.5444701910018921,-0.012685784138739109,0.7199073433876038,0.4983710050582886,-0.024208270013332367,0.7157214879989624,0.47072702646255493,-0.033688489347696304,0.7121700644493103,0.4417020082473755,-0.04006962478160858,0.7468786239624023,0.5450442433357239,-0.017537450417876244,0.7458372116088867,0.48799359798431396,-0.030445212498307228,0.7445101737976074,0.4517457187175751,-0.039416082203388214,0.7424682974815369,0.4157671332359314,-0.04451776668429375,0.7661116719245911,0.5616937279701233,-0.023285679519176483,0.77645343542099,0.5163312554359436,-0.03228796645998955,0.7834948301315308,0.4868760406970978,-0.035547878593206406,0.7883157730102539,0.45662200450897217,-0.0370982363820076
9,0.7451614141464233,0.6609720587730408,5.546257142441391e-08,0.7236772179603577,0.645240843296051,-0.011934286914765835,0.7079805135726929,0.610787570476532,-0.021126993000507355,0.712784469127655,0.584429144859314,-0.03046741895377636,0.730816662311554,0.5720017552375793,-0.03874576836824417,0.7226067781448364,0.5357034802436829,-0.007560067344456911,0.7163947820663452,0.500072181224823,-0.02436707355082035,0.7199999094009399,0.5185338258743286,-0.03832583129405975,0.7265923619270325,0.5400612354278564,-0.045862361788749695,0.7407467365264893,0.5219178199768066,-0.009800853207707405,0.7392038106918335,0.4701327979564667,-0.018994703888893127,0.7414008975028992,0.44043195247650146,-0.027158284559845924,0.7448611259460449,0.4119606614112854,-0.033118583261966705,0.7592030167579651,0.52528977394104,-0.01515283714979887,0.7620143890380859,0.4663386344909668,-0.025240948423743248,0.764883816242218,0.4319785237312317,-0.03251586854457855,0.7674971222877502,0.3985258638858795,-0.037166617810726166,0.7784422636032104,0.5423585176467896,-0.021754657849669456,0.7885168790817261,0.49853283166885376,-0.028989864513278008,0.795493483543396,0.4701961874961853,-0.03172457590699196,0.8010077476501465,0.441814661026001,-0.033476993441581726
9,0.7381499409675598,0.6651285886764526,2.633062301526934e-08,0.7125759720802307,0.6454622149467468,-0.011407994665205479,0.6933133602142334,0.6168670654296875,-0.020976200699806213,0.6795513033866882,0.5953143239021301,-0.03098849393427372,0.6810059547424316,0.5768715739250183,-0.04023146256804466,0.7115757465362549,0.5405870079994202,-0.007622628938406706,0.697233259677887,0.507219135761261,-0.02633165940642357,0.6894205808639526,0.5325496792793274,-0.04168932884931564,0.6885958313941956,0.560269832611084,-0.049474235624074936,0.729598879814148,0.5281831622123718,-0.010102971456944942,0.7231482267379761,0.47265660762786865,-0.02074921876192093,0.71761155128479,0.4385331869125366,-0.029634837061166763,0.7132264375686646,0.40589284896850586,-0.03564313054084778,0.7486178874969482,0.5323953032493591,-0.01568448916077614,0.7489963173866272,0.47264420986175537,-0.026700003072619438,0.7484713196754456,0.4340667724609375,-0.0337984599173069,0.7476620078086853,0.3973590135574341,-0.03787390515208244,0.7656899094581604,0.5511724352836609,-0.022303953766822815,0.774143636226654,0.5074533224105835,-0.029913831502199173,0.779444694519043,0.47767311334609985,-0.03156394511461258,0.7834238409996033,0.4483143389225006,-0.03203372657299042
9,0.7260026931762695,0.644902765750885,1.3706717538752855e-08,0.6991034150123596,0.6184599995613098,-0.004895094782114029,0.679300844669342,0.5847659111022949,-0.010020369663834572,0.6649553775787354,0.5602132081985474,-0.016843266785144806,0.6613507270812988,0.5339270234107971,-0.023215433582663536,0.698509693145752,0.517413854598999,0.0016791055677458644,0.6830969452857971,0.4826372265815735,-0.014082149602472782,0.6714134812355042,0.495042085647583,-0.027793973684310913,0.6671023368835449,0.516677737236023,-0.03448197618126869,0.7133605480194092,0.504442036151886,-0.002950935624539852,0.7072479724884033,0.4458261728286743,-0.011735317297279835,0.699518620967865,0.41059860587120056,-0.018832243978977203,0.6928253769874573,0.38224154710769653,-0.02314157225191593,0.7303142547607422,0.5063575506210327,-0.010321059264242649,0.7291001677513123,0.448513388633728,-0.018265558406710625,0.725985050201416,0.4115990996360779,-0.022299179807305336,0.7232680916786194,0.3799503743648529,-0.02414102293550968,0.746435284614563,0.5221057534217834,-0.018597781658172607,0.7524855732917786,0.4767668843269348,-0.02313431352376938,0.7563830018043518,0.44624418020248413,-0.02246379479765892,0.7597876191139221,0.41869425773620605,-0.021208547055721283
9,0.7268079519271851,0.6554291248321533,6.810292330072798e-09,0.701234757900238,0.6271067261695862,-0.0067010619677603245,0.683146059513092,0.5917996168136597,-0.012925183400511742,0.6695269346237183,0.5648986101150513,-0.020587271079421043,0.6654548645019531,0.5359513163566589,-0.02771894447505474,0.7039299607276917,0.524530827999115,-9.28578301682137e-05,0.6891958117485046,0.488346666097641,-0.016642209142446518,0.6768876314163208,0.4973756670951843,-0.03048517182469368,0.6714204549789429,0.5175561308860779,-0.03718605637550354,0.7191358208656311,0.5121759176254272,-0.004031836055219173,0.7136640548706055,0.4532706141471863,-0.01316116377711296,0.707101047039032,0.4174671173095703,-0.020009782165288925,0.7014122009277344,0.3873170018196106,-0.024162782356142998,0.7362539172172546,0.5150187015533447,-0.010919022373855114,0.7357087731361389,0.45713239908218384,-0.0193727295845747,0.7339103817939758,0.41978710889816284,-0.02315690740942955,0.7319619059562683,0.38704460859298706,-0.024833571165800095,0.7521096467971802,0.5317202210426331,-0.018882622942328453,0.758608877658844,0.48670530319213867,-0.02391783334314823,0.7635236382484436,0.4571290612220764,-0.02329341508448124,0.7676581740379333,0.4306243062019348,-0.022044412791728973
9,0.7510169744491577,0.7008653283119202,4.422206956178343e-08,0.7293751835823059,0.6823312044143677,-0.01360252220183611,0.7126061320304871,0.6533910632133484,-0.024844391271471977,0.7012269496917725,0.6331407427787781,-0.03629224747419357,0.7016395330429077,0.6152433156967163,-0.046885937452316284,0.7282955050468445,0.5724586844444275,-0.010499903932213783,0.7159328460693359,0.5413880348205566,-0.031167762354016304,0.7101744413375854,0.5706157088279724,-0.04817545786499977,0.7100557684898376,0.6013859510421753,-0.05668702349066734,0.7477805614471436,0.5609961152076721,-0.012335622683167458,0.7448036074638367,0.507251501083374,-0.024424470961093903,0.7422103881835938,0.4743110239505768,-0.03487921506166458,0.7398542165756226,0.442301481962204,-0.04188888892531395,0.767703115940094,0.5669698715209961,-0.017456265166401863,0.7721165418624878,0.5080649852752686,-0.03018312156200409,0.7734877467155457,0.4697985351085663,-0.039109040051698685,0.773759126663208,0.4324435591697693,-0.04420953989028931,0.785633385181427,0.5882299542427063,-0.02363353967666626,0.7998225688934326,0.5455774664878845,-0.031944166868925095,0.8089925646781921,0.5171107053756714,-0.03440553694963455,0.8160513639450073,0.48836392164230347,-0.03540755808353424
9,0.7654604911804199,0.7507548332214355,2.5144654358655316e-08,0.7438894510269165,0.7371098399162292,-0.0125304339453578,0.7278796434402466,0.71268630027771,-0.023815618827939034,0.7181313037872314,0.6973947882652283,-0.03519159555435181,0.7222303152084351,0.6854329109191895,-0.045835938304662704,0.7448403239250183,0.6279988884925842,-0.011827083304524422,0.7333852052688599,0.6029193997383118,-0.0312601700425148,0.7283973693847656,0.6347864270210266,-0.047009631991386414,0.7289991974830627,0.6662389636039734,-0.055016227066516876,0.7650856375694275,0.6166738271713257,-0.013995160348713398,0.7625182867050171,0.5693202614784241,-0.025910545140504837,0.7606421113014221,0.5432760715484619,-0.03595266863703728,0.7589778900146484,0.516217827796936,-0.04274927079677582,0.7849611639976501,0.6230615377426147,-0.018982097506523132,0.7901914119720459,0.5651054978370667,-0.031961143016815186,0.79289710521698,0.5293790102005005,-0.04106960445642471,0.7938922047615051,0.49351465702056885,-0.046373676508665085,0.802297830581665,0.6452341675758362,-0.024702640250325203,0.8177114725112915,0.6027999520301819,-0.033442460000514984,0.8279770612716675,0.5763853192329407,-0.03630711883306503,0.8357160091400146,0.5483893156051636,-0.03763788193464279
9,0.7776234149932861,0.7498117089271545,3.772658274669993e-08,0.7572838068008423,0.7376656532287598,-0.014104170724749565,0.7414673566818237,0.7108901739120483,-0.026161465793848038,0.7333251237869263,0.6922621726989746,-0.03822742775082588,0.7432489991188049,0.6814755201339722,-0.049240995198488235,0.7584583163261414,0.6237771511077881,-0.01108604297041893,0.7477111220359802,0.5985829830169678,-0.03242899104952812,0.7453816533088684,0.6290677189826965,-0.04985940083861351,0.7488493323326111,0.6589686870574951,-0.05883440747857094,0.7782941460609436,0.6116713881492615,-0.0127666424959898,0.7761479020118713,0.5646085739135742,-0.025273434817790985,0.7765740752220154,0.5392158031463623,-0.035095568746328354,0.7774499654769897,0.5124132037162781,-0.04159049689769745,0.7981318831443787,0.6175855398178101,-0.01791456528007984,0.8031179904937744,0.5584683418273926,-0.03149421140551567,0.8065527677536011,0.5239872932434082,-0.040291838347911835,0.8086755275726318,0.4882192015647888,-0.04516678676009178,0.8159041404724121,0.6398025751113892,-0.0241410993039608,0.8315906524658203,0.5968671441078186,-0.033471476286649704,0.8422412276268005,0.5706514120101929,-0.0368490070104599,0.850206732749939,0.5419498682022095,-0.03846091777086258
9,0.7679707407951355,0.7303501963615417,5.0949488183960057e-08,0.7451439499855042,0.7146020531654358,-0.015075817704200745,0.7267878651618958,0.6865010857582092,-0.026941949501633644,0.7146689295768738,0.665673017501831,-0.03865782916545868,0.7165091633796692,0.6457220315933228,-0.04920147359371185,0.7400398850440979,0.6007013916969299,-0.011623214930295944,0.7273626923561096,0.5684092044830322,-0.03239382058382034,0.7233349680900574,0.5980315208435059,-0.049210939556360245,0.7248607873916626,0.6282815933227539,-0.057669129222631454,0.7600306272506714,0.5868370532989502,-0.012728171423077583,0.755678117275238,0.5335127711296082,-0.024763649329543114,0.7515439391136169,0.5020343661308289,-0.03493000566959381,0.7473390698432922,0.47135013341903687,-0.041804879903793335,0.7806745767593384,0.5909662246704102,-0.017279988154768944,0.7831605672836304,0.5305760502815247,-0.029918141663074493,0.7832393050193787,0.49281758069992065,-0.038603875786066055,0.7821435928344727,0.45605677366256714,-0.04366806149482727,0.7992452383041382,0.6114213466644287,-0.023065349087119102,0.8127362728118896,0.5669459104537964,-0.03194933757185936,0.8213223218917847,0.5367952585220337,-0.03497980907559395,0.8278221487998962,0.5065281391143799,-0.03635720536112785
9,0.7612484097480774,0.6271980404853821,4.400567377160769e-08,0.7350497245788574,0.603658139705658,-0.009542788378894329,0.7146574854850769,0.5719912648200989,-0.01817178539931774,0.7007379531860352,0.5451349020004272,-0.027665678411722183,0.6981623768806458,0.5161496996879578,-0.036375246942043304,0.728753387928009,0.49404746294021606,-0.006200861185789108,0.7125077843666077,0.45395052433013916,-0.025652755051851273,0.7051094174385071,0.47262144088745117,-0.04131811484694481,0.7049777507781982,0.49848616123199463,-0.04890059307217598,0.7473944425582886,0.47863149642944336,-0.00944487378001213,0.7403690814971924,0.41548725962638855,-0.0208889152854681,0.732943058013916,0.3777845799922943,-0.030000044032931328,0.7260602712631226,0.3432530164718628,-0.03585202991962433,0.7674869894981384,0.4799056649208069,-0.015659091994166374,0.7676248550415039,0.41459760069847107,-0.026618484407663345,0.7652926445007324,0.3747594356536865,-0.03316819667816162,0.7622625827789307,0.33838558197021484,-0.03672392666339874,0.7863503098487854,0.49732065200805664,-0.02281942218542099,0.7951797246932983,0.44922637939453125,-0.02940892055630684,0.8006916046142578,0.4174762964248657,-0.03006933629512787,0.8050550818443298,0.3878210186958313,-0.029723424464464188
9,0.7616078853607178,0.6226884722709656,4.884923399117724e-08,0.736329197883606,0.6006684899330139,-0.011111684143543243,0.7161156535148621,0.5683393478393555,-0.02088906429708004,0.7015888690948486,0.5416284203529358,-0.031423505395650864,0.6996064186096191,0.5139317512512207,-0.04128919914364815,0.7306646704673767,0.49016156792640686,-0.007177427876740694,0.7155407667160034,0.4491293430328369,-0.027046820148825645,0.7064533233642578,0.4662712812423706,-0.043417949229478836,0.7040867209434509,0.49232321977615356,-0.05165665224194527,0.7492446899414062,0.47619208693504333,-0.010096468962728977,0.7435832619667053,0.41282016038894653,-0.02144671604037285,0.7370224595069885,0.3759373724460602,-0.03099002316594124,0.7307491898536682,0.34209179878234863,-0.03722350671887398,0.7692844271659851,0.4788441061973572,-0.01613433100283146,0.770329475402832,0.41426408290863037,-0.027215169742703438,0.7696693539619446,0.37418586015701294,-0.034058112651109695,0.7678655385971069,0.33665865659713745,-0.03795219212770462,0.7879337668418884,0.49701085686683655,-0.023273469880223274,0.798018217086792,0.4496556520462036,-0.03044118732213974,0.8048447966575623,0.41798731684684753,-0.03134014829993248,0.810361385345459,0.38721945881843567,-0.03120548278093338
9,0.7655941247940063,0.6280924081802368,4.021813637677951e-08,0.7401096820831299,0.6059387922286987,-0.010125767439603806,0.7203265428543091,0.5735360980033875,-0.019051410257816315,0.7064096927642822,0.5480214357376099,-0.028788579627871513,0.702712893486023,0.520712673664093,-0.038014087826013565,0.7349695563316345,0.49738365411758423,-0.006503149401396513,0.7197232246398926,0.45783206820487976,-0.025621745735406876,0.7108787298202515,0.47436758875846863,-0.04154457524418831,0.708784282207489,0.4992060959339142,-0.04971769079566002,0.7534410953521729,0.48252740502357483,-0.009940627962350845,0.7472885251045227,0.4191131889820099,-0.021075639873743057,0.7409707903862,0.3810676634311676,-0.030650585889816284,0.7351605892181396,0.3466002345085144,-0.037067968398332596,0.773354709148407,0.48495227098464966,-0.016353925690054893,0.7738381624221802,0.421236515045166,-0.027711667120456696,0.7728936672210693,0.37999778985977173,-0.03508037328720093,0.771157443523407,0.3409746289253235,-0.03940799832344055,0.7920321226119995,0.5030663013458252,-0.02371380478143692,0.8019333481788635,0.4564354419708252,-0.03137783333659172,0.8086867928504944,0.424917608499527,-0.03267202153801918,0.8141597509384155,0.39382362365722656,-0.032927174121141434
9,0.7727192640304565,0.6032058000564575,2.3850613928289022e-08,0.746849775314331,0.5774221420288086,-0.009880061261355877,0.727074921131134,0.5414467453956604,-0.018499178811907768,0.7124958038330078,0.5143152475357056,-0.028055986389517784,0.7088901996612549,0.48509645462036133,-0.036989521235227585,0.7447844743728638,0.4671303927898407,-0.006380712613463402,0.7291771173477173,0.4265924096107483,-0.025575293228030205,0.7178804278373718,0.4453631043434143,-0.04098181053996086,0.714310884475708,0.47184324264526367,-0.048638030886650085,0.7623507380485535,0.4545537233352661,-0.00997240375727415,0.7560768723487854,0.38918787240982056,-0.021138742566108704,0.7490538954734802,0.3497623801231384,-0.03001314215362072,0.7429539561271667,0.31389063596725464,-0.03578471764922142,0.7815134525299072,0.458662211894989,-0.016570324078202248,0.7818472385406494,0.3928123712539673,-0.027741190046072006,0.7803118824958801,0.35138139128685,-0.034178655594587326,0.7783033847808838,0.3126813769340515,-0.0377555750310421,0.7992324233055115,0.47768208384513855,-0.02417389117181301,0.808496356010437,0.430054634809494,-0.032056666910648346,0.8148568272590637,0.3970414996147156,-0.03318377956748009,0.8201736807823181,0.36534708738327026,-0.03310771659016609
9,0.80885910987854,0.589295506477356,4.833836086959309e-08,0.783550500869751,0.5647289156913757,-0.011430347338318825,0.7639203071594238,0.5294250249862671,-0.020875081419944763,0.7513332962989807,0.49688684940338135,-0.03128400072455406,0.7610955238342285,0.4715014696121216,-0.040329623967409134,0.7833943963050842,0.4554463326931,-0.0033545743208378553,0.7719795107841492,0.4132859706878662,-0.022886741906404495,0.7673547267913818,0.4361300468444824,-0.03854792192578316,0.7689710855484009,0.46545207500457764,-0.04601926729083061,0.8010907173156738,0.4428616464138031,-0.005710295867174864,0.7970446348190308,0.37928780913352966,-0.016540315002202988,0.7925082445144653,0.34112080931663513,-0.02513853833079338,0.788892924785614,0.3054596185684204,-0.030680229887366295,0.8199324607849121,0.4466612637042999,-0.011718419380486012,0.8209498524665833,0.38444674015045166,-0.022403663024306297,0.8210498690605164,0.34656473994255066,-0.028288841247558594,0.8207492232322693,0.3115541934967041,-0.03126280754804611,0.837604284286499,0.4647502601146698,-0.019057221710681915,0.846838116645813,0.4191410541534424,-0.025083985179662704,0.8534148335456848,0.38912802934646606,-0.025678645819425583,0.8588217496871948,0.3602108955383301,-0.025418654084205627
9,0.803694486618042,0.4361802339553833,6.348257386434852e-08,0.7768505215644836,0.41289299726486206,-0.007396274711936712,0.7580474019050598,0.3775320053100586,-0.01326332800090313,0.7444586157798767,0.34313446283340454,-0.020312130451202393,0.7416625022888184,0.30696001648902893,-0.026295877993106842,0.7707157135009766,0.3149057924747467,0.002446451922878623,0.7587988972663879,0.27811548113822937,-0.015100397169589996,0.7525227069854736,0.2798081338405609,-0.029260452836751938,0.7510662078857422,0.2930104732513428,-0.03553995117545128,0.786401629447937,0.297455370426178,-0.0006196541944518685,0.7775527834892273,0.23580417037010193,-0.00974238757044077,0.770884096622467,0.19761449098587036,-0.01636609621345997,0.7649600505828857,0.16614265739917755,-0.0197970662266016,0.8051336407661438,0.2943926453590393,-0.006960769183933735,0.8016267418861389,0.23698194324970245,-0.015537862665951252,0.7987996339797974,0.20024573802947998,-0.0183627400547266,0.7950555682182312,0.16992869973182678,-0.01866813749074936,0.8243686556816101,0.3046845495700836,-0.014513581991195679,0.8282583951950073,0.25942176580429077,-0.01868816651403904,0.8314741253852844,0.23014196753501892,-0.01705143414437771,0.8335778713226318,0.20497050881385803,-0.01464204303920269
9,0.8178378939628601,0.4405043125152588,4.52131203587669e-08,0.7933472394943237,0.4144904613494873,-0.008926996029913425,0.7748072743415833,0.3770546615123749,-0.015741629526019096,0.7611578106880188,0.34210091829299927,-0.023472098633646965,0.7588737607002258,0.3061453402042389,-0.030404921621084213,0.7908803224563599,0.31397998332977295,-0.0006216557812876999,0.779423177242279,0.27828919887542725,-0.018941977992653847,0.7720237374305725,0.2794126272201538,-0.03398176282644272,0.7695599794387817,0.29207101464271545,-0.04116184264421463,0.8059988617897034,0.29751694202423096,-0.0034219466615468264,0.7988453507423401,0.23183201253414154,-0.013615082949399948,0.79250568151474,0.192697674036026,-0.021299265325069427,0.7870739102363586,0.159668430685997,-0.02564619854092598,0.8239895105361938,0.29634973406791687,-0.009427325800061226,0.8211821913719177,0.23376086354255676,-0.019185805693268776,0.8194087147712708,0.19506312906742096,-0.023656636476516724,0.8168769478797913,0.16196879744529724,-0.025309337303042412,0.8420193195343018,0.30926430225372314,-0.016653329133987427,0.8483641147613525,0.2627476751804352,-0.02176634408533573,0.8533719182014465,0.2329341471195221,-0.02109258808195591,0.8568761944770813,0.2070768177509308,-0.01966489851474762
9,0.8035873770713806,0.5412233471870422,2.463467474456138e-08,0.7784836292266846,0.5190543532371521,-0.008794884197413921,0.7601909637451172,0.4860210716724396,-0.01609313115477562,0.7473745346069336,0.4582856595516205,-0.024285927414894104,0.7438409924507141,0.4279147684574127,-0.031758151948451996,0.7757465839385986,0.41666653752326965,-0.0032684444449841976,0.7615863680839539,0.3805140554904938,-0.02063952572643757,0.7522422075271606,0.39181843400001526,-0.034708037972450256,0.749731719493866,0.41331759095191956,-0.0413702167570591,0.7913452386856079,0.40151867270469666,-0.006012411788105965,0.7854806184768677,0.34112775325775146,-0.01530846394598484,0.7792384624481201,0.30568358302116394,-0.022150343284010887,0.7738281488418579,0.2753285765647888,-0.026187947019934654,0.8090174198150635,0.40188395977020264,-0.011740338057279587,0.8077099919319153,0.3423783481121063,-0.020682068541646004,0.8055647015571594,0.3044755458831787,-0.02490779012441635,0.8030714988708496,0.27110326290130615,-0.026768600568175316,0.825801432132721,0.4165409505367279,-0.018606247380375862,0.8326871395111084,0.37130749225616455,-0.02421293966472149,0.8372904658317566,0.34111088514328003,-0.024071525782346725,0.8409038186073303,0.31354036927223206,-0.023001130670309067
9,0.8021624684333801,0.6050117611885071,1.0633668168225086e-08,0.77913898229599,0.5786420106887817,-0.008857722394168377,0.7616856098175049,0.5445366501808167,-0.016313821077346802,0.7487212419509888,0.5178974866867065,-0.024746255949139595,0.7458836436271667,0.489305317401886,-0.032605819404125214,0.7794578075408936,0.4761522114276886,-0.0041937748901546,0.7655842900276184,0.44041383266448975,-0.021914100274443626,0.755964994430542,0.457930326461792,-0.03633877635002136,0.7527587413787842,0.4815014898777008,-0.043391283601522446,0.7961022257804871,0.46369224786758423,-0.007697518449276686,0.7922027707099915,0.40205705165863037,-0.018407998606562614,0.7865681648254395,0.3666733503341675,-0.026929637417197227,0.7814865112304688,0.33577966690063477,-0.03207580745220184,0.8138464689254761,0.4674147963523865,-0.014069735072553158,0.8150726556777954,0.4053483307361603,-0.02477327734231949,0.8139362335205078,0.3662235736846924,-0.031019235029816628,0.8123612999916077,0.3306559920310974,-0.034128252416849136,0.8297746181488037,0.4857262074947357,-0.02135198749601841,0.839056134223938,0.4419218599796295,-0.028353188186883926,0.8451279997825623,0.41136234998703003,-0.029209593310952187,0.8500493168830872,0.383007287979126,-0.028843989595770836
9,0.8045206665992737,0.6326152086257935,1.898951751400091e-08,0.781857430934906,0.6067253351211548,-0.00934767909348011,0.7656487822532654,0.5728183388710022,-0.017406146973371506,0.754526674747467,0.5479380488395691,-0.026343638077378273,0.7534372806549072,0.5220293998718262,-0.03466596454381943,0.7836194038391113,0.5040278434753418,-0.004982978105545044,0.7718923687934875,0.46794646978378296,-0.023368483409285545,0.7632818222045898,0.487592875957489,-0.03889879211783409,0.7608587741851807,0.5126464366912842,-0.046835556626319885,0.8007990121841431,0.4930906295776367,-0.008188383653759956,0.7983019351959229,0.4338567554950714,-0.018756520003080368,0.7948644161224365,0.39878714084625244,-0.027987774461507797,0.791946291923523,0.36740416288375854,-0.03413985297083855,0.8188239932060242,0.49831435084342957,-0.014316638000309467,0.8215097188949585,0.43830811977386475,-0.024562202394008636,0.8222813606262207,0.4016451835632324,-0.03109440580010414,0.8223299980163574,0.3674110174179077,-0.03478359431028366,0.8352315425872803,0.5177034735679626,-0.02143244259059429,0.8450543880462646,0.47444769740104675,-0.027848616242408752,0.8515129685401917,0.4453677535057068,-0.028694814071059227,0.8566216230392456,0.4174283444881439,-0.02865789271891117
9,0.7899338603019714,0.6506003737449646,3.0491058566894935e-08,0.766842782497406,0.6287436485290527,-0.009879763238132,0.7494479417800903,0.5982673168182373,-0.01843259111046791,0.7371885180473328,0.5746749639511108,-0.027690235525369644,0.7332983613014221,0.5498632788658142,-0.03644130378961563,0.7658113837242126,0.5266029834747314,-0.0070392363704741,0.7517198920249939,0.49177995324134827,-0.025390857830643654,0.7422311902046204,0.5084828734397888,-0.040358949452638626,0.7392758131027222,0.5319653153419495,-0.047800250351428986,0.7826504707336426,0.5137820839881897,-0.010029840283095837,0.7787624001502991,0.4537784159183502,-0.020720936357975006,0.773357093334198,0.41896045207977295,-0.029183270409703255,0.7684550285339355,0.38766902685165405,-0.0345134474337101,0.8007426857948303,0.5169911980628967,-0.01581619121134281,0.8017199039459229,0.45621371269226074,-0.026178352534770966,0.8007783889770508,0.41943514347076416,-0.032306186854839325,0.7993946671485901,0.3853021562099457,-0.03558884933590889,0.817281186580658,0.5345258116722107,-0.022612961009144783,0.8263777494430542,0.4905923008918762,-0.029304401949048042,0.8323648571968079,0.46151304244995117,-0.030047480016946793,0.8373498320579529,0.434109628200531,-0.029749251902103424
9,0.7668809294700623,0.6710320115089417,5.96861795543191e-08,0.7422402501106262,0.6527034044265747,-0.009821237996220589,0.7242337465286255,0.6245384812355042,-0.01864355243742466,0.7145776748657227,0.5986356139183044,-0.028215786442160606,0.717513382434845,0.5729339718818665,-0.03673110529780388,0.7350102066993713,0.5467261672019958,-0.004972269758582115,0.7227537631988525,0.5106608271598816,-0.02203163504600525,0.7200387716293335,0.5313399434089661,-0.03566210716962814,0.7228072285652161,0.556694746017456,-0.042169809341430664,0.7527980208396912,0.5304862260818481,-0.007723270449787378,0.7469902038574219,0.47162193059921265,-0.01669403165578842,0.74222332239151,0.436816543340683,-0.02445736713707447,0.7381364107131958,0.4043912887573242,-0.02984638139605522,0.7724195122718811,0.5302435159683228,-0.013496050611138344,0.7705079317092896,0.469176322221756,-0.022624656558036804,0.7690523266792297,0.4296959936618805,-0.029232988134026527,0.7671645283699036,0.39361488819122314,-0.03327089920639992,0.7917501330375671,0.54405677318573,-0.020285706967115402,0.7981290221214294,0.4954031705856323,-0.02595066837966442,0.8024938702583313,0.4641358554363251,-0.027224130928516388,0.8055627942085266,0.4345149099826813,-0.027707869186997414
9,0.764839231967926,0.6782338619232178,4.6149903454306695e-08,0.7410770654678345,0.6648502349853516,-0.01275387592613697,0.7221758961677551,0.6379690170288086,-0.023255106061697006,0.7111807465553284,0.6117135286331177,-0.034028224647045135,0.7175334692001343,0.5863316059112549,-0.04361628741025925,0.7308881878852844,0.5564698576927185,-0.007234864868223667,0.7194554805755615,0.519927978515625,-0.02600979059934616,0.7187061905860901,0.5404373407363892,-0.04161263257265091,0.7234224677085876,0.5654009580612183,-0.049625594168901443,0.7482320070266724,0.5383123159408569,-0.009152739308774471,0.7412408590316772,0.4807898700237274,-0.01910853199660778,0.7369703054428101,0.4476255774497986,-0.02789810113608837,0.7340325713157654,0.41628891229629517,-0.03407778590917587,0.7679480314254761,0.5371660590171814,-0.01440935954451561,0.7655123472213745,0.47340700030326843,-0.024608690291643143,0.7642638683319092,0.43530458211898804,-0.03143244609236717,0.7627734541893005,0.39922863245010376,-0.03563476726412773,0.7879763245582581,0.5511365532875061,-0.020964615046977997,0.7940918803215027,0.5033018589019775,-0.027982225641608238,0.7980934977531433,0.47215351462364197,-0.029751013964414597,0.8008213043212891,0.44169941544532776,-0.0305038969963789
9,0.7640832662582397,0.6811654567718506,4.3456207521330725e-08,0.7406732439994812,0.6668028831481934,-0.013485247269272804,0.722256064414978,0.637882649898529,-0.024285858497023582,0.7108955979347229,0.6116076707839966,-0.03524542972445488,0.717008650302887,0.5862813591957092,-0.045083265751600266,0.7313812971115112,0.5581499338150024,-0.008151541464030743,0.7194366455078125,0.5219930410385132,-0.027575502172112465,0.7184341549873352,0.5431821942329407,-0.043562714010477066,0.7231782674789429,0.5685437917709351,-0.05173112079501152,0.7492761015892029,0.5404099225997925,-0.009706010110676289,0.7425779700279236,0.48342934250831604,-0.020276237279176712,0.7384674549102783,0.45043283700942993,-0.029535897076129913,0.7355116009712219,0.4193609356880188,-0.03595617040991783,0.7691832780838013,0.5396090745925903,-0.01464923843741417,0.7671520709991455,0.4763389527797699,-0.02542092278599739,0.765953779220581,0.4384479820728302,-0.03257531672716141,0.7643256783485413,0.4024488925933838,-0.03689398616552353,0.7888070940971375,0.5540292263031006,-0.02090924233198166,0.7952964901924133,0.5062777996063232,-0.028308944776654243,0.7996826171875,0.47514575719833374,-0.030300553888082504,0.8027151823043823,0.44494348764419556,-0.0311440359801054
9,0.7729162573814392,0.6661802530288696,6.368254190647349e-08,0.750106155872345,0.6492900252342224,-0.012079553678631783,0.7329269647598267,0.620802640914917,-0.02195882238447666,0.7239260673522949,0.5923720598220825,-0.03236734867095947,0.7284724116325378,0.562888503074646,-0.041506171226501465,0.742588996887207,0.5442191958427429,-0.005701432935893536,0.7324299216270447,0.5052840113639832,-0.024141255766153336,0.7313047051429749,0.5222578048706055,-0.03910961002111435,0.7350826263427734,0.5470806360244751,-0.0463680736720562,0.7605156898498535,0.5275790095329285,-0.007395985070616007,0.756481409072876,0.4691395163536072,-0.017044927924871445,0.7535647749900818,0.4354000389575958,-0.025124970823526382,0.7513751983642578,0.404649019241333,-0.030497560277581215,0.7798795700073242,0.5268591642379761,-0.012475620955228806,0.7790558934211731,0.46575814485549927,-0.021797314286231995,0.7783808708190918,0.4286961853504181,-0.027400875464081764,0.7770799398422241,0.3946704864501953,-0.03062472492456436,0.7989737391471863,0.5403444170951843,-0.01892973855137825,0.8058263063430786,0.49398231506347656,-0.0244621429592371,0.809917688369751,0.46352291107177734,-0.02517283894121647,0.8128364086151123,0.434786319732666,-0.025116559118032455
9,0.7232251763343811,0.6556802988052368,3.1365985364573135e-08,0.6972598433494568,0.6308479309082031,-0.00890979915857315,0.6786481142044067,0.5980924963951111,-0.016921639442443848,0.6656692624092102,0.5716721415519714,-0.0259822066873312,0.6605436205863953,0.5420648455619812,-0.03449003025889397,0.6954669952392578,0.5233652591705322,-0.004490616265684366,0.6796154975891113,0.4868674874305725,-0.022985417395830154,0.6683772206306458,0.5009244084358215,-0.0379863902926445,0.6639105677604675,0.5227308869361877,-0.045289356261491776,0.7129108905792236,0.5095317959785461,-0.008060675114393234,0.7061412334442139,0.44643688201904297,-0.01856878213584423,0.698185920715332,0.40891483426094055,-0.02685365080833435,0.6905564069747925,0.37592339515686035,-0.032016340643167496,0.7324154376983643,0.5114137530326843,-0.014592676423490047,0.7322760224342346,0.44679945707321167,-0.0248467568308115,0.7301980257034302,0.40634581446647644,-0.030327176675200462,0.7270940542221069,0.3705032467842102,-0.03300709277391434,0.7506096363067627,0.5283761620521545,-0.022153565660119057,0.7589472532272339,0.47877153754234314,-0.028574040159583092,0.7644801139831543,0.44571802020072937,-0.0288176741451025,0.7683863639831543,0.4154924750328064,-0.02803666703402996
9,0.7102896571159363,0.6157248020172119,3.911604551376513e-08,0.6834670305252075,0.5909546613693237,-0.0068595316261053085,0.6632932424545288,0.5542489290237427,-0.013637524098157883,0.6483222842216492,0.5281058549880981,-0.021557871252298355,0.6395165920257568,0.4981885254383087,-0.029078548774123192,0.6829401850700378,0.48059916496276855,-0.004854712635278702,0.6648691892623901,0.4456794559955597,-0.023756925016641617,0.6522567868232727,0.46042755246162415,-0.038979120552539825,0.6465690732002258,0.48328903317451477,-0.04620134457945824,0.6997676491737366,0.46630048751831055,-0.009582040831446648,0.6915878653526306,0.40129324793815613,-0.021140875294804573,0.6826990246772766,0.36286741495132446,-0.02959967404603958,0.6740716695785522,0.32965391874313354,-0.03442416340112686,0.718319296836853,0.46868500113487244,-0.01693674921989441,0.7168912887573242,0.4013277590274811,-0.02859567664563656,0.7140952944755554,0.35945501923561096,-0.034940216690301895,0.7104092836380005,0.3217894434928894,-0.037727270275354385,0.7362427115440369,0.48701515793800354,-0.024905357509851456,0.7448243498802185,0.4355649948120117,-0.03263670578598976,0.7509903311729431,0.40083274245262146,-0.03342774510383606,0.7558705806732178,0.3692053556442261,-0.03266296908259392
9,0.7099100947380066,0.540935218334198,2.3401591775495945e-08,0.6816799640655518,0.5210605263710022,-0.007714207749813795,0.658021092414856,0.4886546730995178,-0.015540583059191704,0.6414211988449097,0.46597597002983093,-0.024361804127693176,0.6324653625488281,0.43683910369873047,-0.03278105705976486,0.6738141775131226,0.4063941538333893,-0.0066853901371359825,0.6543278098106384,0.37131431698799133,-0.02553303726017475,0.6418107151985168,0.38948559761047363,-0.04101686179637909,0.6367282271385193,0.41489970684051514,-0.04887719452381134,0.6914108395576477,0.3896530568599701,-0.01153978705406189,0.6810882687568665,0.32569506764411926,-0.022588973864912987,0.6693289279937744,0.2869870662689209,-0.031683504581451416,0.6582667231559753,0.25460243225097656,-0.037710484117269516,0.7112401127815247,0.3909851610660553,-0.01897766813635826,0.7092813849449158,0.3237028419971466,-0.029874036088585854,0.7051294445991516,0.2824801802635193,-0.03666948154568672,0.700200080871582,0.24538671970367432,-0.040705155581235886,0.7305138111114502,0.4097411632537842,-0.02715068869292736,0.7395928502082825,0.36050769686698914,-0.035424668341875076,0.7447190880775452,0.3256293535232544,-0.03702135384082794,0.7484768629074097,0.29244738817214966,-0.03727252036333084
9,0.6741729974746704,0.5728412866592407,1.7916546468654815e-08,0.6460233926773071,0.5526989698410034,-0.006914504338055849,0.6224710941314697,0.5213407874107361,-0.01410210132598877,0.6039395928382874,0.49844202399253845,-0.02255094237625599,0.5925215482711792,0.4694364070892334,-0.030749421566724777,0.6362606883049011,0.44408369064331055,-0.0036432715132832527,0.6177934408187866,0.41490596532821655,-0.021721187978982925,0.6060720682144165,0.43136724829673767,-0.03691921755671501,0.6013242602348328,0.4525924324989319,-0.04483148455619812,0.6520511507987976,0.42572036385536194,-0.009205586276948452,0.640648603439331,0.360981285572052,-0.020964110270142555,0.6292603015899658,0.3232353627681732,-0.03059566020965576,0.6187443137168884,0.29235756397247314,-0.03668728470802307,0.6713223457336426,0.4247320592403412,-0.01735176146030426,0.6679397821426392,0.35693928599357605,-0.029244763776659966,0.6637588739395142,0.3157118856906891,-0.03595174103975296,0.6588254570960999,0.2788073718547821,-0.03945887088775635,0.6904854774475098,0.43980172276496887,-0.026130804792046547,0.6980189681053162,0.38871997594833374,-0.03424380347132683,0.7029603123664856,0.3534305691719055,-0.035129621624946594,0.7065024375915527,0.32066047191619873,-0.034817248582839966
9,0.6827744245529175,0.6345160603523254,-3.8127283552569224e-09,0.6543753743171692,0.6191678047180176,-0.008137318305671215,0.6298398971557617,0.5932953357696533,-0.01608908362686634,0.6112553477287292,0.5751849412918091,-0.025073885917663574,0.6018685698509216,0.549429178237915,-0.03392450138926506,0.6427520513534546,0.5093687772750854,-0.0058121755719184875,0.6215120553970337,0.4837794899940491,-0.024762270972132683,0.6105691194534302,0.5083470344543457,-0.04096696153283119,0.6071361899375916,0.5348050594329834,-0.04953327775001526,0.6587323546409607,0.4903143346309662,-0.010934291407465935,0.6456115245819092,0.4299872815608978,-0.023421529680490494,0.6332371830940247,0.3961224853992462,-0.034137412905693054,0.6216230392456055,0.367634117603302,-0.041037071496248245,0.6779748797416687,0.4887707233428955,-0.018700923770666122,0.6737701892852783,0.42286217212677,-0.03163858875632286,0.6683468222618103,0.38049590587615967,-0.04008558392524719,0.6621825695037842,0.3414723873138428,-0.04481444135308266,0.6969196200370789,0.5044024586677551,-0.027025828137993813,0.704883873462677,0.4546270966529846,-0.03611069172620773,0.7101001739501953,0.4195921719074249,-0.037878021597862244,0.71369469165802,0.38614434003829956,-0.03824624791741371
9,0.7409899234771729,0.6629459261894226,6.485941383971294e-08,0.7159247994422913,0.6495876312255859,-0.013249759562313557,0.696119487285614,0.6231002807617188,-0.024720963090658188,0.6844415664672852,0.6016629934310913,-0.03630318492650986,0.6901140809059143,0.5819780230522156,-0.04696314036846161,0.709229052066803,0.5378502607345581,-0.010760031640529633,0.6955612301826477,0.5068480372428894,-0.03027092106640339,0.6924983859062195,0.5362263917922974,-0.04629227891564369,0.6963163018226624,0.5655146241188049,-0.05466105043888092,0.7281573414802551,0.5214406251907349,-0.012902111746370792,0.7216975688934326,0.4667549729347229,-0.024916745722293854,0.7167511582374573,0.43353697657585144,-0.03520870581269264,0.7128292918205261,0.4015783667564392,-0.04224706441164017,0.748730480670929,0.5231027603149414,-0.01816428266465664,0.7480204105377197,0.4597698748111725,-0.03098902478814125,0.7470344305038452,0.4194067120552063,-0.040392495691776276,0.7459510564804077,0.3807141184806824,-0.04604895040392876,0.7683145403862,0.5408222079277039,-0.024352077394723892,0.7786484956741333,0.4928141236305237,-0.03345133736729622,0.7851716876029968,0.46064409613609314,-0.03695296123623848,0.7900882959365845,0.42857134342193604,-0.03885674476623535
