label,x0,y0,z0,x1,y1,z1,x2,y2,z2,x3,y3,z3,x4,y4,z4,x5,y5,z5,x6,y6,z6,x7,y7,z7,x8,y8,z8,x9,y9,z9,x10,y10,z10,x11,y11,z11,x12,y12,z12,x13,y13,z13,x14,y14,z14,x15,y15,z15,x16,y16,z16,x17,y17,z17,x18,y18,z18,x19,y19,z19,x20,y20,z20
D,0.20772932469844818,0.9291298389434814,-7.127297152464962e-08,0.23242078721523285,0.9468393921852112,-0.03137129172682762,0.24966423213481903,0.9669094681739807,-0.056552257388830185,0.25946879386901855,0.9835346341133118,-0.07708724588155746,0.2588368058204651,0.9928410053253174,-0.09772563725709915,0.22684593498706818,0.9074761867523193,-0.06692497432231903,0.23406538367271423,0.9053353667259216,-0.09278588742017746,0.2347739189863205,0.9180012941360474,-0.10748675465583801,0.23145177960395813,0.9243817925453186,-0.11679336428642273,0.20194877684116364,0.9123637080192566,-0.06221491098403931,0.1925005465745926,0.932632565498352,-0.08506258577108383,0.19107508659362793,0.9801385998725891,-0.09152871370315552,0.19363385438919067,1.0096205472946167,-0.0964755043387413,0.1822640746831894,0.9273532032966614,-0.05835317075252533,0.1729443073272705,0.9541142582893372,-0.07702448964118958,0.17265585064888,0.9938974380493164,-0.07932159304618835,0.1727554202079773,1.0150643587112427,-0.080715611577034,0.16842123866081238,0.9464148283004761,-0.056817591190338135,0.16136324405670166,0.9696707725524902,-0.07030228525400162,0.16091591119766235,0.9984046220779419,-0.07151570171117783,0.16331270337104797,1.013745903968811,-0.07216484844684601
D,0.30345702171325684,1.017099142074585,1.2729147158552223e-07,0.3420313596725464,1.0039842128753662,-0.023310402408242226,0.3821905255317688,0.9663140773773193,-0.042246926575899124,0.37659144401550293,0.9200512766838074,-0.06084608659148216,0.34808000922203064,0.8929819464683533,-0.07886223495006561,0.37454143166542053,0.8136391043663025,-0.027523169293999672,0.4009946882724762,0.7424795627593994,-0.05098539963364601,0.42036470770835876,0.6894097924232483,-0.06444553285837173,0.4340309500694275,0.6444068551063538,-0.07367212325334549,0.3364797532558441,0.7901318073272705,-0.029212020337581635,0.35183390974998474,0.812645435333252,-0.05882870778441429,0.3462204933166504,0.891619861125946,-0.06333975493907928,0.33913084864616394,0.9100446105003357,-0.06075828894972801,0.302732914686203,0.7938409447669983,-0.033443450927734375,0.317084401845932,0.8389815092086792,-0.06382059305906296,0.3180873394012451,0.9116519689559937,-0.05596856772899628,0.3151419460773468,0.9243219494819641,-0.04435528442263603,0.26996830105781555,0.810960054397583,-0.039880041033029556,0.28396672010421753,0.8478984236717224,-0.05964815989136696,0.29125499725341797,0.9018160104751587,-0.05242832750082016,0.2926922142505646,0.9111865162849426,-0.04219220578670502
D,0.3339265286922455,0.749347984790802,1.014421755485273e-07,0.37131717801094055,0.740083634853363,-0.022325890138745308,0.40864765644073486,0.7047699689865112,-0.0383930578827858,0.4029333293437958,0.6535057425498962,-0.053672172129154205,0.38456064462661743,0.6145971417427063,-0.0685199424624443,0.40769439935684204,0.568854033946991,-0.02891857922077179,0.4356701970100403,0.4957074522972107,-0.05052429065108299,0.4551735520362854,0.4452283978462219,-0.06358157843351364,0.46889907121658325,0.40309131145477295,-0.07239055633544922,0.3729631304740906,0.5470556616783142,-0.029752742499113083,0.38761723041534424,0.5583165287971497,-0.06135885789990425,0.38017329573631287,0.6258857250213623,-0.06870666146278381,0.3707849681377411,0.658340334892273,-0.06746620684862137,0.3414308726787567,0.5488433837890625,-0.03242941573262215,0.3544011116027832,0.5758559107780457,-0.0638265386223793,0.3527248501777649,0.6449458599090576,-0.058404773473739624,0.3484788239002228,0.6744264960289001,-0.047429367899894714,0.31079521775245667,0.5634737610816956,-0.036966875195503235,0.3245856761932373,0.5857607126235962,-0.058890219777822495,0.33027851581573486,0.6384310722351074,-0.0538630485534668,0.330975204706192,0.6601174473762512,-0.04429548233747482
D,0.31686538457870483,0.6939330101013184,9.188914162905348e-08,0.3550723195075989,0.6904642581939697,-0.026574932038784027,0.3935580253601074,0.6515687108039856,-0.04346388578414917,0.3836713433265686,0.5948396325111389,-0.05911817029118538,0.35901427268981934,0.5554713010787964,-0.0748327448964119,0.3919672667980194,0.5199406743049622,-0.029371682554483414,0.4185696244239807,0.4354705214500427,-0.050915513187646866,0.436737060546875,0.3835532069206238,-0.06400536000728607,0.4487088620662689,0.33936238288879395,-0.07291051000356674,0.3582059144973755,0.5114886164665222,-0.028819652274250984,0.3682672381401062,0.4911935031414032,-0.0653386116027832,0.35944896936416626,0.5641075372695923,-0.07525843381881714,0.350716769695282,0.6047961711883545,-0.07408367097377777,0.3274605870246887,0.5155391693115234,-0.03040774166584015,0.33295392990112305,0.5011200904846191,-0.06724327057600021,0.33167654275894165,0.5785608291625977,-0.06265141814947128,0.3287346065044403,0.6193798780441284,-0.050262920558452606,0.2962122857570648,0.5275037884712219,-0.033715177327394485,0.3043994605541229,0.5124272704124451,-0.060230378061532974,0.30902767181396484,0.5715128779411316,-0.05497872084379196,0.30945339798927307,0.6050571203231812,-0.04425661638379097
D,0.27894461154937744,0.7078431248664856,1.032699401548598e-07,0.31832730770111084,0.7004841566085815,-0.0219582486897707,0.3548763692378998,0.6580057144165039,-0.03596244379878044,0.3470703065395355,0.6043248772621155,-0.049858056008815765,0.322835236787796,0.5716317296028137,-0.06423992663621902,0.3479920029640198,0.534052312374115,-0.02408462017774582,0.37123972177505493,0.44895675778388977,-0.04432567209005356,0.3880416452884674,0.39895838499069214,-0.05712277814745903,0.4002148509025574,0.355383038520813,-0.06575769931077957,0.31629806756973267,0.5275404453277588,-0.02531464211642742,0.3290298283100128,0.5015363693237305,-0.05967428535223007,0.3230421543121338,0.5695423483848572,-0.06993178278207779,0.3149208724498749,0.6130908131599426,-0.06940481811761856,0.2872775197029114,0.5321353673934937,-0.028347766026854515,0.2958223819732666,0.5148863792419434,-0.062156714498996735,0.2951774001121521,0.5885828137397766,-0.057570625096559525,0.29143431782722473,0.63172447681427,-0.045558374375104904,0.2572956085205078,0.544215977191925,-0.03288831561803818,0.26686710119247437,0.5251953601837158,-0.055078282952308655,0.2728698253631592,0.5790039300918579,-0.048408038914203644,0.2737720310688019,0.6131210327148438,-0.03743681684136391
D,0.28994616866111755,0.8848599791526794,3.515950908195009e-08,0.3200281858444214,0.8793830275535583,-0.009964450262486935,0.36451295018196106,0.9073266983032227,-0.025084860622882843,0.39721354842185974,0.9480129480361938,-0.03644565865397453,0.4197399318218231,0.9895568490028381,-0.04745881259441376,0.3542425334453583,0.8822389841079712,-0.0611577108502388,0.4071959853172302,0.9556891918182373,-0.07830982655286789,0.4205392599105835,0.9958300590515137,-0.0778999924659729,0.4227810502052307,1.0205395221710205,-0.07448267191648483,0.33287060260772705,0.9040576815605164,-0.06306172162294388,0.3850615322589874,1.0037710666656494,-0.07850158214569092,0.39057275652885437,1.0324411392211914,-0.07154495269060135,0.3852105438709259,1.041292667388916,-0.06516659259796143,0.31078457832336426,0.9276005029678345,-0.06271839886903763,0.3612101078033447,1.0251293182373047,-0.0767381340265274,0.3646567463874817,1.0421584844589233,-0.06398294866085052,0.35798734426498413,1.042893886566162,-0.05291165038943291,0.29318559169769287,0.9525245428085327,-0.06176699325442314,0.3361368477344513,1.0270462036132812,-0.07205993682146072,0.34097713232040405,1.0459518432617188,-0.06302665919065475,0.3363713026046753,1.05034339427948,-0.05440856143832207
D,0.2700739800930023,0.7616772651672363,8.931515793619837e-08,0.31077873706817627,0.7518765926361084,-0.027073480188846588,0.35001957416534424,0.7148988246917725,-0.046105384826660156,0.34423306584358215,0.6594563722610474,-0.06406410038471222,0.32203254103660583,0.6187685132026672,-0.08168768137693405,0.3418238162994385,0.5733989477157593,-0.032124072313308716,0.3695780336856842,0.4920575022697449,-0.05619387328624725,0.38814571499824524,0.43741142749786377,-0.07025905698537827,0.40120258927345276,0.3920350670814514,-0.07914270460605621,0.30730441212654114,0.5598191618919373,-0.03165879100561142,0.326031357049942,0.5549049973487854,-0.06936287879943848,0.31680816411972046,0.6303563714027405,-0.07889678329229355,0.30574506521224976,0.6696701645851135,-0.07722150534391403,0.2767210900783539,0.5643614530563354,-0.03326048329472542,0.2920333445072174,0.5711876153945923,-0.07075931131839752,0.28929999470710754,0.6463762521743774,-0.06506030261516571,0.28374892473220825,0.6830053329467773,-0.051587820053100586,0.24606463313102722,0.5790995955467224,-0.03670332580804825,0.261197030544281,0.5715518593788147,-0.06179380789399147,0.2675422728061676,0.6274433135986328,-0.05455443263053894,0.2674097418785095,0.6582710146903992,-0.042174648493528366
D,0.2608494758605957,0.7210375070571899,7.081817443577165e-08,0.3001512587070465,0.711793065071106,-0.024557920172810555,0.33690375089645386,0.6760890483856201,-0.04175946116447449,0.3325866758823395,0.6228945255279541,-0.05782491713762283,0.3147733211517334,0.5820741653442383,-0.07344568520784378,0.3295227289199829,0.5406837463378906,-0.029653280973434448,0.3553994297981262,0.46792852878570557,-0.051933541893959045,0.3726012110710144,0.4171992838382721,-0.06519400328397751,0.384761244058609,0.3755095601081848,-0.07363670319318771,0.2969875931739807,0.5248859524726868,-0.0291953943669796,0.31529340147972107,0.5328572392463684,-0.06376820057630539,0.30687838792800903,0.604916512966156,-0.07215731590986252,0.29654622077941895,0.6435726881027222,-0.07045769691467285,0.26800432801246643,0.5293394327163696,-0.030693262815475464,0.28487059473991394,0.5479496121406555,-0.06500789523124695,0.2809235453605652,0.6174835562705994,-0.059707850217819214,0.27509233355522156,0.6508042216300964,-0.04748089611530304,0.23953035473823547,0.5441677570343018,-0.033897269517183304,0.256533682346344,0.5487706661224365,-0.0570804625749588,0.26047515869140625,0.6023247838020325,-0.050880420953035355,0.25908347964286804,0.6291813254356384,-0.03982895240187645
D,0.25323769450187683,0.7048438191413879,4.124426311591378e-08,0.2905556559562683,0.6945256590843201,-0.02177661471068859,0.3252978026866913,0.654894232749939,-0.035889074206352234,0.31955328583717346,0.6023063659667969,-0.0492531843483448,0.3034244179725647,0.5626339316368103,-0.06237606704235077,0.316409707069397,0.529685378074646,-0.02441415563225746,0.33982765674591064,0.45295506715774536,-0.04375576600432396,0.356221467256546,0.40328341722488403,-0.05527019128203392,0.3678714334964752,0.3617621064186096,-0.06270409375429153,0.2855183780193329,0.5181545615196228,-0.024076176807284355,0.3005030155181885,0.5172041058540344,-0.05559684708714485,0.2928500771522522,0.5875868201255798,-0.0629754364490509,0.2837330400943756,0.6251711845397949,-0.06096569076180458,0.2582213878631592,0.5239329934120178,-0.025527041405439377,0.2715683877468109,0.5307692885398865,-0.05725070834159851,0.2686249613761902,0.599551796913147,-0.051529642194509506,0.2641315460205078,0.632074236869812,-0.039433304220438004,0.2312944531440735,0.5388436317443848,-0.02842840738594532,0.24589255452156067,0.5306796431541443,-0.04987923428416252,0.25015729665756226,0.5827011466026306,-0.043098077178001404,0.24936218559741974,0.6100274920463562,-0.03196021914482117
D,0.24134862422943115,0.7153850793838501,6.196946600312003e-08,0.2784730792045593,0.7025666832923889,-0.02244310826063156,0.31284278631210327,0.6626183986663818,-0.03767675533890724,0.3038453459739685,0.611616313457489,-0.05206853896379471,0.2816592752933502,0.5773035883903503,-0.06642097234725952,0.2998032569885254,0.5333476066589355,-0.027062183246016502,0.32090064883232117,0.45201972126960754,-0.047378864139318466,0.33668428659439087,0.3979504108428955,-0.06016738712787628,0.34808000922203064,0.3531254827976227,-0.06857749819755554,0.26782840490341187,0.5232866406440735,-0.027032973244786263,0.2825123369693756,0.5245316624641418,-0.059678953140974045,0.27766701579093933,0.5945644974708557,-0.06815430521965027,0.27005741000175476,0.6372112035751343,-0.06680875271558762,0.23986291885375977,0.5314633846282959,-0.028690462931990623,0.25226303935050964,0.5416609048843384,-0.06046570464968681,0.25337135791778564,0.6099812388420105,-0.05564343184232712,0.25163841247558594,0.6478580832481384,-0.044179514050483704,0.21302497386932373,0.549372673034668,-0.03201784938573837,0.22503754496574402,0.5493690371513367,-0.054078713059425354,0.23258328437805176,0.6009278297424316,-0.04846978560090065,0.2348950207233429,0.631458580493927,-0.037953633815050125
D,0.19683833420276642,0.6952539682388306,7.849028094142341e-08,0.22803255915641785,0.6651303768157959,-0.02473546378314495,0.2490720897912979,0.6066479086875916,-0.03873845562338829,0.22429272532463074,0.5630133152008057,-0.051726363599300385,0.1954684555530548,0.5367591381072998,-0.0643799677491188,0.23302309215068817,0.49616849422454834,-0.022892361506819725,0.24266615509986877,0.40520671010017395,-0.04259086400270462,0.24983155727386475,0.35018491744995117,-0.054519712924957275,0.25401192903518677,0.30350303649902344,-0.062203988432884216,0.2027713656425476,0.5034282207489014,-0.022059481590986252,0.2014317363500595,0.4785800874233246,-0.0559983104467392,0.20574095845222473,0.547792911529541,-0.0655926913022995,0.20917269587516785,0.5933555960655212,-0.06376577913761139,0.17692440748214722,0.5203043818473816,-0.023661600425839424,0.1747649908065796,0.5095967650413513,-0.05777682736515999,0.18468603491783142,0.579524040222168,-0.05431563779711723,0.19091397523880005,0.6181938052177429,-0.042297981679439545,0.15256564319133759,0.5454180240631104,-0.026951072737574577,0.15105730295181274,0.5227176547050476,-0.049757733941078186,0.16209885478019714,0.5731448531150818,-0.043833281844854355,0.16978099942207336,0.6050523519515991,-0.03267499431967735
D,0.17403610050678253,0.6817345023155212,6.622322956673088e-08,0.19962753355503082,0.6412328481674194,-0.02792382426559925,0.2125718593597412,0.5801301002502441,-0.042065512388944626,0.18500655889511108,0.5406891703605652,-0.05389786884188652,0.1578124612569809,0.5199530124664307,-0.06499484181404114,0.1960391253232956,0.4800843298435211,-0.025245754048228264,0.19919170439243317,0.388462632894516,-0.0443502739071846,0.202286958694458,0.3325119614601135,-0.05560297891497612,0.20238426327705383,0.2861257791519165,-0.06271190941333771,0.16874374449253082,0.49709153175354004,-0.022432290017604828,0.16227054595947266,0.45780906081199646,-0.05475997179746628,0.171360045671463,0.5205531716346741,-0.06402239203453064,0.17737683653831482,0.5659817457199097,-0.06227334588766098,0.14563004672527313,0.5202493071556091,-0.02231377176940441,0.13867810368537903,0.49694928526878357,-0.05669309198856354,0.15455371141433716,0.5615776777267456,-0.05470839515328407,0.1632145792245865,0.6004707217216492,-0.04339916259050369,0.12450030446052551,0.5495207905769348,-0.023967498913407326,0.11924460530281067,0.5136097073554993,-0.04754176735877991,0.1333877444267273,0.5586046576499939,-0.042732756584882736,0.14072711765766144,0.5929877161979675,-0.03250010311603546
D,0.2125522643327713,0.7099101543426514,5.727138230327e-08,0.2458222657442093,0.6803839802742004,-0.023587532341480255,0.27109768986701965,0.6196179389953613,-0.037482935935258865,0.24934881925582886,0.5752872228622437,-0.05029608681797981,0.22086508572101593,0.5527560710906982,-0.06321115791797638,0.24800032377243042,0.5128666758537292,-0.026152033358812332,0.25605982542037964,0.4141518473625183,-0.04594797268509865,0.26385417580604553,0.3553900718688965,-0.05786241963505745,0.2676808536052704,0.3055638074874878,-0.0656789019703865,0.21807198226451874,0.5253685116767883,-0.025921158492565155,0.22348445653915405,0.49427419900894165,-0.05905569717288017,0.227810800075531,0.5636372566223145,-0.06749896705150604,0.22763022780418396,0.6060340404510498,-0.06574469804763794,0.19266793131828308,0.5448053479194641,-0.027695417404174805,0.19471320509910583,0.523180365562439,-0.060847487300634384,0.20533373951911926,0.5936424732208252,-0.05541191250085831,0.2095741480588913,0.6302456855773926,-0.042934566736221313,0.16756519675254822,0.5697959065437317,-0.031021956354379654,0.16990961134433746,0.539234459400177,-0.052654098719358444,0.18252971768379211,0.5892684459686279,-0.04487643018364906,0.18857663869857788,0.6197947263717651,-0.033156704157590866
D,0.2413102686405182,0.7313439249992371,9.112504528729914e-08,0.278845876455307,0.7111754417419434,-0.02017802558839321,0.3129007816314697,0.6620112657546997,-0.03521145135164261,0.30394649505615234,0.6157501339912415,-0.04990694671869278,0.2783035337924957,0.5923806428909302,-0.06474743038415909,0.288149893283844,0.5452300906181335,-0.027504341676831245,0.3030877709388733,0.4496365785598755,-0.049352776259183884,0.31572598218917847,0.39078718423843384,-0.061651308089494705,0.3239879012107849,0.3424103260040283,-0.06958513706922531,0.25587040185928345,0.5489151477813721,-0.029698247089982033,0.2743856906890869,0.5229843258857727,-0.06540852040052414,0.27520498633384705,0.5967604517936707,-0.07393933087587357,0.26898300647735596,0.6383084058761597,-0.07208576798439026,0.22854071855545044,0.5646136999130249,-0.03329252079129219,0.24484534561634064,0.5592290759086609,-0.06786887347698212,0.2500664293766022,0.6292070150375366,-0.06148003041744232,0.24768397212028503,0.6613299250602722,-0.04851764813065529,0.20208238065242767,0.5866367220878601,-0.0380476638674736,0.21686379611492157,0.5742197036743164,-0.05969206988811493,0.2280135452747345,0.6254733800888062,-0.051214005798101425,0.22925280034542084,0.6503444910049438,-0.03924272954463959
D,0.28404057025909424,0.7764665484428406,1.41394608021983e-07,0.32308143377304077,0.7576433420181274,-0.02200242131948471,0.35709747672080994,0.7244976162910461,-0.04346897825598717,0.36844968795776367,0.6852514743804932,-0.06574977189302444,0.3475976884365082,0.6673116683959961,-0.08788243681192398,0.3384646773338318,0.5736237168312073,-0.033147864043712616,0.364360511302948,0.5016098022460938,-0.05926291272044182,0.3827461898326874,0.4478611350059509,-0.0742998719215393,0.396748811006546,0.40410730242729187,-0.08390940725803375,0.30351296067237854,0.5638477206230164,-0.037206970155239105,0.33490702509880066,0.5929461717605591,-0.07298155128955841,0.3310984671115875,0.6698794364929199,-0.08064751327037811,0.32220369577407837,0.7020028829574585,-0.07903146743774414,0.2732760012149811,0.5805113911628723,-0.04317028075456619,0.3072816729545593,0.6285180449485779,-0.07591753453016281,0.3040894865989685,0.6905232071876526,-0.07036018371582031,0.2955056130886078,0.7090440988540649,-0.059493307024240494,0.2469158172607422,0.609803318977356,-0.05129872262477875,0.2764483690261841,0.641941487789154,-0.07080762088298798,0.2829325497150421,0.6883793473243713,-0.06428274512290955,0.28000199794769287,0.7040480971336365,-0.05446011200547218
D,0.35017165541648865,0.8017992377281189,1.1999469506918103e-07,0.39712774753570557,0.7776134610176086,-0.014529959298670292,0.4358184039592743,0.7405655384063721,-0.034669194370508194,0.4534137547016144,0.7023807764053345,-0.057793982326984406,0.43707674741744995,0.6772076487541199,-0.08124984055757523,0.41319650411605835,0.5762065649032593,-0.02597416378557682,0.44860199093818665,0.5091913342475891,-0.053674373775720596,0.47462016344070435,0.46066927909851074,-0.07124190032482147,0.49449366331100464,0.4195019006729126,-0.0822955071926117,0.379923552274704,0.5653071403503418,-0.03465031087398529,0.4310765862464905,0.6083793640136719,-0.06983668357133865,0.4239375591278076,0.6851900219917297,-0.07756932824850082,0.40704140067100525,0.7092411518096924,-0.07647097855806351,0.3517341613769531,0.5835942029953003,-0.04505474492907524,0.4042729139328003,0.6372097134590149,-0.07840573787689209,0.39718297123908997,0.7044880986213684,-0.07222791761159897,0.3827112913131714,0.7206144332885742,-0.06096044182777405,0.3285536468029022,0.6174749135971069,-0.05698304623365402,0.37086963653564453,0.6542189121246338,-0.07625780254602432,0.3734144866466522,0.7032472491264343,-0.06784379482269287,0.3652610778808594,0.7191744446754456,-0.056702207773923874
D,0.35732442140579224,0.8092046976089478,7.815680191924912e-08,0.4067826569080353,0.7799376249313354,-0.009856391698122025,0.4452802240848541,0.7420958280563354,-0.0270644910633564,0.4657330811023712,0.7061147689819336,-0.04796138033270836,0.4561924934387207,0.6733165979385376,-0.06926888972520828,0.4218575060367584,0.5719559192657471,-0.022355936467647552,0.45984214544296265,0.5081455111503601,-0.04822570085525513,0.4868480861186981,0.4620242118835449,-0.06553635746240616,0.5081665515899658,0.4193882942199707,-0.07691066712141037,0.390519380569458,0.5635565519332886,-0.032684508711099625,0.44750553369522095,0.6200944185256958,-0.06544582545757294,0.43982836604118347,0.6907954216003418,-0.0740106925368309,0.421164870262146,0.7112945318222046,-0.07479466497898102,0.36516064405441284,0.5859154462814331,-0.04414261505007744,0.42306897044181824,0.6535171866416931,-0.07548807561397552,0.41248586773872375,0.7165200114250183,-0.07063798606395721,0.3950631320476532,0.730840802192688,-0.06120181828737259,0.34508663415908813,0.6238765716552734,-0.056790053844451904,0.39270517230033875,0.6702576875686646,-0.07546777278184891,0.39215877652168274,0.7182025909423828,-0.06823644042015076,0.3811909258365631,0.7332066893577576,-0.05825924128293991
D,0.3780878186225891,0.8170267343521118,7.17222690127528e-08,0.42646196484565735,0.7864280343055725,-0.009261316619813442,0.4634469747543335,0.7475404739379883,-0.025906942784786224,0.48206645250320435,0.7113614678382874,-0.045751556754112244,0.48372942209243774,0.6730019450187683,-0.065409354865551,0.44039323925971985,0.5843789577484131,-0.022304080426692963,0.4780920147895813,0.5319010615348816,-0.04869263991713524,0.505266010761261,0.491590291261673,-0.06642396748065948,0.5280071496963501,0.4558068513870239,-0.0782766044139862,0.4096585214138031,0.5726318359375,-0.032693952322006226,0.47046464681625366,0.6385452747344971,-0.06445784866809845,0.46041786670684814,0.704804539680481,-0.07206390798091888,0.4405776858329773,0.7203331589698792,-0.07308889925479889,0.3850204348564148,0.5969634652137756,-0.044544611126184464,0.44418787956237793,0.6749575734138489,-0.07455760985612869,0.4317275583744049,0.731842041015625,-0.0696478858590126,0.41428399085998535,0.7408418655395508,-0.06154872849583626,0.36573705077171326,0.6393281817436218,-0.05767681449651718,0.413061261177063,0.6950218677520752,-0.07662812620401382,0.4127311110496521,0.7373322248458862,-0.0707300454378128,0.4032188951969147,0.7466563582420349,-0.06238481029868126
D,0.3742261528968811,0.8098817467689514,1.1700119273427845e-07,0.4206971824169159,0.7838518023490906,-0.01314218807965517,0.4575963318347931,0.7530043125152588,-0.032971806824207306,0.477289617061615,0.7222335338592529,-0.055570416152477264,0.4703242778778076,0.6929095983505249,-0.07823429256677628,0.43523305654525757,0.584924042224884,-0.027160540223121643,0.47210246324539185,0.5288729071617126,-0.0538826622068882,0.49949589371681213,0.48846983909606934,-0.07149184495210648,0.5219378471374512,0.4526313245296478,-0.08287514001131058,0.40388253331184387,0.5733217597007751,-0.036281902343034744,0.4593981206417084,0.6333922147750854,-0.06762930750846863,0.4510253667831421,0.7042580842971802,-0.07455115020275116,0.4334159195423126,0.7233365178108215,-0.07485198974609375,0.3781844675540924,0.5953728556632996,-0.04696780815720558,0.4334565997123718,0.6645117402076721,-0.07610327750444412,0.42411041259765625,0.7245877385139465,-0.0698494017124176,0.40857139229774475,0.7379304766654968,-0.06062496453523636,0.3574061095714569,0.6352528929710388,-0.059334855526685715,0.4015718400478363,0.6782950758934021,-0.07674442231655121,0.4042831361293793,0.7235238552093506,-0.06892527639865875,0.3970892131328583,0.739169716835022,-0.059131789952516556
D,0.3304574191570282,0.7822661995887756,1.2660275672260468e-07,0.3722001314163208,0.7580857276916504,-0.0190790593624115,0.40895456075668335,0.7182313203811646,-0.039833664894104004,0.42293643951416016,0.6746708750724792,-0.0620741993188858,0.40204644203186035,0.652768075466156,-0.08471689373254776,0.38179945945739746,0.565955400466919,-0.03225963935256004,0.41189321875572205,0.49326249957084656,-0.05927063897252083,0.43424707651138306,0.4397812485694885,-0.07584544271230698,0.4516594409942627,0.3950280547142029,-0.08611256629228592,0.3471735715866089,0.555807888507843,-0.037473466247320175,0.3887874484062195,0.5909392833709717,-0.07154077291488647,0.3834681510925293,0.6689459681510925,-0.0787714421749115,0.3704860210418701,0.6972094774246216,-0.07780242711305618,0.3178691267967224,0.5729748010635376,-0.04432446137070656,0.36211517453193665,0.6185251474380493,-0.07618416100740433,0.35645943880081177,0.6836000680923462,-0.0695129930973053,0.34473106265068054,0.7034571170806885,-0.058477312326431274,0.2918544113636017,0.6042301058769226,-0.05311102047562599,0.32978469133377075,0.6285685896873474,-0.07207079976797104,0.3352328836917877,0.6800519227981567,-0.0637989267706871,0.33055534958839417,0.7032729387283325,-0.05288456007838249
D,0.30627137422561646,0.7645138502120972,1.1799734522810468e-07,0.34562981128692627,0.7447595000267029,-0.022221896797418594,0.38059526681900024,0.7040944695472717,-0.043135739862918854,0.38853028416633606,0.6573512554168701,-0.06457021832466125,0.36622312664985657,0.6342509984970093,-0.08588706701993942,0.3579743206501007,0.5491121411323547,-0.03392680734395981,0.38351643085479736,0.47119367122650146,-0.05970320105552673,0.4010980427265167,0.4144178032875061,-0.07484588772058487,0.4143083095550537,0.36729973554611206,-0.08455974608659744,0.3221372067928314,0.53989577293396,-0.03744444623589516,0.35524165630340576,0.5685796737670898,-0.0726981982588768,0.35175222158432007,0.6478715538978577,-0.08037610352039337,0.342213898897171,0.6819521188735962,-0.07898809760808945,0.29162392020225525,0.5573855042457581,-0.04267750680446625,0.3281077444553375,0.602079451084137,-0.07481695711612701,0.3246963620185852,0.6672295331954956,-0.06845850497484207,0.31571558117866516,0.6887328028678894,-0.05719480663537979,0.26465633511543274,0.5872955322265625,-0.050080589950084686,0.29683583974838257,0.6152991652488708,-0.0690087154507637,0.30247852206230164,0.6634366512298584,-0.061581119894981384,0.2988748550415039,0.6820962429046631,-0.05103711038827896
D,0.2764318585395813,0.7359695434570312,9.602478456827157e-08,0.3156835436820984,0.7163803577423096,-0.024487247690558434,0.3521111011505127,0.6716488599777222,-0.04263162240386009,0.35006654262542725,0.6214432716369629,-0.059885721653699875,0.32809126377105713,0.5884273648262024,-0.07668205350637436,0.3269018530845642,0.5266158580780029,-0.03221786767244339,0.34586647152900696,0.44277223944664,-0.05595112219452858,0.3585296869277954,0.38459378480911255,-0.06984163820743561,0.368125855922699,0.33763182163238525,-0.07848759740591049,0.2917863726615906,0.5193809866905212,-0.03258887305855751,0.3147074282169342,0.530205488204956,-0.0684691071510315,0.3137092888355255,0.6066367626190186,-0.07669126242399216,0.30799514055252075,0.6520238518714905,-0.07462066411972046,0.2614709734916687,0.5343767404556274,-0.034918904304504395,0.28539907932281494,0.5597410202026367,-0.06861130893230438,0.2882109582424164,0.6284887790679932,-0.06287676095962524,0.2860104441642761,0.6641227602958679,-0.05060053616762161,0.23331838846206665,0.5607181191444397,-0.0392804816365242,0.255229651927948,0.5760486721992493,-0.060975003987550735,0.26496684551239014,0.6262688040733337,-0.055003147572278976,0.26661261916160583,0.6507356762886047,-0.04433467984199524
D,0.2675732970237732,0.7550902962684631,9.60409352046554e-08,0.3056148290634155,0.736111581325531,-0.02321336418390274,0.34319937229156494,0.6928136348724365,-0.04269489273428917,0.33812612295150757,0.6511155366897583,-0.06168295443058014,0.3137114644050598,0.626313328742981,-0.0805056169629097,0.31652307510375977,0.5441656112670898,-0.03390602767467499,0.33209314942359924,0.4556911885738373,-0.059190813452005386,0.34492212533950806,0.3954233229160309,-0.07382255792617798,0.35388559103012085,0.34819871187210083,-0.08337941020727158,0.2796619236469269,0.5401061177253723,-0.03624260425567627,0.30135872960090637,0.5545427203178406,-0.07320389896631241,0.30121049284935,0.6343040466308594,-0.0816008597612381,0.2945326864719391,0.6694355010986328,-0.08018908649682999,0.24875569343566895,0.5588133931159973,-0.04037679359316826,0.2716693580150604,0.5914295315742493,-0.07554469257593155,0.27562272548675537,0.6598498225212097,-0.06954367458820343,0.2719312012195587,0.6817603707313538,-0.057887617498636246,0.22043836116790771,0.5881425738334656,-0.04633475840091705,0.24173516035079956,0.612688422203064,-0.06891758739948273,0.25185659527778625,0.6652035713195801,-0.06203455477952957,0.251850962638855,0.6804371476173401,-0.051348865032196045
D,0.2636433243751526,0.7842388153076172,1.0878430600769207e-07,0.30314189195632935,0.764245331287384,-0.02401692606508732,0.3408720791339874,0.7200371026992798,-0.04474223032593727,0.33609503507614136,0.6811953783035278,-0.06479600816965103,0.3086889684200287,0.6626143455505371,-0.0846567302942276,0.31027305126190186,0.5649582147598267,-0.038774121552705765,0.3277580738067627,0.47833847999572754,-0.06502498686313629,0.3404982388019562,0.4172375202178955,-0.08088399469852448,0.3493204712867737,0.367398202419281,-0.09161386638879776,0.26948851346969604,0.5551367402076721,-0.041118327528238297,0.2938750088214874,0.5881364941596985,-0.07743267714977264,0.2959591746330261,0.6659194827079773,-0.0865265354514122,0.29034581780433655,0.700324296951294,-0.08641954511404037,0.23531338572502136,0.5749614238739014,-0.04499710351228714,0.26331332325935364,0.6307345032691956,-0.07816855609416962,0.2686523199081421,0.696173369884491,-0.07330535352230072,0.2657245993614197,0.714806318283081,-0.06343133747577667,0.20541983842849731,0.6080483794212341,-0.051064953207969666,0.22960659861564636,0.6467379331588745,-0.07234682142734528,0.24271661043167114,0.6959975957870483,-0.06671126931905746,0.24581333994865417,0.7092992067337036,-0.05727558955550194
D,0.24968063831329346,0.8122010827064514,1.6318783480073762e-07,0.29125410318374634,0.789283812046051,-0.0294457096606493,0.328430712223053,0.740295946598053,-0.053584467619657516,0.3164253234863281,0.7044996023178101,-0.07614683359861374,0.28355470299720764,0.6924147009849548,-0.0986318290233612,0.29231664538383484,0.5884113311767578,-0.04550708085298538,0.3068951666355133,0.5020413398742676,-0.07548190653324127,0.3181914687156677,0.4376924932003021,-0.09330765902996063,0.3259139060974121,0.3858875036239624,-0.10533765703439713,0.2489282786846161,0.5812442302703857,-0.046337682753801346,0.2724679708480835,0.6140703558921814,-0.08569031953811646,0.2776012122631073,0.6943485736846924,-0.09479296952486038,0.2735723853111267,0.7252695560455322,-0.09422480314970016,0.21426166594028473,0.6036217212677002,-0.049453310668468475,0.24298439919948578,0.6649801731109619,-0.08594317734241486,0.2519637942314148,0.7301957607269287,-0.08100838214159012,0.250471830368042,0.7429785132408142,-0.07072685658931732,0.18455566465854645,0.639305055141449,-0.05525417625904083,0.21023297309875488,0.6831768155097961,-0.07954796403646469,0.22735808789730072,0.7333868741989136,-0.07477611303329468,0.23237966001033783,0.7434967756271362,-0.06572767347097397
D,0.23504704236984253,0.8501465320587158,2.291250638108977e-07,0.2751564085483551,0.8233324289321899,-0.03475024178624153,0.3101884722709656,0.7771404981613159,-0.06445198506116867,0.29423654079437256,0.7468258142471313,-0.09150315821170807,0.26113536953926086,0.7442910671234131,-0.11748145520687103,0.26508092880249023,0.6247014403343201,-0.05519244074821472,0.27807503938674927,0.5414661765098572,-0.09237425774335861,0.2898666262626648,0.4779703915119171,-0.1135750412940979,0.2975740432739258,0.42449772357940674,-0.12726032733917236,0.22117692232131958,0.6198898553848267,-0.05565674975514412,0.24792124330997467,0.658475935459137,-0.1000218540430069,0.2577565014362335,0.7410262227058411,-0.10804805904626846,0.2532988488674164,0.7618476152420044,-0.10592393577098846,0.188407301902771,0.6458649039268494,-0.05936536192893982,0.22079215943813324,0.7228845357894897,-0.09849832206964493,0.2346426099538803,0.7832872271537781,-0.09158825129270554,0.23401959240436554,0.7817011475563049,-0.0801357701420784,0.16195687651634216,0.6865265369415283,-0.06657645106315613,0.19184744358062744,0.7560464143753052,-0.09217637777328491,0.21077939867973328,0.8007763624191284,-0.08796796202659607,0.21389010548591614,0.7960588932037354,-0.07941547781229019
D,0.22823962569236755,0.8845973014831543,2.3968220830283826e-07,0.26218387484550476,0.8591209650039673,-0.03401355817914009,0.2967221140861511,0.8157225847244263,-0.06440125405788422,0.2880709767341614,0.7919917106628418,-0.09251939505338669,0.2604793906211853,0.7945557832717896,-0.12021305412054062,0.24972981214523315,0.6543226838111877,-0.05463563650846481,0.25885435938835144,0.5845006108283997,-0.09086428582668304,0.2653700113296509,0.5234124660491943,-0.11252263933420181,0.2703760266304016,0.4726739823818207,-0.12654201686382294,0.20355169475078583,0.6526733040809631,-0.05491895601153374,0.22890505194664001,0.7140522003173828,-0.09521743655204773,0.24112246930599213,0.789330244064331,-0.10199848562479019,0.24111399054527283,0.8035547733306885,-0.09974966198205948,0.1702018678188324,0.6864542961120605,-0.058298733085393906,0.2029193788766861,0.7858735918998718,-0.09247293323278427,0.22010135650634766,0.8376545906066895,-0.08371155709028244,0.22422930598258972,0.8326130509376526,-0.07184743881225586,0.1451805830001831,0.7351865172386169,-0.06564637273550034,0.17106929421424866,0.8164553642272949,-0.08842261135578156,0.1936030089855194,0.858330488204956,-0.08259882777929306,0.20250137150287628,0.8534306287765503,-0.07268684357404709
D,0.24511612951755524,0.822403609752655,2.1341980982469977e-07,0.2865462601184845,0.8002740740776062,-0.035381294786930084,0.3230763077735901,0.7569789290428162,-0.06445461511611938,0.3104552924633026,0.7216553092002869,-0.09051313251256943,0.2785830795764923,0.7091289162635803,-0.1160876676440239,0.28396159410476685,0.6028722524642944,-0.0568920373916626,0.29658472537994385,0.521937370300293,-0.09183675795793533,0.30596423149108887,0.455685019493103,-0.11304733902215958,0.31261613965034485,0.40186986327171326,-0.1273377686738968,0.23878377676010132,0.591485321521759,-0.05595683678984642,0.26235294342041016,0.6407113671302795,-0.09689777344465256,0.2681947350502014,0.7233401536941528,-0.104214608669281,0.2655911445617676,0.7496693730354309,-0.10305176675319672,0.20367221534252167,0.6139235496520996,-0.05798238515853882,0.2331029772758484,0.692708432674408,-0.09444813430309296,0.24391457438468933,0.7539722919464111,-0.08665331453084946,0.24516406655311584,0.7622725963592529,-0.0756022036075592,0.17451296746730804,0.6528198719024658,-0.06366021186113358,0.19974936544895172,0.7130852341651917,-0.08944761753082275,0.219339981675148,0.7622799873352051,-0.08473402261734009,0.22789010405540466,0.769419252872467,-0.07583829760551453
D,0.25398293137550354,0.7878409624099731,1.4679795867778012e-07,0.2933095097541809,0.7624080777168274,-0.026798855513334274,0.328931599855423,0.7178041338920593,-0.04911640286445618,0.32119664549827576,0.6821262836456299,-0.07025045156478882,0.29637327790260315,0.6637551784515381,-0.09094846993684769,0.2986210882663727,0.5653573274612427,-0.041728440672159195,0.3134588301181793,0.4792085886001587,-0.0705532431602478,0.3251211643218994,0.41509443521499634,-0.08808088302612305,0.3326978385448456,0.3653565049171448,-0.09965769946575165,0.25620996952056885,0.5571134090423584,-0.04308616369962692,0.2783222794532776,0.5859177708625793,-0.0826021358370781,0.2830701172351837,0.6660136580467224,-0.09164835512638092,0.280192494392395,0.7070791125297546,-0.09032867103815079,0.22144658863544464,0.5774762034416199,-0.04658916965126991,0.2475360929965973,0.6337603330612183,-0.08196056634187698,0.2564428746700287,0.6988113522529602,-0.07701680809259415,0.2575483024120331,0.7215938568115234,-0.06620996445417404,0.19182522594928741,0.6120144128799438,-0.052638184279203415,0.21565410494804382,0.6562103033065796,-0.07635729759931564,0.23136986792087555,0.7059314846992493,-0.07226896286010742,0.23778700828552246,0.7195406556129456,-0.06321687996387482
D,0.26047733426094055,0.7736061811447144,1.2904794743917591e-07,0.29907259345054626,0.7519502639770508,-0.025776000693440437,0.3355312943458557,0.7090591192245483,-0.04773789271712303,0.33123260736465454,0.6710777878761292,-0.06894799321889877,0.3082628548145294,0.6479185819625854,-0.08980434387922287,0.30652767419815063,0.5528395175933838,-0.03918680548667908,0.3218960165977478,0.46927738189697266,-0.06690457463264465,0.333981454372406,0.4063302278518677,-0.08380699902772903,0.34217432141304016,0.35729578137397766,-0.09498965740203857,0.2656990587711334,0.5456523895263672,-0.04089556634426117,0.28882622718811035,0.5789103507995605,-0.07813958823680878,0.29218384623527527,0.6567621827125549,-0.08666243404150009,0.2878497540950775,0.6904730796813965,-0.08579272776842117,0.23209458589553833,0.5665162205696106,-0.0446610152721405,0.2579609453678131,0.6206299066543579,-0.07924947142601013,0.26606470346450806,0.6853395700454712,-0.07372263818979263,0.26557549834251404,0.7058801054954529,-0.06295760720968246,0.2033461034297943,0.6009499430656433,-0.050832055509090424,0.22687655687332153,0.6405839920043945,-0.07426934689283371,0.24238891899585724,0.6915222406387329,-0.06895225495100021,0.24767035245895386,0.7071788907051086,-0.05914556607604027
D,0.26547062397003174,0.7617930769920349,1.1663918542126339e-07,0.3043471574783325,0.7411014437675476,-0.02475479431450367,0.339449942111969,0.7027544975280762,-0.04633880779147148,0.3372661769390106,0.6627047657966614,-0.06739242374897003,0.3133668899536133,0.6367734670639038,-0.08807340264320374,0.3137900233268738,0.544662594795227,-0.0361352413892746,0.3308022916316986,0.46181511878967285,-0.0630597397685051,0.34413421154022217,0.4010158181190491,-0.07975120097398758,0.3537628650665283,0.3532749116420746,-0.09060855954885483,0.27622970938682556,0.5403490662574768,-0.038352157920598984,0.2999677062034607,0.5604577660560608,-0.07710152119398117,0.30131733417510986,0.6405021548271179,-0.08673335611820221,0.2957783341407776,0.6835047006607056,-0.08574166148900986,0.2447570562362671,0.5607252717018127,-0.04250330477952957,0.2696860730648041,0.5968248248100281,-0.07779791206121445,0.275077760219574,0.6642658114433289,-0.07212188094854355,0.2728397846221924,0.6928186416625977,-0.06031942740082741,0.2177288830280304,0.5931602120399475,-0.04881979897618294,0.240452378988266,0.6190958023071289,-0.07152163982391357,0.2514110803604126,0.6697428226470947,-0.06519501656293869,0.25269392132759094,0.6890774965286255,-0.05452743545174599
D,0.2714866101741791,0.7436982989311218,1.0424314211832097e-07,0.31076377630233765,0.7244820594787598,-0.024498600512742996,0.3464052081108093,0.6835861802101135,-0.04490819573402405,0.34587645530700684,0.6385481953620911,-0.0647321417927742,0.32421979308128357,0.6078988909721375,-0.0841304287314415,0.32113564014434814,0.5300576686859131,-0.03403926268219948,0.3388565182685852,0.4484521150588989,-0.05990680307149887,0.35217487812042236,0.38928791880607605,-0.07566391676664352,0.3621906638145447,0.3430379629135132,-0.08573532104492188,0.2850940525531769,0.5261821746826172,-0.035856135189533234,0.3114229142665863,0.539653480052948,-0.07362230867147446,0.31278476119041443,0.6199599504470825,-0.08233512192964554,0.3074719309806824,0.6654734015464783,-0.08071955293416977,0.2542760968208313,0.5449677109718323,-0.03971462696790695,0.281546413898468,0.5705534815788269,-0.07495485991239548,0.2856180965900421,0.6409168839454651,-0.0684577077627182,0.28269603848457336,0.6752013564109802,-0.055868085473775864,0.22695617377758026,0.5757003426551819,-0.04562804847955704,0.2513408064842224,0.590510368347168,-0.06907431781291962,0.26166969537734985,0.6429293751716614,-0.06251683086156845,0.2619263529777527,0.6671117544174194,-0.05144293233752251
D,0.28127390146255493,0.7247847318649292,9.567268222099301e-08,0.3187631368637085,0.7057716250419617,-0.022698361426591873,0.3537488877773285,0.6628814935684204,-0.040919914841651917,0.35340556502342224,0.6134483814239502,-0.0588962659239769,0.33025720715522766,0.5853592753410339,-0.07652214169502258,0.33007556200027466,0.5225489139556885,-0.03089270181953907,0.348670095205307,0.43914464116096497,-0.054035503417253494,0.3618466854095459,0.3835671544075012,-0.06689386069774628,0.37186142802238464,0.3386003375053406,-0.07464481890201569,0.29611077904701233,0.5159947872161865,-0.03205962851643562,0.3223048448562622,0.5253397822380066,-0.06658861041069031,0.3213578760623932,0.6003530025482178,-0.0738975778222084,0.31481829285621643,0.6421163082122803,-0.07144584506750107,0.26694563031196594,0.5293645262718201,-0.03498341143131256,0.29381653666496277,0.5528492331504822,-0.06774202734231949,0.29579958319664,0.6215695142745972,-0.0612417533993721,0.2923257052898407,0.6561063528060913,-0.048525452613830566,0.23989790678024292,0.5531871318817139,-0.03976113721728325,0.26407545804977417,0.5649553537368774,-0.05997147411108017,0.2733522653579712,0.6144660711288452,-0.05279151350259781,0.2738191783428192,0.6394491791725159,-0.041510045528411865
D,0.29084286093711853,0.7043748497962952,8.008707652606972e-08,0.3277217149734497,0.6861670613288879,-0.021662935614585876,0.3619229197502136,0.6412010788917542,-0.03776827082037926,0.3629873991012573,0.5886785984039307,-0.05403595790266991,0.3400490880012512,0.5566239953041077,-0.07002507895231247,0.33900102972984314,0.5108275413513184,-0.02542368322610855,0.3584265112876892,0.4297788441181183,-0.04657578095793724,0.37096530199050903,0.3793178200721741,-0.058351483196020126,0.38150835037231445,0.336780309677124,-0.06527869403362274,0.3083494305610657,0.5052986741065979,-0.02630515769124031,0.3340683877468109,0.5056731104850769,-0.06003321334719658,0.3314863443374634,0.5763850212097168,-0.06804922968149185,0.32434988021850586,0.6183450222015381,-0.06581223756074905,0.28098809719085693,0.5156871676445007,-0.029036693274974823,0.3084559440612793,0.5278128385543823,-0.06219668313860893,0.30838701128959656,0.5986003279685974,-0.05661127716302872,0.30346548557281494,0.6384150981903076,-0.04377893730998039,0.2542971968650818,0.5355663895606995,-0.033403150737285614,0.2797461152076721,0.5334998965263367,-0.054488521069288254,0.2876345217227936,0.5834038257598877,-0.047863032668828964,0.2863299548625946,0.6143418550491333,-0.036596283316612244
D,0.2954181134700775,0.6960631012916565,8.661391603936863e-08,0.33260849118232727,0.6771075129508972,-0.02112702652812004,0.36694440245628357,0.6321030855178833,-0.03693981096148491,0.3685578405857086,0.5764247179031372,-0.05310990661382675,0.3461732566356659,0.5404730439186096,-0.06902709603309631,0.34664955735206604,0.5079073309898376,-0.02325364202260971,0.36606651544570923,0.4277230203151703,-0.0450386218726635,0.3784085512161255,0.3765268325805664,-0.05745547637343407,0.3889392912387848,0.3326759338378906,-0.06484704464673996,0.31712016463279724,0.5048502683639526,-0.02468905784189701,0.34168070554733276,0.4917316436767578,-0.06103850528597832,0.33844009041786194,0.5658637881278992,-0.0699220821261406,0.33099469542503357,0.6118952035903931,-0.06720418483018875,0.29056456685066223,0.5152891874313354,-0.02801046147942543,0.3153916299343109,0.5137526988983154,-0.06317352503538132,0.31570059061050415,0.5861968398094177,-0.05734167993068695,0.31073829531669617,0.6282894015312195,-0.043394241482019424,0.2642115354537964,0.5340864062309265,-0.03282124921679497,0.2881230115890503,0.5216392874717712,-0.05496574938297272,0.2956053912639618,0.5718781352043152,-0.04785332456231117,0.29316940903663635,0.6039139628410339,-0.03591301292181015
D,0.287934273481369,0.7119343280792236,9.917024357264381e-08,0.3266930878162384,0.6906378269195557,-0.024690447375178337,0.3616490364074707,0.6430211663246155,-0.04226480796933174,0.3595040738582611,0.5871636867523193,-0.059206802397966385,0.3376522660255432,0.5490072965621948,-0.07540802657604218,0.33964651823043823,0.5099500417709351,-0.027654971927404404,0.3590681254863739,0.43149781227111816,-0.05160137265920639,0.37088656425476074,0.37816524505615234,-0.0647471472620964,0.3803957402706146,0.3341650366783142,-0.07235627621412277,0.3061535656452179,0.5031582117080688,-0.02787044830620289,0.3314979672431946,0.5017262101173401,-0.06594889611005783,0.3288765847682953,0.5783069133758545,-0.07463742792606354,0.32246625423431396,0.6237844228744507,-0.0713556706905365,0.277336448431015,0.5133355855941772,-0.0304612647742033,0.3045938014984131,0.5326087474822998,-0.06731821596622467,0.3041183650493622,0.6051267385482788,-0.062013544142246246,0.29952725768089294,0.64250248670578,-0.048167578876018524,0.24973174929618835,0.5338157415390015,-0.03488928824663162,0.27521494030952454,0.5405319333076477,-0.058022547513246536,0.28292250633239746,0.5929481983184814,-0.05189010500907898,0.2822026014328003,0.6197580099105835,-0.040321823209524155
D,0.2713291049003601,0.7300784587860107,1.338803912176445e-07,0.31144148111343384,0.7058645486831665,-0.02636128105223179,0.34514009952545166,0.6599574685096741,-0.0470569021999836,0.34151625633239746,0.6084023714065552,-0.06690176576375961,0.31796255707740784,0.5742120146751404,-0.08616168051958084,0.31948092579841614,0.519881546497345,-0.03410135954618454,0.3384556174278259,0.4385870695114136,-0.060633543878793716,0.35130026936531067,0.37996864318847656,-0.07598607987165451,0.3603053689002991,0.33385413885116577,-0.08553944528102875,0.2843906581401825,0.5174388289451599,-0.03506270796060562,0.3090614080429077,0.5197205543518066,-0.07522600144147873,0.3097522258758545,0.5998687148094177,-0.08451086282730103,0.3041965365409851,0.6447993516921997,-0.08235827833414078,0.2553318738937378,0.5350208878517151,-0.03826763108372688,0.28108733892440796,0.5518438816070557,-0.07695737481117249,0.2854834496974945,0.6250048279762268,-0.07062440365552902,0.2826990783214569,0.6607437133789062,-0.05685105174779892,0.2288898527622223,0.563003420829773,-0.043449483811855316,0.2523588240146637,0.5696367025375366,-0.06929082423448563,0.26280778646469116,0.6231837868690491,-0.06276685744524002,0.26305660605430603,0.6488738656044006,-0.051081981509923935
D,0.26460620760917664,0.7400774359703064,1.221330165890322e-07,0.3035397529602051,0.7172521948814392,-0.025679683312773705,0.3375001549720764,0.6703222393989563,-0.045722559094429016,0.3325541615486145,0.6202777624130249,-0.06474173069000244,0.3099890649318695,0.5860232710838318,-0.08327712118625641,0.31178370118141174,0.5293790698051453,-0.035524848848581314,0.3297595977783203,0.44490087032318115,-0.06181355193257332,0.3424755334854126,0.38554513454437256,-0.07758624106645584,0.351417601108551,0.3376874625682831,-0.08779052644968033,0.2758824825286865,0.5270053148269653,-0.03676077723503113,0.3003993034362793,0.5300938487052917,-0.07649108022451401,0.3015787601470947,0.6089071035385132,-0.08657005429267883,0.2954278588294983,0.6538118720054626,-0.0856034904718399,0.24580426514148712,0.5462291240692139,-0.03992737457156181,0.2717297673225403,0.5641213059425354,-0.07811127603054047,0.27719464898109436,0.6363319754600525,-0.0725197121500969,0.2744101583957672,0.671259343624115,-0.05984511226415634,0.21879547834396362,0.5764389634132385,-0.04497213661670685,0.2425263375043869,0.584538459777832,-0.07104309648275375,0.25487130880355835,0.6377581357955933,-0.06504537165164948,0.2562231421470642,0.6633791923522949,-0.053944800049066544
D,0.25843390822410583,0.7542142868041992,1.1503321672989841e-07,0.29738688468933105,0.7334015369415283,-0.025403795763850212,0.33198103308677673,0.6851499080657959,-0.04522658884525299,0.32172611355781555,0.6394391059875488,-0.06371404975652695,0.29693758487701416,0.6121339797973633,-0.08186044543981552,0.30415308475494385,0.5390900373458862,-0.0364743135869503,0.32092520594596863,0.4534411132335663,-0.06330589950084686,0.3333509862422943,0.3925115168094635,-0.07957512140274048,0.34196799993515015,0.3437556028366089,-0.09022718667984009,0.26608017086982727,0.5364152193069458,-0.037871986627578735,0.28942734003067017,0.5455252528190613,-0.0771484375,0.2920745015144348,0.6275240182876587,-0.08656904101371765,0.2872980833053589,0.6728583574295044,-0.08531045913696289,0.23481160402297974,0.5576667785644531,-0.04124988615512848,0.25963038206100464,0.5860830545425415,-0.07861035317182541,0.26665958762168884,0.6580761671066284,-0.07290231436491013,0.2651239335536957,0.689077615737915,-0.06063198298215866,0.2072174996137619,0.5907198786735535,-0.04652114585042,0.23017410933971405,0.6091605424880981,-0.07125994563102722,0.24276646971702576,0.6627652049064636,-0.06497316807508469,0.24453207850456238,0.6834948062896729,-0.05413496494293213
D,0.2579323351383209,0.765160858631134,1.0088609769809409e-07,0.2973003089427948,0.744067907333374,-0.02497117593884468,0.33359622955322266,0.69831383228302,-0.04499506205320358,0.3233950138092041,0.6557136178016663,-0.06382866203784943,0.29630059003829956,0.6338838934898376,-0.08255360275506973,0.30384260416030884,0.5454539060592651,-0.03733435273170471,0.3201282024383545,0.4617671072483063,-0.06379522383213043,0.3322848081588745,0.4003174901008606,-0.08028421550989151,0.34074074029922485,0.3507953882217407,-0.09123610705137253,0.26471105217933655,0.5388835668563843,-0.03879784792661667,0.2866401970386505,0.5626640915870667,-0.0762416422367096,0.28918659687042236,0.6416028738021851,-0.08554275333881378,0.2847597301006317,0.6841366291046143,-0.08469513058662415,0.23280872404575348,0.55938720703125,-0.04206152632832527,0.2571525275707245,0.6038578748703003,-0.0773383304476738,0.26429855823516846,0.6722539067268372,-0.07265684753656387,0.2639317810535431,0.7007818222045898,-0.06161648780107498,0.20533132553100586,0.5926035046577454,-0.047371815890073776,0.22789821028709412,0.6249444484710693,-0.07105587422847748,0.24053028225898743,0.6776392459869385,-0.0658249780535698,0.24411199986934662,0.6977216005325317,-0.05579372122883797
D,0.2774363160133362,0.7741813659667969,1.4549807758612587e-07,0.31730079650878906,0.7559621334075928,-0.02677641436457634,0.3513123095035553,0.7186548113822937,-0.05012787505984306,0.3584173321723938,0.6805846095085144,-0.0732332095503807,0.33778512477874756,0.6580142974853516,-0.09608974307775497,0.3285709321498871,0.5612366199493408,-0.03950301930308342,0.3479904234409332,0.48055869340896606,-0.06830433756113052,0.3628963828086853,0.4182514548301697,-0.08612935245037079,0.3740409314632416,0.3707734942436218,-0.09746025502681732,0.2904667854309082,0.5519824028015137,-0.041511841118335724,0.3149820864200592,0.5868638753890991,-0.08105055242776871,0.3166230618953705,0.6648253202438354,-0.09058505296707153,0.31289446353912354,0.70425945520401,-0.08946333825588226,0.25684595108032227,0.570332407951355,-0.045760735869407654,0.2851046919822693,0.6242300868034363,-0.08132112771272659,0.28807467222213745,0.6886024475097656,-0.0760614201426506,0.2849125266075134,0.7142891883850098,-0.0646086260676384,0.22794117033481598,0.6016588807106018,-0.052662286907434464,0.25262218713760376,0.6367371082305908,-0.07550061494112015,0.2632484436035156,0.6873266696929932,-0.06973325461149216,0.26488617062568665,0.7090162038803101,-0.059334881603717804
D,0.28910350799560547,0.7802676558494568,1.6987536355372868e-07,0.329647421836853,0.7628617286682129,-0.027411194518208504,0.3634638786315918,0.7265750765800476,-0.05159917101264,0.37246137857437134,0.6857134699821472,-0.0756523609161377,0.35071077942848206,0.6629015207290649,-0.09947119653224945,0.33938634395599365,0.5663482546806335,-0.0404401496052742,0.3626385033130646,0.48922088742256165,-0.07012613862752914,0.3798690736293793,0.4277855157852173,-0.0883253663778305,0.3932351768016815,0.38116562366485596,-0.09956809133291245,0.30168429017066956,0.5570657253265381,-0.042703770101070404,0.330427885055542,0.5913798809051514,-0.08313395828008652,0.330654114484787,0.6692982912063599,-0.09272091835737228,0.3258146345615387,0.7117800116539001,-0.09110651165246964,0.26905083656311035,0.5755789279937744,-0.04730267822742462,0.30250588059425354,0.631582498550415,-0.08251950889825821,0.3027559220790863,0.6952672004699707,-0.07705821096897125,0.2974857687950134,0.722655177116394,-0.06518810987472534,0.2411263883113861,0.6075944304466248,-0.05480514094233513,0.2692183554172516,0.6443073749542236,-0.07635167986154556,0.2783830761909485,0.6919887065887451,-0.07057967782020569,0.27924925088882446,0.7129762768745422,-0.0602259561419487
D,0.30120164155960083,0.7904497981071472,1.7699927923331416e-07,0.34179794788360596,0.7718169689178467,-0.025994693860411644,0.37552547454833984,0.7359575033187866,-0.0496685653924942,0.38599205017089844,0.6948449015617371,-0.07357991486787796,0.3653953969478607,0.6774225234985352,-0.09732206165790558,0.35313427448272705,0.5756106972694397,-0.03711765632033348,0.3799264430999756,0.5034978985786438,-0.06696203351020813,0.3993838429450989,0.4447176456451416,-0.08556990325450897,0.4147976338863373,0.39881646633148193,-0.09720764309167862,0.3166120946407318,0.5645400881767273,-0.04037247598171234,0.34963148832321167,0.5990797281265259,-0.08066565543413162,0.34864476323127747,0.6813167333602905,-0.08975102752447128,0.3423575758934021,0.7250648736953735,-0.08771706372499466,0.2848009169101715,0.5831713676452637,-0.046146079897880554,0.3214760422706604,0.6398441195487976,-0.08125155419111252,0.3192393183708191,0.705357015132904,-0.07548663765192032,0.3119054138660431,0.732327401638031,-0.06336990743875504,0.2572513222694397,0.6167709231376648,-0.054748423397541046,0.288039892911911,0.6552668809890747,-0.07547406852245331,0.2955099940299988,0.7034974098205566,-0.06928844749927521,0.2943604588508606,0.7234885692596436,-0.05891317501664162
D,0.3130713999271393,0.7958308458328247,1.4357954114530003e-07,0.35274237394332886,0.7786551117897034,-0.023758601397275925,0.3879213035106659,0.7444040179252625,-0.046576689928770065,0.39759963750839233,0.7027918100357056,-0.0697513297200203,0.37438860535621643,0.6821774244308472,-0.09292003512382507,0.36869239807128906,0.5839962959289551,-0.03649277240037918,0.3978463411331177,0.5130369663238525,-0.0645534098148346,0.4184620678424835,0.4582970142364502,-0.08210980147123337,0.43508294224739075,0.4141311049461365,-0.09309981763362885,0.33247193694114685,0.570754885673523,-0.0402550995349884,0.36568164825439453,0.6083489060401917,-0.0779830738902092,0.3616894483566284,0.6885324716567993,-0.08720684796571732,0.3529544472694397,0.7297614216804504,-0.0860825926065445,0.3005425035953522,0.587284505367279,-0.04591770097613335,0.33737120032310486,0.6460778117179871,-0.07941260933876038,0.33382853865623474,0.7124330997467041,-0.07434678077697754,0.3255334198474884,0.7401328682899475,-0.06324993818998337,0.27207404375076294,0.6193098425865173,-0.05403316393494606,0.30330926179885864,0.656353771686554,-0.07410319149494171,0.31106996536254883,0.7073292136192322,-0.06765314936637878,0.310722291469574,0.7320961952209473,-0.05722788721323013
D,0.330077201128006,0.8106755018234253,1.6370974265100813e-07,0.3737468123435974,0.7934010028839111,-0.021408846601843834,0.41077518463134766,0.7632020115852356,-0.0437668077647686,0.4259309470653534,0.7269812226295471,-0.0675581768155098,0.4055495858192444,0.7110294103622437,-0.0916765108704567,0.3962101638317108,0.6020950078964233,-0.03337787091732025,0.4297310709953308,0.5348698496818542,-0.061647623777389526,0.452762633562088,0.48347926139831543,-0.07917427271604538,0.47042232751846313,0.4400457739830017,-0.09032376110553741,0.36007577180862427,0.586097002029419,-0.03885522112250328,0.39643561840057373,0.6352434754371643,-0.0777713879942894,0.3901078701019287,0.7144741415977478,-0.08778694272041321,0.37823522090911865,0.7488713264465332,-0.08712276816368103,0.3275291919708252,0.5993689298629761,-0.046229150146245956,0.36645078659057617,0.6670055985450745,-0.08207511156797409,0.35972070693969727,0.733221173286438,-0.07829807698726654,0.34832656383514404,0.7542641162872314,-0.06765193492174149,0.2981562614440918,0.6272608637809753,-0.055734243243932724,0.33179357647895813,0.6744398474693298,-0.07723326236009598,0.3374195992946625,0.7293117642402649,-0.07108470052480698,0.33507925271987915,0.7519108653068542,-0.06072505936026573
D,0.2897535264492035,0.7751010060310364,1.8569065218798642e-07,0.3312680721282959,0.7542241811752319,-0.03125482797622681,0.3634421229362488,0.7145329117774963,-0.0577608086168766,0.3632659316062927,0.6675980687141418,-0.08350829035043716,0.3380645215511322,0.6435548663139343,-0.10877486318349838,0.3464691638946533,0.5576333999633789,-0.04280981793999672,0.36878111958503723,0.47729840874671936,-0.0739741101861,0.3848232626914978,0.4135347902774811,-0.0922483503818512,0.39592400193214417,0.36501768231391907,-0.1037001833319664,0.30782368779182434,0.5481169819831848,-0.04365255683660507,0.33227887749671936,0.577202320098877,-0.08628455549478531,0.3308752477169037,0.6589600443840027,-0.09520820528268814,0.3240920305252075,0.696605384349823,-0.09244983643293381,0.2750556468963623,0.5645660758018494,-0.04740620031952858,0.3025111258029938,0.6183907389640808,-0.0869012251496315,0.3040711581707001,0.6863234043121338,-0.08153387904167175,0.2989180088043213,0.7106731534004211,-0.06874663382768631,0.24639245867729187,0.5937280058860779,-0.05412596836686134,0.27179908752441406,0.6341001987457275,-0.07962460815906525,0.28045859932899475,0.6865325570106506,-0.07452284544706345,0.2799566388130188,0.7054309248924255,-0.06402937322854996
D,0.2706492245197296,0.7615707516670227,1.3774732110505283e-07,0.30962496995925903,0.739399254322052,-0.02837076410651207,0.3443247377872467,0.6965020895004272,-0.05073978006839752,0.33831465244293213,0.6517722010612488,-0.0719270184636116,0.3145942687988281,0.623873233795166,-0.09239060431718826,0.3229503333568573,0.5443238615989685,-0.037512850016355515,0.3405376374721527,0.4607172906398773,-0.06556364893913269,0.353577196598053,0.398053377866745,-0.08205589652061462,0.36229145526885986,0.35010814666748047,-0.09255186468362808,0.2846538722515106,0.5369933843612671,-0.038070518523454666,0.3067677617073059,0.5537968277931213,-0.0800672173500061,0.30629196763038635,0.6365715265274048,-0.08997567743062973,0.2995002865791321,0.6802221536636353,-0.08785124123096466,0.25281479954719543,0.5533777475357056,-0.041076187044382095,0.27513933181762695,0.5911644697189331,-0.08053446561098099,0.2799883186817169,0.6619313955307007,-0.07561737298965454,0.2780548930168152,0.6910402774810791,-0.06288325041532516,0.22454622387886047,0.5821763873100281,-0.04637664929032326,0.2461046427488327,0.6096233129501343,-0.07250326871871948,0.25720030069351196,0.6644502282142639,-0.06727263331413269,0.25886762142181396,0.6852022409439087,-0.056455098092556
D,0.25425606966018677,0.7470706701278687,1.58691705109959e-07,0.29361724853515625,0.7239000797271729,-0.028268391266465187,0.3276464343070984,0.6764643788337708,-0.049805898219347,0.31665366888046265,0.6309168338775635,-0.06962373852729797,0.2879684567451477,0.6063570976257324,-0.08906828612089157,0.3007132112979889,0.5361959934234619,-0.040550414472818375,0.3150973916053772,0.4466085135936737,-0.0691959485411644,0.32586079835891724,0.3828974962234497,-0.08659639209508896,0.3321836590766907,0.33206576108932495,-0.09818018972873688,0.2634696662425995,0.5343206524848938,-0.0412571020424366,0.2819424867630005,0.5287629961967468,-0.08242660760879517,0.28675511479377747,0.6081005930900574,-0.09169170260429382,0.2848052382469177,0.6538777351379395,-0.08998534083366394,0.2327195405960083,0.553261399269104,-0.044287119060754776,0.25257769227027893,0.574100136756897,-0.08329901844263077,0.26234686374664307,0.6474224328994751,-0.07701756805181503,0.2641507685184479,0.6820178031921387,-0.0639127567410469,0.2052985429763794,0.5829121470451355,-0.0495663620531559,0.2238965928554535,0.5986627340316772,-0.07638242840766907,0.23764187097549438,0.6521294713020325,-0.07095910608768463,0.24232736229896545,0.6739556193351746,-0.06050645932555199
D,0.23560920357704163,0.7420884370803833,1.1872251803879408e-07,0.2716009318828583,0.7120602130889893,-0.022583963349461555,0.29955747723579407,0.6551094651222229,-0.03912438452243805,0.28111180663108826,0.6131185293197632,-0.05523167550563812,0.2512800693511963,0.5947965383529663,-0.07155252248048782,0.2742884159088135,0.5427976846694946,-0.031572408974170685,0.28352129459381104,0.43725624680519104,-0.055977482348680496,0.29148444533348083,0.37123504281044006,-0.07092633098363876,0.29626747965812683,0.314548522233963,-0.08079953491687775,0.24053515493869781,0.5536900758743286,-0.033722370862960815,0.24956762790679932,0.5191769003868103,-0.07311942428350449,0.2532259523868561,0.5919406414031982,-0.08346504718065262,0.25329387187957764,0.6414958238601685,-0.08202295005321503,0.2124691903591156,0.5737652778625488,-0.037431247532367706,0.22017616033554077,0.558851957321167,-0.07408557832241058,0.23144719004631042,0.6308222413063049,-0.06776539236307144,0.23678059875965118,0.6732680201530457,-0.05396395921707153,0.18637536466121674,0.6015228033065796,-0.042782142758369446,0.1936439573764801,0.5823832750320435,-0.06675504148006439,0.2088705599308014,0.6339377760887146,-0.05897096171975136,0.21721990406513214,0.6659757494926453,-0.04660467803478241
D,0.2272748500108719,0.7340601682662964,8.859750266765332e-08,0.2611153721809387,0.7016718983650208,-0.02362736128270626,0.28786495327949524,0.6446852684020996,-0.0402769073843956,0.2683355510234833,0.6063084602355957,-0.05650846287608147,0.23880635201931,0.5885105729103088,-0.07290203869342804,0.26186037063598633,0.5270485877990723,-0.029403716325759888,0.2676326036453247,0.4227568507194519,-0.05150263383984566,0.2741226255893707,0.3586283326148987,-0.06491465866565704,0.2776472866535187,0.30587905645370483,-0.07363281399011612,0.22914354503154755,0.54267418384552,-0.030652686953544617,0.23456315696239471,0.5129563808441162,-0.06768850982189178,0.24001914262771606,0.5853028297424316,-0.07733755558729172,0.2417820394039154,0.6334981322288513,-0.07579299807548523,0.2018476277589798,0.5654057860374451,-0.03374456241726875,0.2048071175813675,0.5483306050300598,-0.06911896914243698,0.2175966203212738,0.6200007200241089,-0.06325573474168777,0.22460633516311646,0.6605957746505737,-0.05007467791438103,0.17582595348358154,0.594418466091156,-0.03853050619363785,0.17816928029060364,0.5695011019706726,-0.06130341440439224,0.19286172091960907,0.6203511357307434,-0.053308144211769104,0.20185285806655884,0.6511921286582947,-0.0411052368581295
D,0.21092796325683594,0.7281562089920044,1.0640392389404951e-07,0.24500012397766113,0.6922996044158936,-0.02520441822707653,0.26845234632492065,0.6274493932723999,-0.041099146008491516,0.24151968955993652,0.5881398320198059,-0.056109651923179626,0.20911505818367004,0.5766710042953491,-0.07112690806388855,0.23948131501674652,0.5150216221809387,-0.027852702885866165,0.2431822270154953,0.4129093885421753,-0.04968554899096489,0.24763259291648865,0.35125648975372314,-0.06260193884372711,0.2492780089378357,0.30003875494003296,-0.07092413306236267,0.20738893747329712,0.5322762131690979,-0.028301263228058815,0.21050691604614258,0.5026755332946777,-0.06469473987817764,0.21821549534797668,0.5729979276657104,-0.07412145286798477,0.2217402309179306,0.6179491281509399,-0.07213446497917175,0.18071290850639343,0.5573152899742126,-0.030979925766587257,0.18222831189632416,0.5425207614898682,-0.06705833971500397,0.19661417603492737,0.6138218641281128,-0.06170681118965149,0.2038479894399643,0.6522098183631897,-0.048275019973516464,0.15555278956890106,0.5893114805221558,-0.03535866364836693,0.15676754713058472,0.5637331008911133,-0.05798564478754997,0.17168569564819336,0.6133182644844055,-0.04970300942659378,0.17980173230171204,0.6426486372947693,-0.03712664172053337
D,0.18899740278720856,0.7160830497741699,8.654001248942222e-08,0.21580170094966888,0.6710104942321777,-0.027164194732904434,0.23098313808441162,0.6058493256568909,-0.04245828464627266,0.20367075502872467,0.5709800124168396,-0.05631054937839508,0.17333653569221497,0.5580710172653198,-0.06978963315486908,0.20529520511627197,0.49859386682510376,-0.024818994104862213,0.20491956174373627,0.4023418128490448,-0.04605906829237938,0.20565052330493927,0.34271183609962463,-0.05896163359284401,0.2047530859708786,0.29351165890693665,-0.06708627939224243,0.17638635635375977,0.5192503929138184,-0.02353435754776001,0.17453370988368988,0.48432910442352295,-0.05881951004266739,0.18443290889263153,0.5538631081581116,-0.0687180608510971,0.19107381999492645,0.6007273197174072,-0.06656249612569809,0.15244179964065552,0.5473509430885315,-0.024999402463436127,0.1499888002872467,0.5321680307388306,-0.061144087463617325,0.16628584265708923,0.6009629964828491,-0.058078449219465256,0.1760764867067337,0.6384096741676331,-0.045525673776865005,0.1306636482477188,0.5823057889938354,-0.028247155249118805,0.12743975222110748,0.5532089471817017,-0.05181760713458061,0.14291122555732727,0.6011053919792175,-0.04535208269953728,0.15252025425434113,0.6329808831214905,-0.03361224755644798
D,0.1942153424024582,0.7171467542648315,8.651275607007847e-08,0.2224828600883484,0.6742303371429443,-0.02790956385433674,0.23925620317459106,0.6095119714736938,-0.04366797208786011,0.21083441376686096,0.5733813047409058,-0.057753898203372955,0.17927239835262299,0.5555552840232849,-0.07143659144639969,0.2115040123462677,0.5021791458129883,-0.025777872651815414,0.2106938511133194,0.403769314289093,-0.04710967838764191,0.2115008682012558,0.34249380230903625,-0.06004319712519646,0.21029168367385864,0.29196828603744507,-0.06819432228803635,0.18242789804935455,0.5209473371505737,-0.02402781881392002,0.18153007328510284,0.4838685989379883,-0.059779781848192215,0.19116617739200592,0.5532061457633972,-0.06956224143505096,0.19742128252983093,0.6017117500305176,-0.067206010222435,0.15797781944274902,0.5478181838989258,-0.02504594437777996,0.1566121131181717,0.5323757529258728,-0.0616673119366169,0.17284780740737915,0.601470410823822,-0.05842102691531181,0.18239249289035797,0.639345109462738,-0.04573141038417816,0.13471388816833496,0.5812301635742188,-0.027848856523633003,0.13320894539356232,0.5542974472045898,-0.052091702818870544,0.14943751692771912,0.6031863689422607,-0.045980192720890045,0.15930168330669403,0.6338087320327759,-0.03441956639289856
D,0.223006933927536,0.7229136228561401,9.760461949781529e-08,0.25655242800712585,0.6920473575592041,-0.023981766775250435,0.28449946641921997,0.6338754892349243,-0.04010261967778206,0.26556792855262756,0.5958078503608704,-0.05561922490596771,0.2349722981452942,0.5793494582176208,-0.07130591571331024,0.25426825881004333,0.5155778527259827,-0.02827511541545391,0.25840625166893005,0.41457244753837585,-0.04981028661131859,0.2639867961406708,0.3515470623970032,-0.063019298017025,0.2671178877353668,0.3002827763557434,-0.07149266451597214,0.22205014526844025,0.5314605236053467,-0.02903641201555729,0.22900530695915222,0.5051003694534302,-0.06594891846179962,0.2356317937374115,0.57403963804245,-0.07683457434177399,0.23760534822940826,0.6210370659828186,-0.07584235817193985,0.19514232873916626,0.5560653805732727,-0.0315556675195694,0.20017407834529877,0.5454097986221313,-0.06772183626890182,0.21435005962848663,0.6157194375991821,-0.06391414999961853,0.22181294858455658,0.6554690599441528,-0.05151549354195595,0.16952526569366455,0.5865144729614258,-0.03556640073657036,0.17354118824005127,0.5656105875968933,-0.05919868126511574,0.18969327211380005,0.6156505942344666,-0.052330370992422104,0.19931776821613312,0.6462906002998352,-0.04043508693575859
D,0.23736386001110077,0.732021152973175,7.71983366121276e-08,0.27501380443573,0.7040139436721802,-0.021911606192588806,0.3073175549507141,0.6464982628822327,-0.03789513558149338,0.28930243849754333,0.601335346698761,-0.05295021831989288,0.2579076290130615,0.5826525092124939,-0.06801456958055496,0.2742586135864258,0.5212565660476685,-0.030848173424601555,0.2832488715648651,0.42764437198638916,-0.053863417357206345,0.2916228771209717,0.36432522535324097,-0.06776656955480576,0.2964276373386383,0.31139522790908813,-0.07731015980243683,0.23852090537548065,0.5256702303886414,-0.03249560669064522,0.25283342599868774,0.5200005173683167,-0.06917058676481247,0.25912904739379883,0.5986412167549133,-0.07837770879268646,0.2583441734313965,0.6424584984779358,-0.07719013094902039,0.21041801571846008,0.5477965474128723,-0.035503458231687546,0.2261490821838379,0.561438262462616,-0.07095147669315338,0.23855841159820557,0.6339735984802246,-0.06498458981513977,0.24219664931297302,0.6670207977294922,-0.052490342408418655,0.18492355942726135,0.578943133354187,-0.03993261605501175,0.19899360835552216,0.5826669931411743,-0.06330335885286331,0.21517989039421082,0.6354789137840271,-0.056142695248126984,0.22163176536560059,0.6583432555198669,-0.04477915167808533
D,0.2560594975948334,0.7469313144683838,1.480244975482492e-07,0.29453134536743164,0.7211955785751343,-0.028478316962718964,0.3283705711364746,0.6726292371749878,-0.050186894834041595,0.31861475110054016,0.6284331679344177,-0.0702214166522026,0.29341185092926025,0.6032640933990479,-0.08963219076395035,0.300498366355896,0.5306196212768555,-0.03928035497665405,0.3144562244415283,0.44528087973594666,-0.06758866459131241,0.324616938829422,0.3818676173686981,-0.08388150483369827,0.33076974749565125,0.33311784267425537,-0.09452801942825317,0.26201730966567993,0.5288792252540588,-0.039665330201387405,0.28389692306518555,0.536095917224884,-0.08058501780033112,0.28804460167884827,0.6164072155952454,-0.08938530832529068,0.28449884057044983,0.656415581703186,-0.08719466626644135,0.23143738508224487,0.5491695404052734,-0.04256700351834297,0.2542428970336914,0.5842571258544922,-0.08176131546497345,0.2629861831665039,0.6530591249465942,-0.07670307159423828,0.2629692852497101,0.678197979927063,-0.06458557397127151,0.20499509572982788,0.5806301832199097,-0.04773864522576332,0.22654157876968384,0.6089367866516113,-0.07500968873500824,0.24081340432167053,0.6617124080657959,-0.0709860771894455,0.24465331435203552,0.6777310371398926,-0.061482373625040054
D,0.2749977707862854,0.7611961364746094,1.412915935361525e-07,0.3140356242656708,0.7380257844924927,-0.02810509316623211,0.3466604948043823,0.695996880531311,-0.05053897947072983,0.34422561526298523,0.6537201404571533,-0.07207003980875015,0.32217198610305786,0.6276686787605286,-0.09313707798719406,0.32380348443984985,0.5431938767433167,-0.037799619138240814,0.3417721390724182,0.46249106526374817,-0.06578066945075989,0.3547685742378235,0.4002310037612915,-0.08254098892211914,0.36381545662879944,0.3522220253944397,-0.09304682165384293,0.28665691614151,0.5395228266716003,-0.03864074870944023,0.31226861476898193,0.5568289160728455,-0.07956112921237946,0.31409794092178345,0.6378592848777771,-0.08923383057117462,0.30939894914627075,0.6860769391059875,-0.08690046519041061,0.25520071387290955,0.5591989755630493,-0.04190974682569504,0.28166213631629944,0.5996603965759277,-0.08005134761333466,0.2863970994949341,0.6695119142532349,-0.07558098435401917,0.28406938910484314,0.7035685777664185,-0.06304720789194107,0.22775021195411682,0.5904903411865234,-0.04760252684354782,0.25197601318359375,0.6169552803039551,-0.07281588762998581,0.2625095546245575,0.6708676815032959,-0.06796403974294662,0.2634718418121338,0.6960301399230957,-0.05735417827963829
D,0.29418227076530457,0.7747968435287476,1.549016417357052e-07,0.33397674560546875,0.7531957030296326,-0.026653025299310684,0.36642879247665405,0.7146449089050293,-0.0497715100646019,0.3710518181324005,0.6715612411499023,-0.07281140983104706,0.3501181900501251,0.6456491351127625,-0.095609150826931,0.3451444208621979,0.5573570728302002,-0.036636702716350555,0.3681107759475708,0.4815414547920227,-0.06435595452785492,0.3835231363773346,0.42141959071159363,-0.08153452724218369,0.39468568563461304,0.3740957975387573,-0.09249485284090042,0.3082532584667206,0.5485821962356567,-0.03863683342933655,0.3368892967700958,0.580337405204773,-0.07718820124864578,0.336529016494751,0.6587380766868591,-0.0868561863899231,0.3301801085472107,0.7001343369483948,-0.08558622747659683,0.27621927857398987,0.5667768716812134,-0.0428735725581646,0.3073365390300751,0.6181131601333618,-0.07818535715341568,0.30863314867019653,0.684287428855896,-0.0736379325389862,0.3034268915653229,0.714296817779541,-0.062236662954092026,0.24794001877307892,0.5986073017120361,-0.04973393306136131,0.2750040888786316,0.6324602365493774,-0.07274801284074783,0.28605180978775024,0.6840455532073975,-0.06755470484495163,0.288354754447937,0.7099297046661377,-0.05724736675620079
D,0.31285569071769714,0.7853367328643799,1.4513868507037841e-07,0.35309693217277527,0.7656106352806091,-0.02295636758208275,0.3873968720436096,0.7296209335327148,-0.04409698024392128,0.39625033736228943,0.6908776164054871,-0.06557517498731613,0.37688153982162476,0.6707452535629272,-0.08710592240095139,0.36560821533203125,0.571208655834198,-0.03430327773094177,0.39339789748191833,0.49818849563598633,-0.0613073855638504,0.4128100574016571,0.4428761601448059,-0.07841040939092636,0.42782899737358093,0.3979487419128418,-0.08909213542938232,0.32984450459480286,0.5614806413650513,-0.03762590512633324,0.36284685134887695,0.5959405303001404,-0.07474212348461151,0.3607099652290344,0.6748168468475342,-0.08436741679906845,0.35231998562812805,0.7197552919387817,-0.08339407294988632,0.2983889579772949,0.580209493637085,-0.04282192140817642,0.3344744145870209,0.6348373293876648,-0.07586656510829926,0.33285409212112427,0.6993237733840942,-0.07178594917058945,0.325586199760437,0.7292505502700806,-0.06115691736340523,0.27076464891433716,0.6128205060958862,-0.05030544474720955,0.30186793208122253,0.6483421325683594,-0.07030925154685974,0.31079399585723877,0.6986545324325562,-0.06446799635887146,0.3111557960510254,0.72381991147995,-0.05426337197422981
D,0.32725459337234497,0.7937859296798706,1.4377523882558307e-07,0.36737558245658875,0.7742823362350464,-0.021171879023313522,0.40261515974998474,0.7384198904037476,-0.04362477362155914,0.4159000515937805,0.6995102167129517,-0.06716465204954147,0.3954589366912842,0.681835949420929,-0.090959332883358,0.3811091184616089,0.5814548134803772,-0.035060543566942215,0.410635769367218,0.5114205479621887,-0.06286799162626266,0.432524710893631,0.458261102437973,-0.08006090670824051,0.449479877948761,0.41626083850860596,-0.09079087525606155,0.3447287082672119,0.5706656575202942,-0.04001966863870621,0.3829770088195801,0.6142917275428772,-0.07615919411182404,0.37901413440704346,0.6929253339767456,-0.08429336547851562,0.3675796091556549,0.7258474230766296,-0.08318329602479935,0.31360554695129395,0.5886764526367188,-0.0467778705060482,0.355120986700058,0.649681806564331,-0.07869711518287659,0.3513906002044678,0.7131308317184448,-0.0725623071193695,0.34106549620628357,0.7335581183433533,-0.061711009591817856,0.2861584722995758,0.6210131645202637,-0.055882327258586884,0.3215305209159851,0.6592257022857666,-0.07482247054576874,0.3284042179584503,0.7097775936126709,-0.06745811551809311,0.32557952404022217,0.7308796048164368,-0.056936122477054596
D,0.33781638741493225,0.8036749958992004,1.4968576067531103e-07,0.3782941699028015,0.7806146740913391,-0.02110978774726391,0.4137357175350189,0.747177004814148,-0.044701822102069855,0.42936810851097107,0.7112094163894653,-0.06979808211326599,0.41019490361213684,0.6951372027397156,-0.09518567472696304,0.3923022150993347,0.5850430727005005,-0.0345999039709568,0.4232136309146881,0.5199928283691406,-0.06279043853282928,0.4461975693702698,0.4673254191875458,-0.08036254346370697,0.4643322229385376,0.42611104249954224,-0.09120143204927444,0.3563201427459717,0.5749956369400024,-0.03996266797184944,0.3999846279621124,0.6245392560958862,-0.07629746198654175,0.39375585317611694,0.7036484479904175,-0.0843561440706253,0.3800702393054962,0.7360857725143433,-0.08307962119579315,0.32592082023620605,0.5932028293609619,-0.04725724458694458,0.37138351798057556,0.6577602624893188,-0.07972848415374756,0.36528280377388,0.721729576587677,-0.07381341606378555,0.3533784747123718,0.743345320224762,-0.06275562942028046,0.298829585313797,0.6263918280601501,-0.056930720806121826,0.33663567900657654,0.6641594767570496,-0.07608960568904877,0.34254008531570435,0.7137897610664368,-0.06888395547866821,0.3390597403049469,0.7361898422241211,-0.05829816684126854
D,0.3123103976249695,0.78217613697052,1.4234304046567559e-07,0.35269230604171753,0.7648600339889526,-0.023486658930778503,0.38694483041763306,0.729713499546051,-0.04515351727604866,0.39687150716781616,0.6913532614707947,-0.06708051264286041,0.3776191771030426,0.6676025986671448,-0.08883218467235565,0.36372876167297363,0.5699019432067871,-0.03546646982431412,0.390608549118042,0.49665939807891846,-0.06350283324718475,0.41009920835494995,0.4407360553741455,-0.0807587280869484,0.4259622395038605,0.39596402645111084,-0.09127926826477051,0.32850655913352966,0.5597066283226013,-0.03857968747615814,0.3631719648838043,0.593620777130127,-0.07626806199550629,0.36046290397644043,0.6730112433433533,-0.08488224446773529,0.35212135314941406,0.7159204483032227,-0.08308316767215729,0.29758593440055847,0.5780298113822937,-0.04375296086072922,0.3344823718070984,0.6318200826644897,-0.07659231871366501,0.3317682147026062,0.6962302923202515,-0.070831798017025,0.3241407573223114,0.7233422994613647,-0.05914086848497391,0.27083277702331543,0.6105368137359619,-0.051374632865190506,0.3021301329135895,0.6452430486679077,-0.07046476751565933,0.30824026465415955,0.692980170249939,-0.06375247240066528,0.3057098686695099,0.7133457660675049,-0.0531650073826313
D,0.28969043493270874,0.7638998627662659,1.315966784432021e-07,0.32805466651916504,0.7452552318572998,-0.024396177381277084,0.36339864134788513,0.7084766626358032,-0.045969318598508835,0.3690735995769501,0.6666805744171143,-0.06754693388938904,0.34637901186943054,0.6452356576919556,-0.08913536369800568,0.3400530219078064,0.5539774894714355,-0.03690902888774872,0.36039993166923523,0.47273173928260803,-0.06335997581481934,0.375774085521698,0.4138578772544861,-0.07952596247196198,0.38785481452941895,0.3676220178604126,-0.08954569697380066,0.30332326889038086,0.5449339747428894,-0.039202675223350525,0.3297947645187378,0.5765939950942993,-0.07623540610074997,0.3291281461715698,0.6523318886756897,-0.08576398342847824,0.32319602370262146,0.6933692097663879,-0.0847959890961647,0.27174389362335205,0.5624670386314392,-0.04316941648721695,0.301323264837265,0.6113064885139465,-0.0759444311261177,0.3027580678462982,0.6754392385482788,-0.07100830972194672,0.29872724413871765,0.7038411498069763,-0.05994442105293274,0.243840754032135,0.5921493768692017,-0.0495387427508831,0.2690105736255646,0.6245865821838379,-0.0691390335559845,0.2788119316101074,0.6734829545021057,-0.06262452900409698,0.28057587146759033,0.6959574222564697,-0.05199197307229042
D,0.2769140601158142,0.7524536848068237,1.1021286638879246e-07,0.3157700002193451,0.7326851487159729,-0.023746494203805923,0.3506946563720703,0.6907350420951843,-0.0430145226418972,0.3500935435295105,0.6479299068450928,-0.061854612082242966,0.3269053101539612,0.6257083415985107,-0.08051372319459915,0.3262149691581726,0.5408073663711548,-0.03307195380330086,0.3435731530189514,0.4588393270969391,-0.05830145627260208,0.3561749756336212,0.39980435371398926,-0.07356437295675278,0.3658713400363922,0.35292401909828186,-0.08328372240066528,0.2899388074874878,0.5340161323547363,-0.034897204488515854,0.3139230012893677,0.5531958341598511,-0.07326829433441162,0.31476378440856934,0.6302157044410706,-0.0838010162115097,0.30949071049690247,0.6755896806716919,-0.08281511068344116,0.2587827742099762,0.5523372292518616,-0.03840167075395584,0.2842605412006378,0.5933494567871094,-0.07378851622343063,0.28790992498397827,0.6617274880409241,-0.07026780396699905,0.285045325756073,0.6941670179367065,-0.059106819331645966,0.2314649224281311,0.5827192068099976,-0.04387952759861946,0.2546801269054413,0.6117085218429565,-0.06667749583721161,0.26514196395874023,0.6647306680679321,-0.06180310249328613,0.2661454975605011,0.6888885498046875,-0.05169151723384857
D,0.2660124599933624,0.7476576566696167,1.2157005357948947e-07,0.3074216842651367,0.7243717908859253,-0.028439532965421677,0.34032487869262695,0.6745493412017822,-0.049686044454574585,0.32945606112480164,0.6262544989585876,-0.06922637671232224,0.30654045939445496,0.5944019556045532,-0.0881924256682396,0.31198984384536743,0.5329274535179138,-0.03850660100579262,0.32830947637557983,0.4515860974788666,-0.06647148728370667,0.34068867564201355,0.390397310256958,-0.0833207219839096,0.3495428264141083,0.3428991436958313,-0.09425963461399078,0.27427011728286743,0.5303798913955688,-0.0385584719479084,0.29592272639274597,0.5486477613449097,-0.07945487648248672,0.29835233092308044,0.6285219788551331,-0.089241623878479,0.2938968539237976,0.6702853441238403,-0.0879896804690361,0.24424612522125244,0.5512753129005432,-0.041028622537851334,0.26863086223602295,0.5851301550865173,-0.08065564930438995,0.2758153975009918,0.6549137234687805,-0.07585609704256058,0.2748124599456787,0.6830094456672668,-0.06379804760217667,0.21823503077030182,0.5827801823616028,-0.04565206915140152,0.2413686066865921,0.6055424213409424,-0.07316745072603226,0.25378382205963135,0.6590014100074768,-0.0685066506266594,0.2559766173362732,0.6787475347518921,-0.05830701068043709
D,0.254605770111084,0.7390612959861755,1.2412270677941706e-07,0.29400864243507385,0.7139761447906494,-0.02747669257223606,0.32699188590049744,0.6640010476112366,-0.048070792108774185,0.3160635232925415,0.6184983849525452,-0.06697820872068405,0.28942418098449707,0.5917004942893982,-0.08534303307533264,0.2980847954750061,0.5253369808197021,-0.037761133164167404,0.31236758828163147,0.4415181577205658,-0.06517878919839859,0.3222905993461609,0.37995922565460205,-0.08108184486627579,0.3280229866504669,0.33118247985839844,-0.09165074676275253,0.26026782393455505,0.5239506363868713,-0.038098905235528946,0.2801070213317871,0.5296252369880676,-0.07719878107309341,0.2847650945186615,0.6097996830940247,-0.08524614572525024,0.2813080847263336,0.6488792300224304,-0.08319518715143204,0.23015189170837402,0.5449061989784241,-0.04091726616024971,0.25249990820884705,0.5746397376060486,-0.07876105606555939,0.2612513601779938,0.6437752842903137,-0.07304941117763519,0.2603963613510132,0.6681551933288574,-0.061029668897390366,0.2041102945804596,0.5766245126724243,-0.045874759554862976,0.22522975504398346,0.6004976034164429,-0.07190696895122528,0.23836666345596313,0.6519922018051147,-0.06722025573253632,0.24027442932128906,0.6671279668807983,-0.057736143469810486
D,0.24141252040863037,0.7336164116859436,9.964570324427768e-08,0.2791843116283417,0.7053114175796509,-0.024415096268057823,0.3108178675174713,0.6523263454437256,-0.04244149476289749,0.2965335547924042,0.6053240895271301,-0.05942768603563309,0.2673889100551605,0.5826084613800049,-0.07630623877048492,0.2809157371520996,0.5268099308013916,-0.0343671478331089,0.29128697514533997,0.43227332830429077,-0.059208691120147705,0.29998084902763367,0.3683188259601593,-0.07435518503189087,0.3045898377895355,0.3158153295516968,-0.08450379222631454,0.24523524940013885,0.5307443737983704,-0.035269059240818024,0.25951409339904785,0.5204665660858154,-0.07431815564632416,0.26470640301704407,0.5961803197860718,-0.08450757712125778,0.2631157338619232,0.642278254032135,-0.08349864184856415,0.21663963794708252,0.5516142249107361,-0.03776482492685318,0.23266230523586273,0.5632936954498291,-0.0744624137878418,0.24431291222572327,0.6337453126907349,-0.06899838894605637,0.2480737268924713,0.6705308556556702,-0.05637873336672783,0.19071602821350098,0.5817669630050659,-0.04207102581858635,0.20535516738891602,0.5856921672821045,-0.06695913523435593,0.2209843099117279,0.6366057991981506,-0.061196889728307724,0.22779685258865356,0.6623552441596985,-0.05035637691617012
D,0.22209197282791138,0.7231394648551941,9.650448618003793e-08,0.2554452121257782,0.6906508207321167,-0.025551458820700645,0.2815408706665039,0.6306891441345215,-0.04290565103292465,0.26132604479789734,0.589978814125061,-0.05907515436410904,0.23044846951961517,0.5698673725128174,-0.07525833696126938,0.2538975477218628,0.5166924595832825,-0.03276580199599266,0.2571317255496979,0.4126470983028412,-0.05562809482216835,0.2618396580219269,0.3486073613166809,-0.06926444917917252,0.2631458640098572,0.29483920335769653,-0.07832001149654388,0.22132617235183716,0.5351119637489319,-0.03317766264081001,0.22565212845802307,0.5009404420852661,-0.0724245235323906,0.233014777302742,0.576327919960022,-0.08265914022922516,0.2353072166442871,0.6244773864746094,-0.08104309439659119,0.19452053308486938,0.5596147179603577,-0.03530935198068619,0.19628210365772247,0.5386587977409363,-0.07234115898609161,0.21126191318035126,0.6110960841178894,-0.06602370738983154,0.21860536932945251,0.6501703858375549,-0.05223175883293152,0.16859185695648193,0.5889435410499573,-0.039148781448602676,0.17045080661773682,0.5612854957580566,-0.06332937628030777,0.18700437247753143,0.61387038230896,-0.055219169706106186,0.1960584819316864,0.6439616680145264,-0.04279213026165962
D,0.20180729031562805,0.7138592004776001,8.195026879320721e-08,0.2325863093137741,0.6724179983139038,-0.026333674788475037,0.2514782249927521,0.6074826717376709,-0.04188006743788719,0.22554948925971985,0.5675081014633179,-0.05619214475154877,0.1953354775905609,0.5489883422851562,-0.07030387967824936,0.22510169446468353,0.5000981092453003,-0.026405921205878258,0.2257646918296814,0.3996637761592865,-0.04809330776333809,0.22767885029315948,0.3379255533218384,-0.06078488379716873,0.22728228569030762,0.28683650493621826,-0.068763867020607,0.19487866759300232,0.5199729800224304,-0.025972235947847366,0.19434316456317902,0.48059237003326416,-0.0625806450843811,0.20394551753997803,0.5511059165000916,-0.07187674194574356,0.2102113962173462,0.5999194979667664,-0.0691278874874115,0.16969025135040283,0.5464853048324585,-0.028148021548986435,0.16875332593917847,0.524989128112793,-0.06503625959157944,0.18449737131595612,0.5967208743095398,-0.060405075550079346,0.19324801862239838,0.6365096569061279,-0.0467764250934124,0.14585061371326447,0.5791403651237488,-0.03207533061504364,0.14410610496997833,0.5481334924697876,-0.05578908324241638,0.16002362966537476,0.5981401205062866,-0.04851364344358444,0.16937412321567535,0.6291645765304565,-0.03632013499736786
D,0.19120070338249207,0.7022636532783508,8.672020612721099e-08,0.21943937242031097,0.6591473817825317,-0.027132239192724228,0.2361096739768982,0.5944640636444092,-0.04293204843997955,0.20929554104804993,0.556287407875061,-0.05737779662013054,0.17978136241436005,0.5379164814949036,-0.071553535759449,0.20788054168224335,0.4885292649269104,-0.0252376738935709,0.20660711824893951,0.3930085003376007,-0.04673321172595024,0.20673546195030212,0.3323580026626587,-0.059809520840644836,0.2051384001970291,0.2829498052597046,-0.06805432587862015,0.17835967242717743,0.5076819658279419,-0.024050893262028694,0.17631202936172485,0.4694066643714905,-0.06037500500679016,0.18677105009555817,0.5375974178314209,-0.07049258053302765,0.19380658864974976,0.5874075293540955,-0.06811228394508362,0.15439289808273315,0.5353623032569885,-0.025503631681203842,0.1534726470708847,0.5189469456672668,-0.06277407705783844,0.17034940421581268,0.5882477760314941,-0.059605203568935394,0.18048231303691864,0.6288968920707703,-0.04660351574420929,0.13246607780456543,0.5697474479675293,-0.028653297573328018,0.13087935745716095,0.5421069860458374,-0.0537923127412796,0.14725719392299652,0.5911781191825867,-0.04801936447620392,0.157684326171875,0.6233202219009399,-0.036379821598529816
D,0.19119474291801453,0.7011899948120117,9.912691467661716e-08,0.2191188782453537,0.657746434211731,-0.026310402899980545,0.2361622452735901,0.5934225916862488,-0.041770096868276596,0.21000829339027405,0.5556308031082153,-0.0560353547334671,0.18077020347118378,0.5387786030769348,-0.07005389779806137,0.20779377222061157,0.48895370960235596,-0.024283133447170258,0.20711565017700195,0.39404818415641785,-0.04546121507883072,0.20748277008533478,0.33396241068840027,-0.058625299483537674,0.20628249645233154,0.28475743532180786,-0.06697190552949905,0.17891037464141846,0.5073493123054504,-0.023128466680645943,0.1777527630329132,0.471929669380188,-0.05852528288960457,0.18728679418563843,0.5382292866706848,-0.06869245320558548,0.19391337037086487,0.5855336785316467,-0.06668348610401154,0.15494981408119202,0.5340588688850403,-0.024544578045606613,0.1546415090560913,0.5198091268539429,-0.06042055785655975,0.17084242403507233,0.5865392684936523,-0.05733442306518555,0.18072569370269775,0.6253188848495483,-0.04486270621418953,0.13255158066749573,0.5672222971916199,-0.027663255110383034,0.13232816755771637,0.5421258807182312,-0.05153461918234825,0.148146852850914,0.5895401239395142,-0.04565438628196716,0.1580750048160553,0.620295524597168,-0.0342152863740921
D,0.20428980886936188,0.704464316368103,8.920999050587852e-08,0.2351597547531128,0.6669315099716187,-0.027270708233118057,0.25551462173461914,0.6019459962844849,-0.04339826479554176,0.23171260952949524,0.5594398975372314,-0.05789434164762497,0.20247036218643188,0.5417371988296509,-0.07210623472929001,0.2279328852891922,0.49510657787323,-0.028170524165034294,0.22933320701122284,0.39724546670913696,-0.049955837428569794,0.23111262917518616,0.33636313676834106,-0.06279590725898743,0.23085372149944305,0.2857626974582672,-0.07105407118797302,0.19781595468521118,0.5136341452598572,-0.027100849896669388,0.19917193055152893,0.47522690892219543,-0.06463857740163803,0.20816048979759216,0.5457442998886108,-0.07438955456018448,0.2135404497385025,0.5943341255187988,-0.07178137451410294,0.1727694272994995,0.5393418073654175,-0.028484171256422997,0.17401975393295288,0.5208559632301331,-0.06617178022861481,0.1893998086452484,0.5924330949783325,-0.06186265870928764,0.19794905185699463,0.6319807767868042,-0.04820898547768593,0.14882369339466095,0.5702390074729919,-0.031610749661922455,0.14944609999656677,0.5429898500442505,-0.056443266570568085,0.1650407761335373,0.5933249592781067,-0.05003262311220169,0.17373210191726685,0.6232612729072571,-0.03824259340763092
D,0.22700685262680054,0.714900553226471,7.145354175008833e-08,0.260323703289032,0.6832128167152405,-0.02349507063627243,0.28723642230033875,0.6220729947090149,-0.038613010197877884,0.2675219178199768,0.5779870748519897,-0.053027957677841187,0.23740404844284058,0.5576186776161194,-0.06775204092264175,0.25930723547935486,0.5127086639404297,-0.02772299200296402,0.2636556625366211,0.4107299745082855,-0.04860888421535492,0.26923930644989014,0.3483254909515381,-0.06137286126613617,0.2716163694858551,0.29610949754714966,-0.0697607770562172,0.22833891212940216,0.528552770614624,-0.028262650594115257,0.2340833842754364,0.4987185001373291,-0.06395379453897476,0.24045637249946594,0.5678436160087585,-0.07386074215173721,0.24214325845241547,0.6138835549354553,-0.07269517332315445,0.20220261812210083,0.5516132116317749,-0.030543550848960876,0.20526692271232605,0.5336011648178101,-0.065900057554245,0.21833865344524384,0.6043780446052551,-0.06105901673436165,0.2248569279909134,0.6448206901550293,-0.048400357365608215,0.1768258661031723,0.5796298980712891,-0.03427528217434883,0.1790895164012909,0.552993655204773,-0.05782734230160713,0.19421271979808807,0.6042100191116333,-0.050589367747306824,0.20311887562274933,0.6369224786758423,-0.038722023367881775
D,0.2472614198923111,0.7266622185707092,8.454028943560843e-08,0.2846352756023407,0.700969934463501,-0.023798605427145958,0.3155330419540405,0.6448697447776794,-0.03956145793199539,0.29749932885169983,0.5982130169868469,-0.05437523126602173,0.2677454948425293,0.5747661590576172,-0.06920231878757477,0.28824204206466675,0.5221847891807556,-0.028970815241336823,0.2977837324142456,0.42490407824516296,-0.05079072713851929,0.30674973130226135,0.3622337579727173,-0.06416622549295425,0.31216925382614136,0.30975261330604553,-0.07308174669742584,0.2543158531188965,0.5297121405601501,-0.02949509397149086,0.26714879274368286,0.5105614066123962,-0.06603258103132248,0.2705661654472351,0.5838224291801453,-0.07642413675785065,0.26825931668281555,0.6287500858306885,-0.07555685937404633,0.22667942941188812,0.5509247779846191,-0.03160158172249794,0.2384694665670395,0.5494009852409363,-0.06769225746393204,0.24831712245941162,0.6221252679824829,-0.06303931027650833,0.2511058449745178,0.6596061587333679,-0.05044631287455559,0.20094461739063263,0.5789999961853027,-0.035150859504938126,0.21052534878253937,0.5633832812309265,-0.059247445315122604,0.22494982182979584,0.616266131401062,-0.05225903168320656,0.2314154952764511,0.6464728116989136,-0.04038994386792183
D,0.2718222737312317,0.7429319024085999,9.507283493803698e-08,0.31107297539711,0.720514178276062,-0.026636287569999695,0.346560001373291,0.6735568642616272,-0.04718386381864548,0.3369641602039337,0.6215900182723999,-0.06655264645814896,0.3123543858528137,0.5881162285804749,-0.08524512499570847,0.32238924503326416,0.5306805968284607,-0.03520626202225685,0.3386223614215851,0.44711610674858093,-0.06198990345001221,0.35046276450157166,0.385553240776062,-0.0776975154876709,0.3585585951805115,0.3367689251899719,-0.08782194554805756,0.2846842408180237,0.5262496471405029,-0.03598353639245033,0.30577731132507324,0.535958468914032,-0.07678147405385971,0.30683374404907227,0.6182924509048462,-0.0863819271326065,0.30148985981941223,0.6628892421722412,-0.08443888276815414,0.2542896270751953,0.5433057546615601,-0.0388953723013401,0.27564260363578796,0.5703416466712952,-0.07751103490591049,0.2819061577320099,0.6430267095565796,-0.07133713364601135,0.28098607063293457,0.6756047010421753,-0.05797082930803299,0.2273876965045929,0.5716983079910278,-0.04386128857731819,0.24768714606761932,0.5881140232086182,-0.0696820542216301,0.25966590642929077,0.6424255967140198,-0.06346821784973145,0.2617959678173065,0.6646285057067871,-0.052023086696863174
D,0.2935149669647217,0.7557867169380188,1.7168444799153804e-07,0.33448031544685364,0.732961118221283,-0.030218901112675667,0.3665419816970825,0.693753182888031,-0.05424032732844353,0.3680509924888611,0.6458449959754944,-0.07731148600578308,0.34640732407569885,0.6182960271835327,-0.09959229826927185,0.34648481011390686,0.5396034717559814,-0.0391802154481411,0.3674512803554535,0.4597712457180023,-0.0679101049900055,0.38220205903053284,0.398815393447876,-0.08488252758979797,0.393246591091156,0.3512594699859619,-0.09523236751556396,0.30958375334739685,0.5322459936141968,-0.03926089406013489,0.3343985676765442,0.5473271012306213,-0.0808992013335228,0.33425411581993103,0.6266710758209229,-0.08997804671525955,0.3295753598213196,0.6757774353027344,-0.08678597956895828,0.2782338261604309,0.5476482510566711,-0.042065806686878204,0.30580654740333557,0.5889353156089783,-0.08002551645040512,0.3084327280521393,0.6582407355308533,-0.0746084600687027,0.3054453134536743,0.6961548328399658,-0.06093345955014229,0.2507862448692322,0.5751612186431885,-0.04773963615298271,0.27576202154159546,0.6017087697982788,-0.07177335023880005,0.2856482267379761,0.6521439552307129,-0.06650494039058685,0.2871364951133728,0.6785491108894348,-0.055437374860048294
D,0.3062017261981964,0.7621191740036011,1.543588155072939e-07,0.3467143177986145,0.7422837018966675,-0.029614826664328575,0.3793276846408844,0.7027403712272644,-0.053842801600694656,0.3797120451927185,0.6555622816085815,-0.0772557333111763,0.35859376192092896,0.624538242816925,-0.10001388192176819,0.36043059825897217,0.5478386878967285,-0.03930118307471275,0.38282904028892517,0.47219765186309814,-0.06803695112466812,0.3979993462562561,0.41292262077331543,-0.08496416360139847,0.40884143114089966,0.36654362082481384,-0.09537807106971741,0.3238317668437958,0.5384904146194458,-0.03969263657927513,0.3506786823272705,0.5622336268424988,-0.07888639718294144,0.35073232650756836,0.6417160630226135,-0.08719813823699951,0.34545767307281494,0.6837348937988281,-0.0845477432012558,0.2924577295780182,0.5544179677963257,-0.042747706174850464,0.32200998067855835,0.6008760333061218,-0.07896845042705536,0.3225723206996918,0.6684446930885315,-0.07315940409898758,0.3169108033180237,0.6986129283905029,-0.06041599065065384,0.2642408609390259,0.5838236212730408,-0.04862673953175545,0.29084381461143494,0.6134466528892517,-0.07152009755373001,0.29923468828201294,0.6640244722366333,-0.06559689342975616,0.29859867691993713,0.687459409236908,-0.054727260023355484
D,0.39905664324760437,0.7757508158683777,8.399126727454131e-08,0.4434840679168701,0.7428646087646484,-0.017172785475850105,0.4814032316207886,0.6968634128570557,-0.036885835230350494,0.4946269690990448,0.6493353247642517,-0.058800842612981796,0.47168517112731934,0.6329009532928467,-0.08141326159238815,0.4458893835544586,0.539573609828949,-0.03013152815401554,0.47318631410598755,0.4605761766433716,-0.05640193074941635,0.49238288402557373,0.4021415710449219,-0.07296042144298553,0.5069116353988647,0.3500438630580902,-0.08394723385572433,0.40995708107948303,0.5320529341697693,-0.03671739622950554,0.4541871249675751,0.5708914995193481,-0.07077737152576447,0.45087912678718567,0.6529502272605896,-0.07838056981563568,0.43676844239234924,0.6838895678520203,-0.07795596867799759,0.3809140622615814,0.5561643242835999,-0.044720832258462906,0.4290113151073456,0.6024693250656128,-0.07738770544528961,0.4273355305194855,0.6731511950492859,-0.07126529514789581,0.416763573884964,0.6980635523796082,-0.06038127839565277,0.3570505380630493,0.595602810382843,-0.05449444055557251,0.3952638804912567,0.6209811568260193,-0.07445162534713745,0.4052136540412903,0.6710089445114136,-0.06699975579977036,0.4045370817184448,0.6948553919792175,-0.056443605571985245
D,0.3960106670856476,0.7738568186759949,1.3260975606499414e-07,0.4410657286643982,0.7400766611099243,-0.018528465181589127,0.4784572720527649,0.6919549107551575,-0.03992291912436485,0.4906678795814514,0.6422606706619263,-0.06319275498390198,0.4660102128982544,0.6269617080688477,-0.08714139461517334,0.43958166241645813,0.5319515466690063,-0.03235802799463272,0.46697986125946045,0.45065808296203613,-0.05911452695727348,0.48489272594451904,0.3905300199985504,-0.07527754455804825,0.49782371520996094,0.3386742174625397,-0.08575267344713211,0.40243613719940186,0.5298932194709778,-0.03921731188893318,0.4516339600086212,0.5572511553764343,-0.07542558759450912,0.4510120749473572,0.6424050331115723,-0.08327221125364304,0.43796318769454956,0.6785875558853149,-0.08204513788223267,0.37343376874923706,0.5561146140098572,-0.0474904328584671,0.4252281188964844,0.5964704155921936,-0.08134349435567856,0.4235604405403137,0.6673983931541443,-0.0747358426451683,0.41159775853157043,0.6929966807365417,-0.06302379816770554,0.3496796786785126,0.5955073833465576,-0.05757500231266022,0.3921484649181366,0.6149582862854004,-0.07746467739343643,0.4011169672012329,0.6672323346138,-0.06894606351852417,0.39740294218063354,0.6916897892951965,-0.05755375325679779
D,0.3648601770401001,0.7472343444824219,1.3295731093876384e-07,0.4066489636898041,0.7168383002281189,-0.025360576808452606,0.4408566653728485,0.6646465063095093,-0.04780467972159386,0.4474795460700989,0.6131749749183655,-0.07063362747430801,0.4225185811519623,0.5938153266906738,-0.09340367466211319,0.4030737280845642,0.5129929780960083,-0.03700516000390053,0.4227295517921448,0.4262799620628357,-0.06446150690317154,0.43725642561912537,0.36384934186935425,-0.08052723109722137,0.44896605610847473,0.3135834336280823,-0.09035473316907883,0.3664628565311432,0.5123802423477173,-0.03915899246931076,0.40194594860076904,0.5383781790733337,-0.0762140080332756,0.4041150212287903,0.6186537146568298,-0.08384478092193604,0.39856305718421936,0.6579439640045166,-0.08195827156305313,0.33680716156959534,0.5363673567771912,-0.04342150315642357,0.37744179368019104,0.5719312429428101,-0.07773704826831818,0.3804132640361786,0.6414383053779602,-0.07064281404018402,0.3751865029335022,0.673896849155426,-0.057971637696027756,0.3117242753505707,0.5720351338386536,-0.05022240802645683,0.34746503829956055,0.5885929465293884,-0.07136142253875732,0.35768935084342957,0.6393817067146301,-0.06402809172868729,0.3565972149372101,0.6667232513427734,-0.052760861814022064
D,0.3339022696018219,0.735684871673584,1.0501187830413983e-07,0.37202608585357666,0.7044482231140137,-0.024873727932572365,0.40391600131988525,0.6467944383621216,-0.0445592924952507,0.39942970871925354,0.5940107107162476,-0.06383375823497772,0.37128332257270813,0.5717409253120422,-0.08275222033262253,0.3660661280155182,0.5007513761520386,-0.0329267755150795,0.3783125877380371,0.41213303804397583,-0.057400453835725784,0.3873010277748108,0.3499831557273865,-0.07124828547239304,0.3940170705318451,0.299568772315979,-0.07993043214082718,0.328645795583725,0.5022881627082825,-0.034056372940540314,0.3548738360404968,0.5166817307472229,-0.06954699009656906,0.3619861602783203,0.5967037081718445,-0.07699427008628845,0.36038362979888916,0.6402032971382141,-0.07461120933294296,0.298775851726532,0.5278926491737366,-0.03718431666493416,0.329098105430603,0.5556641221046448,-0.07100173085927963,0.3385043144226074,0.6259270310401917,-0.0643925815820694,0.3385830521583557,0.6593523621559143,-0.051711153239011765,0.2729293406009674,0.5649514198303223,-0.04250263422727585,0.29990890622138977,0.5805023312568665,-0.06389757245779037,0.31447988748550415,0.6297878623008728,-0.0570874847471714,0.3174284100532532,0.6525541543960571,-0.04593272879719734
D,0.31115666031837463,0.7258981466293335,1.0918966353301585e-07,0.34868842363357544,0.692609965801239,-0.025228450074791908,0.382035493850708,0.6364554762840271,-0.0444481186568737,0.3762311041355133,0.5855019688606262,-0.06351035088300705,0.3481931686401367,0.5627444386482239,-0.08252619951963425,0.34279271960258484,0.5004286170005798,-0.03205598145723343,0.35065245628356934,0.40197378396987915,-0.0568830706179142,0.3571534752845764,0.3375292420387268,-0.0717950314283371,0.3617621958255768,0.28549957275390625,-0.08084552735090256,0.30755415558815,0.5090596079826355,-0.03318319469690323,0.3284933567047119,0.49930787086486816,-0.07301147282123566,0.33578065037727356,0.5772309303283691,-0.08357910811901093,0.3361411690711975,0.6302437782287598,-0.08169474452733994,0.27802762389183044,0.5335111021995544,-0.03618185594677925,0.2999940514564514,0.5361055731773376,-0.07333293557167053,0.3117530345916748,0.6092833280563354,-0.06782272458076477,0.31586700677871704,0.6550565958023071,-0.05397609621286392,0.2507762014865875,0.5672626495361328,-0.04115796089172363,0.2693188190460205,0.5606139898300171,-0.06501302868127823,0.2863216996192932,0.6103378534317017,-0.05809296295046806,0.293661504983902,0.6425959467887878,-0.04565627500414848
D,0.2865624725818634,0.7199759483337402,6.830966015058948e-08,0.32179927825927734,0.6837091445922852,-0.021674009039998055,0.35044431686401367,0.6192223429679871,-0.0376332551240921,0.33746305108070374,0.5689603090286255,-0.053642746061086655,0.30696403980255127,0.549566388130188,-0.07002344727516174,0.3128325939178467,0.5021852850914001,-0.028407618403434753,0.31758734583854675,0.3975938558578491,-0.050916168838739395,0.3216422200202942,0.33227986097335815,-0.06437889486551285,0.3228757381439209,0.2768978178501129,-0.0731256976723671,0.28044506907463074,0.5191705822944641,-0.030436575412750244,0.29413777589797974,0.4930949807167053,-0.06849638372659683,0.3018473982810974,0.5690385699272156,-0.07868992537260056,0.30221065878868103,0.6176003217697144,-0.07739011198282242,0.2538299560546875,0.547227144241333,-0.033814817667007446,0.2664748430252075,0.5290700197219849,-0.07051940262317657,0.28100958466529846,0.6027565002441406,-0.0639258548617363,0.28647881746292114,0.6460111737251282,-0.0498470738530159,0.22947247326374054,0.5821515321731567,-0.038568660616874695,0.2394106239080429,0.556584894657135,-0.0622703917324543,0.2572101354598999,0.6071897745132446,-0.05371783301234245,0.26526498794555664,0.6404014825820923,-0.04068678244948387
D,0.26335886120796204,0.7134152054786682,7.109278499228822e-08,0.2974032163619995,0.6715095043182373,-0.02326931059360504,0.32370370626449585,0.5998319387435913,-0.03871350735425949,0.30443817377090454,0.5506966710090637,-0.05382026359438896,0.270669162273407,0.5341008305549622,-0.06925787031650543,0.2858174741268158,0.5001859664916992,-0.027838662266731262,0.28521621227264404,0.3916628360748291,-0.05052204057574272,0.28713932633399963,0.32662642002105713,-0.0637694001197815,0.28691014647483826,0.2705765962600708,-0.07225022464990616,0.25530731678009033,0.5213258266448975,-0.02894081547856331,0.26444023847579956,0.48019903898239136,-0.06774970889091492,0.2734422981739044,0.5591205358505249,-0.07775279134511948,0.2740859091281891,0.6062970161437988,-0.07556308060884476,0.23042869567871094,0.5492638349533081,-0.031616371124982834,0.23684634268283844,0.5194861888885498,-0.06964024901390076,0.25276631116867065,0.5950192809104919,-0.06260888278484344,0.257956326007843,0.6362444162368774,-0.04741360619664192,0.2062671035528183,0.5826250910758972,-0.03563337028026581,0.21019399166107178,0.5431017279624939,-0.05965500324964523,0.2287811040878296,0.5935712456703186,-0.04981878399848938,0.23702582716941833,0.6283279657363892,-0.03569334000349045
D,0.2424887716770172,0.7029302716255188,6.393413087835143e-08,0.2752391993999481,0.6596826314926147,-0.025262905284762383,0.2974199056625366,0.5867054462432861,-0.04123688116669655,0.274177223443985,0.5417842864990234,-0.05587509647011757,0.2392357885837555,0.5280898213386536,-0.07050441950559616,0.2589067816734314,0.48898839950561523,-0.030639464035630226,0.2556878924369812,0.3861735463142395,-0.0538853257894516,0.2553243637084961,0.3229433298110962,-0.06695173680782318,0.2523391842842102,0.2694190740585327,-0.07514096796512604,0.22846060991287231,0.5129557251930237,-0.030948203057050705,0.2336161583662033,0.475593626499176,-0.06981031596660614,0.2465018481016159,0.5537046194076538,-0.07892745733261108,0.24995344877243042,0.599399209022522,-0.07599944621324539,0.20382724702358246,0.5433579087257385,-0.03313430771231651,0.20770342648029327,0.5166708827018738,-0.0720674991607666,0.22769562900066376,0.5914650559425354,-0.06521239131689072,0.2350713163614273,0.6292235255241394,-0.049974098801612854,0.18053241074085236,0.5794430375099182,-0.03674101084470749,0.18310734629631042,0.5454106330871582,-0.06166113168001175,0.2036910504102707,0.5962924361228943,-0.05234861373901367,0.21212169528007507,0.6275814771652222,-0.03858524188399315
D,0.24035242199897766,0.7025752067565918,7.340609187167502e-08,0.2724471688270569,0.656836748123169,-0.025246677920222282,0.2944006621837616,0.5828638672828674,-0.04098835587501526,0.27095091342926025,0.5387006402015686,-0.05544470250606537,0.23639869689941406,0.5260775089263916,-0.0698254182934761,0.25433042645454407,0.4890678822994232,-0.029728876426815987,0.2505229115486145,0.38669300079345703,-0.053168922662734985,0.24846112728118896,0.32368406653404236,-0.06618363410234451,0.24458403885364532,0.26985931396484375,-0.07418674230575562,0.22440357506275177,0.5143068432807922,-0.03003714047372341,0.23012478649616241,0.4720102548599243,-0.06913673132658005,0.24320711195468903,0.5483490228652954,-0.07857024669647217,0.2470865696668625,0.5940651893615723,-0.07570677995681763,0.20028160512447357,0.5454406142234802,-0.03225841745734215,0.2051393836736679,0.5169845223426819,-0.07177066057920456,0.22526858747005463,0.5915901064872742,-0.06522031873464584,0.23273344337940216,0.6300278902053833,-0.0497952401638031,0.1773153394460678,0.5818929076194763,-0.035853516310453415,0.18014849722385406,0.5458065271377563,-0.060743290930986404,0.2008749097585678,0.5958646535873413,-0.05132569745182991,0.20940126478672028,0.6278319358825684,-0.0373605377972126
D,0.24605830013751984,0.7016649842262268,7.119338363281713e-08,0.2778718173503876,0.6553280353546143,-0.024873610585927963,0.30009913444519043,0.5812418460845947,-0.04091368615627289,0.2785663306713104,0.5350782871246338,-0.05601911619305611,0.24454566836357117,0.5215767025947571,-0.07100240141153336,0.25913727283477783,0.48785364627838135,-0.028700923547148705,0.25602710247039795,0.38635313510894775,-0.0512203611433506,0.25413161516189575,0.32355454564094543,-0.06360217928886414,0.25074678659439087,0.2700873613357544,-0.07131542265415192,0.22920897603034973,0.512887716293335,-0.029083233326673508,0.23698951303958893,0.4716184139251709,-0.06757886707782745,0.24941332638263702,0.5467069745063782,-0.07689105719327927,0.25294166803359985,0.5932432413101196,-0.07401836663484573,0.20536130666732788,0.5440477132797241,-0.0313371904194355,0.21288758516311646,0.5157322287559509,-0.06997696310281754,0.23221337795257568,0.5877684950828552,-0.06360439956188202,0.2391362488269806,0.6267091035842896,-0.048467133194208145,0.18307672441005707,0.5804543495178223,-0.03502627834677696,0.1875496506690979,0.543048620223999,-0.059527136385440826,0.20783400535583496,0.5902196168899536,-0.05072149261832237,0.21663549542427063,0.6218746900558472,-0.03724817559123039
D,0.29278454184532166,0.7071456909179688,7.796683831884366e-08,0.3288978636264801,0.6655359268188477,-0.021127615123987198,0.35449641942977905,0.5997989177703857,-0.03710241988301277,0.3470975160598755,0.5441370010375977,-0.05350905656814575,0.31954777240753174,0.5228727459907532,-0.07004788517951965,0.3134395182132721,0.4869250953197479,-0.026526810601353645,0.3175310790538788,0.3871014714241028,-0.04899512603878975,0.32102376222610474,0.3242988586425781,-0.06238783523440361,0.32237061858177185,0.27086788415908813,-0.07096463441848755,0.28316694498062134,0.5030473470687866,-0.028874699026346207,0.30114227533340454,0.47335341572761536,-0.06704525649547577,0.3115694224834442,0.5489499568939209,-0.07685648649930954,0.31294000148773193,0.6010035276412964,-0.0749993771314621,0.2576613128185272,0.5312142372131348,-0.03278205543756485,0.27659285068511963,0.5111114382743835,-0.06903847306966782,0.2909875512123108,0.5827858448028564,-0.062252167612314224,0.2952352464199066,0.6288750171661377,-0.04787203297019005,0.2344946414232254,0.5672895908355713,-0.038218904286623,0.2513543963432312,0.5401902198791504,-0.06127888336777687,0.2693672776222229,0.5874620079994202,-0.053159452974796295,0.27565908432006836,0.6227123737335205,-0.0404992401599884
D,0.3181699514389038,0.710939884185791,6.212731307186914e-08,0.355864942073822,0.6745004653930664,-0.020342357456684113,0.38452059030532837,0.6145358681678772,-0.037870291620492935,0.38182303309440613,0.5590986609458923,-0.056353211402893066,0.354078084230423,0.5383614897727966,-0.07484947890043259,0.34242013096809387,0.4816374182701111,-0.02764245867729187,0.35062146186828613,0.3906865119934082,-0.050351787358522415,0.35723453760147095,0.3305586576461792,-0.0635102167725563,0.36249062418937683,0.2807476818561554,-0.07155248522758484,0.30962952971458435,0.48783746361732483,-0.03034600429236889,0.337482750415802,0.4906635284423828,-0.06488212943077087,0.3440597355365753,0.5667147636413574,-0.07280139625072479,0.34188154339790344,0.6108499765396118,-0.07076836377382278,0.2834358811378479,0.513548731803894,-0.03456173464655876,0.31492090225219727,0.5240915417671204,-0.0673154667019844,0.324407160282135,0.5953446626663208,-0.060090046375989914,0.324655681848526,0.6361598968505859,-0.04664472118020058,0.26047030091285706,0.5497552752494812,-0.04057002440094948,0.2878932058811188,0.5474393963813782,-0.0605323389172554,0.30235761404037476,0.5931748151779175,-0.05239191651344299,0.30515339970588684,0.6227487325668335,-0.04021875187754631
D,0.33690986037254333,0.718632161617279,7.196078399829275e-08,0.3756049871444702,0.6810532808303833,-0.021306758746504784,0.40623748302459717,0.622387170791626,-0.03986545279622078,0.4049069285392761,0.5682907700538635,-0.059116534888744354,0.37835055589675903,0.5450933575630188,-0.07827728986740112,0.36116039752960205,0.48483484983444214,-0.02816130965948105,0.37354597449302673,0.39927345514297485,-0.052124131470918655,0.38221049308776855,0.33963048458099365,-0.06610605865716934,0.38899174332618713,0.28941968083381653,-0.0746188759803772,0.32799187302589417,0.49082350730895996,-0.031010231003165245,0.36162078380584717,0.4945501685142517,-0.06555390357971191,0.3671012222766876,0.5752179622650146,-0.07248079031705856,0.3627367615699768,0.6187530159950256,-0.06981652230024338,0.3021189272403717,0.5177401900291443,-0.035752564668655396,0.33965638279914856,0.5303109288215637,-0.06910588592290878,0.3464883863925934,0.603471040725708,-0.061305753886699677,0.3437637984752655,0.6412585973739624,-0.04745924100279808,0.2801528573036194,0.5559768080711365,-0.042367760092020035,0.31243377923965454,0.552718997001648,-0.06266847252845764,0.32477879524230957,0.6006065607070923,-0.054084695875644684,0.3246578276157379,0.628976047039032,-0.04167912155389786
D,0.35284218192100525,0.7228981256484985,6.218243697730941e-08,0.3911151587963104,0.6850022077560425,-0.019088083878159523,0.4215753674507141,0.6260753273963928,-0.03703685477375984,0.4223078489303589,0.5747934579849243,-0.05584249272942543,0.39797666668891907,0.5523189306259155,-0.07477100193500519,0.37756797671318054,0.4893697500228882,-0.029623299837112427,0.3921428322792053,0.40507030487060547,-0.05314064398407936,0.40284624695777893,0.3468271493911743,-0.06729288399219513,0.41165080666542053,0.29811036586761475,-0.0759519413113594,0.34335634112358093,0.493368536233902,-0.03323323279619217,0.3802714943885803,0.5069085359573364,-0.0655553862452507,0.38595840334892273,0.5831975340843201,-0.07239753752946854,0.38141876459121704,0.6248632669448853,-0.07078738510608673,0.31728094816207886,0.5212475061416626,-0.038310762494802475,0.35935091972351074,0.5392783880233765,-0.0696239173412323,0.3664538562297821,0.6088786721229553,-0.06282450258731842,0.3635160028934479,0.6464775204658508,-0.05071184039115906,0.29639530181884766,0.5616251230239868,-0.04513341933488846,0.33136025071144104,0.5597955584526062,-0.06498527526855469,0.3454025089740753,0.6062999963760376,-0.05728451907634735,0.347694456577301,0.6369332075119019,-0.04582013562321663
D,0.36279937624931335,0.727512001991272,6.538363095387467e-08,0.40303969383239746,0.6874405145645142,-0.016876496374607086,0.4344431757926941,0.630569577217102,-0.03381499648094177,0.44141021370887756,0.5803899765014648,-0.05220359191298485,0.4193812608718872,0.5642262101173401,-0.0709044486284256,0.39021751284599304,0.49374040961265564,-0.027227679267525673,0.4088220000267029,0.4113696217536926,-0.0498376190662384,0.42112576961517334,0.35500237345695496,-0.0637480691075325,0.4312657117843628,0.3062852621078491,-0.07256007939577103,0.35748058557510376,0.4960296154022217,-0.03214274346828461,0.3982332944869995,0.5073522329330444,-0.0639641284942627,0.4025247395038605,0.5812651515007019,-0.07142786681652069,0.3966718912124634,0.6237649321556091,-0.07034482061862946,0.3319490849971771,0.5228608846664429,-0.03831964731216431,0.3777989447116852,0.5425641536712646,-0.0686233714222908,0.3830550014972687,0.609801173210144,-0.06320840865373611,0.3791056275367737,0.6469254493713379,-0.05220377817749977,0.31199684739112854,0.5624892115592957,-0.04615508392453194,0.34847408533096313,0.5628167986869812,-0.06500835716724396,0.36190265417099,0.607690691947937,-0.05837077274918556,0.3649906516075134,0.6380943655967712,-0.047991037368774414
D,0.3777003586292267,0.7361079454421997,5.142698711324556e-08,0.41837242245674133,0.6985660791397095,-0.015920031815767288,0.4519672989845276,0.6422820687294006,-0.03240387141704559,0.4601796567440033,0.5917401909828186,-0.05074947327375412,0.4377000033855438,0.5753763318061829,-0.06964155286550522,0.4087265431880951,0.5019489526748657,-0.02675672620534897,0.43051910400390625,0.42029935121536255,-0.04966539144515991,0.4442063271999359,0.36422091722488403,-0.06397446244955063,0.45479530096054077,0.31386175751686096,-0.07331457734107971,0.37615281343460083,0.5027328729629517,-0.0323602519929409,0.4195495843887329,0.5234823822975159,-0.06459471583366394,0.4223490357398987,0.5974828004837036,-0.07266032695770264,0.4137285053730011,0.6366627812385559,-0.07235480844974518,0.3507174253463745,0.5288665294647217,-0.039131853729486465,0.39935633540153503,0.5564048886299133,-0.07002116739749908,0.4024403691291809,0.6252554059028625,-0.0648428276181221,0.3954847455024719,0.6594109535217285,-0.05420885235071182,0.3302702307701111,0.567679226398468,-0.04749901592731476,0.3701813817024231,0.5740835666656494,-0.0666351392865181,0.38091138005256653,0.6214479207992554,-0.060048140585422516,0.3799252510070801,0.6508364677429199,-0.049922700971364975
D,0.39037829637527466,0.7543282508850098,5.62609301368866e-08,0.43781957030296326,0.7135797739028931,-0.013286719098687172,0.471209853887558,0.6670023798942566,-0.03110337443649769,0.4812794327735901,0.6217265129089355,-0.051934078335762024,0.46150803565979004,0.5966463088989258,-0.07352493703365326,0.4323069453239441,0.5169157385826111,-0.025434108451008797,0.4600870609283447,0.4403649866580963,-0.04976893216371536,0.477457731962204,0.3843807876110077,-0.06547165662050247,0.4905095100402832,0.334522545337677,-0.07588750869035721,0.40060481429100037,0.5158933401107788,-0.033541977405548096,0.45155712962150574,0.5482935905456543,-0.0669429674744606,0.4505048394203186,0.6253882050514221,-0.07499179244041443,0.4376077651977539,0.6629855036735535,-0.07480821013450623,0.3758460283279419,0.5415187478065491,-0.04290277883410454,0.4301969110965729,0.5792487263679504,-0.0747712105512619,0.4281858205795288,0.648871123790741,-0.06903062015771866,0.41683509945869446,0.6818915605545044,-0.058190036565065384,0.356285959482193,0.580344557762146,-0.053767818957567215,0.3990732431411743,0.5961663722991943,-0.0740167498588562,0.4069434404373169,0.645293116569519,-0.06734415888786316,0.4038933515548706,0.6744752526283264,-0.05714118480682373
D,0.3875535726547241,0.7622230052947998,6.744735259189838e-08,0.4372560679912567,0.7191448211669922,-0.012951131910085678,0.4731786251068115,0.6714437007904053,-0.03192519769072533,0.48368918895721436,0.625609278678894,-0.05439786985516548,0.461651474237442,0.6033859848976135,-0.07772499322891235,0.43330103158950806,0.5166007876396179,-0.023826438933610916,0.46314629912376404,0.4428635239601135,-0.04808394983410835,0.48138555884361267,0.38534021377563477,-0.06371404230594635,0.49476730823516846,0.3348431885242462,-0.07429202646017075,0.40063026547431946,0.515813946723938,-0.032921161502599716,0.4546394348144531,0.5507270097732544,-0.06595145165920258,0.4528186321258545,0.6325469017028809,-0.07277326285839081,0.43886232376098633,0.670063853263855,-0.07159758359193802,0.3757292330265045,0.5426573753356934,-0.04342418164014816,0.43301641941070557,0.5821856260299683,-0.07542768865823746,0.4306662082672119,0.6550390720367432,-0.06840816140174866,0.41843631863594055,0.6881899237632751,-0.056629426777362823,0.3567729890346527,0.5840377807617188,-0.05548999086022377,0.40025752782821655,0.601318359375,-0.07593595236539841,0.4080442190170288,0.65199875831604,-0.06852780282497406,0.4048720598220825,0.681413471698761,-0.057775720953941345
D,0.3599267601966858,0.7396441698074341,8.402750495406508e-08,0.4039970636367798,0.7017782926559448,-0.018609680235385895,0.43881601095199585,0.6452386975288391,-0.037315983325242996,0.4437839984893799,0.5881726145744324,-0.057604242116212845,0.4168754518032074,0.569695770740509,-0.07831231504678726,0.3969120979309082,0.5033026933670044,-0.029533108696341515,0.4184092581272125,0.4208674430847168,-0.05506325140595436,0.4319594204425812,0.36096614599227905,-0.06977678090333939,0.4417760372161865,0.30976253747940063,-0.0790170282125473,0.3610542416572571,0.5036927461624146,-0.03482573479413986,0.39991089701652527,0.5251114368438721,-0.07102968543767929,0.4016830027103424,0.607672929763794,-0.07789904624223709,0.39409640431404114,0.6489726305007935,-0.07542483508586884,0.3334364891052246,0.5292661190032959,-0.041831471025943756,0.3785703182220459,0.562107264995575,-0.0771230012178421,0.3807505965232849,0.6338974833488464,-0.07069132477045059,0.373847097158432,0.6660200357437134,-0.058053936809301376,0.31126147508621216,0.5667819380760193,-0.0504983551800251,0.3507094383239746,0.5791404843330383,-0.07214481383562088,0.36010366678237915,0.630965530872345,-0.06476268172264099,0.3576025068759918,0.657771110534668,-0.053544919937849045
D,0.32624536752700806,0.7257576584815979,1.1723728476908946e-07,0.3657832145690918,0.6887943744659424,-0.024189449846744537,0.3959709703922272,0.6315066814422607,-0.04432163015007973,0.3945862054824829,0.5765709280967712,-0.06467052549123764,0.3668615520000458,0.5490667819976807,-0.08465670794248581,0.3557906746864319,0.49089398980140686,-0.030646417289972305,0.36736518144607544,0.40200644731521606,-0.05606319010257721,0.3755628168582916,0.33933311700820923,-0.07050393521785736,0.3814530074596405,0.2881850600242615,-0.07917856425046921,0.32125937938690186,0.4972454309463501,-0.03257915377616882,0.35005566477775574,0.497930109500885,-0.07084786146879196,0.35666191577911377,0.5799168348312378,-0.07930291444063187,0.35396844148635864,0.6248469352722168,-0.07646239548921585,0.29368075728416443,0.5234047174453735,-0.03653918579220772,0.3266150653362274,0.5375056266784668,-0.07347942888736725,0.3352031707763672,0.61224365234375,-0.06643442809581757,0.3338969051837921,0.6501038670539856,-0.051873579621315,0.2695683538913727,0.5598605871200562,-0.04244256392121315,0.29812708497047424,0.5606070160865784,-0.0654478520154953,0.3123463988304138,0.6109786033630371,-0.05744869261980057,0.3140385150909424,0.6383761167526245,-0.04461091011762619
D,0.2859131097793579,0.7103963494300842,6.46397850800895e-08,0.3222348392009735,0.6696942448616028,-0.02189541794359684,0.3498433530330658,0.603537917137146,-0.03742026910185814,0.3411531448364258,0.5500874519348145,-0.05310015380382538,0.3147461712360382,0.5229540467262268,-0.0687035471200943,0.31006303429603577,0.4900949001312256,-0.026812395080924034,0.31300076842308044,0.38991791009902954,-0.04904910922050476,0.3154849708080292,0.3257213234901428,-0.061976753175258636,0.31568214297294617,0.2720080018043518,-0.07008751481771469,0.2783092260360718,0.506303608417511,-0.02866935357451439,0.29411906003952026,0.47826939821243286,-0.06744487583637238,0.3038303852081299,0.5542179942131042,-0.07753292471170425,0.30543652176856995,0.6071892976760864,-0.07544374465942383,0.25218790769577026,0.5339875221252441,-0.032100144773721695,0.26934027671813965,0.5172621011734009,-0.06941237300634384,0.28398868441581726,0.590878963470459,-0.06287407130002975,0.28935250639915466,0.6369727253913879,-0.0481269508600235,0.2283145785331726,0.5691399574279785,-0.03702198341488838,0.24326546490192413,0.542843759059906,-0.060922183096408844,0.26088201999664307,0.5925405025482178,-0.05273855850100517,0.26786908507347107,0.62776118516922,-0.03960050269961357
D,0.27643275260925293,0.7085329294204712,9.181859184081986e-08,0.30980950593948364,0.6656893491744995,-0.022310074418783188,0.3360126316547394,0.6013299226760864,-0.03912785276770592,0.3278612792491913,0.5496845245361328,-0.05622429400682449,0.3020113408565521,0.5232170224189758,-0.07328278571367264,0.2984909415245056,0.4914340376853943,-0.02807580679655075,0.29941046237945557,0.3880167603492737,-0.051078278571367264,0.3008350133895874,0.32320111989974976,-0.0643799901008606,0.3006856441497803,0.2679710388183594,-0.07270731031894684,0.2681735157966614,0.5112276673316956,-0.030183270573616028,0.2831977605819702,0.47693198919296265,-0.06889373809099197,0.2918512523174286,0.5521157383918762,-0.07855191081762314,0.2928435802459717,0.6009166240692139,-0.07634091377258301,0.24269893765449524,0.540192186832428,-0.033957477658987045,0.258710652589798,0.515963613986969,-0.07148115336894989,0.2727142572402954,0.5888024568557739,-0.06443633884191513,0.2773720920085907,0.6332116723060608,-0.04946441203355789,0.21902133524417877,0.5761752128601074,-0.03925623744726181,0.23086440563201904,0.5453597903251648,-0.06361831724643707,0.24875298142433167,0.5935102105140686,-0.055153146386146545,0.2566027343273163,0.6285592913627625,-0.04184090718626976
D,0.2595548629760742,0.7077257037162781,8.13703096014251e-08,0.2908647060394287,0.6617816686630249,-0.021536609157919884,0.3147788345813751,0.589409351348877,-0.03647098317742348,0.29797399044036865,0.5423412919044495,-0.05147944390773773,0.2677740454673767,0.5254489183425903,-0.06665743887424469,0.2747674584388733,0.4966049790382385,-0.0258297398686409,0.27185556292533875,0.3882695436477661,-0.047859497368335724,0.27304238080978394,0.32272854447364807,-0.060636602342128754,0.2723381817340851,0.2664037346839905,-0.06884508579969406,0.24648381769657135,0.520293653011322,-0.02783581241965294,0.256344199180603,0.47227171063423157,-0.06458616256713867,0.26750433444976807,0.5468176007270813,-0.07372788339853287,0.26909273862838745,0.5931586027145386,-0.07154387980699539,0.2226901799440384,0.5502780079841614,-0.03145867958664894,0.23135048151016235,0.5154079794883728,-0.06747888773679733,0.24767985939979553,0.5861234068870544,-0.06004141643643379,0.252268522977829,0.6259599328041077,-0.04516422748565674,0.1992330551147461,0.585538387298584,-0.03643720969557762,0.20332574844360352,0.5433589220046997,-0.05852266401052475,0.22252337634563446,0.5871278643608093,-0.04848121851682663,0.23099927604198456,0.6193695664405823,-0.03475724905729294
D,0.26589033007621765,0.7085239291191101,8.78800250347922e-08,0.29768621921539307,0.6635639071464539,-0.02184867486357689,0.3236527740955353,0.5923122763633728,-0.0371919721364975,0.30981624126434326,0.5418561697006226,-0.05256636068224907,0.2800261974334717,0.5255877375602722,-0.06802702695131302,0.282487154006958,0.496537446975708,-0.026505714282393456,0.28024768829345703,0.3877728581428528,-0.04878106713294983,0.2811596691608429,0.3221147656440735,-0.06130754575133324,0.2807273268699646,0.26681098341941833,-0.06909379363059998,0.2539711594581604,0.5201830267906189,-0.028569696471095085,0.26534032821655273,0.47169336676597595,-0.06640499085187912,0.27615728974342346,0.5459084510803223,-0.07575555145740509,0.2783278524875641,0.5939923524856567,-0.07324016839265823,0.2298264056444168,0.5501667261123657,-0.03224269673228264,0.2411680370569229,0.5182000994682312,-0.06927638500928879,0.25695356726646423,0.5889964699745178,-0.06227225810289383,0.26181691884994507,0.6296881437301636,-0.047221649438142776,0.20607000589370728,0.5853117108345032,-0.03724109008908272,0.21255570650100708,0.545286238193512,-0.05970929563045502,0.23139336705207825,0.5901380181312561,-0.049862612038850784,0.2395615428686142,0.6232345104217529,-0.03606080636382103
D,0.3045797348022461,0.7181003093719482,9.834518976958861e-08,0.34106606245040894,0.6809234619140625,-0.022570641711354256,0.3701268434524536,0.6201558113098145,-0.04055261239409447,0.36632442474365234,0.565887451171875,-0.05882008746266365,0.3386153280735016,0.5474230647087097,-0.07706359773874283,0.32711759209632874,0.4905551075935364,-0.02983240783214569,0.334113210439682,0.39526933431625366,-0.05333010479807854,0.33966928720474243,0.3328828811645508,-0.06699028611183167,0.34379711747169495,0.28121984004974365,-0.07536236196756363,0.2938160002231598,0.49997395277023315,-0.031725917011499405,0.31758081912994385,0.4925072193145752,-0.06883766502141953,0.3265429437160492,0.5689959526062012,-0.0777909979224205,0.32717806100845337,0.6183680295944214,-0.0755060613155365,0.26633286476135254,0.5266596674919128,-0.03527354076504707,0.29184889793395996,0.5310319662094116,-0.06983783096075058,0.3045736253261566,0.6013873219490051,-0.06334225833415985,0.30827340483665466,0.6441400647163391,-0.04958873242139816,0.24190787971019745,0.5631939172744751,-0.040701139718294144,0.26359066367149353,0.558921217918396,-0.06200166791677475,0.28112083673477173,0.6039131283760071,-0.054531484842300415,0.28770098090171814,0.63299959897995,-0.042380403727293015
D,0.34827372431755066,0.7434836626052856,7.202260121630388e-08,0.3890341520309448,0.7084409594535828,-0.022295154631137848,0.42230257391929626,0.6511344909667969,-0.042220111936330795,0.42395561933517456,0.5975791811943054,-0.06281166523694992,0.3976651132106781,0.5757937431335449,-0.08349765092134476,0.3789656162261963,0.5103057026863098,-0.033277612179517746,0.3954857587814331,0.421570360660553,-0.05794563144445419,0.4063248038291931,0.36004552245140076,-0.07216951996088028,0.4148615300655365,0.308679461479187,-0.08088447153568268,0.34352394938468933,0.512024462223053,-0.035663291811943054,0.3785310685634613,0.5331210494041443,-0.07034382224082947,0.38195347785949707,0.612122118473053,-0.07796323299407959,0.3768712282180786,0.6505908966064453,-0.07644760608673096,0.3154470920562744,0.5371657609939575,-0.03958059102296829,0.3555125594139099,0.5621200799942017,-0.07301261276006699,0.36149775981903076,0.6340236663818359,-0.06609880924224854,0.35845181345939636,0.669459342956543,-0.05340925604104996,0.29171520471572876,0.573462724685669,-0.045487597584724426,0.32549625635147095,0.5775547623634338,-0.06629209220409393,0.3385598361492157,0.6268780827522278,-0.05842217057943344,0.34017297625541687,0.6568651795387268,-0.04651712253689766
D,0.3767220973968506,0.7561684250831604,9.67508739790901e-08,0.42450839281082153,0.7203384041786194,-0.01911296136677265,0.46033796668052673,0.6687172651290894,-0.038982607424259186,0.46725910902023315,0.6148644089698792,-0.060813430696725845,0.4421265423297882,0.5967472195625305,-0.08329689502716064,0.42084449529647827,0.5223841071128845,-0.029444338753819466,0.44467321038246155,0.4406449496746063,-0.05657407268881798,0.46116533875465393,0.38083043694496155,-0.07354285567998886,0.4732392430305481,0.33075177669525146,-0.08448943495750427,0.3865058124065399,0.5221293568611145,-0.03548988327383995,0.42862215638160706,0.5464481711387634,-0.0739385262131691,0.42825794219970703,0.627575695514679,-0.08313577622175217,0.4172177016735077,0.66814786195755,-0.08216366171836853,0.35901468992233276,0.5462473034858704,-0.043456289917230606,0.40447095036506653,0.5799269080162048,-0.08008924126625061,0.40497511625289917,0.6509751677513123,-0.07480715960264206,0.39583271741867065,0.6839481592178345,-0.06285571306943893,0.3357124924659729,0.581607460975647,-0.05329309031367302,0.37484851479530334,0.5959925651550293,-0.07654385268688202,0.3835028409957886,0.6474475860595703,-0.07026137411594391,0.37992456555366516,0.6756382584571838,-0.05965712293982506
D,0.38809704780578613,0.7622193694114685,6.144730235746465e-08,0.43334364891052246,0.7267328500747681,-0.017185116186738014,0.46788597106933594,0.6770452260971069,-0.03572840988636017,0.47401851415634155,0.6292206048965454,-0.05624701827764511,0.4520641267299652,0.6034808158874512,-0.07715680450201035,0.4318574368953705,0.5215837359428406,-0.027434898540377617,0.4588492512702942,0.44552603363990784,-0.05239245295524597,0.4758581519126892,0.3874119520187378,-0.06800617277622223,0.4883677661418915,0.3370652198791504,-0.07827303558588028,0.3974657654762268,0.5184128880500793,-0.03354939445853233,0.4423937201499939,0.5487180948257446,-0.06804008036851883,0.4409451484680176,0.630219578742981,-0.0757804811000824,0.4290089011192322,0.669358491897583,-0.07477231323719025,0.36985674500465393,0.5423585772514343,-0.041330937296152115,0.4184037446975708,0.580522894859314,-0.07452812790870667,0.41700252890586853,0.6514074802398682,-0.06869916617870331,0.40700456500053406,0.6823977828025818,-0.057379499077796936,0.34720396995544434,0.5799213647842407,-0.050843678414821625,0.386787474155426,0.5975664258003235,-0.07180240750312805,0.3945820927619934,0.6489498615264893,-0.0650976225733757,0.3918677866458893,0.6759600043296814,-0.054698407649993896
D,0.3847762942314148,0.7555316686630249,7.475515673149857e-08,0.42907142639160156,0.7231969833374023,-0.018697500228881836,0.4644273519515991,0.6723723411560059,-0.03763262555003166,0.46871495246887207,0.6228349208831787,-0.05791272222995758,0.44553494453430176,0.5967653393745422,-0.0785253569483757,0.42706921696662903,0.5187788009643555,-0.029507672414183617,0.45322951674461365,0.4407210946083069,-0.05512644350528717,0.4702048897743225,0.38288649916648865,-0.07104723900556564,0.4831438958644867,0.33303481340408325,-0.08131483197212219,0.3918922543525696,0.5159686803817749,-0.03465079143643379,0.43694019317626953,0.5446728467941284,-0.070249043405056,0.43623116612434387,0.626967191696167,-0.07864983379840851,0.42480263113975525,0.6672184467315674,-0.07788514345884323,0.36381134390830994,0.5404497981071472,-0.041358571499586105,0.41186147928237915,0.574714720249176,-0.07587642967700958,0.4116581976413727,0.6479999423027039,-0.06975148618221283,0.4024446904659271,0.6806292533874512,-0.05780388414859772,0.34052765369415283,0.5784016251564026,-0.049706000834703445,0.3793438673019409,0.5888621807098389,-0.07176455110311508,0.3882790803909302,0.6421273946762085,-0.0642937645316124,0.38601741194725037,0.6709548234939575,-0.05294053629040718
D,0.34556400775909424,0.7364351749420166,9.489117047678519e-08,0.38473445177078247,0.7070944309234619,-0.022809814661741257,0.41865628957748413,0.6504177451133728,-0.04140385240316391,0.4175775349140167,0.5957697033882141,-0.059919122606515884,0.39207345247268677,0.5641763210296631,-0.07815811038017273,0.3807750940322876,0.5041365027427673,-0.03147789463400841,0.39713332056999207,0.4182273745536804,-0.05583275109529495,0.4085405170917511,0.3581443428993225,-0.06970168650150299,0.41747310757637024,0.3079063296318054,-0.07813271135091782,0.3445628583431244,0.5037000179290771,-0.033423975110054016,0.3769162595272064,0.5148028135299683,-0.06885360926389694,0.3815813362598419,0.5949656963348389,-0.07641111314296722,0.37764236330986023,0.6396135091781616,-0.07404983043670654,0.3155640661716461,0.5273836255073547,-0.03710147738456726,0.3520185947418213,0.5531010031700134,-0.07148880511522293,0.3570171296596527,0.6269532442092896,-0.06467743217945099,0.3536017835140228,0.6637203693389893,-0.051441680639982224,0.29054707288742065,0.5631102323532104,-0.042643994092941284,0.3219069540500641,0.5710768103599548,-0.06431467831134796,0.3339396119117737,0.6233953833580017,-0.056633953005075455,0.3346385359764099,0.6517608761787415,-0.04458705335855484
D,0.3162316381931305,0.7260870337486267,1.0058088406594834e-07,0.3534435033798218,0.692419171333313,-0.02401864156126976,0.38416096568107605,0.6350755095481873,-0.04248388856649399,0.37977334856987,0.5818864107131958,-0.06091615557670593,0.35344943404197693,0.554811418056488,-0.07920235395431519,0.3482528328895569,0.4976688623428345,-0.030333345755934715,0.3577428460121155,0.4022776186466217,-0.05408841371536255,0.36482787132263184,0.3383887708187103,-0.06788086146116257,0.3692615330219269,0.2859452962875366,-0.07625007629394531,0.31361743807792664,0.5049002170562744,-0.03155609592795372,0.33548301458358765,0.49555566906929016,-0.06893680989742279,0.3422294855117798,0.5748685598373413,-0.07768511027097702,0.3411480486392975,0.6244317889213562,-0.07503580302000046,0.28461164236068726,0.5287392735481262,-0.03462519869208336,0.30847495794296265,0.5346663594245911,-0.0702722817659378,0.31851452589035034,0.6089082956314087,-0.06346432119607925,0.3200053572654724,0.6519247889518738,-0.049115534871816635,0.25800761580467224,0.5616568922996521,-0.03961822763085365,0.2785636782646179,0.5561606884002686,-0.06195630133152008,0.2940702736377716,0.6072996258735657,-0.05393077805638313,0.29865744709968567,0.6393377184867859,-0.041074689477682114
D,0.2936665713787079,0.7192550897598267,5.3862279969507654e-08,0.3303126096725464,0.6830607652664185,-0.022394679486751556,0.360222190618515,0.6202879548072815,-0.038614723831415176,0.35165220499038696,0.5657590627670288,-0.055011000484228134,0.32557412981987,0.5392818450927734,-0.07154317945241928,0.3223118185997009,0.4965670704841614,-0.027959899976849556,0.32693788409233093,0.395206093788147,-0.05034666135907173,0.33064836263656616,0.32963523268699646,-0.06375708431005478,0.3321194648742676,0.2749444842338562,-0.07232590019702911,0.2900598645210266,0.5118485689163208,-0.029766982421278954,0.3056759834289551,0.4896279573440552,-0.06777279078960419,0.3130221664905548,0.5648871064186096,-0.07795305550098419,0.3135402500629425,0.6154756546020508,-0.07647113502025604,0.2635360062122345,0.5388450026512146,-0.03316071629524231,0.27966299653053284,0.5263361930847168,-0.06981055438518524,0.29241055250167847,0.59837806224823,-0.06367316842079163,0.2970500886440277,0.6427847146987915,-0.04970504343509674,0.23915760219097137,0.5728971362113953,-0.03815523535013199,0.25159865617752075,0.5471058487892151,-0.062061529606580734,0.2686139643192291,0.5956116318702698,-0.05419572815299034,0.27641433477401733,0.6300097107887268,-0.04139937460422516
D,0.2740975022315979,0.717420220375061,7.85218219334638e-08,0.30820515751838684,0.6753588318824768,-0.02326616458594799,0.33545786142349243,0.6083892583847046,-0.03960714861750603,0.320750892162323,0.5596219897270203,-0.05573366582393646,0.2905333936214447,0.5398396253585815,-0.07216431200504303,0.29705801606178284,0.5041127800941467,-0.028906408697366714,0.29757654666900635,0.3950711786746979,-0.05186073109507561,0.29953283071517944,0.3283906579017639,-0.06555000692605972,0.29914313554763794,0.27107876539230347,-0.07447824627161026,0.2666991353034973,0.5255544185638428,-0.03029521368443966,0.2774026691913605,0.48405152559280396,-0.06822963058948517,0.2861367166042328,0.5603175163269043,-0.0776730328798294,0.28722867369651794,0.6093959808349609,-0.0757921114563942,0.2411213368177414,0.5540317893028259,-0.03341894596815109,0.2506127655506134,0.523749589920044,-0.07032839208841324,0.26507678627967834,0.5965089201927185,-0.06307119876146317,0.2701150178909302,0.6392287015914917,-0.04842604324221611,0.21638892590999603,0.5876275300979614,-0.038055844604969025,0.22153335809707642,0.5499793887138367,-0.06168350577354431,0.2395225614309311,0.5982717275619507,-0.05250884220004082,0.248111292719841,0.6330081224441528,-0.03924515098333359
D,0.2578932046890259,0.7158286571502686,9.755532204280826e-08,0.2905765175819397,0.6733388900756836,-0.025022301822900772,0.31490397453308105,0.600850522518158,-0.041014958173036575,0.29459330439567566,0.5555933713912964,-0.0562603585422039,0.26316502690315247,0.5394496917724609,-0.07160252332687378,0.2749348282814026,0.5006790161132812,-0.028889402747154236,0.27296531200408936,0.39379918575286865,-0.05144106224179268,0.27401018142700195,0.32800906896591187,-0.06472839415073395,0.2730734050273895,0.27198678255081177,-0.07337737828493118,0.2448248267173767,0.5246784687042236,-0.029447438195347786,0.2531086206436157,0.48405784368515015,-0.06746239215135574,0.26359784603118896,0.5578864812850952,-0.07726235687732697,0.2659716010093689,0.6041052341461182,-0.07529895007610321,0.22001880407333374,0.5554810762405396,-0.03192893788218498,0.22821953892707825,0.5284636616706848,-0.0694454163312912,0.24473212659358978,0.601013720035553,-0.06290418654680252,0.2503299117088318,0.6401090621948242,-0.048394255340099335,0.19593219459056854,0.5910963416099548,-0.03601926937699318,0.20027178525924683,0.5565099120140076,-0.05976683646440506,0.21884748339653015,0.6037104725837708,-0.050894953310489655,0.2273840606212616,0.6339206695556641,-0.03777549788355827
D,0.24788369238376617,0.7146847248077393,8.953202979000707e-08,0.27914562821388245,0.6721706986427307,-0.02445315197110176,0.30127784609794617,0.5997747182846069,-0.04029468446969986,0.2796655297279358,0.5544638633728027,-0.05558062344789505,0.24680304527282715,0.5426796674728394,-0.07108402997255325,0.26162877678871155,0.49969232082366943,-0.0282890647649765,0.25772467255592346,0.39411717653274536,-0.05037664249539375,0.25750911235809326,0.32952266931533813,-0.06339579820632935,0.25536537170410156,0.2745060324668884,-0.07192901521921158,0.2315942794084549,0.5241615772247314,-0.029017141088843346,0.2372622787952423,0.48658451437950134,-0.06670381873846054,0.24870841205120087,0.5556308627128601,-0.07710447907447815,0.25202426314353943,0.5986667275428772,-0.07582873106002808,0.2068532109260559,0.5552167892456055,-0.03151606023311615,0.21306155622005463,0.5301510095596313,-0.06870171427726746,0.23133958876132965,0.6005114316940308,-0.06278688460588455,0.23854847252368927,0.6396883130073547,-0.048834387212991714,0.18315653502941132,0.5913790464401245,-0.0355791300535202,0.1862090528011322,0.5590329766273499,-0.05927800014615059,0.20570553839206696,0.6051984429359436,-0.05085606500506401,0.21548132598400116,0.6353245377540588,-0.038037776947021484
D,0.24930955469608307,0.7129713296890259,7.677484603618723e-08,0.2818027436733246,0.6702348589897156,-0.02527446858584881,0.3051692843437195,0.5984265804290771,-0.04150305688381195,0.2839735448360443,0.5526447296142578,-0.05697174742817879,0.25102508068084717,0.5383570194244385,-0.07261361181735992,0.2647887170314789,0.49960964918136597,-0.029678482562303543,0.2613842189311981,0.3931320905685425,-0.05254364758729935,0.26055997610092163,0.32745859026908875,-0.06569564342498779,0.25849461555480957,0.27158182859420776,-0.07408374547958374,0.2346557229757309,0.5242849588394165,-0.029806528240442276,0.2412688285112381,0.48583248257637024,-0.06873507052659988,0.2519116997718811,0.5591234564781189,-0.07882003486156464,0.25535285472869873,0.6048615574836731,-0.07687652111053467,0.21020153164863586,0.554746150970459,-0.03175656124949455,0.21657754480838776,0.5282993912696838,-0.06991241127252579,0.23401442170143127,0.6007026433944702,-0.0635094940662384,0.2414088100194931,0.6409054398536682,-0.04883205145597458,0.186769038438797,0.5896618366241455,-0.03530524671077728,0.18911877274513245,0.5543548464775085,-0.05963224545121193,0.20848651230335236,0.6019886136054993,-0.05108264461159706,0.21865428984165192,0.6331470608711243,-0.03790891543030739
D,0.28399279713630676,0.7207784652709961,4.414934906549206e-08,0.32123252749443054,0.6834086179733276,-0.023188546299934387,0.35037606954574585,0.6152088642120361,-0.03970294073224068,0.3363422155380249,0.5609647035598755,-0.05595466122031212,0.30565473437309265,0.5337412357330322,-0.07222739607095718,0.31042617559432983,0.4908957779407501,-0.02841995656490326,0.3138543963432312,0.3932843804359436,-0.05117755010724068,0.31679290533065796,0.32830560207366943,-0.06474907696247101,0.3181549906730652,0.2750425338745117,-0.07361292839050293,0.27584031224250793,0.5032006502151489,-0.029759101569652557,0.29098591208457947,0.491842657327652,-0.06795909255743027,0.30103468894958496,0.5710436105728149,-0.07790511846542358,0.30347543954849243,0.6227912902832031,-0.07611794024705887,0.2485562264919281,0.5313904881477356,-0.03279190883040428,0.2650027573108673,0.5300446152687073,-0.0700351819396019,0.2815222144126892,0.6040213108062744,-0.06407039612531662,0.288301020860672,0.6480309963226318,-0.05035586655139923,0.22456635534763336,0.5690736770629883,-0.03743823617696762,0.23929622769355774,0.5587828755378723,-0.0630665272474289,0.2587401866912842,0.6107524633407593,-0.05647706240415573,0.2675008177757263,0.6427270770072937,-0.04433947056531906
D,0.3398821949958801,0.7594768404960632,1.4694008143578685e-07,0.3825027048587799,0.719873309135437,-0.028264911845326424,0.41367754340171814,0.6675235629081726,-0.0535949282348156,0.41467228531837463,0.615900456905365,-0.07940151542425156,0.38711580634117126,0.599207878112793,-0.10495426505804062,0.3758258819580078,0.5127899646759033,-0.0372677780687809,0.3928288519382477,0.42860841751098633,-0.06620699167251587,0.4034004807472229,0.36264362931251526,-0.08273957669734955,0.4104740023612976,0.3111668527126312,-0.09304152429103851,0.33797314763069153,0.5159982442855835,-0.03948381170630455,0.3710150122642517,0.5352894067764282,-0.07941063493490219,0.3753564655780792,0.6196995377540588,-0.08724886924028397,0.37038254737854004,0.6591519713401794,-0.084150031208992,0.3083000183105469,0.5432465672492981,-0.044446446001529694,0.3466455042362213,0.5812674760818481,-0.08203255385160446,0.3528286814689636,0.6518955826759338,-0.07558511197566986,0.3494080603122711,0.6824535131454468,-0.06210396811366081,0.28339311480522156,0.5824368000030518,-0.05223982036113739,0.31686142086982727,0.6038222908973694,-0.07577164471149445,0.32939767837524414,0.6544399857521057,-0.06939941644668579,0.3300802707672119,0.6790679693222046,-0.05817292258143425
D,0.3737059533596039,0.7884941101074219,1.1386798348667071e-07,0.4186359643936157,0.7497395277023315,-0.01979869045317173,0.4530283808708191,0.7012142539024353,-0.04132550209760666,0.4627409279346466,0.6560202240943909,-0.06457503885030746,0.4411813020706177,0.6387399435043335,-0.08833392709493637,0.41625064611434937,0.5437835454940796,-0.033793725073337555,0.4429178535938263,0.4622107446193695,-0.061508722603321075,0.46044808626174927,0.39987096190452576,-0.07811425626277924,0.4723570942878723,0.34823718667030334,-0.08877111971378326,0.37848153710365295,0.5414412021636963,-0.04004334658384323,0.4224882423877716,0.5772701501846313,-0.0768660306930542,0.42217111587524414,0.664350152015686,-0.08443380147218704,0.41060489416122437,0.6995744705200195,-0.08270463347434998,0.34845900535583496,0.5684892535209656,-0.04794614762067795,0.39638057351112366,0.6204551458358765,-0.08317333459854126,0.39659714698791504,0.6926256418228149,-0.07672119140625,0.38702160120010376,0.717711329460144,-0.06466195732355118,0.3229658603668213,0.6090154051780701,-0.05787594988942146,0.36118608713150024,0.6390507817268372,-0.07979845255613327,0.3733292520046234,0.6934083104133606,-0.071966253221035,0.37443849444389343,0.7182528972625732,-0.060336884111166
D,0.40372973680496216,0.8093646764755249,1.1599268390227735e-07,0.4518207907676697,0.7705239057540894,-0.014516985043883324,0.4884394407272339,0.7279973030090332,-0.035976920276880264,0.5054129958152771,0.6849024295806885,-0.060696836560964584,0.48517587780952454,0.6696268916130066,-0.08627025783061981,0.45356225967407227,0.5666344165802002,-0.030008474364876747,0.4853556454181671,0.49200764298439026,-0.057782191783189774,0.5075980424880981,0.4366445541381836,-0.07503064721822739,0.5246210694313049,0.38879311084747314,-0.08636309951543808,0.41692274808883667,0.5635821223258972,-0.03995906561613083,0.4714701175689697,0.6054096817970276,-0.07546821236610413,0.4682186245918274,0.6900646090507507,-0.0824950784444809,0.45296576619148254,0.7200818061828613,-0.08119352906942368,0.38847020268440247,0.5925893783569336,-0.05128045752644539,0.44511038064956665,0.6452023386955261,-0.08505890518426895,0.4420793354511261,0.7159267067909241,-0.07810744643211365,0.4292013943195343,0.7383286356925964,-0.06649245321750641,0.3658943772315979,0.6367964148521423,-0.06425043195486069,0.4080638587474823,0.6671338677406311,-0.08457285910844803,0.4198140501976013,0.7168552875518799,-0.07612081617116928,0.42009225487709045,0.7387776970863342,-0.06475912034511566
D,0.42043304443359375,0.8233370780944824,1.6250994860911305e-07,0.4684082269668579,0.7841063141822815,-0.015447392128407955,0.5048507452011108,0.7454681396484375,-0.03799569606781006,0.5247645378112793,0.7103602886199951,-0.06349246203899384,0.5166162848472595,0.6954827904701233,-0.08926474303007126,0.4742605686187744,0.5738070607185364,-0.03209168091416359,0.5119752883911133,0.5063586235046387,-0.061233483254909515,0.5383117198944092,0.4571060538291931,-0.07994909584522247,0.5593103766441345,0.41249775886535645,-0.09229718893766403,0.43859899044036865,0.5707422494888306,-0.041809991002082825,0.4984072744846344,0.6257901787757874,-0.07752691954374313,0.49412840604782104,0.6997589468955994,-0.08562547713518143,0.4784870147705078,0.7180947661399841,-0.08590971678495407,0.41199901700019836,0.5991929769515991,-0.05307815223932266,0.4736288785934448,0.6698924899101257,-0.08585583418607712,0.46769848465919495,0.734533965587616,-0.07986388355493546,0.4534977972507477,0.7484377026557922,-0.06976041197776794,0.39240220189094543,0.6429488658905029,-0.06630364805459976,0.44128555059432983,0.6888203024864197,-0.08508709073066711,0.44700172543525696,0.7365598082542419,-0.07708775997161865,0.4416734576225281,0.7517427802085876,-0.06665479391813278
D,0.40102991461753845,0.8061373829841614,1.7492354231762874e-07,0.4454406499862671,0.7677536010742188,-0.017527664080262184,0.4813538193702698,0.7255296111106873,-0.04172469675540924,0.49882328510284424,0.6827348470687866,-0.06882491707801819,0.48039472103118896,0.6712737679481506,-0.09656801074743271,0.447571337223053,0.5650160312652588,-0.032618895173072815,0.47930917143821716,0.492027223110199,-0.06270857155323029,0.5044785737991333,0.4369526505470276,-0.08121557533740997,0.5238396525382996,0.3918286859989166,-0.09285808354616165,0.4102589190006256,0.5633307099342346,-0.041517361998558044,0.46572771668434143,0.6053225994110107,-0.07809729129076004,0.4629810154438019,0.6875628232955933,-0.08487015962600708,0.44693732261657715,0.7120493054389954,-0.08332812786102295,0.38205596804618835,0.5916422009468079,-0.052394334226846695,0.43983379006385803,0.6465349793434143,-0.08686188608407974,0.43598151206970215,0.7132212519645691,-0.07987365126609802,0.42108309268951416,0.7281826734542847,-0.0683722272515297,0.35978955030441284,0.6349910497665405,-0.06520456075668335,0.4063871502876282,0.6656724214553833,-0.08501749485731125,0.41446635127067566,0.7138959765434265,-0.07619919627904892,0.4086524248123169,0.7310207486152649,-0.06493128091096878
D,0.3692513108253479,0.78192138671875,1.4320430352654512e-07,0.41015371680259705,0.7478457093238831,-0.022918442264199257,0.4440433979034424,0.6965181827545166,-0.04575542360544205,0.4544239044189453,0.6480328440666199,-0.06957601755857468,0.4324299991130829,0.6329697370529175,-0.09357619285583496,0.4058455526828766,0.5368091464042664,-0.036259572952985764,0.4305000305175781,0.4547327160835266,-0.06354936957359314,0.4466583728790283,0.3937017023563385,-0.08018793165683746,0.45856764912605286,0.34267985820770264,-0.09098459035158157,0.36807289719581604,0.5383832454681396,-0.04077388718724251,0.41375792026519775,0.5707269906997681,-0.07684128731489182,0.4159998297691345,0.6522806286811829,-0.08464647084474564,0.40685588121414185,0.6878488659858704,-0.08372390270233154,0.3384806513786316,0.5676024556159973,-0.04719343036413193,0.38894492387771606,0.6106929779052734,-0.08062860369682312,0.39015859365463257,0.6792007684707642,-0.07415913790464401,0.3813212215900421,0.7050039768218994,-0.06284411996603012,0.314163476228714,0.6101022958755493,-0.0560024231672287,0.3561897873878479,0.630431056022644,-0.07632005214691162,0.36608147621154785,0.6799494028091431,-0.06883037090301514,0.36359351873397827,0.7041873931884766,-0.0580734983086586
D,0.31626206636428833,0.7534136176109314,1.2488924028275505e-07,0.35514113306999207,0.7168828248977661,-0.026638653129339218,0.38789495825767517,0.6625111103057861,-0.048443544656038284,0.3849753141403198,0.614379346370697,-0.06995727121829987,0.3590201735496521,0.5938329696655273,-0.09111440926790237,0.3448984622955322,0.5119910836219788,-0.03639277070760727,0.35597893595695496,0.4213256239891052,-0.06288985908031464,0.3634334206581116,0.35503923892974854,-0.07871650904417038,0.36946216225624084,0.3020365834236145,-0.08845911920070648,0.30672547221183777,0.515285074710846,-0.03753812611103058,0.3367834985256195,0.5331704020500183,-0.07515434920787811,0.3436131179332733,0.6116553544998169,-0.08424929529428482,0.342098206281662,0.6573967933654785,-0.08252400159835815,0.27623510360717773,0.5431572794914246,-0.040690694004297256,0.30972322821617126,0.5752989053726196,-0.07535999268293381,0.31831154227256775,0.6436699628829956,-0.06950748711824417,0.31852367520332336,0.6791771650314331,-0.05690090358257294,0.2498602271080017,0.5829784870147705,-0.046356525272130966,0.2780964970588684,0.6008093953132629,-0.0677495077252388,0.2932414412498474,0.6478612422943115,-0.06092590093612671,0.29762956500053406,0.6721732020378113,-0.04934830591082573
D,0.2997525632381439,0.7495461106300354,9.921193111495086e-08,0.3374045193195343,0.712619960308075,-0.024262744933366776,0.3695300221443176,0.6537545919418335,-0.04396325349807739,0.36343929171562195,0.6041218042373657,-0.06348622590303421,0.3345277011394501,0.587152898311615,-0.0830334797501564,0.3253273665904999,0.5127653479576111,-0.03507951274514198,0.3315763473510742,0.415437787771225,-0.06071184203028679,0.33727437257766724,0.3480743169784546,-0.07634038478136063,0.34148970246315,0.29375550150871277,-0.08628463000059128,0.28831642866134644,0.519859790802002,-0.03717292100191116,0.31320202350616455,0.5279514789581299,-0.07550645619630814,0.3216254711151123,0.6058401465415955,-0.08570228517055511,0.3210565745830536,0.6530970931053162,-0.0847327709197998,0.25888094305992126,0.5495162606239319,-0.04080979898571968,0.2864515781402588,0.5729286074638367,-0.07626966387033463,0.2988666296005249,0.6414339542388916,-0.07084356248378754,0.3014299273490906,0.6777604222297668,-0.058497730642557144,0.23326948285102844,0.5895228385925293,-0.046536318957805634,0.2563585340976715,0.603318989276886,-0.06910295784473419,0.27409669756889343,0.6507104635238647,-0.062345147132873535,0.2804573178291321,0.6752257347106934,-0.05081750079989433
D,0.3150492012500763,0.7906057834625244,1.2306092855851603e-07,0.3538387417793274,0.7579023838043213,-0.027907099574804306,0.3856008052825928,0.7032228708267212,-0.05079853534698486,0.3799644708633423,0.6608701944351196,-0.07302814722061157,0.35298940539360046,0.6482803225517273,-0.09491295367479324,0.3481311500072479,0.5478135347366333,-0.03934626281261444,0.360541969537735,0.45592010021209717,-0.07001903653144836,0.37015771865844727,0.3876224160194397,-0.0888659730553627,0.3772394359111786,0.33352962136268616,-0.10061562806367874,0.3062727153301239,0.5486433506011963,-0.041106242686510086,0.33389779925346375,0.5673941373825073,-0.08461665362119675,0.34422430396080017,0.6515803337097168,-0.09567293524742126,0.3453502953052521,0.7016406059265137,-0.09377579391002655,0.2725989520549774,0.5757654309272766,-0.045236483216285706,0.30398640036582947,0.623237669467926,-0.08365221321582794,0.31611213088035583,0.6925902962684631,-0.07953477650880814,0.3184434473514557,0.7248902916908264,-0.06725308299064636,0.24509039521217346,0.6162876486778259,-0.05209703370928764,0.2726067304611206,0.6517369747161865,-0.0763823613524437,0.29047417640686035,0.7024719715118408,-0.07174009829759598,0.29709795117378235,0.7238407135009766,-0.06126733869314194
D,0.22551199793815613,0.8114395141601562,1.1594040927320748e-07,0.2616415023803711,0.7863616943359375,-0.026619087904691696,0.29345405101776123,0.7335340976715088,-0.04763243719935417,0.27089497447013855,0.6981468200683594,-0.06705739349126816,0.2363320291042328,0.684547483921051,-0.08544723689556122,0.25887078046798706,0.5923988819122314,-0.041066400706768036,0.2633714973926544,0.4955231547355652,-0.06896901875734329,0.26773548126220703,0.43052008748054504,-0.08387792855501175,0.26914316415786743,0.3747338652610779,-0.09416801482439041,0.21900175511837006,0.5846495032310486,-0.042077045887708664,0.23006947338581085,0.6180293560028076,-0.07866712659597397,0.2392551451921463,0.6997708082199097,-0.08341386169195175,0.24207904934883118,0.7232879400253296,-0.08032701909542084,0.18710000813007355,0.6037842631340027,-0.04552733898162842,0.1982187032699585,0.6635128855705261,-0.07839255034923553,0.21377268433570862,0.7285218834877014,-0.06787858158349991,0.2223724126815796,0.7347546219825745,-0.05498892068862915,0.15911713242530823,0.6348214745521545,-0.05174222216010094,0.170982226729393,0.6897521615028381,-0.07169009000062943,0.18852607905864716,0.7372283935546875,-0.06316781789064407,0.19753989577293396,0.7365294098854065,-0.05224333330988884
D,0.2179379016160965,0.7811898589134216,1.1022913071201401e-07,0.2521463930606842,0.7480449080467224,-0.028274189680814743,0.2796860933303833,0.6911351680755615,-0.04867834225296974,0.2533324956893921,0.6610181331634521,-0.06714868545532227,0.2175763100385666,0.6489036679267883,-0.08496757596731186,0.24404661357402802,0.5570954084396362,-0.040500346571207047,0.24712713062763214,0.46343109011650085,-0.06727771461009979,0.2493675798177719,0.4004663825035095,-0.08224872499704361,0.24810725450515747,0.34811222553253174,-0.09230977296829224,0.20719756186008453,0.5606151223182678,-0.040857475250959396,0.21256951987743378,0.5785987973213196,-0.0782686173915863,0.22386007010936737,0.6594849228858948,-0.08431106060743332,0.2293863296508789,0.6924434304237366,-0.08109692484140396,0.17752575874328613,0.5851066708564758,-0.04381478205323219,0.18303878605365753,0.6253665685653687,-0.0782245472073555,0.20135004818439484,0.694392204284668,-0.06918495148420334,0.21210405230522156,0.7113953828811646,-0.055654026567935944,0.1517089158296585,0.6201781034469604,-0.049403462558984756,0.1583148092031479,0.6517196893692017,-0.07030598819255829,0.17710110545158386,0.699762225151062,-0.06156228482723236,0.18743300437927246,0.7077600359916687,-0.0497039370238781
D,0.22042624652385712,0.7681261301040649,1.0481923595762055e-07,0.25224199891090393,0.7331536412239075,-0.02845051698386669,0.27766966819763184,0.6731114983558655,-0.04774050414562225,0.25094759464263916,0.6433229446411133,-0.06521034240722656,0.21451807022094727,0.6301772594451904,-0.08243760466575623,0.2445835918188095,0.5498121976852417,-0.03664012253284454,0.24736109375953674,0.4507036805152893,-0.06174454838037491,0.24991345405578613,0.38839977979660034,-0.07640831917524338,0.24889256060123444,0.3363347351551056,-0.08606995642185211,0.21189503371715546,0.5654602646827698,-0.03675307705998421,0.2134799212217331,0.5452311635017395,-0.07427313923835754,0.2236039787530899,0.6253119111061096,-0.08247082680463791,0.22849419713020325,0.6667927503585815,-0.08029386401176453,0.18474550545215607,0.5932571291923523,-0.03929666057229042,0.1843152642250061,0.5903897881507874,-0.07521934062242508,0.20164349675178528,0.6658920049667358,-0.06693246215581894,0.21138545870780945,0.6963679790496826,-0.0527392216026783,0.15937383472919464,0.6294806003570557,-0.04392878711223602,0.15813612937927246,0.618195116519928,-0.06529948860406876,0.17585545778274536,0.6676775217056274,-0.05481712892651558,0.18578146398067474,0.687610387802124,-0.04155292361974716
D,0.22234712541103363,0.7575420141220093,7.69471100170449e-08,0.2543644309043884,0.7219560146331787,-0.027005739510059357,0.2780805230140686,0.6601912379264832,-0.04406893998384476,0.2503197193145752,0.6295561790466309,-0.05944660305976868,0.21614396572113037,0.6132599115371704,-0.07466328144073486,0.24853652715682983,0.5401889085769653,-0.032958365976810455,0.25163692235946655,0.4398840069770813,-0.055945929139852524,0.2547217905521393,0.3783663809299469,-0.06930778175592422,0.25508934259414673,0.3260091543197632,-0.07796373963356018,0.21566332876682281,0.5552714467048645,-0.0329236201941967,0.2176503986120224,0.5344560742378235,-0.06790831685066223,0.22634010016918182,0.6122437119483948,-0.07553011924028397,0.2312849462032318,0.6543000936508179,-0.07322683930397034,0.18809396028518677,0.5821436047554016,-0.03530532494187355,0.18911580741405487,0.5753162503242493,-0.0707099661231041,0.20471417903900146,0.6513139605522156,-0.06365077197551727,0.21324282884597778,0.6843008399009705,-0.050050653517246246,0.16221529245376587,0.6177258491516113,-0.03954915329813957,0.1612391173839569,0.5974088311195374,-0.06192667409777641,0.1781771034002304,0.6495056748390198,-0.05233486369252205,0.18781626224517822,0.6762406826019287,-0.039301201701164246
D,0.2301180213689804,0.7593486309051514,1.1270813615738007e-07,0.2642046809196472,0.726123571395874,-0.024999799206852913,0.29165133833885193,0.666314959526062,-0.04279531165957451,0.26765960454940796,0.6327625513076782,-0.05973606929183006,0.23510386049747467,0.6171262860298157,-0.0769127681851387,0.2620488703250885,0.5432085394859314,-0.03317955508828163,0.26861828565597534,0.43587929010391235,-0.05724412202835083,0.27547621726989746,0.3690641522407532,-0.0715722143650055,0.2786657512187958,0.31411805748939514,-0.08072981983423233,0.22827818989753723,0.5609776377677917,-0.034574415534734726,0.2341047078371048,0.5315424799919128,-0.07222667336463928,0.24097391963005066,0.6080268621444702,-0.0812789797782898,0.2426852583885193,0.6539152264595032,-0.07942751049995422,0.1998506486415863,0.5874199867248535,-0.03790005296468735,0.2037036120891571,0.5733170509338379,-0.07482308894395828,0.21786852180957794,0.6499810218811035,-0.06749279052019119,0.22404643893241882,0.6873947381973267,-0.05312608554959297,0.1723056137561798,0.6205726861953735,-0.04284442961215973,0.17656072974205017,0.593090832233429,-0.06565836817026138,0.1916329711675644,0.6470490097999573,-0.05514775961637497,0.19832342863082886,0.676205039024353,-0.04113560914993286
D,0.2250211387872696,0.7525816559791565,1.1053647597236704e-07,0.2588244676589966,0.717020571231842,-0.021916965022683144,0.28648072481155396,0.6588262319564819,-0.03866595774888992,0.26844522356987,0.6285095810890198,-0.05513041093945503,0.238804429769516,0.6195856928825378,-0.07207628339529037,0.2546199858188629,0.5400145649909973,-0.031071502715349197,0.2608773708343506,0.43525946140289307,-0.05469710752367973,0.26775917410850525,0.3701775372028351,-0.06926634907722473,0.27140411734580994,0.3169781565666199,-0.07872156798839569,0.22154927253723145,0.558103084564209,-0.03346043452620506,0.22739769518375397,0.5292307734489441,-0.0709008052945137,0.23493622243404388,0.6050418019294739,-0.08005522936582565,0.23796367645263672,0.652762234210968,-0.07829537242650986,0.1935797780752182,0.5839834213256836,-0.037474602460861206,0.1978992074728012,0.5706963539123535,-0.07283022999763489,0.21229368448257446,0.6450015902519226,-0.06538216769695282,0.21971800923347473,0.6844972968101501,-0.05127084627747536,0.16691474616527557,0.6163280606269836,-0.042991239577531815,0.17039377987384796,0.5930047035217285,-0.06480123847723007,0.1861269623041153,0.6452572345733643,-0.05480526015162468,0.19429808855056763,0.6741273403167725,-0.0413290336728096
D,0.2296830713748932,0.7622305750846863,8.878246404719903e-08,0.26378220319747925,0.7292840480804443,-0.021100927144289017,0.2943791151046753,0.668846070766449,-0.03742190822958946,0.2753913998603821,0.634653627872467,-0.05354498699307442,0.24375607073307037,0.6213783621788025,-0.06995199620723724,0.26103898882865906,0.5451726913452148,-0.029483737424016,0.2676696181297302,0.4433138370513916,-0.05236189067363739,0.2738584578037262,0.3792386054992676,-0.06605447083711624,0.2765960991382599,0.3265208601951599,-0.07509496062994003,0.2262166142463684,0.5575399398803711,-0.03207746148109436,0.23729075491428375,0.5434059500694275,-0.06707306206226349,0.24382759630680084,0.6206119060516357,-0.07505687326192856,0.2439323365688324,0.660216212272644,-0.07337126135826111,0.19747202098369598,0.5827449560165405,-0.036290865391492844,0.2057986557483673,0.5836411714553833,-0.07022200524806976,0.21928425133228302,0.6572286486625671,-0.06231879070401192,0.22497186064720154,0.687994122505188,-0.0489029698073864,0.17010964453220367,0.6158574223518372,-0.041927698999643326,0.17853422462940216,0.6065001487731934,-0.06270532310009003,0.19412341713905334,0.6589998006820679,-0.052260641008615494,0.2008505016565323,0.6813337802886963,-0.038947515189647675
D,0.2586629390716553,0.7843974828720093,8.921345084900167e-08,0.29672640562057495,0.763290286064148,-0.024976961314678192,0.33385738730430603,0.7149632573127747,-0.04505174607038498,0.3231368660926819,0.6762793064117432,-0.06412443518638611,0.2950213849544525,0.6566346287727356,-0.08303571492433548,0.3027879297733307,0.5642821788787842,-0.0383196584880352,0.31525641679763794,0.47394540905952454,-0.06396088749170303,0.32497552037239075,0.40929585695266724,-0.07906954735517502,0.3319768011569977,0.3579099774360657,-0.08933012932538986,0.26173704862594604,0.5548059344291687,-0.03927071392536163,0.2808094024658203,0.5903035402297974,-0.07415435463190079,0.2845331132411957,0.6691779494285583,-0.08163957297801971,0.2827301621437073,0.7039751410484314,-0.08070103079080582,0.22829334437847137,0.5742253661155701,-0.042064178735017776,0.24979296326637268,0.629368007183075,-0.07475263625383377,0.2590157389640808,0.6942844390869141,-0.0690637081861496,0.2614242136478424,0.7149454355239868,-0.05891219526529312,0.1988328993320465,0.6066142320632935,-0.04716580733656883,0.21891285479068756,0.6499319672584534,-0.0694616362452507,0.23460477590560913,0.7002798318862915,-0.06443420052528381,0.2417558878660202,0.7144924998283386,-0.05526574328541756
D,0.29684221744537354,0.8076667785644531,1.6639485522773612e-07,0.33610987663269043,0.78704833984375,-0.025073213502764702,0.3683450222015381,0.7502992153167725,-0.0485554113984108,0.377241849899292,0.7119649648666382,-0.07210253924131393,0.35598719120025635,0.6985765695571899,-0.09552192687988281,0.3487509489059448,0.5942097902297974,-0.03948422521352768,0.37215763330459595,0.5142160058021545,-0.06880570948123932,0.3883868157863617,0.4528491497039795,-0.08668588101863861,0.4000583291053772,0.4041810631752014,-0.09811193495988846,0.30972710251808167,0.5825124382972717,-0.04291081801056862,0.33680883049964905,0.616391658782959,-0.08247436583042145,0.3373606204986572,0.6960505247116089,-0.09160903841257095,0.33230075240135193,0.734462559223175,-0.0902257040143013,0.27566272020339966,0.5996037125587463,-0.0483740009367466,0.3067086338996887,0.6594627499580383,-0.08293649554252625,0.30881503224372864,0.7242439389228821,-0.07712961733341217,0.3049103021621704,0.7468591332435608,-0.0656270831823349,0.24700656533241272,0.6306129693984985,-0.056532394140958786,0.27285289764404297,0.6725810766220093,-0.07708866894245148,0.28397566080093384,0.7235236167907715,-0.07038883864879608,0.286545991897583,0.7425395250320435,-0.059844374656677246
D,0.2778184413909912,0.7777633666992188,1.5028520294890768e-07,0.3167855739593506,0.7590556144714355,-0.027706222608685493,0.35287609696388245,0.719855546951294,-0.05077826604247093,0.35228270292282104,0.6792651414871216,-0.07297208905220032,0.32786741852760315,0.6569849848747253,-0.0948067232966423,0.3295562267303467,0.5650906562805176,-0.03983501344919205,0.3471062481403351,0.48071983456611633,-0.06835539638996124,0.36025115847587585,0.4184587299823761,-0.08475130796432495,0.36952757835388184,0.3704052269458771,-0.09518755972385406,0.29041925072669983,0.5556787252426147,-0.041229236871004105,0.3129366934299469,0.5803947448730469,-0.08143054693937302,0.31419599056243896,0.6627327799797058,-0.0900651067495346,0.3097721040248871,0.7019428610801697,-0.08778437972068787,0.2573208808898926,0.5726736187934875,-0.04496830701828003,0.28144797682762146,0.6234129667282104,-0.08218345046043396,0.28591492772102356,0.6919750571250916,-0.07688592374324799,0.28403913974761963,0.7158597707748413,-0.06496205925941467,0.2281484603881836,0.6029048562049866,-0.051206886768341064,0.24997875094413757,0.6420586109161377,-0.07565073668956757,0.2626646161079407,0.6960293054580688,-0.07045876979827881,0.26636943221092224,0.7141697406768799,-0.06029168516397476
D,0.285548597574234,0.7853216528892517,1.656769086366694e-07,0.3259083330631256,0.760358452796936,-0.027789123356342316,0.3591924011707306,0.7190886735916138,-0.051373764872550964,0.36220914125442505,0.6750501394271851,-0.0744980201125145,0.33934351801872253,0.6536421775817871,-0.09731365740299225,0.33388417959213257,0.5666514039039612,-0.03991464897990227,0.3557949364185333,0.48668593168258667,-0.06865637004375458,0.37136802077293396,0.4257965087890625,-0.08526561409235,0.38272029161453247,0.37829795479774475,-0.09543300420045853,0.29538285732269287,0.5591771602630615,-0.041425902396440506,0.32297196984291077,0.5863327383995056,-0.08205810189247131,0.32441556453704834,0.6675274968147278,-0.09104915708303452,0.3196277618408203,0.7100144624710083,-0.08854854851961136,0.2636337876319885,0.5778747797012329,-0.045227449387311935,0.29424986243247986,0.6312108635902405,-0.08238838613033295,0.29749974608421326,0.6987460851669312,-0.07741917669773102,0.29427337646484375,0.7265450358390808,-0.06506828963756561,0.23694750666618347,0.608349084854126,-0.051654353737831116,0.2627570331096649,0.6426294445991516,-0.07469438016414642,0.2736857235431671,0.6942189931869507,-0.06905326247215271,0.2758786380290985,0.716576337814331,-0.05837581679224968
D,0.24905115365982056,0.7586261630058289,1.0332312427863144e-07,0.2880360782146454,0.7321997880935669,-0.024509675800800323,0.3223894238471985,0.6786924600601196,-0.04301270470023155,0.3082485795021057,0.6320486068725586,-0.06023444980382919,0.2794937193393707,0.6065993309020996,-0.07732781767845154,0.29052674770355225,0.5427972078323364,-0.035652559250593185,0.30384302139282227,0.4516961872577667,-0.06059557572007179,0.313658744096756,0.3883933424949646,-0.07533393055200577,0.31957578659057617,0.33701616525650024,-0.08508124947547913,0.2525891065597534,0.543825626373291,-0.0370526947081089,0.27023571729660034,0.5421308279037476,-0.07539979368448257,0.2752522826194763,0.6236211657524109,-0.08407483994960785,0.2739561200141907,0.672046959400177,-0.08182541280984879,0.22235921025276184,0.5654818415641785,-0.040104396641254425,0.2419120967388153,0.5868141651153564,-0.07657238095998764,0.25259825587272644,0.6610040664672852,-0.06996317952871323,0.25581780076026917,0.6968979835510254,-0.056613992899656296,0.19540062546730042,0.5976890325546265,-0.04494219645857811,0.2124522626399994,0.6103187203407288,-0.06926877051591873,0.2277984768152237,0.6644476652145386,-0.062237080186605453,0.23437312245368958,0.6884397268295288,-0.050419025123119354
D,0.22897127270698547,0.7455820441246033,9.99474210061635e-08,0.26310741901397705,0.7156202793121338,-0.024276165291666985,0.29209834337234497,0.6604902744293213,-0.04291662573814392,0.27650052309036255,0.6205782294273376,-0.06080947071313858,0.24637243151664734,0.5993622541427612,-0.07876026630401611,0.26386356353759766,0.5386980175971985,-0.034435514360666275,0.269802987575531,0.4345006048679352,-0.059016503393650055,0.276348739862442,0.36796048283576965,-0.07354462146759033,0.27924272418022156,0.3132385015487671,-0.08295105397701263,0.22877369821071625,0.5515127778053284,-0.035947274416685104,0.2380332201719284,0.5264720320701599,-0.0745709091424942,0.2432524710893631,0.6060319542884827,-0.08329634368419647,0.2427300363779068,0.6496033668518066,-0.08111443370580673,0.2004631906747818,0.5739472508430481,-0.039085403084754944,0.2076256424188614,0.5642204284667969,-0.07510274648666382,0.22046947479248047,0.6392763257026672,-0.06647111475467682,0.22576478123664856,0.6746454834938049,-0.051791250705718994,0.17389148473739624,0.6033488512039185,-0.043997831642627716,0.1803673356771469,0.585446298122406,-0.06661543250083923,0.19548018276691437,0.6390918493270874,-0.05648159608244896,0.2024690806865692,0.665580153465271,-0.04288794845342636
D,0.20603445172309875,0.7283544540405273,9.72796883047522e-08,0.23784837126731873,0.6915183067321777,-0.02693270891904831,0.25825512409210205,0.627335786819458,-0.04369308799505234,0.2310963273048401,0.5885545611381531,-0.05902014300227165,0.19962231814861298,0.5688628554344177,-0.07401552051305771,0.2300518900156021,0.5108426213264465,-0.028915684670209885,0.23220203816890717,0.4117031693458557,-0.05111135542392731,0.23570910096168518,0.3490098714828491,-0.06424206495285034,0.23635552823543549,0.2972962260246277,-0.07267838716506958,0.19738882780075073,0.5274770855903625,-0.028405752032995224,0.1993105560541153,0.4978191554546356,-0.06501337140798569,0.20944669842720032,0.5718657970428467,-0.07382121682167053,0.2149401158094406,0.6203027367591858,-0.07106167078018188,0.17092326283454895,0.5540837645530701,-0.030369065701961517,0.17279589176177979,0.5414602160453796,-0.06684949994087219,0.18910877406597137,0.6151657700538635,-0.061033353209495544,0.19749711453914642,0.654446005821228,-0.04714478924870491,0.1465541422367096,0.588580846786499,-0.034182265400886536,0.14767463505268097,0.5657910704612732,-0.057932205498218536,0.1639740765094757,0.6173146963119507,-0.050208356231451035,0.17270980775356293,0.6461537480354309,-0.03777230530977249
D,0.18183961510658264,0.7105200290679932,8.046166044550773e-08,0.20964330434799194,0.665197491645813,-0.027263984084129333,0.225337415933609,0.5995819568634033,-0.043130628764629364,0.1972527652978897,0.5651929974555969,-0.057654764503240585,0.16681008040905,0.5498025417327881,-0.07192535698413849,0.1989288032054901,0.4901164174079895,-0.0258545633405447,0.19843067228794098,0.39669597148895264,-0.04736214503645897,0.19873587787151337,0.33761078119277954,-0.06072992831468582,0.19751042127609253,0.28867900371551514,-0.06943072378635406,0.16940605640411377,0.5076791048049927,-0.024774597957730293,0.16561497747898102,0.48332712054252625,-0.06124332919716835,0.17477717995643616,0.553203284740448,-0.0720050185918808,0.18155208230018616,0.6009482145309448,-0.07039590924978256,0.14528779685497284,0.5352901816368103,-0.026330990716814995,0.14103202521800995,0.5306506156921387,-0.06338842958211899,0.15865583717823029,0.5986261367797852,-0.06104278936982155,0.17036128044128418,0.6370593905448914,-0.04898713156580925,0.12420710921287537,0.5702676773071289,-0.029704097658395767,0.11947818100452423,0.5499151945114136,-0.05535075068473816,0.13573169708251953,0.5991366505622864,-0.05037388578057289,0.14739087224006653,0.6308758854866028,-0.03927505016326904
D,0.17634525895118713,0.70811527967453,4.955596466515999e-08,0.20157569646835327,0.660224199295044,-0.02800566889345646,0.2112777829170227,0.5954737663269043,-0.04355257377028465,0.1825748085975647,0.5610492825508118,-0.05732082948088646,0.15341220796108246,0.5470775365829468,-0.0706733912229538,0.1891215443611145,0.4963458776473999,-0.02829648181796074,0.1866273283958435,0.3986968398094177,-0.04994092881679535,0.18583980202674866,0.33886343240737915,-0.06317794322967529,0.18343114852905273,0.28973808884620667,-0.07166192680597305,0.1615186184644699,0.5174001455307007,-0.02628416009247303,0.15310177206993103,0.4867650866508484,-0.06232104450464249,0.16327795386314392,0.5522821545600891,-0.07260756194591522,0.1716880053281784,0.5989438891410828,-0.07119395583868027,0.138340026140213,0.5443410873413086,-0.02694408968091011,0.1287108063697815,0.52716064453125,-0.06315518915653229,0.14670461416244507,0.5907568335533142,-0.0607432946562767,0.15900062024593353,0.6304977536201477,-0.04907380789518356,0.11862829327583313,0.5773850083351135,-0.02955828234553337,0.10875482857227325,0.545882523059845,-0.05463636294007301,0.12483671307563782,0.590471625328064,-0.04991881176829338,0.13653336465358734,0.6253001689910889,-0.03940277546644211
D,0.17584723234176636,0.7047637104988098,8.447083388318788e-08,0.20039090514183044,0.6565082669258118,-0.02915765903890133,0.21038134396076202,0.5911790728569031,-0.044437747448682785,0.1811397671699524,0.5586904287338257,-0.05785355716943741,0.15220153331756592,0.5497287511825562,-0.07078661024570465,0.18629848957061768,0.4894648790359497,-0.024426238611340523,0.18396249413490295,0.3962481617927551,-0.044719330966472626,0.18378287553787231,0.33757713437080383,-0.0575505755841732,0.18212653696537018,0.2899487018585205,-0.06579519063234329,0.15893889963626862,0.512850284576416,-0.021505320444703102,0.15121397376060486,0.48087307810783386,-0.056789688766002655,0.1629353165626526,0.545278787612915,-0.0682389885187149,0.17153848707675934,0.591776430606842,-0.06721343100070953,0.13608045876026154,0.541729211807251,-0.02147054858505726,0.12759102880954742,0.5241719484329224,-0.0581098236143589,0.14693596959114075,0.5870065689086914,-0.057677529752254486,0.1591893881559372,0.6264111995697021,-0.04668543115258217,0.11586423218250275,0.5762587785720825,-0.02333870530128479,0.10855086892843246,0.5450332164764404,-0.048876360058784485,0.12547703087329865,0.5891292095184326,-0.04517030343413353,0.13662616908550262,0.6234971880912781,-0.03504518046975136
D,0.20108813047409058,0.7215481996536255,8.455780431404492e-08,0.23063988983631134,0.6802469491958618,-0.027330175042152405,0.2493828386068344,0.6148441433906555,-0.043495241552591324,0.22108174860477448,0.5779962539672852,-0.058140337467193604,0.18961653113365173,0.5638391971588135,-0.07270921766757965,0.22116409242153168,0.5087360739707947,-0.02758617512881756,0.2217804193496704,0.40942710638046265,-0.04987841472029686,0.22312061488628387,0.34725522994995117,-0.06334265321493149,0.22253276407718658,0.2959139347076416,-0.07186917215585709,0.19182266294956207,0.5291061401367188,-0.02649347484111786,0.1901312917470932,0.49016109108924866,-0.06295672059059143,0.1995694637298584,0.5601250529289246,-0.07240429520606995,0.20590800046920776,0.6091253161430359,-0.06994565576314926,0.1671620011329651,0.5560879707336426,-0.028064684942364693,0.16424047946929932,0.5369476675987244,-0.06476031988859177,0.1801452934741974,0.6058473587036133,-0.06039560213685036,0.1895523965358734,0.6455740332603455,-0.047084927558898926,0.14344391226768494,0.588779091835022,-0.031424012035131454,0.14094960689544678,0.5573670268058777,-0.0551145002245903,0.1562933325767517,0.6062898635864258,-0.0478491447865963,0.16520410776138306,0.6385295391082764,-0.035690344870090485
D,0.22169959545135498,0.7368921041488647,1.0328025723538303e-07,0.253934770822525,0.7026771306991577,-0.02579757198691368,0.2796797454357147,0.6422267556190491,-0.043281808495521545,0.2575419545173645,0.6040058732032776,-0.05977335944771767,0.22592765092849731,0.5886615514755249,-0.07633653283119202,0.2502650320529938,0.527584433555603,-0.03106887824833393,0.25269851088523865,0.42224693298339844,-0.053755808621644974,0.25767719745635986,0.3579121232032776,-0.06688770651817322,0.2596187889575958,0.30545082688331604,-0.07518595457077026,0.21798469126224518,0.5468925833702087,-0.03165160492062569,0.22101819515228271,0.5126100182533264,-0.06902355700731277,0.22951242327690125,0.5865700244903564,-0.07791182398796082,0.23309174180030823,0.6323765516281128,-0.07548024505376816,0.19119587540626526,0.5733502507209778,-0.034305449575185776,0.19287851452827454,0.554517388343811,-0.07091347873210907,0.20770609378814697,0.6276112794876099,-0.06420516222715378,0.21461175382137299,0.6652999520301819,-0.049916546791791916,0.16495683789253235,0.6055200695991516,-0.03866967931389809,0.1655484437942505,0.5749563574790955,-0.06143346056342125,0.18105056881904602,0.6264168620109558,-0.05194161459803581,0.189076229929924,0.6562367677688599,-0.03857117518782616
D,0.23586107790470123,0.7479285597801208,1.0078438350547003e-07,0.27136364579200745,0.7182038426399231,-0.024069376289844513,0.3017924427986145,0.6617332696914673,-0.04142952337861061,0.2872723340988159,0.6214888691902161,-0.05807138606905937,0.25672343373298645,0.603842556476593,-0.07472669333219528,0.26995372772216797,0.5429803133010864,-0.03211585432291031,0.2748270034790039,0.4366997480392456,-0.0560067817568779,0.28082817792892456,0.37055525183677673,-0.07020539045333862,0.28397977352142334,0.31660717725753784,-0.07928049564361572,0.236166313290596,0.5562456846237183,-0.03340565040707588,0.2456550896167755,0.5249237418174744,-0.07217209041118622,0.2508777678012848,0.6002820730209351,-0.08189011365175247,0.2515316903591156,0.6462849378585815,-0.07999179512262344,0.20828554034233093,0.578574538230896,-0.03634414076805115,0.21662308275699615,0.5698091387748718,-0.07284632325172424,0.22904637455940247,0.6434106826782227,-0.06598123908042908,0.23513348400592804,0.6815217733383179,-0.05188412964344025,0.18195019662380219,0.6072768568992615,-0.040984660387039185,0.18825095891952515,0.5894701480865479,-0.06421970576047897,0.20398297905921936,0.6425155401229858,-0.05539188161492348,0.21269598603248596,0.6722452044487,-0.04236997663974762
D,0.2526291608810425,0.7594967484474182,1.0123438443088162e-07,0.2923259735107422,0.7311137914657593,-0.02665296010673046,0.32571879029273987,0.6782438158988953,-0.045918144285678864,0.3124864399433136,0.6348170638084412,-0.06354453414678574,0.2858230173587799,0.6103662848472595,-0.08075197041034698,0.29350200295448303,0.538432776927948,-0.036705899983644485,0.30451518297195435,0.450259268283844,-0.06227552518248558,0.3129672706127167,0.3871414065361023,-0.07749854028224945,0.3181230425834656,0.3369848132133484,-0.08761623501777649,0.25518035888671875,0.537915050983429,-0.03706205636262894,0.2724943161010742,0.5440977215766907,-0.07573537528514862,0.2796996235847473,0.6245604753494263,-0.08467985689640045,0.28001460433006287,0.6729702949523926,-0.08283443748950958,0.22463297843933105,0.5600515007972717,-0.03949042037129402,0.2441745549440384,0.5883758664131165,-0.0760369673371315,0.25586938858032227,0.6592167019844055,-0.07060430198907852,0.25951772928237915,0.6928942203521729,-0.058390501886606216,0.19788452982902527,0.5931116938591003,-0.04403286054730415,0.2153474986553192,0.6131932139396667,-0.06877925992012024,0.23054206371307373,0.6651772260665894,-0.06360016018152237,0.23656241595745087,0.6859102249145508,-0.05339256301522255
D,0.2740040421485901,0.7790238857269287,1.8660762179933954e-07,0.3130713999271393,0.7537132501602173,-0.03278256952762604,0.3447180986404419,0.7125619649887085,-0.05932528153061867,0.34313440322875977,0.6722174286842346,-0.08452068269252777,0.32108965516090393,0.6480259895324707,-0.1091621145606041,0.319810688495636,0.5567504167556763,-0.04418424889445305,0.33500948548316956,0.4745529890060425,-0.0747130960226059,0.3465142548084259,0.40947529673576355,-0.09281044453382492,0.35425934195518494,0.36264342069625854,-0.10401739180088043,0.2804657220840454,0.5538467168807983,-0.043935324996709824,0.3044540584087372,0.5737826824188232,-0.08679810911417007,0.3087673485279083,0.6552907824516296,-0.09633837640285492,0.3058406114578247,0.6993096470832825,-0.0935717448592186,0.24813760817050934,0.5747003555297852,-0.04658852517604828,0.27326500415802,0.6199700236320496,-0.08617004007101059,0.2810366451740265,0.6886743307113647,-0.08152323216199875,0.28078579902648926,0.7189539670944214,-0.06883177161216736,0.2207236886024475,0.6074519157409668,-0.05222653970122337,0.24341139197349548,0.6392109394073486,-0.07882191240787506,0.2570945620536804,0.6920762062072754,-0.07454696297645569,0.26132825016975403,0.7148927450180054,-0.06417518854141235
D,0.29115742444992065,0.7937166690826416,1.7060645518540696e-07,0.3324936628341675,0.768653392791748,-0.027937624603509903,0.36423540115356445,0.7291117906570435,-0.052276089787483215,0.36811286211013794,0.6888494491577148,-0.07633044570684433,0.34672775864601135,0.6711142063140869,-0.10015746206045151,0.34093165397644043,0.5731647610664368,-0.03978905454277992,0.36285874247550964,0.49362388253211975,-0.06929382681846619,0.37729787826538086,0.4296920895576477,-0.0872773602604866,0.3877143859863281,0.38088878989219666,-0.09861917793750763,0.30301806330680847,0.5651200413703918,-0.04158588498830795,0.33092552423477173,0.5976272821426392,-0.08298119902610779,0.33254849910736084,0.6791540384292603,-0.09258078038692474,0.32849135994911194,0.7250404953956604,-0.0904611125588417,0.2704237699508667,0.5840133428573608,-0.04579535871744156,0.3003941476345062,0.6393648386001587,-0.08282679319381714,0.3044356107711792,0.7054265737533569,-0.07818711549043655,0.3023295998573303,0.7371997833251953,-0.06620415300130844,0.24248048663139343,0.6162166595458984,-0.05284597724676132,0.2679479420185089,0.6552096009254456,-0.07676964998245239,0.2807905673980713,0.7075321674346924,-0.07202615588903427,0.2856510877609253,0.733323335647583,-0.06178095564246178
D,0.279651403427124,0.7799621224403381,1.2682298233812617e-07,0.3173573911190033,0.7597296833992004,-0.02621949464082718,0.3515423536300659,0.7188127040863037,-0.04806515946984291,0.3513404428958893,0.6795041561126709,-0.06919311732053757,0.32968977093696594,0.6554735898971558,-0.08987701684236526,0.3259761333465576,0.5622472167015076,-0.03970660641789436,0.34063366055488586,0.47467148303985596,-0.06714597344398499,0.3513873815536499,0.41034752130508423,-0.08382287621498108,0.3594213128089905,0.3599063754081726,-0.09457869082689285,0.2867687940597534,0.5543459057807922,-0.04133007302880287,0.31109708547592163,0.5839446187019348,-0.0801885798573494,0.31481435894966125,0.6633836627006531,-0.08917997777462006,0.3127480447292328,0.7090023756027222,-0.08762787282466888,0.253555029630661,0.5744559168815613,-0.044982995837926865,0.2801714539527893,0.6235568523406982,-0.08001512289047241,0.2861379384994507,0.6899693608283997,-0.07463249564170837,0.28647881746292114,0.7203648090362549,-0.06306663155555725,0.22515936195850372,0.6081444621086121,-0.051128823310136795,0.24775733053684235,0.6403873562812805,-0.07398322224617004,0.2607366740703583,0.6911488771438599,-0.0683661624789238,0.26602086424827576,0.7133685350418091,-0.057974111288785934
D,0.230912983417511,0.7450369000434875,9.377657050890775e-08,0.2638882100582123,0.7099851965904236,-0.02127593755722046,0.2917231321334839,0.6508572697639465,-0.03735698014497757,0.2711373567581177,0.6180745959281921,-0.05343281477689743,0.23984068632125854,0.6071068644523621,-0.06993845850229263,0.260994553565979,0.5336166620254517,-0.027814611792564392,0.2647934854030609,0.42850685119628906,-0.04978002980351448,0.27001386880874634,0.3627207279205322,-0.06319887936115265,0.2720494568347931,0.3087458312511444,-0.0719757154583931,0.22820603847503662,0.5505803823471069,-0.030389590188860893,0.2347162514925003,0.5240707993507385,-0.0658264085650444,0.24176226556301117,0.5984458923339844,-0.07470645755529404,0.24280640482902527,0.6411174535751343,-0.07316379249095917,0.20090976357460022,0.5765241384506226,-0.03455468639731407,0.20459017157554626,0.5623916387557983,-0.06882516294717789,0.2189549058675766,0.6344313025474548,-0.061720091849565506,0.22509895265102386,0.6691282391548157,-0.048263635486364365,0.17444832623004913,0.6097880601882935,-0.04014178365468979,0.17832165956497192,0.5852073431015015,-0.06127341464161873,0.19422923028469086,0.6358474493026733,-0.05100267380475998,0.20185410976409912,0.6630491018295288,-0.037576790899038315
D,0.22772429883480072,0.734808087348938,1.0428877317281149e-07,0.25921428203582764,0.6988680362701416,-0.02444395050406456,0.28548669815063477,0.6396044492721558,-0.042078498750925064,0.26425209641456604,0.6078029274940491,-0.05902063101530075,0.23322290182113647,0.5946176052093506,-0.07608897238969803,0.25589001178741455,0.5209365487098694,-0.031074875965714455,0.2585005462169647,0.41793835163116455,-0.05374937877058983,0.26308050751686096,0.353996217250824,-0.0672076866030693,0.26427334547042847,0.30209654569625854,-0.0759691596031189,0.22341027855873108,0.5400515198707581,-0.032377008348703384,0.22729778289794922,0.5126606822013855,-0.06820797175168991,0.23593555390834808,0.5876203775405884,-0.07636291533708572,0.23903658986091614,0.6303005814552307,-0.07421096414327621,0.1965194046497345,0.5671952962875366,-0.03573661297559738,0.1985679268836975,0.5537366271018982,-0.07062480598688126,0.21344801783561707,0.6256585717201233,-0.06334786862134933,0.2203514724969864,0.6585779190063477,-0.04971114918589592,0.1705869436264038,0.6006214022636414,-0.04079769179224968,0.17295683920383453,0.5761656761169434,-0.062406986951828,0.18808265030384064,0.626958966255188,-0.05247500166296959,0.1954442262649536,0.6528061032295227,-0.03938287869095802
D,0.3478410840034485,0.9108641743659973,4.735603198469107e-08,0.37515565752983093,0.883779764175415,-0.008497684262692928,0.415630966424942,0.8920424580574036,-0.01712443120777607,0.4449153542518616,0.921117901802063,-0.022640934213995934,0.4633912146091461,0.9501423239707947,-0.0271542277187109,0.40389469265937805,0.8836308717727661,-0.03747588396072388,0.4462585151195526,0.9351991415023804,-0.04742588847875595,0.46442994475364685,0.9650116562843323,-0.04663552716374397,0.47279781103134155,0.986083447933197,-0.04398353770375252,0.38951465487480164,0.923923134803772,-0.03680950030684471,0.4363921284675598,0.9873800873756409,-0.044609081000089645,0.454538494348526,1.013924479484558,-0.04031958803534508,0.46204835176467896,1.0319876670837402,-0.03684790059924126,0.3757800757884979,0.9628195762634277,-0.03496821969747543,0.420479416847229,1.0250762701034546,-0.04229479655623436,0.4323076605796814,1.042766809463501,-0.036075446754693985,0.43409910798072815,1.0499906539916992,-0.030689790844917297,0.3649030327796936,0.9950357675552368,-0.03299833461642265,0.3984769582748413,1.0417615175247192,-0.0384976863861084,0.40706348419189453,1.054514765739441,-0.03427569195628166,0.4080003499984741,1.0587961673736572,-0.03010466881096363
E,0.2939734160900116,0.8573354482650757,-1.680544841065057e-07,0.3238395154476166,0.8772743940353394,-0.023200243711471558,0.34249553084373474,0.9278067946434021,-0.03953844681382179,0.34621942043304443,0.9827274084091187,-0.05073757842183113,0.34506893157958984,1.0295765399932861,-0.06112070754170418,0.3070468306541443,0.9394823908805847,-0.05066591128706932,0.3208933174610138,1.0216490030288696,-0.06649576872587204,0.3292510211467743,1.0570716857910156,-0.0720968171954155,0.33292004466056824,1.0771116018295288,-0.07471846789121628,0.2818133533000946,0.9534069299697876,-0.04428621381521225,0.29724448919296265,1.0356338024139404,-0.05489951744675636,0.3096517324447632,1.072397232055664,-0.05616658553481102,0.3166356086730957,1.0913249254226685,-0.05857067182660103,0.2641410529613495,0.966160237789154,-0.03797042742371559,0.27827033400535583,1.041475772857666,-0.04743759706616402,0.29206347465515137,1.0738930702209473,-0.04858974367380142,0.299139142036438,1.0944602489471436,-0.05041508749127388,0.25211215019226074,0.9752792119979858,-0.0327920988202095,0.26235848665237427,1.0390691757202148,-0.041814301162958145,0.2737272381782532,1.068935513496399,-0.04301242157816887,0.2820575535297394,1.0874112844467163,-0.043524593114852905
E,0.26206761598587036,0.5617401599884033,-1.5970171318713255e-07,0.30171841382980347,0.5512581467628479,-0.01740363799035549,0.338687539100647,0.5037761926651001,-0.02536587603390217,0.32746365666389465,0.4508330225944519,-0.03335585072636604,0.29407522082328796,0.4528443217277527,-0.03878089785575867,0.3238413333892822,0.3864978849887848,-0.008184018544852734,0.33440539240837097,0.30299192667007446,-0.027327032759785652,0.3285953402519226,0.3504698872566223,-0.038889575749635696,0.32237356901168823,0.3911812901496887,-0.04322865232825279,0.2966248393058777,0.37317609786987305,-0.008168116211891174,0.3061443269252777,0.28780418634414673,-0.024399979040026665,0.30061155557632446,0.34464526176452637,-0.02986522577702999,0.2964046597480774,0.3825620412826538,-0.029335781931877136,0.2710910737514496,0.3692997395992279,-0.011487651616334915,0.27853333950042725,0.2862567603588104,-0.02547496184706688,0.27579155564308167,0.33761101961135864,-0.02260565757751465,0.2712961733341217,0.3776676654815674,-0.016210081055760384,0.24407851696014404,0.3747742474079132,-0.01680869422852993,0.24978801608085632,0.3058803975582123,-0.0231501255184412,0.25190481543540955,0.3327852785587311,-0.017520757392048836,0.2500530779361725,0.3641766905784607,-0.010976745747029781
E,0.28353726863861084,0.6907320618629456,-1.94101431816307e-07,0.32594001293182373,0.6735221743583679,-0.01530917827039957,0.3640201687812805,0.6225941181182861,-0.022010426968336105,0.35986435413360596,0.566791832447052,-0.02942608669400215,0.32859736680984497,0.5663304328918457,-0.03400632366538048,0.34456929564476013,0.5030052661895752,-0.0034294994547963142,0.35451674461364746,0.4201698899269104,-0.02113880217075348,0.35233116149902344,0.4722048044204712,-0.032399315387010574,0.3468613028526306,0.5112251043319702,-0.036870408803224564,0.31765592098236084,0.49234235286712646,-0.003983919508755207,0.3277079463005066,0.4128689765930176,-0.01920352689921856,0.3255479633808136,0.4743979573249817,-0.02495471015572548,0.3196030259132385,0.509758472442627,-0.024864448234438896,0.2917356789112091,0.48959872126579285,-0.007752604782581329,0.2992914915084839,0.41132718324661255,-0.02030417136847973,0.30093222856521606,0.4648231863975525,-0.017109965905547142,0.2955947518348694,0.5026852488517761,-0.010911672376096249,0.26371461153030396,0.4945462644100189,-0.01341524813324213,0.26959288120269775,0.42645442485809326,-0.018502037972211838,0.27623626589775085,0.45614945888519287,-0.012130831368267536,0.27520981431007385,0.48896530270576477,-0.005101413931697607
E,0.25466930866241455,0.6928852796554565,-2.098307589903925e-07,0.2996143400669098,0.6772476434707642,-0.015669045969843864,0.3374233841896057,0.6245799660682678,-0.022618291899561882,0.33033493161201477,0.564536452293396,-0.03023979812860489,0.2971404492855072,0.5663564205169678,-0.03517092764377594,0.3151441812515259,0.5107260942459106,-0.005057747010141611,0.3225138485431671,0.42723169922828674,-0.0238448865711689,0.3197441101074219,0.47783923149108887,-0.033895980566740036,0.31576263904571533,0.5174562335014343,-0.037348199635744095,0.2887563109397888,0.5042295455932617,-0.005559323821216822,0.2964409291744232,0.42788657546043396,-0.022422417998313904,0.29246586561203003,0.49476882815361023,-0.02596096508204937,0.28806594014167786,0.5260019302368164,-0.023921599611639977,0.26429876685142517,0.5039528608322144,-0.009435352869331837,0.26869329810142517,0.4283750057220459,-0.024994386360049248,0.2678769528865814,0.48969852924346924,-0.01881035976111889,0.26440268754959106,0.5251328349113464,-0.009934280067682266,0.2372819483280182,0.509365975856781,-0.01517518237233162,0.24007648229599,0.4460335075855255,-0.022633124142885208,0.2443767786026001,0.4858200252056122,-0.014888239093124866,0.24440012872219086,0.5206049084663391,-0.006480967625975609
E,0.24161851406097412,0.6810218095779419,-2.2010439693076478e-07,0.28663086891174316,0.6639017462730408,-0.014641324989497662,0.32415035367012024,0.6063585877418518,-0.019525840878486633,0.317212849855423,0.5446377992630005,-0.024920372292399406,0.28407570719718933,0.5524022579193115,-0.027449311688542366,0.30012738704681396,0.49496597051620483,-0.002300888067111373,0.30954957008361816,0.41851574182510376,-0.017851678654551506,0.3066801428794861,0.47292226552963257,-0.02709408663213253,0.3024233281612396,0.5110527873039246,-0.030793020501732826,0.27545636892318726,0.48465362191200256,-0.002569641452282667,0.2837980389595032,0.4116351902484894,-0.017368322238326073,0.2817845940589905,0.4752539098262787,-0.02187301404774189,0.27702105045318604,0.5130001306533813,-0.020697401836514473,0.2515968382358551,0.48317715525627136,-0.005912402644753456,0.2562863528728485,0.4053014814853668,-0.018948914483189583,0.25821805000305176,0.46115821599960327,-0.015721557661890984,0.25417569279670715,0.5019659996032715,-0.009139799512922764,0.22543002665042877,0.4894363582134247,-0.011009802110493183,0.22828374803066254,0.4241427779197693,-0.01721358858048916,0.2353096455335617,0.45607447624206543,-0.011842196807265282,0.23585860431194305,0.4911302924156189,-0.005281735211610794
E,0.23062580823898315,0.6735960245132446,-1.905552551306755e-07,0.2725647985935211,0.6545288562774658,-0.017722612246870995,0.30776992440223694,0.5984506607055664,-0.02401101030409336,0.29729604721069336,0.5405515432357788,-0.03020947426557541,0.2644675672054291,0.5492871999740601,-0.03308771550655365,0.28183266520500183,0.49201440811157227,-0.004888832103461027,0.29014649987220764,0.4162377417087555,-0.021721797063946724,0.28568512201309204,0.46891164779663086,-0.030925707891583443,0.2817111909389496,0.5059918761253357,-0.0343533530831337,0.25592872500419617,0.481553316116333,-0.003883250057697296,0.26349514722824097,0.40480563044548035,-0.019253119826316833,0.2600264847278595,0.46557512879371643,-0.02290535345673561,0.25646457076072693,0.5008746981620789,-0.021154824644327164,0.231329083442688,0.48009341955184937,-0.006429053843021393,0.23520129919052124,0.3951018750667572,-0.019753608852624893,0.23515811562538147,0.4504127502441406,-0.015534218400716782,0.23177459836006165,0.4911375939846039,-0.008412339724600315,0.20431934297084808,0.4878297746181488,-0.011048401705920696,0.2042710930109024,0.42471399903297424,-0.016852475702762604,0.20801937580108643,0.45260024070739746,-0.011464239098131657,0.20738260447978973,0.48192837834358215,-0.005229327827692032
E,0.21591563522815704,0.7101086974143982,-1.8043304805814842e-07,0.25863221287727356,0.6865227222442627,-0.020261580124497414,0.2943102717399597,0.6239080429077148,-0.028571445494890213,0.2824541926383972,0.5646587014198303,-0.03661761432886124,0.24712572991847992,0.5728071331977844,-0.04119926691055298,0.2628325819969177,0.5063406825065613,-0.0055427090264856815,0.2664758265018463,0.4289959967136383,-0.025424808263778687,0.26611772179603577,0.48275429010391235,-0.03689732775092125,0.26343968510627747,0.5269877314567566,-0.040740691125392914,0.2339601218700409,0.4997512400150299,-0.0036225421354174614,0.2366790920495987,0.4236822724342346,-0.021561091765761375,0.2368837147951126,0.4911063313484192,-0.026359809562563896,0.2345477193593979,0.5324459671974182,-0.024409011006355286,0.20694796741008759,0.5018481612205505,-0.0057871099561452866,0.2066303938627243,0.4183350205421448,-0.021427996456623077,0.20965982973575592,0.47906816005706787,-0.01762240193784237,0.2078840434551239,0.5256975293159485,-0.009760141372680664,0.1786227524280548,0.5142197012901306,-0.010211031883955002,0.17855219542980194,0.45131173729896545,-0.01741374284029007,0.18468573689460754,0.48221254348754883,-0.011938489973545074,0.18557320535182953,0.5158520936965942,-0.004821435548365116
E,0.2315286546945572,0.7919207215309143,-2.576949498234171e-07,0.2796669602394104,0.7731008529663086,-0.01974492520093918,0.32236358523368835,0.7076539993286133,-0.028391491621732712,0.31770360469818115,0.6447892189025879,-0.037322353571653366,0.28180429339408875,0.6463008522987366,-0.04248170182108879,0.2920926511287689,0.5755555033683777,-0.010199612937867641,0.30102798342704773,0.4834963083267212,-0.03394625708460808,0.30009105801582336,0.5518474578857422,-0.046975936740636826,0.2953551411628723,0.6024834513664246,-0.05124352127313614,0.26009073853492737,0.5672786235809326,-0.010146385990083218,0.2673453390598297,0.4783042371273041,-0.031304340809583664,0.26769423484802246,0.556951642036438,-0.036228567361831665,0.2637689411640167,0.6047735810279846,-0.03404948487877846,0.22947342693805695,0.5674895644187927,-0.01420481875538826,0.23193982243537903,0.46819067001342773,-0.03191276639699936,0.23617355525493622,0.5369457006454468,-0.0271841362118721,0.23375681042671204,0.5884174704551697,-0.01847151294350624,0.19691771268844604,0.5769767165184021,-0.020514030009508133,0.19598379731178284,0.5000712275505066,-0.028865700587630272,0.20458219945430756,0.5353573560714722,-0.02276509255170822,0.20716050267219543,0.5741605162620544,-0.015053466893732548
E,0.2146156132221222,0.8022488355636597,-2.1407959138741717e-07,0.26086175441741943,0.7793535590171814,-0.02121463604271412,0.3038932979106903,0.7094484567642212,-0.03096286579966545,0.2962377369403839,0.648162305355072,-0.040594324469566345,0.259520947933197,0.6571420431137085,-0.04630611836910248,0.2694512605667114,0.5811114311218262,-0.011722197756171227,0.27702125906944275,0.4876393675804138,-0.03609802573919296,0.2779117226600647,0.5544676780700684,-0.04952674359083176,0.27434641122817993,0.6070976853370667,-0.053995683789253235,0.23770029842853546,0.5748032927513123,-0.011468792334198952,0.24370677769184113,0.48605242371559143,-0.03335728496313095,0.24657471477985382,0.5644246935844421,-0.03865377604961395,0.24338804185390472,0.6123293042182922,-0.036513905972242355,0.20713664591312408,0.5774162411689758,-0.01539534516632557,0.20807763934135437,0.47908076643943787,-0.03372907266020775,0.21443574130535126,0.5466904044151306,-0.02853640727698803,0.2122018188238144,0.5959827899932861,-0.019348062574863434,0.17438684403896332,0.5896329283714294,-0.02172916568815708,0.17406150698661804,0.5143434405326843,-0.03072318620979786,0.18358668684959412,0.5496014356613159,-0.024134615436196327,0.18495489656925201,0.5868789553642273,-0.015886571258306503
E,0.1928468495607376,0.8358920216560364,-2.2255569831486355e-07,0.23942208290100098,0.8128942251205444,-0.023952681571245193,0.28010421991348267,0.7390386462211609,-0.03520120307803154,0.2671959400177002,0.6745299696922302,-0.046498384326696396,0.2272370308637619,0.6905422210693359,-0.0541248619556427,0.24241897463798523,0.6049450635910034,-0.012312560342252254,0.24731560051441193,0.5101375579833984,-0.03811723738908768,0.24699747562408447,0.5744298696517944,-0.05252883583307266,0.24378402531147003,0.6313225030899048,-0.05726219341158867,0.20865321159362793,0.6004107594490051,-0.011345287784934044,0.21411541104316711,0.5078210234642029,-0.03574444353580475,0.21586039662361145,0.5884103775024414,-0.041966091841459274,0.21404238045215607,0.6427052617073059,-0.039305564016103745,0.17747732996940613,0.6044923663139343,-0.015045469626784325,0.17762961983680725,0.5021863579750061,-0.03543718904256821,0.18279649317264557,0.5706172585487366,-0.03159255161881447,0.1815647929906845,0.6267988085746765,-0.02228553220629692,0.14509457349777222,0.6189720630645752,-0.021487629041075706,0.14280197024345398,0.5383061170578003,-0.03206804394721985,0.15034237504005432,0.5703103542327881,-0.02692565880715847,0.15255290269851685,0.6104463338851929,-0.019161289557814598
E,0.18010352551937103,0.8715185523033142,-2.3088216494215885e-07,0.22713886201381683,0.8468778133392334,-0.028662580996751785,0.26529818773269653,0.7713546752929688,-0.04285648465156555,0.24972842633724213,0.7089513540267944,-0.05658264085650444,0.21075911819934845,0.7213626503944397,-0.06655310839414597,0.22489479184150696,0.6360426545143127,-0.016397321596741676,0.22558152675628662,0.5424635410308838,-0.0460437573492527,0.22282014787197113,0.607876718044281,-0.062196508049964905,0.22093763947486877,0.6686363816261292,-0.06724408268928528,0.18886077404022217,0.6351580023765564,-0.01378173753619194,0.18882623314857483,0.5405113101005554,-0.04164375737309456,0.18908244371414185,0.6235218048095703,-0.048153799027204514,0.19107815623283386,0.6774120330810547,-0.04478185251355171,0.15707732737064362,0.6406799554824829,-0.016567742452025414,0.15238776803016663,0.5352582931518555,-0.0400085486471653,0.15626120567321777,0.6085082292556763,-0.034959398210048676,0.1587815284729004,0.6660487651824951,-0.024130139499902725,0.1246967613697052,0.656639814376831,-0.02251787856221199,0.11994802951812744,0.5786460638046265,-0.03484814241528511,0.12628188729286194,0.6181809902191162,-0.029062185436487198,0.1309729367494583,0.659360408782959,-0.02047940529882908
E,0.16900275647640228,0.9188804030418396,-2.3831299245102855e-07,0.21389096975326538,0.8950022459030151,-0.030744487419724464,0.24821114540100098,0.8206270933151245,-0.04638971388339996,0.2255435287952423,0.7719835638999939,-0.06110592558979988,0.1863144338130951,0.785942018032074,-0.0721895694732666,0.20565542578697205,0.6784020066261292,-0.01797308772802353,0.20217442512512207,0.5891110897064209,-0.048922404646873474,0.1988043487071991,0.6567687392234802,-0.06679996103048325,0.1987244039773941,0.716670572757721,-0.07315296679735184,0.16866566240787506,0.6799284815788269,-0.014840211719274521,0.1640864610671997,0.5921701788902283,-0.044280972331762314,0.1639959067106247,0.677733838558197,-0.05275394022464752,0.1686200052499771,0.7332865595817566,-0.050721414387226105,0.1359991431236267,0.689235270023346,-0.017303960397839546,0.12848159670829773,0.5871643424034119,-0.04257580637931824,0.130148783326149,0.6646780967712402,-0.038438282907009125,0.13402852416038513,0.724116325378418,-0.02790786139667034,0.104868084192276,0.71112060546875,-0.02294338494539261,0.09871365875005722,0.6369711756706238,-0.036972127854824066,0.10268807411193848,0.682847797870636,-0.031242435798048973,0.10764117538928986,0.7255426645278931,-0.022326190024614334
E,0.17395727336406708,0.8992285132408142,-2.6877555114879215e-07,0.22013568878173828,0.8749286532402039,-0.02894117683172226,0.2552173137664795,0.801583468914032,-0.04307187348604202,0.23437653481960297,0.748786449432373,-0.05608779937028885,0.19443364441394806,0.758683443069458,-0.06506995111703873,0.20729592442512512,0.6625800132751465,-0.019992921501398087,0.20446613430976868,0.5723817348480225,-0.051394831389188766,0.2036021500825882,0.6426599621772766,-0.06826376914978027,0.20440860092639923,0.6997848153114319,-0.07368625700473785,0.17028690874576569,0.666541337966919,-0.01684170961380005,0.16574139893054962,0.5752379298210144,-0.045356981456279755,0.16806097328662872,0.6627853512763977,-0.051549896597862244,0.1724267452955246,0.7147757411003113,-0.0483819954097271,0.13825592398643494,0.6765368580818176,-0.018884839490056038,0.12952905893325806,0.5734246969223022,-0.04313129931688309,0.13429796695709229,0.6540368795394897,-0.036435049027204514,0.13953623175621033,0.711466908454895,-0.024608176201581955,0.10779548436403275,0.6973534226417542,-0.02388669177889824,0.10117998719215393,0.6239094138145447,-0.036520179361104965,0.10697737336158752,0.6698822379112244,-0.02922050654888153,0.11272740364074707,0.7109983563423157,-0.019418679177761078
E,0.1912717968225479,0.8284833431243896,-2.536466752189881e-07,0.23806096613407135,0.808046817779541,-0.02753608301281929,0.27611681818962097,0.7383777499198914,-0.04057996720075607,0.26328328251838684,0.6818903088569641,-0.05240684747695923,0.2277253270149231,0.6879429221153259,-0.05979140102863312,0.23503409326076508,0.6040490865707397,-0.01893841288983822,0.23520806431770325,0.5153266191482544,-0.050505150109529495,0.2344995141029358,0.5885612964630127,-0.06707832962274551,0.23362940549850464,0.6451234817504883,-0.0719798281788826,0.1993570327758789,0.6053940057754517,-0.01647983305156231,0.19760456681251526,0.518288254737854,-0.04680631682276726,0.20102767646312714,0.6052249073982239,-0.05311909690499306,0.20383597910404205,0.6580243110656738,-0.04920327663421631,0.16768032312393188,0.6126643419265747,-0.019234584644436836,0.16199076175689697,0.516476571559906,-0.044304799288511276,0.16736283898353577,0.5917859673500061,-0.03812233358621597,0.17078730463981628,0.6438935399055481,-0.026182809844613075,0.13659578561782837,0.6289937496185303,-0.02490197867155075,0.13200518488883972,0.5626401901245117,-0.03775796666741371,0.13796697556972504,0.6072967648506165,-0.03116980567574501,0.1420556902885437,0.6462923884391785,-0.021693412214517593
E,0.1997619867324829,0.785733699798584,-2.726033301314601e-07,0.24451938271522522,0.7615247368812561,-0.026560649275779724,0.28127044439315796,0.6871380805969238,-0.03830752149224281,0.2705574333667755,0.6334013938903809,-0.04891948029398918,0.2363067865371704,0.6427178382873535,-0.055303990840911865,0.2507685422897339,0.5553991198539734,-0.013699471019208431,0.2506444454193115,0.48331987857818604,-0.043951038271188736,0.24871376156806946,0.5600387454032898,-0.06200425699353218,0.24657583236694336,0.6168736815452576,-0.06867188960313797,0.2154465764760971,0.5526447892189026,-0.011666719801723957,0.21355676651000977,0.4798155725002289,-0.04183642938733101,0.2144145667552948,0.567382276058197,-0.050556495785713196,0.21468938887119293,0.6223223805427551,-0.04841357469558716,0.1834920048713684,0.5587940812110901,-0.014923450537025928,0.1786096692085266,0.47530725598335266,-0.040262483060359955,0.18210631608963013,0.5546664595603943,-0.03628974035382271,0.1840280145406723,0.6097988486289978,-0.02589252032339573,0.1527557671070099,0.575579822063446,-0.02093765139579773,0.14950691163539886,0.5192787647247314,-0.034648239612579346,0.15460550785064697,0.5686604976654053,-0.029276994988322258,0.1583835780620575,0.6091651320457458,-0.02064300887286663
E,0.2119072824716568,0.7407187223434448,-2.466260582423274e-07,0.25751781463623047,0.7178012132644653,-0.01865089125931263,0.2958771586418152,0.6495539546012878,-0.025368429720401764,0.28798457980155945,0.590884268283844,-0.03170120343565941,0.2544591724872589,0.6051403880119324,-0.033721085637807846,0.2667333483695984,0.5326271057128906,-0.006938694976270199,0.2699291706085205,0.4552554190158844,-0.027750007808208466,0.2681695520877838,0.5226845145225525,-0.038623519241809845,0.2678036391735077,0.5602916479110718,-0.04262647405266762,0.23635698854923248,0.5255657434463501,-0.006213050335645676,0.2395695298910141,0.4499223232269287,-0.02492307312786579,0.23937760293483734,0.5261501669883728,-0.027644900605082512,0.23760727047920227,0.5592558979988098,-0.024555493146181107,0.20734922587871552,0.5263510942459106,-0.009444618597626686,0.20619255304336548,0.44247281551361084,-0.02530774287879467,0.20970098674297333,0.5111465454101562,-0.01802283525466919,0.20980383455753326,0.5510501861572266,-0.008251803927123547,0.17751917243003845,0.5343660712242126,-0.014871618710458279,0.1740005761384964,0.47205039858818054,-0.021168995648622513,0.18141943216323853,0.5128540992736816,-0.013102282769978046,0.1847890019416809,0.5466343760490417,-0.0044809128157794476
E,0.22338294982910156,0.715381383895874,-2.5738137310327147e-07,0.268501877784729,0.6918999552726746,-0.01612100936472416,0.30734744668006897,0.6311105489730835,-0.02115623652935028,0.30315300822257996,0.570730447769165,-0.02593686804175377,0.2703940272331238,0.5787574648857117,-0.026556558907032013,0.281107634305954,0.5192232131958008,-0.0036295854952186346,0.2883621156215668,0.44668811559677124,-0.021971898153424263,0.28449052572250366,0.5145426988601685,-0.03180822730064392,0.28173407912254333,0.5463560223579407,-0.03578508272767067,0.25268808007240295,0.5089232325553894,-0.002978177275508642,0.2587403953075409,0.4351170063018799,-0.018138011917471886,0.2572014629840851,0.5095444321632385,-0.02018553763628006,0.25401991605758667,0.5344676375389099,-0.018063127994537354,0.22470036149024963,0.5084129571914673,-0.005868514999747276,0.22715625166893005,0.4289036989212036,-0.019237566739320755,0.22974847257137299,0.4972635507583618,-0.011357758194208145,0.22825729846954346,0.5322405695915222,-0.002301119966432452,0.1947697252035141,0.514929473400116,-0.010604550130665302,0.19542017579078674,0.4526551067829132,-0.014427613466978073,0.20298835635185242,0.49427226185798645,-0.004960913676768541,0.20528191328048706,0.5264847278594971,0.003701835637912154
E,0.2269217073917389,0.7035854458808899,-2.387880897458672e-07,0.2721799314022064,0.6748366355895996,-0.011454830877482891,0.30852532386779785,0.6181546449661255,-0.01418466866016388,0.3052918016910553,0.5596124529838562,-0.017517780885100365,0.27569836378097534,0.5625099539756775,-0.01741005666553974,0.282620906829834,0.5133798122406006,0.0026877508498728275,0.29000356793403625,0.4412248730659485,-0.012417759746313095,0.28655532002449036,0.5025573372840881,-0.02169162780046463,0.28270331025123596,0.5366237163543701,-0.025555111467838287,0.25622594356536865,0.502119779586792,0.002193103078752756,0.2624279856681824,0.42883360385894775,-0.00991585198789835,0.26108518242836,0.49697670340538025,-0.01296572107821703,0.256830632686615,0.5269231796264648,-0.011947539635002613,0.22957932949066162,0.501380205154419,-0.001309892744757235,0.2330101728439331,0.42377734184265137,-0.011733525432646275,0.23552684485912323,0.48617038130760193,-0.005653837230056524,0.23267489671707153,0.522998571395874,0.001728961942717433,0.20069995522499084,0.5089815258979797,-0.00624513067305088,0.20209622383117676,0.44656527042388916,-0.008655483834445477,0.2096807062625885,0.48319995403289795,-5.5271335440920666e-05,0.2110222429037094,0.5148189663887024,0.007858430966734886
E,0.23100952804088593,0.7004299163818359,-2.290181271291658e-07,0.27560123801231384,0.6774201989173889,-0.011372489854693413,0.31262198090553284,0.6244477033615112,-0.014592530205845833,0.3126905560493469,0.5640963315963745,-0.018605390563607216,0.2841600179672241,0.5691035985946655,-0.01929493248462677,0.2851767838001251,0.520004153251648,0.0015174109721556306,0.29277941584587097,0.44911837577819824,-0.01396042387932539,0.28961142897605896,0.507523775100708,-0.02266770601272583,0.2865801453590393,0.5389611721038818,-0.026200372725725174,0.25909778475761414,0.5083168148994446,0.00023810358834452927,0.26623743772506714,0.4328809380531311,-0.01267548743635416,0.2647356390953064,0.4979153275489807,-0.014650419354438782,0.2606815993785858,0.5262541174888611,-0.012560353614389896,0.23306319117546082,0.506193995475769,-0.004150243941694498,0.23649968206882477,0.4250328242778778,-0.015764998272061348,0.2392570972442627,0.48606035113334656,-0.008953164331614971,0.2369268834590912,0.5218826532363892,-0.0007203639834187925,0.20489591360092163,0.5124194025993347,-0.010020057670772076,0.20592351257801056,0.4489056169986725,-0.013890593312680721,0.21297499537467957,0.48487791419029236,-0.005702049471437931,0.2142556607723236,0.5159133076667786,0.002133486792445183
E,0.2318914532661438,0.7067912220954895,-2.0608364081908803e-07,0.27524030208587646,0.68380206823349,-0.014359627850353718,0.31284838914871216,0.6262038946151733,-0.019693056121468544,0.3116722106933594,0.568793535232544,-0.02548138052225113,0.28302937746047974,0.5739012956619263,-0.027757348492741585,0.28558531403541565,0.5213703513145447,-0.002485597273334861,0.29229405522346497,0.4456678628921509,-0.02034059166908264,0.2900027632713318,0.504423975944519,-0.02998036891222,0.2875387668609619,0.5402641892433167,-0.03344929590821266,0.25886502861976624,0.5115181803703308,-0.0032388167455792427,0.26525577902793884,0.43513739109039307,-0.019327661022543907,0.2649387717247009,0.5010542273521423,-0.022486506029963493,0.2613999545574188,0.5334634780883789,-0.02019573003053665,0.2322305142879486,0.5099846124649048,-0.007416924461722374,0.23451733589172363,0.4278334975242615,-0.021779105067253113,0.23865219950675964,0.4883665442466736,-0.016196049749851227,0.23668508231639862,0.5256351232528687,-0.007813672535121441,0.20349574089050293,0.5157457590103149,-0.013309724628925323,0.20429736375808716,0.4522430896759033,-0.01972801983356476,0.21234022080898285,0.48712101578712463,-0.012927250936627388,0.21356958150863647,0.5184717774391174,-0.005263078957796097
E,0.2620658576488495,0.711195707321167,-1.9209885238069546e-07,0.30492496490478516,0.6866573095321655,-0.014241359196603298,0.3437309265136719,0.6344549059867859,-0.02119283936917782,0.34888237714767456,0.5797763466835022,-0.029047565534710884,0.32249101996421814,0.577307939529419,-0.03395283967256546,0.3188295066356659,0.526501476764679,-0.0036427634768188,0.3279649317264557,0.44875338673591614,-0.022608807310461998,0.32678234577178955,0.5036801695823669,-0.03392118215560913,0.32350507378578186,0.5416939854621887,-0.03828545659780502,0.29124075174331665,0.516323983669281,-0.005188975017517805,0.2995341122150421,0.43655815720558167,-0.023163091391324997,0.29961931705474854,0.5019730925559998,-0.0286546740680933,0.29522860050201416,0.5399891138076782,-0.027566393837332726,0.26416367292404175,0.5135316848754883,-0.009994888678193092,0.26875874400138855,0.4296972453594208,-0.02599479630589485,0.27249476313591003,0.4895283579826355,-0.022374635562300682,0.2695237398147583,0.5306596755981445,-0.014772395603358746,0.23530039191246033,0.5191680788993835,-0.016457293182611465,0.23722577095031738,0.4523201286792755,-0.02510565146803856,0.2443608194589615,0.4883672595024109,-0.019691381603479385,0.24512389302253723,0.5244162082672119,-0.012437716126441956
E,0.32516902685165405,0.7112456560134888,-1.9861583666624938e-07,0.3666783273220062,0.6904829740524292,-0.010384161956608295,0.4058215022087097,0.6371675729751587,-0.01683080941438675,0.4165981113910675,0.5855355262756348,-0.024627605453133583,0.3906216025352478,0.5804632306098938,-0.030160920694470406,0.38226789236068726,0.5250633358955383,-0.006191945634782314,0.39489299058914185,0.44584283232688904,-0.02484140917658806,0.39901211857795715,0.5045515894889832,-0.03713134303689003,0.39332976937294006,0.5463124513626099,-0.042451903223991394,0.3564409613609314,0.518652081489563,-0.010026423260569572,0.36909422278404236,0.4375475347042084,-0.026045959442853928,0.3738083839416504,0.5076300501823425,-0.031628068536520004,0.36479130387306213,0.5456347465515137,-0.03193581849336624,0.3287784457206726,0.5184612274169922,-0.016210341826081276,0.3388023376464844,0.4347585439682007,-0.029639137908816338,0.34799718856811523,0.4979199767112732,-0.024621466174721718,0.3419516682624817,0.537162721157074,-0.01756717823445797,0.29711782932281494,0.5236955285072327,-0.023730387911200523,0.30607181787490845,0.4577023983001709,-0.030668869614601135,0.3180558383464813,0.4971874952316284,-0.02307264879345894,0.31637445092201233,0.5323882102966309,-0.015274125151336193
E,0.37205520272254944,0.7096214294433594,-2.0553140700485528e-07,0.41627684235572815,0.6776189804077148,-0.009388363920152187,0.45166340470314026,0.6158872842788696,-0.017068305984139442,0.46319353580474854,0.5621925592422485,-0.026633990928530693,0.4395712614059448,0.5640817880630493,-0.033654067665338516,0.425706684589386,0.5118134021759033,-0.008697180077433586,0.43916016817092896,0.42762696743011475,-0.027308711782097816,0.4477023184299469,0.49271634221076965,-0.03869986906647682,0.44115447998046875,0.5359159111976624,-0.04374939575791359,0.4008270502090454,0.510280966758728,-0.014111394993960857,0.4144116938114166,0.42235252261161804,-0.030679117888212204,0.42378371953964233,0.49889928102493286,-0.03651898726820946,0.41296085715293884,0.5388504862785339,-0.037586040794849396,0.3736850917339325,0.5123593807220459,-0.021544085815548897,0.38451582193374634,0.42029690742492676,-0.03517138957977295,0.39882293343544006,0.4882272779941559,-0.03020554780960083,0.392089307308197,0.5332897305488586,-0.02372032403945923,0.34245479106903076,0.5189379453659058,-0.030249936506152153,0.35456812381744385,0.4475589096546173,-0.0382612943649292,0.37068676948547363,0.48954859375953674,-0.03125188499689102,0.36856669187545776,0.5308464169502258,-0.02427605353295803
E,0.37004902958869934,0.7333496809005737,-2.155006200155185e-07,0.4177950620651245,0.7002792358398438,-0.010247603990137577,0.45711657404899597,0.6349062919616699,-0.01802445761859417,0.46721893548965454,0.5819928646087646,-0.027654290199279785,0.4418303072452545,0.5881596207618713,-0.03449583798646927,0.43085771799087524,0.528740644454956,-0.007529137190431356,0.44601932168006897,0.44804060459136963,-0.027238767594099045,0.4520542025566101,0.5179991722106934,-0.03878171369433403,0.4449937045574188,0.5616458654403687,-0.043577272444963455,0.4046555459499359,0.526934027671814,-0.013215516693890095,0.4202791750431061,0.4423481225967407,-0.03201870620250702,0.4280516505241394,0.5237009525299072,-0.038514528423547745,0.41591572761535645,0.5649533867835999,-0.03906498849391937,0.37648481130599976,0.5298032760620117,-0.021159380674362183,0.38863012194633484,0.4386875331401825,-0.03687183931469917,0.40252014994621277,0.5124154090881348,-0.031722020357847214,0.3948860466480255,0.5585451126098633,-0.02415635995566845,0.3440660238265991,0.5376904606819153,-0.030399540439248085,0.3581523299217224,0.4666973948478699,-0.03934818506240845,0.37424540519714355,0.5134739875793457,-0.03170424699783325,0.371402382850647,0.5563102960586548,-0.023664316162467003
E,0.35368406772613525,0.756050169467926,-2.4699232881175703e-07,0.40253499150276184,0.7224853038787842,-0.012202257290482521,0.44589343667030334,0.651639461517334,-0.019613275304436684,0.4541531205177307,0.5966813564300537,-0.028152065351605415,0.42451244592666626,0.6033436059951782,-0.033278655260801315,0.41890600323677063,0.5361508131027222,-0.00846112985163927,0.43501171469688416,0.46398088335990906,-0.02863500453531742,0.43748554587364197,0.5405125021934509,-0.04019255191087723,0.4301273822784424,0.5765637159347534,-0.04569143056869507,0.3891676366329193,0.534606397151947,-0.013538404367864132,0.4047175347805023,0.4581294059753418,-0.033063676208257675,0.41020649671554565,0.5461850762367249,-0.038968075066804886,0.39777278900146484,0.580345869064331,-0.03932670131325722,0.3581668734550476,0.540041983127594,-0.021039022132754326,0.36953115463256836,0.45245155692100525,-0.03862953558564186,0.3824135661125183,0.5347983241081238,-0.03203212842345238,0.37487655878067017,0.5774127840995789,-0.02338455617427826,0.3233647346496582,0.5516207218170166,-0.029804421588778496,0.3365536630153656,0.48494887351989746,-0.03956718370318413,0.3525441586971283,0.5376579761505127,-0.03048311546444893,0.35067084431648254,0.5776808261871338,-0.02125183492898941
E,0.3325563669204712,0.8021938800811768,-2.718499843012978e-07,0.38248440623283386,0.7664826512336731,-0.016321305185556412,0.42875245213508606,0.681128978729248,-0.023314325138926506,0.43089616298675537,0.6209176778793335,-0.030596977099776268,0.39482828974723816,0.6435293555259705,-0.0334886759519577,0.3944843113422394,0.5643113851547241,-0.007250276394188404,0.4036282002925873,0.4880799353122711,-0.029390256851911545,0.40630343556404114,0.5728498101234436,-0.04040999710559845,0.40276038646698,0.608285665512085,-0.04497053101658821,0.36150407791137695,0.5617456436157227,-0.010708617977797985,0.37113192677497864,0.4816529154777527,-0.03248893842101097,0.3776017129421234,0.5766265988349915,-0.03544120490550995,0.3687417507171631,0.6096034646034241,-0.03193613886833191,0.327988862991333,0.5702344179153442,-0.01771596260368824,0.3327674865722656,0.48309847712516785,-0.0378819964826107,0.3454667627811432,0.5709346532821655,-0.027671264484524727,0.3402270972728729,0.6079197525978088,-0.015046860091388226,0.2912385165691376,0.586264431476593,-0.026477960869669914,0.2965160012245178,0.5161598920822144,-0.035337164998054504,0.3126871585845947,0.5721854567527771,-0.02302844449877739,0.3132653534412384,0.6084276437759399,-0.011003685183823109
E,0.3119415044784546,0.8326560258865356,-2.6845378897633054e-07,0.359594464302063,0.7922793626785278,-0.017373034730553627,0.40417271852493286,0.7066617012023926,-0.02589745633304119,0.4071770906448364,0.646595299243927,-0.034733422100543976,0.3724064230918884,0.6665014624595642,-0.03929872810840607,0.3663191795349121,0.587841808795929,-0.008565440773963928,0.3735587000846863,0.5090799331665039,-0.03320087864995003,0.3797788619995117,0.5903679728507996,-0.04643384367227554,0.378305584192276,0.6310456991195679,-0.051829081028699875,0.331562340259552,0.5890486836433411,-0.011940972879529,0.3381024897098541,0.5071544647216797,-0.036865659058094025,0.34879252314567566,0.6012305617332458,-0.04218253493309021,0.34284642338752747,0.6427399516105652,-0.03958386182785034,0.29648923873901367,0.5999061465263367,-0.019025398418307304,0.29707157611846924,0.5074484348297119,-0.041484285145998,0.3139607608318329,0.5969678163528442,-0.032713305205106735,0.31257158517837524,0.6422309279441833,-0.020451590418815613,0.25915756821632385,0.6196751594543457,-0.027909163385629654,0.2602902054786682,0.5523490905761719,-0.039271268993616104,0.2782190144062042,0.6102406978607178,-0.02865511178970337,0.28187793493270874,0.6498249173164368,-0.017197374254465103
E,0.30378231406211853,0.8466647863388062,-2.5674520998109074e-07,0.34968817234039307,0.8066051006317139,-0.02239200845360756,0.3942214846611023,0.7169939279556274,-0.03437783941626549,0.3963225483894348,0.6575247645378113,-0.04634042829275131,0.36348119378089905,0.6842287182807922,-0.05359720066189766,0.3527567386627197,0.5948197841644287,-0.013155459426343441,0.3594247102737427,0.5176260471343994,-0.0413699597120285,0.3668125569820404,0.602084219455719,-0.05581783503293991,0.364388644695282,0.6463098526000977,-0.06121452525258064,0.3167196810245514,0.6010544896125793,-0.015275460667908192,0.32270678877830505,0.5262107253074646,-0.04470853880047798,0.3356342911720276,0.6224466562271118,-0.05146003141999245,0.3294299840927124,0.6610401272773743,-0.04904956370592117,0.2820660173892975,0.615730881690979,-0.021742159500718117,0.28157147765159607,0.5264661312103271,-0.04848392307758331,0.30124297738075256,0.6167195439338684,-0.040661852806806564,0.30037862062454224,0.6609004735946655,-0.028090015053749084,0.2449963390827179,0.638749361038208,-0.030358480289578438,0.24542270600795746,0.5746364593505859,-0.04453297331929207,0.26576322317123413,0.6317257881164551,-0.0351194329559803,0.27100372314453125,0.6710150837898254,-0.023869581520557404
E,0.30632877349853516,0.858329713344574,-2.555520950409118e-07,0.3514293134212494,0.8155016303062439,-0.021112868562340736,0.3945847451686859,0.7289164066314697,-0.0340481735765934,0.4005662202835083,0.6680490970611572,-0.047559626400470734,0.3715727627277374,0.6900196671485901,-0.05673937499523163,0.3540728688240051,0.6070963144302368,-0.014895145781338215,0.3619039058685303,0.5210384130477905,-0.04424076899886131,0.36899635195732117,0.6055933833122253,-0.05885881185531616,0.3666761815547943,0.6560723781585693,-0.06388210505247116,0.3189760744571686,0.6150552034378052,-0.018173687160015106,0.3251417577266693,0.534745991230011,-0.04813394695520401,0.336923211812973,0.6317713856697083,-0.05405643582344055,0.33201703429222107,0.6753581762313843,-0.05101785063743591,0.284120112657547,0.631793737411499,-0.02573171630501747,0.28446435928344727,0.5407582521438599,-0.05244314670562744,0.3026078939437866,0.629969596862793,-0.04343383014202118,0.30202317237854004,0.676228404045105,-0.03004930540919304,0.24708186089992523,0.6571144461631775,-0.03545737639069557,0.24968618154525757,0.59017413854599,-0.04930476099252701,0.2685163617134094,0.6460792422294617,-0.03897366300225258,0.27284494042396545,0.6864352226257324,-0.02714897133409977
E,0.29790693521499634,0.8740757703781128,-2.5187145524796506e-07,0.3422805964946747,0.829630434513092,-0.02407815493643284,0.3863690495491028,0.7448880672454834,-0.039251141250133514,0.3913705050945282,0.6854895353317261,-0.05455826595425606,0.36149924993515015,0.7064951062202454,-0.06529653817415237,0.34252893924713135,0.618645429611206,-0.018692854791879654,0.34891968965530396,0.5342776775360107,-0.05089257284998894,0.35683518648147583,0.6226534843444824,-0.06638655066490173,0.35573989152908325,0.6752449870109558,-0.07148014008998871,0.3055078089237213,0.6285991072654724,-0.02136358805000782,0.30982914566993713,0.553602397441864,-0.05447174236178398,0.3235698938369751,0.6534554362297058,-0.06097153201699257,0.32021185755729675,0.6958692073822021,-0.057763297110795975,0.26945436000823975,0.6477004885673523,-0.02869812212884426,0.2676728367805481,0.5629394054412842,-0.058473698794841766,0.2877623438835144,0.6540993452072144,-0.04972826689481735,0.28869742155075073,0.6977424621582031,-0.03593553230166435,0.2318100929260254,0.6766682267189026,-0.03834822028875351,0.23221954703330994,0.6146694421768188,-0.05446544289588928,0.2527940571308136,0.6727081537246704,-0.04473178833723068,0.25924503803253174,0.7104848027229309,-0.03284139558672905
E,0.3157789409160614,0.7986606955528259,-2.2502742069718806e-07,0.35998407006263733,0.7542028427124023,-0.015467766672372818,0.39729633927345276,0.6811565160751343,-0.027155594900250435,0.4076389670372009,0.6247478127479553,-0.04062844067811966,0.3857404887676239,0.6258968114852905,-0.050885748118162155,0.36312952637672424,0.5646626949310303,-0.010333632118999958,0.37031206488609314,0.479175329208374,-0.035452935844659805,0.37969252467155457,0.550359845161438,-0.050050754100084305,0.3771447241306305,0.5966483950614929,-0.055774375796318054,0.33247479796409607,0.5704795122146606,-0.01474311389029026,0.33918115496635437,0.4857039153575897,-0.03782546892762184,0.35131534934043884,0.5700569152832031,-0.044455960392951965,0.34470871090888977,0.612716019153595,-0.04410287365317345,0.30058377981185913,0.5826082825660706,-0.022552667185664177,0.3042319715023041,0.4882558286190033,-0.04355892911553383,0.3209635615348816,0.5664665699005127,-0.03672446310520172,0.3176804780960083,0.6143408417701721,-0.026505503803491592,0.26617515087127686,0.6022550463676453,-0.032055918127298355,0.2709084749221802,0.5295559763908386,-0.04368221014738083,0.2892279624938965,0.5776748657226562,-0.034660983830690384,0.29142048954963684,0.620575487613678,-0.024530136957764626
E,0.32539549469947815,0.768810510635376,-2.2209060546174442e-07,0.37127575278282166,0.7314428091049194,-0.012058908119797707,0.4094681143760681,0.6599618196487427,-0.02090451493859291,0.4149543046951294,0.602522075176239,-0.03152812644839287,0.3875174820423126,0.6072152853012085,-0.03954799100756645,0.3765941560268402,0.5432285070419312,-0.008402487263083458,0.3833491802215576,0.4571189880371094,-0.030099285766482353,0.3916837275028229,0.5241260528564453,-0.04370729252696037,0.3894174098968506,0.5728134512901306,-0.04938053339719772,0.3479132652282715,0.5469770431518555,-0.013336792588233948,0.35662543773651123,0.46067845821380615,-0.03350818157196045,0.36707085371017456,0.5401066541671753,-0.040694087743759155,0.3601621091365814,0.5870164632797241,-0.04141819477081299,0.31784605979919434,0.5566691160202026,-0.020853782072663307,0.32243913412094116,0.45914408564567566,-0.0383429080247879,0.33819183707237244,0.5324065685272217,-0.03339608758687973,0.33519983291625977,0.5836998820304871,-0.02541011944413185,0.2841590344905853,0.5733346939086914,-0.02979377470910549,0.29013174772262573,0.49782174825668335,-0.040002115070819855,0.30761080980300903,0.5431714057922363,-0.03249996900558472,0.3096524477005005,0.5873863101005554,-0.024027768522500992
E,0.33469724655151367,0.7367584705352783,-2.042865503426583e-07,0.37995463609695435,0.7016414403915405,-0.011311943642795086,0.417127788066864,0.6352196335792542,-0.019226543605327606,0.4221905767917633,0.5776998996734619,-0.02875574305653572,0.3939202129840851,0.5818895101547241,-0.035971082746982574,0.38689377903938293,0.5255929827690125,-0.007080764044076204,0.3961179554462433,0.4436943233013153,-0.026231620460748672,0.40330103039741516,0.5064937472343445,-0.03886070474982262,0.40003645420074463,0.5511037111282349,-0.04463445767760277,0.36051270365715027,0.5263763666152954,-0.011593637987971306,0.3717961609363556,0.4433169662952423,-0.029780644923448563,0.38104718923568726,0.5182534456253052,-0.03682820871472359,0.37318649888038635,0.5623811483383179,-0.03794167935848236,0.3325367867946625,0.5328909158706665,-0.018444767221808434,0.34004151821136475,0.440616250038147,-0.03463427349925041,0.35457122325897217,0.508794903755188,-0.030898036435246468,0.3504573404788971,0.5572772026062012,-0.02408568747341633,0.3003995418548584,0.5460485219955444,-0.02661866508424282,0.3099372386932373,0.47369861602783203,-0.036763016134500504,0.32581937313079834,0.5176554322242737,-0.03043925203382969,0.325532466173172,0.5611692070960999,-0.023074164986610413
E,0.34615999460220337,0.7067866921424866,-2.0487489393872238e-07,0.3888514041900635,0.6745671033859253,-0.008674677461385727,0.4235272705554962,0.6077055931091309,-0.01412628497928381,0.4313054382801056,0.5520915389060974,-0.021669968962669373,0.40623483061790466,0.5524882078170776,-0.02700969949364662,0.39746302366256714,0.5092977285385132,-0.0033320202492177486,0.4113434851169586,0.42913365364074707,-0.01964588090777397,0.41938090324401855,0.48798254132270813,-0.0301574245095253,0.41378578543663025,0.5331788659095764,-0.03464502468705177,0.3755415380001068,0.5073336362838745,-0.008449981920421124,0.3905826210975647,0.4256015121936798,-0.024833109229803085,0.40020495653152466,0.49750733375549316,-0.03192191198468208,0.39070621132850647,0.5409224033355713,-0.03308670222759247,0.35156890749931335,0.5103263258934021,-0.015700586140155792,0.36165672540664673,0.42000892758369446,-0.029873115941882133,0.37644851207733154,0.48446571826934814,-0.027847809717059135,0.37079641222953796,0.5320025682449341,-0.022626152262091637,0.32314714789390564,0.5191575884819031,-0.024133196100592613,0.33499330282211304,0.4481239318847656,-0.03361286222934723,0.35037949681282043,0.4884662926197052,-0.029207857325673103,0.34817570447921753,0.5301362872123718,-0.02361331135034561
E,0.3412120044231415,0.707533061504364,-2.2107781205704669e-07,0.3840477168560028,0.6764583587646484,-0.007515310775488615,0.4183977246284485,0.6112809777259827,-0.01255370769649744,0.4280261993408203,0.5560466647148132,-0.019849158823490143,0.40535682439804077,0.550748348236084,-0.024761715903878212,0.39272937178611755,0.5108878016471863,-0.0034450129605829716,0.40812236070632935,0.4340161383152008,-0.019154399633407593,0.41457268595695496,0.4938672184944153,-0.027620460838079453,0.40675824880599976,0.5370970368385315,-0.030634211376309395,0.3716229796409607,0.5075092911720276,-0.009451132267713547,0.38806670904159546,0.4292498826980591,-0.02605668641626835,0.3960357904434204,0.5036171674728394,-0.03215903043746948,0.3847470283508301,0.5433124899864197,-0.03249119967222214,0.3481101989746094,0.5095807909965515,-0.01734313741326332,0.3595714271068573,0.42133331298828125,-0.032239511609077454,0.3728327751159668,0.49000900983810425,-0.028391383588314056,0.36520540714263916,0.5343495011329651,-0.02185245230793953,0.31964725255966187,0.5177695155143738,-0.026180509477853775,0.33282649517059326,0.4484115242958069,-0.035914067178964615,0.3472985625267029,0.49195781350135803,-0.029554318636655807,0.34385666251182556,0.53205406665802,-0.022403927519917488
E,0.3136099576950073,0.7053647041320801,-1.977839758637856e-07,0.35680511593818665,0.6807574033737183,-0.009192755445837975,0.3925629258155823,0.629522442817688,-0.015440893359482288,0.40205344557762146,0.581641674041748,-0.023176077753305435,0.38441142439842224,0.565218985080719,-0.02822464518249035,0.37150415778160095,0.5242007374763489,-0.0046685668639838696,0.3857056498527527,0.4537573456764221,-0.021575214341282845,0.38959968090057373,0.5118270516395569,-0.031113186851143837,0.38259071111679077,0.5469438433647156,-0.03479454293847084,0.3486316204071045,0.5176313519477844,-0.00919454637914896,0.36370375752449036,0.44245049357414246,-0.025295304134488106,0.3684931695461273,0.5153627395629883,-0.03041551634669304,0.3579101264476776,0.5510804653167725,-0.030296452343463898,0.32317572832107544,0.5166881084442139,-0.015840312466025352,0.33475807309150696,0.4356665313243866,-0.030544649809598923,0.3442833423614502,0.5046523213386536,-0.024831514805555344,0.3367825150489807,0.5447920560836792,-0.016985654830932617,0.29316094517707825,0.5217146873474121,-0.02349148318171501,0.3065917193889618,0.4593946039676666,-0.03244921937584877,0.3191929757595062,0.5044482350349426,-0.02450941503047943,0.3159340023994446,0.541603147983551,-0.016000157222151756
E,0.2565360963344574,0.7082020044326782,-2.4623849981253443e-07,0.30050748586654663,0.6834526062011719,-0.011341308243572712,0.33854949474334717,0.6288055777549744,-0.016893213614821434,0.3446132242679596,0.5768371224403381,-0.023603539913892746,0.3193768858909607,0.5717272758483887,-0.027041954919695854,0.3149501085281372,0.5217936635017395,-0.0022145023103803396,0.3254523277282715,0.45056983828544617,-0.02058795839548111,0.32361820340156555,0.5141582489013672,-0.030906910076737404,0.318508505821228,0.5469556450843811,-0.03496113419532776,0.28940290212631226,0.5143088102340698,-0.005166676361113787,0.299625962972641,0.4467567205429077,-0.022132711485028267,0.29972562193870544,0.5187040567398071,-0.026438679546117783,0.2925289571285248,0.5473393797874451,-0.025270065292716026,0.26353511214256287,0.513861894607544,-0.011023096740245819,0.26937568187713623,0.43812209367752075,-0.026636015623807907,0.2742346525192261,0.5060440897941589,-0.020607775077223778,0.26986944675445557,0.5408515930175781,-0.012009009718894958,0.23530054092407227,0.5198509097099304,-0.01817300170660019,0.2389012575149536,0.46063390374183655,-0.026100317016243935,0.24787075817584991,0.5050612092018127,-0.01821896992623806,0.2479601800441742,0.538893461227417,-0.00953561719506979
E,0.22273476421833038,0.7063589096069336,-2.340647426990472e-07,0.26615020632743835,0.6799125671386719,-0.015268655493855476,0.3024798035621643,0.6154406666755676,-0.020700844004750252,0.297558456659317,0.5562961101531982,-0.026163334026932716,0.2651331424713135,0.5658689737319946,-0.027571359649300575,0.27090099453926086,0.5110652446746826,-0.0027764320839196444,0.2748725116252899,0.4360824525356293,-0.021741900593042374,0.274695485830307,0.49945375323295593,-0.03216426447033882,0.2730121910572052,0.5333324074745178,-0.036203742027282715,0.2439509481191635,0.5072813630104065,-0.002598489634692669,0.2466334104537964,0.4388590455055237,-0.018745634704828262,0.24943912029266357,0.5103040933609009,-0.02159956842660904,0.24713793396949768,0.5331074595451355,-0.019523825496435165,0.21815602481365204,0.510098397731781,-0.005979410372674465,0.21631872653961182,0.4327041208744049,-0.020108480006456375,0.22287753224372864,0.4983941912651062,-0.012578696012496948,0.22280126810073853,0.5297389030456543,-0.0034082061611115932,0.1901581585407257,0.5179805755615234,-0.011214515194296837,0.18825840950012207,0.46002304553985596,-0.016852663829922676,0.19777312874794006,0.5004278421401978,-0.008305467665195465,0.20081883668899536,0.5302742719650269,0.000408170250011608
E,0.2022019475698471,0.6875916719436646,-1.8314138117148104e-07,0.2408105581998825,0.6578867435455322,-0.018758127465844154,0.27272719144821167,0.5931047797203064,-0.026271238923072815,0.26110705733299255,0.5403377413749695,-0.03367413207888603,0.23107405006885529,0.5557461380958557,-0.03724173456430435,0.2409597933292389,0.4943336546421051,-0.0038278340362012386,0.2396332025527954,0.4187411367893219,-0.024576913565397263,0.2398967742919922,0.47299724817276,-0.03613976016640663,0.240136981010437,0.5116292238235474,-0.03998720645904541,0.2133117914199829,0.49204519391059875,-0.002675587311387062,0.21176733076572418,0.4220772385597229,-0.022005965933203697,0.2146066278219223,0.48641422390937805,-0.026851806789636612,0.21490320563316345,0.517985463142395,-0.024612614884972572,0.18870104849338531,0.4967404007911682,-0.005670634098351002,0.1838253140449524,0.4207645654678345,-0.022000009194016457,0.18912088871002197,0.4795045554637909,-0.016910763457417488,0.19039972126483917,0.5145840048789978,-0.008029279299080372,0.16356252133846283,0.5092894434928894,-0.010898496955633163,0.16049784421920776,0.45347362756729126,-0.017125241458415985,0.16705277562141418,0.48689380288124084,-0.010124833323061466,0.16949887573719025,0.5150792598724365,-0.0019911257550120354
E,0.19080136716365814,0.6786050200462341,-1.666002162892255e-07,0.22918593883514404,0.6471021175384521,-0.01843680813908577,0.26015016436576843,0.5853824615478516,-0.026296209543943405,0.24964068830013275,0.531017541885376,-0.03421275317668915,0.21802367269992828,0.5433303117752075,-0.039133355021476746,0.22603079676628113,0.48675230145454407,-0.005131283309310675,0.22526618838310242,0.4101639688014984,-0.023774996399879456,0.22413763403892517,0.4601510465145111,-0.03467320650815964,0.22314782440662384,0.5004636645317078,-0.03865410387516022,0.19929459691047668,0.4848853051662445,-0.004473239649087191,0.19616509974002838,0.4050491452217102,-0.02190687693655491,0.19725440442562103,0.4637501835823059,-0.026809005066752434,0.19881278276443481,0.5021087527275085,-0.02507898584008217,0.1752655804157257,0.49096256494522095,-0.007601548917591572,0.1694919466972351,0.4095349907875061,-0.02231702208518982,0.17357099056243896,0.4617646038532257,-0.01860097236931324,0.17577721178531647,0.5031721591949463,-0.011072223074734211,0.1508454531431198,0.5064535737037659,-0.012959850020706654,0.1455213725566864,0.44684845209121704,-0.019445857033133507,0.15127915143966675,0.47258561849594116,-0.014238049276173115,0.1548391580581665,0.5022146105766296,-0.007683180272579193
E,0.18186937272548676,0.6709656715393066,-1.8500256260267633e-07,0.21877118945121765,0.6380506753921509,-0.018428416922688484,0.24758325517177582,0.5764612555503845,-0.02607651613652706,0.2357352077960968,0.5190856456756592,-0.033747222274541855,0.20515938103199005,0.5342894792556763,-0.03851030766963959,0.2123262733221054,0.48048093914985657,-0.00722456956282258,0.21208558976650238,0.40024086833000183,-0.024524662643671036,0.21217140555381775,0.4511970281600952,-0.03448154404759407,0.21174558997154236,0.4887072741985321,-0.03844007849693298,0.18707095086574554,0.4770180881023407,-0.006909647956490517,0.18576592206954956,0.39065301418304443,-0.02315603196620941,0.18603360652923584,0.4475812613964081,-0.027792757377028465,0.18706773221492767,0.4852422773838043,-0.02645348384976387,0.16430266201496124,0.48390206694602966,-0.010055274702608585,0.16049785912036896,0.39817339181900024,-0.023027712479233742,0.16380193829536438,0.44564104080200195,-0.020298782736063004,0.1661199927330017,0.48583826422691345,-0.014166303910315037,0.14159543812274933,0.5024207234382629,-0.015419586561620235,0.1368332952260971,0.43740472197532654,-0.020184408873319626,0.1414869725704193,0.45750877261161804,-0.01558272261172533,0.1446980983018875,0.48607397079467773,-0.0103186359629035
E,0.19705235958099365,0.6754170656204224,-1.9312678034566488e-07,0.2356887012720108,0.6443477869033813,-0.016631407663226128,0.26560458540916443,0.5816395878791809,-0.02346031181514263,0.25449272990226746,0.525396466255188,-0.03034878335893154,0.22435784339904785,0.5360482335090637,-0.034478407353162766,0.23288831114768982,0.48260876536369324,-0.0066877007484436035,0.23061774671077728,0.4000365138053894,-0.024437904357910156,0.2312990128993988,0.45018458366394043,-0.03522397205233574,0.23099777102470398,0.49022844433784485,-0.039594367146492004,0.20625844597816467,0.47992005944252014,-0.006607105489820242,0.2032277137041092,0.3933659493923187,-0.022041860967874527,0.20547199249267578,0.4510437250137329,-0.027023065835237503,0.20608718693256378,0.490230917930603,-0.02642989158630371,0.1814761608839035,0.48588982224464417,-0.009777085855603218,0.17689694464206696,0.4013500213623047,-0.02248127944767475,0.1813008189201355,0.45016324520111084,-0.019401712343096733,0.1822403371334076,0.49092015624046326,-0.013369816355407238,0.1562541276216507,0.5012820959091187,-0.01495907362550497,0.1509576439857483,0.43577370047569275,-0.02029157243669033,0.1567438840866089,0.4586770534515381,-0.015326014719903469,0.15894865989685059,0.4881330132484436,-0.009675619192421436
E,0.2154151350259781,0.6794043779373169,-2.1400440175511903e-07,0.2565843462944031,0.6511188745498657,-0.01489157322794199,0.28876328468322754,0.5877715349197388,-0.019416185095906258,0.278858482837677,0.5286294221878052,-0.02400059998035431,0.2468404322862625,0.540560781955719,-0.02534063719213009,0.25640010833740234,0.4856024384498596,-0.002455753041431308,0.25739240646362305,0.4092189073562622,-0.019439969211816788,0.25787195563316345,0.46343356370925903,-0.029652487486600876,0.2572810649871826,0.500723659992218,-0.033864669501781464,0.22978737950325012,0.480929970741272,-0.0021853887010365725,0.23057082295417786,0.4013904929161072,-0.016813306137919426,0.23287327587604523,0.46291571855545044,-0.020667461678385735,0.23208840191364288,0.49820587038993835,-0.0195392407476902,0.20454002916812897,0.48625409603118896,-0.005249558016657829,0.20133918523788452,0.40365490317344666,-0.017581388354301453,0.20660510659217834,0.4589668810367584,-0.013338422402739525,0.20748530328273773,0.4994901418685913,-0.006643534637987614,0.17831750214099884,0.5015623569488525,-0.010137371718883514,0.17362070083618164,0.439136803150177,-0.014876456931233406,0.18091288208961487,0.4657157063484192,-0.009270362555980682,0.18387754261493683,0.4943942427635193,-0.003236302174627781
E,0.22819726169109344,0.6877322196960449,-2.3217417322030087e-07,0.27173471450805664,0.6592405438423157,-0.01263923104852438,0.3064267039299011,0.5993322134017944,-0.01700708642601967,0.3019947409629822,0.5383461117744446,-0.022065598517656326,0.271006315946579,0.547385036945343,-0.024231556802988052,0.2754312753677368,0.49484509229660034,-0.0021756156347692013,0.27929744124412537,0.4179140031337738,-0.01902002841234207,0.2799995243549347,0.4765589237213135,-0.02957797423005104,0.2780705690383911,0.5165640115737915,-0.03405613824725151,0.24908220767974854,0.48816096782684326,-0.0034975341986864805,0.25282201170921326,0.4093306064605713,-0.017616234719753265,0.2556648850440979,0.4732188582420349,-0.021688148379325867,0.25271397829055786,0.5110072493553162,-0.021060258150100708,0.22266730666160583,0.4923270344734192,-0.0077969725243747234,0.22322840988636017,0.4081799387931824,-0.01945836842060089,0.23018205165863037,0.4636803865432739,-0.01479082740843296,0.22892840206623077,0.505020797252655,-0.008180883713066578,0.19423988461494446,0.5062448978424072,-0.013720558024942875,0.194120854139328,0.43876153230667114,-0.01840803772211075,0.20388886332511902,0.4688178300857544,-0.011749764904379845,0.20555268228054047,0.5028927326202393,-0.005013050511479378
E,0.26833564043045044,0.6890225410461426,-2.2812153588347428e-07,0.3081246316432953,0.6694596409797668,-0.013822628185153008,0.34442293643951416,0.6091008186340332,-0.019945193082094193,0.3484170436859131,0.5504237413406372,-0.026733476668596268,0.321204274892807,0.5540161728858948,-0.030754229053854942,0.3167988657951355,0.498601496219635,-0.006573507096618414,0.3244265019893646,0.4240482747554779,-0.024411717429757118,0.32722726464271545,0.48360475897789,-0.03438609093427658,0.3231111466884613,0.5232040882110596,-0.03802162781357765,0.29015952348709106,0.49268317222595215,-0.008440777659416199,0.29702550172805786,0.4129732847213745,-0.02495729550719261,0.30201858282089233,0.4817684292793274,-0.028987426310777664,0.2964869439601898,0.5207536220550537,-0.027287300676107407,0.2634437084197998,0.4952937960624695,-0.013176321983337402,0.2675175070762634,0.41316884756088257,-0.028542356565594673,0.2764635980129242,0.47452065348625183,-0.024556484073400497,0.27294299006462097,0.5155801177024841,-0.0170642901211977,0.23446212708950043,0.5063815116882324,-0.019423335790634155,0.23440209031105042,0.43697845935821533,-0.028177741914987564,0.24591532349586487,0.47198784351348877,-0.02281569316983223,0.24776744842529297,0.5084146857261658,-0.015914062038064003
E,0.3142399191856384,0.696643054485321,-2.0445871484753297e-07,0.35564929246902466,0.675294041633606,-0.009432714432477951,0.3931577503681183,0.6183726191520691,-0.014937038533389568,0.4020039737224579,0.5665857791900635,-0.02238074131309986,0.3815305829048157,0.5603060126304626,-0.02788052149116993,0.36780300736427307,0.504112184047699,-0.004222264979034662,0.37965670228004456,0.42449232935905457,-0.022215818986296654,0.3861668109893799,0.4790453016757965,-0.03386516496539116,0.3817700445652008,0.5218209624290466,-0.03856080025434494,0.34258943796157837,0.49791571497917175,-0.008564086630940437,0.3552244007587433,0.4138547480106354,-0.024396736174821854,0.3628891706466675,0.48233723640441895,-0.030886678025126457,0.3557995855808258,0.5263385772705078,-0.03161123767495155,0.31571710109710693,0.5001515746116638,-0.015259591862559319,0.32316848635673523,0.41186946630477905,-0.02898954227566719,0.33546313643455505,0.47325658798217773,-0.027048129588365555,0.3316493630409241,0.5193983316421509,-0.02184990420937538,0.28503334522247314,0.5113704800605774,-0.02307903952896595,0.28865113854408264,0.43949389457702637,-0.03141089156270027,0.3037192225456238,0.4741154909133911,-0.02676551416516304,0.3058529496192932,0.5133001208305359,-0.020852092653512955
E,0.3558279871940613,0.7033287286758423,-2.031304688898672e-07,0.3973543345928192,0.6763399839401245,-0.011225108057260513,0.43372464179992676,0.6117246747016907,-0.019171133637428284,0.4435217082500458,0.5558656454086304,-0.028908418491482735,0.4171360731124878,0.5565702319145203,-0.03626842051744461,0.4050264060497284,0.4994300305843353,-0.008893411606550217,0.4176099896430969,0.41458532214164734,-0.029156189411878586,0.42755386233329773,0.4759943187236786,-0.041477449238300323,0.4227636456489563,0.5215915441513062,-0.046442799270153046,0.38014447689056396,0.4981655478477478,-0.013865968212485313,0.3935401439666748,0.40908804535865784,-0.03239366039633751,0.4047388732433319,0.4852190613746643,-0.03924114629626274,0.3958503007888794,0.5290635824203491,-0.03999599441885948,0.35319143533706665,0.5029693245887756,-0.021276965737342834,0.362422913312912,0.4093810021877289,-0.03690718486905098,0.3782080411911011,0.4745074510574341,-0.03420320153236389,0.37300923466682434,0.5211222767829895,-0.028368234634399414,0.3221861720085144,0.5136093497276306,-0.030033739283680916,0.3277858793735504,0.43884849548339844,-0.03930974379181862,0.3456314206123352,0.47558310627937317,-0.03428623080253601,0.34696000814437866,0.516893208026886,-0.028249623253941536
E,0.3436788022518158,0.7019976377487183,-1.9160781050686637e-07,0.38506969809532166,0.6788678765296936,-0.011357306502759457,0.42295634746551514,0.6210881471633911,-0.019134486094117165,0.43338698148727417,0.5650753378868103,-0.02849453128874302,0.40742793679237366,0.5626642107963562,-0.03604373335838318,0.395639032125473,0.5112669467926025,-0.008116315118968487,0.40768271684646606,0.42829424142837524,-0.027351392433047295,0.4158400297164917,0.48277074098587036,-0.04068676382303238,0.4117740988731384,0.5269635319709778,-0.04685074836015701,0.3716428279876709,0.5074415802955627,-0.01245682779699564,0.38451316952705383,0.42045530676841736,-0.029506482183933258,0.3941093385219574,0.4892745912075043,-0.03682909905910492,0.3867035508155823,0.5342413783073425,-0.03841159865260124,0.34528034925460815,0.5102819204330444,-0.019158190116286278,0.35327109694480896,0.42003682255744934,-0.033528853207826614,0.36723414063453674,0.4802382290363312,-0.03140363097190857,0.3631024658679962,0.5271466374397278,-0.026357540860772133,0.31474626064300537,0.519376814365387,-0.027274858206510544,0.32020309567451477,0.4478346109390259,-0.03610694408416748,0.33642205595970154,0.4836045503616333,-0.03142501786351204,0.337750107049942,0.524273157119751,-0.025851182639598846
E,0.3416101336479187,0.7106061577796936,-1.8189325601269957e-07,0.3826046288013458,0.6888384819030762,-0.010003892704844475,0.4191339313983917,0.6331377029418945,-0.017373522743582726,0.4317153990268707,0.5800446271896362,-0.026742789894342422,0.4080429673194885,0.5718536972999573,-0.034471843391656876,0.3937321603298187,0.5212311148643494,-0.007737082429230213,0.4073482155799866,0.4351973831653595,-0.02816670760512352,0.4162239134311676,0.4879719614982605,-0.0421372652053833,0.41246092319488525,0.5336216688156128,-0.04818909987807274,0.369647353887558,0.5186623334884644,-0.012695305049419403,0.38436269760131836,0.4314733147621155,-0.03067179024219513,0.39367884397506714,0.5002872347831726,-0.03847498446702957,0.38633993268013,0.5449719429016113,-0.040230169892311096,0.3430831730365753,0.522196352481842,-0.020025860518217087,0.35317885875701904,0.4319309890270233,-0.03502369672060013,0.3665665090084076,0.4916747510433197,-0.03329619765281677,0.3623711168766022,0.5377556681632996,-0.028390400111675262,0.31257739663124084,0.5315741896629333,-0.028639739379286766,0.319034218788147,0.4611969590187073,-0.03768844157457352,0.33482086658477783,0.4960862100124359,-0.03324507549405098,0.33617591857910156,0.5354267954826355,-0.027763664722442627
E,0.3313612639904022,0.7142536640167236,-1.8636167453678354e-07,0.37143996357917786,0.6892378330230713,-0.010650944896042347,0.40799304842948914,0.6324255466461182,-0.018604625016450882,0.42080917954444885,0.5813096761703491,-0.02843707986176014,0.39839106798171997,0.5739254951477051,-0.036053936928510666,0.3808770179748535,0.5175605416297913,-0.007859393954277039,0.3923742175102234,0.43418920040130615,-0.028735341504216194,0.4009591341018677,0.49117311835289,-0.04230329766869545,0.3977617025375366,0.5372644066810608,-0.04781758412718773,0.3564890921115875,0.5151059031486511,-0.012670757248997688,0.3689766228199005,0.4296378791332245,-0.0305107980966568,0.3781754970550537,0.5001977682113647,-0.036769524216651917,0.37148889899253845,0.5444352030754089,-0.037198882550001144,0.32977357506752014,0.5195083618164062,-0.020051902160048485,0.3371626138687134,0.43056726455688477,-0.03481018543243408,0.34986865520477295,0.49352148175239563,-0.030557680875062943,0.3458781838417053,0.5393558740615845,-0.023707164451479912,0.29975569248199463,0.5308964848518372,-0.028913190588355064,0.3043573200702667,0.46073514223098755,-0.037387777119874954,0.31978529691696167,0.4974241554737091,-0.03106028400361538,0.3214553892612457,0.5365062952041626,-0.023908374831080437
E,0.3215677738189697,0.7100369930267334,-2.0121518673477112e-07,0.3628319203853607,0.6834715604782104,-0.010946509428322315,0.39980629086494446,0.6246621012687683,-0.01839989796280861,0.4076370596885681,0.5721835494041443,-0.0273925568908453,0.3851624131202698,0.5678821206092834,-0.03435545042157173,0.3712863326072693,0.5156947374343872,-0.008103694766759872,0.38193264603614807,0.4362756311893463,-0.028124850243330002,0.388409823179245,0.49289530515670776,-0.041264645755290985,0.3850530683994293,0.5365142226219177,-0.0469607412815094,0.3455449044704437,0.5136424899101257,-0.012346952222287655,0.3573083281517029,0.43056660890579224,-0.030155783519148827,0.3648912012577057,0.4992542564868927,-0.03662355616688728,0.35805290937423706,0.5422857999801636,-0.0373498760163784,0.31825709342956543,0.5173632502555847,-0.019032567739486694,0.3247803747653961,0.4283927083015442,-0.034603383392095566,0.3367542326450348,0.49121522903442383,-0.031071672216057777,0.33327537775039673,0.5371630191802979,-0.024604279547929764,0.2876386344432831,0.5276415348052979,-0.02702532522380352,0.2918578088283539,0.4577696919441223,-0.03643989562988281,0.30654704570770264,0.4960706830024719,-0.030640050768852234,0.3085342049598694,0.5357642769813538,-0.02380729839205742
E,0.3155369162559509,0.7074093818664551,-2.0293067848342616e-07,0.3554622530937195,0.6813815832138062,-0.010455488227307796,0.39061683416366577,0.6203267574310303,-0.01714140735566616,0.4016503691673279,0.5673131346702576,-0.025439562276005745,0.38037359714508057,0.563080370426178,-0.03171062096953392,0.36318284273147583,0.5122688412666321,-0.006807176396250725,0.3715059459209442,0.43452656269073486,-0.02484731376171112,0.37855589389801025,0.48972901701927185,-0.036785878241062164,0.37525317072868347,0.5319741368293762,-0.042017512023448944,0.33756354451179504,0.5095102190971375,-0.011009317822754383,0.34710264205932617,0.4263811707496643,-0.027392402291297913,0.35611534118652344,0.49608084559440613,-0.03335800766944885,0.3497507572174072,0.5408264398574829,-0.03377031534910202,0.31026580929756165,0.5140973925590515,-0.0174885131418705,0.3155006170272827,0.4272231161594391,-0.0313115194439888,0.3291349709033966,0.48724299669265747,-0.02808307483792305,0.32584378123283386,0.5325779914855957,-0.02215733751654625,0.2800057530403137,0.5255107879638672,-0.02528918720781803,0.2835555672645569,0.45426201820373535,-0.033678628504276276,0.29934772849082947,0.4889764189720154,-0.028120920062065125,0.3016428053379059,0.5289510488510132,-0.02164052426815033
E,0.31195178627967834,0.7076740860939026,-2.0361640906685352e-07,0.35377761721611023,0.6837079524993896,-0.013384586200118065,0.39092767238616943,0.6166495084762573,-0.020659158006310463,0.39624741673469543,0.5579568147659302,-0.028732258826494217,0.3682435154914856,0.5625404715538025,-0.03437822312116623,0.35817885398864746,0.5084664821624756,-0.009743969887495041,0.3657255470752716,0.4253968894481659,-0.029057161882519722,0.3739601969718933,0.4844670295715332,-0.041474007070064545,0.3710979223251343,0.5281608700752258,-0.04684498906135559,0.33151113986968994,0.5070136189460754,-0.012572298757731915,0.340281218290329,0.41873884201049805,-0.02983713522553444,0.35115373134613037,0.4890561103820801,-0.03589514270424843,0.34544581174850464,0.532982349395752,-0.03619043529033661,0.3036671578884125,0.5123969316482544,-0.017939290031790733,0.3078542947769165,0.4202963709831238,-0.0324881486594677,0.32355964183807373,0.4795273244380951,-0.029518358409404755,0.3214757740497589,0.5249243378639221,-0.02359020709991455,0.27266937494277954,0.5246257185935974,-0.024879109114408493,0.2749323844909668,0.4492809474468231,-0.03371230885386467,0.2916466295719147,0.48407337069511414,-0.02870180457830429,0.2943926453590393,0.5252165794372559,-0.022625263780355453
E,0.30744728446006775,0.7145549654960632,-1.9405101170377748e-07,0.3509981632232666,0.6855634450912476,-0.012982727028429508,0.38966500759124756,0.6224011182785034,-0.020348312333226204,0.3950306475162506,0.5652597546577454,-0.02884657122194767,0.3674221634864807,0.5641193389892578,-0.03502542898058891,0.3583357036113739,0.5081114172935486,-0.005927113350480795,0.366438090801239,0.43152061104774475,-0.025117402896285057,0.37201228737831116,0.49014416337013245,-0.037843916565179825,0.3689108192920685,0.5337303876876831,-0.043501630425453186,0.33171993494033813,0.5033568143844604,-0.009365041740238667,0.3395601511001587,0.41718149185180664,-0.026832275092601776,0.3473886549472809,0.48806124925613403,-0.03308069705963135,0.34259527921676636,0.5346421003341675,-0.03307630494236946,0.30344700813293457,0.508049726486206,-0.015583382919430733,0.306039035320282,0.4196893274784088,-0.03123919852077961,0.31849563121795654,0.4831851124763489,-0.027646983042359352,0.3162100613117218,0.5309224128723145,-0.02062840200960636,0.2719961702823639,0.522038996219635,-0.02335299178957939,0.2751467823982239,0.4517863094806671,-0.032599907368421555,0.28970959782600403,0.489581435918808,-0.02654052898287773,0.2913307845592499,0.5287891626358032,-0.019301829859614372
E,0.2915559411048889,0.7403779625892639,-2.1084468926346744e-07,0.3373495936393738,0.7102011442184448,-0.015036871656775475,0.37565869092941284,0.638405978679657,-0.023332864046096802,0.3806867003440857,0.5806467533111572,-0.03243337199091911,0.3531040847301483,0.5856084823608398,-0.03819744661450386,0.3384730815887451,0.5191375017166138,-0.00809538085013628,0.34543171525001526,0.43883755803108215,-0.03057827800512314,0.3540063500404358,0.5062538385391235,-0.04413480684161186,0.35080254077911377,0.5521993041038513,-0.0494513139128685,0.30910104513168335,0.5210922360420227,-0.011415925808250904,0.31449228525161743,0.4315643906593323,-0.031908728182315826,0.32639676332473755,0.5116522312164307,-0.03819328173995018,0.3209512233734131,0.5577347278594971,-0.03751440346240997,0.2798357307910919,0.5309853553771973,-0.017937613651156425,0.2820879817008972,0.4376943111419678,-0.03601035475730896,0.29817652702331543,0.5103812217712402,-0.03038233332335949,0.29567253589630127,0.5578076243400574,-0.021364765241742134,0.24842751026153564,0.548969566822052,-0.026183178648352623,0.25451570749282837,0.4787325859069824,-0.03600136935710907,0.2715242803096771,0.5229787230491638,-0.028180666267871857,0.272896945476532,0.5633541941642761,-0.019345084205269814
E,0.2912388741970062,0.7344087362289429,-2.2720739423220948e-07,0.3360733091831207,0.7021948099136353,-0.011117270216345787,0.3712196946144104,0.6352822184562683,-0.01857912912964821,0.3774349093437195,0.5797960162162781,-0.027617981657385826,0.35359153151512146,0.5763394832611084,-0.033941078931093216,0.33582016825675964,0.5186102390289307,-0.0070777409709990025,0.3411616384983063,0.4346114993095398,-0.030473904684185982,0.35032030940055847,0.49716901779174805,-0.04525770992040634,0.34863021969795227,0.5454216599464417,-0.05104714259505272,0.3068188726902008,0.5233858823776245,-0.011817468330264091,0.3110465109348297,0.43265220522880554,-0.03200576454401016,0.3224307894706726,0.5111615657806396,-0.0382034070789814,0.3184020519256592,0.5583333373069763,-0.03773288056254387,0.2777133584022522,0.5347995162010193,-0.019433800131082535,0.2788894474506378,0.44064566493034363,-0.03689366206526756,0.29404768347740173,0.5124738216400146,-0.030564675107598305,0.2929005026817322,0.5602210760116577,-0.021351762115955353,0.246966153383255,0.5539833307266235,-0.028434494510293007,0.2518933415412903,0.48291370272636414,-0.03794139623641968,0.2680897116661072,0.5272618532180786,-0.029388021677732468,0.27045494318008423,0.5676559209823608,-0.020084485411643982
E,0.2903369963169098,0.73405522108078,-2.0434978864614095e-07,0.33265233039855957,0.7000402212142944,-0.012040583416819572,0.36580848693847656,0.6380397081375122,-0.021200699731707573,0.3753965497016907,0.5875267386436462,-0.0322478748857975,0.358548641204834,0.5743204355239868,-0.04073057696223259,0.3311206102371216,0.5218760371208191,-0.009267512708902359,0.33755895495414734,0.4349212050437927,-0.03259345889091492,0.34698593616485596,0.49524784088134766,-0.04736984148621559,0.34528636932373047,0.541566014289856,-0.053271278738975525,0.30303382873535156,0.525445282459259,-0.013995010405778885,0.3090157210826874,0.43462035059928894,-0.033981066197156906,0.32068029046058655,0.5092100501060486,-0.04068216308951378,0.31646648049354553,0.5552746653556824,-0.04097641631960869,0.2742168605327606,0.5364365577697754,-0.021554354578256607,0.27592018246650696,0.44048529863357544,-0.03830942511558533,0.2915860712528229,0.5085045099258423,-0.03235092759132385,0.2903079092502594,0.556563675403595,-0.02382563427090645,0.24381467700004578,0.5557180047035217,-0.030623985454440117,0.24804078042507172,0.48312485218048096,-0.040087852627038956,0.26538997888565063,0.5239378213882446,-0.03187331184744835,0.2684287428855896,0.5653275847434998,-0.022887591272592545
E,0.28922978043556213,0.7336539030075073,-2.1604137145914137e-07,0.3317827880382538,0.6997411251068115,-0.01118833851069212,0.36552006006240845,0.6358028650283813,-0.019542625173926353,0.3757101893424988,0.581780195236206,-0.029735691845417023,0.35533252358436584,0.5702714920043945,-0.037731513381004333,0.33138203620910645,0.5222090482711792,-0.009803809225559235,0.3364042043685913,0.4345688223838806,-0.03317398205399513,0.3455003499984741,0.49306172132492065,-0.04839804396033287,0.34443944692611694,0.5399447083473206,-0.0548098087310791,0.3027045726776123,0.5260973572731018,-0.014915484935045242,0.30730536580085754,0.43248116970062256,-0.03471115604043007,0.318647563457489,0.5059852600097656,-0.041487179696559906,0.31562548875808716,0.5532520413398743,-0.0420854389667511,0.2734774053096771,0.537437379360199,-0.02270512282848358,0.27381011843681335,0.44053328037261963,-0.03906373679637909,0.2888142764568329,0.5073869824409485,-0.03340109437704086,0.2887231409549713,0.5557783246040344,-0.025420235469937325,0.24286574125289917,0.5567091107368469,-0.0319482795894146,0.24525317549705505,0.48342663049697876,-0.04103412106633186,0.2615651488304138,0.5236454010009766,-0.03306335583329201,0.26531273126602173,0.5642425417900085,-0.02463880367577076
E,0.2882962226867676,0.7350519895553589,-2.052818359743469e-07,0.3303608000278473,0.7040572762489319,-0.013977686874568462,0.3647446930408478,0.6387069821357727,-0.02294636145234108,0.3724097013473511,0.5834131836891174,-0.03336456045508385,0.35183316469192505,0.5706443786621094,-0.0413084477186203,0.3286280333995819,0.5255356431007385,-0.011288722977042198,0.33336660265922546,0.4342777132987976,-0.035619206726551056,0.3423287570476532,0.49258118867874146,-0.0507020466029644,0.3410949110984802,0.542121410369873,-0.05646337568759918,0.2998166084289551,0.527936577796936,-0.015061616897583008,0.3029133081436157,0.4306041896343231,-0.036447107791900635,0.31421151757240295,0.5018640756607056,-0.043756552040576935,0.312742680311203,0.5519466400146484,-0.04388737305998802,0.27067801356315613,0.5376656651496887,-0.02195052243769169,0.2686677575111389,0.43971168994903564,-0.0394115149974823,0.28335756063461304,0.5018994808197021,-0.035560403019189835,0.2844803035259247,0.5514775514602661,-0.0281718410551548,0.2403813749551773,0.5559258460998535,-0.03053680993616581,0.23943686485290527,0.4834754168987274,-0.04016987234354019,0.25480642914772034,0.5182064175605774,-0.0341295525431633,0.25877442955970764,0.5570555925369263,-0.026817359030246735
E,0.2868140935897827,0.7371628284454346,-1.9334898126999178e-07,0.3287923336029053,0.7007656693458557,-0.013624238781630993,0.362869530916214,0.6357957124710083,-0.023138554766774178,0.37341296672821045,0.5830880403518677,-0.034475576132535934,0.3541331887245178,0.5696213841438293,-0.043338943272829056,0.32761096954345703,0.52055424451828,-0.009742031805217266,0.33334919810295105,0.4318661093711853,-0.03443589434027672,0.3425634503364563,0.49135658144950867,-0.050464823842048645,0.3410249948501587,0.5403770804405212,-0.05684812739491463,0.2990473806858063,0.5240843892097473,-0.014050621539354324,0.3032739758491516,0.4309464693069458,-0.03598365560173988,0.31475651264190674,0.5035495758056641,-0.044220734387636185,0.3120393753051758,0.5532823204994202,-0.044946011155843735,0.2697439193725586,0.534401535987854,-0.021533159539103508,0.2689826190471649,0.4391297996044159,-0.03942970931529999,0.28392067551612854,0.5044860243797302,-0.035591185092926025,0.284018874168396,0.5547694563865662,-0.028063636273145676,0.23902440071105957,0.552891194820404,-0.030746713280677795,0.23909452557563782,0.4825575351715088,-0.04073721170425415,0.25499022006988525,0.5203205943107605,-0.03436305373907089,0.2587619125843048,0.5603516697883606,-0.02659621275961399
E,0.2880902886390686,0.7456362247467041,-2.0193338912122272e-07,0.33029842376708984,0.709936261177063,-0.015428053215146065,0.3663941025733948,0.6401252746582031,-0.025201549753546715,0.3737899661064148,0.5818416476249695,-0.036260925233364105,0.34954264760017395,0.5792518854141235,-0.044673703610897064,0.32935214042663574,0.5255619883537292,-0.011509924195706844,0.3339645266532898,0.4373677670955658,-0.036485183984041214,0.3438917398452759,0.49966666102409363,-0.05190827697515488,0.34320545196533203,0.5473145246505737,-0.05795460194349289,0.29957813024520874,0.5295910835266113,-0.01500060223042965,0.3038022518157959,0.43753036856651306,-0.03778954595327377,0.3164489269256592,0.5120632648468018,-0.04576572775840759,0.31347328424453735,0.5596969723701477,-0.04607177525758743,0.26975396275520325,0.540758490562439,-0.02172100357711315,0.2683529853820801,0.44541484117507935,-0.040972717106342316,0.2849121689796448,0.5116902589797974,-0.03749489784240723,0.2853180766105652,0.5605863332748413,-0.029779724776744843,0.23831745982170105,0.5602545142173767,-0.03019312210381031,0.23647618293762207,0.48785871267318726,-0.04102124273777008,0.2542407810688019,0.525417149066925,-0.0351521261036396,0.2593778669834137,0.5653610825538635,-0.027535056695342064
E,0.3350718021392822,0.7267269492149353,-1.7386835793331556e-07,0.3762483596801758,0.6908706426620483,-0.010978741571307182,0.4099622964859009,0.6248142123222351,-0.01911231130361557,0.4200146198272705,0.5701130628585815,-0.029158402234315872,0.39821118116378784,0.5614515542984009,-0.03726613149046898,0.37392672896385193,0.5137531161308289,-0.008096776902675629,0.3805377185344696,0.42576339840888977,-0.03097812831401825,0.39307525753974915,0.47823333740234375,-0.04721419885754585,0.3940000534057617,0.5268117189407349,-0.054362766444683075,0.3472480773925781,0.5183991193771362,-0.01316027995198965,0.35507282614707947,0.4253585934638977,-0.03348273038864136,0.3691839277744293,0.4931999146938324,-0.04253518208861351,0.3663693964481354,0.5417931079864502,-0.044597841799259186,0.31899720430374146,0.5292191505432129,-0.020846456289291382,0.3211970925331116,0.4332015812397003,-0.03766683489084244,0.3384632468223572,0.4936647415161133,-0.0354439951479435,0.33894526958465576,0.5425865650177002,-0.029704980552196503,0.28811928629875183,0.5475986003875732,-0.029973696917295456,0.29085612297058105,0.4767705202102661,-0.04032189026474953,0.30791229009628296,0.5140134692192078,-0.03519793227314949,0.3118045926094055,0.5544688701629639,-0.028787683695554733
E,0.43370044231414795,0.7236777544021606,-2.4608996795905114e-07,0.47929972410202026,0.671044111251831,-0.0028122705407440662,0.5088920593261719,0.5937836766242981,-0.009326597675681114,0.5191140174865723,0.5413177013397217,-0.019299903884530067,0.49792784452438354,0.555117130279541,-0.027599317952990532,0.4795686900615692,0.49745622277259827,-0.009703518822789192,0.4883582592010498,0.4081534743309021,-0.029193397611379623,0.5026051998138428,0.47411245107650757,-0.040438830852508545,0.4998861253261566,0.5252373814582825,-0.04527192935347557,0.4550008475780487,0.5074023604393005,-0.01998596452176571,0.4639376699924469,0.41272932291030884,-0.03878827020525932,0.4819638133049011,0.49221062660217285,-0.046514060348272324,0.47527897357940674,0.541384756565094,-0.048895858228206635,0.428549587726593,0.5227655172348022,-0.031150775030255318,0.43113261461257935,0.4221349060535431,-0.0461396723985672,0.4551222324371338,0.4935276508331299,-0.04237571358680725,0.4539698362350464,0.5459991097450256,-0.036904964596033096,0.39855945110321045,0.546056866645813,-0.04284229129552841,0.4044041931629181,0.46705007553100586,-0.05209772661328316,0.42567288875579834,0.5099503397941589,-0.045075371861457825,0.42717018723487854,0.5559311509132385,-0.03828008472919464
E,0.4208013415336609,0.7348989248275757,-2.471477387189225e-07,0.46632108092308044,0.6843282580375671,-0.0038480248767882586,0.4988727867603302,0.6115703582763672,-0.010589511133730412,0.5124750733375549,0.5638206005096436,-0.020599935203790665,0.4903763234615326,0.5660331845283508,-0.028452999889850616,0.47145146131515503,0.5104846358299255,-0.010271464474499226,0.48528170585632324,0.42530739307403564,-0.029392356052994728,0.49668776988983154,0.4951780140399933,-0.03857522830367088,0.4903576672077179,0.5443320870399475,-0.041650909930467606,0.44588351249694824,0.5151755809783936,-0.020014695823192596,0.4591715931892395,0.42577213048934937,-0.03881755843758583,0.4741569459438324,0.5113148093223572,-0.04505700618028641,0.46456071734428406,0.5588430762290955,-0.04607659578323364,0.4184209406375885,0.5273324251174927,-0.030735351145267487,0.42518287897109985,0.4308718144893646,-0.04613105580210686,0.4464082717895508,0.5089110732078552,-0.04045392572879791,0.44198793172836304,0.5607933402061462,-0.03346283733844757,0.38723790645599365,0.5491646528244019,-0.04201125353574753,0.39711296558380127,0.4723489582538605,-0.051488082855939865,0.41804757714271545,0.5188500285148621,-0.04292811080813408,0.4181351661682129,0.5653544068336487,-0.03466266766190529
E,0.4008775055408478,0.7243615984916687,-2.0846704273935757e-07,0.44229215383529663,0.6821891069412231,-0.010390497744083405,0.47489285469055176,0.6097099781036377,-0.019889570772647858,0.487912654876709,0.5531781315803528,-0.03148920089006424,0.4628855586051941,0.5553516745567322,-0.040421415120363235,0.44074344635009766,0.4990115165710449,-0.01364186778664589,0.4509960412979126,0.41251224279403687,-0.03485257551074028,0.4661811590194702,0.47913673520088196,-0.04579479992389679,0.46315017342567444,0.5300219655036926,-0.049377355724573135,0.41492193937301636,0.5039277672767639,-0.020295538008213043,0.4241655468940735,0.40957289934158325,-0.040347710251808167,0.44223910570144653,0.4908554255962372,-0.04562456160783768,0.4358817934989929,0.543127715587616,-0.044912900775671005,0.3869965970516205,0.5156335830688477,-0.028992116451263428,0.39034268260002136,0.41778260469436646,-0.04590712860226631,0.4132634103298187,0.4889340102672577,-0.04002640023827553,0.4121262729167938,0.5429114103317261,-0.0317142978310585,0.3563343286514282,0.5352028608322144,-0.0389850027859211,0.3609602749347687,0.45810237526893616,-0.0494544543325901,0.38281700015068054,0.4986301064491272,-0.041971758008003235,0.3859882056713104,0.5450367331504822,-0.03378717228770256
E,0.37262311577796936,0.7278224229812622,-2.2325593818095513e-07,0.4158313274383545,0.6924651861190796,-0.012684494256973267,0.4489826261997223,0.62586510181427,-0.023503974080085754,0.4622291326522827,0.5686279535293579,-0.036090780049562454,0.44144460558891296,0.564956784248352,-0.04580044746398926,0.41812819242477417,0.5027843713760376,-0.013704050332307816,0.42773497104644775,0.41651076078414917,-0.038047146052122116,0.44058212637901306,0.4854302704334259,-0.05155519023537636,0.437661349773407,0.5361413955688477,-0.056378986686468124,0.3915987014770508,0.5082016587257385,-0.019278787076473236,0.40068989992141724,0.4166245758533478,-0.04155871644616127,0.4151913821697235,0.5008418560028076,-0.047585465013980865,0.40880972146987915,0.549541711807251,-0.04698463901877403,0.362396240234375,0.5202901363372803,-0.027469951659440994,0.36728060245513916,0.42572641372680664,-0.04694768786430359,0.386123389005661,0.5013986229896545,-0.040347080677747726,0.38385072350502014,0.5527969598770142,-0.030827727168798447,0.33009645342826843,0.5397130250930786,-0.03707735240459442,0.3351846933364868,0.46930763125419617,-0.048538688570261,0.35454583168029785,0.5143240690231323,-0.040362387895584106,0.3567603528499603,0.5571588277816772,-0.03119172342121601
E,0.2971988022327423,0.7238595485687256,-1.966624125770977e-07,0.3401634395122528,0.6914516687393188,-0.013452130369842052,0.37658241391181946,0.624125599861145,-0.020517032593488693,0.3801252543926239,0.5665568709373474,-0.02843664027750492,0.3529953956604004,0.5665420889854431,-0.03385353088378906,0.3417205214500427,0.5137534141540527,-0.0076483432203531265,0.3469657599925995,0.4319418668746948,-0.02832602709531784,0.3540492057800293,0.4897857904434204,-0.041130900382995605,0.3534664511680603,0.5332989692687988,-0.046297021210193634,0.3131561875343323,0.5125061869621277,-0.010626622475683689,0.3174230754375458,0.42530280351638794,-0.028797511011362076,0.32662439346313477,0.49406495690345764,-0.03439078852534294,0.32439935207366943,0.5383844971656799,-0.03381183743476868,0.28409716486930847,0.52022784948349,-0.01653302274644375,0.2839047312736511,0.4317004382610321,-0.03269136697053909,0.2968519330024719,0.4948645532131195,-0.028202446177601814,0.2971164584159851,0.5402848720550537,-0.02044088765978813,0.2531263530254364,0.5372077822685242,-0.024004701524972916,0.2529093027114868,0.46959877014160156,-0.03296128287911415,0.2673238217830658,0.5076789259910583,-0.02619764395058155,0.27074354887008667,0.5451989769935608,-0.018327364698052406
E,0.2777983546257019,0.7196989059448242,-1.822474899881854e-07,0.3189943730831146,0.6877832412719727,-0.014679614454507828,0.35408496856689453,0.6225855350494385,-0.02219235710799694,0.3576766848564148,0.5668418407440186,-0.030864214524626732,0.335426926612854,0.5707604289054871,-0.036521490663290024,0.31872841715812683,0.5151323080062866,-0.005844875238835812,0.32354456186294556,0.42850109934806824,-0.026668427512049675,0.3283734619617462,0.48454660177230835,-0.03875301778316498,0.327063649892807,0.5307244658470154,-0.04298160970211029,0.29067859053611755,0.5137598514556885,-0.0082178870216012,0.29427051544189453,0.42580467462539673,-0.0272564347833395,0.30106407403945923,0.49180829524993896,-0.03252999484539032,0.2999187409877777,0.5364563465118408,-0.030991800129413605,0.26286396384239197,0.5205540060997009,-0.014040401205420494,0.26090943813323975,0.4289270043373108,-0.02986571006476879,0.2703305184841156,0.4868578314781189,-0.02562994882464409,0.2707864046096802,0.530974268913269,-0.017725130543112755,0.23369351029396057,0.5361225008964539,-0.021771466359496117,0.2302011400461197,0.46909135580062866,-0.029461132362484932,0.24071045219898224,0.49960002303123474,-0.023491358384490013,0.2437073290348053,0.532616138458252,-0.016198039054870605
E,0.2473805546760559,0.7168354988098145,-2.0164780778486602e-07,0.28798776865005493,0.6899532675743103,-0.01804411970078945,0.3228267431259155,0.6244336366653442,-0.026917509734630585,0.3253427743911743,0.5649620890617371,-0.03625795990228653,0.2983693480491638,0.5701315402984619,-0.041920531541109085,0.2874026596546173,0.5130388736724854,-0.00911533273756504,0.29136696457862854,0.43006566166877747,-0.032805800437927246,0.2946545481681824,0.49315303564071655,-0.044992852956056595,0.29295215010643005,0.5388131737709045,-0.04849589616060257,0.25851938128471375,0.5127087831497192,-0.009975932538509369,0.26044365763664246,0.4263779819011688,-0.03166893497109413,0.2666798532009125,0.4982205927371979,-0.03535538539290428,0.2658403515815735,0.5390957593917847,-0.03175470232963562,0.23047834634780884,0.5201030373573303,-0.014855165034532547,0.22792240977287292,0.4322666823863983,-0.033465608954429626,0.23718991875648499,0.4974091351032257,-0.026879431679844856,0.23789793252944946,0.5400509238243103,-0.01632697321474552,0.20120179653167725,0.5355240106582642,-0.02190437540411949,0.19822564721107483,0.4706541895866394,-0.030610792338848114,0.20908842980861664,0.5052147507667542,-0.023509779945015907,0.2128238081932068,0.5380989909172058,-0.014844216406345367
E,0.2214915007352829,0.7093002796173096,-2.038186863728697e-07,0.26233723759651184,0.6821231842041016,-0.019781986251473427,0.2952194809913635,0.6155712008476257,-0.028164776042103767,0.2912965714931488,0.5550532937049866,-0.0362723134458065,0.2613956034183502,0.5609948039054871,-0.0408732108771801,0.25832778215408325,0.507524847984314,-0.008670654147863388,0.26043933629989624,0.4316859245300293,-0.03010534681379795,0.2612994313240051,0.4912317097187042,-0.04196077212691307,0.25995153188705444,0.5333802103996277,-0.04610035941004753,0.22985275089740753,0.5059705972671509,-0.007911409251391888,0.23053452372550964,0.4257736802101135,-0.028223702684044838,0.23434017598628998,0.49335363507270813,-0.03277789428830147,0.2345115691423416,0.5335606932640076,-0.030170239508152008,0.20320603251457214,0.5130147337913513,-0.011066929437220097,0.19897209107875824,0.4302183985710144,-0.02833067625761032,0.20584025979042053,0.4905938506126404,-0.02319144457578659,0.20734229683876038,0.5324578881263733,-0.014114552177488804,0.17579308152198792,0.5294110178947449,-0.016472654417157173,0.17219245433807373,0.4681592285633087,-0.02429681085050106,0.18025316298007965,0.5000781416893005,-0.017936520278453827,0.18330848217010498,0.5315191149711609,-0.01021285355091095
E,0.2208412140607834,0.715656578540802,-1.9454333255453093e-07,0.2610507309436798,0.6872372627258301,-0.02049378864467144,0.29436275362968445,0.6198710799217224,-0.029881440103054047,0.28827276825904846,0.5619478225708008,-0.03888511285185814,0.25723525881767273,0.5687614679336548,-0.04433707892894745,0.25720635056495667,0.5110368728637695,-0.010278389789164066,0.2578224837779999,0.43422120809555054,-0.03360017389059067,0.2599222958087921,0.4942949116230011,-0.04632207751274109,0.25971829891204834,0.5379998683929443,-0.050566501915454865,0.2278396040201187,0.5116326212882996,-0.00952354446053505,0.22704963386058807,0.4311143159866333,-0.03095935843884945,0.23159711062908173,0.5000353455543518,-0.035572201013565063,0.23231010138988495,0.5393893122673035,-0.032820068299770355,0.20051857829093933,0.5198580026626587,-0.012822606600821018,0.19507592916488647,0.43610328435897827,-0.03131123632192612,0.20229223370552063,0.49998438358306885,-0.025353631004691124,0.20428620278835297,0.5418264269828796,-0.015456351451575756,0.172512024641037,0.5371143817901611,-0.018421269953250885,0.16838446259498596,0.47637832164764404,-0.02720373123884201,0.17672832310199738,0.511967122554779,-0.020250117406249046,0.18030588328838348,0.5436866283416748,-0.011811958625912666
E,0.22320540249347687,0.7079278826713562,-2.057777379604886e-07,0.2648927867412567,0.6812846064567566,-0.018431048840284348,0.29831382632255554,0.6098037362098694,-0.02540259249508381,0.2893802225589752,0.5511173605918884,-0.03217737004160881,0.2570887506008148,0.566570520401001,-0.0356004498898983,0.26316362619400024,0.5053776502609253,-0.007543677929788828,0.2634653151035309,0.4297124147415161,-0.02778615429997444,0.2650616466999054,0.48649176955223083,-0.03901667892932892,0.2651773691177368,0.5277859568595886,-0.043094661086797714,0.2342548817396164,0.5027613639831543,-0.007185067515820265,0.23473255336284637,0.4221130609512329,-0.025907257571816444,0.23831862211227417,0.48767179250717163,-0.030072182416915894,0.23806211352348328,0.5272858142852783,-0.027724575251340866,0.20703843235969543,0.5083464980125427,-0.010597078129649162,0.20389017462730408,0.42436888813972473,-0.027018332853913307,0.21020978689193726,0.4841471016407013,-0.02236900106072426,0.21059532463550568,0.5263660550117493,-0.01396343857049942,0.17922140657901764,0.5228303670883179,-0.016126183792948723,0.17545653879642487,0.45821136236190796,-0.023486418649554253,0.1831657886505127,0.4886796474456787,-0.017493892461061478,0.1853797733783722,0.519747257232666,-0.01031391229480505
E,0.22805345058441162,0.7148751020431519,-2.1885460910198162e-07,0.27266523241996765,0.685505747795105,-0.018619321286678314,0.3068171441555023,0.6124277114868164,-0.025222240015864372,0.29759931564331055,0.5529811382293701,-0.03136942908167839,0.2651732861995697,0.5674883723258972,-0.033957380801439285,0.27008873224258423,0.5087530016899109,-0.006434418726712465,0.2713300585746765,0.4322127103805542,-0.02571924775838852,0.2721707820892334,0.4951383173465729,-0.03656398504972458,0.27121374011039734,0.5367031097412109,-0.04064827412366867,0.24145643413066864,0.5056548714637756,-0.005689223296940327,0.2417224794626236,0.42396900057792664,-0.023833017796278,0.24616271257400513,0.4927525818347931,-0.02825102210044861,0.24571703374385834,0.5323699712753296,-0.026164807379245758,0.21411114931106567,0.5115199089050293,-0.008634881116449833,0.2098330408334732,0.42714062333106995,-0.024623537436127663,0.21781104803085327,0.4886816442012787,-0.020225267857313156,0.21856196224689484,0.5307077765464783,-0.012053080834448338,0.18598392605781555,0.5257573127746582,-0.013661381788551807,0.1817951500415802,0.459094762802124,-0.021120822057127953,0.1917523592710495,0.4932188391685486,-0.015116189606487751,0.19508807361125946,0.5270383954048157,-0.007883916608989239
E,0.2279973030090332,0.7089742422103882,-2.2985395276009513e-07,0.2720974087715149,0.681227445602417,-0.016209064051508904,0.3066888749599457,0.6129071116447449,-0.021922852843999863,0.3012740910053253,0.5512998104095459,-0.027626339346170425,0.2692491412162781,0.5601072311401367,-0.029896192252635956,0.2714761793613434,0.5056692957878113,-0.005385396536439657,0.27478647232055664,0.4299503564834595,-0.02409736067056656,0.27543023228645325,0.49315667152404785,-0.03446419909596443,0.27403995394706726,0.5311499238014221,-0.038524989038705826,0.2436850666999817,0.5017343759536743,-0.005630704574286938,0.2458539456129074,0.42340415716171265,-0.022648686543107033,0.24945151805877686,0.49380525946617126,-0.02599950321018696,0.2478393316268921,0.5294584035873413,-0.023827383294701576,0.21676835417747498,0.5073691606521606,-0.009319850243628025,0.2143186330795288,0.4234884977340698,-0.024440301582217216,0.22151891887187958,0.48832812905311584,-0.018556755036115646,0.22138841450214386,0.5292866826057434,-0.009949717670679092,0.18822437524795532,0.5216953158378601,-0.014849504455924034,0.18569716811180115,0.4563453793525696,-0.021855099126696587,0.19528964161872864,0.4940166175365448,-0.014765237458050251,0.1981320083141327,0.528974175453186,-0.006991575006395578
E,0.24503076076507568,0.715050995349884,-2.3404152216244256e-07,0.28988561034202576,0.690139889717102,-0.017845338210463524,0.3264269232749939,0.6227511167526245,-0.024559808894991875,0.32098960876464844,0.5604744553565979,-0.03114893101155758,0.2872902452945709,0.571348249912262,-0.033970169723033905,0.29046061635017395,0.5132003426551819,-0.007372703403234482,0.2932295501232147,0.4328949451446533,-0.028691504150629044,0.2944248616695404,0.49768683314323425,-0.040022578090429306,0.29334279894828796,0.5391550660133362,-0.04393734782934189,0.2618487775325775,0.5102320313453674,-0.00718412222340703,0.26344814896583557,0.428957462310791,-0.02626168169081211,0.2674129605293274,0.5014353394508362,-0.02976851724088192,0.2668556272983551,0.5378242135047913,-0.027126993983983994,0.23435114324092865,0.5155273675918579,-0.010839959606528282,0.2317323535680771,0.43080055713653564,-0.027142733335494995,0.23917973041534424,0.4955589473247528,-0.02130378596484661,0.24022574722766876,0.5363934636116028,-0.012346998788416386,0.2055978924036026,0.528794527053833,-0.016583658754825592,0.2010078728199005,0.46426063776016235,-0.02361261658370495,0.21180382370948792,0.5001916289329529,-0.016940979287028313,0.21709290146827698,0.5340909361839294,-0.009389784187078476
E,0.29427388310432434,0.6966127157211304,-2.1105800840359734e-07,0.3379879891872406,0.6698839068412781,-0.014588287100195885,0.3745088577270508,0.6052383780479431,-0.022195803001523018,0.3784705102443695,0.5444916486740112,-0.030626976862549782,0.35168254375457764,0.5419113039970398,-0.0358704999089241,0.34093183279037476,0.49321213364601135,-0.006691987160593271,0.34791678190231323,0.4106091856956482,-0.027334852144122124,0.3519376516342163,0.47141632437705994,-0.0392584428191185,0.34859031438827515,0.5154956579208374,-0.04357088357210159,0.31403765082359314,0.49173298478126526,-0.008744299411773682,0.3191245198249817,0.40924757719039917,-0.026809047907590866,0.32550859451293945,0.4810103178024292,-0.031140683218836784,0.32172226905822754,0.5193761587142944,-0.02948070503771305,0.28733786940574646,0.4977719187736511,-0.014074844308197498,0.28861019015312195,0.4108664393424988,-0.029532907530665398,0.2990014851093292,0.47491511702537537,-0.023476488888263702,0.2971055209636688,0.5164192318916321,-0.014727149158716202,0.25859665870666504,0.5113628506660461,-0.021228555589914322,0.2609291970729828,0.4452272057533264,-0.029131697490811348,0.2739502191543579,0.48263368010520935,-0.0218514371663332,0.275701642036438,0.5182034969329834,-0.013618835248053074
E,0.2621903121471405,0.6935007572174072,-2.2669755139759218e-07,0.30522215366363525,0.6649082899093628,-0.014514226466417313,0.33944982290267944,0.6013320684432983,-0.020547710359096527,0.33720043301582336,0.5391858220100403,-0.02730643004179001,0.30940866470336914,0.5466908812522888,-0.030787063762545586,0.30491799116134644,0.49628567695617676,-0.003234631149098277,0.30855652689933777,0.4174342453479767,-0.02185540832579136,0.3102996051311493,0.4770316183567047,-0.03217090293765068,0.3081839382648468,0.5185270309448242,-0.035668231546878815,0.2786245346069336,0.4942634403705597,-0.004398096818476915,0.28082767128944397,0.4142330288887024,-0.02171218767762184,0.28507569432258606,0.4815613925457001,-0.025436609983444214,0.283581405878067,0.5203106999397278,-0.023002978414297104,0.2533363699913025,0.5001046657562256,-0.008959474042057991,0.2518566846847534,0.4175738990306854,-0.023925285786390305,0.260044664144516,0.47674527764320374,-0.018553761765360832,0.2601274847984314,0.5179637670516968,-0.009916359558701515,0.22618070244789124,0.5133070945739746,-0.015368101187050343,0.22556234896183014,0.4507599472999573,-0.02222682163119316,0.2363639771938324,0.4839099049568176,-0.01567813567817211,0.23939460515975952,0.5173395276069641,-0.007981539703905582
E,0.26195502281188965,0.6890719532966614,-1.968839598021077e-07,0.3044741153717041,0.6613669395446777,-0.015180246904492378,0.33848685026168823,0.5954016447067261,-0.02098942920565605,0.3361392617225647,0.5358854532241821,-0.02729770727455616,0.3083420693874359,0.5440331697463989,-0.030396241694688797,0.30315709114074707,0.4936046898365021,-0.004050272982567549,0.30748409032821655,0.4121229946613312,-0.022234415635466576,0.3096063435077667,0.46831345558166504,-0.032693758606910706,0.3073064386844635,0.5102025866508484,-0.036555059254169464,0.27676013112068176,0.491116464138031,-0.004822574555873871,0.278921514749527,0.408164918422699,-0.02168850228190422,0.28405022621154785,0.47186779975891113,-0.026323355734348297,0.2832551598548889,0.511010468006134,-0.024851763620972633,0.25132134556770325,0.49704504013061523,-0.00896980706602335,0.2495051473379135,0.41298219561576843,-0.02322542294859886,0.2581768035888672,0.46812567114830017,-0.019420454278588295,0.25865256786346436,0.5087652802467346,-0.012276864610612392,0.22424618899822235,0.5106080770492554,-0.01501154713332653,0.22363394498825073,0.4484914541244507,-0.02168797329068184,0.2344047725200653,0.4772033095359802,-0.016509976238012314,0.23737692832946777,0.5081809759140015,-0.01017568539828062
E,0.26308420300483704,0.6867953538894653,-1.9775482940076472e-07,0.30428677797317505,0.6577565670013428,-0.013081352226436138,0.3368980288505554,0.5955732464790344,-0.01883954554796219,0.33875012397766113,0.5364053249359131,-0.02560383640229702,0.31335851550102234,0.5436984896659851,-0.029335947707295418,0.30208978056907654,0.49404817819595337,-0.002931344322860241,0.3070336580276489,0.41480258107185364,-0.020526239648461342,0.30984023213386536,0.47092700004577637,-0.030829163268208504,0.30687716603279114,0.5120888948440552,-0.03461814671754837,0.2759319543838501,0.4919554889202118,-0.0046991873532533646,0.27856457233428955,0.41052883863449097,-0.020732931792736053,0.2847459316253662,0.47423499822616577,-0.02494855411350727,0.2829381227493286,0.5127176642417908,-0.023421112447977066,0.250655859708786,0.49810606241226196,-0.009574723429977894,0.249428391456604,0.41476529836654663,-0.022708341479301453,0.2596086859703064,0.4693313539028168,-0.018282843753695488,0.25948119163513184,0.5099276900291443,-0.011000029742717743,0.223906010389328,0.5119467973709106,-0.01619940623641014,0.22351309657096863,0.4499949514865875,-0.021916275843977928,0.23519214987754822,0.47799110412597656,-0.0160513985902071,0.23806564509868622,0.5093996524810791,-0.009382631629705429
E,0.2625903785228729,0.6909329891204834,-1.8512005794946162e-07,0.30365145206451416,0.6605100631713867,-0.014074686914682388,0.33622246980667114,0.598899245262146,-0.020559588447213173,0.33778518438339233,0.5408955812454224,-0.027918748557567596,0.31468749046325684,0.5425699353218079,-0.03227044641971588,0.30180180072784424,0.4953705370426178,-0.0033262239303439856,0.3065308928489685,0.41915363073349,-0.021286362782120705,0.3089646100997925,0.4739952087402344,-0.032131027430295944,0.3060626685619354,0.5145766139030457,-0.03631915897130966,0.2752735912799835,0.49303391575813293,-0.005028008483350277,0.2778170704841614,0.41135749220848083,-0.021877765655517578,0.28383946418762207,0.4746924340724945,-0.026895275339484215,0.28191372752189636,0.5145022869110107,-0.025734078139066696,0.2496180385351181,0.49914881587028503,-0.009899449534714222,0.2483827918767929,0.4159938395023346,-0.024440884590148926,0.2584923803806305,0.47170132398605347,-0.02043977752327919,0.258086621761322,0.5130124688148499,-0.013024041429162025,0.22261236608028412,0.5132469534873962,-0.01653119921684265,0.22308555245399475,0.45159468054771423,-0.02364218235015869,0.2350006103515625,0.48126131296157837,-0.01787562482059002,0.23745529353618622,0.5134084820747375,-0.010896796360611916
E,0.25952330231666565,0.6930955648422241,-1.829018430044016e-07,0.3012491464614868,0.6623360514640808,-0.013379484415054321,0.3338303864002228,0.5995119214057922,-0.01971508376300335,0.3370022177696228,0.5413706302642822,-0.027149932458996773,0.3132316470146179,0.5451079607009888,-0.03173871710896492,0.2991620898246765,0.49794214963912964,-0.003117766696959734,0.3036998510360718,0.42009350657463074,-0.021157745271921158,0.3064725995063782,0.47358185052871704,-0.03208421915769577,0.3039405941963196,0.5146071910858154,-0.03633938357234001,0.2723715901374817,0.4961584508419037,-0.005199367180466652,0.2748560905456543,0.4118005633354187,-0.02194788120687008,0.280929297208786,0.4745010435581207,-0.026820994913578033,0.2793616056442261,0.5144550800323486,-0.02559267170727253,0.24664434790611267,0.502227783203125,-0.010424086824059486,0.24533212184906006,0.41679489612579346,-0.02476600930094719,0.2554127275943756,0.47242265939712524,-0.02075781300663948,0.25539082288742065,0.5142827033996582,-0.013379842042922974,0.21979627013206482,0.515919029712677,-0.01739252731204033,0.21962520480155945,0.4522949755191803,-0.024423537775874138,0.2315848469734192,0.4819467067718506,-0.01876360923051834,0.23452883958816528,0.5146310329437256,-0.01194696594029665
E,0.2609844207763672,0.6906709671020508,-1.7984591238473513e-07,0.3033565878868103,0.6640461087226868,-0.016164692118763924,0.3373291492462158,0.5946677327156067,-0.022660402581095695,0.3352815806865692,0.5332525968551636,-0.029274864122271538,0.3069995641708374,0.5430688858032227,-0.032968658953905106,0.300544798374176,0.49626466631889343,-0.00690130889415741,0.30577269196510315,0.4197999835014343,-0.024688122794032097,0.3093422055244446,0.47391635179519653,-0.03549020364880562,0.3062760829925537,0.5164481401443481,-0.03993005305528641,0.273626446723938,0.49451708793640137,-0.007746635004878044,0.2763635218143463,0.4094315767288208,-0.024329811334609985,0.2834259569644928,0.47112566232681274,-0.029523124918341637,0.2816271483898163,0.5121976733207703,-0.028749052435159683,0.24786649644374847,0.5013084411621094,-0.011722296476364136,0.2463131994009018,0.417400985956192,-0.026058102026581764,0.25735700130462646,0.47058889269828796,-0.023098379373550415,0.25697779655456543,0.5122066736221313,-0.016776209697127342,0.22047364711761475,0.5154109597206116,-0.017641587182879448,0.22136789560317993,0.4514327645301819,-0.025008780881762505,0.23375281691551208,0.47988829016685486,-0.020179269835352898,0.23570333421230316,0.5121390223503113,-0.014344736933708191
E,0.26207131147384644,0.6932277679443359,-2.1347399581372883e-07,0.30513840913772583,0.6624403595924377,-0.015866119414567947,0.3392317593097687,0.5952914357185364,-0.022366821765899658,0.33729100227355957,0.5369617342948914,-0.029093187302350998,0.3102852404117584,0.5406796336174011,-0.032219067215919495,0.3036482036113739,0.49346980452537537,-0.004764574114233255,0.3074989318847656,0.41715627908706665,-0.024225536733865738,0.31009408831596375,0.4790755808353424,-0.03511520102620125,0.3075386881828308,0.51799476146698,-0.03912404179573059,0.276699423789978,0.49168604612350464,-0.0055486466735601425,0.27859947085380554,0.4120838940143585,-0.023879477754235268,0.28418099880218506,0.480694979429245,-0.028591223061084747,0.2815192937850952,0.5157269239425659,-0.026898028329014778,0.25062626600265503,0.4984815716743469,-0.00977613776922226,0.24907070398330688,0.4165991246700287,-0.02605120651423931,0.2587887644767761,0.4777083396911621,-0.020982131361961365,0.25798988342285156,0.5155036449432373,-0.012430568225681782,0.22311219573020935,0.5126718282699585,-0.015801776200532913,0.22362428903579712,0.4507449269294739,-0.023625794798135757,0.23559518158435822,0.48552194237709045,-0.01694917306303978,0.2377369999885559,0.5167286992073059,-0.009092994034290314
E,0.26350390911102295,0.6891041994094849,-2.145955306787073e-07,0.3065478801727295,0.6597921848297119,-0.013957344926893711,0.33947092294692993,0.5967721939086914,-0.019853739067912102,0.3424396216869354,0.5395979285240173,-0.02641255035996437,0.32001471519470215,0.537662148475647,-0.029655903577804565,0.30508843064308167,0.49240222573280334,-0.002362741157412529,0.3106931149959564,0.42147096991539,-0.02076202630996704,0.31342434883117676,0.4806625545024872,-0.03155716508626938,0.3105805814266205,0.5187801122665405,-0.035741593688726425,0.27877065539360046,0.48975464701652527,-0.003934882115572691,0.2825276851654053,0.41118568181991577,-0.021599309518933296,0.2879299521446228,0.47876855731010437,-0.02649928256869316,0.2851349711418152,0.5156661868095398,-0.024984221905469894,0.25272098183631897,0.496025949716568,-0.008765625767409801,0.2521117329597473,0.4167623519897461,-0.024488789960741997,0.26204389333724976,0.4768690764904022,-0.019924527034163475,0.26164504885673523,0.5150222182273865,-0.011820959858596325,0.2254168838262558,0.510174036026001,-0.015211181715130806,0.22623376548290253,0.45045042037963867,-0.022915098816156387,0.23868685960769653,0.4853670001029968,-0.016418784856796265,0.2417704313993454,0.5171160697937012,-0.008761074393987656
E,0.2684518098831177,0.6896069645881653,-2.1026112051458767e-07,0.31026390194892883,0.6619932055473328,-0.01544958259910345,0.3437454104423523,0.5927819609642029,-0.02209869585931301,0.3443315625190735,0.534673273563385,-0.0292339064180851,0.32004526257514954,0.5420814156532288,-0.0329614095389843,0.30937179923057556,0.49055206775665283,-0.005116475746035576,0.31425341963768005,0.4182116687297821,-0.024447187781333923,0.31781595945358276,0.4799136817455292,-0.03532221540808678,0.31508970260620117,0.5215109586715698,-0.0392315611243248,0.28262239694595337,0.4895370602607727,-0.0064277504570782185,0.28618547320365906,0.41186824440956116,-0.025314057245850563,0.2929759919643402,0.48206764459609985,-0.03011491149663925,0.28976690769195557,0.5217719674110413,-0.02811027318239212,0.2562243938446045,0.4962151050567627,-0.011125785298645496,0.25572332739830017,0.41457855701446533,-0.02788182720541954,0.2672768235206604,0.4760637879371643,-0.023580126464366913,0.2664147913455963,0.5171738266944885,-0.015238962136209011,0.228363037109375,0.5098831057548523,-0.017592258751392365,0.22911137342453003,0.4470090866088867,-0.02641630917787552,0.2428392916917801,0.4818216562271118,-0.02081320248544216,0.24585583806037903,0.5157727599143982,-0.013502316549420357
E,0.268322229385376,0.6919710636138916,-1.9862113731505815e-07,0.3118416666984558,0.6614735722541809,-0.013327040709555149,0.34517422318458557,0.6008402705192566,-0.019375810399651527,0.34685343503952026,0.5409339666366577,-0.026548990979790688,0.32255280017852783,0.5442567467689514,-0.030661089345812798,0.31131237745285034,0.4941346049308777,-0.001044876524247229,0.3159249722957611,0.4162023365497589,-0.018857618793845177,0.31961527466773987,0.47256356477737427,-0.02949369139969349,0.3175972104072571,0.5120381712913513,-0.03352716192603111,0.28522345423698425,0.49130979180336,-0.002715872600674629,0.289156436920166,0.411152184009552,-0.018747491762042046,0.29515141248703003,0.4782334566116333,-0.023006120696663857,0.29264846444129944,0.5148810744285583,-0.02149317041039467,0.25957241654396057,0.49713391065597534,-0.007685837801545858,0.25921905040740967,0.41377562284469604,-0.02144365757703781,0.269308477640152,0.4725143611431122,-0.01651969738304615,0.2685215473175049,0.5129215121269226,-0.008683456107974052,0.2317238450050354,0.5110068321228027,-0.014364948496222496,0.2327590137720108,0.44554072618484497,-0.02070942148566246,0.24523992836475372,0.477820485830307,-0.014086529612541199,0.2478894591331482,0.5117030739784241,-0.00658497354015708
E,0.26889243721961975,0.6885346174240112,-2.00803384586834e-07,0.3132099509239197,0.656785249710083,-0.011184672825038433,0.3458537459373474,0.5958142280578613,-0.01571100950241089,0.3443555533885956,0.5331315398216248,-0.02183796837925911,0.3138650953769684,0.5474857091903687,-0.025502687320113182,0.31218835711479187,0.4891941547393799,0.0005705060320906341,0.31620270013809204,0.4042786955833435,-0.014965289272367954,0.32050225138664246,0.45496535301208496,-0.024921784177422523,0.3177616596221924,0.4964558482170105,-0.028929028660058975,0.28716593980789185,0.48741477727890015,-0.0017026292625814676,0.289404958486557,0.40385860204696655,-0.014980177395045757,0.29618406295776367,0.4645129442214966,-0.01918184757232666,0.29373446106910706,0.5028524398803711,-0.01854575052857399,0.2635610103607178,0.4949970245361328,-0.006907990202307701,0.2626078426837921,0.40868496894836426,-0.01735685206949711,0.27269554138183594,0.4601365625858307,-0.01340027991682291,0.2715499997138977,0.5018280148506165,-0.007329768966883421,0.23719915747642517,0.510898232460022,-0.013829061761498451,0.23892952501773834,0.442452073097229,-0.018170243129134178,0.25023943185806274,0.467920184135437,-0.012409456074237823,0.25163692235946655,0.5020420551300049,-0.006277379114180803
E,0.2762761414051056,0.6893087029457092,-1.1263804822192469e-07,0.31632453203201294,0.661538302898407,-0.014007806777954102,0.349212110042572,0.6096242666244507,-0.022210275754332542,0.3528353273868561,0.5596604347229004,-0.03169495612382889,0.33284467458724976,0.5556775331497192,-0.03899090364575386,0.31591469049453735,0.49186745285987854,-0.0066149914637207985,0.31580308079719543,0.39910969138145447,-0.024522023275494576,0.31849950551986694,0.4354795813560486,-0.03545239195227623,0.31813934445381165,0.4737505614757538,-0.03959859907627106,0.28774160146713257,0.4920519292354584,-0.009213986806571484,0.28698253631591797,0.39422065019607544,-0.025244979187846184,0.29278048872947693,0.44378259778022766,-0.03145452216267586,0.2929069995880127,0.48493626713752747,-0.03188411891460419,0.2612431049346924,0.5014341473579407,-0.014660550281405449,0.2588053345680237,0.4059908986091614,-0.0283117163926363,0.26739659905433655,0.4497649669647217,-0.025871293619275093,0.26807281374931335,0.49173903465270996,-0.0202595554292202,0.23388449847698212,0.5198134779930115,-0.021867426112294197,0.2331053614616394,0.4480043351650238,-0.029270140454173088,0.24310286343097687,0.46922603249549866,-0.024584580212831497,0.24563980102539062,0.5009835958480835,-0.018650950863957405
E,0.27956756949424744,0.6896995902061462,-1.107820111201363e-07,0.31948310136795044,0.6584482789039612,-0.012396220117807388,0.3505770266056061,0.6062400937080383,-0.02139093726873398,0.3562254011631012,0.5574698448181152,-0.032098520547151566,0.33904653787612915,0.5387537479400635,-0.04145147278904915,0.31688809394836426,0.4822521209716797,-0.00835475604981184,0.3160330057144165,0.3894974887371063,-0.028425635769963264,0.3222993314266205,0.4168798625469208,-0.043352995067834854,0.3213942050933838,0.46091780066490173,-0.04977097362279892,0.2889477014541626,0.4816133975982666,-0.012620975263416767,0.2867368459701538,0.37645572423934937,-0.02841847762465477,0.2956095039844513,0.4153883755207062,-0.03817177563905716,0.2965080738067627,0.46241116523742676,-0.04182635247707367,0.2626551389694214,0.4937759041786194,-0.019382795318961143,0.2603660225868225,0.39984309673309326,-0.0318727046251297,0.2701502740383148,0.4328703284263611,-0.03310663253068924,0.2715744078159332,0.47530287504196167,-0.031010642647743225,0.23614487051963806,0.5169664025306702,-0.027773743495345116,0.23171094059944153,0.44335514307022095,-0.03476362302899361,0.24164612591266632,0.4570562243461609,-0.03145750239491463,0.24567058682441711,0.4873426556587219,-0.027112964540719986
E,0.2803787887096405,0.6862523555755615,-1.2116744585455308e-07,0.3201525807380676,0.6552371978759766,-0.011895773001015186,0.3516233563423157,0.6049287915229797,-0.01979718543589115,0.35781487822532654,0.5555638074874878,-0.02947404980659485,0.3417210280895233,0.5318092107772827,-0.03755536675453186,0.31988292932510376,0.4823489487171173,-0.006216912530362606,0.3200085461139679,0.3890916407108307,-0.025159191340208054,0.32551467418670654,0.41899943351745605,-0.038688674569129944,0.324079692363739,0.4596939980983734,-0.04428019002079964,0.2924613058567047,0.4809242784976959,-0.010140986181795597,0.2918042838573456,0.3785179853439331,-0.025685952976346016,0.2996061146259308,0.4222686290740967,-0.03399799019098282,0.29903557896614075,0.46710336208343506,-0.036436136811971664,0.2659516930580139,0.4907447397708893,-0.01668042503297329,0.2644467055797577,0.3955909013748169,-0.02934744954109192,0.2735607624053955,0.43333369493484497,-0.028737619519233704,0.27347421646118164,0.47526535391807556,-0.025034256279468536,0.23842036724090576,0.5098597407341003,-0.02480125240981579,0.23710255324840546,0.4348474144935608,-0.031888946890830994,0.24715933203697205,0.4522901177406311,-0.027607256546616554,0.24938467144966125,0.4831441640853882,-0.022287119179964066
E,0.2798307538032532,0.6791763305664062,-1.3143753108124656e-07,0.32036536931991577,0.6484441757202148,-0.011343186721205711,0.3502696454524994,0.5951446890830994,-0.016977230086922646,0.3560197055339813,0.5399096608161926,-0.024237317964434624,0.34015774726867676,0.5181511044502258,-0.029495086520910263,0.31778913736343384,0.48186248540878296,-0.003089126432314515,0.320605605840683,0.38853394985198975,-0.01953921839594841,0.3247624933719635,0.4222269654273987,-0.030911769717931747,0.3225746750831604,0.4613560736179352,-0.035505324602127075,0.2917492687702179,0.4799233675003052,-0.0059320805594325066,0.29268693923950195,0.3820726275444031,-0.019949667155742645,0.29927173256874084,0.427977055311203,-0.026912495493888855,0.2980499565601349,0.4698939919471741,-0.028579803183674812,0.26621538400650024,0.4880450963973999,-0.01141221635043621,0.2661009728908539,0.3947737216949463,-0.023207925260066986,0.27411791682243347,0.4337685704231262,-0.02179093100130558,0.2730742394924164,0.47459959983825684,-0.017612462863326073,0.2390357106924057,0.5042614340782166,-0.018420420587062836,0.24119730293750763,0.432472288608551,-0.02489425055682659,0.2506243586540222,0.4498632252216339,-0.02062694914638996,0.2516535222530365,0.48009398579597473,-0.015407541766762733
E,0.3098214268684387,0.6667988896369934,-1.4409746995625028e-07,0.35213524103164673,0.6418488025665283,-0.012325743213295937,0.38474762439727783,0.5748550891876221,-0.017353203147649765,0.38697075843811035,0.5092784762382507,-0.02338874712586403,0.35993561148643494,0.5068187117576599,-0.027719009667634964,0.35130926966667175,0.46936699748039246,-0.0043044439516961575,0.3568257987499237,0.3805045187473297,-0.021152544766664505,0.3653889298439026,0.4161090850830078,-0.03469974547624588,0.3626421093940735,0.46092915534973145,-0.041270557790994644,0.3275333642959595,0.4665006697177887,-0.0066259982995688915,0.3292926251888275,0.37017786502838135,-0.01979311928153038,0.33990222215652466,0.4176006615161896,-0.027548788115382195,0.3382015824317932,0.463855117559433,-0.030347732827067375,0.3029620051383972,0.4731990694999695,-0.01161687821149826,0.3017456829547882,0.3820918798446655,-0.022155722603201866,0.31394684314727783,0.42265793681144714,-0.022205356508493423,0.3133527338504791,0.46787750720977783,-0.019789963960647583,0.2756035625934601,0.48739323019981384,-0.018412001430988312,0.27636831998825073,0.4163881838321686,-0.02528197318315506,0.2888222932815552,0.43616676330566406,-0.023053636774420738,0.2904946208000183,0.46993178129196167,-0.020001579076051712
E,0.3434353172779083,0.6913158893585205,-2.003652497251096e-07,0.38564014434814453,0.6614560484886169,-0.010674810037016869,0.4178772568702698,0.5938088297843933,-0.016226880252361298,0.4230113625526428,0.5357998609542847,-0.02349703386425972,0.40058434009552,0.5230085253715515,-0.028750985860824585,0.3884613513946533,0.4819934368133545,-0.0034823911264538765,0.39606016874313354,0.39964646100997925,-0.021362587809562683,0.40438297390937805,0.44695988297462463,-0.03449864313006401,0.39980432391166687,0.4937228858470917,-0.040235139429569244,0.3629387319087982,0.47877466678619385,-0.007420039270073175,0.3669622540473938,0.38395196199417114,-0.022667845711112022,0.378997802734375,0.44264405965805054,-0.031062252819538116,0.3761870265007019,0.4920446574687958,-0.03353862464427948,0.33689266443252563,0.4850901663303375,-0.013923829421401024,0.3363347351551056,0.3929710388183594,-0.026453277096152306,0.35117778182029724,0.442658007144928,-0.026761235669255257,0.35040971636772156,0.49044904112815857,-0.023726774379611015,0.30850109457969666,0.5007003545761108,-0.021868841722607613,0.30873075127601624,0.4268494248390198,-0.029024343937635422,0.3235014081001282,0.4504510760307312,-0.025881050154566765,0.32643717527389526,0.48596328496932983,-0.02179320529103279
E,0.2802087962627411,0.665981650352478,-1.9186879285371106e-07,0.32220059633255005,0.6387569904327393,-0.01444204244762659,0.35313811898231506,0.5654665231704712,-0.01807837001979351,0.349148690700531,0.5007904767990112,-0.02210637554526329,0.3211667239665985,0.5079187154769897,-0.023248812183737755,0.3204282522201538,0.46839314699172974,-0.00062706065364182,0.32613393664360046,0.3893961012363434,-0.016249310225248337,0.32906806468963623,0.43718114495277405,-0.026806574314832687,0.325854629278183,0.4791962206363678,-0.031254179775714874,0.2951527237892151,0.46364277601242065,-0.0011975486995652318,0.296346515417099,0.37738123536109924,-0.01514398492872715,0.3017193078994751,0.43182480335235596,-0.020546797662973404,0.30021563172340393,0.4730320870876312,-0.020396895706653595,0.2713381350040436,0.4690881371498108,-0.0050639864057302475,0.2699476182460785,0.38513827323913574,-0.017313474789261818,0.2780075967311859,0.4334830343723297,-0.01510198786854744,0.27719199657440186,0.474369615316391,-0.009750082157552242,0.24589280784130096,0.4824153184890747,-0.010862370021641254,0.24791084229946136,0.41879093647003174,-0.01643747091293335,0.25684821605682373,0.44396308064460754,-0.012026182375848293,0.2574881911277771,0.4738854467868805,-0.006950364913791418
E,0.257457971572876,0.6918889880180359,-2.025484775458608e-07,0.2996273934841156,0.6639160513877869,-0.014334933832287788,0.33142077922821045,0.5929713845252991,-0.01789962686598301,0.3289656639099121,0.5297097563743591,-0.022022921591997147,0.3031767010688782,0.5378928184509277,-0.023134788498282433,0.30192676186561584,0.49518880248069763,0.0005992260412313044,0.30953145027160645,0.41716688871383667,-0.014765055850148201,0.3106919229030609,0.466633141040802,-0.025061603635549545,0.3062357008457184,0.5088009834289551,-0.02932555414736271,0.27639737725257874,0.4875023066997528,-5.387110650190152e-05,0.2801686227321625,0.40148207545280457,-0.013779041357338428,0.2835251986980438,0.4570600986480713,-0.019165346398949623,0.28058451414108276,0.4999106228351593,-0.01890086755156517,0.2515859305858612,0.49033355712890625,-0.004089323338121176,0.25217586755752563,0.4043685793876648,-0.016046587377786636,0.2591126561164856,0.45246219635009766,-0.014461971819400787,0.2572137713432312,0.49545562267303467,-0.009441458620131016,0.22507792711257935,0.5013649463653564,-0.010033344849944115,0.22493144869804382,0.43634161353111267,-0.015470713376998901,0.2341051548719406,0.4602859616279602,-0.011508248746395111,0.23526161909103394,0.4913363754749298,-0.006596934981644154
E,0.17989617586135864,0.7004103064537048,-1.9971429310317035e-07,0.22001862525939941,0.676506757736206,-0.016223179176449776,0.2506052553653717,0.6191468238830566,-0.022099822759628296,0.24553024768829346,0.5559995174407959,-0.028300737962126732,0.21962352097034454,0.5534589290618896,-0.03189723938703537,0.22371791303157806,0.515317976474762,-0.0028165332041680813,0.2291797399520874,0.4381307065486908,-0.018937325105071068,0.22734931111335754,0.48275816440582275,-0.02993311733007431,0.2234378159046173,0.5219634771347046,-0.03478072211146355,0.19903871417045593,0.506190836429596,-0.0028768840711563826,0.2022440880537033,0.4204663336277008,-0.017986120656132698,0.20039910078048706,0.4731707274913788,-0.02419530414044857,0.19897247850894928,0.5136946439743042,-0.024231428280472755,0.17567260563373566,0.5059412717819214,-0.00628423597663641,0.17703920602798462,0.42307528853416443,-0.018551453948020935,0.1782960295677185,0.4673359990119934,-0.017232263460755348,0.17717403173446655,0.5077567100524902,-0.01234684232622385,0.15133780241012573,0.5150465965270996,-0.011754055507481098,0.15212708711624146,0.45060184597969055,-0.016785454005002975,0.1562386155128479,0.47160449624061584,-0.012789515778422356,0.1571914553642273,0.49966782331466675,-0.008024017326533794
E,0.13545024394989014,0.6884925365447998,-2.1027055652211857e-07,0.17152917385101318,0.6658046245574951,-0.016831103712320328,0.19746403396129608,0.6062992215156555,-0.0221897903829813,0.19073376059532166,0.5455082654953003,-0.02766777202486992,0.16777363419532776,0.5514187216758728,-0.030436208471655846,0.17012368142604828,0.510492742061615,-0.004047050140798092,0.17290537059307098,0.4331071376800537,-0.01999993436038494,0.17021766304969788,0.4768660068511963,-0.02978428080677986,0.1682192087173462,0.5131460428237915,-0.03395456075668335,0.1465490609407425,0.5029118061065674,-0.003601278644055128,0.1475553959608078,0.4176439642906189,-0.020535264164209366,0.14474967122077942,0.4701687693595886,-0.026295069605112076,0.14591805636882782,0.507599413394928,-0.025315111503005028,0.12477339804172516,0.5044988989830017,-0.006483443081378937,0.12448103725910187,0.424433171749115,-0.0202068742364645,0.12407183647155762,0.467333048582077,-0.01897701621055603,0.12533165514469147,0.5048325061798096,-0.013572120107710361,0.10294412076473236,0.5159820318222046,-0.011372360400855541,0.10240398347377777,0.45295992493629456,-0.01643546111881733,0.10419080406427383,0.47367966175079346,-0.012556114234030247,0.10650554299354553,0.5025525689125061,-0.007839118130505085
E,0.14274707436561584,0.6847971677780151,-2.028815515586757e-07,0.17688655853271484,0.6623179912567139,-0.020181605592370033,0.20306341350078583,0.5996783375740051,-0.028254179283976555,0.19423985481262207,0.539414644241333,-0.03609318286180496,0.1697627604007721,0.5475313663482666,-0.041080765426158905,0.17656026780605316,0.5030934810638428,-0.007805172353982925,0.17717720568180084,0.42694276571273804,-0.025828098878264427,0.17564143240451813,0.47275668382644653,-0.036977026611566544,0.173307865858078,0.5119507908821106,-0.04159653186798096,0.15288220345973969,0.4967693090438843,-0.0062668658792972565,0.1521153748035431,0.4140077829360962,-0.023933090269565582,0.15075337886810303,0.46873414516448975,-0.030076006427407265,0.1515423059463501,0.5085588693618774,-0.029167642816901207,0.13127955794334412,0.49822744727134705,-0.008410308510065079,0.12917070090770721,0.41805797815322876,-0.022916287183761597,0.13040651381015778,0.46313098073005676,-0.02192113734781742,0.1317954957485199,0.5038295388221741,-0.0165025033056736,0.10934539884328842,0.5078580975532532,-0.012931069359183311,0.1062854751944542,0.4452000856399536,-0.019870245829224586,0.10909050703048706,0.46635711193084717,-0.01715148612856865,0.11186529695987701,0.496552973985672,-0.012772174552083015
E,0.14410334825515747,0.6833474636077881,-2.113913240009424e-07,0.18059246242046356,0.6572309136390686,-0.017057670280337334,0.20811915397644043,0.5974999070167542,-0.023487307131290436,0.20268717408180237,0.5336171984672546,-0.03026614524424076,0.17652727663516998,0.5396554470062256,-0.03411254286766052,0.17953810095787048,0.5008687973022461,-0.0042792027816176414,0.18493780493736267,0.42460089921951294,-0.02154303342103958,0.18361873924732208,0.4728913903236389,-0.032315585762262344,0.1795729398727417,0.5120574235916138,-0.036594241857528687,0.1569017618894577,0.4945959448814392,-0.003868402447551489,0.1601799726486206,0.4116330146789551,-0.020023662596940994,0.1591223031282425,0.4668344259262085,-0.02521144039928913,0.1584954559803009,0.5058371424674988,-0.024115730077028275,0.13585695624351501,0.4964660406112671,-0.007022728677839041,0.1368384063243866,0.414606511592865,-0.01968085952103138,0.13850274682044983,0.4589744210243225,-0.01774240843951702,0.1386587917804718,0.5002749562263489,-0.012113410979509354,0.11352657526731491,0.5076473951339722,-0.012415433302521706,0.11315523087978363,0.44406649470329285,-0.0174015574157238,0.11648988723754883,0.4616628885269165,-0.01391051709651947,0.11809294670820236,0.4909789264202118,-0.009361829608678818
E,0.16402284801006317,0.6873923540115356,-1.725967706533993e-07,0.20198270678520203,0.6593720316886902,-0.014764095656573772,0.23155617713928223,0.5994157791137695,-0.019781000912189484,0.2272070050239563,0.5380238890647888,-0.02513095550239086,0.2011708915233612,0.5443880558013916,-0.02785349451005459,0.2030162811279297,0.5053492188453674,-0.0019348133355379105,0.20859070122241974,0.42451560497283936,-0.017197446897625923,0.20896980166435242,0.4669959843158722,-0.02760060876607895,0.2058473825454712,0.5048718452453613,-0.032088376581668854,0.17963963747024536,0.4980493187904358,-0.0023244316689670086,0.18239228427410126,0.40966325998306274,-0.016444172710180283,0.18410445749759674,0.46031761169433594,-0.02202468551695347,0.18231935799121857,0.500303328037262,-0.021855106577277184,0.15726147592067719,0.49913936853408813,-0.00587138207629323,0.1579570770263672,0.4159386456012726,-0.017120663076639175,0.16232435405254364,0.45770490169525146,-0.015318451449275017,0.16105325520038605,0.49651190638542175,-0.010350325144827366,0.13314782083034515,0.5075967311859131,-0.011427037417888641,0.13527098298072815,0.4435592591762543,-0.015649501234292984,0.14088335633277893,0.4636029601097107,-0.011283771134912968,0.1407315731048584,0.4916626811027527,-0.0064430623315274715
E,0.20750175416469574,0.6926908493041992,-2.1180765941153368e-07,0.2469007968902588,0.6724521517753601,-0.016064900904893875,0.2799782156944275,0.6131237149238586,-0.021677080541849136,0.2780032157897949,0.5515459179878235,-0.027433430776000023,0.2527630031108856,0.5384528636932373,-0.0303804911673069,0.2538731098175049,0.5077052712440491,-0.00431841192767024,0.2587219476699829,0.43581080436706543,-0.021779339760541916,0.2581879198551178,0.48299744725227356,-0.03302213177084923,0.2552820146083832,0.5203478336334229,-0.037730664014816284,0.22785340249538422,0.49910208582878113,-0.004191470332443714,0.2321096658706665,0.419454962015152,-0.020137133076786995,0.23348410427570343,0.476874440908432,-0.026271915063261986,0.23112043738365173,0.5148033499717712,-0.026491200551390648,0.20248763263225555,0.4990149140357971,-0.0074044023640453815,0.20481319725513458,0.4184393286705017,-0.021975858137011528,0.20900112390518188,0.46832647919654846,-0.020778605714440346,0.20660842955112457,0.5088926553726196,-0.01571207121014595,0.1761128306388855,0.5072875022888184,-0.01243245042860508,0.17737530171871185,0.4407972991466522,-0.02045796997845173,0.18445143103599548,0.4656158685684204,-0.017232302576303482,0.1848284900188446,0.4972530007362366,-0.012357160449028015
E,0.25433892011642456,0.7157098054885864,-2.132701695245487e-07,0.294691801071167,0.6961294412612915,-0.014848767779767513,0.32907867431640625,0.634091854095459,-0.021162739023566246,0.3357129991054535,0.5776764154434204,-0.02827841229736805,0.31764858961105347,0.570218026638031,-0.03193911537528038,0.30554860830307007,0.5241976976394653,-0.0051926057785749435,0.3156261742115021,0.4497734308242798,-0.02494034543633461,0.315792053937912,0.5083610415458679,-0.035326067358255386,0.31017249822616577,0.546940803527832,-0.038577597588300705,0.27812427282333374,0.5174198150634766,-0.006655613426119089,0.2858881652355194,0.43888720870018005,-0.025645943358540535,0.28929403424263,0.5087130665779114,-0.029845474287867546,0.28447574377059937,0.5452024340629578,-0.027400856837630272,0.2508494555950165,0.5193220973014832,-0.011578147299587727,0.25552013516426086,0.4369964897632599,-0.028582079336047173,0.26305413246154785,0.5001569390296936,-0.02349124476313591,0.2597168982028961,0.5391289591789246,-0.014557627029716969,0.22195759415626526,0.5292014479637146,-0.018230756744742393,0.22565852105617523,0.4650164842605591,-0.027066096663475037,0.2367907166481018,0.49850213527679443,-0.02118523418903351,0.23807302117347717,0.5291008353233337,-0.013537566177546978
E,0.27219462394714355,0.7209941148757935,-2.413543143120478e-07,0.3139122724533081,0.7012882828712463,-0.017179373651742935,0.35124000906944275,0.6403594017028809,-0.024424372240900993,0.35568761825561523,0.5860671997070312,-0.031868379563093185,0.33679500222206116,0.5721769332885742,-0.0351242758333683,0.32927319407463074,0.5252658128738403,-0.00714893126860261,0.3397155702114105,0.4525545537471771,-0.02830667793750763,0.33754271268844604,0.5190619230270386,-0.0388871394097805,0.3325568735599518,0.5537110567092896,-0.04220307245850563,0.29993781447410583,0.517553985118866,-0.0077907619997859,0.30863139033317566,0.44081616401672363,-0.028419995680451393,0.30974769592285156,0.5167306065559387,-0.03277737274765968,0.30480942130088806,0.5499615669250488,-0.030180931091308594,0.27108892798423767,0.5176827311515808,-0.012130345217883587,0.2774319350719452,0.43752288818359375,-0.030836017802357674,0.28263118863105774,0.5057287216186523,-0.02498612552881241,0.2786783277988434,0.5423725843429565,-0.015206345357000828,0.24108311533927917,0.524600088596344,-0.01822872832417488,0.24626943469047546,0.45899641513824463,-0.02717251144349575,0.255420446395874,0.49887412786483765,-0.019702568650245667,0.25569775700569153,0.5314104557037354,-0.010700787417590618
E,0.3140968680381775,0.7094643115997314,-2.1400794025794312e-07,0.3542192280292511,0.6848884224891663,-0.01543631125241518,0.39027613401412964,0.613662600517273,-0.02245614305138588,0.39557045698165894,0.558300793170929,-0.030209604650735855,0.37624603509902954,0.5515012145042419,-0.034663278609514236,0.36057227849960327,0.5042667984962463,-0.006114667281508446,0.36843979358673096,0.4284765124320984,-0.026609482243657112,0.37529808282852173,0.4896065592765808,-0.03883875906467438,0.3717387318611145,0.5329911112785339,-0.043265439569950104,0.3329913914203644,0.5003514885902405,-0.007847906090319157,0.3402252495288849,0.4190315902233124,-0.026603873819112778,0.3500012159347534,0.4917207360267639,-0.03277451917529106,0.3448123037815094,0.5338133573532104,-0.032135944813489914,0.30507034063339233,0.504864513874054,-0.013007422909140587,0.3096869885921478,0.42264533042907715,-0.02956271357834339,0.32296761870384216,0.4857574999332428,-0.02648197114467621,0.3197482228279114,0.528255045413971,-0.019352128729224205,0.27537158131599426,0.5171324610710144,-0.01987846940755844,0.27768319845199585,0.447536438703537,-0.028447259217500687,0.29286131262779236,0.4815296530723572,-0.022990494966506958,0.29528358578681946,0.5166574716567993,-0.016037272289395332
E,0.33774736523628235,0.7249000668525696,-2.14701628920011e-07,0.37989720702171326,0.6959723234176636,-0.013208805583417416,0.4142857789993286,0.6251540184020996,-0.019818147644400597,0.42418184876441956,0.5642310380935669,-0.027711765840649605,0.4059391915798187,0.551845133304596,-0.03255045786499977,0.38571926951408386,0.5120443105697632,-0.004652771633118391,0.39550384879112244,0.4322344958782196,-0.023899002000689507,0.4055497646331787,0.48913317918777466,-0.03568819537758827,0.40124160051345825,0.5324171781539917,-0.04006168246269226,0.35938507318496704,0.5091970562934875,-0.007694438565522432,0.3687128722667694,0.423298180103302,-0.02595146931707859,0.381299763917923,0.4952327311038971,-0.03236756473779678,0.3751276433467865,0.5410351157188416,-0.03203655779361725,0.3316238522529602,0.5149051547050476,-0.013794156722724438,0.33724185824394226,0.42842814326286316,-0.02985992841422558,0.35374629497528076,0.48965686559677124,-0.026924362406134605,0.3507050573825836,0.5356249809265137,-0.020062651485204697,0.3011682629585266,0.5279346108436584,-0.021455101668834686,0.30525338649749756,0.45599961280822754,-0.03091892972588539,0.323568195104599,0.48919934034347534,-0.025714201852679253,0.3269965946674347,0.5279004573822021,-0.018780386075377464
E,0.31010323762893677,0.7225397825241089,-1.9378234128453187e-07,0.3509350121021271,0.6939831376075745,-0.008906352333724499,0.38364139199256897,0.6318480372428894,-0.013655735179781914,0.3953178822994232,0.5767494440078735,-0.02054433897137642,0.3792731463909149,0.5562443137168884,-0.025080876424908638,0.35692986845970154,0.5230485200881958,-0.0014630287187173963,0.3649979531764984,0.4407337009906769,-0.01995939016342163,0.3730015754699707,0.48795390129089355,-0.032095491886138916,0.37058210372924805,0.5296509265899658,-0.03682657331228256,0.3311711549758911,0.5187456011772156,-0.00602733762934804,0.3386584520339966,0.4290659427642822,-0.02253629080951214,0.3481904864311218,0.49474313855171204,-0.028450248762965202,0.3440236449241638,0.5397803783416748,-0.0283240657299757,0.30352479219436646,0.5224957466125488,-0.013311035931110382,0.3073933720588684,0.4336220324039459,-0.02778441458940506,0.320127934217453,0.4924461245536804,-0.023806529119610786,0.3178460896015167,0.5376153588294983,-0.01676664687693119,0.27342918515205383,0.5335788130760193,-0.021867137402296066,0.2775910794734955,0.4625374376773834,-0.030087532475590706,0.2924216389656067,0.49496227502822876,-0.02377994731068611,0.2943829298019409,0.5321295261383057,-0.01640537939965725
E,0.3065451383590698,0.7151709198951721,-2.0193144223412673e-07,0.34759870171546936,0.6901177763938904,-0.01024414412677288,0.3802725076675415,0.6259520053863525,-0.014940928667783737,0.39051929116249084,0.5688158273696899,-0.02139119990170002,0.3729555010795593,0.5485697984695435,-0.025625813752412796,0.3541482090950012,0.5172594785690308,-0.003424658440053463,0.36020615696907043,0.43581604957580566,-0.02193075232207775,0.36849233508110046,0.4819866716861725,-0.03430186212062836,0.36651042103767395,0.5234158635139465,-0.03937511146068573,0.32792967557907104,0.5127947330474854,-0.007161546964198351,0.33414426445961,0.4232700765132904,-0.023762457072734833,0.34341907501220703,0.48707038164138794,-0.030260266736149788,0.339310884475708,0.5320236682891846,-0.030705289915204048,0.3001532554626465,0.5164539813995361,-0.013638610020279884,0.30381110310554504,0.42911770939826965,-0.028076041489839554,0.315671443939209,0.48504945635795593,-0.02554326131939888,0.31327784061431885,0.5296078324317932,-0.01964079774916172,0.27049633860588074,0.5273475646972656,-0.021472884342074394,0.27320581674575806,0.4559188783168793,-0.029885930940508842,0.2873545289039612,0.4852479100227356,-0.025069493800401688,0.2897091507911682,0.5212140083312988,-0.018931955099105835
E,0.30680209398269653,0.7150516510009766,-1.8521998867981893e-07,0.3464553952217102,0.6876155138015747,-0.009469295851886272,0.37838417291641235,0.6238725781440735,-0.014540491625666618,0.38801446557044983,0.5671243071556091,-0.02151593565940857,0.3702509105205536,0.5467975735664368,-0.026465734466910362,0.35119783878326416,0.5164179801940918,-0.0035278855357319117,0.35734498500823975,0.43298614025115967,-0.022439803928136826,0.36686190962791443,0.4745391011238098,-0.035434138029813766,0.3649136424064636,0.5162948369979858,-0.04073197394609451,0.3255530297756195,0.5131389498710632,-0.00760412635281682,0.3317139744758606,0.4225612282752991,-0.023786451667547226,0.3429405093193054,0.48239773511886597,-0.03030993603169918,0.33935537934303284,0.5276800394058228,-0.030978020280599594,0.29860126972198486,0.5179207921028137,-0.014340128749608994,0.30199068784713745,0.4291321337223053,-0.027881121262907982,0.3155295252799988,0.4812557101249695,-0.025242313742637634,0.313603013753891,0.5259208083152771,-0.01961623504757881,0.26908811926841736,0.5302517414093018,-0.022454077377915382,0.27115902304649353,0.45844802260398865,-0.030575068667531013,0.2858141362667084,0.4852712154388428,-0.02576991729438305,0.28833726048469543,0.521312415599823,-0.019741861149668694
E,0.30497509241104126,0.7129102945327759,-1.8330192119719868e-07,0.344375878572464,0.6838997006416321,-0.00947717297822237,0.3759914040565491,0.6188080310821533,-0.015056694857776165,0.3858848512172699,0.5624130368232727,-0.022617362439632416,0.36797821521759033,0.5429974794387817,-0.028243685141205788,0.3479774296283722,0.515369176864624,-0.0052643693052232265,0.35448557138442993,0.42922115325927734,-0.024875745177268982,0.36504873633384705,0.47163325548171997,-0.03817415609955788,0.36315226554870605,0.5160331726074219,-0.04343166947364807,0.32251712679862976,0.5126414895057678,-0.009487032890319824,0.32910314202308655,0.42164286971092224,-0.026185544207692146,0.3409397006034851,0.4817827641963959,-0.0329040102660656,0.33718615770339966,0.5286579728126526,-0.03373365476727486,0.2957982122898102,0.5175030827522278,-0.01631196215748787,0.29943540692329407,0.42766791582107544,-0.02984478883445263,0.3136022090911865,0.4799259305000305,-0.02746553346514702,0.3117983639240265,0.5266480445861816,-0.02213388867676258,0.26675790548324585,0.5298048853874207,-0.02454952709376812,0.2682424485683441,0.4567541480064392,-0.03299039229750633,0.283378541469574,0.48288992047309875,-0.028713488951325417,0.2864391505718231,0.5201035737991333,-0.02306952327489853
E,0.29929298162460327,0.7136377096176147,-1.8750259300759353e-07,0.33999136090278625,0.686543881893158,-0.012468470260500908,0.37380990386009216,0.6207462549209595,-0.018979834392666817,0.38029175996780396,0.560752272605896,-0.026915716007351875,0.3590697944164276,0.5469218492507935,-0.03267737105488777,0.34534043073654175,0.5114888548851013,-0.00622068764641881,0.35005736351013184,0.4286399483680725,-0.025922827422618866,0.35779935121536255,0.47323691844940186,-0.03915848955512047,0.3560584485530853,0.5147131085395813,-0.04470334202051163,0.31805774569511414,0.5083798766136169,-0.009142101742327213,0.32337865233421326,0.4203530251979828,-0.02649521641433239,0.3327406942844391,0.4818715453147888,-0.03335009515285492,0.32937243580818176,0.526113748550415,-0.03402023762464523,0.2903662621974945,0.5136181116104126,-0.014914191327989101,0.29301363229751587,0.42557844519615173,-0.02967146225273609,0.30458250641822815,0.47988036274909973,-0.027212537825107574,0.3023160696029663,0.5252069234848022,-0.021303709596395493,0.2609555125236511,0.5269424915313721,-0.02229127660393715,0.26245754957199097,0.45377063751220703,-0.030824709683656693,0.2757910192012787,0.4805762767791748,-0.026184406131505966,0.2780131697654724,0.5164352655410767,-0.020063864067196846
E,0.29383355379104614,0.7153082489967346,-2.119805202482894e-07,0.33501046895980835,0.6889532208442688,-0.010793633759021759,0.3677387237548828,0.6223748922348022,-0.015195648185908794,0.3735964298248291,0.5618172287940979,-0.020969849079847336,0.35623908042907715,0.547189474105835,-0.02430197037756443,0.33887800574302673,0.5115033388137817,-0.0033907468896359205,0.3436937928199768,0.43178069591522217,-0.021394651383161545,0.34955552220344543,0.4799806475639343,-0.03277585655450821,0.3473924398422241,0.518916130065918,-0.03726961091160774,0.3108586072921753,0.5078722834587097,-0.006407794076949358,0.31472545862197876,0.4209531545639038,-0.022506512701511383,0.3230234682559967,0.48359033465385437,-0.027783457189798355,0.31995847821235657,0.5254762768745422,-0.02725708670914173,0.28224578499794006,0.5130726099014282,-0.012156762182712555,0.28383851051330566,0.42584651708602905,-0.026615586131811142,0.29475754499435425,0.4824545085430145,-0.022692380473017693,0.29283925890922546,0.5250006914138794,-0.015579036436975002,0.25190162658691406,0.5264437198638916,-0.019251275807619095,0.2531014680862427,0.45491206645965576,-0.027179382741451263,0.2657327353954315,0.4855763614177704,-0.021069087088108063,0.2676372528076172,0.520357072353363,-0.013737094588577747
E,0.3588224947452545,0.7121242880821228,-2.1187678100886842e-07,0.40135276317596436,0.6815369129180908,-0.014088607393205166,0.4370182156562805,0.6053715944290161,-0.020948315039277077,0.4435913562774658,0.5415364503860474,-0.028986293822526932,0.42087221145629883,0.5442448258399963,-0.03361740708351135,0.40635672211647034,0.4959043860435486,-0.004538082983344793,0.41557151079177856,0.4138779640197754,-0.024820590391755104,0.4232819676399231,0.47672879695892334,-0.03687674552202225,0.4195674657821655,0.5211458802223206,-0.04139169678092003,0.3789769113063812,0.4943319261074066,-0.007261359132826328,0.38704055547714233,0.4118438959121704,-0.026219261810183525,0.3977741599082947,0.4853716194629669,-0.03201841935515404,0.39169737696647644,0.5258070230484009,-0.031102750450372696,0.35053694248199463,0.5013121962547302,-0.013327643275260925,0.35519737005233765,0.4155082106590271,-0.030034560710191727,0.37004515528678894,0.4794410467147827,-0.026124130934476852,0.36670759320259094,0.521478533744812,-0.018326928839087486,0.3194490075111389,0.5148251056671143,-0.021151579916477203,0.323138952255249,0.4446144998073578,-0.03006916493177414,0.33949989080429077,0.47995322942733765,-0.024152198806405067,0.3413529694080353,0.5159215927124023,-0.016719376668334007
E,0.36341649293899536,0.7280236482620239,-2.387071731391188e-07,0.40727004408836365,0.6867657899856567,-0.011759928427636623,0.43884724378585815,0.6105882525444031,-0.018841564655303955,0.4465595781803131,0.5501059889793396,-0.027546729892492294,0.4241770803928375,0.5487837195396423,-0.03326687961816788,0.4067688584327698,0.49865058064460754,-0.005748664494603872,0.41611942648887634,0.41850733757019043,-0.025259891524910927,0.4272836446762085,0.47983840107917786,-0.036158278584480286,0.423462837934494,0.5277382731437683,-0.039946746081113815,0.37979769706726074,0.4987858235836029,-0.010286319069564342,0.38688138127326965,0.41036659479141235,-0.02932928130030632,0.4004155099391937,0.4846375286579132,-0.03484233468770981,0.3946804702281952,0.5341472029685974,-0.03384547680616379,0.35116487741470337,0.5079458951950073,-0.017630940303206444,0.3539879322052002,0.4181431531906128,-0.0343417227268219,0.3718891143798828,0.48374494910240173,-0.029506422579288483,0.3696242868900299,0.5328357219696045,-0.02133334055542946,0.3192967474460602,0.525233805179596,-0.026436997577548027,0.3232910633087158,0.45514607429504395,-0.03542612865567207,0.34157606959342957,0.4913438558578491,-0.028225990012288094,0.34381720423698425,0.5293277502059937,-0.0201016366481781
E,0.3464556038379669,0.7194876670837402,-2.1557031004704186e-07,0.38604575395584106,0.684038519859314,-0.011089694686233997,0.41693422198295593,0.6102586984634399,-0.017832070589065552,0.4254254698753357,0.5522129535675049,-0.026416178792715073,0.40562546253204346,0.536859393119812,-0.0325251929461956,0.3853318393230438,0.5011016726493835,-0.005887651816010475,0.3931658864021301,0.41761255264282227,-0.026930686086416245,0.4059009552001953,0.47038212418556213,-0.0401955209672451,0.40282705426216125,0.5192381739616394,-0.04495486617088318,0.3588862419128418,0.5018623471260071,-0.01049787551164627,0.365106463432312,0.40963220596313477,-0.029518796131014824,0.38155341148376465,0.48010122776031494,-0.03718005493283272,0.377606600522995,0.5319269299507141,-0.03780161216855049,0.3313449025154114,0.5118193626403809,-0.017900457605719566,0.33289650082588196,0.4204249978065491,-0.03426533192396164,0.352529913187027,0.4789842665195465,-0.03283590450882912,0.35186299681663513,0.5286933779716492,-0.027226820588111877,0.3010626435279846,0.5306709408760071,-0.02657686173915863,0.3004544675350189,0.45654410123825073,-0.036127954721450806,0.3196941614151001,0.48543214797973633,-0.03157045319676399,0.32470107078552246,0.5240095853805542,-0.025391733273863792
E,0.34059005975723267,0.7143516540527344,-2.2432277546613477e-07,0.37998566031455994,0.6755616068840027,-0.009370866231620312,0.40906527638435364,0.601243257522583,-0.015238682739436626,0.4165395200252533,0.5433430671691895,-0.023128164932131767,0.395551860332489,0.5279207825660706,-0.028864311054348946,0.3770001232624054,0.49834391474723816,-0.0057158698327839375,0.38413241505622864,0.4143386483192444,-0.025083990767598152,0.39657142758369446,0.46676957607269287,-0.03789648786187172,0.3939945101737976,0.5126389861106873,-0.04303869605064392,0.3515964150428772,0.4993845224380493,-0.010725460015237331,0.35741138458251953,0.4082830250263214,-0.027709009125828743,0.37313592433929443,0.47599393129348755,-0.03460048511624336,0.36894911527633667,0.5254393219947815,-0.03539227694272995,0.32444167137145996,0.5093444585800171,-0.018142137676477432,0.3259778618812561,0.4184909164905548,-0.032467518001794815,0.34521201252937317,0.47597309947013855,-0.029736779630184174,0.3443625867366791,0.5248021483421326,-0.0239347405731678,0.294803261756897,0.5273706316947937,-0.02678034082055092,0.2936711013317108,0.45387277007102966,-0.03531405329704285,0.31266018748283386,0.48292025923728943,-0.029739689081907272,0.3174452781677246,0.5223950147628784,-0.02309728041291237
E,0.34213787317276,0.7127727270126343,-2.1471269917583413e-07,0.38227957487106323,0.6724604964256287,-0.008823301643133163,0.4104108512401581,0.5980755686759949,-0.014783715829253197,0.4161585569381714,0.5421869158744812,-0.02299671620130539,0.39582008123397827,0.5261903405189514,-0.029222020879387856,0.3768203556537628,0.4971662759780884,-0.006120826583355665,0.3826158344745636,0.4104328751564026,-0.02603069320321083,0.39628928899765015,0.46157607436180115,-0.039663080126047134,0.39458906650543213,0.5098782777786255,-0.04520891606807709,0.35163643956184387,0.5000605583190918,-0.011445144191384315,0.3572116792201996,0.4059031307697296,-0.02859397605061531,0.37385356426239014,0.47316309809684753,-0.03641125559806824,0.3700824975967407,0.5246791243553162,-0.03802138939499855,0.32471051812171936,0.510895311832428,-0.019096245989203453,0.32596951723098755,0.41756683588027954,-0.032970868051052094,0.345562219619751,0.47395598888397217,-0.03111860156059265,0.34495821595191956,0.5243150591850281,-0.026139216497540474,0.295447438955307,0.5297203063964844,-0.02796081453561783,0.29280295968055725,0.4526790380477905,-0.03615178167819977,0.3117012083530426,0.47939494252204895,-0.031220747157931328,0.31688424944877625,0.5191892981529236,-0.025294480845332146
E,0.36736807227134705,0.7261008620262146,-2.0278584145216882e-07,0.4074862003326416,0.6831692457199097,-0.006090014241635799,0.4354916512966156,0.6177577972412109,-0.012902842834591866,0.44441622495651245,0.5627543926239014,-0.022451847791671753,0.4271548390388489,0.5482773184776306,-0.030131453648209572,0.4078963100910187,0.516785204410553,-0.009364462457597256,0.4153223931789398,0.42579013109207153,-0.029280856251716614,0.43062156438827515,0.47781863808631897,-0.041523322463035583,0.42895418405532837,0.5230711698532104,-0.04632685333490372,0.3831250071525574,0.5201305150985718,-0.01653274893760681,0.3904739320278168,0.41927024722099304,-0.03349645808339119,0.40832069516181946,0.48883357644081116,-0.03973732888698578,0.4040604531764984,0.5386863350868225,-0.04077324643731117,0.3562309443950653,0.5298421382904053,-0.025436295196413994,0.3593735098838806,0.4328625202178955,-0.03876163437962532,0.3802737295627594,0.49149730801582336,-0.03527575358748436,0.38012927770614624,0.5409791469573975,-0.029783286154270172,0.32633888721466064,0.5460829138755798,-0.03533495217561722,0.3264215886592865,0.46747350692749023,-0.04346848279237747,0.3471992313861847,0.4958726763725281,-0.037982191890478134,0.35315078496932983,0.5368339419364929,-0.03202156350016594
E,0.37709999084472656,0.7300973534584045,-2.004512396069913e-07,0.41695934534072876,0.6892898678779602,-0.006550592370331287,0.44575995206832886,0.6245130896568298,-0.013789336197078228,0.45287105441093445,0.5722951292991638,-0.023533469066023827,0.4358993172645569,0.5589076280593872,-0.031176408752799034,0.42325878143310547,0.5185335874557495,-0.009740171954035759,0.432371586561203,0.43263840675354004,-0.029454199597239494,0.44639328122138977,0.48851490020751953,-0.040717825293540955,0.4429481625556946,0.5365627408027649,-0.04448062181472778,0.3977280259132385,0.5205897092819214,-0.01674790307879448,0.4069746434688568,0.4246428608894348,-0.03352372348308563,0.4230716824531555,0.49523305892944336,-0.039039433002471924,0.4167354702949524,0.5452249050140381,-0.039300814270973206,0.37081557512283325,0.5299292206764221,-0.025472499430179596,0.37560170888900757,0.43742838501930237,-0.038691479712724686,0.3946225345134735,0.49994340538978577,-0.03393137454986572,0.392285019159317,0.5490635633468628,-0.027352141216397285,0.34083718061447144,0.546736478805542,-0.035244591534137726,0.3440655469894409,0.4726540744304657,-0.04297497123479843,0.3633001148700714,0.5054929256439209,-0.03614826127886772,0.366476446390152,0.5456867218017578,-0.028998639434576035
E,0.3493683934211731,0.7269772291183472,-2.452584340062458e-07,0.390930712223053,0.6837202310562134,-0.007558657322078943,0.4200435280799866,0.612554132938385,-0.014451578259468079,0.42987748980522156,0.5552402138710022,-0.023958973586559296,0.4123460054397583,0.5435172915458679,-0.031264886260032654,0.38930603861808777,0.5064104199409485,-0.008562193252146244,0.3965281844139099,0.4170409142971039,-0.02928749844431877,0.409665584564209,0.4746376872062683,-0.04223591834306717,0.4075847268104553,0.5225903987884521,-0.04738475754857063,0.3632485866546631,0.5114384293556213,-0.015132489614188671,0.36980709433555603,0.4186893403530121,-0.03335646167397499,0.3849220871925354,0.4901573061943054,-0.03965819254517555,0.38004156947135925,0.5392659902572632,-0.040414001792669296,0.33557918667793274,0.5228636264801025,-0.02384711056947708,0.3377375304698944,0.4271618127822876,-0.03836485370993614,0.3570576012134552,0.4876197576522827,-0.03419318050146103,0.3565235137939453,0.5381929874420166,-0.027725690975785255,0.3055918216705322,0.5408957600593567,-0.03373562544584274,0.3053584098815918,0.46403810381889343,-0.042327456176280975,0.3249683678150177,0.4945327043533325,-0.03628803417086601,0.3303874433040619,0.5350728034973145,-0.029470169916749
E,0.33596205711364746,0.7397176027297974,-2.1396041915977548e-07,0.37723615765571594,0.6995483636856079,-0.009969718754291534,0.4075654447078705,0.626196563243866,-0.016669707372784615,0.4154500961303711,0.5656698346138,-0.025418927893042564,0.39504483342170715,0.5539120435714722,-0.0320708267390728,0.37488627433776855,0.5211003422737122,-0.007745211943984032,0.3806987702846527,0.43499869108200073,-0.02765113301575184,0.39266759157180786,0.4857889413833618,-0.040946878492832184,0.3914935290813446,0.531673789024353,-0.046693094074726105,0.34848809242248535,0.5238087177276611,-0.012875968590378761,0.35365042090415955,0.4301985502243042,-0.030912980437278748,0.36864110827445984,0.49618902802467346,-0.03802075982093811,0.36536532640457153,0.5467960834503174,-0.03921136260032654,0.3203545808792114,0.5338778495788574,-0.020388320088386536,0.32047027349472046,0.4367636740207672,-0.035187892615795135,0.33963245153427124,0.49380749464035034,-0.03256618604063988,0.3402506113052368,0.5459210276603699,-0.027034446597099304,0.28968456387519836,0.5512439608573914,-0.029270702973008156,0.28813332319259644,0.4746485650539398,-0.038735952228307724,0.3077966570854187,0.5034378170967102,-0.034253112971782684,0.31431975960731506,0.5443564653396606,-0.028496354818344116
E,0.3066583275794983,0.7464241981506348,-1.8609962637583521e-07,0.3466353416442871,0.7086755037307739,-0.010886070318520069,0.3781297206878662,0.6350782513618469,-0.017561599612236023,0.38269418478012085,0.5785555243492126,-0.026431163772940636,0.3695460259914398,0.5657110214233398,-0.03340021148324013,0.3462985157966614,0.5288164019584656,-0.004356821533292532,0.3519078195095062,0.4441731870174408,-0.02426164224743843,0.3620985150337219,0.49057573080062866,-0.03805193677544594,0.360031396150589,0.5362651944160461,-0.04381171241402626,0.31884831190109253,0.5287857055664062,-0.008886818774044514,0.3244495391845703,0.43589287996292114,-0.026931513100862503,0.33855366706848145,0.4987991154193878,-0.03550214320421219,0.3353041112422943,0.5486975908279419,-0.03722606599330902,0.2909255623817444,0.5374605059623718,-0.016124874353408813,0.291345477104187,0.44222304224967957,-0.031925931572914124,0.3089534640312195,0.4986250698566437,-0.03151644393801689,0.3085940182209015,0.5489776134490967,-0.026802530512213707,0.2601802349090576,0.5556261539459229,-0.024671046063303947,0.256623774766922,0.47840696573257446,-0.034816041588783264,0.2744923532009125,0.5073680877685547,-0.03130926191806793,0.28002500534057617,0.5478735566139221,-0.025803161785006523
E,0.29680782556533813,0.7362141609191895,-2.0242383413915377e-07,0.3375275731086731,0.6985335350036621,-0.012507420964539051,0.3694799840450287,0.621117353439331,-0.01941867731511593,0.3700559437274933,0.5619214177131653,-0.027989543974399567,0.3480512201786041,0.5540790557861328,-0.03402993455529213,0.3357807993888855,0.5099523663520813,-0.005999327637255192,0.33916863799095154,0.4238322377204895,-0.026560507714748383,0.34933510422706604,0.4755275547504425,-0.039993591606616974,0.3483734726905823,0.5219102501869202,-0.04550543799996376,0.3070772886276245,0.5122397541999817,-0.009861639700829983,0.31029611825942993,0.41906076669692993,-0.028508994728326797,0.32501310110092163,0.4850507080554962,-0.03633023798465729,0.32368552684783936,0.5337657332420349,-0.03744032606482506,0.2782316207885742,0.5243117809295654,-0.016640810295939445,0.2769659161567688,0.4285501539707184,-0.032975394278764725,0.2950049340724945,0.4849648177623749,-0.03164545074105263,0.29605892300605774,0.5337868928909302,-0.026238838210701942,0.247150719165802,0.546474277973175,-0.02489885315299034,0.2426924705505371,0.4691143333911896,-0.03474711626768112,0.26081323623657227,0.4955604672431946,-0.030908245593309402,0.2675527334213257,0.53307044506073,-0.025267452001571655
E,0.2864808142185211,0.7257312536239624,-2.0802681888199004e-07,0.3284686207771301,0.6886323690414429,-0.014550425112247467,0.36201027035713196,0.6175277233123779,-0.021212421357631683,0.3621806502342224,0.5564824342727661,-0.029263099655508995,0.33671897649765015,0.547036349773407,-0.03429107367992401,0.32842567563056946,0.5024096965789795,-0.0023683859035372734,0.332747220993042,0.4195609986782074,-0.02209065668284893,0.337529718875885,0.47546473145484924,-0.03490932285785675,0.33605802059173584,0.5189685821533203,-0.04025629535317421,0.29940035939216614,0.5009308457374573,-0.005177727434784174,0.3006022572517395,0.4114089608192444,-0.023575328290462494,0.3085716962814331,0.47591233253479004,-0.031422290951013565,0.3076549470424652,0.5206204652786255,-0.03235119208693504,0.2702881991863251,0.5106081366539001,-0.01144325453788042,0.26773640513420105,0.4208938181400299,-0.028152167797088623,0.27946585416793823,0.47747236490249634,-0.026784902438521385,0.28041189908981323,0.524431586265564,-0.0210166797041893,0.23980671167373657,0.5307601690292358,-0.01942409574985504,0.23769038915634155,0.459974080324173,-0.028588157147169113,0.25084206461906433,0.4887530207633972,-0.024313518777489662,0.2549133896827698,0.5250218510627747,-0.01831483468413353
E,0.2807908356189728,0.7196418046951294,-2.1474797051723726e-07,0.3233270049095154,0.6801806092262268,-0.01327911764383316,0.3550759255886078,0.5986741185188293,-0.018073320388793945,0.3516902029514313,0.5381245613098145,-0.02437496744096279,0.325469434261322,0.5487509965896606,-0.027585996314883232,0.3207050561904907,0.4938666820526123,0.00010561196540948004,0.32360750436782837,0.41000205278396606,-0.018231403082609177,0.3288543224334717,0.46693167090415955,-0.03000888228416443,0.3274552822113037,0.5122886896133423,-0.03477768227458,0.29197242856025696,0.49377474188804626,-0.002891728887334466,0.29212093353271484,0.40463465452194214,-0.019861659035086632,0.3005804717540741,0.46985918283462524,-0.026159409433603287,0.29964157938957214,0.5149796605110168,-0.025897687301039696,0.26381751894950867,0.5049158930778503,-0.009419729933142662,0.260471373796463,0.41449031233787537,-0.02424946427345276,0.2727266848087311,0.4723336696624756,-0.02205268293619156,0.27366912364959717,0.5191158056259155,-0.01584026776254177,0.23436866700649261,0.5263539552688599,-0.0177372545003891,0.23086409270763397,0.4541899561882019,-0.02471425198018551,0.24399317800998688,0.48202329874038696,-0.01977870613336563,0.2481256127357483,0.5173027515411377,-0.013710961677134037
E,0.2779981791973114,0.7254858613014221,-2.628012794048118e-07,0.31988394260406494,0.6923180222511292,-0.013983291573822498,0.3517429232597351,0.6223745346069336,-0.02077721431851387,0.3549194931983948,0.5574105978012085,-0.02906303107738495,0.3332137167453766,0.5520497560501099,-0.03393257036805153,0.3195466995239258,0.5090444684028625,-0.0043707918375730515,0.32160401344299316,0.42321765422821045,-0.025795169174671173,0.3273448050022125,0.4822164475917816,-0.03728059306740761,0.32542166113853455,0.5232012271881104,-0.04092726483941078,0.2901867926120758,0.509250283241272,-0.006974705029278994,0.2919018268585205,0.4204191267490387,-0.02591751515865326,0.30052608251571655,0.4932820498943329,-0.02971687912940979,0.29814231395721436,0.5308972001075745,-0.027139591053128242,0.26154354214668274,0.5179469585418701,-0.01319432258605957,0.2609831392765045,0.42631933093070984,-0.0299823135137558,0.272251158952713,0.4909166395664215,-0.023531902581453323,0.2711472511291504,0.5325803756713867,-0.013835898600518703,0.23164543509483337,0.5355614423751831,-0.021186266094446182,0.22725023329257965,0.4618452489376068,-0.02908674068748951,0.24009521305561066,0.4951586425304413,-0.02154010720551014,0.24412713944911957,0.5299484729766846,-0.012854554690420628
E,0.2245474010705948,0.7747728228569031,-2.471273603532609e-07,0.26687997579574585,0.7538756132125854,-0.015914496034383774,0.3031071424484253,0.6932106614112854,-0.024016743525862694,0.3087860345840454,0.6388598680496216,-0.032806236296892166,0.28328418731689453,0.6315221190452576,-0.03744992986321449,0.27948692440986633,0.5740580558776855,-0.008481564931571484,0.2825677692890167,0.49203091859817505,-0.03303709626197815,0.2824869453907013,0.5563836097717285,-0.04515264183282852,0.27977848052978516,0.5939668416976929,-0.04851463809609413,0.24897447228431702,0.5705177187919617,-0.009832251816987991,0.25350597500801086,0.4964652955532074,-0.030358556658029556,0.254206120967865,0.5704262852668762,-0.03276098892092705,0.25033149123191833,0.5930140614509583,-0.02943587861955166,0.2198788970708847,0.573308527469635,-0.015135461464524269,0.2229543775320053,0.4952579140663147,-0.032936763018369675,0.2258368879556656,0.5651569962501526,-0.02341914363205433,0.2234339416027069,0.5943009257316589,-0.012077346444129944,0.19010302424430847,0.5807210803031921,-0.02239769883453846,0.18944445252418518,0.5211301445960999,-0.029444947838783264,0.19576279819011688,0.564188539981842,-0.019170887768268585,0.19771914184093475,0.5930221676826477,-0.008722877129912376
E,0.19130343198776245,0.7340086102485657,-2.0206992701332638e-07,0.23057147860527039,0.7074732780456543,-0.015820465981960297,0.26071101427078247,0.6452671885490417,-0.02324974350631237,0.2550497353076935,0.5830565094947815,-0.03110469877719879,0.2299823760986328,0.5710071921348572,-0.03590875118970871,0.2331395000219345,0.5360832810401917,-0.005852818489074707,0.2308443784713745,0.4620833992958069,-0.026636827737092972,0.2320604920387268,0.509156346321106,-0.03764103353023529,0.23300530016422272,0.5473880171775818,-0.041041284799575806,0.204842209815979,0.5328654050827026,-0.006475070957094431,0.2048361599445343,0.4536139667034149,-0.023289069533348083,0.20639130473136902,0.5166292190551758,-0.02504701539874077,0.20709601044654846,0.5462576746940613,-0.02137797512114048,0.17880235612392426,0.5383802652359009,-0.010883511044085026,0.17556646466255188,0.4571289122104645,-0.02606004849076271,0.17946365475654602,0.5170666575431824,-0.017799919471144676,0.18075358867645264,0.552078902721405,-0.007595002185553312,0.15207254886627197,0.5539510846138,-0.0172463059425354,0.14806422591209412,0.49305278062820435,-0.024288088083267212,0.15417389571666718,0.5267122983932495,-0.015956353396177292,0.15752339363098145,0.5538431406021118,-0.007055763620883226
E,0.1878831386566162,0.7400575876235962,-1.709774295477473e-07,0.22511284053325653,0.7131012082099915,-0.0186120867729187,0.2532818615436554,0.6521106362342834,-0.02881833352148533,0.24873007833957672,0.5928149223327637,-0.039419740438461304,0.2245025783777237,0.5809462666511536,-0.046812333166599274,0.227060928940773,0.537360429763794,-0.00851888582110405,0.22595329582691193,0.46587544679641724,-0.031115887686610222,0.22728848457336426,0.511094331741333,-0.04292132705450058,0.22699089348316193,0.5517157912254333,-0.04613380506634712,0.19796475768089294,0.5368669033050537,-0.008258725516498089,0.19876718521118164,0.4618275761604309,-0.02664603665471077,0.2005794644355774,0.5260635018348694,-0.028542038053274155,0.20041786134243011,0.5545435547828674,-0.024471433833241463,0.1715526133775711,0.5433820486068726,-0.012108605355024338,0.16993474960327148,0.4657636284828186,-0.028733860701322556,0.17398682236671448,0.5265781283378601,-0.020172424614429474,0.17376886308193207,0.5628390908241272,-0.009219031780958176,0.14450831711292267,0.559231698513031,-0.018206898123025894,0.14312835037708282,0.500188946723938,-0.026005789637565613,0.1494075357913971,0.5344116687774658,-0.017465490847826004,0.1517488658428192,0.5625195503234863,-0.008037366904318333
E,0.18896012008190155,0.7408414483070374,-1.7224985526809178e-07,0.22696040570735931,0.7142802476882935,-0.018051885068416595,0.25580865144729614,0.6533551216125488,-0.027579378336668015,0.2513941526412964,0.5922548770904541,-0.03778514266014099,0.2285987138748169,0.5833856463432312,-0.04523228108882904,0.22919324040412903,0.5451473593711853,-0.0073350840248167515,0.22839677333831787,0.4721832573413849,-0.028637979179620743,0.22939929366111755,0.5104397535324097,-0.03980328142642975,0.22867006063461304,0.5514808893203735,-0.042867302894592285,0.19934839010238647,0.5427517294883728,-0.007161274086683989,0.2009069323539734,0.4649040102958679,-0.02577984146773815,0.2019565999507904,0.5280813574790955,-0.028437774628400803,0.20161186158657074,0.5617132782936096,-0.02451246604323387,0.1724662482738495,0.5465759038925171,-0.010957865044474602,0.17170722782611847,0.4674120247364044,-0.02800253964960575,0.17508883774280548,0.5267854928970337,-0.021516302600502968,0.17482559382915497,0.5671136379241943,-0.01153541635721922,0.14491590857505798,0.5605452656745911,-0.016877613961696625,0.14228464663028717,0.4982612431049347,-0.025682639330625534,0.14839580655097961,0.5302200317382812,-0.018953168764710426,0.1517288237810135,0.5617676377296448,-0.0105690723285079
E,0.1759451925754547,0.7376413941383362,-1.933010480570374e-07,0.21368899941444397,0.7120016813278198,-0.019904501736164093,0.24344275891780853,0.6486276388168335,-0.029813269153237343,0.2401544749736786,0.586571991443634,-0.03960208222270012,0.21329429745674133,0.584309458732605,-0.04568292945623398,0.21423394978046417,0.5378292202949524,-0.010526549071073532,0.21257874369621277,0.4651184380054474,-0.03418143838644028,0.21300411224365234,0.5161062479019165,-0.04495960846543312,0.21271413564682007,0.5549318790435791,-0.04729485139250755,0.18472984433174133,0.5372931957244873,-0.009881174191832542,0.1849370300769806,0.45817598700523376,-0.029715804383158684,0.1861690729856491,0.5267501473426819,-0.029861338436603546,0.18647626042366028,0.5525482296943665,-0.023930517956614494,0.1585950404405594,0.5441875457763672,-0.013601302169263363,0.15621009469032288,0.465492844581604,-0.03138856217265129,0.15981712937355042,0.5278406143188477,-0.02152976393699646,0.16108649969100952,0.5584807991981506,-0.00924825482070446,0.13157494366168976,0.5592752695083618,-0.019653627648949623,0.12918855249881744,0.5004640817642212,-0.02688928321003914,0.13483768701553345,0.5352336764335632,-0.017338864505290985,0.13787168264389038,0.561346173286438,-0.0072263432666659355
E,0.16921639442443848,0.7343004941940308,-2.1628100910220383e-07,0.2076248973608017,0.7102835178375244,-0.022482652217149734,0.23753035068511963,0.6454468965530396,-0.03269650414586067,0.22986578941345215,0.5840432643890381,-0.04182660952210426,0.20198291540145874,0.5782504081726074,-0.046592049300670624,0.2051466852426529,0.5352290272712708,-0.013441612012684345,0.20210999250411987,0.46167466044425964,-0.03785944730043411,0.2011648416519165,0.5186998844146729,-0.04947271943092346,0.2028210163116455,0.5538592338562012,-0.0526401661336422,0.17631183564662933,0.5360170006752014,-0.010866708122193813,0.1744917780160904,0.4590126872062683,-0.03201284259557724,0.17453722655773163,0.5272381901741028,-0.033670417964458466,0.1769719421863556,0.5505914688110352,-0.028876425698399544,0.1506212055683136,0.5420650243759155,-0.012671762146055698,0.1460515558719635,0.46385830640792847,-0.030498825013637543,0.14894405007362366,0.5248332619667053,-0.02108677104115486,0.1533411741256714,0.5530370473861694,-0.009354119189083576,0.1255873441696167,0.5538970232009888,-0.017072508111596107,0.1216563880443573,0.49683886766433716,-0.02388024516403675,0.12595222890377045,0.5329472422599792,-0.014690416865050793,0.1300402730703354,0.5580376386642456,-0.00496171647682786
E,0.1638861745595932,0.7309874296188354,-2.4360312522730965e-07,0.20172655582427979,0.7028582692146301,-0.02386496588587761,0.23190245032310486,0.6329764723777771,-0.03429713845252991,0.2206941395998001,0.5771591067314148,-0.04346321523189545,0.19346338510513306,0.5744462609291077,-0.04787927865982056,0.20209841430187225,0.5233362317085266,-0.014875019900500774,0.1967882663011551,0.44357559084892273,-0.03931543231010437,0.19592204689979553,0.5080251693725586,-0.05072421953082085,0.19778141379356384,0.5444680452346802,-0.054041776806116104,0.1726580560207367,0.5255328416824341,-0.012081540189683437,0.1687404215335846,0.4458006024360657,-0.03464866802096367,0.16967187821865082,0.5174162983894348,-0.03837040066719055,0.17295295000076294,0.5430436730384827,-0.03517640754580498,0.14639894664287567,0.5329269170761108,-0.013660740107297897,0.13988463580608368,0.4516777992248535,-0.03190261870622635,0.1438947170972824,0.5130489468574524,-0.024497680366039276,0.14920739829540253,0.5430130362510681,-0.01446583028882742,0.12042208015918732,0.5457770824432373,-0.01787511631846428,0.11443446576595306,0.48722121119499207,-0.024361444637179375,0.1202053502202034,0.521301805973053,-0.016302771866321564,0.12568947672843933,0.5462141633033752,-0.007808557245880365
E,0.1572471708059311,0.7196510434150696,-2.1637967506649147e-07,0.19512131810188293,0.6866738796234131,-0.02259724959731102,0.22350764274597168,0.6194015741348267,-0.03209924325346947,0.2119053602218628,0.5616050362586975,-0.0409516766667366,0.1855996549129486,0.5614230036735535,-0.0454770065844059,0.1932748258113861,0.51469886302948,-0.009257030673325062,0.18940548598766327,0.4353069067001343,-0.03017883375287056,0.1889818161725998,0.4952056109905243,-0.041009027510881424,0.19074618816375732,0.5297667384147644,-0.044728927314281464,0.16560302674770355,0.514268696308136,-0.006678836885839701,0.16346991062164307,0.4314473569393158,-0.026323512196540833,0.16392527520656586,0.4981595277786255,-0.03097137250006199,0.16658899188041687,0.5264081358909607,-0.028913360089063644,0.14038774371147156,0.5221222639083862,-0.008300457149744034,0.13748344779014587,0.44001516699790955,-0.0237715020775795,0.14069494605064392,0.4953995645046234,-0.01864495873451233,0.14446842670440674,0.5287594199180603,-0.010489542968571186,0.11533688008785248,0.537866473197937,-0.012560570612549782,0.11216428130865097,0.47492510080337524,-0.01711222343146801,0.11704350262880325,0.501724123954773,-0.010499726049602032,0.12133032083511353,0.5282192826271057,-0.0035860417410731316
E,0.16754814982414246,0.705924391746521,-2.1615579726130818e-07,0.2054836004972458,0.672688901424408,-0.02256765402853489,0.23397493362426758,0.605710506439209,-0.03189552575349808,0.2198730707168579,0.5480466485023499,-0.040521007031202316,0.19018439948558807,0.5577988624572754,-0.0449213869869709,0.1998475044965744,0.5012378692626953,-0.00792759656906128,0.19480648636817932,0.4234521687030792,-0.02831798791885376,0.19393965601921082,0.4823296070098877,-0.039168890565633774,0.19629119336605072,0.5164627432823181,-0.04307642579078674,0.17305417358875275,0.5024044513702393,-0.005153621081262827,0.16901721060276031,0.4216594099998474,-0.024417905136942863,0.1691417545080185,0.48865807056427,-0.02855663187801838,0.17290560901165009,0.5182973146438599,-0.02587597444653511,0.14922255277633667,0.5094160437583923,-0.006698661018162966,0.14284241199493408,0.42926791310310364,-0.02191578596830368,0.14589360356330872,0.4844405949115753,-0.016788817942142487,0.151292085647583,0.5196369290351868,-0.008395458571612835,0.12569423019886017,0.5240022540092468,-0.010954538360238075,0.11959093064069748,0.46326637268066406,-0.01594431884586811,0.12344619631767273,0.4918529689311981,-0.009751252830028534,0.12851227819919586,0.5205933451652527,-0.002892587799578905
E,0.19985845685005188,0.6978999376296997,-2.2138083011213894e-07,0.24026086926460266,0.6660016775131226,-0.020358948037028313,0.2689110338687897,0.5939757227897644,-0.027569543570280075,0.25454211235046387,0.5333525538444519,-0.0345148965716362,0.22927087545394897,0.5460718870162964,-0.03779250383377075,0.2342609167098999,0.4897075593471527,-0.004419045522809029,0.22818459570407867,0.40431785583496094,-0.02322929911315441,0.22823967039585114,0.4586583375930786,-0.03368470445275307,0.2305712252855301,0.4963194727897644,-0.037707604467868805,0.2069026380777359,0.48993995785713196,-0.00291986926458776,0.20101483166217804,0.4069322943687439,-0.02111574076116085,0.20241650938987732,0.4706849157810211,-0.02582542970776558,0.20602715015411377,0.5038956999778748,-0.02383478172123432,0.182960644364357,0.4982782006263733,-0.005608294624835253,0.1759692281484604,0.41872701048851013,-0.021112507209181786,0.17940999567508698,0.47196945548057556,-0.017239950597286224,0.18372300267219543,0.5071719288825989,-0.00961619708687067,0.1595650315284729,0.5155807733535767,-0.010756353847682476,0.1526229977607727,0.4514484405517578,-0.017332587391138077,0.1569419950246811,0.48099270462989807,-0.011935553513467312,0.16158618032932281,0.5113393068313599,-0.0053990730084478855
E,0.2406378984451294,0.6996623277664185,-2.3509605284743884e-07,0.2817385196685791,0.6684360504150391,-0.016384601593017578,0.3135420083999634,0.5938188433647156,-0.022711459547281265,0.3057442009449005,0.5293194055557251,-0.02979872189462185,0.2751784324645996,0.5384954810142517,-0.03350890055298805,0.2787647843360901,0.48474985361099243,-0.0038521348033100367,0.2780091166496277,0.4014434814453125,-0.024399083107709885,0.2800215780735016,0.45438212156295776,-0.035547658801078796,0.28063178062438965,0.4977642595767975,-0.0391024686396122,0.24935904145240784,0.48504671454429626,-0.004424835089594126,0.24892865121364594,0.4041029214859009,-0.02199617400765419,0.2521244287490845,0.4699678421020508,-0.025279903784394264,0.2524207532405853,0.5054306387901306,-0.02264944277703762,0.22233936190605164,0.49366098642349243,-0.008993501774966717,0.21848981082439423,0.4078826308250427,-0.0249098539352417,0.2247057855129242,0.4680963158607483,-0.019404776394367218,0.22616547346115112,0.5105035901069641,-0.010640181601047516,0.19475409388542175,0.5113255381584167,-0.01559944823384285,0.18862169981002808,0.4443112015724182,-0.02272241935133934,0.19705912470817566,0.47393158078193665,-0.016115732491016388,0.20161043107509613,0.506487250328064,-0.008365829475224018
E,0.2564516067504883,0.7298838496208191,-2.586773177881696e-07,0.29658380150794983,0.6950038075447083,-0.01594991609454155,0.3276670277118683,0.6226167678833008,-0.023279964923858643,0.3262397050857544,0.5620074272155762,-0.03169185295701027,0.30112579464912415,0.565333902835846,-0.03610820323228836,0.2959778904914856,0.5116978287696838,-0.005599546246230602,0.2961270809173584,0.4290240406990051,-0.028328128159046173,0.29830724000930786,0.4916321039199829,-0.03955859690904617,0.2981046438217163,0.5314317941665649,-0.04282093048095703,0.2657753527164459,0.5126407742500305,-0.007406903430819511,0.26656484603881836,0.43073782324790955,-0.02705562487244606,0.2709921598434448,0.5038195252418518,-0.029399588704109192,0.27061381936073303,0.5348231792449951,-0.025689560920000076,0.23660913109779358,0.5216056108474731,-0.013292878866195679,0.2351340502500534,0.43541693687438965,-0.031256385147571564,0.24273113906383514,0.5040560960769653,-0.02315405011177063,0.24352771043777466,0.5426205396652222,-0.012023504823446274,0.2074946165084839,0.5390428304672241,-0.021164191886782646,0.2024698257446289,0.4697336256504059,-0.028592757880687714,0.21286024153232574,0.5061202645301819,-0.019569208845496178,0.2179548293352127,0.5387017726898193,-0.009748121723532677
E,0.23777960240840912,0.7128182649612427,-2.4366369189010584e-07,0.2762725353240967,0.6836615204811096,-0.016329076141119003,0.30591881275177,0.6118838787078857,-0.02323142997920513,0.3045780658721924,0.5519278049468994,-0.030777184292674065,0.2797151803970337,0.5477980971336365,-0.03445814922451973,0.2754770815372467,0.5069292783737183,-0.006332341581583023,0.2762767970561981,0.42739337682724,-0.02861647494137287,0.2780728042125702,0.48488929867744446,-0.039390258491039276,0.27713143825531006,0.5243918895721436,-0.04215206578373909,0.24647320806980133,0.5065042972564697,-0.007220372091978788,0.2475561946630478,0.42520207166671753,-0.02665969356894493,0.25152647495269775,0.4941488206386566,-0.028981920331716537,0.2505078911781311,0.524427056312561,-0.025117725133895874,0.21919280290603638,0.5137468576431274,-0.012157857418060303,0.21726007759571075,0.43052375316619873,-0.029338547959923744,0.22395259141921997,0.4935583174228668,-0.021760329604148865,0.22363463044166565,0.5283114314079285,-0.011265119537711143,0.1916293054819107,0.5291422605514526,-0.019094588235020638,0.18711474537849426,0.4630963206291199,-0.025985097512602806,0.19584789872169495,0.4950920045375824,-0.017709875479340553,0.1992354691028595,0.523005485534668,-0.008703397586941719
E,0.23917105793952942,0.7140814065933228,-2.669392529242032e-07,0.2795707881450653,0.6808595657348633,-0.014644877053797245,0.30898603796958923,0.6051502227783203,-0.019492777064442635,0.30383819341659546,0.5434358716011047,-0.024927953258156776,0.27801772952079773,0.5439361333847046,-0.026698991656303406,0.2759530544281006,0.5044798254966736,-0.004371299874037504,0.27766281366348267,0.42631110548973083,-0.024029579013586044,0.27928435802459717,0.4871784746646881,-0.03387875109910965,0.27792149782180786,0.5263777375221252,-0.03680306673049927,0.247325599193573,0.5043728351593018,-0.005427550990134478,0.2477640062570572,0.42299938201904297,-0.023607490584254265,0.2523954212665558,0.4933708906173706,-0.026410942897200584,0.251144140958786,0.5286333560943604,-0.023052513599395752,0.2199043333530426,0.5122391581535339,-0.010079627856612206,0.21709993481636047,0.4268256425857544,-0.026646407321095467,0.2250416874885559,0.48986905813217163,-0.02039039507508278,0.2248738408088684,0.5294254422187805,-0.010710918344557285,0.19183912873268127,0.5281403660774231,-0.016426967456936836,0.18716765940189362,0.4596719443798065,-0.024099575355648994,0.19715076684951782,0.4920435845851898,-0.01693527214229107,0.20041494071483612,0.5239946246147156,-0.008489816449582577
E,0.24001502990722656,0.7163651585578918,-2.337807529784186e-07,0.28037315607070923,0.6822275519371033,-0.01516156829893589,0.3102850019931793,0.6189340353012085,-0.02282155491411686,0.30888038873672485,0.5573292374610901,-0.03172726556658745,0.2819361686706543,0.5502516627311707,-0.037279196083545685,0.27783510088920593,0.5066471099853516,-0.005853205919265747,0.2772834300994873,0.4232313930988312,-0.02807515859603882,0.27903950214385986,0.47929883003234863,-0.03978164866566658,0.27825573086738586,0.5218186974525452,-0.043213918805122375,0.24764689803123474,0.5067721009254456,-0.007305629085749388,0.2479782998561859,0.4213278293609619,-0.02530157007277012,0.2520199120044708,0.4898150861263275,-0.02803599275648594,0.252104252576828,0.5229273438453674,-0.02518867887556553,0.2197837233543396,0.5152807235717773,-0.012568779289722443,0.21742463111877441,0.42737647891044617,-0.027773994952440262,0.22412744164466858,0.4886033535003662,-0.02063044346868992,0.22504396736621857,0.5285706520080566,-0.011149509809911251,0.1911439746618271,0.5332233309745789,-0.01978178322315216,0.18708540499210358,0.46429935097694397,-0.025479506701231003,0.1961507499217987,0.4934674799442291,-0.017314916476607323,0.20032766461372375,0.524980366230011,-0.00875064916908741
E,0.2377302199602127,0.7035775184631348,-2.5275008397329657e-07,0.27748849987983704,0.6715947985649109,-0.017059307545423508,0.30791833996772766,0.6026113629341125,-0.024307597428560257,0.3013567328453064,0.5426700115203857,-0.03158219903707504,0.27322590351104736,0.5395584106445312,-0.03513409197330475,0.27381518483161926,0.4975214898586273,-0.009095925837755203,0.27295202016830444,0.41937392950057983,-0.031005891039967537,0.27468961477279663,0.4819589853286743,-0.04216654598712921,0.2746225595474243,0.5212923288345337,-0.0457436628639698,0.24424013495445251,0.49881553649902344,-0.009521002881228924,0.24322424829006195,0.4162139892578125,-0.02835860662162304,0.24792169034481049,0.4853673577308655,-0.031512945890426636,0.2479926347732544,0.5174026489257812,-0.028986886143684387,0.21669211983680725,0.5082800388336182,-0.0135648800060153,0.21210753917694092,0.42446860671043396,-0.03060205839574337,0.21989642083644867,0.48860839009284973,-0.02364184893667698,0.2213623970746994,0.525931715965271,-0.014037497341632843,0.18872922658920288,0.5259224772453308,-0.019469741731882095,0.1830965280532837,0.4618452191352844,-0.026890989392995834,0.19273032248020172,0.4969332218170166,-0.018825192004442215,0.1968190222978592,0.5271129608154297,-0.010183039121329784
E,0.2309245616197586,0.6960678100585938,-2.9537710588556365e-07,0.27232277393341064,0.660716712474823,-0.01471366360783577,0.30201971530914307,0.5878353714942932,-0.01961214654147625,0.29586276412010193,0.5231493711471558,-0.02505672164261341,0.26681432127952576,0.5258094668388367,-0.027097618207335472,0.2672571539878845,0.4856932759284973,-0.005125632509589195,0.2670585513114929,0.4085797071456909,-0.02506033517420292,0.2699219584465027,0.47203734517097473,-0.036306437104940414,0.2696586549282074,0.511493444442749,-0.040584150701761246,0.2397208958864212,0.4872359335422516,-0.0058731394819915295,0.2396923452615738,0.40886908769607544,-0.02395601011812687,0.2447275072336197,0.4806906580924988,-0.028546100482344627,0.2447781264781952,0.5167019963264465,-0.027182165533304214,0.21398359537124634,0.49734237790107727,-0.009954303503036499,0.20899200439453125,0.4135749936103821,-0.025141410529613495,0.21707889437675476,0.47600236535072327,-0.0203835591673851,0.21960332989692688,0.5184487700462341,-0.012663793750107288,0.18747758865356445,0.5169782638549805,-0.015711091458797455,0.18213900923728943,0.4504399597644806,-0.022222032770514488,0.19190247356891632,0.4833647310733795,-0.015938594937324524,0.1971091330051422,0.5183355808258057,-0.008901338092982769
E,0.22626739740371704,0.6874637603759766,-2.704437349621003e-07,0.26700055599212646,0.654417872428894,-0.014150259084999561,0.29533693194389343,0.5800159573554993,-0.017950626090168953,0.28854015469551086,0.5183385014533997,-0.022167980670928955,0.2608458995819092,0.5211477875709534,-0.02274913154542446,0.2617020010948181,0.48226964473724365,-0.0024539814330637455,0.26194655895233154,0.4027058184146881,-0.020999332889914513,0.2640182673931122,0.4622858166694641,-0.03155745193362236,0.26369646191596985,0.5003575682640076,-0.03572046384215355,0.23468521237373352,0.4834836721420288,-0.0028137140907347202,0.23394085466861725,0.4035520553588867,-0.01939709670841694,0.23863640427589417,0.4723365604877472,-0.023581000044941902,0.23886249959468842,0.5053436756134033,-0.022372961044311523,0.2088816612958908,0.49253156781196594,-0.006625668611377478,0.20431381464004517,0.4085325002670288,-0.021341335028409958,0.21160872280597687,0.4695909023284912,-0.016709910705685616,0.2134181261062622,0.5099160075187683,-0.009345839731395245,0.18234914541244507,0.5092812180519104,-0.012087788432836533,0.1784154772758484,0.4461976885795593,-0.018483033403754234,0.18708817660808563,0.47881677746772766,-0.01263103261590004,0.19074001908302307,0.510146975517273,-0.0061306096613407135
E,0.2294313907623291,0.678049623966217,-2.526967364246957e-07,0.2691122889518738,0.645583987236023,-0.015154998749494553,0.29686981439590454,0.5698164701461792,-0.019662152975797653,0.28940197825431824,0.5111741423606873,-0.024352768436074257,0.2623407542705536,0.5188525319099426,-0.025368746370077133,0.2624320089817047,0.47426021099090576,-0.0036746340338140726,0.2639901340007782,0.39718908071517944,-0.021763110533356667,0.26552262902259827,0.45872870087623596,-0.0312136709690094,0.2643224895000458,0.49687451124191284,-0.03454122319817543,0.23627305030822754,0.47537916898727417,-0.003930385690182447,0.23607119917869568,0.3981509506702423,-0.020952919498085976,0.24139054119586945,0.4657912850379944,-0.02471611090004444,0.24110040068626404,0.4994014799594879,-0.022667160257697105,0.21104244887828827,0.4850953221321106,-0.007634681183844805,0.20604167878627777,0.4040411412715912,-0.02318897284567356,0.21512770652770996,0.4644598364830017,-0.01876079849898815,0.21657317876815796,0.5037912130355835,-0.010970055125653744,0.18499873578548431,0.5027632117271423,-0.01301203016191721,0.17950032651424408,0.442346453666687,-0.02055998519062996,0.19002430140972137,0.475077748298645,-0.015091661363840103,0.1939222812652588,0.5063044428825378,-0.008370542898774147
E,0.22811643779277802,0.6732885241508484,-2.3039272889491258e-07,0.26711466908454895,0.6404557228088379,-0.014016683213412762,0.29419732093811035,0.5665053725242615,-0.018931275233626366,0.28832751512527466,0.5066655278205872,-0.024423865601420403,0.2618926465511322,0.5138893127441406,-0.026896623894572258,0.25887519121170044,0.4749591052532196,-0.004621559754014015,0.2610878646373749,0.39321887493133545,-0.022344054654240608,0.26357948780059814,0.44823119044303894,-0.03206661716103554,0.2619583308696747,0.4883866012096405,-0.0356079563498497,0.233633890748024,0.4769359827041626,-0.005799975246191025,0.23343470692634583,0.3943482041358948,-0.02226627618074417,0.239778533577919,0.4571302533149719,-0.026639549061655998,0.239510640501976,0.49372637271881104,-0.025331443175673485,0.20935894548892975,0.48694196343421936,-0.010116100311279297,0.20427903532981873,0.4024362862110138,-0.024705104529857635,0.21419832110404968,0.45865482091903687,-0.020918453112244606,0.2154950052499771,0.49996718764305115,-0.013979715295135975,0.18377286195755005,0.5051828026771545,-0.01608910597860813,0.17849446833133698,0.4420478940010071,-0.02338418737053871,0.18933671712875366,0.4710775911808014,-0.01847735047340393,0.1928199827671051,0.502528190612793,-0.012490402907133102
E,0.22790756821632385,0.6714089512825012,-2.2425817292059946e-07,0.2658328115940094,0.6398038864135742,-0.015634717419743538,0.293817937374115,0.5670689344406128,-0.021367300301790237,0.28730306029319763,0.5071109533309937,-0.027390146628022194,0.26076585054397583,0.5127373933792114,-0.03022260218858719,0.2596423327922821,0.4724830389022827,-0.005064864177256823,0.26023799180984497,0.3950493633747101,-0.023444324731826782,0.2622022330760956,0.4483574628829956,-0.03356728330254555,0.2618381381034851,0.48770618438720703,-0.03720921650528908,0.2340717613697052,0.4737766981124878,-0.005557942669838667,0.23318934440612793,0.3950994908809662,-0.023060288280248642,0.23845797777175903,0.4567106068134308,-0.0275007002055645,0.23894673585891724,0.49305346608161926,-0.02579156495630741,0.209527850151062,0.48351341485977173,-0.009463722817599773,0.20433303713798523,0.40145230293273926,-0.025403717532753944,0.21283888816833496,0.45684972405433655,-0.021641025319695473,0.21458172798156738,0.497911274433136,-0.014144740998744965,0.18418844044208527,0.5017644166946411,-0.015165357850492,0.17859229445457458,0.4405527114868164,-0.023608742281794548,0.18783201277256012,0.46899011731147766,-0.01899709925055504,0.1911400705575943,0.499695360660553,-0.01272999495267868
E,0.2351074367761612,0.680675745010376,-2.2851290282233094e-07,0.27383217215538025,0.6450218558311462,-0.014359372667968273,0.3015246093273163,0.5720072984695435,-0.01927538774907589,0.29359298944473267,0.5111803412437439,-0.024828599765896797,0.2664462924003601,0.5206553936004639,-0.02729749120771885,0.2671179473400116,0.47844937443733215,-0.0029312882106751204,0.2677994966506958,0.39758551120758057,-0.02099609188735485,0.26922619342803955,0.45200586318969727,-0.03130536153912544,0.2685401439666748,0.4934343099594116,-0.03502431511878967,0.24072539806365967,0.47861093282699585,-0.00405103387311101,0.23986642062664032,0.3963053226470947,-0.02086637355387211,0.2439761608839035,0.45828795433044434,-0.025256289169192314,0.24437585473060608,0.49746206402778625,-0.023504773154854774,0.21580129861831665,0.4883400797843933,-0.00857104267925024,0.2105710506439209,0.4039932191371918,-0.023053929209709167,0.21786119043827057,0.4586087465286255,-0.019116997718811035,0.21947242319583893,0.5004892349243164,-0.011736493557691574,0.18987402319908142,0.5076584815979004,-0.014891632832586765,0.18359804153442383,0.445067435503006,-0.021468522027134895,0.19222931563854218,0.472165584564209,-0.016024969518184662,0.1958497166633606,0.5027724504470825,-0.009474867954850197
E,0.26495790481567383,0.6780123710632324,-2.1254744808629766e-07,0.3060441315174103,0.6467801332473755,-0.017184218391776085,0.34133511781692505,0.5694570541381836,-0.025785552337765694,0.3452757000923157,0.5036594271659851,-0.035581983625888824,0.322695791721344,0.5002171993255615,-0.042048562318086624,0.3113822638988495,0.4540136456489563,-0.008665412664413452,0.31710711121559143,0.3621353209018707,-0.0329509899020195,0.3223274052143097,0.41902080178260803,-0.04642736539244652,0.31776127219200134,0.46794551610946655,-0.05079264938831329,0.28100094199180603,0.4524074196815491,-0.01109591219574213,0.28367990255355835,0.3558635711669922,-0.03391807898879051,0.29269739985466003,0.4262829124927521,-0.040935859084129333,0.28976133465766907,0.47404804825782776,-0.039870817214250565,0.2508940100669861,0.46098801493644714,-0.017441103234887123,0.25003495812416077,0.3614782989025116,-0.037726227194070816,0.2609536647796631,0.424030065536499,-0.035473018884658813,0.259518563747406,0.473491370677948,-0.027851689606904984,0.21877433359622955,0.47915998101234436,-0.025737794116139412,0.213099867105484,0.40487316250801086,-0.03746325895190239,0.22506041824817657,0.43267887830734253,-0.03428802266716957,0.2283100187778473,0.46805423498153687,-0.028289001435041428
E,0.24749043583869934,0.6822546124458313,-2.7344918862581835e-07,0.2939360737800598,0.6419565677642822,-0.022745108231902122,0.3346930146217346,0.5518555045127869,-0.033247243613004684,0.334384560585022,0.47835594415664673,-0.04456132650375366,0.3006497919559479,0.48159468173980713,-0.051727112382650375,0.29969877004623413,0.4243137836456299,-0.010620568878948689,0.3043747842311859,0.3214030861854553,-0.03938369080424309,0.30559462308883667,0.3916853964328766,-0.05523800104856491,0.3024064898490906,0.4473600685596466,-0.060569342225790024,0.2643136978149414,0.4227607548236847,-0.012070816941559315,0.2676748037338257,0.3164304494857788,-0.0398741140961647,0.27176323533058167,0.3993631899356842,-0.04819387570023537,0.2705260217189789,0.4518841803073883,-0.04655429348349571,0.23061060905456543,0.43198975920677185,-0.018422769382596016,0.2278468906879425,0.32142820954322815,-0.042857132852077484,0.2359686642885208,0.39652910828590393,-0.040454644709825516,0.23731520771980286,0.45329776406288147,-0.03131750971078873,0.19597755372524261,0.4531089663505554,-0.027301058173179626,0.18778783082962036,0.3718990087509155,-0.04040157422423363,0.19874873757362366,0.4083895683288574,-0.036255303770303726,0.204481303691864,0.4503781795501709,-0.02889709360897541
E,0.24375446140766144,0.6642829179763794,-2.746616587501194e-07,0.29448097944259644,0.6216893196105957,-0.022973669692873955,0.3391672372817993,0.5303086042404175,-0.034148477017879486,0.3388059735298157,0.45372524857521057,-0.04615422710776329,0.30632320046424866,0.4481745958328247,-0.054396651685237885,0.29961949586868286,0.39656805992126465,-0.012379080057144165,0.3025837242603302,0.28837794065475464,-0.04260965436697006,0.30416250228881836,0.35699883103370667,-0.0603189617395401,0.3005407750606537,0.41594552993774414,-0.06685664504766464,0.26091673970222473,0.3936070203781128,-0.014548269100487232,0.26410380005836487,0.28033193945884705,-0.04265011101961136,0.2689194679260254,0.36384961009025574,-0.05230318009853363,0.2666592299938202,0.41843050718307495,-0.05209396034479141,0.2248537391424179,0.40317562222480774,-0.021443836390972137,0.2212209850549698,0.28610992431640625,-0.04647869989275932,0.22993895411491394,0.36357414722442627,-0.04361729323863983,0.23036068677902222,0.42085281014442444,-0.034543659538030624,0.18784311413764954,0.4253670573234558,-0.03076084889471531,0.1805424690246582,0.3377895951271057,-0.04404069110751152,0.1923987716436386,0.379011332988739,-0.037859417498111725,0.19702193140983582,0.42225518822669983,-0.029204947873950005
F,0.267754465341568,1.0093199014663696,2.2370605279320444e-07,0.30065807700157166,0.9876636862754822,-0.02557341940701008,0.32595181465148926,0.949345052242279,-0.04503759741783142,0.3452306389808655,0.9351372122764587,-0.06421694904565811,0.35722780227661133,0.9265427589416504,-0.08237983286380768,0.2792150378227234,0.8440009951591492,-0.037979766726493835,0.30000436305999756,0.8109073042869568,-0.06861750036478043,0.3255465030670166,0.8536427617073059,-0.09036633372306824,0.34296590089797974,0.9022707939147949,-0.10113319754600525,0.24797771871089935,0.8369530439376831,-0.04075177013874054,0.2428690791130066,0.7492311000823975,-0.057105645537376404,0.24768821895122528,0.7050890922546387,-0.06812787801027298,0.253139466047287,0.6701399087905884,-0.07783576101064682,0.21561171114444733,0.8540392518043518,-0.047368377447128296,0.1967165172100067,0.7591050863265991,-0.06466097384691238,0.1854187250137329,0.7016909718513489,-0.07657389342784882,0.17751330137252808,0.6524972915649414,-0.08481504023075104,0.18863752484321594,0.8930161595344543,-0.056118082255125046,0.161532461643219,0.8273288011550903,-0.06851430237293243,0.14379505813121796,0.7864362001419067,-0.07218805700540543,0.12906977534294128,0.7468622922897339,-0.07523050159215927
F,0.3260856568813324,0.7401073575019836,3.2192210142056865e-07,0.3651176691055298,0.7010393738746643,-0.014290625229477882,0.4007951617240906,0.6503939032554626,-0.025895101949572563,0.4276706278324127,0.6102612018585205,-0.038424912840127945,0.43409451842308044,0.5664786696434021,-0.04935125261545181,0.3599458634853363,0.5286799669265747,-0.011311807669699192,0.39562439918518066,0.4809816777706146,-0.04063103720545769,0.4185904264450073,0.5046032667160034,-0.06484991312026978,0.4324738085269928,0.5386863350868225,-0.07693789154291153,0.33682781457901,0.5081353783607483,-0.017364511266350746,0.35349056124687195,0.4174158573150635,-0.03494126349687576,0.37363696098327637,0.3600988984107971,-0.04959539324045181,0.39150384068489075,0.3102869391441345,-0.05940999835729599,0.31039974093437195,0.5135839581489563,-0.02777717635035515,0.3103291392326355,0.41416287422180176,-0.04534215107560158,0.3154413104057312,0.3525259494781494,-0.058420777320861816,0.324812650680542,0.2981346845626831,-0.06608826667070389,0.28465643525123596,0.5412222743034363,-0.03964047133922577,0.26575565338134766,0.475472629070282,-0.053171876817941666,0.2586047351360321,0.4288950264453888,-0.057904478162527084,0.25793957710266113,0.382229208946228,-0.060078658163547516
F,0.2901553511619568,0.7167536020278931,2.0854888305166241e-07,0.3261791169643402,0.6832148432731628,-0.016566704958677292,0.35545188188552856,0.6420005559921265,-0.028704650700092316,0.37294071912765503,0.6036689877510071,-0.041977617889642715,0.3721396327018738,0.5593250393867493,-0.05347784608602524,0.32960113883018494,0.5159322619438171,-0.009549818933010101,0.35076022148132324,0.45595574378967285,-0.03916238248348236,0.3617851734161377,0.4847870469093323,-0.06394077092409134,0.365802526473999,0.5252343416213989,-0.07606375962495804,0.3030775785446167,0.49663588404655457,-0.013737360946834087,0.31281372904777527,0.409912109375,-0.03091004118323326,0.3249373137950897,0.3597641587257385,-0.04665462672710419,0.3356787860393524,0.31518328189849854,-0.057612184435129166,0.2747252881526947,0.5017785429954529,-0.02276536077260971,0.27696385979652405,0.40764179825782776,-0.03859901428222656,0.280175119638443,0.348203182220459,-0.0514938160777092,0.28598517179489136,0.2948462665081024,-0.05950956791639328,0.24653172492980957,0.5287836194038391,-0.033670395612716675,0.23791605234146118,0.45903098583221436,-0.04472090303897858,0.23482701182365417,0.41068586707115173,-0.04939234256744385,0.23549845814704895,0.3645327687263489,-0.05199504643678665
F,0.20798538625240326,0.7221496105194092,1.063607726337068e-07,0.23877687752246857,0.6994160413742065,-0.02475855126976967,0.26397016644477844,0.6618775725364685,-0.04079712927341461,0.2696070969104767,0.6201026439666748,-0.05643238127231598,0.2549712657928467,0.5827110409736633,-0.06962929666042328,0.24669018387794495,0.5340128540992737,-0.01586354337632656,0.2601649761199951,0.4800918996334076,-0.0440237857401371,0.2584936022758484,0.5162312388420105,-0.06651957333087921,0.25223758816719055,0.5606755018234253,-0.07699283957481384,0.22101077437400818,0.513730525970459,-0.014536348171532154,0.22597619891166687,0.43813103437423706,-0.028796544298529625,0.22837866842746735,0.3983369469642639,-0.04018957167863846,0.2298881709575653,0.3574932813644409,-0.04776846989989281,0.19591891765594482,0.5148718953132629,-0.018535083159804344,0.19945800304412842,0.4309062063694,-0.03126213327050209,0.198882594704628,0.3772122859954834,-0.04001428186893463,0.1993219405412674,0.32689887285232544,-0.04552855342626572,0.170967698097229,0.5377864837646484,-0.02525242418050766,0.16707006096839905,0.47747185826301575,-0.03360976278781891,0.16466787457466125,0.4358150362968445,-0.03604389727115631,0.16375185549259186,0.39628344774246216,-0.037211354821920395
F,0.2384377270936966,0.717091977596283,1.9210962420856958e-07,0.27210506796836853,0.6914371848106384,-0.02118080109357834,0.2998373508453369,0.6540061831474304,-0.03561529144644737,0.31365758180618286,0.6139651536941528,-0.05061941593885422,0.3037493824958801,0.5704808831214905,-0.06405926495790482,0.28453969955444336,0.5282455086708069,-0.01148777175694704,0.30205532908439636,0.4702602028846741,-0.03965199738740921,0.3064304292201996,0.49337369203567505,-0.06279516220092773,0.3045070469379425,0.5323113799095154,-0.07383938133716583,0.2585200369358063,0.508204460144043,-0.01267832051962614,0.2665751278400421,0.4330330193042755,-0.028234506025910378,0.2741963863372803,0.3920186758041382,-0.04247751832008362,0.2808319628238678,0.35272398591041565,-0.05216139182448387,0.23153209686279297,0.5105763673782349,-0.018999086692929268,0.2370813935995102,0.4280710816383362,-0.03292148560285568,0.23964133858680725,0.3721769154071808,-0.044263385236263275,0.24391363561153412,0.3214956820011139,-0.05162794515490532,0.20355480909347534,0.533009946346283,-0.02771678939461708,0.20071911811828613,0.471206933259964,-0.03789475932717323,0.20043371617794037,0.42756205797195435,-0.04236074909567833,0.20329546928405762,0.3863263726234436,-0.044902145862579346
F,0.19769935309886932,0.707700252532959,1.4379801882569154e-07,0.22529539465904236,0.6875527501106262,-0.03301506116986275,0.24588708579540253,0.6471930742263794,-0.053619518876075745,0.24795132875442505,0.6050079464912415,-0.07226186245679855,0.23110927641391754,0.5652472376823425,-0.08918730169534683,0.23727427423000336,0.527845025062561,-0.02645447663962841,0.24752944707870483,0.4750613868236542,-0.054335884749889374,0.2411249577999115,0.5005136728286743,-0.07611988484859467,0.23190519213676453,0.5404186248779297,-0.08700455725193024,0.21193477511405945,0.5089819431304932,-0.02127118781208992,0.21603894233703613,0.4375552535057068,-0.03693709522485733,0.21336764097213745,0.40167468786239624,-0.049786657094955444,0.21063664555549622,0.36295241117477417,-0.05870905891060829,0.18749526143074036,0.5100382566452026,-0.021488187834620476,0.1905139982700348,0.43123337626457214,-0.03513651341199875,0.18636268377304077,0.37876999378204346,-0.046262867748737335,0.1828000843524933,0.3305833339691162,-0.05417589843273163,0.16229210793972015,0.5297240018844604,-0.02495705708861351,0.1597214937210083,0.4727500081062317,-0.035163763910532,0.15532612800598145,0.43327030539512634,-0.04079632833600044,0.15193131566047668,0.39586955308914185,-0.04495130851864815
F,0.20212429761886597,0.7060571908950806,2.052349117320773e-07,0.2302834540605545,0.6876861453056335,-0.03236319124698639,0.2534048557281494,0.6514315605163574,-0.0519607737660408,0.25863543152809143,0.6137393712997437,-0.06937100738286972,0.2441912591457367,0.5751583576202393,-0.08478906005620956,0.2409675270318985,0.5164955854415894,-0.027442142367362976,0.2594667971134186,0.4788907766342163,-0.06006093695759773,0.25550010800361633,0.5158981680870056,-0.08653252571821213,0.24645739793777466,0.5586355328559875,-0.09940846264362335,0.21705235540866852,0.4930565357208252,-0.024620195850729942,0.22949370741844177,0.40565064549446106,-0.04284977167844772,0.2366924285888672,0.34682321548461914,-0.058461327105760574,0.24310265481472015,0.2897975742816925,-0.06955826282501221,0.19222944974899292,0.4939485788345337,-0.027384717017412186,0.1985217183828354,0.40744224190711975,-0.04420286789536476,0.20284713804721832,0.35074689984321594,-0.05755939707159996,0.2087073028087616,0.2980738580226898,-0.06608472764492035,0.16569602489471436,0.5157219171524048,-0.03320569545030594,0.16112849116325378,0.4493822455406189,-0.04354001209139824,0.1605343073606491,0.40459373593330383,-0.04747794568538666,0.16298320889472961,0.360930860042572,-0.05040540546178818
F,0.20265109837055206,0.7054592967033386,2.0850019666340813e-07,0.2306446135044098,0.685137152671814,-0.034330010414123535,0.2539430856704712,0.6503129005432129,-0.05590217560529709,0.26027530431747437,0.6123358011245728,-0.07497645914554596,0.2505238652229309,0.5701221823692322,-0.09219376742839813,0.2414989322423935,0.515339195728302,-0.030990395694971085,0.25978603959083557,0.48033690452575684,-0.061510950326919556,0.25580161809921265,0.5121119618415833,-0.0848042368888855,0.2473030686378479,0.5558583736419678,-0.09554984420537949,0.21858683228492737,0.4914861023426056,-0.027093706652522087,0.23171672224998474,0.4046127498149872,-0.042498473078012466,0.23772302269935608,0.3482784032821655,-0.054166872054338455,0.24392187595367432,0.2923832833766937,-0.06249251216650009,0.1949131041765213,0.49229374527931213,-0.02896724082529545,0.20039768517017365,0.40465855598449707,-0.044818807393312454,0.20403745770454407,0.34640246629714966,-0.057708919048309326,0.20977891981601715,0.2942439317703247,-0.06625352799892426,0.16860876977443695,0.5146933794021606,-0.03396954759955406,0.15546011924743652,0.4521511197090149,-0.04631951078772545,0.14852231740951538,0.40653541684150696,-0.052526164799928665,0.14516818523406982,0.3626636862754822,-0.0569489486515522
F,0.2116011381149292,0.7082266807556152,2.1683707984720968e-07,0.24221792817115784,0.6844178438186646,-0.027168620377779007,0.2651587724685669,0.6519194841384888,-0.0455656424164772,0.27708619832992554,0.6178816556930542,-0.06264395266771317,0.2715083956718445,0.5749115943908691,-0.07803814858198166,0.24829599261283875,0.5226963758468628,-0.02572443149983883,0.26883217692375183,0.4836074411869049,-0.05560639128088951,0.2707614302635193,0.5114721059799194,-0.07902549207210541,0.2667723000049591,0.549575924873352,-0.09030026942491531,0.22610653936862946,0.49784067273139954,-0.025345467031002045,0.23902900516986847,0.4103476107120514,-0.042290735989809036,0.2475893795490265,0.35170888900756836,-0.05619700253009796,0.254927396774292,0.29701822996139526,-0.0661664679646492,0.20152434706687927,0.4977715015411377,-0.029911356046795845,0.20566979050636292,0.40773117542266846,-0.046631522476673126,0.20925690233707428,0.34825873374938965,-0.06034053862094879,0.21501699090003967,0.2949434220790863,-0.06925857067108154,0.17526334524154663,0.5198994874954224,-0.03688858076930046,0.16227388381958008,0.45419806241989136,-0.04949814826250076,0.15601950883865356,0.40703800320625305,-0.05538506060838699,0.15387463569641113,0.3616998493671417,-0.05943632125854492
F,0.21546100080013275,0.709083616733551,2.2502298691051692e-07,0.24753090739250183,0.6814887523651123,-0.022295299917459488,0.2716619074344635,0.6469106078147888,-0.03813892975449562,0.28563565015792847,0.6114293336868286,-0.05385962501168251,0.2839072346687317,0.5704821348190308,-0.06802279502153397,0.2525426149368286,0.5218669772148132,-0.01716766506433487,0.27324846386909485,0.4835676848888397,-0.046912744641304016,0.27770939469337463,0.5051903128623962,-0.0710265189409256,0.27639737725257874,0.5401932597160339,-0.08275645226240158,0.22995370626449585,0.49708878993988037,-0.019034897908568382,0.24224932491779327,0.4109719395637512,-0.03582942485809326,0.25125831365585327,0.35244759917259216,-0.04979434236884117,0.2590630352497101,0.29905956983566284,-0.05954688787460327,0.20515680313110352,0.49648794531822205,-0.025973442941904068,0.2092561423778534,0.40507638454437256,-0.04284447059035301,0.21139603853225708,0.3456636071205139,-0.056303855031728745,0.21563366055488586,0.29426729679107666,-0.06456244736909866,0.17925097048282623,0.5185675024986267,-0.03505917638540268,0.1648017168045044,0.45197585225105286,-0.04792278632521629,0.15762314200401306,0.40527045726776123,-0.05371364951133728,0.1545495241880417,0.36156517267227173,-0.05716417729854584
F,0.21792970597743988,0.7050053477287292,2.0834315250795044e-07,0.25035420060157776,0.6723178625106812,-0.015989083796739578,0.27530592679977417,0.6346755027770996,-0.028565609827637672,0.292572557926178,0.601130485534668,-0.04198218137025833,0.2957304120063782,0.561782717704773,-0.053938303142786026,0.2491980344057083,0.5188820958137512,-0.011326629668474197,0.27336999773979187,0.48076921701431274,-0.03953424468636513,0.2856091856956482,0.5084274411201477,-0.06305582821369171,0.29033800959587097,0.5428746938705444,-0.07465139776468277,0.22813598811626434,0.49734827876091003,-0.016270272433757782,0.23891201615333557,0.4111199975013733,-0.03267849609255791,0.249928817152977,0.3534618020057678,-0.047550980001688004,0.25885966420173645,0.30203309655189514,-0.05800759792327881,0.20438171923160553,0.4997917115688324,-0.025681886821985245,0.20566284656524658,0.4079795181751251,-0.0423896424472332,0.20789796113967896,0.3476232886314392,-0.05666882544755936,0.21208707988262177,0.29488158226013184,-0.06533751636743546,0.18029344081878662,0.5238098502159119,-0.036608126014471054,0.16450181603431702,0.4570372402667999,-0.04896263778209686,0.1572294533252716,0.4101678729057312,-0.054465457797050476,0.15381307899951935,0.3661690056324005,-0.057691216468811035
F,0.21735887229442596,0.7042937874794006,2.0485725826802081e-07,0.24807263910770416,0.6697065830230713,-0.012817131355404854,0.27273932099342346,0.6277318000793457,-0.02408001758158207,0.29158028960227966,0.5935615301132202,-0.036602478474378586,0.2978688180446625,0.5531065464019775,-0.047784045338630676,0.24524319171905518,0.5150261521339417,-0.010010230354964733,0.27008363604545593,0.47432148456573486,-0.0371537059545517,0.28490909934043884,0.49869704246520996,-0.05926976352930069,0.2921329438686371,0.5306372046470642,-0.07014012336730957,0.22404861450195312,0.49571308493614197,-0.016227465122938156,0.2338487058877945,0.4105234742164612,-0.032603245228528976,0.24579539895057678,0.3551347553730011,-0.0465003065764904,0.25526073575019836,0.3056638836860657,-0.05606454238295555,0.20005673170089722,0.5004616975784302,-0.02649357169866562,0.19957581162452698,0.40821805596351624,-0.043240826576948166,0.20189882814884186,0.3496713936328888,-0.05650627613067627,0.20577776432037354,0.2973018288612366,-0.06443316489458084,0.17652073502540588,0.5263210535049438,-0.03792740777134895,0.16004452109336853,0.4613281786441803,-0.05081186816096306,0.1519930064678192,0.4156091511249542,-0.05619547888636589,0.14749030768871307,0.37138187885284424,-0.05914529412984848
F,0.21559295058250427,0.7054172158241272,2.2449053460604773e-07,0.24777236580848694,0.6679705381393433,-0.011874189600348473,0.2727339267730713,0.6233690977096558,-0.022164057940244675,0.2925577163696289,0.5866846442222595,-0.033911727368831635,0.3002387583255768,0.5451803207397461,-0.04433154687285423,0.2407226264476776,0.5143898725509644,-0.007776094134896994,0.2663728594779968,0.47090381383895874,-0.03480212762951851,0.28355658054351807,0.4942852556705475,-0.05703987553715706,0.29313066601753235,0.5259642004966736,-0.06793662905693054,0.21954618394374847,0.4963111877441406,-0.01408581156283617,0.22906792163848877,0.4113946557044983,-0.030198100954294205,0.24150076508522034,0.3552517890930176,-0.0441349558532238,0.25142374634742737,0.304692804813385,-0.0536164790391922,0.1961461752653122,0.5027992129325867,-0.02449190616607666,0.19413121044635773,0.4098350405693054,-0.04103746637701988,0.19591259956359863,0.35065165162086487,-0.054008517414331436,0.1997123509645462,0.29777097702026367,-0.06154507026076317,0.17365537583827972,0.5300323963165283,-0.036037854850292206,0.1579408049583435,0.46542614698410034,-0.04874267429113388,0.15048927068710327,0.4189644157886505,-0.05378952622413635,0.14673706889152527,0.37400367856025696,-0.05630091577768326
F,0.21674057841300964,0.7088159918785095,2.440691844185494e-07,0.24869030714035034,0.6689330339431763,-0.010879520326852798,0.2741986811161041,0.618362545967102,-0.02058858424425125,0.29542869329452515,0.581088125705719,-0.03184802457690239,0.30585402250289917,0.5421843528747559,-0.041992075741291046,0.2394201159477234,0.5157679915428162,-0.007431632373481989,0.2666719853878021,0.4736882150173187,-0.034240394830703735,0.2861291766166687,0.49555689096450806,-0.056382715702056885,0.2977661192417145,0.5251871347427368,-0.06736080348491669,0.21894486248493195,0.4994591772556305,-0.014285698533058167,0.2288254350423813,0.41467297077178955,-0.030614754185080528,0.24215345084667206,0.35710442066192627,-0.0447746217250824,0.25282931327819824,0.3054201006889343,-0.05429958924651146,0.19650959968566895,0.5073394179344177,-0.02506556548178196,0.19383564591407776,0.4129411578178406,-0.04194469749927521,0.1953699290752411,0.3524472713470459,-0.05538630113005638,0.1988803893327713,0.2981148362159729,-0.06313503533601761,0.17507463693618774,0.5350379347801208,-0.03683101385831833,0.15972740948200226,0.4698343873023987,-0.049792733043432236,0.1521953046321869,0.42273709177970886,-0.05503181740641594,0.14834517240524292,0.3775004744529724,-0.05764321982860565
F,0.21593926846981049,0.709900975227356,2.6307009193260456e-07,0.248853400349617,0.6663689613342285,-0.0106862997636199,0.27472788095474243,0.6112184524536133,-0.02013479545712471,0.2969224452972412,0.5729968547821045,-0.03117225132882595,0.30933985114097595,0.5343281030654907,-0.041308820247650146,0.23883628845214844,0.5130133032798767,-0.007214296143501997,0.2655556797981262,0.4689253270626068,-0.03313959389925003,0.2865811586380005,0.4883267879486084,-0.0545646995306015,0.3002239465713501,0.5167852640151978,-0.06532277911901474,0.21817077696323395,0.49768683314323425,-0.014352775178849697,0.22728298604488373,0.41323551535606384,-0.03033183515071869,0.2415594756603241,0.35590052604675293,-0.044323746114969254,0.2532252073287964,0.30407822132110596,-0.05384884402155876,0.19604885578155518,0.507094144821167,-0.025364650413393974,0.19248639047145844,0.4145916998386383,-0.04182159900665283,0.19418495893478394,0.35345548391342163,-0.05495432764291763,0.19773350656032562,0.2978435158729553,-0.06278684735298157,0.1752888262271881,0.5360338687896729,-0.037407033145427704,0.16019892692565918,0.471567839384079,-0.05012581869959831,0.15311026573181152,0.4248228967189789,-0.05507641285657883,0.149545818567276,0.37943029403686523,-0.057713959366083145
F,0.2156933695077896,0.7075892090797424,2.783498587177746e-07,0.24776417016983032,0.6639467477798462,-0.011525437235832214,0.2737998962402344,0.606025755405426,-0.02214246802031994,0.29753896594047546,0.5689903497695923,-0.03436991572380066,0.3109191656112671,0.5320236682891846,-0.04567917063832283,0.23551714420318604,0.5087878704071045,-0.009024937637150288,0.2637244462966919,0.4661443829536438,-0.03643219172954559,0.28590163588523865,0.4874699115753174,-0.05849333480000496,0.29974687099456787,0.5164355635643005,-0.06953810900449753,0.21544939279556274,0.4961186647415161,-0.01683642342686653,0.2250402569770813,0.41259336471557617,-0.03436025232076645,0.2392454892396927,0.35264819860458374,-0.04920573905110359,0.2502765655517578,0.2997627258300781,-0.05921277403831482,0.19420626759529114,0.5080626606941223,-0.028750469908118248,0.1896744966506958,0.4167090356349945,-0.04695164039731026,0.19011151790618896,0.3545352816581726,-0.06157704070210457,0.19201955199241638,0.29809701442718506,-0.07029843330383301,0.17563281953334808,0.538836658000946,-0.04171527177095413,0.1591339409351349,0.47768449783325195,-0.056523680686950684,0.14944791793823242,0.4321891665458679,-0.06303690373897552,0.1430109292268753,0.38684144616127014,-0.06667923182249069
F,0.21526490151882172,0.7090606689453125,2.8580606681316567e-07,0.24705080687999725,0.6654491424560547,-0.01220132876187563,0.27413082122802734,0.608051061630249,-0.02281079813838005,0.2986139953136444,0.5722731947898865,-0.034899186342954636,0.3119444251060486,0.5362236499786377,-0.04596009850502014,0.2353210747241974,0.512926459312439,-0.009290745481848717,0.26508912444114685,0.47001391649246216,-0.037335485219955444,0.28721919655799866,0.4925236105918884,-0.060148369520902634,0.30104875564575195,0.5221112966537476,-0.07146083563566208,0.21611569821834564,0.49821314215660095,-0.01628483459353447,0.22812344133853912,0.4137672185897827,-0.033816784620285034,0.24165666103363037,0.3511382043361664,-0.048918064683675766,0.2516533434391022,0.294776976108551,-0.059023499488830566,0.19519612193107605,0.508301317691803,-0.027479153126478195,0.19145631790161133,0.41408219933509827,-0.04568736255168915,0.19143907725811005,0.3512720465660095,-0.06052488833665848,0.19290991127490997,0.2942763566970825,-0.06914974749088287,0.17609454691410065,0.5374306440353394,-0.03975879028439522,0.15945374965667725,0.47471413016319275,-0.05423387140035629,0.1500106155872345,0.42908087372779846,-0.060497868806123734,0.14416205883026123,0.3839215636253357,-0.06381498277187347
F,0.21303029358386993,0.7051905393600464,2.6660111984710966e-07,0.24551039934158325,0.6635890007019043,-0.01249171607196331,0.27152228355407715,0.609652042388916,-0.022896118462085724,0.2942773997783661,0.5719561576843262,-0.03466351702809334,0.3040474057197571,0.5326303839683533,-0.04527992010116577,0.23441152274608612,0.510193943977356,-0.00896444171667099,0.26176637411117554,0.46940574049949646,-0.037283800542354584,0.28214704990386963,0.49149078130722046,-0.06082787737250328,0.2953263521194458,0.5193588137626648,-0.07272497564554214,0.2136278748512268,0.49542728066444397,-0.01559695415198803,0.22439461946487427,0.41170668601989746,-0.033127717673778534,0.2368687093257904,0.3497074246406555,-0.048689693212509155,0.24625971913337708,0.292749285697937,-0.05936821550130844,0.1910441666841507,0.5045595169067383,-0.026432296261191368,0.1878240704536438,0.4109099209308624,-0.04450173303484917,0.1878598928451538,0.35027140378952026,-0.05926861986517906,0.18991249799728394,0.2947539687156677,-0.06796331703662872,0.1702563613653183,0.5328595042228699,-0.038399018347263336,0.15278545022010803,0.4706098139286041,-0.05247994512319565,0.1434800922870636,0.4257661998271942,-0.0586429163813591,0.1383344680070877,0.38111767172813416,-0.062002621591091156
F,0.21180085837841034,0.7030603885650635,2.4783909680081706e-07,0.24334633350372314,0.666242778301239,-0.013168268837034702,0.26760047674179077,0.6192741394042969,-0.024284392595291138,0.28744834661483765,0.5827469825744629,-0.03655478358268738,0.29767435789108276,0.5433441996574402,-0.047609902918338776,0.2350984662771225,0.5122210383415222,-0.010138173587620258,0.26107922196388245,0.473019540309906,-0.03807497024536133,0.2793149948120117,0.49607735872268677,-0.061062563210725784,0.2899605929851532,0.52550208568573,-0.07245290279388428,0.2135906219482422,0.4952120780944824,-0.016315942630171776,0.22403432428836823,0.4099864959716797,-0.0330735482275486,0.2354554831981659,0.3504558801651001,-0.04736556485295296,0.24394001066684723,0.29633063077926636,-0.057054243981838226,0.18995670974254608,0.5029003620147705,-0.026634253561496735,0.18732205033302307,0.41035446524620056,-0.04403429105877876,0.18788866698741913,0.3504294753074646,-0.05751728639006615,0.19033633172512054,0.2960643172264099,-0.06526867300271988,0.16739553213119507,0.531242311000824,-0.03813875466585159,0.14977259933948517,0.4670473635196686,-0.051408492028713226,0.14155101776123047,0.42189088463783264,-0.05643081292510033,0.1374531090259552,0.3775307834148407,-0.0588991716504097
F,0.21213345229625702,0.7020366787910461,2.2916437103503995e-07,0.24218173325061798,0.6650036573410034,-0.013581601902842522,0.2654326856136322,0.6222473978996277,-0.02532302774488926,0.2836236357688904,0.5877888798713684,-0.03822195902466774,0.29058754444122314,0.5485725402832031,-0.049818046391010284,0.23300746083259583,0.5149850249290466,-0.010502641089260578,0.25699296593666077,0.47449877858161926,-0.038523733615875244,0.2734590172767639,0.49853095412254333,-0.0615135058760643,0.28254005312919617,0.5289022922515869,-0.07275722175836563,0.2120913416147232,0.4976418912410736,-0.01642679050564766,0.22123537957668304,0.4094819128513336,-0.03344297036528587,0.231610968708992,0.3510306477546692,-0.047868065536022186,0.2397485375404358,0.2983580231666565,-0.057519711554050446,0.1889803409576416,0.5040709376335144,-0.026500225067138672,0.18619763851165771,0.41124841570854187,-0.043872490525245667,0.18715116381645203,0.350871205329895,-0.05775707587599754,0.1899513304233551,0.29645752906799316,-0.06571055948734283,0.16626286506652832,0.5313187837600708,-0.03773820400238037,0.14951062202453613,0.46600985527038574,-0.05014541745185852,0.1415868103504181,0.4204164147377014,-0.055024001747369766,0.13745996356010437,0.3766530752182007,-0.057566795498132706
F,0.20949755609035492,0.7020462155342102,2.1436991914924874e-07,0.23954428732395172,0.6676551699638367,-0.015997573733329773,0.26272842288017273,0.6269788146018982,-0.02895512245595455,0.2795041799545288,0.5925780534744263,-0.04279151186347008,0.2837074398994446,0.553016722202301,-0.05528554692864418,0.23385657370090485,0.5155135989189148,-0.01215728372335434,0.2561669945716858,0.47681930661201477,-0.03979288414120674,0.26981228590011597,0.5046377778053284,-0.06231142207980156,0.27629414200782776,0.5381597280502319,-0.07345407456159592,0.21164622902870178,0.4965271055698395,-0.01733451709151268,0.21908172965049744,0.411145955324173,-0.034518059343099594,0.22864049673080444,0.3544350266456604,-0.04875769093632698,0.23642444610595703,0.3031747341156006,-0.05824907124042511,0.1875111162662506,0.5024867057800293,-0.02693823166191578,0.18411266803741455,0.41104739904403687,-0.04494102671742439,0.18466806411743164,0.350494384765625,-0.059424880892038345,0.18734224140644073,0.29573655128479004,-0.06778986006975174,0.1643209457397461,0.5296674370765686,-0.03787766396999359,0.14773789048194885,0.46466362476348877,-0.05106417089700699,0.1401451975107193,0.4188433587551117,-0.05678025633096695,0.13641977310180664,0.374796986579895,-0.05998435989022255
F,0.21113088726997375,0.703125,2.117339192864165e-07,0.2404087632894516,0.670488715171814,-0.01753925532102585,0.2618584632873535,0.6333649158477783,-0.0318143367767334,0.27660536766052246,0.6020986437797546,-0.0468185618519783,0.279125839471817,0.5628202557563782,-0.06031912565231323,0.2353074997663498,0.5155110359191895,-0.013424591161310673,0.25668781995773315,0.4772911071777344,-0.04231102392077446,0.26907628774642944,0.5070377588272095,-0.06618963181972504,0.27471351623535156,0.5430756211280823,-0.07802443951368332,0.21299070119857788,0.49622857570648193,-0.01801953837275505,0.22031210362911224,0.41089341044425964,-0.03529003635048866,0.22864000499248505,0.3550328016281128,-0.05010705068707466,0.23569661378860474,0.30481645464897156,-0.060205746442079544,0.18866916000843048,0.5017457008361816,-0.027238186448812485,0.186088427901268,0.40972569584846497,-0.044731225818395615,0.18632987141609192,0.3502117991447449,-0.05890504643321037,0.18905481696128845,0.2965010404586792,-0.06729473918676376,0.1648586243391037,0.529297411441803,-0.038026124238967896,0.149109348654747,0.4635063707828522,-0.050369713455438614,0.14172852039337158,0.417728990316391,-0.05557146295905113,0.13835622370243073,0.3733951151371002,-0.05860494449734688
F,0.2098686546087265,0.7081403732299805,2.0986327342598088e-07,0.23962683975696564,0.6782448291778564,-0.02166626788675785,0.26147764921188354,0.6438932418823242,-0.03748759999871254,0.2741655707359314,0.6099885106086731,-0.05333319306373596,0.26960423588752747,0.569403886795044,-0.06760704517364502,0.2366635948419571,0.5220125317573547,-0.017152106389403343,0.25566384196281433,0.4801580607891083,-0.046641431748867035,0.2633332312107086,0.5067249536514282,-0.0704365149140358,0.2655480206012726,0.5422447919845581,-0.08200401812791824,0.213862806558609,0.5018137693405151,-0.01930372603237629,0.22074103355407715,0.4164831340312958,-0.03697970137000084,0.2272198647260666,0.3601419925689697,-0.05181370675563812,0.2330206334590912,0.3079149127006531,-0.06202755868434906,0.18950532376766205,0.5053902864456177,-0.02632804587483406,0.1883089542388916,0.4140409827232361,-0.04352174699306488,0.18774603307247162,0.354122519493103,-0.05732748284935951,0.18986676633358002,0.2997177541255951,-0.065727099776268,0.16472652554512024,0.5306436419487,-0.035364944487810135,0.1505824327468872,0.464729905128479,-0.047401364892721176,0.14361964166164398,0.41756054759025574,-0.052873726934194565,0.140665203332901,0.3719938397407532,-0.05628160014748573
F,0.20816491544246674,0.709567666053772,1.781125860134125e-07,0.2361413985490799,0.6838099956512451,-0.026753529906272888,0.2571795582771301,0.6513824462890625,-0.045194968581199646,0.2674480974674225,0.6160017251968384,-0.06270299106836319,0.2587526738643646,0.5751199126243591,-0.07837038487195969,0.2402028888463974,0.5230311751365662,-0.022720465436577797,0.257058322429657,0.4858018159866333,-0.05329294502735138,0.25690075755119324,0.5173026323318481,-0.07751753181219101,0.25194352865219116,0.5584229230880737,-0.08905895799398422,0.2162618339061737,0.5016844868659973,-0.02236088365316391,0.22318953275680542,0.4182703495025635,-0.039423346519470215,0.22695499658584595,0.3636969327926636,-0.053048208355903625,0.23047028481960297,0.3113086521625519,-0.0625709742307663,0.19119331240653992,0.5037150382995605,-0.027244582772254944,0.19239561259746552,0.4134367108345032,-0.04353310167789459,0.19228698313236237,0.35349738597869873,-0.05595574527978897,0.1946856528520584,0.2992488145828247,-0.06381449848413467,0.16487722098827362,0.5279825925827026,-0.03465374931693077,0.15278634428977966,0.46143606305122375,-0.04583895951509476,0.14702123403549194,0.41368335485458374,-0.05045512691140175,0.14502476155757904,0.36838990449905396,-0.0534982904791832
F,0.20795990526676178,0.7127947211265564,1.7671209207037464e-07,0.23503343760967255,0.6885005235671997,-0.031610794365406036,0.25638720393180847,0.6474664211273193,-0.05018503591418266,0.25960099697113037,0.6069556474685669,-0.06650692224502563,0.24510204792022705,0.5707805156707764,-0.08067689090967178,0.23877792060375214,0.5222316384315491,-0.02539018541574478,0.25461116433143616,0.48604896664619446,-0.056000981479883194,0.25320032238960266,0.5223323702812195,-0.08020354807376862,0.246844083070755,0.5637329816818237,-0.09178221225738525,0.21453483402729034,0.5013694167137146,-0.02249993197619915,0.22076009213924408,0.41570886969566345,-0.03946564346551895,0.22331219911575317,0.3607504069805145,-0.053183663636446,0.22531428933143616,0.30825117230415344,-0.06273014843463898,0.18990929424762726,0.5048122406005859,-0.02523774839937687,0.19199439883232117,0.41560304164886475,-0.042035192251205444,0.1924179196357727,0.3564223051071167,-0.055038657039403915,0.19446620345115662,0.30146318674087524,-0.06314148753881454,0.16409626603126526,0.5293613076210022,-0.030859259888529778,0.15630389750003815,0.461661159992218,-0.04235086217522621,0.15194973349571228,0.4150524437427521,-0.04738615080714226,0.15006448328495026,0.36951351165771484,-0.05081043392419815
F,0.21454598009586334,0.7129911184310913,2.3321776154716645e-07,0.24522684514522552,0.684486985206604,-0.025895271450281143,0.2672642171382904,0.6443638801574707,-0.0419781357049942,0.2739546000957489,0.6009879112243652,-0.057301126420497894,0.26675233244895935,0.5547779202461243,-0.07089827954769135,0.24998918175697327,0.5219427943229675,-0.01813783310353756,0.26667407155036926,0.47743701934814453,-0.04769335687160492,0.26907145977020264,0.49825331568717957,-0.07154835015535355,0.2665325105190277,0.5325860381126404,-0.08295943588018417,0.22668921947479248,0.4983295798301697,-0.01845698244869709,0.23858314752578735,0.4073278307914734,-0.03490666300058365,0.2468627393245697,0.3461242914199829,-0.04883650317788124,0.2544595003128052,0.28969645500183105,-0.0585266537964344,0.20217546820640564,0.4985749125480652,-0.024244042113423347,0.20668111741542816,0.4086187481880188,-0.04066137969493866,0.20970217883586884,0.34980010986328125,-0.05347771197557449,0.21447065472602844,0.29821670055389404,-0.06131627783179283,0.17609155178070068,0.5206903219223022,-0.03266049548983574,0.16833123564720154,0.45149344205856323,-0.04416333884000778,0.1655527651309967,0.4041912853717804,-0.0486241839826107,0.16559690237045288,0.35947245359420776,-0.0514402762055397
F,0.2301034778356552,0.7281951308250427,2.050855130164564e-07,0.26232218742370605,0.700849175453186,-0.024579383432865143,0.28614604473114014,0.6635000109672546,-0.04078292474150658,0.29825952649116516,0.6245827674865723,-0.056606028228998184,0.2955072522163391,0.5784980654716492,-0.07059284299612045,0.2679421603679657,0.5331596732139587,-0.01845821738243103,0.28671056032180786,0.48884883522987366,-0.04944600537419319,0.2906244695186615,0.5183407068252563,-0.07515266537666321,0.28907841444015503,0.5557796955108643,-0.0879407599568367,0.24340887367725372,0.5081936120986938,-0.01997683383524418,0.25318455696105957,0.41830679774284363,-0.03816261142492294,0.2607550024986267,0.35608458518981934,-0.05467962473630905,0.26713505387306213,0.29790621995925903,-0.06643610447645187,0.21701999008655548,0.5089303851127625,-0.026695262640714645,0.2191772162914276,0.41650253534317017,-0.04422958567738533,0.22083856165409088,0.35393068194389343,-0.05846242979168892,0.22454211115837097,0.297141969203949,-0.06729316711425781,0.1897958666086197,0.5326297283172607,-0.0358068123459816,0.17937567830085754,0.46050187945365906,-0.04788903892040253,0.17558759450912476,0.4101717472076416,-0.052612852305173874,0.17494440078735352,0.36260998249053955,-0.05552487447857857
F,0.24998578429222107,0.6983867287635803,2.6809090059032314e-07,0.28665849566459656,0.6642698645591736,-0.02004902809858322,0.31372106075286865,0.624354898929596,-0.03472167253494263,0.33040663599967957,0.5839375257492065,-0.05041836202144623,0.3333435654640198,0.5372440218925476,-0.06469418108463287,0.29373911023139954,0.4945333003997803,-0.011195041239261627,0.31775712966918945,0.4478781819343567,-0.04340363293886185,0.32697445154190063,0.4701727628707886,-0.0704820528626442,0.3295300602912903,0.5074054598808289,-0.08377865701913834,0.2693862318992615,0.4667929410934448,-0.015370277687907219,0.28448835015296936,0.3702005445957184,-0.03358623757958412,0.29616814851760864,0.3056495785713196,-0.050330232828855515,0.30657994747161865,0.24734395742416382,-0.06201300770044327,0.2417229562997818,0.464679092168808,-0.02503245696425438,0.24710971117019653,0.3636893033981323,-0.04303424060344696,0.250803679227829,0.2978549897670746,-0.05791741609573364,0.25719550251960754,0.24052110314369202,-0.06693684309720993,0.21171100437641144,0.48646461963653564,-0.03686664626002312,0.20135211944580078,0.4094313383102417,-0.04960405081510544,0.19760823249816895,0.35631632804870605,-0.05489783361554146,0.1979953646659851,0.3063475787639618,-0.057972975075244904
F,0.248627170920372,0.6950777173042297,3.016041318915086e-07,0.2891148030757904,0.6570336818695068,-0.021800242364406586,0.3186747133731842,0.6155324578285217,-0.03834773600101471,0.33661383390426636,0.5759456157684326,-0.05579167976975441,0.3399308919906616,0.5276954174041748,-0.07154765725135803,0.2910062372684479,0.4755180776119232,-0.014619752764701843,0.3193134367465973,0.42421042919158936,-0.05108211934566498,0.3315882086753845,0.4539831280708313,-0.08126292377710342,0.33561551570892334,0.49590864777565,-0.09588481485843658,0.26481133699417114,0.44807660579681396,-0.019454075023531914,0.2814963459968567,0.34163516759872437,-0.041134677827358246,0.2952716648578644,0.27019262313842773,-0.06036175787448883,0.3070535361766815,0.20623639225959778,-0.0735173150897026,0.23533545434474945,0.4481807351112366,-0.030163729563355446,0.23976144194602966,0.33499401807785034,-0.05143209919333458,0.24381589889526367,0.26123589277267456,-0.06904157996177673,0.2507725954055786,0.19706851243972778,-0.07945018261671066,0.2042502760887146,0.4739370346069336,-0.04298428073525429,0.19148103892803192,0.38972049951553345,-0.05745982378721237,0.18722161650657654,0.33113613724708557,-0.06386589258909225,0.1876322329044342,0.2753547132015228,-0.0676153153181076
F,0.24768121540546417,0.7012999057769775,2.9327998163353186e-07,0.2897833287715912,0.6660410165786743,-0.025796808302402496,0.3236021399497986,0.6231048107147217,-0.04539155960083008,0.3431096374988556,0.5837743282318115,-0.06511668860912323,0.344200074672699,0.5353323817253113,-0.08294631540775299,0.2958499491214752,0.4719369411468506,-0.0240356232970953,0.32477664947509766,0.418474406003952,-0.06439972668886185,0.33697783946990967,0.45754897594451904,-0.0964108407497406,0.3398396670818329,0.5065690875053406,-0.11182501167058945,0.2654879093170166,0.44341662526130676,-0.02856951579451561,0.2802521288394928,0.331855446100235,-0.05340977758169174,0.2933957278728485,0.2584177553653717,-0.07407621294260025,0.3041286766529083,0.19251039624214172,-0.08831479400396347,0.23242796957492828,0.44580185413360596,-0.03910062089562416,0.23559162020683289,0.3275134563446045,-0.06294503808021545,0.23907233774662018,0.24911196529865265,-0.08213617652654648,0.245006263256073,0.18081122636795044,-0.09367453306913376,0.19903922080993652,0.4754207134246826,-0.05191400647163391,0.18431110680103302,0.38433611392974854,-0.06823360174894333,0.17948472499847412,0.321893572807312,-0.07575757056474686,0.17976048588752747,0.26325753331184387,-0.08037012815475464
F,0.24921810626983643,0.7022297382354736,3.113570414825517e-07,0.29243019223213196,0.6664372086524963,-0.03030952252447605,0.3287715017795563,0.6215784549713135,-0.052812907844781876,0.34909215569496155,0.5813328623771667,-0.07488293945789337,0.34627410769462585,0.5325299501419067,-0.09486763924360275,0.29513171315193176,0.45947161316871643,-0.02967582270503044,0.3253178596496582,0.40342772006988525,-0.07346782833337784,0.3381655812263489,0.44544121623039246,-0.10739275068044662,0.34087860584259033,0.49791234731674194,-0.1235857829451561,0.2633080780506134,0.4323110282421112,-0.03303990885615349,0.27797195315361023,0.31832534074783325,-0.06013967841863632,0.2907400131225586,0.24265864491462708,-0.08241947740316391,0.3004136085510254,0.17397016286849976,-0.09781953692436218,0.2294136881828308,0.4373420476913452,-0.04290493577718735,0.23118111491203308,0.3144680857658386,-0.06855545192956924,0.2348557561635971,0.23357300460338593,-0.08926108479499817,0.2406027913093567,0.1628534197807312,-0.10184864699840546,0.1954883188009262,0.4710056483745575,-0.055435847491025925,0.1792210340499878,0.37738940119743347,-0.07332680374383926,0.1730310171842575,0.3114951252937317,-0.08241718262434006,0.17159032821655273,0.249471977353096,-0.08820029348134995
F,0.25107651948928833,0.6961971521377563,2.9315123128981213e-07,0.2963091731071472,0.6585586667060852,-0.03046008013188839,0.33513736724853516,0.6084809899330139,-0.05225398764014244,0.35561704635620117,0.5621916055679321,-0.07344426214694977,0.3567982316017151,0.509941577911377,-0.09206142276525497,0.3017926812171936,0.4444853365421295,-0.029707714915275574,0.3337622880935669,0.38713520765304565,-0.07358517497777939,0.34727248549461365,0.43633565306663513,-0.10690506547689438,0.3502048850059509,0.4926360547542572,-0.12266892939805984,0.2681019604206085,0.4155280292034149,-0.03315909951925278,0.28218820691108704,0.29998865723609924,-0.061011187732219696,0.2958887815475464,0.2241346389055252,-0.08307721465826035,0.3067231774330139,0.1542874574661255,-0.09812798351049423,0.23255424201488495,0.42124706506729126,-0.04316478967666626,0.23357798159122467,0.2949695587158203,-0.06993411481380463,0.23766618967056274,0.21240143477916718,-0.09081266820430756,0.24446842074394226,0.1384854018688202,-0.10330019891262054,0.19720953702926636,0.4568019211292267,-0.05576358363032341,0.18075719475746155,0.36147990822792053,-0.07473381608724594,0.17482416331768036,0.2943037748336792,-0.08410297334194183,0.17392849922180176,0.23018991947174072,-0.08980800211429596
F,0.24990524351596832,0.7041811347007751,3.309469036594237e-07,0.29549640417099,0.6679866313934326,-0.03229757025837898,0.3335307240486145,0.6235731840133667,-0.055815473198890686,0.35586851835250854,0.5811010599136353,-0.07882863283157349,0.3528832495212555,0.5300840735435486,-0.09953901916742325,0.29635852575302124,0.45180684328079224,-0.030098801478743553,0.3285326361656189,0.3950846791267395,-0.07464291900396347,0.3430388271808624,0.44069212675094604,-0.10921517759561539,0.34695160388946533,0.49466440081596375,-0.12569047510623932,0.2632276713848114,0.4241512715816498,-0.033069584518671036,0.27765899896621704,0.309037446975708,-0.060970522463321686,0.29081299901008606,0.2325463742017746,-0.08391189575195312,0.3011932969093323,0.1613176465034485,-0.09974925220012665,0.22771327197551727,0.4300662577152252,-0.042847923934459686,0.2300284504890442,0.3031452000141144,-0.06962613761425018,0.23315848410129547,0.21911503374576569,-0.09125541150569916,0.238947793841362,0.14437082409858704,-0.10433878749608994,0.19159714877605438,0.46513447165489197,-0.05541473254561424,0.17450818419456482,0.3685963749885559,-0.07395133376121521,0.16800671815872192,0.30065059661865234,-0.0835324227809906,0.167227640748024,0.23632442951202393,-0.08960471302270889
F,0.26089903712272644,0.7073620557785034,3.354134037181211e-07,0.3085295557975769,0.6707415580749512,-0.03099844418466091,0.3496725261211395,0.6241565942764282,-0.05315450578927994,0.37292617559432983,0.5789223909378052,-0.07468853890895844,0.37021133303642273,0.5267089605331421,-0.09379744529724121,0.3106728792190552,0.45705294609069824,-0.02875637263059616,0.34576213359832764,0.40116041898727417,-0.07204359769821167,0.3622855246067047,0.4476766884326935,-0.1057555228471756,0.3658865690231323,0.5021898150444031,-0.12170284241437912,0.2782348096370697,0.4272553324699402,-0.031718432903289795,0.29449015855789185,0.3121159076690674,-0.058544207364320755,0.3099892735481262,0.23516742885112762,-0.08115151524543762,0.3216753304004669,0.1650678515434265,-0.09689746052026749,0.24277718365192413,0.43100401759147644,-0.04120330139994621,0.24652819335460663,0.3054995536804199,-0.06714189797639847,0.25143319368362427,0.22178801894187927,-0.08868128806352615,0.25805360078811646,0.1488419473171234,-0.10175416618585587,0.20663270354270935,0.4626139998435974,-0.053322769701480865,0.19062165915966034,0.3652288615703583,-0.07152757793664932,0.18494188785552979,0.2985427975654602,-0.080856092274189,0.1842687875032425,0.23603351414203644,-0.08670040220022202
F,0.2752944529056549,0.7034273743629456,3.1161022207015776e-07,0.32061076164245605,0.666588544845581,-0.02295469120144844,0.35817742347717285,0.6222575902938843,-0.04147430509328842,0.38203561305999756,0.5840578079223633,-0.06080586090683937,0.38508182764053345,0.5336031317710876,-0.07821290194988251,0.32101839780807495,0.46705514192581177,-0.021110085770487785,0.3563460409641266,0.41521361470222473,-0.0627015084028244,0.3748660981655121,0.45533543825149536,-0.09614592045545578,0.38151851296424866,0.5026952028274536,-0.11229214072227478,0.2911396920681,0.43940094113349915,-0.027327191084623337,0.3082183599472046,0.3291013240814209,-0.05279754474759102,0.3264467716217041,0.25692665576934814,-0.0742073580622673,0.34109604358673096,0.18991613388061523,-0.08894935995340347,0.25805315375328064,0.4426784813404083,-0.039452552795410156,0.2625234127044678,0.3213427662849426,-0.06412242352962494,0.2692473828792572,0.24340210855007172,-0.08332999795675278,0.27741217613220215,0.17406681180000305,-0.09459836781024933,0.22461813688278198,0.473145991563797,-0.05366729199886322,0.21003055572509766,0.3802614212036133,-0.07087263464927673,0.20512142777442932,0.3156769275665283,-0.07865551114082336,0.20504240691661835,0.25363922119140625,-0.08318678289651871
F,0.3022978901863098,0.7116214036941528,3.0933799166632525e-07,0.34486573934555054,0.6730421185493469,-0.018115289509296417,0.3796434700489044,0.6276707649230957,-0.033278584480285645,0.40676724910736084,0.5930042862892151,-0.049366701394319534,0.4189737141132355,0.5503053665161133,-0.06377992033958435,0.3477914035320282,0.49372586607933044,-0.014669547788798809,0.3819545805454254,0.44747546315193176,-0.05045517534017563,0.39959096908569336,0.47962871193885803,-0.07986034452915192,0.4075545072555542,0.5208069086074829,-0.09441019594669342,0.32136043906211853,0.46833154559135437,-0.0209981519728899,0.3402174115180969,0.36834055185317993,-0.042805351316928864,0.35974493622779846,0.30549532175064087,-0.06141763925552368,0.3768876791000366,0.2496826946735382,-0.074320487678051,0.2907303273677826,0.4692864418029785,-0.03261643648147583,0.2988969683647156,0.35836994647979736,-0.05427171662449837,0.30790233612060547,0.28738582134246826,-0.07179983705282211,0.3185349702835083,0.22552302479743958,-0.08229000121355057,0.25907301902770996,0.49389296770095825,-0.04585625231266022,0.24887773394584656,0.4099256098270416,-0.061621155589818954,0.24502572417259216,0.352317750453949,-0.06886212527751923,0.2451118528842926,0.29672694206237793,-0.07313928753137589
F,0.31025683879852295,0.6882988214492798,2.9398799483715266e-07,0.3519577085971832,0.65008544921875,-0.01725861430168152,0.38691064715385437,0.6049625873565674,-0.030662715435028076,0.41227906942367554,0.5673973560333252,-0.04510296881198883,0.4206777513027191,0.5214430093765259,-0.05791568383574486,0.3548184037208557,0.47561824321746826,-0.011976921930909157,0.3864302635192871,0.42882224917411804,-0.045191019773483276,0.40471726655960083,0.45898354053497314,-0.0730585977435112,0.41453665494918823,0.49662038683891296,-0.08708381652832031,0.32980209589004517,0.45189422369003296,-0.017751501873135567,0.348252534866333,0.35855257511138916,-0.037872832268476486,0.36704328656196594,0.2996790409088135,-0.056014515459537506,0.383745402097702,0.24609823524951935,-0.0687490776181221,0.3009907603263855,0.4528108537197113,-0.028599902987480164,0.30863767862319946,0.3475491404533386,-0.04840191453695297,0.3169146180152893,0.2809510827064514,-0.06447204202413559,0.3275570869445801,0.2225770652294159,-0.07417216151952744,0.27097180485725403,0.4757755696773529,-0.041197773069143295,0.2616771161556244,0.3955082595348358,-0.055720943957567215,0.2585301399230957,0.3400316536426544,-0.062294796109199524,0.2597595453262329,0.28707700967788696,-0.06610137969255447
F,0.30201777815818787,0.6821651458740234,2.303537627312835e-07,0.33980435132980347,0.6536710858345032,-0.020253535360097885,0.371665358543396,0.6166796684265137,-0.034536514431238174,0.39085477590560913,0.579616904258728,-0.049420315772295,0.39556851983070374,0.5327153205871582,-0.06254731863737106,0.34996718168258667,0.48176974058151245,-0.012992864474654198,0.3766630291938782,0.4343213438987732,-0.04505510628223419,0.3874483108520508,0.46727389097213745,-0.07167088240385056,0.39061594009399414,0.5092321038246155,-0.08469636738300323,0.3250214159488678,0.4551578462123871,-0.016478639096021652,0.34084004163742065,0.3673216700553894,-0.035249024629592896,0.3538249135017395,0.3116869330406189,-0.05247720703482628,0.3650476634502411,0.26055192947387695,-0.06461824476718903,0.2965439558029175,0.45439857244491577,-0.025293203070759773,0.3032674789428711,0.35475051403045654,-0.04373767226934433,0.3072810471057892,0.2904433608055115,-0.059288010001182556,0.3138534426689148,0.23297655582427979,-0.06884070485830307,0.26622745394706726,0.4770881235599518,-0.03609161451458931,0.256333589553833,0.3998532295227051,-0.049606919288635254,0.25244006514549255,0.3467922806739807,-0.056082598865032196,0.25288066267967224,0.2960436940193176,-0.05989997461438179
F,0.29303234815597534,0.625005304813385,1.8890621333866875e-07,0.3262854516506195,0.6035257577896118,-0.031246719881892204,0.3536933362483978,0.5691889524459839,-0.05215495452284813,0.36541154980659485,0.5278317928314209,-0.0721907988190651,0.35757923126220703,0.4786865711212158,-0.09053464233875275,0.3493165969848633,0.431649774312973,-0.025960633531212807,0.36675262451171875,0.3855455219745636,-0.05862608924508095,0.36396822333335876,0.4120589792728424,-0.08387421816587448,0.3562423288822174,0.4548570513725281,-0.09618750959634781,0.32242244482040405,0.40010225772857666,-0.025090564042329788,0.33572739362716675,0.3098903298377991,-0.04299395531415939,0.34082311391830444,0.2563064992427826,-0.057197630405426025,0.3458416759967804,0.20393960177898407,-0.06733129918575287,0.29386404156684875,0.3947182893753052,-0.03019995242357254,0.29960545897483826,0.2959134578704834,-0.04757275432348251,0.3013949990272522,0.23086372017860413,-0.060938555747270584,0.3057596981525421,0.17314162850379944,-0.06986894458532333,0.26250413060188293,0.4144778251647949,-0.03843024745583534,0.2548004686832428,0.33689552545547485,-0.0514330118894577,0.25204721093177795,0.2831553816795349,-0.05758274346590042,0.252950519323349,0.23396366834640503,-0.061896298080682755
F,0.297709196805954,0.6065030694007874,2.3379166691483988e-07,0.3344290256500244,0.5798457860946655,-0.024402353912591934,0.36283236742019653,0.544573187828064,-0.04180610924959183,0.37749582529067993,0.5018858909606934,-0.05938185006380081,0.37812477350234985,0.452216237783432,-0.07525800168514252,0.35293927788734436,0.40834853053092957,-0.01758871227502823,0.3738434314727783,0.35505759716033936,-0.04908398538827896,0.37741947174072266,0.37186551094055176,-0.07407237589359283,0.37420403957366943,0.41074928641319275,-0.08598250895738602,0.3269296884536743,0.3782288432121277,-0.01881895773112774,0.34171798825263977,0.28830328583717346,-0.036428749561309814,0.35134294629096985,0.23267127573490143,-0.05057777091860771,0.3595998287200928,0.1845088005065918,-0.060191284865140915,0.29877957701683044,0.37378451228141785,-0.025670230388641357,0.30470147728919983,0.2751832604408264,-0.042257942259311676,0.3086160123348236,0.21122126281261444,-0.05454272776842117,0.31496164202690125,0.15767088532447815,-0.062146205455064774,0.26799434423446655,0.39395302534103394,-0.03515637293457985,0.26003924012184143,0.31680169701576233,-0.04757000878453255,0.25760868191719055,0.2633347511291504,-0.05284501984715462,0.25884419679641724,0.21528908610343933,-0.05579959601163864
F,0.3057234287261963,0.6024612188339233,2.8900166171297315e-07,0.34609419107437134,0.5673669576644897,-0.017162736505270004,0.37840789556503296,0.5271511673927307,-0.030681714415550232,0.4011695086956024,0.49043723940849304,-0.045143771916627884,0.4092089533805847,0.4463956654071808,-0.058099593967199326,0.35188722610473633,0.4046410620212555,-0.012352362275123596,0.3827401101589203,0.3598577678203583,-0.04462035745382309,0.3994768261909485,0.3871387541294098,-0.07133077830076218,0.40701422095298767,0.4235649108886719,-0.08448676019906998,0.3292892873287201,0.37832367420196533,-0.01752287708222866,0.3491289019584656,0.28684937953948975,-0.037126392126083374,0.3690376281738281,0.2295006513595581,-0.054225217550992966,0.38607797026634216,0.1781708002090454,-0.0659775584936142,0.30262064933776855,0.37626105546951294,-0.0275619737803936,0.3101584315299988,0.2767032980918884,-0.046321067959070206,0.31858739256858826,0.21475273370742798,-0.060661621391773224,0.32890090346336365,0.16175636649131775,-0.0690154880285263,0.2740730345249176,0.3961731791496277,-0.039422400295734406,0.2666914165019989,0.31874191761016846,-0.05244114249944687,0.2641187310218811,0.26581907272338867,-0.05749042332172394,0.2649853527545929,0.21733523905277252,-0.060171402990818024
F,0.309995174407959,0.5990598201751709,3.1376700349028397e-07,0.3495576083660126,0.5602594017982483,-0.014455934055149555,0.38245996832847595,0.5145699977874756,-0.027237359434366226,0.4077881872653961,0.4777730107307434,-0.04116833955049515,0.42570534348487854,0.4368687868118286,-0.05404498800635338,0.35168153047561646,0.39878761768341064,-0.011521642096340656,0.3851943016052246,0.357294499874115,-0.040976520627737045,0.40782591700553894,0.37761256098747253,-0.06535763293504715,0.4225711524486542,0.40736061334609985,-0.07806161046028137,0.33038705587387085,0.3752356171607971,-0.017979474738240242,0.34938380122184753,0.2868756055831909,-0.03714345395565033,0.37176746129989624,0.2339138686656952,-0.05269840732216835,0.39170655608177185,0.1884566992521286,-0.06318455189466476,0.3052816390991211,0.3766726553440094,-0.028731105849146843,0.31119221448898315,0.2779156267642975,-0.04777970165014267,0.3210318386554718,0.2162804752588272,-0.06109313294291496,0.33284109830856323,0.1632230281829834,-0.06868458539247513,0.2792695164680481,0.39959728717803955,-0.040904298424720764,0.271016001701355,0.32346418499946594,-0.055156927555799484,0.2682875394821167,0.2697160840034485,-0.06023101881146431,0.2691118121147156,0.22047489881515503,-0.06274121254682541
F,0.30859071016311646,0.6096214056015015,3.0757027502659184e-07,0.34845325350761414,0.5646312236785889,-0.010507670231163502,0.38207390904426575,0.5033265948295593,-0.020383376628160477,0.4105532765388489,0.4631587862968445,-0.03192894533276558,0.43406444787979126,0.425283282995224,-0.04262986406683922,0.346206933259964,0.40205228328704834,-0.008167696185410023,0.38011080026626587,0.35814136266708374,-0.03477304428815842,0.4059578776359558,0.3732004165649414,-0.05618998035788536,0.42459389567375183,0.39786297082901,-0.06748580932617188,0.32692861557006836,0.3835926055908203,-0.016517508774995804,0.34468400478363037,0.2923835515975952,-0.03448652848601341,0.36915460228919983,0.23727749288082123,-0.048462770879268646,0.3915429711341858,0.19146355986595154,-0.057724419981241226,0.304532527923584,0.38962146639823914,-0.028807753697037697,0.30951711535453796,0.2877865433692932,-0.047025345265865326,0.32030636072158813,0.22207675874233246,-0.059784915298223495,0.3331049978733063,0.165745347738266,-0.06723637878894806,0.2825216054916382,0.415147066116333,-0.042208246886730194,0.27362391352653503,0.3392280638217926,-0.05655800923705101,0.27057722210884094,0.28308549523353577,-0.06200452893972397,0.27088335156440735,0.23156173527240753,-0.06499206274747849
F,0.3063364624977112,0.6290609240531921,3.1277730272449844e-07,0.34402865171432495,0.576970100402832,-0.009958060458302498,0.3758166432380676,0.5072017908096313,-0.019642610102891922,0.4055916666984558,0.46419650316238403,-0.03135620430111885,0.43085554242134094,0.42705869674682617,-0.04251827672123909,0.33725646138191223,0.4104651212692261,-0.007514661177992821,0.3732720911502838,0.3610548675060272,-0.03461384028196335,0.4006054401397705,0.37507718801498413,-0.056112490594387054,0.42043644189834595,0.4011865556240082,-0.06715680658817291,0.3189454972743988,0.39441537857055664,-0.016381345689296722,0.33539944887161255,0.3000398874282837,-0.03482271730899811,0.36035293340682983,0.2426319569349289,-0.04860295355319977,0.3835979700088501,0.19614826142787933,-0.05740106478333473,0.2977876365184784,0.40484026074409485,-0.029336242005228996,0.29954683780670166,0.3001691997051239,-0.047939516603946686,0.31036093831062317,0.23148033022880554,-0.06078183278441429,0.32334473729133606,0.1721440851688385,-0.06816364079713821,0.2775540053844452,0.4348207116127014,-0.04339651018381119,0.2674868702888489,0.35847270488739014,-0.05798297002911568,0.26417428255081177,0.30016231536865234,-0.06348472833633423,0.26405322551727295,0.24648165702819824,-0.06652805209159851
F,0.30331963300704956,0.6162450909614563,3.3985531899816124e-07,0.34395983815193176,0.565852165222168,-0.010333389043807983,0.3769631087779999,0.5041406750679016,-0.020968953147530556,0.404626727104187,0.4632592797279358,-0.03356366604566574,0.4259795546531677,0.42286327481269836,-0.04538565129041672,0.3400018513202667,0.39830902218818665,-0.007141490001231432,0.3746933043003082,0.3559885323047638,-0.035263027995824814,0.40013012290000916,0.370707631111145,-0.05877044051885605,0.4184871315956116,0.39768633246421814,-0.07119367271661758,0.31878772377967834,0.378670871257782,-0.015975184738636017,0.33687612414360046,0.28310441970825195,-0.03406462073326111,0.3604361414909363,0.22325383126735687,-0.04872986301779747,0.3823932111263275,0.17241674661636353,-0.05854233354330063,0.29465481638908386,0.3851945698261261,-0.02890920080244541,0.2971497178077698,0.27972811460494995,-0.04713861644268036,0.3058207035064697,0.2126808911561966,-0.05982954055070877,0.3175564706325531,0.15489614009857178,-0.06721141189336777,0.27116668224334717,0.41285619139671326,-0.043021731078624725,0.2601523995399475,0.3357718586921692,-0.05696392431855202,0.25628232955932617,0.2806304693222046,-0.061281755566596985,0.2565084993839264,0.2285420298576355,-0.06343775242567062
F,0.3140961825847626,0.5674737691879272,3.1437789971278107e-07,0.3536653220653534,0.5350453853607178,-0.015894701704382896,0.38781145215034485,0.4882248640060425,-0.027660606428980827,0.41245734691619873,0.44867363572120667,-0.04055523872375488,0.42597126960754395,0.40529710054397583,-0.052387066185474396,0.36241722106933594,0.36923474073410034,-0.010654112324118614,0.39460787177085876,0.32743093371391296,-0.040684621781110764,0.41191551089286804,0.3468160331249237,-0.06601721048355103,0.4209457039833069,0.3772951364517212,-0.07879948616027832,0.33997079730033875,0.3424169719219208,-0.0165948998183012,0.362415075302124,0.24887727200984955,-0.03456323593854904,0.37900933623313904,0.1848783940076828,-0.05103267729282379,0.3918028473854065,0.12794777750968933,-0.06239917129278183,0.3132164776325226,0.3402060866355896,-0.02710416354238987,0.3214538097381592,0.23853006958961487,-0.04517695680260658,0.32736268639564514,0.17408113181591034,-0.05947134643793106,0.33443766832351685,0.11806628108024597,-0.06786587834358215,0.28375765681266785,0.3608182370662689,-0.03927585110068321,0.27602672576904297,0.28375595808029175,-0.052594609558582306,0.27335062623023987,0.23186013102531433,-0.05739748105406761,0.2744123339653015,0.18274515867233276,-0.059837546199560165
F,0.33118095993995667,0.5765358209609985,2.569794332885067e-07,0.3679724335670471,0.5519758462905884,-0.022604845464229584,0.397684782743454,0.5192015171051025,-0.03924904391169548,0.41658976674079895,0.4839704632759094,-0.05616999417543411,0.4201882481575012,0.4367145299911499,-0.07146794348955154,0.3871510922908783,0.3824894428253174,-0.019020648673176765,0.41524940729141235,0.33865654468536377,-0.05354245379567146,0.42321836948394775,0.36996525526046753,-0.08149910718202591,0.42261919379234314,0.41124048829078674,-0.0949074923992157,0.36365291476249695,0.3510814607143402,-0.022568488493561745,0.3837597966194153,0.25448116660118103,-0.0425223745405674,0.3974078893661499,0.19054239988327026,-0.059790853410959244,0.4082241654396057,0.13278785347938538,-0.07174898684024811,0.3355194330215454,0.34673652052879333,-0.03142968565225601,0.3440435826778412,0.24509544670581818,-0.05021876096725464,0.349621444940567,0.17856819927692413,-0.06497423350811005,0.3572964370250702,0.1200782060623169,-0.07388358563184738,0.3043348789215088,0.3662102222442627,-0.042560018599033356,0.297471284866333,0.28589028120040894,-0.05542344972491264,0.2962656617164612,0.23217761516571045,-0.060260139405727386,0.2990972399711609,0.18195953965187073,-0.0629781186580658
F,0.32490941882133484,0.5594112277030945,2.746477605342079e-07,0.3598667085170746,0.5371912121772766,-0.02814534120261669,0.3903341293334961,0.5057723522186279,-0.048227690160274506,0.4108613431453705,0.46952033042907715,-0.06807979941368103,0.4063463509082794,0.42287421226501465,-0.08610149472951889,0.38687172532081604,0.35898274183273315,-0.022988684475421906,0.4104367196559906,0.3157086968421936,-0.05746542289853096,0.41261038184165955,0.34365513920783997,-0.0847882479429245,0.4075889587402344,0.38523727655410767,-0.09782780706882477,0.3613707423210144,0.3246143162250519,-0.024158071726560593,0.3815911114215851,0.2290453016757965,-0.043871186673641205,0.3933309316635132,0.1644531786441803,-0.0602196529507637,0.403369665145874,0.10336199402809143,-0.07143787294626236,0.3317829966545105,0.31696534156799316,-0.031075922772288322,0.3419327139854431,0.21230648458003998,-0.04938262701034546,0.3479709029197693,0.14431257545948029,-0.06329678744077682,0.3565901517868042,0.08464115858078003,-0.07193881273269653,0.2982212007045746,0.33480021357536316,-0.04089903458952904,0.29290875792503357,0.253570556640625,-0.05326107144355774,0.2922801971435547,0.1984022557735443,-0.05806906893849373,0.2960393726825714,0.14826399087905884,-0.06106174364686012
F,0.31538715958595276,0.5688086152076721,2.6492577376302506e-07,0.3526749908924103,0.5432707667350769,-0.032229673117399216,0.38403505086898804,0.5057742595672607,-0.054648950695991516,0.40482479333877563,0.46772870421409607,-0.07636360079050064,0.40116435289382935,0.41783320903778076,-0.09616723656654358,0.37625759840011597,0.3439713418483734,-0.02795320563018322,0.40097683668136597,0.2951097786426544,-0.06616819649934769,0.40425780415534973,0.32993704080581665,-0.09669853001832962,0.39894524216651917,0.3770054280757904,-0.11152902245521545,0.3485186994075775,0.3097715973854065,-0.02866383269429207,0.3672836124897003,0.2051662653684616,-0.05101901292800903,0.37800800800323486,0.13632546365261078,-0.0700952485203743,0.38627222180366516,0.07096093893051147,-0.08330170065164566,0.31691378355026245,0.3056010603904724,-0.035586949437856674,0.3263908624649048,0.19176380336284637,-0.05638772249221802,0.3316973149776459,0.11676919460296631,-0.0728273019194603,0.33897578716278076,0.05045619606971741,-0.08311688899993896,0.2819226086139679,0.3287810683250427,-0.04566353186964989,0.2747498154640198,0.23971393704414368,-0.059872739017009735,0.2729007601737976,0.1785377413034439,-0.06594874709844589,0.2754100561141968,0.1228904277086258,-0.0698576271533966
F,0.31115439534187317,0.6016378998756409,2.912022409873316e-07,0.35058727860450745,0.5749427080154419,-0.03570512309670448,0.3836885094642639,0.5386886596679688,-0.06122148782014847,0.40338248014450073,0.5001713037490845,-0.08585705608129501,0.3977234959602356,0.451444536447525,-0.1083713099360466,0.370211124420166,0.3695460557937622,-0.03229018673300743,0.39769503474235535,0.3195781707763672,-0.07427113503217697,0.40127262473106384,0.3566090762615204,-0.10681111365556717,0.3955329656600952,0.4099096655845642,-0.12239428609609604,0.3402132987976074,0.3366091251373291,-0.03229392319917679,0.3591594696044922,0.22956733405590057,-0.057391855865716934,0.3691790699958801,0.16165974736213684,-0.07762382179498672,0.37733346223831177,0.09814497828483582,-0.09149052202701569,0.30772125720977783,0.3339799642562866,-0.03905130922794342,0.3145526349544525,0.21760113537311554,-0.061672281473875046,0.31826093792915344,0.14114640653133392,-0.07855089753866196,0.3245907127857208,0.07399055361747742,-0.08911339938640594,0.2720467746257782,0.3604468107223511,-0.04933590441942215,0.26358136534690857,0.2698720395565033,-0.06417746841907501,0.26108288764953613,0.2067435085773468,-0.07052390277385712,0.26339030265808105,0.14839285612106323,-0.0747859925031662
F,0.34296128153800964,0.6283703446388245,2.219249353174746e-07,0.38257893919944763,0.603203296661377,-0.02284233458340168,0.4169267416000366,0.5662870407104492,-0.039783772081136703,0.4399677515029907,0.5316388607025146,-0.05709889903664589,0.4419177174568176,0.48822349309921265,-0.07229515165090561,0.39969441294670105,0.42401814460754395,-0.019385389983654022,0.43074652552604675,0.385232537984848,-0.05562184751033783,0.439505010843277,0.4360940456390381,-0.08453567326068878,0.4373856782913208,0.4869644045829773,-0.09827464073896408,0.3745475709438324,0.3916794955730438,-0.023635134100914,0.39446020126342773,0.29900050163269043,-0.0450180321931839,0.4107617735862732,0.23973673582077026,-0.0629887506365776,0.4229526221752167,0.18439741432666779,-0.07539518922567368,0.3443056046962738,0.38850152492523193,-0.03348921984434128,0.3536532521247864,0.28351157903671265,-0.0540524423122406,0.36104443669319153,0.21571899950504303,-0.07018387317657471,0.3688795566558838,0.15616890788078308,-0.07968363165855408,0.31215664744377136,0.4111868143081665,-0.045546311885118484,0.3053865432739258,0.32645106315612793,-0.05959286540746689,0.30397820472717285,0.2690965533256531,-0.06552885472774506,0.3053463101387024,0.21708707511425018,-0.06888970732688904
F,0.32652539014816284,0.7294988632202148,2.487946062501578e-07,0.36345481872558594,0.7019225358963013,-0.021685002371668816,0.392882764339447,0.6673874855041504,-0.03849099949002266,0.41171371936798096,0.6362074613571167,-0.05574214458465576,0.4088521897792816,0.5955344438552856,-0.07119684666395187,0.3639141023159027,0.5298057794570923,-0.018016038462519646,0.3909529745578766,0.49215996265411377,-0.051481906324625015,0.40387266874313354,0.5324668884277344,-0.07817574590444565,0.40739479660987854,0.5760570764541626,-0.09092891961336136,0.3394359052181244,0.5060722231864929,-0.022150976583361626,0.3538714647293091,0.4172191619873047,-0.042415913194417953,0.36676809191703796,0.3614284098148346,-0.05932574346661568,0.3774339258670807,0.3099425733089447,-0.07084305584430695,0.3113009035587311,0.5088931322097778,-0.03154044598340988,0.3147861659526825,0.4063073992729187,-0.0514785572886467,0.3183465003967285,0.3401448726654053,-0.06751203536987305,0.32355567812919617,0.2814849019050598,-0.07698850333690643,0.28257590532302856,0.5366814732551575,-0.0428774319589138,0.27222251892089844,0.4583529531955719,-0.056435998529195786,0.26834964752197266,0.40493690967559814,-0.06255989521741867,0.26796072721481323,0.35504448413848877,-0.0662091001868248
F,0.3286656439304352,0.7371410131454468,2.5304922246505157e-07,0.3642808794975281,0.704525351524353,-0.019374815747141838,0.3925926983356476,0.6664388179779053,-0.03386632353067398,0.4114832282066345,0.6281096935272217,-0.04899227246642113,0.411659300327301,0.5801870822906494,-0.0627911388874054,0.3626611530780792,0.5424232482910156,-0.013310262002050877,0.38927415013313293,0.49962317943573,-0.04482363536953926,0.40279364585876465,0.5255240797996521,-0.07086829841136932,0.40829768776893616,0.5608015060424805,-0.08375300467014313,0.33970925211906433,0.5186811089515686,-0.017381440848112106,0.35507896542549133,0.43061158061027527,-0.03660614416003227,0.3676888048648834,0.37461888790130615,-0.053394537419080734,0.37822484970092773,0.32431742548942566,-0.0649426132440567,0.3130478262901306,0.5201498866081238,-0.026590723544359207,0.3170070946216583,0.42109599709510803,-0.04582788795232773,0.32025232911109924,0.3559964597225189,-0.06163686141371727,0.3253672122955322,0.29811400175094604,-0.0711255818605423,0.284801721572876,0.545529305934906,-0.03756605088710785,0.2753676772117615,0.4711846709251404,-0.051191702485084534,0.2719261348247528,0.41936227679252625,-0.057554520666599274,0.27171388268470764,0.3699302077293396,-0.06143791973590851
F,0.314328670501709,0.731855034828186,2.500662219517835e-07,0.35127079486846924,0.6979689598083496,-0.015925627201795578,0.3807147443294525,0.6590335965156555,-0.027808215469121933,0.39903897047042847,0.6219828128814697,-0.04081529751420021,0.40283024311065674,0.5769032835960388,-0.05254163593053818,0.35140714049339294,0.5431854128837585,-0.008910763077437878,0.37621572613716125,0.4985029101371765,-0.037523891776800156,0.3920571506023407,0.5217432975769043,-0.0619501955807209,0.4009399712085724,0.5537301898002625,-0.07426557689905167,0.32833707332611084,0.5209001898765564,-0.013499348424375057,0.3413768410682678,0.4369598627090454,-0.030335864052176476,0.35402971506118774,0.3825340270996094,-0.046315405517816544,0.3650663495063782,0.3335804343223572,-0.057712528854608536,0.3018103241920471,0.5211144685745239,-0.022737083956599236,0.3052608072757721,0.42607879638671875,-0.039579957723617554,0.3082808256149292,0.3646528124809265,-0.05394154414534569,0.3139398396015167,0.31064268946647644,-0.06281911581754684,0.2736698389053345,0.5423991084098816,-0.03357740119099617,0.2640560567378998,0.47099441289901733,-0.04570096731185913,0.26050999760627747,0.4221611022949219,-0.05126006528735161,0.26088154315948486,0.3757302165031433,-0.05459638312458992
F,0.30151766538619995,0.7121511697769165,2.846505822162726e-07,0.33578747510910034,0.6682467460632324,-0.013315912336111069,0.36241772770881653,0.6126288771629333,-0.023706495761871338,0.3806900680065155,0.5666706562042236,-0.035173170268535614,0.3897981345653534,0.5212112665176392,-0.04561149328947067,0.3259500563144684,0.5149765014648438,-0.009047598578035831,0.3490767478942871,0.4670184850692749,-0.03616376966238022,0.3692038059234619,0.4803345203399658,-0.05866752564907074,0.38398322463035583,0.5030940175056458,-0.07036788016557693,0.3021782338619232,0.49870413541793823,-0.01480107195675373,0.3114778995513916,0.4125232994556427,-0.031984154134988785,0.32536831498146057,0.3585095703601837,-0.04631093516945839,0.33866196870803833,0.3089723587036133,-0.05604024976491928,0.27721142768859863,0.5064297914505005,-0.02462342195212841,0.27613332867622375,0.4112367033958435,-0.041950155049562454,0.27963966131210327,0.3507251739501953,-0.05400511249899864,0.28617703914642334,0.2951236963272095,-0.06102721765637398,0.2528294324874878,0.535591185092926,-0.03579279035329819,0.24388158321380615,0.46661853790283203,-0.04854167625308037,0.24067771434783936,0.4173305630683899,-0.05293569713830948,0.24132704734802246,0.3688107132911682,-0.05519949644804001
F,0.2971949875354767,0.7069892883300781,2.8628195991586836e-07,0.3304213285446167,0.6588202118873596,-0.012068061158061028,0.3551504611968994,0.600957453250885,-0.022220179438591003,0.3740222752094269,0.556462824344635,-0.03374462574720383,0.3851807713508606,0.5112245082855225,-0.044290609657764435,0.3170545995235443,0.5078186988830566,-0.00791398249566555,0.34153854846954346,0.4570731520652771,-0.03438879922032356,0.36284729838371277,0.47046101093292236,-0.05609160661697388,0.3781646490097046,0.49424421787261963,-0.06719259917736053,0.2945508062839508,0.49382275342941284,-0.014384719543159008,0.30382317304611206,0.4086481034755707,-0.031404804438352585,0.3183673620223999,0.35494664311408997,-0.04552433267235756,0.33171987533569336,0.3065139651298523,-0.055068910121917725,0.2708575129508972,0.5037732124328613,-0.0248732790350914,0.2691241204738617,0.40915632247924805,-0.041947104036808014,0.27284055948257446,0.34826529026031494,-0.0538821779191494,0.279133141040802,0.29314130544662476,-0.0608857087790966,0.24809135496616364,0.533931314945221,-0.03657291457056999,0.23857787251472473,0.4655730426311493,-0.04908299073576927,0.23577794432640076,0.41598930954933167,-0.053277626633644104,0.23676887154579163,0.3677319884300232,-0.05545935034751892
F,0.29241740703582764,0.7002068758010864,3.088034361553582e-07,0.3236108422279358,0.6476770639419556,-0.01202718261629343,0.34698906540870667,0.5886478424072266,-0.022593017667531967,0.3671908974647522,0.5443382263183594,-0.03464631736278534,0.378481924533844,0.4995182454586029,-0.04605019465088844,0.3063969314098358,0.5033922791481018,-0.007503129076212645,0.33208608627319336,0.4542132318019867,-0.03463348373770714,0.35422295331954956,0.46399423480033875,-0.0571151077747345,0.37154147028923035,0.4836428165435791,-0.06888121366500854,0.2850598394870758,0.49173370003700256,-0.014281632378697395,0.29300758242607117,0.40458399057388306,-0.032336317002773285,0.3077778220176697,0.3505726456642151,-0.04653097316622734,0.32239830493927,0.3027079105377197,-0.055655281990766525,0.2629780173301697,0.5045074224472046,-0.02518003061413765,0.25897395610809326,0.41040244698524475,-0.04329029843211174,0.2624059021472931,0.35013049840927124,-0.055021073669195175,0.26913297176361084,0.29469409584999084,-0.061433758586645126,0.2425270527601242,0.5368741154670715,-0.03728251904249191,0.23173847794532776,0.4715549647808075,-0.05047303065657616,0.22819764912128448,0.42309069633483887,-0.0545448437333107,0.22860191762447357,0.3750495910644531,-0.05645281448960304
F,0.29087594151496887,0.7038453817367554,3.102268237853423e-07,0.3191136121749878,0.6461495161056519,-0.010524574667215347,0.3416621685028076,0.580303966999054,-0.021531904116272926,0.3640136420726776,0.5350158214569092,-0.034351784735918045,0.37710317969322205,0.49093300104141235,-0.04644545167684555,0.2935698330402374,0.5021522045135498,-0.00833586510270834,0.3228864073753357,0.44805628061294556,-0.036869049072265625,0.3479616045951843,0.4612054228782654,-0.05934938043355942,0.3666185140609741,0.4846749007701874,-0.07065287232398987,0.27501943707466125,0.49683135747909546,-0.016617389395833015,0.2822389304637909,0.4079917073249817,-0.03676967695355415,0.3000696003437042,0.3541950583457947,-0.05124471336603165,0.317733496427536,0.3083941340446472,-0.0598766952753067,0.25643980503082275,0.5164952278137207,-0.02895098552107811,0.2497478574514389,0.42099830508232117,-0.048372652381658554,0.254256010055542,0.3597331643104553,-0.060272421687841415,0.2618536353111267,0.3032316565513611,-0.0664895698428154,0.24068017303943634,0.5541591644287109,-0.042316097766160965,0.22788110375404358,0.4902448356151581,-0.05648652836680412,0.2251424938440323,0.4402731657028198,-0.06114387884736061,0.22689427435398102,0.39069798588752747,-0.06330756843090057
F,0.29286086559295654,0.7060166001319885,3.086963999976433e-07,0.3191233277320862,0.6475129127502441,-0.009712179191410542,0.34089651703834534,0.5802811980247498,-0.02095094323158264,0.36436882615089417,0.5351473689079285,-0.03409281745553017,0.3801955282688141,0.49304383993148804,-0.04660406708717346,0.29192453622817993,0.5039557814598083,-0.008712406270205975,0.32222211360931396,0.44825634360313416,-0.036732736974954605,0.34877052903175354,0.4616283178329468,-0.0585658997297287,0.3682026267051697,0.4863881468772888,-0.06941674649715424,0.2748677432537079,0.4990273118019104,-0.017321208491921425,0.28312528133392334,0.40893059968948364,-0.03706396743655205,0.30194374918937683,0.3550858497619629,-0.05085252970457077,0.32023605704307556,0.3104560673236847,-0.058949001133441925,0.2577638030052185,0.5191373229026794,-0.029782768338918686,0.2518736720085144,0.42255109548568726,-0.04885849356651306,0.2574572265148163,0.36074256896972656,-0.06033856421709061,0.2656409740447998,0.3049943745136261,-0.06626199930906296,0.24379955232143402,0.5576022863388062,-0.043191611766815186,0.23127326369285583,0.49251681566238403,-0.057336676865816116,0.22922712564468384,0.4415128231048584,-0.06194804608821869,0.23153077065944672,0.39257586002349854,-0.06405844539403915
F,0.28674617409706116,0.7126520276069641,3.24204819435181e-07,0.3165684938430786,0.6598498821258545,-0.012107215821743011,0.33913367986679077,0.5970831513404846,-0.023367054760456085,0.35949546098709106,0.5512152910232544,-0.035962048918008804,0.3705390393733978,0.508169949054718,-0.04783444479107857,0.2943815588951111,0.5107390880584717,-0.008904831483960152,0.32075849175453186,0.4598428010940552,-0.03659757226705551,0.34381526708602905,0.46940457820892334,-0.05894167721271515,0.3617364764213562,0.49089229106903076,-0.07030356675386429,0.2727421224117279,0.5024030804634094,-0.01598895713686943,0.2789742052555084,0.41211315989494324,-0.03492152318358421,0.2947314977645874,0.3589128851890564,-0.04862344264984131,0.31056687235832214,0.3133414089679718,-0.05678626894950867,0.25104156136512756,0.5189515352249146,-0.0271134153008461,0.24459822475910187,0.4249318540096283,-0.045587074011564255,0.2486475110054016,0.36508533358573914,-0.05651656910777092,0.2560177445411682,0.30957168340682983,-0.06205522269010544,0.2314920276403427,0.5554059147834778,-0.039428018033504486,0.2179740071296692,0.4916944205760956,-0.05243716016411781,0.21469369530677795,0.44381874799728394,-0.05573900043964386,0.21605101227760315,0.3959366977214813,-0.05694057047367096
F,0.28172120451927185,0.7172906398773193,2.391918485500355e-07,0.31220555305480957,0.6720863580703735,-0.013114042580127716,0.33279943466186523,0.6229775547981262,-0.024496370926499367,0.34524986147880554,0.5822527408599854,-0.03723850101232529,0.3498295545578003,0.5388516187667847,-0.04895840957760811,0.29565396904945374,0.5180110931396484,-0.008194402791559696,0.31577444076538086,0.4679165482521057,-0.03619573265314102,0.33301985263824463,0.4830126166343689,-0.059289585798978806,0.34440141916275024,0.5107990503311157,-0.07076679170131683,0.2716176211833954,0.5057700872421265,-0.014384969137609005,0.2751513421535492,0.41858115792274475,-0.03186708688735962,0.285360723733902,0.3651561141014099,-0.046077292412519455,0.29489803314208984,0.31886351108551025,-0.05542583018541336,0.24690240621566772,0.5177973508834839,-0.024929754436016083,0.24055710434913635,0.4254949688911438,-0.042323317378759384,0.24061179161071777,0.36535874009132385,-0.05498405545949936,0.24346041679382324,0.3108755350112915,-0.06225232779979706,0.22345533967018127,0.5518643260002136,-0.03676187992095947,0.20771008729934692,0.48635536432266235,-0.04899497330188751,0.2014959156513214,0.4389566481113434,-0.053515687584877014,0.19908678531646729,0.3920586109161377,-0.05591646581888199
F,0.2762328088283539,0.7189908027648926,1.870241277401874e-07,0.3073250949382782,0.6798791885375977,-0.019158054143190384,0.3286025822162628,0.6351207494735718,-0.0326329804956913,0.3377726972103119,0.5925115942955017,-0.04684066399931908,0.3340681493282318,0.5476998090744019,-0.05955394357442856,0.299296498298645,0.5179247260093689,-0.010404817759990692,0.3145662248134613,0.46576860547065735,-0.03918531909584999,0.3227042555809021,0.4846663475036621,-0.06307820230722427,0.32644134759902954,0.51981520652771,-0.07490082830190659,0.2739502489566803,0.501781165599823,-0.013232524506747723,0.2773989737033844,0.4183558225631714,-0.030049290508031845,0.2824535071849823,0.3656221032142639,-0.04457922652363777,0.28699344396591187,0.31788474321365356,-0.054532960057258606,0.24865595996379852,0.5102056264877319,-0.021233871579170227,0.24422961473464966,0.4187919497489929,-0.03786828741431236,0.2414887398481369,0.35918956995010376,-0.05101015791296959,0.24151001870632172,0.30504220724105835,-0.058994192630052567,0.22449830174446106,0.5417131781578064,-0.031251210719347,0.2100549191236496,0.4753846824169159,-0.043708015233278275,0.2021934986114502,0.4276447296142578,-0.04942250996828079,0.19763202965259552,0.38113006949424744,-0.052743423730134964
F,0.27270016074180603,0.7290186882019043,1.5437434797149763e-07,0.301959753036499,0.6907230019569397,-0.024304063990712166,0.32161059975624084,0.6462723016738892,-0.04044653847813606,0.32645246386528015,0.6006918549537659,-0.05659222602844238,0.3164535164833069,0.556244432926178,-0.07097361981868744,0.29883649945259094,0.5257840156555176,-0.014934774488210678,0.3138638734817505,0.4748772382736206,-0.04367510974407196,0.3150230348110199,0.495846688747406,-0.06693670153617859,0.31183892488479614,0.5352521538734436,-0.07825684547424316,0.272587388753891,0.5077816247940063,-0.015418022871017456,0.2754063010215759,0.4234880208969116,-0.030983515083789825,0.2758680284023285,0.3736211657524109,-0.043528083711862564,0.27554431557655334,0.32752880454063416,-0.052166689187288284,0.24707989394664764,0.5138564109802246,-0.021475737914443016,0.24283769726753235,0.42227861285209656,-0.037042420357465744,0.23745235800743103,0.3624235987663269,-0.048432134091854095,0.23421290516853333,0.30798473954200745,-0.05563145503401756,0.22198288142681122,0.5439535975456238,-0.030112426728010178,0.20787197351455688,0.47817501425743103,-0.0421399362385273,0.1992802917957306,0.4310052990913391,-0.0469752699136734,0.19342905282974243,0.3859058618545532,-0.04983878880739212
F,0.27512112259864807,0.7266898155212402,1.5441726475273754e-07,0.30558842420578003,0.6877564191818237,-0.019918344914913177,0.32734188437461853,0.643746018409729,-0.033612605184316635,0.3347313404083252,0.6006550788879395,-0.04790625721216202,0.32453590631484985,0.5594469904899597,-0.06039620563387871,0.3004351854324341,0.5239030122756958,-0.010661992244422436,0.31545451283454895,0.47081732749938965,-0.03785524144768715,0.32024067640304565,0.4931337237358093,-0.06005316972732544,0.3197616636753082,0.5325871109962463,-0.07062831521034241,0.2748457193374634,0.5068079233169556,-0.012784827500581741,0.2781183421611786,0.4230143427848816,-0.02741432562470436,0.2800043225288391,0.37326711416244507,-0.04002809897065163,0.28069040179252625,0.3283713459968567,-0.04877178370952606,0.24926993250846863,0.5134307146072388,-0.020078158006072044,0.24483639001846313,0.42073091864585876,-0.03479676693677902,0.239911288022995,0.3616534471511841,-0.04643138498067856,0.23741255700588226,0.3084312081336975,-0.05372180789709091,0.2242148369550705,0.5435296893119812,-0.029537925496697426,0.2097896933555603,0.47702863812446594,-0.04064091295003891,0.20132391154766083,0.4306148886680603,-0.045226965099573135,0.19607862830162048,0.3858802914619446,-0.047875020653009415
F,0.2800287902355194,0.7133557796478271,2.1596369492726808e-07,0.3112759590148926,0.6717140674591064,-0.013844105415046215,0.3334081470966339,0.6242882013320923,-0.025324787944555283,0.3464324474334717,0.584969699382782,-0.03790859133005142,0.35106512904167175,0.5428138971328735,-0.049465302377939224,0.29889631271362305,0.5145533084869385,-0.009807871654629707,0.3172539174556732,0.4672653079032898,-0.036995720118284225,0.33390551805496216,0.4849642515182495,-0.0590386800467968,0.3452465832233429,0.5138295888900757,-0.0701545849442482,0.2740198075771332,0.5024598836898804,-0.015545910224318504,0.2768881022930145,0.420287549495697,-0.033170852810144424,0.28763413429260254,0.37375161051750183,-0.04703883081674576,0.29821330308914185,0.33361005783081055,-0.05609399825334549,0.2484915405511856,0.5151615738868713,-0.025486011058092117,0.24123765528202057,0.42539188265800476,-0.043081965297460556,0.24030467867851257,0.36772555112838745,-0.05557766556739807,0.24294842779636383,0.31437548995018005,-0.06278754770755768,0.22481539845466614,0.5497598052024841,-0.03672391548752785,0.20836451649665833,0.48589932918548584,-0.049482863396406174,0.20178493857383728,0.44013112783432007,-0.05444839596748352,0.19948247075080872,0.39380592107772827,-0.05714437738060951
F,0.28163695335388184,0.7131096720695496,2.5646141921242815e-07,0.31121402978897095,0.6620951890945435,-0.011241397820413113,0.3314923346042633,0.6064680218696594,-0.0221366286277771,0.3483370244503021,0.565070629119873,-0.03444737568497658,0.3577948212623596,0.5255183577537537,-0.04552098363637924,0.29043883085250854,0.5135713815689087,-0.008408855646848679,0.31383267045021057,0.464497447013855,-0.036707259714603424,0.3345552682876587,0.4834548234939575,-0.05969112366437912,0.3487257659435272,0.5126587748527527,-0.07107536494731903,0.26658374071121216,0.5052196383476257,-0.015068653970956802,0.2696577310562134,0.42117103934288025,-0.033986493945121765,0.28397414088249207,0.37464040517807007,-0.0476350337266922,0.29796409606933594,0.33479148149490356,-0.05567501112818718,0.2427603155374527,0.5208969712257385,-0.02567411959171295,0.23312623798847198,0.43029409646987915,-0.04358143359422684,0.23424400389194489,0.37466317415237427,-0.05443784222006798,0.2389470338821411,0.32275816798210144,-0.05979624763131142,0.2219177633523941,0.5570551156997681,-0.037385422736406326,0.20553629100322723,0.49615296721458435,-0.0495431162416935,0.19862109422683716,0.4516451358795166,-0.05279383435845375,0.1960592269897461,0.40694108605384827,-0.05377001315355301
F,0.2825700044631958,0.709971010684967,2.8984950972699153e-07,0.3116300702095032,0.6574416756629944,-0.012351788580417633,0.3324679732322693,0.5964236855506897,-0.02376771904528141,0.35107171535491943,0.5528995990753174,-0.036547429859638214,0.3611769676208496,0.5133520364761353,-0.04812629520893097,0.287749707698822,0.5102007985115051,-0.009547009132802486,0.3124532401561737,0.45727071166038513,-0.03889128565788269,0.3348775804042816,0.4754711091518402,-0.062193937599658966,0.3505725562572479,0.5040560364723206,-0.0736483782529831,0.2646341621875763,0.5039576888084412,-0.016285518184304237,0.26804429292678833,0.4175770878791809,-0.036651886999607086,0.2834828495979309,0.3687971532344818,-0.05087665095925331,0.2987261414527893,0.3267415463924408,-0.05899067595601082,0.24196137487888336,0.5225877165794373,-0.027205590158700943,0.23106993734836578,0.43124035000801086,-0.04653111845254898,0.23297490179538727,0.3735654950141907,-0.058093082159757614,0.23845061659812927,0.31889450550079346,-0.06369886547327042,0.2223522961139679,0.5608755946159363,-0.039321478456258774,0.20636671781539917,0.49942684173583984,-0.05258077755570412,0.2001865804195404,0.45269060134887695,-0.05662037804722786,0.1986444890499115,0.4044799208641052,-0.0581621415913105
F,0.2822234332561493,0.7084879875183105,2.976460962145211e-07,0.31134033203125,0.6540637612342834,-0.011812116950750351,0.3342323899269104,0.589241087436676,-0.022548452019691467,0.35571473836898804,0.5446678400039673,-0.034820374101400375,0.3662826120853424,0.5046604871749878,-0.04601585865020752,0.28750407695770264,0.5079377889633179,-0.0080115282908082,0.31465768814086914,0.45375993847846985,-0.036452870815992355,0.33840394020080566,0.4705022871494293,-0.05906124413013458,0.35553646087646484,0.49775171279907227,-0.07018658518791199,0.2662791907787323,0.5018431544303894,-0.01497036125510931,0.27186620235443115,0.4159480631351471,-0.034944385290145874,0.28904110193252563,0.3665458559989929,-0.049036964774131775,0.3061284124851227,0.3250214159488678,-0.0570305697619915,0.24500231444835663,0.5201355218887329,-0.026162903755903244,0.23683881759643555,0.42723482847213745,-0.04523038491606712,0.24030043184757233,0.3688094913959503,-0.056805241852998734,0.24722513556480408,0.31437671184539795,-0.06243148073554039,0.22633758187294006,0.5573436617851257,-0.0385332852602005,0.21196940541267395,0.4957713782787323,-0.05181879177689552,0.20692013204097748,0.44827383756637573,-0.05603741481900215,0.20654451847076416,0.40031737089157104,-0.0577009879052639
F,0.28250065445899963,0.7034989595413208,3.113845821189898e-07,0.31336164474487305,0.652459979057312,-0.012231779284775257,0.33624640107154846,0.59210604429245,-0.023296592757105827,0.35674184560775757,0.547085702419281,-0.035707149654626846,0.3697522282600403,0.5048947930335999,-0.047224897891283035,0.2924536466598511,0.5049352049827576,-0.008272984996438026,0.3192230761051178,0.45514264702796936,-0.03599739074707031,0.34231093525886536,0.4674379825592041,-0.05884813889861107,0.3593529462814331,0.49101632833480835,-0.07044632732868195,0.2710758149623871,0.4945329427719116,-0.014757701195776463,0.2783498167991638,0.4057078957557678,-0.032769691199064255,0.29381653666496277,0.351321816444397,-0.04650769755244255,0.30842071771621704,0.30381613969802856,-0.05506238341331482,0.24943193793296814,0.5083817839622498,-0.025325743481516838,0.2430667281150818,0.41514745354652405,-0.0428377203643322,0.24629083275794983,0.35533517599105835,-0.053779520094394684,0.25246042013168335,0.30062630772590637,-0.059461675584316254,0.229673832654953,0.5418230295181274,-0.03717636689543724,0.2154035121202469,0.47650033235549927,-0.0491974912583828,0.210304856300354,0.42897140979766846,-0.05219259485602379,0.20947080850601196,0.3825176954269409,-0.05324821174144745
F,0.28402501344680786,0.7178865671157837,2.112310966140285e-07,0.31616780161857605,0.6794106364250183,-0.014508026652038097,0.34089523553848267,0.6337827444076538,-0.02612663432955742,0.3541308045387268,0.5937051773071289,-0.03889632597565651,0.35769137740135193,0.5505744814872742,-0.05034979432821274,0.308223158121109,0.524921715259552,-0.009270541369915009,0.33017024397850037,0.4748975932598114,-0.0384928397834301,0.34476029872894287,0.49731042981147766,-0.06242048740386963,0.3524785041809082,0.531914234161377,-0.0739172175526619,0.2840750217437744,0.5069621801376343,-0.014390981756150723,0.29099157452583313,0.42043519020080566,-0.032149314880371094,0.3013066053390503,0.36689063906669617,-0.04705877974629402,0.31026482582092285,0.31984400749206543,-0.05694357678294182,0.2587990164756775,0.5131149291992188,-0.02405894547700882,0.2550560235977173,0.4190022349357605,-0.041557617485523224,0.25564002990722656,0.3581838607788086,-0.05500766634941101,0.25885918736457825,0.30400675535202026,-0.06271916627883911,0.23409119248390198,0.5412027835845947,-0.03513101860880852,0.22025367617607117,0.4716796278953552,-0.0471009723842144,0.2145775854587555,0.4233265519142151,-0.05194622278213501,0.21253034472465515,0.37674856185913086,-0.054521579295396805
F,0.26636120676994324,0.7289508581161499,1.631911743515957e-07,0.29549092054367065,0.6923854351043701,-0.023159854114055634,0.3152616620063782,0.6499911546707153,-0.03879766911268234,0.3223670423030853,0.6076979041099548,-0.054531194269657135,0.31496328115463257,0.5634342432022095,-0.06849085539579391,0.29118627309799194,0.5252071022987366,-0.014771716669201851,0.30638301372528076,0.47570064663887024,-0.04331609606742859,0.3105340301990509,0.4985496699810028,-0.06645794957876205,0.3099622428417206,0.5367414355278015,-0.07786403596401215,0.26513907313346863,0.5074958801269531,-0.015983950346708298,0.2666398584842682,0.4240955114364624,-0.032489243894815445,0.268555611371994,0.3732178807258606,-0.046314533799886703,0.2692625820636749,0.326119601726532,-0.05597837269306183,0.2394389510154724,0.5146417617797852,-0.022544018924236298,0.2342693954706192,0.4221464991569519,-0.039078447967767715,0.2299150824546814,0.3609388470649719,-0.05168966203927994,0.22751900553703308,0.3056038022041321,-0.059576794505119324,0.2142838090658188,0.5455628633499146,-0.031440649181604385,0.20023015141487122,0.47716596722602844,-0.04400104656815529,0.19191282987594604,0.428367555141449,-0.049519117921590805,0.18634182214736938,0.3821798861026764,-0.0528382882475853
F,0.26097747683525085,0.7309490442276001,1.8074915431043337e-07,0.28927451372146606,0.6930637359619141,-0.02686849795281887,0.30774426460266113,0.6492675542831421,-0.04488362371921539,0.3141031861305237,0.6032124161720276,-0.06268202513456345,0.3020818829536438,0.5588665008544922,-0.07845839858055115,0.285182923078537,0.5224350690841675,-0.017213258892297745,0.2996184527873993,0.47234606742858887,-0.04637957736849785,0.30099013447761536,0.4943384528160095,-0.06943469494581223,0.29823628067970276,0.5359816551208496,-0.08037246763706207,0.2582317888736725,0.5053223371505737,-0.016575202345848083,0.2602509558200836,0.4209095239639282,-0.031721051782369614,0.2602539658546448,0.3711685538291931,-0.04335722699761391,0.2597658634185791,0.3225753903388977,-0.05138438940048218,0.23262746632099152,0.5118619203567505,-0.021775035187602043,0.22843599319458008,0.4190768003463745,-0.0366065539419651,0.22320806980133057,0.3597677946090698,-0.04704195633530617,0.2199741005897522,0.30653101205825806,-0.05371307209134102,0.20754706859588623,0.5426197648048401,-0.029934346675872803,0.19475755095481873,0.4752073585987091,-0.04112209752202034,0.1863093078136444,0.4272903800010681,-0.04555584862828255,0.18029804527759552,0.38301122188568115,-0.04822149500250816
F,0.2643805146217346,0.7196571826934814,1.8347481045566383e-07,0.29333215951919556,0.6803298592567444,-0.02258151024580002,0.31231996417045593,0.63615882396698,-0.03779652714729309,0.3192681670188904,0.5909188985824585,-0.05328827723860741,0.30984771251678467,0.5480360984802246,-0.06681492924690247,0.28636467456817627,0.5145905613899231,-0.011880585923790932,0.30016374588012695,0.46314144134521484,-0.03933791443705559,0.30477333068847656,0.483445942401886,-0.061662059277296066,0.30540597438812256,0.5212332010269165,-0.07250377535820007,0.26030397415161133,0.4974534809589386,-0.012906938791275024,0.26282432675361633,0.41447412967681885,-0.027982216328382492,0.26454731822013855,0.3645404577255249,-0.040664076805114746,0.26572927832603455,0.3173597753047943,-0.04947473853826523,0.23483861982822418,0.504359781742096,-0.019402170553803444,0.23088239133358002,0.4127397835254669,-0.03468852490186691,0.22627492249011993,0.353738009929657,-0.04652033746242523,0.22358161211013794,0.30060839653015137,-0.053916845470666885,0.21018297970294952,0.5349720120429993,-0.02832411788403988,0.1972620189189911,0.46883678436279297,-0.04009539633989334,0.18881943821907043,0.42153337597846985,-0.045314621180295944,0.18282681703567505,0.376451313495636,-0.04837312176823616
F,0.2715549170970917,0.709272563457489,2.181084397534505e-07,0.3020004332065582,0.6693632006645203,-0.017526475712656975,0.3225717842578888,0.6248643398284912,-0.02979966811835766,0.33294716477394104,0.5828439593315125,-0.04293575882911682,0.33147960901260376,0.537787675857544,-0.05475710704922676,0.2909689247608185,0.5154938697814941,-0.008816367015242577,0.3065113425254822,0.46540600061416626,-0.035858433693647385,0.31951430439949036,0.47980430722236633,-0.05868286266922951,0.32802271842956543,0.5067527294158936,-0.07034619897603989,0.2674297094345093,0.4982876181602478,-0.012505710124969482,0.2707667946815491,0.413760781288147,-0.029052313417196274,0.2771892249584198,0.36016079783439636,-0.043871454894542694,0.2832423150539398,0.3119533956050873,-0.05412735790014267,0.242808535695076,0.5050405263900757,-0.021021272987127304,0.23774176836013794,0.4137997627258301,-0.03782101720571518,0.23565812408924103,0.3544064164161682,-0.05131254345178604,0.23648029565811157,0.3003608286380768,-0.05947088822722435,0.2187177687883377,0.5336814522743225,-0.03133367374539375,0.20459987223148346,0.46771901845932007,-0.04353109002113342,0.19717106223106384,0.4210185408592224,-0.04910014942288399,0.1928873062133789,0.3751906156539917,-0.05247444286942482
F,0.2746737003326416,0.703689694404602,2.1371138814174628e-07,0.30530714988708496,0.6640941500663757,-0.014644020237028599,0.3282565772533417,0.6136616468429565,-0.025389762595295906,0.34072145819664,0.5705417394638062,-0.037262823432683945,0.34267598390579224,0.5279966592788696,-0.0480240099132061,0.2961744964122772,0.5093058347702026,-0.008570684120059013,0.3126078248023987,0.4589969515800476,-0.035266175866127014,0.3282603323459625,0.4751133322715759,-0.057257190346717834,0.3393266797065735,0.5022496581077576,-0.06840505450963974,0.27161794900894165,0.4940703213214874,-0.013636559247970581,0.27506232261657715,0.4099777936935425,-0.030378369614481926,0.2838279604911804,0.35836485028266907,-0.044685278087854385,0.2921510338783264,0.31224530935287476,-0.054445620626211166,0.24645885825157166,0.5027375221252441,-0.023069730028510094,0.24075382947921753,0.4119930565357208,-0.040089890360832214,0.24010862410068512,0.35286945104599,-0.053276848047971725,0.24265804886817932,0.29832959175109863,-0.061220716685056686,0.2224765121936798,0.5327423214912415,-0.03396324813365936,0.20834630727767944,0.4673488140106201,-0.04632273316383362,0.20175793766975403,0.42093485593795776,-0.05185014754533768,0.19888293743133545,0.3749387860298157,-0.055219098925590515
F,0.2777102589607239,0.6990271806716919,2.4178501689675613e-07,0.3080781102180481,0.6531544327735901,-0.011641299352049828,0.3291037678718567,0.6010101437568665,-0.022071952000260353,0.3444666266441345,0.5590912699699402,-0.03398901969194412,0.3518643081188202,0.517637312412262,-0.04502183198928833,0.2936953008174896,0.5043613910675049,-0.008173031732439995,0.3144320845603943,0.4566149115562439,-0.0348614864051342,0.3329336643218994,0.472494512796402,-0.0565250925719738,0.34603703022003174,0.49810290336608887,-0.06746610999107361,0.27031925320625305,0.49191609025001526,-0.014782357029616833,0.2747022211551666,0.4075258672237396,-0.032235223799943924,0.28624799847602844,0.3568198084831238,-0.045798160135746,0.29743120074272156,0.3121095597743988,-0.054536737501621246,0.24593685567378998,0.5032745003700256,-0.025348039343953133,0.23886370658874512,0.4129911959171295,-0.04292963445186615,0.2392330914735794,0.3545193672180176,-0.05516236647963524,0.24294152855873108,0.3005460500717163,-0.06201816722750664,0.22336754202842712,0.5352651476860046,-0.03700866550207138,0.20817971229553223,0.47144460678100586,-0.04964763671159744,0.20139729976654053,0.4253072440624237,-0.05424108728766441,0.1985977590084076,0.3796870708465576,-0.056621748954057693
F,0.27797484397888184,0.7026162147521973,2.828983838298882e-07,0.30914995074272156,0.6544244289398193,-0.011904211714863777,0.3322884738445282,0.5987313985824585,-0.02283376455307007,0.3520907461643219,0.556370735168457,-0.03536759689450264,0.3648810386657715,0.5164857506752014,-0.047017842531204224,0.29293033480644226,0.5061189532279968,-0.007778964936733246,0.31941503286361694,0.4580482840538025,-0.03571923449635506,0.3402082324028015,0.47462198138237,-0.059057410806417465,0.3544817268848419,0.5011152625083923,-0.07081271708011627,0.2709158658981323,0.491506427526474,-0.01469459943473339,0.2800219655036926,0.4025627076625824,-0.03140707686543465,0.2914663255214691,0.344771146774292,-0.04570620507001877,0.30084317922592163,0.29397523403167725,-0.055336836725473404,0.24798864126205444,0.5013814568519592,-0.025733811780810356,0.24335435032844543,0.40577754378318787,-0.04255972057580948,0.24482546746730804,0.34567710757255554,-0.054990317672491074,0.24830642342567444,0.29151201248168945,-0.06213628128170967,0.22646035254001617,0.5321229100227356,-0.037971820682287216,0.21164655685424805,0.4658159613609314,-0.049861710518598557,0.20558014512062073,0.41877496242523193,-0.053659047931432724,0.20334547758102417,0.3738514482975006,-0.055523864924907684
F,0.2748662233352661,0.7033923864364624,2.976496773499093e-07,0.305884450674057,0.6536751389503479,-0.01077259425073862,0.3299880623817444,0.5951979756355286,-0.021688586100935936,0.3526899218559265,0.5546779036521912,-0.034391969442367554,0.3685654103755951,0.5171642303466797,-0.04648244380950928,0.2903374135494232,0.5066789984703064,-0.00870173517614603,0.3189997375011444,0.4589877128601074,-0.03661465272307396,0.34144318103790283,0.4750724732875824,-0.059544678777456284,0.3567918837070465,0.5015082955360413,-0.07118131965398788,0.26913973689079285,0.493804007768631,-0.016453349962830544,0.2783399522304535,0.40391623973846436,-0.034040771424770355,0.2920418977737427,0.3450355529785156,-0.04859388619661331,0.3033921420574188,0.2935071289539337,-0.05822629854083061,0.24746742844581604,0.5058001279830933,-0.028053898364305496,0.24233444035053253,0.4085683226585388,-0.045603860169649124,0.24440215528011322,0.3461349606513977,-0.058432552963495255,0.24833984673023224,0.29026877880096436,-0.06572459638118744,0.227840855717659,0.5376847386360168,-0.04067230969667435,0.213407963514328,0.46993181109428406,-0.0533575564622879,0.20735672116279602,0.4209226667881012,-0.05757923051714897,0.2049839198589325,0.3744451403617859,-0.05965665355324745
F,0.2750372588634491,0.7008638978004456,3.1039215286909894e-07,0.3058786392211914,0.6504137516021729,-0.011342163197696209,0.3305235505104065,0.5921686291694641,-0.02273424156010151,0.3540143370628357,0.5521681308746338,-0.03596654534339905,0.37065359950065613,0.5151588320732117,-0.048670053482055664,0.28969502449035645,0.5072985291481018,-0.009230739437043667,0.31995776295661926,0.46042388677597046,-0.03741593658924103,0.3434102535247803,0.47667866945266724,-0.060322973877191544,0.3592417240142822,0.5024845004081726,-0.07193935662508011,0.2697415053844452,0.4941612482070923,-0.0168903861194849,0.27948251366615295,0.405293345451355,-0.035178929567337036,0.2942577600479126,0.3460661768913269,-0.049893829971551895,0.3065904676914215,0.29382026195526123,-0.059503570199012756,0.24910034239292145,0.5064740180969238,-0.028450652956962585,0.24436107277870178,0.4101766347885132,-0.04664955288171768,0.24702337384223938,0.3476170301437378,-0.05932699516415596,0.25135892629623413,0.29113084077835083,-0.06635469943284988,0.23023703694343567,0.5385650992393494,-0.0410836786031723,0.21647585928440094,0.47114455699920654,-0.054184481501579285,0.21126079559326172,0.42126572132110596,-0.05842099338769913,0.20968705415725708,0.3747044801712036,-0.060456667095422745
F,0.2772747278213501,0.6964337229728699,3.028982007435843e-07,0.30801036953926086,0.6443804502487183,-0.009011814370751381,0.3321331739425659,0.5831306576728821,-0.01909203827381134,0.3573974668979645,0.5445207357406616,-0.03139202296733856,0.3760528564453125,0.5095609426498413,-0.04341907426714897,0.2916024923324585,0.5009728074073792,-0.006869702599942684,0.3228790760040283,0.45730388164520264,-0.03364014998078346,0.347698837518692,0.47274112701416016,-0.05552661791443825,0.3651297390460968,0.4961099326610565,-0.06674322485923767,0.27359017729759216,0.4899994134902954,-0.015608634799718857,0.28376132249832153,0.4013362526893616,-0.032694291323423386,0.2997055649757385,0.3437284827232361,-0.046580057591199875,0.3134611248970032,0.2928987145423889,-0.05563347786664963,0.2545289099216461,0.503557562828064,-0.02806243672966957,0.250596821308136,0.40745097398757935,-0.045406121760606766,0.25417038798332214,0.34439170360565186,-0.05772165581583977,0.2593688368797302,0.287286639213562,-0.06461174041032791,0.23737426102161407,0.5357045531272888,-0.04139591008424759,0.2249283492565155,0.46828722953796387,-0.05417538434267044,0.22062475979328156,0.41837257146835327,-0.0581899955868721,0.2198195457458496,0.37191736698150635,-0.0600750595331192
F,0.2733592987060547,0.6976831555366516,2.9177550686654286e-07,0.3046521246433258,0.6501882672309875,-0.011416410095989704,0.3286752998828888,0.5957088470458984,-0.022765403613448143,0.3499670922756195,0.5559737086296082,-0.035786885768175125,0.36389851570129395,0.5175786018371582,-0.04814169928431511,0.29076263308525085,0.5038080215454102,-0.009535740129649639,0.3193318247795105,0.4586481750011444,-0.03788977488875389,0.3404769003391266,0.47676482796669006,-0.06093589961528778,0.3543819487094879,0.5040068030357361,-0.07257948070764542,0.26918795704841614,0.4901197850704193,-0.017194371670484543,0.2789067327976227,0.4017133116722107,-0.035252876579761505,0.2923460900783539,0.34427300095558167,-0.04973173514008522,0.30361485481262207,0.29307907819747925,-0.05928349867463112,0.24639737606048584,0.5020986199378967,-0.02881173975765705,0.2422114610671997,0.40654081106185913,-0.04709077253937721,0.24454666674137115,0.3465026319026947,-0.05993824452161789,0.24870266020298004,0.291645884513855,-0.0671447217464447,0.22539585828781128,0.5349901914596558,-0.041442979127168655,0.2119627445936203,0.46885621547698975,-0.054812297224998474,0.206274151802063,0.4209924638271332,-0.0593259371817112,0.20391252636909485,0.3753044009208679,-0.061550840735435486
F,0.2724812626838684,0.7003239393234253,2.6054340196424164e-07,0.3045269250869751,0.6587236523628235,-0.013256512582302094,0.3267456293106079,0.6150636672973633,-0.02548113837838173,0.34372618794441223,0.5780982375144958,-0.03913509473204613,0.3530232310295105,0.5373780727386475,-0.051893312484025955,0.2940761148929596,0.5097742080688477,-0.01045167725533247,0.31841179728507996,0.46669232845306396,-0.03962210938334465,0.3357362151145935,0.4859033524990082,-0.06325003504753113,0.3461960554122925,0.5146756768226624,-0.07488073408603668,0.27140864729881287,0.4937117397785187,-0.01705772429704666,0.27994102239608765,0.40417444705963135,-0.03525878116488457,0.29103681445121765,0.3460316061973572,-0.04997668042778969,0.30000853538513184,0.2947525084018707,-0.05976483225822449,0.24702784419059753,0.502261221408844,-0.027898913249373436,0.24334219098091125,0.4075322151184082,-0.04616163671016693,0.24477297067642212,0.34664154052734375,-0.05956871435046196,0.2481616884469986,0.2926342487335205,-0.06711969524621964,0.22336454689502716,0.532332181930542,-0.03992892801761627,0.2090209424495697,0.4634762406349182,-0.05289358273148537,0.2032194435596466,0.4149419963359833,-0.05769338831305504,0.2008773386478424,0.3686071038246155,-0.060161035507917404
F,0.26415324211120605,0.714511513710022,2.2171538205384422e-07,0.2949005961418152,0.6875392198562622,-0.02427390031516552,0.3178951144218445,0.6558502316474915,-0.04211808368563652,0.33222588896751404,0.6239579319953918,-0.059669919312000275,0.3280666470527649,0.5832788348197937,-0.07563067972660065,0.29500800371170044,0.5248525142669678,-0.021242816001176834,0.31432437896728516,0.4822210967540741,-0.053080856800079346,0.32158711552619934,0.507652759552002,-0.07868119329214096,0.32203617691993713,0.5436834096908569,-0.09134473651647568,0.2707820534706116,0.5035021305084229,-0.022865889593958855,0.27852416038513184,0.4173947274684906,-0.04234141483902931,0.28495755791664124,0.36074912548065186,-0.05873262509703636,0.2895360589027405,0.3092690110206604,-0.07011561095714569,0.24519291520118713,0.5073256492614746,-0.029488682746887207,0.24384012818336487,0.41330623626708984,-0.04759357497096062,0.24326077103614807,0.3519144654273987,-0.061947718262672424,0.24454280734062195,0.2958534359931946,-0.0708559975028038,0.21956577897071838,0.5342298746109009,-0.03837766498327255,0.20735055208206177,0.4639987647533417,-0.050912246108055115,0.2017470747232437,0.414475679397583,-0.05672498047351837,0.19961580634117126,0.36717599630355835,-0.06041532754898071
F,0.26112622022628784,0.7228689193725586,1.7007461394769052e-07,0.29055845737457275,0.6975077390670776,-0.02744905650615692,0.3137502670288086,0.6627418994903564,-0.04599490016698837,0.3235892355442047,0.6278281807899475,-0.0635051503777504,0.314462274312973,0.5883204936981201,-0.07895475625991821,0.2927519679069519,0.5307193398475647,-0.02379409782588482,0.31046444177627563,0.4912108778953552,-0.05543913319706917,0.3138411045074463,0.527056872844696,-0.08052284270524979,0.31052595376968384,0.5685123801231384,-0.0928473174571991,0.26738160848617554,0.5095269680023193,-0.0239803995937109,0.2736007273197174,0.42486709356307983,-0.04282296821475029,0.27693644165992737,0.36942368745803833,-0.058854326605796814,0.27892810106277466,0.31579017639160156,-0.07018855214118958,0.24134406447410583,0.5137626528739929,-0.029380492866039276,0.24029560387134552,0.41989052295684814,-0.04745965823531151,0.23825104534626007,0.3583448529243469,-0.06213979795575142,0.23800086975097656,0.3002488911151886,-0.07145906984806061,0.21569697558879852,0.5413557291030884,-0.03724465146660805,0.2041487842798233,0.4718753695487976,-0.049912337213754654,0.19773106276988983,0.4231536388397217,-0.055902790278196335,0.19423355162143707,0.37552183866500854,-0.059859104454517365
F,0.26353663206100464,0.723192036151886,1.5323438162795355e-07,0.29172995686531067,0.6968414187431335,-0.02630990371108055,0.3142224848270416,0.6616637706756592,-0.04427564516663551,0.32306814193725586,0.6255837678909302,-0.06152484938502312,0.3130302131175995,0.5861266255378723,-0.07679099589586258,0.2939712703227997,0.5297832489013672,-0.021933075040578842,0.30985113978385925,0.4890623688697815,-0.0524647980928421,0.31143292784690857,0.522025465965271,-0.0769655853509903,0.3073391318321228,0.5621606111526489,-0.08909841626882553,0.2687945067882538,0.5082062482833862,-0.022281242534518242,0.2738726735115051,0.4240301251411438,-0.04010302573442459,0.2761521637439728,0.3698706030845642,-0.05502902716398239,0.2772449851036072,0.3179740011692047,-0.06555574387311935,0.24299289286136627,0.5111547708511353,-0.02778153121471405,0.24161307513713837,0.41665685176849365,-0.04496023431420326,0.23881563544273376,0.35511988401412964,-0.05839546397328377,0.23789598047733307,0.29768434166908264,-0.06692469865083694,0.21745283901691437,0.5376260280609131,-0.035723838955163956,0.20507553219795227,0.46799108386039734,-0.047785721719264984,0.19819152355194092,0.4194289743900299,-0.052937544882297516,0.19425790011882782,0.37274760007858276,-0.05626131221652031
F,0.2667801082134247,0.7233948707580566,1.5448335943801794e-07,0.2948399484157562,0.6930360794067383,-0.02383498288691044,0.316867858171463,0.6557525396347046,-0.04069284722208977,0.325533390045166,0.6202724575996399,-0.057369451969861984,0.31617629528045654,0.5817426443099976,-0.07224538177251816,0.2948768734931946,0.5238420963287354,-0.017728231847286224,0.3104056119918823,0.483978271484375,-0.04731752723455429,0.3128400146961212,0.5144242644309998,-0.07168307900428772,0.3097885549068451,0.5541558265686035,-0.08381672203540802,0.2690938413143158,0.5043504238128662,-0.019036218523979187,0.27365097403526306,0.42180436849594116,-0.03597230091691017,0.2760189473628998,0.3690637946128845,-0.050347037613391876,0.2774547040462494,0.3195441961288452,-0.060358721762895584,0.24320897459983826,0.5095611810684204,-0.02549641765654087,0.24124376475811005,0.41562730073928833,-0.042021989822387695,0.2381371259689331,0.3543681502342224,-0.054837122559547424,0.23733830451965332,0.2977240979671478,-0.06283432245254517,0.21785405278205872,0.5389413237571716,-0.03428106755018234,0.20462894439697266,0.4698185622692108,-0.0459662489593029,0.197434201836586,0.42156291007995605,-0.050650905817747116,0.19366680085659027,0.37503910064697266,-0.0535149909555912
F,0.2677365243434906,0.7232773303985596,1.794748669681212e-07,0.296247273683548,0.6932815909385681,-0.02509552612900734,0.31779205799102783,0.658555805683136,-0.042739804834127426,0.32875755429267883,0.6225790977478027,-0.059926051646471024,0.3188911974430084,0.5827890634536743,-0.07528313994407654,0.294266939163208,0.5275025367736816,-0.019735386595129967,0.3130108118057251,0.4852987229824066,-0.050295304507017136,0.31697991490364075,0.5132156610488892,-0.07526563107967377,0.31417152285575867,0.5524866580963135,-0.08750364184379578,0.26982083916664124,0.5072413086891174,-0.020160922780632973,0.27622440457344055,0.4238249361515045,-0.0377250537276268,0.27916890382766724,0.36936062574386597,-0.05278464034199715,0.2805480659008026,0.31824976205825806,-0.06332968920469284,0.2446971833705902,0.5109440684318542,-0.025741862133145332,0.2434988021850586,0.41724693775177,-0.04226863384246826,0.24071192741394043,0.3553364872932434,-0.05540373548865318,0.23995734751224518,0.29891180992126465,-0.0636497288942337,0.21935392916202545,0.5382221937179565,-0.03377443924546242,0.20634731650352478,0.46882718801498413,-0.04515520855784416,0.19903862476348877,0.4195672571659088,-0.04999811202287674,0.19514769315719604,0.37246280908584595,-0.05303812772035599
F,0.2659521996974945,0.7198401689529419,1.6355159004888264e-07,0.2937495708465576,0.6908294558525085,-0.02605621889233589,0.31464672088623047,0.6549057960510254,-0.0440807081758976,0.3250230848789215,0.6174015402793884,-0.06158226355910301,0.3149999678134918,0.5755792260169983,-0.07721470296382904,0.2932843863964081,0.5235016942024231,-0.020785676315426826,0.3098238706588745,0.4824639856815338,-0.05119621008634567,0.31164878606796265,0.5134126543998718,-0.07571953535079956,0.3081435561180115,0.5541160702705383,-0.08781741559505463,0.26788705587387085,0.5033137798309326,-0.021135197952389717,0.27276498079299927,0.42012378573417664,-0.0384051576256752,0.274773508310318,0.3669547438621521,-0.052836138755083084,0.2759035527706146,0.315859317779541,-0.06305064260959625,0.24230459332466125,0.5081242918968201,-0.026751140132546425,0.240433931350708,0.41398167610168457,-0.043349739164114,0.23730210959911346,0.3530261218547821,-0.056105248630046844,0.23642584681510925,0.2966536283493042,-0.06423810869455338,0.21707822382450104,0.5369873642921448,-0.034893594682216644,0.2039366066455841,0.46845847368240356,-0.04665635526180267,0.19654695689678192,0.41983264684677124,-0.05159105360507965,0.19259077310562134,0.37336239218711853,-0.05474201962351799
F,0.2638402283191681,0.710087776184082,2.1307000963588507e-07,0.29215699434280396,0.6787777543067932,-0.026777908205986023,0.3111775815486908,0.6405228972434998,-0.04462343081831932,0.3184168338775635,0.5999171137809753,-0.06167272850871086,0.31015318632125854,0.5555860996246338,-0.07692234963178635,0.28835782408714294,0.5154854655265808,-0.02072152867913246,0.3058965504169464,0.47005385160446167,-0.05151506885886192,0.3085676431655884,0.493156760931015,-0.07643228024244308,0.3063335716724396,0.5307149291038513,-0.08878761529922485,0.2636817395687103,0.4950985610485077,-0.020450979471206665,0.27031683921813965,0.40674078464508057,-0.038052670657634735,0.2733912765979767,0.3500974774360657,-0.05277945473790169,0.27578112483024597,0.2978118360042572,-0.06305653601884842,0.23917999863624573,0.4997559189796448,-0.025553623214364052,0.23717059195041656,0.40700095891952515,-0.04261108487844467,0.23401802778244019,0.34581631422042847,-0.05599066987633705,0.23323102295398712,0.290584921836853,-0.06442339718341827,0.21471789479255676,0.5289058685302734,-0.03320787474513054,0.20210027694702148,0.46232300996780396,-0.0454341396689415,0.19518715143203735,0.41450369358062744,-0.05073261260986328,0.19129306077957153,0.3691073954105377,-0.05409831553697586
F,0.2701601982116699,0.7085150480270386,2.2872910676596803e-07,0.2992534637451172,0.6747438907623291,-0.023442761972546577,0.31853052973747253,0.6375299692153931,-0.04024146497249603,0.3290708363056183,0.6000484228134155,-0.05683884397149086,0.3250919580459595,0.5560309886932373,-0.0717005506157875,0.2925506830215454,0.5128530859947205,-0.0177046749740839,0.3118857443332672,0.4690849781036377,-0.04844583570957184,0.31837958097457886,0.49337005615234375,-0.0739198625087738,0.31902241706848145,0.5295110940933228,-0.08657435327768326,0.2687144875526428,0.4931267499923706,-0.019215397536754608,0.27646780014038086,0.4058014452457428,-0.03722253069281578,0.281953901052475,0.34743404388427734,-0.052594903856515884,0.2863735854625702,0.29457032680511475,-0.06319291144609451,0.24434304237365723,0.49886202812194824,-0.025888148695230484,0.24174976348876953,0.4062105417251587,-0.04321667551994324,0.23968617618083954,0.3455260396003723,-0.05660352110862732,0.24017101526260376,0.2905840277671814,-0.06468212604522705,0.2202865183353424,0.5287439227104187,-0.03483811393380165,0.2062520831823349,0.46150854229927063,-0.04668261855840683,0.19932964444160461,0.41438740491867065,-0.05127018317580223,0.195810005068779,0.3689998388290405,-0.05395946651697159
F,0.2727152407169342,0.7046567797660828,2.488418147095217e-07,0.30330291390419006,0.6686210036277771,-0.021965663880109787,0.3223365545272827,0.6306105256080627,-0.03826121985912323,0.3341730833053589,0.5936756730079651,-0.05481833219528198,0.33373528718948364,0.5480061769485474,-0.06986246258020401,0.29404181241989136,0.5080298185348511,-0.01596582680940628,0.31532013416290283,0.464402437210083,-0.04742014780640602,0.32431983947753906,0.489056259393692,-0.07342173159122467,0.3263230323791504,0.5249343514442444,-0.086232990026474,0.2713651955127716,0.4889286458492279,-0.018480569124221802,0.2803214490413666,0.39922192692756653,-0.037192925810813904,0.2872375547885895,0.3383987545967102,-0.053150273859500885,0.29221388697624207,0.2833847105503082,-0.06396880000829697,0.2476327121257782,0.4958931505680084,-0.02620333805680275,0.2445041835308075,0.40259355306625366,-0.04442335292696953,0.24365372955799103,0.3413853943347931,-0.05847625434398651,0.24511435627937317,0.28679177165031433,-0.06663616001605988,0.22408996522426605,0.5266331434249878,-0.03604556620121002,0.21004104614257812,0.45836141705513,-0.0486176498234272,0.2038704752922058,0.41008612513542175,-0.053570378571748734,0.20120535790920258,0.36396849155426025,-0.05633869767189026
F,0.272337943315506,0.6983217597007751,2.395268836608011e-07,0.30284565687179565,0.6600210070610046,-0.019472818821668625,0.3226383626461029,0.6211246252059937,-0.03406670689582825,0.33484652638435364,0.5831398367881775,-0.04923621937632561,0.3348817229270935,0.5384832620620728,-0.06305299699306488,0.2955930233001709,0.505062460899353,-0.012798438780009747,0.31537479162216187,0.4595620632171631,-0.04279681295156479,0.3248462378978729,0.4789433479309082,-0.06804747134447098,0.32840418815612793,0.5110478401184082,-0.08061695843935013,0.2730396091938019,0.48596006631851196,-0.016057955101132393,0.2818502187728882,0.3972610831260681,-0.03384147956967354,0.2886897623538971,0.33763599395751953,-0.04942179471254349,0.2939451038837433,0.28438884019851685,-0.06009071692824364,0.24915555119514465,0.49114102125167847,-0.024306196719408035,0.24688076972961426,0.39885637164115906,-0.04162978008389473,0.2457687109708786,0.33934634923934937,-0.0552048459649086,0.24708965420722961,0.28651517629623413,-0.06318245083093643,0.22517991065979004,0.5191470980644226,-0.03453141823410988,0.21173211932182312,0.4517872631549835,-0.046440862119197845,0.20508001744747162,0.40524446964263916,-0.05108684301376343,0.2015802562236786,0.36043134331703186,-0.05370623618364334
F,0.3212498724460602,0.6988927125930786,2.4813084564812016e-07,0.3564509153366089,0.6591283082962036,-0.014299878850579262,0.38322263956069946,0.6153528094291687,-0.02616058848798275,0.4022846221923828,0.5760887861251831,-0.0392770990729332,0.4105921685695648,0.532178521156311,-0.05121680721640587,0.35199886560440063,0.5075158476829529,-0.009167542681097984,0.3773934543132782,0.4639238715171814,-0.0387863963842392,0.3928791284561157,0.48377132415771484,-0.06370019167661667,0.4013206958770752,0.5135762095451355,-0.07620560377836227,0.3291485905647278,0.4870341718196869,-0.015169326215982437,0.34108033776283264,0.3951091468334198,-0.03301813080906868,0.35105806589126587,0.3342238962650299,-0.04900989681482315,0.3585350513458252,0.27898985147476196,-0.06006353721022606,0.3038458526134491,0.49041178822517395,-0.025613360106945038,0.30294108390808105,0.3932689428329468,-0.04379286244511604,0.30290651321411133,0.3324207663536072,-0.05805080384016037,0.3046473562717438,0.2778892517089844,-0.06633295863866806,0.27825096249580383,0.5153498649597168,-0.03740065172314644,0.26526468992233276,0.44562768936157227,-0.05030374974012375,0.259324312210083,0.3982805907726288,-0.055114295333623886,0.2563750147819519,0.35195159912109375,-0.05764942988753319
F,0.36596810817718506,0.7001690864562988,2.9441969218169106e-07,0.40149420499801636,0.657056987285614,-0.01261371560394764,0.42971640825271606,0.6088413596153259,-0.024901358410716057,0.45193904638290405,0.5728684067726135,-0.0386962965130806,0.46584057807922363,0.5351129174232483,-0.051483090966939926,0.3975149691104889,0.5028606653213501,-0.012270568870007992,0.42763009667396545,0.458493709564209,-0.0419611856341362,0.4468029737472534,0.4833835959434509,-0.06522945314645767,0.4578746557235718,0.514441192150116,-0.07661499828100204,0.37465807795524597,0.4850764870643616,-0.019830428063869476,0.38842612504959106,0.3929685652256012,-0.03866595774888992,0.4014115631580353,0.33266982436180115,-0.05378086119890213,0.4114489257335663,0.27753594517707825,-0.0639122948050499,0.34898918867111206,0.4923895299434662,-0.031399745494127274,0.34754425287246704,0.39170461893081665,-0.05057310312986374,0.34864652156829834,0.3283519148826599,-0.06458446383476257,0.35148629546165466,0.2720757722854614,-0.0724986121058464,0.32345953583717346,0.521073043346405,-0.04397948086261749,0.3099714517593384,0.448513001203537,-0.058092713356018066,0.30385419726371765,0.3980192542076111,-0.06326404958963394,0.30118024349212646,0.34945395588874817,-0.06583194434642792
F,0.4062662124633789,0.7130529880523682,3.4102271229130565e-07,0.44291582703590393,0.6691902875900269,-0.015010780654847622,0.4754449129104614,0.6135886311531067,-0.028007540851831436,0.5026933550834656,0.5733301043510437,-0.04195329174399376,0.5198414325714111,0.5353326797485352,-0.05477049574255943,0.43794873356819153,0.5068808197975159,-0.014628242701292038,0.47248730063438416,0.46463561058044434,-0.045105673372745514,0.49559277296066284,0.48838600516319275,-0.06921488046646118,0.5107583403587341,0.5178630352020264,-0.08156149834394455,0.4156505763530731,0.4893466830253601,-0.02161828801035881,0.4314388632774353,0.3989068269729614,-0.041903525590896606,0.4488038718700409,0.33861488103866577,-0.05816340446472168,0.4638999104499817,0.2826186418533325,-0.0692070722579956,0.3906790316104889,0.4984283447265625,-0.032822538167238235,0.39007583260536194,0.3955240845680237,-0.05362451449036598,0.3927117586135864,0.3302888870239258,-0.06872277706861496,0.39783501625061035,0.2709971070289612,-0.07747632265090942,0.3663754165172577,0.5290240049362183,-0.04524194821715355,0.35393449664115906,0.4555028975009918,-0.061053529381752014,0.3477766513824463,0.40333497524261475,-0.06742604076862335,0.34529614448547363,0.3514995574951172,-0.07092048972845078
F,0.39451685547828674,0.7178115248680115,3.1810117206987343e-07,0.43124616146087646,0.6724883317947388,-0.013442165218293667,0.4633755683898926,0.6169587969779968,-0.025217805057764053,0.48996227979660034,0.5779445171356201,-0.03814025968313217,0.5053988695144653,0.5407119393348694,-0.04993271455168724,0.4241253435611725,0.5118930339813232,-0.01243075355887413,0.45715785026550293,0.4683148264884949,-0.041581738740205765,0.48058417439460754,0.49240031838417053,-0.06496702879667282,0.4960102438926697,0.5225955843925476,-0.07692510634660721,0.4020021855831146,0.4959327280521393,-0.01963367499411106,0.4173741340637207,0.4064270257949829,-0.038844041526317596,0.4349646270275116,0.34815913438796997,-0.05472617968916893,0.4501480162143707,0.2945120930671692,-0.06562438607215881,0.37712812423706055,0.505403995513916,-0.03090761974453926,0.37702178955078125,0.403759241104126,-0.05055828392505646,0.3799942135810852,0.33956366777420044,-0.06539681553840637,0.38508710265159607,0.2817063331604004,-0.07416379451751709,0.35289034247398376,0.5354680418968201,-0.04329679533839226,0.34046411514282227,0.4624648690223694,-0.058181606233119965,0.3344103693962097,0.4113386273384094,-0.06431545317173004,0.33207112550735474,0.3609740138053894,-0.06777425110340118
F,0.3930845558643341,0.7169867157936096,3.2984294762172794e-07,0.42925387620925903,0.6720364689826965,-0.013393856585025787,0.4607250988483429,0.6160116195678711,-0.025598930194973946,0.4874461591243744,0.5782158970832825,-0.038868166506290436,0.5052437782287598,0.5436674356460571,-0.05110834911465645,0.42349934577941895,0.5129144191741943,-0.013940250501036644,0.4571110010147095,0.4700910449028015,-0.04368695244193077,0.48078522086143494,0.49400657415390015,-0.06735000014305115,0.4965870976448059,0.524537205696106,-0.07944729179143906,0.4010571241378784,0.4975261092185974,-0.02121405489742756,0.41660162806510925,0.4077194631099701,-0.041167061775922775,0.4349637031555176,0.3498472571372986,-0.056948982179164886,0.45115405321121216,0.29697227478027344,-0.06756129860877991,0.3760773539543152,0.5081075429916382,-0.03244901821017265,0.37605342268943787,0.4059980511665344,-0.05266276374459267,0.3791932463645935,0.3414927124977112,-0.06731079518795013,0.3848572075366974,0.28331905603408813,-0.07579877972602844,0.352050244808197,0.5390094518661499,-0.044711027294397354,0.339992493391037,0.4658218324184418,-0.06006939336657524,0.3339751660823822,0.4142087697982788,-0.06611919403076172,0.33183249831199646,0.36320552229881287,-0.06943090260028839
F,0.38520315289497375,0.7139647603034973,3.287109393568244e-07,0.41981205344200134,0.6663181781768799,-0.01163624320179224,0.4517473578453064,0.6081626415252686,-0.023092003539204597,0.4786015450954437,0.5703337788581848,-0.03606916964054108,0.4979037642478943,0.5383444428443909,-0.04825913906097412,0.41157564520835876,0.5116826891899109,-0.012087084352970123,0.44627389311790466,0.4668470323085785,-0.04140837863087654,0.4711395800113678,0.4889374375343323,-0.06477279961109161,0.48815301060676575,0.518716037273407,-0.07666340470314026,0.39054155349731445,0.4982989728450775,-0.020383205264806747,0.4061596691608429,0.40561896562576294,-0.03979352116584778,0.42440730333328247,0.34840142726898193,-0.055218007415533066,0.44089528918266296,0.2967749238014221,-0.06538330018520355,0.36744144558906555,0.5111547708511353,-0.03254252299666405,0.3658633828163147,0.40834909677505493,-0.052379753440618515,0.36865395307540894,0.34284093976020813,-0.06714369356632233,0.3743118941783905,0.28429698944091797,-0.07558330148458481,0.34579789638519287,0.5436557531356812,-0.04560525715351105,0.3337421417236328,0.469534307718277,-0.060634952038526535,0.32720962166786194,0.4170067608356476,-0.06666024029254913,0.3246154189109802,0.36741745471954346,-0.06992731988430023
F,0.3784857392311096,0.7219415307044983,2.820625866206683e-07,0.4142758250236511,0.6802786588668823,-0.013738262467086315,0.442495733499527,0.6322407126426697,-0.026532506570219994,0.46440649032592773,0.5941373109817505,-0.04041052982211113,0.4805240333080292,0.5562410950660706,-0.05301881581544876,0.40922480821609497,0.5204010605812073,-0.013120868243277073,0.43899479508399963,0.47590702772140503,-0.04375573247671127,0.45871785283088684,0.5043762922286987,-0.06795419007539749,0.4701491892337799,0.538754403591156,-0.0798051729798317,0.38525885343551636,0.5030864477157593,-0.019703291356563568,0.39855626225471497,0.4121088981628418,-0.03921903297305107,0.4153417646884918,0.35637450218200684,-0.05421442165970802,0.4294767379760742,0.3049958348274231,-0.06410311162471771,0.3589033782482147,0.5110474824905396,-0.030468283221125603,0.35730427503585815,0.41032230854034424,-0.049938660115003586,0.3606705963611603,0.34610694646835327,-0.06362970918416977,0.3660847246646881,0.28851670026779175,-0.07120390981435776,0.33307260274887085,0.5406739115715027,-0.04235110431909561,0.3189014196395874,0.46587681770324707,-0.05611824244260788,0.3133178949356079,0.41450244188308716,-0.06095918267965317,0.3112758994102478,0.3652266263961792,-0.0632534921169281
F,0.35681426525115967,0.7192994356155396,2.771644176391419e-07,0.3919614255428314,0.6782286167144775,-0.01534623559564352,0.41892918944358826,0.6326881051063538,-0.028790010139346123,0.43931275606155396,0.5949344038963318,-0.04311268776655197,0.44937336444854736,0.5520035028457642,-0.05618459731340408,0.3844507038593292,0.5174806714057922,-0.01335002202540636,0.41172167658805847,0.4731830060482025,-0.044058751314878464,0.4299848973751068,0.49817362427711487,-0.0688345804810524,0.44040054082870483,0.530755341053009,-0.08119212090969086,0.35963770747184753,0.5003800988197327,-0.019520370289683342,0.3705272376537323,0.4088265001773834,-0.03892403468489647,0.38398024439811707,0.3522159159183502,-0.054662227630615234,0.39556455612182617,0.30050140619277954,-0.06531701982021332,0.33250510692596436,0.5091636776924133,-0.030096152797341347,0.33029404282569885,0.40817052125930786,-0.0497434027493,0.33147522807121277,0.34385740756988525,-0.06425832211971283,0.33505845069885254,0.2855159640312195,-0.07265852391719818,0.3058951795101166,0.5402754545211792,-0.04190623015165329,0.29109978675842285,0.46723365783691406,-0.05619068071246147,0.2847761809825897,0.41671139001846313,-0.06171995401382446,0.2820351719856262,0.3673056364059448,-0.06466066092252731
F,0.3631540536880493,0.713377058506012,2.9503365794880665e-07,0.39903372526168823,0.6697478890419006,-0.013340978883206844,0.4269111156463623,0.6214399337768555,-0.026287205517292023,0.4478234052658081,0.5833207368850708,-0.04046012461185455,0.46372079849243164,0.5448212623596191,-0.05345672369003296,0.3898310363292694,0.5137240886688232,-0.01349339634180069,0.41914865374565125,0.46520736813545227,-0.04401030391454697,0.4405357241630554,0.49115240573883057,-0.06772197037935257,0.4538022577762604,0.5232955813407898,-0.07937849313020706,0.36590975522994995,0.49921852350234985,-0.020537331700325012,0.3774157464504242,0.4090421795845032,-0.040469225496053696,0.39373964071273804,0.3527171015739441,-0.05542704463005066,0.4075871706008911,0.30041760206222534,-0.06529070436954498,0.33994004130363464,0.5099934339523315,-0.031736426055431366,0.33698245882987976,0.4104641079902649,-0.05180462449789047,0.3395862579345703,0.3460567593574524,-0.06579352170228958,0.34431055188179016,0.28789907693862915,-0.07360215485095978,0.31508174538612366,0.5415036082267761,-0.043959569185972214,0.30005931854248047,0.46976858377456665,-0.05875014141201973,0.29352208971977234,0.41869235038757324,-0.06442949920892715,0.2905607223510742,0.36913353204727173,-0.06728916615247726
F,0.37809592485427856,0.6633360385894775,3.027619186468655e-07,0.4120652377605438,0.6226137280464172,-0.012400677427649498,0.440225213766098,0.5758481025695801,-0.024701397866010666,0.4645364582538605,0.5430609583854675,-0.03817896917462349,0.48182329535484314,0.5082324743270874,-0.05066083371639252,0.40808260440826416,0.47621816396713257,-0.01245581079274416,0.44003161787986755,0.4355972707271576,-0.040578559041023254,0.46035176515579224,0.4599186182022095,-0.06251584738492966,0.4726763069629669,0.4899473488330841,-0.07342968136072159,0.38790810108184814,0.4598257541656494,-0.019203057512640953,0.40404030680656433,0.3752549886703491,-0.03778226673603058,0.4221523404121399,0.32502281665802,-0.05159391462802887,0.43804219365119934,0.27983736991882324,-0.06055235117673874,0.3644322454929352,0.4672371745109558,-0.029797378927469254,0.36520829796791077,0.3732636868953705,-0.04834729805588722,0.3698071539402008,0.3134920001029968,-0.0611286424100399,0.3764720857143402,0.2601402997970581,-0.06821606308221817,0.3408730924129486,0.49435940384864807,-0.041395027190446854,0.33082520961761475,0.425140917301178,-0.05499717965722084,0.32627543807029724,0.37611034512519836,-0.05991846323013306,0.32469189167022705,0.3294149339199066,-0.0623667910695076
F,0.3772200345993042,0.6031485199928284,2.580656826012273e-07,0.4117587208747864,0.5693967938423157,-0.011167879216372967,0.439993679523468,0.5283101797103882,-0.020848572254180908,0.46150949597358704,0.4960642158985138,-0.03179199621081352,0.475412517786026,0.4590148329734802,-0.04168014973402023,0.41175320744514465,0.4302447736263275,-0.006659911945462227,0.4389653503894806,0.39112794399261475,-0.03058072365820408,0.4572123885154724,0.40998002886772156,-0.05056547373533249,0.469258189201355,0.43641072511672974,-0.06092992052435875,0.3928571939468384,0.4105618894100189,-0.012251300737261772,0.40863168239593506,0.3363831043243408,-0.02735133282840252,0.42528361082077026,0.29016047716140747,-0.04045975208282471,0.44008153676986694,0.24818003177642822,-0.04956158623099327,0.37053853273391724,0.4117732346057892,-0.021551527082920074,0.37539926171302795,0.32562923431396484,-0.03711768984794617,0.38136032223701477,0.2721606492996216,-0.04893704131245613,0.38932809233665466,0.2246863692998886,-0.05598383769392967,0.34743329882621765,0.4314150810241699,-0.0319046787917614,0.34010201692581177,0.3688439130783081,-0.043885376304388046,0.337164968252182,0.3244922459125519,-0.04871188849210739,0.3373986780643463,0.2822347581386566,-0.051322802901268005
F,0.35525840520858765,0.5868474841117859,1.8135710888600443e-07,0.3881256580352783,0.5642507672309875,-0.01621742732822895,0.4185412526130676,0.5285912156105042,-0.027320927008986473,0.4345835745334625,0.4916127324104309,-0.03894578292965889,0.4370576739311218,0.44981998205184937,-0.04924741014838219,0.4007045328617096,0.4234696328639984,-0.011686856858432293,0.42554861307144165,0.3865697383880615,-0.038519829511642456,0.4344992935657501,0.4174618721008301,-0.06030106171965599,0.4352354109287262,0.4533957839012146,-0.07067257910966873,0.3800249993801117,0.3992585837841034,-0.01521805115044117,0.39593616127967834,0.32351934909820557,-0.030451856553554535,0.40771591663360596,0.27494072914123535,-0.04423653334379196,0.4168391525745392,0.2311265468597412,-0.05382806435227394,0.3558179438114166,0.39734506607055664,-0.02303064800798893,0.36143481731414795,0.3105471432209015,-0.038473259657621384,0.36491039395332336,0.2550342082977295,-0.05120425298810005,0.3701942265033722,0.20631971955299377,-0.05890524014830589,0.32958459854125977,0.41611459851264954,-0.03238813951611519,0.321331262588501,0.3494793176651001,-0.043825969099998474,0.3183223605155945,0.30442774295806885,-0.0487738735973835,0.31864219903945923,0.26212772727012634,-0.05155833065509796
F,0.3265224099159241,0.5677072405815125,1.4612747634146217e-07,0.35316377878189087,0.5488517880439758,-0.020328162238001823,0.37608233094215393,0.5238564014434814,-0.03509749844670296,0.38689911365509033,0.49644288420677185,-0.049695614725351334,0.38153061270713806,0.4627193510532379,-0.06281184405088425,0.3665664494037628,0.408560574054718,-0.016490602865815163,0.38288414478302,0.37602880597114563,-0.041932109743356705,0.38304403424263,0.4042150676250458,-0.06236419826745987,0.3780413866043091,0.4392506778240204,-0.0722927376627922,0.34524789452552795,0.38624921441078186,-0.017816893756389618,0.35564884543418884,0.31532567739486694,-0.03230924531817436,0.361279159784317,0.27192115783691406,-0.044585391879081726,0.36556386947631836,0.23033089935779572,-0.05314050614833832,0.3221772313117981,0.38483095169067383,-0.0234079547226429,0.3262788951396942,0.30462366342544556,-0.037449516355991364,0.32755425572395325,0.25081613659858704,-0.04858742281794548,0.33027052879333496,0.20202267169952393,-0.05558061972260475,0.2976436913013458,0.4034956991672516,-0.03091938979923725,0.29094672203063965,0.3405591547489166,-0.040771663188934326,0.28776153922080994,0.29725614190101624,-0.04475172981619835,0.2872907519340515,0.25665009021759033,-0.04718104377388954
F,0.3455267548561096,0.5833773612976074,1.7555312581407634e-07,0.37478452920913696,0.5613471269607544,-0.019544361159205437,0.3980744779109955,0.5328031778335571,-0.03365878015756607,0.4118639826774597,0.505085825920105,-0.04799153655767441,0.41090109944343567,0.46887001395225525,-0.06079423055052757,0.38482317328453064,0.4162473678588867,-0.014346581883728504,0.40367358922958374,0.38080665469169617,-0.04089204967021942,0.40857064723968506,0.40863606333732605,-0.062435705214738846,0.4072106182575226,0.4440659284591675,-0.07289350032806396,0.36324459314346313,0.39478087425231934,-0.016452237963676453,0.3741385042667389,0.3218984007835388,-0.03187844157218933,0.3817390501499176,0.27583909034729004,-0.04552550986409187,0.3877887725830078,0.23332908749580383,-0.055027320981025696,0.33925026655197144,0.39506030082702637,-0.023044403642416,0.34258079528808594,0.3118879497051239,-0.03809773549437523,0.34404298663139343,0.2567751109600067,-0.0504370741546154,0.347408264875412,0.20744897425174713,-0.05805176869034767,0.31400635838508606,0.4155431389808655,-0.03154497966170311,0.30548274517059326,0.3508065342903137,-0.0424552746117115,0.3016766607761383,0.30611997842788696,-0.04741939529776573,0.3012566566467285,0.26454389095306396,-0.05039400979876518
F,0.35141101479530334,0.6067135334014893,1.6756270326823142e-07,0.3827838897705078,0.5869783163070679,-0.02126670628786087,0.40872564911842346,0.5607342720031738,-0.03748667240142822,0.4246021509170532,0.5374029874801636,-0.053704313933849335,0.42134764790534973,0.5073179602622986,-0.06783127784729004,0.3932715356349945,0.4299549460411072,-0.01902850531041622,0.4139776825904846,0.3978602886199951,-0.049058664590120316,0.41869720816612244,0.4404386281967163,-0.07230384647846222,0.4156307578086853,0.48394471406936646,-0.08325476944446564,0.3700357973575592,0.4084170460700989,-0.02160085178911686,0.38212850689888,0.33468127250671387,-0.04016595333814621,0.39100000262260437,0.2897655963897705,-0.05485423281788826,0.39773035049438477,0.24646759033203125,-0.0647185668349266,0.343655526638031,0.4101425111293793,-0.0288348738104105,0.3470631539821625,0.32083502411842346,-0.046452805399894714,0.3480047881603241,0.2629467844963074,-0.059721801429986954,0.3510358929634094,0.20950965583324432,-0.06751126796007156,0.31672245264053345,0.4342873692512512,-0.0379956029355526,0.30648890137672424,0.3650602102279663,-0.049773864448070526,0.30196428298950195,0.3178691864013672,-0.05479562282562256,0.3012405335903168,0.2726336419582367,-0.057693708688020706
F,0.3439908027648926,0.616129994392395,1.9423119113071152e-07,0.3758363425731659,0.5944436192512512,-0.026505636051297188,0.40219053626060486,0.5663685202598572,-0.04638269543647766,0.4191135764122009,0.5408377647399902,-0.06564367562532425,0.4120348393917084,0.5095298290252686,-0.08287699520587921,0.38116025924682617,0.4272691011428833,-0.025776203721761703,0.40119579434394836,0.3954641819000244,-0.059406593441963196,0.4064311385154724,0.44063591957092285,-0.08552739769220352,0.403606653213501,0.4879899322986603,-0.0981406569480896,0.35554489493370056,0.40639355778694153,-0.026738302782177925,0.3640623092651367,0.32925981283187866,-0.047691378742456436,0.37096840143203735,0.28204503655433655,-0.06435023993253708,0.37565016746520996,0.23569056391716003,-0.07580055296421051,0.3280079960823059,0.4108317494392395,-0.0327175110578537,0.3278249204158783,0.3171209990978241,-0.05221673846244812,0.3264090418815613,0.2554987072944641,-0.06717222183942795,0.3272400498390198,0.1990676075220108,-0.07632967084646225,0.3005291819572449,0.4394884407520294,-0.0409848727285862,0.2876477539539337,0.3688362240791321,-0.053923770785331726,0.28097155690193176,0.31961530447006226,-0.060087598860263824,0.27839431166648865,0.27235305309295654,-0.06407470256090164
F,0.3370732367038727,0.6264739036560059,1.6045125050823117e-07,0.36655181646347046,0.6063647270202637,-0.02969820238649845,0.3939666450023651,0.573786735534668,-0.05167866125702858,0.4095931351184845,0.5479579567909241,-0.07244695723056793,0.40011829137802124,0.5250083208084106,-0.090687595307827,0.3742225170135498,0.43506038188934326,-0.0324365459382534,0.39304131269454956,0.4028981328010559,-0.06803227961063385,0.3973405957221985,0.45853057503700256,-0.0940997377038002,0.39363259077072144,0.5121538639068604,-0.10650738328695297,0.3468126356601715,0.41290977597236633,-0.03304101526737213,0.3530311584472656,0.3324331045150757,-0.05620197579264641,0.35772040486335754,0.28633415699005127,-0.07312031835317612,0.36024153232574463,0.24065466225147247,-0.08453438431024551,0.3180241882801056,0.4177604913711548,-0.03870869055390358,0.314815878868103,0.3220478594303131,-0.059558916836977005,0.3119009733200073,0.260484516620636,-0.07449890673160553,0.3115716278553009,0.20297345519065857,-0.08357629925012589,0.29028260707855225,0.44802072644233704,-0.0469241738319397,0.27456408739089966,0.375754714012146,-0.06002495810389519,0.266340970993042,0.3266197443008423,-0.06590347737073898,0.2625172436237335,0.27919620275497437,-0.06985856592655182
F,0.324718713760376,0.6461341977119446,1.6562940174935648e-07,0.3555664122104645,0.629065990447998,-0.0364687480032444,0.3823677897453308,0.5955341458320618,-0.06214869022369385,0.3972698450088501,0.5690861940383911,-0.08524751663208008,0.386944979429245,0.5444929599761963,-0.10534890741109848,0.3597303032875061,0.4469577670097351,-0.04228370264172554,0.3773402273654938,0.41647088527679443,-0.07895790040493011,0.3801558315753937,0.4775606691837311,-0.10449204593896866,0.3751654624938965,0.5358777642250061,-0.11653125286102295,0.33050301671028137,0.4249257445335388,-0.03981964662671089,0.33375677466392517,0.34533387422561646,-0.06479218602180481,0.336359441280365,0.3000033497810364,-0.08143138885498047,0.33657240867614746,0.25477784872055054,-0.09253399074077606,0.3005807101726532,0.4315203130245209,-0.0425940677523613,0.29421037435531616,0.3349379301071167,-0.06484673917293549,0.28953221440315247,0.2738320231437683,-0.07979336380958557,0.28750917315483093,0.21578283607959747,-0.0889723002910614,0.2727026343345642,0.46474719047546387,-0.04835715889930725,0.25536048412323,0.39358949661254883,-0.06305015832185745,0.24540862441062927,0.34416908025741577,-0.06986315548419952,0.2398342490196228,0.29611948132514954,-0.07454074919223785
F,0.34108245372772217,0.6472405791282654,2.0275024326110724e-07,0.37258386611938477,0.6241970658302307,-0.026331331580877304,0.3977695405483246,0.5948309898376465,-0.04621613025665283,0.4135405421257019,0.5695338845252991,-0.06540291011333466,0.40542060136795044,0.5424184203147888,-0.08228424191474915,0.37376677989959717,0.45610538125038147,-0.027692798525094986,0.3942525088787079,0.42193686962127686,-0.061281733214855194,0.40061432123184204,0.47015491127967834,-0.08629805594682693,0.39833006262779236,0.5186370015144348,-0.09799610078334808,0.348431259393692,0.43541088700294495,-0.02917066030204296,0.35607823729515076,0.35176652669906616,-0.05018661543726921,0.3614814579486847,0.2976899743080139,-0.06612493097782135,0.36444616317749023,0.24473929405212402,-0.07708793878555298,0.32139697670936584,0.4420453906059265,-0.035474132746458054,0.31958121061325073,0.3473411798477173,-0.05483537167310715,0.31805741786956787,0.28649747371673584,-0.06897597014904022,0.31851479411125183,0.23019474744796753,-0.07748226076364517,0.29509180784225464,0.4727587401866913,-0.04408513382077217,0.28121909499168396,0.40202152729034424,-0.056721627712249756,0.2742566466331482,0.35249683260917664,-0.062132060527801514,0.2714907228946686,0.3050098717212677,-0.06551647186279297
F,0.3520902991294861,0.6434476375579834,2.049467013875983e-07,0.3830897808074951,0.620638370513916,-0.021417396143078804,0.40917447209358215,0.5934237837791443,-0.038554348051548004,0.42594844102859497,0.5682294964790344,-0.05575036630034447,0.4176899492740631,0.5390670299530029,-0.07108847796916962,0.3871162533760071,0.46319320797920227,-0.02186661958694458,0.4085129499435425,0.43104204535484314,-0.05303935706615448,0.4143393635749817,0.4767199456691742,-0.07695970684289932,0.4114053249359131,0.5218292474746704,-0.08798560500144958,0.3643852770328522,0.44228577613830566,-0.025069016963243484,0.376531183719635,0.3592127859592438,-0.043475449085235596,0.3832588493824005,0.3041080832481384,-0.05849294364452362,0.38735243678092957,0.25105661153793335,-0.06890949606895447,0.33849114179611206,0.44588494300842285,-0.03270360082387924,0.34009212255477905,0.35297897458076477,-0.049968279898166656,0.3409370481967926,0.29402172565460205,-0.06337986141443253,0.3435412645339966,0.23986048996448517,-0.07146359235048294,0.3119601905345917,0.471905916929245,-0.04223277419805527,0.3012107312679291,0.4024522304534912,-0.05313576012849808,0.296583354473114,0.3554780185222626,-0.057169027626514435,0.29584193229675293,0.31091493368148804,-0.059617526829242706
F,0.35977697372436523,0.6298528909683228,1.9571621123759542e-07,0.3901607394218445,0.6078745126724243,-0.01900128461420536,0.4152352213859558,0.5784072875976562,-0.0338541679084301,0.43106064200401306,0.5525603890419006,-0.04897935688495636,0.42568519711494446,0.5205843448638916,-0.06237703189253807,0.39552852511405945,0.4593491852283478,-0.01821603998541832,0.41678985953330994,0.4279412031173706,-0.047390833497047424,0.4234238564968109,0.4682365953922272,-0.07019929587841034,0.42147430777549744,0.5080769658088684,-0.08092651516199112,0.3747638165950775,0.43749505281448364,-0.021914497017860413,0.3878115713596344,0.3578125238418579,-0.0392281711101532,0.3950483798980713,0.30351629853248596,-0.05377143621444702,0.39983075857162476,0.2514309287071228,-0.06384706497192383,0.3502868413925171,0.4397153854370117,-0.02980990707874298,0.3529120981693268,0.3509644567966461,-0.04631875827908516,0.35462555289268494,0.2962546944618225,-0.058915235102176666,0.35794246196746826,0.24581345915794373,-0.06635312736034393,0.3253593444824219,0.4638340175151825,-0.039456844329833984,0.3169495761394501,0.397632896900177,-0.05018876492977142,0.313521146774292,0.35348498821258545,-0.05391112342476845,0.3130742013454437,0.3111357092857361,-0.05602093040943146
F,0.3573133051395416,0.6417881846427917,2.0540510092814657e-07,0.386322557926178,0.6213622093200684,-0.018384145572781563,0.4108867943286896,0.5924238562583923,-0.03276066482067108,0.42553073167800903,0.5674846768379211,-0.04734131321310997,0.421977162361145,0.5386013984680176,-0.06029181927442551,0.39194029569625854,0.4753996431827545,-0.017700321972370148,0.4126852750778198,0.44443148374557495,-0.0455382764339447,0.41877907514572144,0.48049381375312805,-0.06751144677400589,0.4166392683982849,0.5189540386199951,-0.07795023918151855,0.3710516095161438,0.45393067598342896,-0.021426456049084663,0.3842886686325073,0.37400251626968384,-0.0376199409365654,0.39089396595954895,0.3169785737991333,-0.051745787262916565,0.3950639069080353,0.26239311695098877,-0.061685673892498016,0.34659916162490845,0.45553314685821533,-0.029179135337471962,0.3499109447002411,0.3668021857738495,-0.04508030414581299,0.3504021465778351,0.3118917942047119,-0.057873331010341644,0.35273605585098267,0.2620500326156616,-0.06559189409017563,0.32164210081100464,0.47907325625419617,-0.038567278534173965,0.310173362493515,0.4148404598236084,-0.04938529431819916,0.3047388792037964,0.3721802234649658,-0.05327665060758591,0.3030688762664795,0.3309199810028076,-0.055551812052726746
F,0.34824949502944946,0.6610039472579956,1.6437785177458863e-07,0.37541985511779785,0.6418460607528687,-0.019568882882595062,0.3977792263031006,0.6149532794952393,-0.03476898372173309,0.4108906090259552,0.5920354127883911,-0.04978014901280403,0.4051820635795593,0.5647213459014893,-0.06302980333566666,0.37794581055641174,0.49645352363586426,-0.020613424479961395,0.39477959275245667,0.46718546748161316,-0.0472932867705822,0.3986092507839203,0.509539008140564,-0.06781972944736481,0.3953212797641754,0.5512473583221436,-0.07760603725910187,0.3563969135284424,0.47720658779144287,-0.023473208770155907,0.36515501141548157,0.4007776379585266,-0.03920934349298477,0.36960461735725403,0.34882694482803345,-0.05258627235889435,0.3722451627254486,0.29768985509872437,-0.0622643381357193,0.3321131467819214,0.4818313419818878,-0.030146868899464607,0.3331525921821594,0.39498892426490784,-0.04592200368642807,0.333208829164505,0.34125563502311707,-0.058916572481393814,0.334850937128067,0.29227128624916077,-0.0670602023601532,0.30842065811157227,0.5081185698509216,-0.03837492689490318,0.2963620722293854,0.44573649764060974,-0.04956499859690666,0.290339857339859,0.4033280611038208,-0.054376859217882156,0.2875779867172241,0.362689733505249,-0.0574965663254261
F,0.35580557584762573,0.6546509861946106,1.8661485512438958e-07,0.38284313678741455,0.6349226236343384,-0.01989271491765976,0.4053370952606201,0.6081121563911438,-0.0352509431540966,0.4193728268146515,0.5836026072502136,-0.05050008371472359,0.413761168718338,0.5588359236717224,-0.06407290697097778,0.3859023451805115,0.49283188581466675,-0.019160093739628792,0.40397727489471436,0.46456679701805115,-0.046509481966495514,0.4088176488876343,0.5027159452438354,-0.06776472181081772,0.4066182076931,0.5421253442764282,-0.07788091897964478,0.36490797996520996,0.4731782078742981,-0.02182893082499504,0.37491145730018616,0.3989904820919037,-0.037737440317869186,0.37964555621147156,0.3485012650489807,-0.050919290632009506,0.38265448808670044,0.2992110550403595,-0.06025274842977524,0.34110012650489807,0.47661060094833374,-0.0286419540643692,0.3424292802810669,0.3925684094429016,-0.044627148658037186,0.34169864654541016,0.33957207202911377,-0.057595159858465195,0.3429909944534302,0.29090550541877747,-0.06553143262863159,0.3171673119068146,0.5011910200119019,-0.03711296617984772,0.30451852083206177,0.4402613937854767,-0.0480455607175827,0.298165500164032,0.39964559674263,-0.05278785526752472,0.2956479787826538,0.36054033041000366,-0.05584482476115227
F,0.36344388127326965,0.6597026586532593,1.8842008842057112e-07,0.3900592029094696,0.640221357345581,-0.019028006121516228,0.4128861427307129,0.6141714453697205,-0.033907607197761536,0.4270693063735962,0.5908595323562622,-0.048827171325683594,0.4219999313354492,0.5668564438819885,-0.06218212470412254,0.39082491397857666,0.5026196837425232,-0.018199017271399498,0.4092373549938202,0.47269484400749207,-0.04492061957716942,0.41520336270332336,0.5072197914123535,-0.06589073687791824,0.41399121284484863,0.5448987483978271,-0.07595717161893845,0.3704283535480499,0.4830629229545593,-0.02093370631337166,0.3806144893169403,0.409585177898407,-0.03661990538239479,0.38573557138442993,0.3606320917606354,-0.049641940742731094,0.3890170753002167,0.31437554955482483,-0.05876411125063896,0.34740251302719116,0.48600152134895325,-0.02769879810512066,0.3480302691459656,0.4020455479621887,-0.04335439205169678,0.34688907861709595,0.34924745559692383,-0.05614953115582466,0.3477577567100525,0.30129343271255493,-0.06392599642276764,0.32442736625671387,0.5099525451660156,-0.03608372434973717,0.31139445304870605,0.4497110843658447,-0.04686056450009346,0.30429622530937195,0.4094565808773041,-0.0516161173582077,0.30084043741226196,0.3706197440624237,-0.05463993176817894
F,0.36479702591896057,0.6468263864517212,1.851976350053519e-07,0.39180439710617065,0.625433087348938,-0.018954308703541756,0.4144302308559418,0.5988069176673889,-0.033561933785676956,0.42886844277381897,0.5745687484741211,-0.04826881363987923,0.42434632778167725,0.5472679734230042,-0.06150883436203003,0.3929833769798279,0.48927581310272217,-0.0172574445605278,0.41193053126335144,0.4569455683231354,-0.044193245470523834,0.41856876015663147,0.48958200216293335,-0.06578975170850754,0.41815006732940674,0.525771975517273,-0.0762348622083664,0.37321990728378296,0.47031351923942566,-0.019642237573862076,0.38380858302116394,0.3981046974658966,-0.03538341447710991,0.3898107409477234,0.34924885630607605,-0.04904022067785263,0.3937695324420929,0.3034331798553467,-0.058643754571676254,0.35077396035194397,0.4725652039051056,-0.02613387256860733,0.35198476910591125,0.389444500207901,-0.04151299595832825,0.3514973223209381,0.33675408363342285,-0.05449540540575981,0.35304924845695496,0.2893480360507965,-0.062480658292770386,0.32803815603256226,0.49488478899002075,-0.03429047390818596,0.3155260384082794,0.4352724552154541,-0.04485977813601494,0.30878666043281555,0.39495009183883667,-0.049825139343738556,0.3056635856628418,0.3566505014896393,-0.05301230028271675
F,0.36569151282310486,0.6373170614242554,1.9960165786869766e-07,0.3935146629810333,0.6172114610671997,-0.019517820328474045,0.4169186055660248,0.5908527970314026,-0.03432602062821388,0.43101972341537476,0.5656281113624573,-0.049247559159994125,0.4262481927871704,0.5364437103271484,-0.06268449872732162,0.39595672488212585,0.4784833788871765,-0.01722240261733532,0.4143759310245514,0.44716107845306396,-0.04436662048101425,0.4201817214488983,0.48006772994995117,-0.06615204364061356,0.4192466735839844,0.5170581936836243,-0.07662617415189743,0.3753390908241272,0.45781928300857544,-0.019604161381721497,0.3865123391151428,0.3839774429798126,-0.035157643258571625,0.39251112937927246,0.33330488204956055,-0.04862147569656372,0.39650991559028625,0.2853623032569885,-0.058045562356710434,0.35221806168556213,0.4594808518886566,-0.026201272383332253,0.35420045256614685,0.3754173517227173,-0.04147263988852501,0.35363173484802246,0.32413870096206665,-0.05379107594490051,0.3549700081348419,0.2783026695251465,-0.06120235472917557,0.32877039909362793,0.4822554290294647,-0.03458372503519058,0.31684836745262146,0.4220028519630432,-0.045079369097948074,0.3107761740684509,0.3818478584289551,-0.0493781603872776,0.30823221802711487,0.3441120982170105,-0.05193934589624405
F,0.3738498389720917,0.639535665512085,1.8924218636584555e-07,0.4016416668891907,0.6164987683296204,-0.016624920070171356,0.42418423295021057,0.5898229479789734,-0.030349284410476685,0.438862144947052,0.5662123560905457,-0.044572263956069946,0.4340594708919525,0.5372539162635803,-0.05749708414077759,0.40190860629081726,0.47913289070129395,-0.014723170548677444,0.4212554693222046,0.44916242361068726,-0.041238050907850266,0.42841604351997375,0.48125720024108887,-0.06288289278745651,0.4282497465610504,0.5168728232383728,-0.07340426743030548,0.38252729177474976,0.4599200189113617,-0.018507828935980797,0.3939407467842102,0.3854178786277771,-0.033599503338336945,0.40059947967529297,0.33628565073013306,-0.04702528938651085,0.40534380078315735,0.29167187213897705,-0.056498751044273376,0.36011427640914917,0.46252763271331787,-0.02630831114947796,0.36130064725875854,0.3803238868713379,-0.04116954654455185,0.36140280961990356,0.3286840319633484,-0.05395542457699776,0.3635577857494354,0.2826755940914154,-0.06184006109833717,0.33730626106262207,0.4857042729854584,-0.03560911491513252,0.3245677947998047,0.4258767366409302,-0.04575126990675926,0.3182006776332855,0.38553404808044434,-0.05032878369092941,0.31552499532699585,0.34723079204559326,-0.053283870220184326
F,0.39702120423316956,0.6269357800483704,2.2180793735060433e-07,0.42760565876960754,0.5996972918510437,-0.014330367557704449,0.45287007093429565,0.5681203603744507,-0.02632271870970726,0.471588134765625,0.5417842864990234,-0.03914720565080643,0.47494056820869446,0.5075986981391907,-0.05047622695565224,0.42673933506011963,0.4660189151763916,-0.01240645069628954,0.4526357054710388,0.43456658720970154,-0.03847578540444374,0.4643741250038147,0.4654829502105713,-0.059247106313705444,0.46660661697387695,0.5000196099281311,-0.06904339790344238,0.4085899591445923,0.446921706199646,-0.017182044684886932,0.42347538471221924,0.3721926808357239,-0.03247785568237305,0.43376797437667847,0.32071566581726074,-0.04573154076933861,0.44057369232177734,0.2738479971885681,-0.05486997216939926,0.38656383752822876,0.4492424428462982,-0.02586890198290348,0.38811632990837097,0.3653714954853058,-0.041647691279649734,0.38820940256118774,0.31232279539108276,-0.05474650859832764,0.3895716071128845,0.26542454957962036,-0.06241927668452263,0.3636879622936249,0.4719659388065338,-0.03577382490038872,0.3508167564868927,0.41175058484077454,-0.047532662749290466,0.3438628017902374,0.3713022768497467,-0.05262789502739906,0.3399753272533417,0.3330010771751404,-0.05540318042039871
F,0.39567285776138306,0.6175362467765808,2.4286970301545807e-07,0.42609038949012756,0.585673987865448,-0.012369923293590546,0.45121628046035767,0.5507822036743164,-0.02290971763432026,0.4700065553188324,0.523460865020752,-0.03447918966412544,0.4776521921157837,0.4911790192127228,-0.044834285974502563,0.4226866066455841,0.4578379988670349,-0.009579671546816826,0.4476081132888794,0.42369547486305237,-0.03416820243000984,0.46197882294654846,0.44813042879104614,-0.05422919988632202,0.468120276927948,0.4781029522418976,-0.06393726170063019,0.40459343791007996,0.44028058648109436,-0.014716945588588715,0.41879886388778687,0.36502015590667725,-0.02920316718518734,0.42829611897468567,0.31258445978164673,-0.042134303599596024,0.4346812069416046,0.26475173234939575,-0.051134154200553894,0.3830972909927368,0.44327810406684875,-0.02357136271893978,0.3826911747455597,0.3600323796272278,-0.038981497287750244,0.3809157907962799,0.30734342336654663,-0.05194232612848282,0.3807620108127594,0.2614675760269165,-0.05954117700457573,0.36097070574760437,0.4653715491294861,-0.03342808783054352,0.34690186381340027,0.4077352285385132,-0.04491114243865013,0.33849871158599854,0.36998045444488525,-0.0496429018676281,0.3329106569290161,0.33379706740379333,-0.05217187479138374
F,0.3776155710220337,0.6042488217353821,2.42162002450641e-07,0.4082683026790619,0.5727026462554932,-0.012434553354978561,0.4357241988182068,0.5336488485336304,-0.021961797028779984,0.4549354612827301,0.5017216205596924,-0.03231480345129967,0.4620506167411804,0.4667549431324005,-0.04144009202718735,0.4066523015499115,0.44235438108444214,-0.009289320558309555,0.43079596757888794,0.40525075793266296,-0.03315235674381256,0.4461093544960022,0.42559510469436646,-0.052862100303173065,0.45463329553604126,0.45207738876342773,-0.06260868906974792,0.38784003257751465,0.42482924461364746,-0.013856643810868263,0.4009948968887329,0.35073181986808777,-0.027750005945563316,0.41111433506011963,0.29838013648986816,-0.04062313213944435,0.41864144802093506,0.24991591274738312,-0.04980405792593956,0.366129606962204,0.42715078592300415,-0.022034382447600365,0.3665681481361389,0.3450184762477875,-0.03682449832558632,0.36544114351272583,0.29311132431030273,-0.04965803399682045,0.36604779958724976,0.24725034832954407,-0.05743599683046341,0.34370890259742737,0.448548823595047,-0.03129718825221062,0.3299391567707062,0.3915632665157318,-0.042812127619981766,0.32102715969085693,0.3544081747531891,-0.047987110912799835,0.31512489914894104,0.31829291582107544,-0.05086500197649002
F,0.37938883900642395,0.5930384397506714,2.3509838342761213e-07,0.4097389578819275,0.5629814863204956,-0.01221763901412487,0.43671804666519165,0.5241241455078125,-0.021938491612672806,0.4567252993583679,0.4944882094860077,-0.03246674686670303,0.4651138186454773,0.46038782596588135,-0.04178088158369064,0.4082657992839813,0.4323839545249939,-0.010472716763615608,0.4325948655605316,0.3967028856277466,-0.03465772420167923,0.4482038915157318,0.41980284452438354,-0.05433182790875435,0.45696568489074707,0.44642555713653564,-0.06420017778873444,0.3898560106754303,0.41518470644950867,-0.01538462657481432,0.40373939275741577,0.3440898656845093,-0.030110154300928116,0.41533154249191284,0.29365313053131104,-0.043452728539705276,0.4243210554122925,0.24539120495319366,-0.05296863615512848,0.368693083524704,0.4181589186191559,-0.023789850994944572,0.3691825270652771,0.33696722984313965,-0.03904702886939049,0.36904922127723694,0.28504613041877747,-0.05189657583832741,0.37065064907073975,0.2377234548330307,-0.0597677156329155,0.34745222330093384,0.44019755721092224,-0.03324602544307709,0.33502107858657837,0.3837585747241974,-0.04512111842632294,0.32686400413513184,0.3453314006328583,-0.05045996233820915,0.3215826153755188,0.30707848072052,-0.05349457636475563
F,0.3785218596458435,0.6003099083900452,2.346893666071992e-07,0.40837666392326355,0.5683599710464478,-0.011632380075752735,0.4339469075202942,0.5294044613838196,-0.021185755729675293,0.4533255994319916,0.5009443759918213,-0.031729575246572495,0.46274733543395996,0.4719853699207306,-0.04120311886072159,0.40618419647216797,0.44126948714256287,-0.009305743500590324,0.43049001693725586,0.40552210807800293,-0.03350071609020233,0.44577956199645996,0.42927712202072144,-0.05357067286968231,0.4538971185684204,0.45706987380981445,-0.06362234801054001,0.38760459423065186,0.4246375858783722,-0.014383976347744465,0.4006895422935486,0.35358572006225586,-0.02874663472175598,0.41186976432800293,0.30376070737838745,-0.04191650450229645,0.4205072522163391,0.25706246495246887,-0.05128183960914612,0.3663114905357361,0.42775896191596985,-0.023010242730379105,0.36638495326042175,0.34673383831977844,-0.03800132870674133,0.36622846126556396,0.2947138845920563,-0.051102414727211,0.367879182100296,0.24827802181243896,-0.05906738340854645,0.3450366258621216,0.44943034648895264,-0.032631367444992065,0.331588476896286,0.39339280128479004,-0.04392550513148308,0.32339251041412354,0.35589399933815,-0.04916439205408096,0.31823569536209106,0.3191978931427002,-0.052222900092601776
F,0.3714771270751953,0.5955753326416016,2.2381144049177237e-07,0.40025272965431213,0.5650177597999573,-0.011994391679763794,0.426640123128891,0.5265737175941467,-0.021216079592704773,0.44352883100509644,0.49661779403686523,-0.031410690397024155,0.4464729428291321,0.4640337824821472,-0.04024428874254227,0.3997003138065338,0.4356570541858673,-0.008491698652505875,0.42130592465400696,0.3985186219215393,-0.03168979287147522,0.4344218671321869,0.4215845465660095,-0.05081338807940483,0.440665602684021,0.4507370889186859,-0.059962403029203415,0.3807513415813446,0.4182010293006897,-0.01291575375944376,0.3935976028442383,0.346324622631073,-0.025886697694659233,0.4022538363933563,0.2954922914505005,-0.038046713918447495,0.4086622893810272,0.24858315289020538,-0.04662320390343666,0.35889872908592224,0.4199799597263336,-0.020923756062984467,0.3588879108428955,0.33881041407585144,-0.03441743552684784,0.3573770523071289,0.2895795702934265,-0.0461750328540802,0.3580913543701172,0.24634447693824768,-0.053282205015420914,0.3364627957344055,0.4414176344871521,-0.03010012023150921,0.32260075211524963,0.38667669892311096,-0.040179505944252014,0.31375306844711304,0.3512941598892212,-0.04449404776096344,0.30824780464172363,0.31687870621681213,-0.04683415964245796
F,0.35627123713493347,0.5680686831474304,1.8425087944251572e-07,0.3838255703449249,0.5419777035713196,-0.01623951643705368,0.4062231779098511,0.5099409818649292,-0.02802881971001625,0.4181552827358246,0.47863882780075073,-0.04025935009121895,0.41462016105651855,0.4454624652862549,-0.05123133957386017,0.3860901892185211,0.4108760952949524,-0.011397141963243484,0.40253934264183044,0.37271472811698914,-0.03545292466878891,0.4092780351638794,0.39375633001327515,-0.05515260994434357,0.41066890954971313,0.4239872097969055,-0.0647021010518074,0.3660803437232971,0.39215075969696045,-0.01391003280878067,0.375836044549942,0.32073062658309937,-0.027438193559646606,0.3812030255794525,0.27224913239479065,-0.03992604836821556,0.3850753903388977,0.22666071355342865,-0.04876057803630829,0.3441389799118042,0.39346590638160706,-0.020386869087815285,0.34521517157554626,0.31355592608451843,-0.03411377966403961,0.3438374102115631,0.2641705870628357,-0.045713040977716446,0.34480413794517517,0.22019630670547485,-0.05286131426692009,0.32155632972717285,0.41420742869377136,-0.028426043689250946,0.3089805543422699,0.3581799268722534,-0.03866594284772873,0.3019188940525055,0.3209037184715271,-0.0432855449616909,0.298632949590683,0.2856038212776184,-0.04599946737289429
F,0.3508965075016022,0.5710588097572327,1.888508194269889e-07,0.3770151138305664,0.5460506677627563,-0.019109712913632393,0.39806196093559265,0.5147764086723328,-0.03250645846128464,0.4088518023490906,0.4828140139579773,-0.04587986692786217,0.4036843180656433,0.4498571455478668,-0.05790206044912338,0.3823820650577545,0.41128066182136536,-0.014245887286961079,0.39743590354919434,0.3759534955024719,-0.03842451795935631,0.40028661489486694,0.3971198797225952,-0.05796600878238678,0.397910475730896,0.4285507798194885,-0.0673343688249588,0.3622187077999115,0.391682893037796,-0.015658969059586525,0.371643990278244,0.31748783588409424,-0.028823034837841988,0.37567776441574097,0.2683138847351074,-0.04037510231137276,0.37836775183677673,0.22225292026996613,-0.048393357545137405,0.34057310223579407,0.39260226488113403,-0.021192241460084915,0.34185099601745605,0.3159269094467163,-0.03416574001312256,0.3414653539657593,0.2671439051628113,-0.04437454417347908,0.34304380416870117,0.2236713021993637,-0.0506487600505352,0.31794071197509766,0.41318222880363464,-0.028679411858320236,0.3072705566883087,0.3577690124511719,-0.03804643452167511,0.3017405867576599,0.3210096061229706,-0.04133661463856697,0.29942646622657776,0.28660279512405396,-0.04313696175813675
F,0.3469730019569397,0.5719742774963379,1.5336357250816945e-07,0.37222230434417725,0.548065721988678,-0.021645963191986084,0.39295321702957153,0.5155689716339111,-0.03578965365886688,0.3993070423603058,0.48115167021751404,-0.04941347986459732,0.3889864683151245,0.44831955432891846,-0.06161215528845787,0.3774912655353546,0.40901979804039,-0.015128501690924168,0.38980332016944885,0.3777887523174286,-0.03954014182090759,0.3888639211654663,0.4045737683773041,-0.05972423031926155,0.38398468494415283,0.43942439556121826,-0.06945843249559402,0.3556618094444275,0.3897709846496582,-0.01534570287913084,0.36264100670814514,0.3159171938896179,-0.027611127123236656,0.36471641063690186,0.2692164182662964,-0.038460973650217056,0.36657652258872986,0.22606486082077026,-0.04602346941828728,0.3335952162742615,0.39166194200515747,-0.020036816596984863,0.33404481410980225,0.3163222074508667,-0.03222754970192909,0.3332860469818115,0.26813173294067383,-0.04186931252479553,0.335014283657074,0.22504116594791412,-0.047900304198265076,0.31097131967544556,0.41385021805763245,-0.026985179632902145,0.3006036877632141,0.35977116227149963,-0.03573380038142204,0.295404314994812,0.3238079845905304,-0.03849075734615326,0.29343852400779724,0.28980520367622375,-0.03999084606766701
F,0.3447438180446625,0.5756073594093323,1.3199971249377995e-07,0.3697400987148285,0.5532236099243164,-0.021471714600920677,0.3911425769329071,0.5211336612701416,-0.03601156547665596,0.39868906140327454,0.48815593123435974,-0.050048209726810455,0.38831672072410583,0.4583047032356262,-0.062452532351017,0.37645190954208374,0.4144148826599121,-0.01690594106912613,0.38904714584350586,0.3815617561340332,-0.04212259501218796,0.38700130581855774,0.4128469228744507,-0.06212710216641426,0.3805619180202484,0.4506666362285614,-0.07154199481010437,0.3544425964355469,0.3949136435985565,-0.017520209774374962,0.3617434799671173,0.3207552433013916,-0.03063804842531681,0.3636195659637451,0.2747114598751068,-0.04148657247424126,0.36495253443717957,0.23097285628318787,-0.048921432346105576,0.3320319652557373,0.3968179523944855,-0.022509194910526276,0.33249425888061523,0.32065004110336304,-0.03546963259577751,0.3317379355430603,0.2719873785972595,-0.04522870108485222,0.333221435546875,0.2273707091808319,-0.05125705897808075,0.3092803657054901,0.41930148005485535,-0.029652852565050125,0.29865145683288574,0.36459189653396606,-0.03891335427761078,0.2930748462677002,0.32796409726142883,-0.04181674122810364,0.29061415791511536,0.29282140731811523,-0.04337909817695618
F,0.3276982009410858,0.601875364780426,1.1708166880453064e-07,0.35347384214401245,0.5787867903709412,-0.024371936917304993,0.3757762014865875,0.5403913259506226,-0.03925538808107376,0.3808438777923584,0.5047980546951294,-0.05305338278412819,0.36655735969543457,0.4780733585357666,-0.06498493999242783,0.35892894864082336,0.4282311201095581,-0.01836029440164566,0.36818844079971313,0.39804884791374207,-0.044476836919784546,0.36582010984420776,0.4391036033630371,-0.06549698114395142,0.3600302040576935,0.47985196113586426,-0.0756358876824379,0.3352770507335663,0.40784186124801636,-0.01796782948076725,0.33952081203460693,0.3315294682979584,-0.031765203922986984,0.3401602804660797,0.2831684947013855,-0.04350321367383003,0.3406282663345337,0.2360556721687317,-0.05165712535381317,0.3115067183971405,0.41115349531173706,-0.022277509793639183,0.31036248803138733,0.3315616250038147,-0.0361882820725441,0.30903884768486023,0.2820056080818176,-0.04671566188335419,0.3102738857269287,0.2349037081003189,-0.053128089755773544,0.288152813911438,0.43564772605895996,-0.028953518718481064,0.27684077620506287,0.3781222701072693,-0.03838905319571495,0.2711723744869232,0.34075140953063965,-0.04133995249867439,0.2685880661010742,0.3040825128555298,-0.04300937056541443
F,0.3305828869342804,0.5940625667572021,1.44336894436492e-07,0.356635719537735,0.5691624879837036,-0.02277260273694992,0.3789929747581482,0.5317081212997437,-0.037143927067518234,0.38673052191734314,0.49644678831100464,-0.050881195813417435,0.37529993057250977,0.46517109870910645,-0.06273045390844345,0.36054685711860657,0.4186505377292633,-0.015876686200499535,0.37385693192481995,0.38334372639656067,-0.04220180958509445,0.3729647099971771,0.4184134006500244,-0.06394734978675842,0.3678073287010193,0.45814651250839233,-0.07445421069860458,0.33730703592300415,0.3988477885723114,-0.016113482415676117,0.34399691224098206,0.32116976380348206,-0.029620645567774773,0.345679372549057,0.27043795585632324,-0.041998084634542465,0.3469982147216797,0.22199197113513947,-0.05077702924609184,0.31373879313468933,0.40207457542419434,-0.021079396829009056,0.31390440464019775,0.3218584656715393,-0.034391433000564575,0.3127947747707367,0.2703808546066284,-0.04538422077894211,0.31430861353874207,0.2225278615951538,-0.0523267462849617,0.29020193219184875,0.4271863102912903,-0.02837529592216015,0.27856042981147766,0.37043526768684387,-0.03779412806034088,0.27237585186958313,0.3317067623138428,-0.04118790477514267,0.2695160210132599,0.2933485507965088,-0.04319366440176964
F,0.3336549997329712,0.5861554145812988,1.6108243983126158e-07,0.36241722106933594,0.5603375434875488,-0.020802687853574753,0.3878445029258728,0.5227372050285339,-0.03451770544052124,0.39778196811676025,0.48457419872283936,-0.04798826575279236,0.3870202898979187,0.45111918449401855,-0.05992167443037033,0.36697137355804443,0.41447028517723083,-0.016316521912813187,0.3824365437030792,0.3677605092525482,-0.04280659556388855,0.38472989201545715,0.3931052088737488,-0.06431960314512253,0.3819110691547394,0.4283563196659088,-0.07471021264791489,0.34369462728500366,0.3926425278186798,-0.01742912083864212,0.35120052099227905,0.31058549880981445,-0.031785689294338226,0.35401174426078796,0.25562623143196106,-0.04503588378429413,0.35562223196029663,0.2042253315448761,-0.05447889491915703,0.31974631547927856,0.39260271191596985,-0.02286059409379959,0.3200773298740387,0.3062107563018799,-0.03656884282827377,0.31842634081840515,0.2517271041870117,-0.048238661140203476,0.3191640079021454,0.20311491191387177,-0.05571192130446434,0.29588672518730164,0.4135843515396118,-0.030370349064469337,0.2829160988330841,0.35318654775619507,-0.040140196681022644,0.275868684053421,0.3132704496383667,-0.044093597680330276,0.2725675106048584,0.2759314179420471,-0.04648475721478462
F,0.34421101212501526,0.586760938167572,1.7550854636283475e-07,0.3723141551017761,0.5592600703239441,-0.017652738839387894,0.3959622383117676,0.5244504809379578,-0.030236488208174706,0.4060646593570709,0.49003493785858154,-0.04322389140725136,0.40078702569007874,0.4551398456096649,-0.054870665073394775,0.37575003504753113,0.41649001836776733,-0.012025279924273491,0.3911900222301483,0.3763183355331421,-0.037250816822052,0.3952534794807434,0.3954147696495056,-0.0579243078827858,0.3939266502857208,0.42766010761260986,-0.06793677061796188,0.3539258539676666,0.3963407278060913,-0.014530664309859276,0.36253464221954346,0.3179830312728882,-0.028286825865507126,0.36624979972839355,0.2646501660346985,-0.04097327962517738,0.3685704469680786,0.2148847132921219,-0.049912188202142715,0.33102717995643616,0.396955281496048,-0.021219981834292412,0.3313352167606354,0.3124977946281433,-0.034829311072826385,0.3295782208442688,0.25883549451828003,-0.04623521491885185,0.3300292491912842,0.2103949338197708,-0.05340771749615669,0.30760928988456726,0.41872438788414,-0.02973930723965168,0.294487327337265,0.3600422143936157,-0.03989199921488762,0.28713303804397583,0.321285605430603,-0.04387392848730087,0.2832925617694855,0.28416305780410767,-0.046099960803985596
F,0.34729862213134766,0.6025105714797974,1.563177818297845e-07,0.37428054213523865,0.575858473777771,-0.017488667741417885,0.3963872492313385,0.5409544706344604,-0.029285699129104614,0.4063633978366852,0.5074853301048279,-0.04129926860332489,0.4005716145038605,0.47491732239723206,-0.05187408998608589,0.3770291805267334,0.4388063848018646,-0.011962267570197582,0.391825407743454,0.39717897772789,-0.03594314306974411,0.39561915397644043,0.4195893406867981,-0.055822838097810745,0.39438530802726746,0.45164045691490173,-0.06563960760831833,0.3555046617984772,0.4192236661911011,-0.014081621542572975,0.36228811740875244,0.3432960510253906,-0.027664056047797203,0.3657683730125427,0.29201963543891907,-0.040628720074892044,0.36776894330978394,0.2444625049829483,-0.049899011850357056,0.3328743875026703,0.4206867516040802,-0.020230930298566818,0.3323661983013153,0.33867785334587097,-0.033923547714948654,0.32992884516716003,0.2867041230201721,-0.045975252985954285,0.32974451780319214,0.24022012948989868,-0.053571488708257675,0.3104903995990753,0.442247599363327,-0.028073377907276154,0.29719433188438416,0.38533881306648254,-0.03846583887934685,0.2890976667404175,0.3475152850151062,-0.043156325817108154,0.2844385504722595,0.3116207718849182,-0.04594147577881813
F,0.3461064398288727,0.6129339337348938,1.3474016213876894e-07,0.3721180558204651,0.5879698991775513,-0.017718791961669922,0.39361801743507385,0.5539931058883667,-0.02972165308892727,0.4024260938167572,0.522173285484314,-0.0417250320315361,0.3946026861667633,0.49379563331604004,-0.05206767097115517,0.3737946152687073,0.4500494599342346,-0.012769022025167942,0.3884309232234955,0.413076788187027,-0.03570869192481041,0.3901260495185852,0.4415304958820343,-0.05429141968488693,0.3865947723388672,0.4758937656879425,-0.06327257305383682,0.35193631052970886,0.43181106448173523,-0.014683057554066181,0.3577321767807007,0.3576813042163849,-0.02723691426217556,0.35947445034980774,0.3100540041923523,-0.038703832775354385,0.3596145808696747,0.26555588841438293,-0.0468769371509552,0.32935652136802673,0.4346393048763275,-0.020541250705718994,0.32791224122047424,0.35496094822883606,-0.033543769270181656,0.32493677735328674,0.30658087134361267,-0.04448967054486275,0.32398563623428345,0.2622714638710022,-0.05133621394634247,0.3074774742126465,0.45742300152778625,-0.028047677129507065,0.29361605644226074,0.40278160572052,-0.037767186760902405,0.2856598198413849,0.36703598499298096,-0.041650690138339996,0.28104281425476074,0.33244019746780396,-0.043887779116630554
F,0.3552035987377167,0.6063932180404663,1.687664337168826e-07,0.3822496831417084,0.5762165188789368,-0.0160165224224329,0.4044633209705353,0.540715217590332,-0.027699990198016167,0.4170299768447876,0.5118795037269592,-0.039747994393110275,0.41275084018707275,0.48319923877716064,-0.05031698942184448,0.37702450156211853,0.44343307614326477,-0.011938145384192467,0.3943771719932556,0.406794935464859,-0.03616771847009659,0.40359827876091003,0.4344460964202881,-0.05625143274664879,0.4058646261692047,0.467316210269928,-0.06612682342529297,0.3562631607055664,0.4288416802883148,-0.014858600683510303,0.3614552617073059,0.35756251215934753,-0.028806114569306374,0.3649417459964752,0.30848371982574463,-0.04187226668000221,0.36648139357566833,0.26255905628204346,-0.051215946674346924,0.3344545066356659,0.43553003668785095,-0.021698759868741035,0.3305692672729492,0.3557511270046234,-0.03608665242791176,0.3262445330619812,0.30638062953948975,-0.048623692244291306,0.3242073953151703,0.26148363947868347,-0.056326884776353836,0.31375157833099365,0.4615446627140045,-0.029971634969115257,0.29675784707069397,0.4089198112487793,-0.04077418893575668,0.28635406494140625,0.3735256791114807,-0.04589742422103882,0.2793922424316406,0.3386828601360321,-0.04893926531076431
F,0.3612755239009857,0.5958108901977539,1.799293585236228e-07,0.3888024091720581,0.5637578964233398,-0.012881439179182053,0.4118916690349579,0.5258459448814392,-0.023162521421909332,0.4259682297706604,0.4958833158016205,-0.03423231840133667,0.42603179812431335,0.4642849564552307,-0.04393930360674858,0.3835475444793701,0.43492451310157776,-0.010481840930879116,0.40293291211128235,0.39825618267059326,-0.03499092906713486,0.41490334272384644,0.42371830344200134,-0.0550415962934494,0.41948580741882324,0.4554137885570526,-0.06475206464529037,0.3626810908317566,0.42026686668395996,-0.014979753643274307,0.36914515495300293,0.3485778570175171,-0.029313839972019196,0.3749942183494568,0.2994961738586426,-0.0420675165951252,0.3784664571285248,0.2553682327270508,-0.050953179597854614,0.3406391143798828,0.42688366770744324,-0.023158995434641838,0.3356876075267792,0.3465142846107483,-0.03811302036046982,0.33190980553627014,0.2972179055213928,-0.05072002857923508,0.33025842905044556,0.2528878450393677,-0.05822308734059334,0.3203129172325134,0.4529839754104614,-0.03243352472782135,0.3027592897415161,0.4000798761844635,-0.0438971109688282,0.29252684116363525,0.36487820744514465,-0.049114927649497986,0.285580575466156,0.3301810622215271,-0.05197653919458389
F,0.3650796413421631,0.5918135046958923,1.861056801999439e-07,0.3934071958065033,0.56027752161026,-0.012691074050962925,0.4176275134086609,0.5244801044464111,-0.023256054148077965,0.43290162086486816,0.4972633123397827,-0.034637052565813065,0.43504539132118225,0.46827712655067444,-0.04463685676455498,0.3903123140335083,0.4320647716522217,-0.010886824689805508,0.4124748110771179,0.39778661727905273,-0.03547246381640434,0.42493513226509094,0.42618614435195923,-0.05538798123598099,0.42891329526901245,0.4594587981700897,-0.06497959792613983,0.3705694377422333,0.4165785610675812,-0.015575872734189034,0.37966471910476685,0.3451147675514221,-0.03002539649605751,0.38779404759407043,0.2969464063644409,-0.042936839163303375,0.3932250142097473,0.25337037444114685,-0.05201870575547218,0.3490162491798401,0.42177242040634155,-0.023881984874606133,0.3464590311050415,0.3409276604652405,-0.03877492994070053,0.3446507453918457,0.29077792167663574,-0.051556672900915146,0.3446303904056549,0.24636708199977875,-0.059287235140800476,0.32836073637008667,0.44607704877853394,-0.03326486423611641,0.3126000463962555,0.3909279406070709,-0.04456666484475136,0.3033992052078247,0.3539360463619232,-0.04982617497444153,0.2972775399684906,0.3176555633544922,-0.052839960902929306
F,0.3650793135166168,0.5834532976150513,1.7915529326728574e-07,0.3934587836265564,0.5531043410301208,-0.014002361334860325,0.41663894057273865,0.5185585021972656,-0.025483042001724243,0.4303944706916809,0.49294114112854004,-0.03770729899406433,0.42765188217163086,0.46744829416275024,-0.048507217317819595,0.38825708627700806,0.4218793511390686,-0.011775442399084568,0.4084393382072449,0.38904839754104614,-0.03690804913640022,0.4205981194972992,0.42134997248649597,-0.05725805088877678,0.42448553442955017,0.45692092180252075,-0.06700345128774643,0.36858558654785156,0.4060114324092865,-0.016060691326856613,0.37764784693717957,0.33591896295547485,-0.030561883002519608,0.38508981466293335,0.28988921642303467,-0.043172452598810196,0.39029791951179504,0.24780848622322083,-0.05193774774670601,0.34673893451690674,0.41141751408576965,-0.02417987957596779,0.34307223558425903,0.33073028922080994,-0.03904438391327858,0.3407951891422272,0.28150367736816406,-0.0516091026365757,0.34070709347724915,0.23724587261676788,-0.059046484529972076,0.3259947597980499,0.4369818866252899,-0.0335460864007473,0.3093276023864746,0.3813590407371521,-0.04415803775191307,0.2997550368309021,0.34501785039901733,-0.048936109989881516,0.29344481229782104,0.3095596134662628,-0.05169873684644699
F,0.36369913816452026,0.5787743330001831,1.5433184330504446e-07,0.3907773494720459,0.5527599453926086,-0.016614215448498726,0.412977397441864,0.5220836400985718,-0.02948937751352787,0.42497140169143677,0.49642378091812134,-0.04267178103327751,0.4197372496128082,0.4687865376472473,-0.054398104548454285,0.3892142176628113,0.41511836647987366,-0.014025547541677952,0.40661153197288513,0.38266730308532715,-0.039348963648080826,0.4139798581600189,0.41540631651878357,-0.059909120202064514,0.41434183716773987,0.45183712244033813,-0.06988172978162766,0.3686278164386749,0.3989541828632355,-0.01701715774834156,0.37561750411987305,0.3297278881072998,-0.03173588216304779,0.38063299655914307,0.2840453088283539,-0.04473096877336502,0.3834773004055023,0.24177096784114838,-0.05390269309282303,0.34630298614501953,0.40444034337997437,-0.023954221978783607,0.34357258677482605,0.3246424198150635,-0.038733385503292084,0.34081947803497314,0.27522027492523193,-0.051201555877923965,0.34028682112693787,0.23002119362354279,-0.05884183943271637,0.32468849420547485,0.430109441280365,-0.03234554082155228,0.3087449073791504,0.37461328506469727,-0.042972832918167114,0.29988279938697815,0.33745303750038147,-0.04793709143996239,0.2947464883327484,0.30121171474456787,-0.05094270408153534
F,0.36010581254959106,0.5784019231796265,1.2846612662542611e-07,0.3862377405166626,0.5540191531181335,-0.019182268530130386,0.4086304306983948,0.5240046977996826,-0.033233847469091415,0.41904619336128235,0.49645087122917175,-0.04697626456618309,0.4099811613559723,0.47268182039260864,-0.05909236520528793,0.38911139965057373,0.41581177711486816,-0.016675159335136414,0.40345942974090576,0.38478803634643555,-0.04046237841248512,0.40581297874450684,0.41596558690071106,-0.058958061039447784,0.40262436866760254,0.4525318443775177,-0.06776364147663116,0.3669324517250061,0.39825817942619324,-0.01799858547747135,0.3717886209487915,0.32978951930999756,-0.03153477981686592,0.3732914626598358,0.2865064740180969,-0.04275094345211983,0.37309330701828003,0.24553772807121277,-0.05074334889650345,0.34380021691322327,0.40212053060531616,-0.023230163380503654,0.34137964248657227,0.3229511082172394,-0.036948416382074356,0.33778929710388184,0.27352410554885864,-0.048149190843105316,0.33629509806632996,0.22782544791698456,-0.055293068289756775,0.32113200426101685,0.42626437544822693,-0.03011292777955532,0.30629968643188477,0.37114188075065613,-0.04015601798892021,0.29749399423599243,0.334233820438385,-0.04467037320137024,0.2925873398780823,0.29810941219329834,-0.04757596552371979
F,0.36133521795272827,0.580862820148468,9.232262243585865e-08,0.3856739103794098,0.5589715242385864,-0.019250646233558655,0.4080994725227356,0.5279939770698547,-0.033170562237501144,0.4147360324859619,0.49934208393096924,-0.04664437845349312,0.4040137827396393,0.4747399091720581,-0.05842145159840584,0.3896341919898987,0.419678270816803,-0.018068788573145866,0.400447815656662,0.3894638419151306,-0.042311716824769974,0.40101176500320435,0.42643117904663086,-0.061039187014102936,0.3965604305267334,0.46538203954696655,-0.06995970755815506,0.3669227659702301,0.4013836085796356,-0.01951652579009533,0.3704252243041992,0.3321274518966675,-0.03320900723338127,0.3709106743335724,0.28874140977859497,-0.0444851890206337,0.37006908655166626,0.24667397141456604,-0.052561476826667786,0.34370657801628113,0.40447935461997986,-0.024747829884290695,0.3409346640110016,0.32600337266921997,-0.0384807288646698,0.3375013470649719,0.2761227488517761,-0.049402013421058655,0.3362882435321808,0.22955825924873352,-0.056408874690532684,0.3210388720035553,0.4281957447528839,-0.03161400556564331,0.3066137433052063,0.3713594079017639,-0.04134040325880051,0.2985560894012451,0.3341101408004761,-0.04518820717930794,0.2942560017108917,0.2977575659751892,-0.04767175391316414
F,0.3538389801979065,0.5926966667175293,9.623786212387131e-08,0.37866824865341187,0.5721009969711304,-0.02308291383087635,0.40201884508132935,0.5401985049247742,-0.03922926262021065,0.4073405861854553,0.5091113448143005,-0.054427456110715866,0.3944389522075653,0.4837142527103424,-0.06772821396589279,0.38258156180381775,0.42626234889030457,-0.022383615374565125,0.39412379264831543,0.39462196826934814,-0.04939783737063408,0.3931127190589905,0.43549567461013794,-0.0698288083076477,0.3869914412498474,0.4787459671497345,-0.07941369712352753,0.3590407967567444,0.4065154790878296,-0.02250625379383564,0.3623090982437134,0.33410435914993286,-0.0376136414706707,0.361880362033844,0.28870221972465515,-0.04924209043383598,0.36004364490509033,0.24349649250507355,-0.057361163198947906,0.33574387431144714,0.4092947840690613,-0.02680974267423153,0.3328314423561096,0.3276747465133667,-0.04145318269729614,0.3291519284248352,0.27655228972435,-0.05207683518528938,0.3275391459465027,0.22888311743736267,-0.05876598879694939,0.3127714693546295,0.4340989589691162,-0.033142395317554474,0.2988889217376709,0.37622493505477905,-0.0433054156601429,0.29107072949409485,0.33752480149269104,-0.04692650958895683,0.2868078947067261,0.3003664016723633,-0.0491352416574955
F,0.3312586545944214,0.6165141463279724,6.358538229278565e-08,0.3548356592655182,0.5992244482040405,-0.027535850182175636,0.37834033370018005,0.5654163956642151,-0.045600224286317825,0.37907683849334717,0.5336865782737732,-0.06170080974698067,0.36486324667930603,0.5066269636154175,-0.07568108290433884,0.3626559376716614,0.44417840242385864,-0.028652150183916092,0.3702643811702728,0.4101595878601074,-0.05658673122525215,0.36429500579833984,0.4564611315727234,-0.07753287255764008,0.35541656613349915,0.5024976134300232,-0.08787311613559723,0.33666160702705383,0.4228768050670624,-0.027087301015853882,0.33609703183174133,0.34764817357063293,-0.04392504692077637,0.33303946256637573,0.30245542526245117,-0.057039450854063034,0.3293100893497467,0.25544166564941406,-0.06644026190042496,0.31184375286102295,0.42577800154685974,-0.029695145785808563,0.307431697845459,0.3420807123184204,-0.04584810510277748,0.3033776581287384,0.2886701226234436,-0.05778529867529869,0.3015698194503784,0.23622174561023712,-0.06566853821277618,0.2874740958213806,0.4511968791484833,-0.03450808674097061,0.27359825372695923,0.3918514847755432,-0.0456792376935482,0.2659956216812134,0.3517722189426422,-0.05004318058490753,0.26162248849868774,0.3112739622592926,-0.05305473506450653
F,0.3502442538738251,0.6038074493408203,1.1154099865962053e-07,0.3770167827606201,0.5801647305488586,-0.02247869037091732,0.4012924134731293,0.5464089512825012,-0.03786154091358185,0.40719708800315857,0.5137049555778503,-0.05237262323498726,0.3944603204727173,0.4858294427394867,-0.06484925001859665,0.3814021944999695,0.4336014688014984,-0.020367179065942764,0.3946743905544281,0.39904123544692993,-0.04656273126602173,0.3930395245552063,0.4377247095108032,-0.06635519862174988,0.3862408697605133,0.4800803065299988,-0.07551564276218414,0.3576804995536804,0.4138648509979248,-0.020723851397633553,0.36238986253738403,0.3374377191066742,-0.03536013886332512,0.36280813813209534,0.289858341217041,-0.046983007341623306,0.36209675669670105,0.2435854822397232,-0.055195748805999756,0.3335569500923157,0.41667425632476807,-0.02533339522778988,0.3314562737941742,0.33335620164871216,-0.03992830216884613,0.3288079500198364,0.2800760865211487,-0.05110156536102295,0.3282260298728943,0.2304028421640396,-0.058144401758909225,0.3094198405742645,0.4409644901752472,-0.031885288655757904,0.2958807051181793,0.3810790479183197,-0.04212120175361633,0.28846049308776855,0.3410731852054596,-0.04597027599811554,0.28445759415626526,0.3016081154346466,-0.04836872220039368
F,0.3612074553966522,0.5906078219413757,1.7037928046192974e-07,0.3893266022205353,0.5649468898773193,-0.018040059134364128,0.412847638130188,0.5327220559120178,-0.03157573193311691,0.4252607524394989,0.5032728910446167,-0.045329973101615906,0.42148834466934204,0.47002628445625305,-0.05775495246052742,0.3903748691082001,0.4240366816520691,-0.015231061726808548,0.40769147872924805,0.38365113735198975,-0.04126342386007309,0.4143841862678528,0.40754079818725586,-0.06251004338264465,0.4149758815765381,0.44084683060646057,-0.07298902422189713,0.3687608242034912,0.40567612648010254,-0.017778288573026657,0.37630391120910645,0.3303368389606476,-0.032784875482320786,0.3808388411998749,0.28100013732910156,-0.04646064341068268,0.38376477360725403,0.2358701229095459,-0.05626450479030609,0.3455227017402649,0.40923961997032166,-0.024402331560850143,0.34411972761154175,0.324780136346817,-0.03939829766750336,0.34179940819740295,0.2719804644584656,-0.0523621141910553,0.341709703207016,0.22436900436878204,-0.06061040982604027,0.3225768804550171,0.43325892090797424,-0.03263738006353378,0.30739831924438477,0.3744908571243286,-0.043982066214084625,0.29874926805496216,0.335212379693985,-0.04950524494051933,0.29383787512779236,0.29740530252456665,-0.05297933518886566
F,0.3621255159378052,0.5868997573852539,1.9496539493957243e-07,0.3914760947227478,0.5592808127403259,-0.016236668452620506,0.4161967635154724,0.5251771211624146,-0.0288867000490427,0.43071168661117554,0.49594613909721375,-0.04190982133150101,0.429842084646225,0.4622752368450165,-0.05354386568069458,0.3895997405052185,0.4205562472343445,-0.014134523458778858,0.4105600416660309,0.38447651267051697,-0.04073844477534294,0.4214872717857361,0.41284891963005066,-0.062357209622859955,0.42498913407325745,0.447491317987442,-0.07287091016769409,0.36853447556495667,0.40281569957733154,-0.017846591770648956,0.377760112285614,0.3276192843914032,-0.033450670540332794,0.385225385427475,0.27777886390686035,-0.047062430530786514,0.3907744884490967,0.23348037898540497,-0.05655062943696976,0.34563714265823364,0.40783995389938354,-0.025595098733901978,0.34387025237083435,0.32351306080818176,-0.04157605394721031,0.341941237449646,0.27039557695388794,-0.054872699081897736,0.34242886304855347,0.2236616164445877,-0.06289021670818329,0.32353919744491577,0.4338875710964203,-0.03472637012600899,0.30725932121276855,0.3750815987586975,-0.04671582579612732,0.29842519760131836,0.33574432134628296,-0.05224805325269699,0.29328733682632446,0.29792019724845886,-0.05545821413397789
F,0.36241066455841064,0.5854656100273132,1.923790478031151e-07,0.39317500591278076,0.5530654788017273,-0.012331209145486355,0.41882407665252686,0.5154641270637512,-0.022965198382735252,0.4351942241191864,0.4865773618221283,-0.034683410078287125,0.43796035647392273,0.45395877957344055,-0.04511598125100136,0.39228329062461853,0.4168562889099121,-0.010215537622570992,0.41595858335494995,0.38099202513694763,-0.0366191640496254,0.42894425988197327,0.4094223976135254,-0.05819190666079521,0.4336976706981659,0.44228291511535645,-0.06861846894025803,0.3720495402812958,0.39984896779060364,-0.015669208019971848,0.38301244378089905,0.3239624500274658,-0.031181225553154945,0.3930506706237793,0.2743214964866638,-0.0447547622025013,0.4003697335720062,0.22942134737968445,-0.05413129925727844,0.34952062368392944,0.4046332836151123,-0.024951621890068054,0.34890109300613403,0.3190091550350189,-0.04072262719273567,0.3487042784690857,0.26601314544677734,-0.05370252579450607,0.3500466048717499,0.2192363291978836,-0.061361994594335556,0.3276076912879944,0.4291425049304962,-0.03533552214503288,0.31306949257850647,0.36833125352859497,-0.04709890857338905,0.30509209632873535,0.32764536142349243,-0.052288834005594254,0.30016082525253296,0.2886352241039276,-0.05510517209768295
F,0.3647606074810028,0.6110414266586304,1.8738886353730777e-07,0.39564311504364014,0.5773922204971313,-0.011487253941595554,0.4216289222240448,0.5378587245941162,-0.021500660106539726,0.4400261342525482,0.5074300765991211,-0.032846517860889435,0.4449724853038788,0.47280704975128174,-0.04281593859195709,0.3924812078475952,0.44261181354522705,-0.008674168959259987,0.41758808493614197,0.4045490622520447,-0.03464841470122337,0.4339689612388611,0.43406862020492554,-0.05581590160727501,0.4405451714992523,0.46827632188796997,-0.0659109577536583,0.3733450770378113,0.42632636427879333,-0.014677905477583408,0.3856121003627777,0.34877809882164,-0.030242009088397026,0.39759257435798645,0.30119627714157104,-0.04378277435898781,0.40584391355514526,0.2588435709476471,-0.0528019554913044,0.35168445110321045,0.4315171241760254,-0.024428794160485268,0.35133880376815796,0.3463708460330963,-0.040050312876701355,0.3524039685726166,0.29332444071769714,-0.05234365910291672,0.3543187379837036,0.24624598026275635,-0.05929034948348999,0.3307381868362427,0.4560650587081909,-0.03527176380157471,0.31945812702178955,0.39454853534698486,-0.04655924066901207,0.3134937882423401,0.3534368574619293,-0.05068380758166313,0.3098021149635315,0.3150988221168518,-0.05256729945540428
