label,x0,y0,z0,x1,y1,z1,x2,y2,z2,x3,y3,z3,x4,y4,z4,x5,y5,z5,x6,y6,z6,x7,y7,z7,x8,y8,z8,x9,y9,z9,x10,y10,z10,x11,y11,z11,x12,y12,z12,x13,y13,z13,x14,y14,z14,x15,y15,z15,x16,y16,z16,x17,y17,z17,x18,y18,z18,x19,y19,z19,x20,y20,z20
I,0.3032872974872589,0.8875123858451843,-8.21144041651678e-08,0.34117361903190613,0.8935110569000244,-0.011582456529140472,0.37989163398742676,0.9399712681770325,-0.024971529841423035,0.4008210301399231,0.9931477308273315,-0.03489208593964577,0.40183550119400024,1.0407427549362183,-0.04322730749845505,0.35522493720054626,0.9408587217330933,-0.05215885117650032,0.3806389272212982,1.041189432144165,-0.06442049890756607,0.38333961367607117,1.0614500045776367,-0.06249905750155449,0.3802546262741089,1.0615596771240234,-0.0588732585310936,0.32886889576911926,0.9576281309127808,-0.05136353150010109,0.3547954261302948,1.06551992893219,-0.06217651814222336,0.3593493700027466,1.0790342092514038,-0.057388611137866974,0.3565734922885895,1.073999285697937,-0.054026901721954346,0.30388784408569336,0.9758926630020142,-0.04854489117860794,0.32739731669425964,1.0810474157333374,-0.05750337615609169,0.3322528898715973,1.086255669593811,-0.04903559759259224,0.33106034994125366,1.0746934413909912,-0.042831528931856155,0.28366416692733765,0.9933750033378601,-0.0455281138420105,0.30185139179229736,1.0779309272766113,-0.05121521279215813,0.3051161766052246,1.0833364725112915,-0.044780392199754715,0.30323195457458496,1.0719963312149048,-0.039619263261556625
I,0.3462510108947754,0.6917130947113037,-2.357825366061661e-07,0.3863956034183502,0.6799947619438171,-0.0310274176299572,0.4168432056903839,0.6331287622451782,-0.04648551717400551,0.400337278842926,0.5689123868942261,-0.05946360155940056,0.37065407633781433,0.5335664749145508,-0.06691667437553406,0.40982499718666077,0.5349706411361694,-0.023698750883340836,0.4157077372074127,0.4825489819049835,-0.05059511214494705,0.4025728702545166,0.5379651188850403,-0.062384746968746185,0.3963457942008972,0.5704745650291443,-0.06498990952968597,0.3803877830505371,0.5200764536857605,-0.018368462100625038,0.38185685873031616,0.4852500855922699,-0.04934677109122276,0.37362632155418396,0.553389310836792,-0.05847238376736641,0.3713609278202057,0.5810251235961914,-0.057271040976047516,0.3525758981704712,0.5135825872421265,-0.018062302842736244,0.3503479063510895,0.47850146889686584,-0.04916651174426079,0.3486230671405792,0.5477295517921448,-0.05194106698036194,0.34737083315849304,0.5934807062149048,-0.044267088174819946,0.32544466853141785,0.5106436014175415,-0.019972197711467743,0.3210553526878357,0.4415683150291443,-0.03675638884305954,0.31783947348594666,0.394841730594635,-0.04149927198886871,0.31574198603630066,0.3478087782859802,-0.040561430156230927
I,0.35238417983055115,0.7206592559814453,-2.5023564376169816e-07,0.39337798953056335,0.7062662839889526,-0.028434086591005325,0.4275510311126709,0.6594498753547668,-0.04273439571261406,0.41630327701568604,0.5930476188659668,-0.05519115552306175,0.3857877254486084,0.5574538707733154,-0.06246672943234444,0.41839414834976196,0.5611661672592163,-0.019571730867028236,0.4270954132080078,0.5106115341186523,-0.04333817586302757,0.4128741919994354,0.5651684999465942,-0.053194548934698105,0.4059405028820038,0.5958338975906372,-0.05513749271631241,0.3888096809387207,0.5453258752822876,-0.015721334144473076,0.3940873146057129,0.5106552243232727,-0.04444326087832451,0.385448157787323,0.576671838760376,-0.052982062101364136,0.38203778862953186,0.6037403345108032,-0.05187826603651047,0.3607364296913147,0.5382812023162842,-0.01654714345932007,0.3623060882091522,0.5009864568710327,-0.04556186869740486,0.360789954662323,0.5703917145729065,-0.047586433589458466,0.3585991859436035,0.6152117848396301,-0.0401722751557827,0.3329758644104004,0.535141110420227,-0.019492270424962044,0.32815712690353394,0.46500736474990845,-0.03443251922726631,0.32632988691329956,0.4181555211544037,-0.03827996924519539,0.32604068517684937,0.3688497543334961,-0.03736373409628868
I,0.31470608711242676,0.7193466424942017,-1.9904933878933662e-07,0.3496782183647156,0.7077124714851379,-0.035530637949705124,0.37324684858322144,0.6643238067626953,-0.05475620552897453,0.35516008734703064,0.607715904712677,-0.07051132619380951,0.3262322247028351,0.5730495452880859,-0.08015789091587067,0.37442827224731445,0.5630009174346924,-0.031277816742658615,0.36730048060417175,0.520047128200531,-0.060424450784921646,0.358039915561676,0.5764240026473999,-0.07352689653635025,0.3588252663612366,0.6051226258277893,-0.07739672064781189,0.3446692228317261,0.5503033399581909,-0.02420741133391857,0.33702266216278076,0.522384524345398,-0.05694713443517685,0.3313858211040497,0.5893487930297852,-0.06494016945362091,0.335331529378891,0.6103419065475464,-0.06343284249305725,0.3167544901371002,0.5464217662811279,-0.022542977705597878,0.3085378408432007,0.513302743434906,-0.05339831858873367,0.3063969612121582,0.581220269203186,-0.053514912724494934,0.3083043396472931,0.6242916584014893,-0.0451064333319664,0.2900605797767639,0.5479307770729065,-0.02387894131243229,0.28179478645324707,0.4858863949775696,-0.040866877883672714,0.2748454213142395,0.44368112087249756,-0.04552394151687622,0.2709183990955353,0.39984554052352905,-0.04491307958960533
I,0.29687419533729553,0.7161838412284851,-1.884138924879153e-07,0.32477495074272156,0.7096328735351562,-0.039147429168224335,0.3407664895057678,0.6686421632766724,-0.059910934418439865,0.3233456611633301,0.6160205006599426,-0.0762859582901001,0.2974390685558319,0.5858261585235596,-0.0861499160528183,0.3526325523853302,0.5704392790794373,-0.03494806960225105,0.3329567015171051,0.5314244031906128,-0.06442156434059143,0.3232424855232239,0.5868756771087646,-0.07779098302125931,0.32693150639533997,0.6150725483894348,-0.08181653171777725,0.3245897591114044,0.5535265803337097,-0.025605838745832443,0.30634137988090515,0.5329145789146423,-0.058558620512485504,0.2998168468475342,0.5993297100067139,-0.06615123897790909,0.3061946928501129,0.6164563894271851,-0.06417877227067947,0.2985439598560333,0.5479466915130615,-0.021820301190018654,0.28332722187042236,0.5203505754470825,-0.053589459508657455,0.2786777913570404,0.5857641696929932,-0.053897786885499954,0.2811615467071533,0.6254422664642334,-0.04511904716491699,0.2744416296482086,0.5479678511619568,-0.021309521049261093,0.2656266689300537,0.4896964132785797,-0.03960152715444565,0.25749555230140686,0.45237061381340027,-0.044663626700639725,0.25324690341949463,0.4142366647720337,-0.04366087168455124
I,0.275092750787735,0.7221272587776184,-2.0571816605752247e-07,0.2990916669368744,0.7187057733535767,-0.03919937461614609,0.3125901222229004,0.6798828840255737,-0.05891978368163109,0.2925609350204468,0.6287106275558472,-0.07344948500394821,0.2680066227912903,0.6018751263618469,-0.08122258633375168,0.32889166474342346,0.5871455073356628,-0.03600965812802315,0.3063012361526489,0.5490512251853943,-0.06404321640729904,0.2978840172290802,0.6041348576545715,-0.07623161375522614,0.30344218015670776,0.6310457587242126,-0.07968072593212128,0.3013695776462555,0.5688024759292603,-0.02617412805557251,0.2766345739364624,0.5553372502326965,-0.05916493386030197,0.2744828760623932,0.6171891093254089,-0.06716404110193253,0.2838592827320099,0.6354987025260925,-0.06529349833726883,0.2762831747531891,0.5631393790245056,-0.021590210497379303,0.2554178237915039,0.5431650280952454,-0.05423056706786156,0.2541428506374359,0.6031959652900696,-0.056117042899131775,0.25965917110443115,0.6374561190605164,-0.04805244505405426,0.2543710172176361,0.5629563927650452,-0.02003932185471058,0.24427035450935364,0.5100201368331909,-0.0395117923617363,0.23509010672569275,0.47583597898483276,-0.0451786033809185,0.22882254421710968,0.43955516815185547,-0.04412137344479561
I,0.275899201631546,0.7158974409103394,-1.8254584688293107e-07,0.300394207239151,0.7132282853126526,-0.036439452320337296,0.31315112113952637,0.6745936870574951,-0.05465037003159523,0.2920331060886383,0.6217189431190491,-0.06743979454040527,0.26894497871398926,0.5929905772209167,-0.0733955129981041,0.330796480178833,0.5799195766448975,-0.03415978327393532,0.3023408055305481,0.5413720011711121,-0.059447843581438065,0.2934839129447937,0.5964236259460449,-0.06961815059185028,0.30072420835494995,0.6238594651222229,-0.07243622839450836,0.3052661120891571,0.5627605319023132,-0.02486356720328331,0.2762749195098877,0.5460474491119385,-0.05482494831085205,0.27503281831741333,0.6093022227287292,-0.06010908633470535,0.285554975271225,0.6278434991836548,-0.0570443756878376,0.28075090050697327,0.5589485168457031,-0.0204390287399292,0.25675565004348755,0.5407383441925049,-0.05083383992314339,0.25834667682647705,0.6009761691093445,-0.0502735860645771,0.26625490188598633,0.6324413418769836,-0.04140502214431763,0.25890928506851196,0.5614715814590454,-0.018798908218741417,0.24521861970424652,0.5117890238761902,-0.038409918546676636,0.23558685183525085,0.48198819160461426,-0.043019846081733704,0.2293930947780609,0.44655412435531616,-0.041196275502443314
I,0.29980674386024475,0.7332935333251953,-2.1220120061116177e-07,0.3347993493080139,0.7214230895042419,-0.031607694923877716,0.3557605743408203,0.6728895902633667,-0.04739305377006531,0.335257887840271,0.6142558455467224,-0.060570165514945984,0.30744826793670654,0.5842617750167847,-0.06793751567602158,0.35408443212509155,0.5849018692970276,-0.023846937343478203,0.34770727157592773,0.5343806743621826,-0.05128217488527298,0.33805668354034424,0.5875949859619141,-0.0634024441242218,0.33897143602371216,0.6206575632095337,-0.06626331806182861,0.3266366422176361,0.5726836323738098,-0.017767438665032387,0.31718379259109497,0.5439187288284302,-0.04999475181102753,0.31207653880119324,0.6067174673080444,-0.05831560119986534,0.3154670298099518,0.6320706009864807,-0.056272078305482864,0.30118945240974426,0.5691549777984619,-0.01708693988621235,0.290778785943985,0.5337435007095337,-0.047966208308935165,0.29008668661117554,0.5969502925872803,-0.04970197752118111,0.29332032799720764,0.6411138772964478,-0.041506510227918625,0.2776647210121155,0.570286750793457,-0.0189917404204607,0.27068305015563965,0.5110508799552917,-0.035562556236982346,0.2646034359931946,0.47035863995552063,-0.04063841328024864,0.2607764005661011,0.42983323335647583,-0.039998333901166916
I,0.3286750316619873,0.7395665645599365,-2.098762053037717e-07,0.3668448328971863,0.7223995923995972,-0.03236889839172363,0.39497265219688416,0.6733202338218689,-0.04886683449149132,0.37937039136886597,0.6101828217506409,-0.0631863921880722,0.35054269433021545,0.5798385739326477,-0.071767158806324,0.3871811032295227,0.5807911157608032,-0.019965248182415962,0.3902360200881958,0.5295166969299316,-0.04728846251964569,0.3801133334636688,0.5834025144577026,-0.05982039123773575,0.3752128481864929,0.6162596344947815,-0.06243535876274109,0.3585805594921112,0.5710620880126953,-0.01412956602871418,0.35719361901283264,0.5401664972305298,-0.045432064682245255,0.3524724841117859,0.6056361794471741,-0.05520020052790642,0.35175132751464844,0.6299310922622681,-0.05405879020690918,0.3326745331287384,0.5674766898155212,-0.013867096975445747,0.32845398783683777,0.5321347713470459,-0.04452713951468468,0.32908743619918823,0.5974484086036682,-0.047256603837013245,0.32887858152389526,0.6399011015892029,-0.03951326757669449,0.30716472864151,0.5657564997673035,-0.016195159405469894,0.3005589544773102,0.5035973191261292,-0.030801502987742424,0.2965518534183502,0.4614655077457428,-0.03426686301827431,0.2936842143535614,0.4172198176383972,-0.03260079026222229
I,0.36612677574157715,0.7488051652908325,-2.564068779520312e-07,0.40557661652565,0.7294591665267944,-0.02333969436585903,0.4402810037136078,0.6775621175765991,-0.03446764126420021,0.43361297249794006,0.6117796897888184,-0.04474563151597977,0.405354380607605,0.5828081369400024,-0.05076604709029198,0.4230671226978302,0.5851168036460876,-0.013499974273145199,0.43585413694381714,0.5321475267410278,-0.03513246402144432,0.42451211810112,0.5833978652954102,-0.04412613436579704,0.41632258892059326,0.6143620610237122,-0.04536087065935135,0.39604416489601135,0.5746848583221436,-0.011477400548756123,0.4042063355445862,0.5384443402290344,-0.03795737400650978,0.39867454767227173,0.6032013893127441,-0.046584829688072205,0.3949669897556305,0.6324261426925659,-0.04555869847536087,0.3697583079338074,0.5716704726219177,-0.01358562521636486,0.37505319714546204,0.5338761806488037,-0.04028887674212456,0.3766302466392517,0.6023087501525879,-0.04275156930088997,0.37488245964050293,0.6467136740684509,-0.035808466374874115,0.343208909034729,0.5713328123092651,-0.01737423799932003,0.33731797337532043,0.5027155876159668,-0.030011232942342758,0.3366512954235077,0.4581601023674011,-0.03292880207300186,0.33718636631965637,0.411665141582489,-0.03156854212284088
I,0.4138467311859131,0.7675393223762512,-2.752480838807969e-07,0.4573434293270111,0.7445164322853088,-0.018966129049658775,0.4963555335998535,0.6893348693847656,-0.028082165867090225,0.49169591069221497,0.6230747699737549,-0.03742189705371857,0.4609599709510803,0.5955236554145813,-0.042985718697309494,0.4701327383518219,0.5915967226028442,-0.010346146300435066,0.48627781867980957,0.5378668904304504,-0.029604604467749596,0.47900426387786865,0.5975809097290039,-0.03647653013467789,0.4717838764190674,0.6248058080673218,-0.036634158343076706,0.4431455731391907,0.5850222706794739,-0.010834591463208199,0.4555903971195221,0.5501530170440674,-0.03491085022687912,0.4537392258644104,0.619600236415863,-0.04237915948033333,0.44969266653060913,0.6436408758163452,-0.04123424366116524,0.416766881942749,0.5854950547218323,-0.01487438753247261,0.42825770378112793,0.5482696890830994,-0.03998410329222679,0.4330166280269623,0.623319149017334,-0.04101414978504181,0.4307079017162323,0.6664292812347412,-0.03369494155049324,0.38973355293273926,0.5881234407424927,-0.020179932937026024,0.38363656401634216,0.5183467268943787,-0.030957713723182678,0.3853816092014313,0.4763512909412384,-0.03180191293358803,0.38737183809280396,0.43011313676834106,-0.029427163302898407
I,0.4389735162258148,0.813637912273407,-3.026057981969643e-07,0.48176655173301697,0.7798827290534973,-0.015529251657426357,0.5183055400848389,0.7184126973152161,-0.02424417808651924,0.5155364871025085,0.6542894840240479,-0.03408403322100639,0.4843924641609192,0.6295742988586426,-0.040836263447999954,0.48515260219573975,0.6220718026161194,-0.009465056471526623,0.5026877522468567,0.566511869430542,-0.029450245201587677,0.49983498454093933,0.6284577250480652,-0.03724111616611481,0.49384427070617676,0.6619113683700562,-0.03749683499336243,0.4587782025337219,0.6204373240470886,-0.011601758189499378,0.4747966527938843,0.5888149738311768,-0.03582686558365822,0.4751628637313843,0.6600821018218994,-0.04390425607562065,0.47009748220443726,0.6888408660888672,-0.04304937645792961,0.433018296957016,0.6260351538658142,-0.01687241531908512,0.44782158732414246,0.5911866426467896,-0.04191911965608597,0.4557383060455322,0.6674128174781799,-0.04307597130537033,0.45476672053337097,0.7131466269493103,-0.03569374233484268,0.4065430164337158,0.6358686685562134,-0.0230877548456192,0.39839163422584534,0.5658383369445801,-0.03395967558026314,0.39923882484436035,0.5228651762008667,-0.03465099260210991,0.4012073278427124,0.4773637056350708,-0.03196144476532936
I,0.4798676073551178,0.7978241443634033,-3.1666260724705353e-07,0.5218243598937988,0.7587480545043945,-0.01063369307667017,0.5558038949966431,0.6961232423782349,-0.018067630007863045,0.5614721775054932,0.6341099143028259,-0.0281437449157238,0.5336203575134277,0.6086748838424683,-0.03563600033521652,0.5241323709487915,0.6024618744850159,-0.0047247265465557575,0.5466300249099731,0.5489826798439026,-0.024920841678977013,0.545460045337677,0.6119444966316223,-0.03307754173874855,0.5386171340942383,0.6469588875770569,-0.03325894474983215,0.5004481673240662,0.602208137512207,-0.009744944050908089,0.522412896156311,0.5642489790916443,-0.03525802493095398,0.5224466919898987,0.640058159828186,-0.04409605637192726,0.5153407454490662,0.6743305921554565,-0.042708925902843475,0.4761645197868347,0.6077468991279602,-0.017507361248135567,0.49729207158088684,0.5725311636924744,-0.043197326362133026,0.5023373961448669,0.651522696018219,-0.04410393163561821,0.49788567423820496,0.696729838848114,-0.03559328615665436,0.45038965344429016,0.6168779730796814,-0.025825969874858856,0.4463573098182678,0.5434420108795166,-0.03648959472775459,0.45047011971473694,0.4996207654476166,-0.036168649792671204,0.45514580607414246,0.4533701539039612,-0.032320719212293625
I,0.5150982737541199,0.7954835295677185,-3.2152743756341806e-07,0.5569089651107788,0.753868818283081,-0.006620417349040508,0.5864134430885315,0.6852521896362305,-0.010566835291683674,0.5955483317375183,0.6256332993507385,-0.018299078568816185,0.5716010332107544,0.6019417643547058,-0.024053577333688736,0.5525707006454468,0.6007377505302429,0.0036265989765524864,0.575019896030426,0.5457504987716675,-0.015045645646750927,0.5790833234786987,0.6042336225509644,-0.023398254066705704,0.5747371912002563,0.6425084471702576,-0.02301725186407566,0.5321875810623169,0.6031805872917175,-0.002217975677922368,0.5549442172050476,0.5650774836540222,-0.026289524510502815,0.5582541227340698,0.6385534405708313,-0.035260967910289764,0.5522627234458923,0.6776859760284424,-0.033300913870334625,0.5108922719955444,0.6094452738761902,-0.01093967817723751,0.5348775386810303,0.5708922147750854,-0.034833941608667374,0.54155033826828,0.645035445690155,-0.03629877790808678,0.5373059511184692,0.6922206878662109,-0.027586471289396286,0.48755595088005066,0.6170262098312378,-0.02005430869758129,0.4858252704143524,0.5390318632125854,-0.029078708961606026,0.4920491874217987,0.4926495850086212,-0.02829829603433609,0.49960267543792725,0.44874775409698486,-0.02380450628697872
I,0.5343440175056458,0.7998110055923462,-3.5578554502535553e-07,0.5748733878135681,0.7587423324584961,-0.005506569053977728,0.6025495529174805,0.6919410824775696,-0.00940526183694601,0.6146146655082703,0.6367800831794739,-0.017535999417304993,0.5934098958969116,0.6094470620155334,-0.023564565926790237,0.5723861455917358,0.5990719199180603,0.00222932081669569,0.595348596572876,0.5459775924682617,-0.017040375620126724,0.5991941094398499,0.6100319623947144,-0.024562893435359,0.5958380699157715,0.6462195515632629,-0.023713111877441406,0.5521450042724609,0.6051167249679565,-0.004422226920723915,0.5779616832733154,0.5701183080673218,-0.02971646748483181,0.5806989669799805,0.6477141976356506,-0.03774391487240791,0.5743448138237,0.6846482753753662,-0.03506762906908989,0.5320131182670593,0.6139939427375793,-0.013774064369499683,0.55881667137146,0.5784693360328674,-0.038988564163446426,0.5645656585693359,0.6538626551628113,-0.03929649293422699,0.5594192147254944,0.698243260383606,-0.029655696824193,0.5101673603057861,0.6242285370826721,-0.02338278852403164,0.5104801058769226,0.5463424921035767,-0.033456236124038696,0.5195503234863281,0.5018455386161804,-0.03227238357067108,0.5302241444587708,0.45958560705184937,-0.027218347415328026
I,0.5224137902259827,0.7992690801620483,-3.3635581075941445e-07,0.5637449622154236,0.7610287666320801,-0.006602889392524958,0.5948331356048584,0.6948835849761963,-0.010759684257209301,0.6049959659576416,0.6361231207847595,-0.01903623342514038,0.5818073153495789,0.6080397367477417,-0.025311743840575218,0.5670732855796814,0.6062785387039185,0.0030348189175128937,0.588533878326416,0.5475509762763977,-0.016209401190280914,0.5913597345352173,0.6034138202667236,-0.023795096203684807,0.5876129865646362,0.6405375599861145,-0.022591371089220047,0.5456095337867737,0.608722448348999,-0.0027674874290823936,0.5678994059562683,0.5733111500740051,-0.027881477028131485,0.5692426562309265,0.6472033262252808,-0.036348484456539154,0.563289999961853,0.683358907699585,-0.03372759744524956,0.524330198764801,0.6135700345039368,-0.011510043404996395,0.5480661988258362,0.575067400932312,-0.03686409071087837,0.5535475015640259,0.6490936875343323,-0.038239091634750366,0.5490700006484985,0.6947741508483887,-0.029151197522878647,0.501052975654602,0.6199727058410645,-0.020618226379156113,0.4995872676372528,0.5423687696456909,-0.03080296516418457,0.5055627822875977,0.4970332384109497,-0.03048781491816044,0.5133768916130066,0.4535285234451294,-0.026009943336248398
I,0.4977717399597168,0.786007285118103,-3.0102506798357354e-07,0.5410178899765015,0.7499139308929443,-0.007882853969931602,0.5737602114677429,0.6865683197975159,-0.011580593883991241,0.5813722014427185,0.6255053281784058,-0.01869097165763378,0.555809736251831,0.6019837260246277,-0.024034814909100533,0.5421972870826721,0.6028364300727844,0.004690883681178093,0.5608249306678772,0.5486719012260437,-0.012161257676780224,0.563396692276001,0.5985808968544006,-0.01992053911089897,0.5605751276016235,0.6346085667610168,-0.019422557204961777,0.5213137865066528,0.6006609797477722,0.0002670804678928107,0.540436863899231,0.5674374103546143,-0.022633735090494156,0.5422530174255371,0.6360342502593994,-0.03186243399977684,0.5380678772926331,0.6775027513504028,-0.03029283508658409,0.49938836693763733,0.6013409495353699,-0.007181962486356497,0.520073413848877,0.5673965215682983,-0.030931174755096436,0.5265305042266846,0.6362838745117188,-0.03504369780421257,0.5240824818611145,0.684821605682373,-0.028190718963742256,0.47585612535476685,0.6040518879890442,-0.015030873008072376,0.4744214415550232,0.5278478860855103,-0.024496808648109436,0.47613006830215454,0.4810943901538849,-0.025860775262117386,0.47860783338546753,0.4385890066623688,-0.02300361730158329
I,0.47071558237075806,0.7837729454040527,-3.177352709826664e-07,0.5146024227142334,0.7541399002075195,-0.012265821918845177,0.5500832796096802,0.6902149319648743,-0.01795417256653309,0.5555968284606934,0.6256153583526611,-0.02576906979084015,0.5261869430541992,0.6056429743766785,-0.030996963381767273,0.5189194679260254,0.6027070879936218,-0.0033490825444459915,0.5381913781166077,0.5470760464668274,-0.021712638437747955,0.5375256538391113,0.6057597398757935,-0.029127372428774834,0.5320148468017578,0.6392620801925659,-0.02878369577229023,0.4963953495025635,0.5998450517654419,-0.006092956755310297,0.5138189792633057,0.5667360424995422,-0.029511727392673492,0.5141381621360779,0.635694682598114,-0.0377194806933403,0.5086015462875366,0.6674193143844604,-0.03622860834002495,0.47333189845085144,0.6010928153991699,-0.012005687691271305,0.49097388982772827,0.5679444670677185,-0.03652075678110123,0.4976561367511749,0.6396870613098145,-0.0397397056221962,0.4952191710472107,0.6848337650299072,-0.032873041927814484,0.44936344027519226,0.6029796600341797,-0.01861840859055519,0.44757986068725586,0.5278476476669312,-0.02910732477903366,0.449055939912796,0.48189404606819153,-0.030882230028510094,0.4504249393939972,0.43711572885513306,-0.02861502207815647
I,0.4267885088920593,0.7800273895263672,-2.8452816991375585e-07,0.46979230642318726,0.7531103491783142,-0.0172775536775589,0.5087012648582458,0.6994986534118652,-0.026225484907627106,0.5079771280288696,0.6354369521141052,-0.03584768995642662,0.4775042235851288,0.6114973425865173,-0.04228260740637779,0.48214420676231384,0.6053245663642883,-0.008495301008224487,0.5007721185684204,0.5558008551597595,-0.027060404419898987,0.49416491389274597,0.6135823726654053,-0.03434566408395767,0.4875301420688629,0.6400038003921509,-0.03511759266257286,0.45734643936157227,0.5998324751853943,-0.010018493980169296,0.4722128212451935,0.5638511180877686,-0.03372153267264366,0.46993881464004517,0.6306191682815552,-0.04195711761713028,0.46560099720954895,0.6579166650772095,-0.041479095816612244,0.4320460557937622,0.6001402139663696,-0.014972698874771595,0.446088969707489,0.565062940120697,-0.03997787833213806,0.4507623612880707,0.6368828415870667,-0.04276638478040695,0.4483393728733063,0.6803050637245178,-0.03663179650902748,0.4057258665561676,0.6026284098625183,-0.02105080336332321,0.3987354338169098,0.5325862765312195,-0.032097507268190384,0.39844006299972534,0.48882973194122314,-0.03423947095870972,0.398681640625,0.4432423710823059,-0.032969880849123
I,0.40995144844055176,0.7732418775558472,-2.3077758726230968e-07,0.4508333206176758,0.7506539821624756,-0.019663892686367035,0.48869749903678894,0.702670693397522,-0.030391478911042213,0.4845007359981537,0.6382856965065002,-0.04107040539383888,0.45655903220176697,0.6099590063095093,-0.04866437241435051,0.46725279092788696,0.6068552136421204,-0.01100076548755169,0.480613112449646,0.5532276034355164,-0.031434353440999985,0.473932683467865,0.6022394299507141,-0.04065448045730591,0.46671995520591736,0.636197566986084,-0.04208192974328995,0.4389197826385498,0.5961424708366394,-0.010587058030068874,0.4497845470905304,0.5615672469139099,-0.03492220863699913,0.4478761553764343,0.6259787678718567,-0.04393194988369942,0.44351616501808167,0.6591619253158569,-0.043708883225917816,0.4111901521682739,0.5932220220565796,-0.01364825014024973,0.42030027508735657,0.5498722791671753,-0.03773920238018036,0.42492735385894775,0.6181548833847046,-0.04029834270477295,0.42414602637290955,0.6649197340011597,-0.03467099741101265,0.3831823468208313,0.5971817970275879,-0.01800374872982502,0.37115931510925293,0.5361355543136597,-0.028162388131022453,0.370779812335968,0.5017111301422119,-0.029889080673456192,0.37362247705459595,0.46584779024124146,-0.028394723311066628
I,0.39924156665802,0.7722467184066772,-2.223558794867131e-07,0.439525842666626,0.751121997833252,-0.020160293206572533,0.47598299384117126,0.704596757888794,-0.0311334989964962,0.47189441323280334,0.6404759883880615,-0.04168719798326492,0.4457434117794037,0.6091594099998474,-0.04891277477145195,0.45553290843963623,0.6100739240646362,-0.011762520298361778,0.46803542971611023,0.5555295348167419,-0.03183897212147713,0.4598448574542999,0.6018038392066956,-0.040871765464544296,0.4529285728931427,0.637214183807373,-0.042372364550828934,0.4275203049182892,0.5969113111495972,-0.010220968164503574,0.4377009868621826,0.5626903176307678,-0.03332992270588875,0.43461185693740845,0.6251959800720215,-0.04105367511510849,0.4312290549278259,0.6572999954223633,-0.040522251278162,0.4000459313392639,0.591854989528656,-0.012201874516904354,0.4075384736061096,0.545396625995636,-0.03485122323036194,0.41035568714141846,0.6127446889877319,-0.03587169572710991,0.40962597727775574,0.6595606207847595,-0.02990700677037239,0.3720865547657013,0.5946728587150574,-0.015630414709448814,0.3606058359146118,0.5358993411064148,-0.025581182911992073,0.35853710770606995,0.5011779069900513,-0.027217097580432892,0.3596000373363495,0.46283817291259766,-0.02588624134659767
I,0.392829954624176,0.7713747620582581,-2.5594383146199107e-07,0.4334898591041565,0.7514776587486267,-0.0219244547188282,0.47057753801345825,0.7052696347236633,-0.03373558074235916,0.4652726650238037,0.6423782110214233,-0.04481348767876625,0.43655070662498474,0.6143561601638794,-0.05199752748012543,0.4481793940067291,0.6082693934440613,-0.015825917944312096,0.4606126844882965,0.5539477467536926,-0.03675864636898041,0.4508677124977112,0.6100999712944031,-0.04492584988474846,0.44369715452194214,0.6426714658737183,-0.0459197498857975,0.41998758912086487,0.5968687534332275,-0.013978930190205574,0.42916348576545715,0.5625987648963928,-0.038126152008771896,0.42556774616241455,0.6299176812171936,-0.04501315951347351,0.42245689034461975,0.6586107611656189,-0.04403500258922577,0.3924230933189392,0.5925296545028687,-0.01579611748456955,0.3992544710636139,0.5457972288131714,-0.0396210178732872,0.402606725692749,0.614784300327301,-0.0407603494822979,0.40199264883995056,0.6591410040855408,-0.03481585159897804,0.364801824092865,0.593558132648468,-0.01915157027542591,0.35296857357025146,0.5310648679733276,-0.030008384957909584,0.34903663396835327,0.4944781959056854,-0.032383617013692856,0.3469908833503723,0.45356065034866333,-0.03159201145172119
I,0.38812440633773804,0.761084794998169,-2.620016630316968e-07,0.4291655123233795,0.7409720420837402,-0.02185245417058468,0.465726375579834,0.6929960250854492,-0.033511243760585785,0.45964065194129944,0.6305257081985474,-0.04447178170084953,0.4305044710636139,0.6034445762634277,-0.05126755312085152,0.44330286979675293,0.597682774066925,-0.01545866671949625,0.4562823474407196,0.5465599298477173,-0.035652074962854385,0.44707757234573364,0.6044333577156067,-0.04306007921695709,0.4406682252883911,0.634741485118866,-0.04384494572877884,0.41596439480781555,0.5857973694801331,-0.01356980949640274,0.4260646104812622,0.5553061962127686,-0.03668513894081116,0.42253971099853516,0.6237633228302002,-0.04229790344834328,0.4199933409690857,0.6481678485870361,-0.04086318239569664,0.38907238841056824,0.5810793042182922,-0.015496373176574707,0.39661550521850586,0.5398709774017334,-0.03928765282034874,0.39922505617141724,0.6094533205032349,-0.03978832811117172,0.3973436653614044,0.6515224575996399,-0.03340556100010872,0.3617912530899048,0.5804265737533569,-0.01899947039783001,0.35141894221305847,0.5136858820915222,-0.030641525983810425,0.34692221879959106,0.4730924367904663,-0.033127255737781525,0.34333038330078125,0.4283681809902191,-0.03231007978320122
I,0.38716983795166016,0.76097571849823,-2.42522617099894e-07,0.42753127217292786,0.7407963871955872,-0.02222118340432644,0.46359795331954956,0.6956478953361511,-0.03505619987845421,0.46051540970802307,0.6319044232368469,-0.0472964271903038,0.43409353494644165,0.5987765789031982,-0.05567328631877899,0.4453149139881134,0.595158040523529,-0.014801197685301304,0.45473822951316833,0.5455191135406494,-0.03456967696547508,0.44553908705711365,0.5961232781410217,-0.04242447763681412,0.4399891197681427,0.6291927099227905,-0.043699245899915695,0.4165191352367401,0.5821653604507446,-0.01287931390106678,0.4250307083129883,0.5487532019615173,-0.03647594153881073,0.42072615027427673,0.6176451444625854,-0.04294506087899208,0.4180750548839569,0.6493866443634033,-0.041642699390649796,0.38897478580474854,0.5761898159980774,-0.01468437910079956,0.3946775197982788,0.5251147747039795,-0.03731149062514305,0.3987175226211548,0.588776707649231,-0.038567278534173965,0.399444580078125,0.6330644488334656,-0.03329668566584587,0.3616824746131897,0.5771811008453369,-0.01820388436317444,0.34946948289871216,0.5134105682373047,-0.02946154586970806,0.3439309895038605,0.4746561050415039,-0.032892655581235886,0.34032613039016724,0.43265053629875183,-0.03299515321850777
I,0.3854358494281769,0.7569031715393066,-2.468318029968941e-07,0.4252631664276123,0.74031662940979,-0.020469509065151215,0.4634058177471161,0.7040323615074158,-0.03212375566363335,0.4690697193145752,0.6478261351585388,-0.0438820943236351,0.44879385828971863,0.606093168258667,-0.05257312208414078,0.4449672996997833,0.5941291451454163,-0.011298049241304398,0.45665228366851807,0.5403984189033508,-0.03470013663172722,0.4480843245983124,0.5868462920188904,-0.04693084582686424,0.44110170006752014,0.6311984062194824,-0.04978520795702934,0.4164383113384247,0.5818256735801697,-0.010232878848910332,0.42647457122802734,0.5418217778205872,-0.03850254788994789,0.42134377360343933,0.6098313927650452,-0.04958229511976242,0.41679084300994873,0.6576581597328186,-0.04984799027442932,0.38748764991760254,0.5769361257553101,-0.01309689600020647,0.392217755317688,0.5246527194976807,-0.03737924247980118,0.3950248062610626,0.5869424939155579,-0.04130296781659126,0.3968448340892792,0.637057900428772,-0.03683275356888771,0.3586609661579132,0.5807356238365173,-0.01762443408370018,0.34835129976272583,0.5186374187469482,-0.028996488079428673,0.3429616689682007,0.48177382349967957,-0.03322313725948334,0.3406723737716675,0.4438619911670685,-0.03353277966380119
I,0.3855379819869995,0.7592706680297852,-2.880540250771446e-07,0.4260101318359375,0.7437551617622375,-0.0189786609262228,0.4632779657840729,0.7089211940765381,-0.03018718957901001,0.4737889766693115,0.658441424369812,-0.04134583845734596,0.4594523012638092,0.614859938621521,-0.04915235564112663,0.4451150894165039,0.5997205376625061,-0.01588185876607895,0.4561798870563507,0.5530874133110046,-0.03854517266154289,0.44480201601982117,0.6116087436676025,-0.049433384090662,0.4357079267501831,0.6577138304710388,-0.05167847126722336,0.41648900508880615,0.5875676870346069,-0.015398326329886913,0.4263089597225189,0.5483102798461914,-0.042511917650699615,0.4208527207374573,0.6167113184928894,-0.05189485475420952,0.41528066992759705,0.6642676591873169,-0.05183422192931175,0.3869907259941101,0.5824534893035889,-0.01823667623102665,0.3914400041103363,0.5294435620307922,-0.04076387360692024,0.39478611946105957,0.592310905456543,-0.043020717799663544,0.3967493772506714,0.642046332359314,-0.03840898722410202,0.358589768409729,0.5865726470947266,-0.02261482924222946,0.3482845425605774,0.5252595543861389,-0.03349953144788742,0.3430148661136627,0.48952314257621765,-0.037221502512693405,0.34028807282447815,0.4518595337867737,-0.037627167999744415
I,0.3860016167163849,0.7548483610153198,-2.939409284863359e-07,0.42679813504219055,0.7389429807662964,-0.01960613951086998,0.46359601616859436,0.7036774754524231,-0.030859502032399178,0.4736521542072296,0.6524032950401306,-0.042155612260103226,0.4593571424484253,0.6091840863227844,-0.050316717475652695,0.44312405586242676,0.5984064340591431,-0.0159987173974514,0.45577824115753174,0.5546310544013977,-0.039544109255075455,0.44558951258659363,0.6108740568161011,-0.05111037567257881,0.4357062578201294,0.6572831869125366,-0.0531839057803154,0.41557297110557556,0.587183952331543,-0.015386220067739487,0.4261418879032135,0.5540883541107178,-0.043170131742954254,0.4206594228744507,0.6218504905700684,-0.05286020040512085,0.4141176640987396,0.6705521941184998,-0.05254659429192543,0.38706710934638977,0.582532525062561,-0.018292302265763283,0.3933217525482178,0.5413698554039001,-0.04278268665075302,0.39497143030166626,0.6057689189910889,-0.04533541947603226,0.3946610391139984,0.6557121276855469,-0.03972437232732773,0.3592345416545868,0.584700882434845,-0.022730503231287003,0.3495326638221741,0.520121693611145,-0.03425735980272293,0.34522566199302673,0.4821365475654602,-0.0372319333255291,0.3432706594467163,0.4441342353820801,-0.03648849204182625
I,0.3842889666557312,0.7557211518287659,-2.7588797024691303e-07,0.42342591285705566,0.7416393160820007,-0.02056879922747612,0.45956289768218994,0.7075002193450928,-0.03258613869547844,0.46602514386177063,0.6543347835540771,-0.04457387328147888,0.4480997323989868,0.6134172677993774,-0.05375159531831741,0.44157174229621887,0.6037421226501465,-0.014566316269338131,0.45364096760749817,0.5641933083534241,-0.03708585724234581,0.4448162913322449,0.6057137846946716,-0.04836970567703247,0.4353959262371063,0.644132673740387,-0.050758421421051025,0.4144759476184845,0.5893062353134155,-0.013256408274173737,0.42487990856170654,0.5679823756217957,-0.04066064581274986,0.4179530441761017,0.6364088654518127,-0.050075288861989975,0.41099685430526733,0.6812039613723755,-0.04964317008852959,0.3867494463920593,0.5825362205505371,-0.015693314373493195,0.39287862181663513,0.5490149259567261,-0.041467439383268356,0.3937828838825226,0.6116966605186462,-0.044579509645700455,0.39255037903785706,0.6587754487991333,-0.038989242166280746,0.3591802716255188,0.5826864838600159,-0.01965133100748062,0.34997352957725525,0.5146412253379822,-0.03309877961874008,0.3453167676925659,0.47280704975128174,-0.03715680539608002,0.3434011936187744,0.43018049001693726,-0.03685522824525833
I,0.3870088458061218,0.7513628602027893,-2.812787727179966e-07,0.427573561668396,0.7351784706115723,-0.023298051208257675,0.4620962142944336,0.6985930800437927,-0.03685477375984192,0.45831188559532166,0.6405670642852783,-0.04948953539133072,0.4324077069759369,0.6049258708953857,-0.058436717838048935,0.4448402523994446,0.5921505689620972,-0.017496401444077492,0.45933452248573303,0.5605168342590332,-0.0383010134100914,0.44656726717948914,0.615062415599823,-0.047387488186359406,0.43727028369903564,0.6464251279830933,-0.04945658892393112,0.41813355684280396,0.5778403282165527,-0.01540270447731018,0.4295472204685211,0.5564490556716919,-0.04118054732680321,0.4224126636981964,0.626308262348175,-0.04954024776816368,0.4171949326992035,0.6612865924835205,-0.04910607635974884,0.39105522632598877,0.5721099376678467,-0.016956565901637077,0.40027523040771484,0.5407957434654236,-0.042873840779066086,0.40165191888809204,0.6101991534233093,-0.045757148414850235,0.39908114075660706,0.6570971012115479,-0.04022520035505295,0.3638918697834015,0.5731889605522156,-0.019971715286374092,0.35285577178001404,0.507945716381073,-0.03369627147912979,0.3469473719596863,0.46586644649505615,-0.037848442792892456,0.34276774525642395,0.4213646650314331,-0.037704043090343475
I,0.3823716342449188,0.7510879039764404,-3.074977996675443e-07,0.4225808084011078,0.7359200716018677,-0.02198866195976734,0.4575020670890808,0.699381947517395,-0.034595850855112076,0.455145925283432,0.6428828239440918,-0.04654819890856743,0.43051326274871826,0.6059806942939758,-0.05496392026543617,0.4411163926124573,0.595954954624176,-0.01802174374461174,0.4555817246437073,0.5646085739135742,-0.03952718526124954,0.4420320391654968,0.6191604733467102,-0.04881274700164795,0.4317934513092041,0.6512160301208496,-0.05072915554046631,0.4142753481864929,0.5809637904167175,-0.016354963183403015,0.42565008997917175,0.5645317435264587,-0.0423196479678154,0.4170450270175934,0.634809672832489,-0.05013149976730347,0.41060057282447815,0.67034512758255,-0.049514252692461014,0.38711950182914734,0.5742931962013245,-0.018263177946209908,0.3947989344596863,0.5461711883544922,-0.04414461925625801,0.39486661553382874,0.6133400201797485,-0.046646472066640854,0.392302006483078,0.6579070687294006,-0.040989652276039124,0.35974112153053284,0.5736602544784546,-0.021553099155426025,0.35058051347732544,0.5060238838195801,-0.03511210158467293,0.345828652381897,0.4639878273010254,-0.038780298084020615,0.3432007133960724,0.4204534590244293,-0.03832308575510979
I,0.35133466124534607,0.75350421667099,-2.5694029659462103e-07,0.38797423243522644,0.7402122616767883,-0.02773408219218254,0.41792774200439453,0.7060084939002991,-0.04306820034980774,0.40805816650390625,0.651732861995697,-0.05666805058717728,0.38162878155708313,0.6177560687065125,-0.06611058861017227,0.4056381583213806,0.5961120128631592,-0.021990381181240082,0.4096202254295349,0.5707457065582275,-0.04635939002037048,0.3995668888092041,0.6258472204208374,-0.05814235657453537,0.3944804072380066,0.658290445804596,-0.061363138258457184,0.377210408449173,0.5822228193283081,-0.017978472635149956,0.37895679473876953,0.5688411593437195,-0.04650866240262985,0.373973548412323,0.6378485560417175,-0.05584792047739029,0.3712986707687378,0.6707949042320251,-0.05576561391353607,0.35053154826164246,0.5781880617141724,-0.0182204507291317,0.35107094049453735,0.5545288324356079,-0.04631347581744194,0.3521069586277008,0.6207795143127441,-0.0492192879319191,0.35142576694488525,0.6657036542892456,-0.04310833662748337,0.32427090406417847,0.5810570120811462,-0.020415663719177246,0.3146556615829468,0.5195032358169556,-0.035301730036735535,0.30896079540252686,0.4796919822692871,-0.039273425936698914,0.3056994676589966,0.43852096796035767,-0.03838768228888512
I,0.31755125522613525,0.7831486463546753,-2.263658984702488e-07,0.3453575372695923,0.7804737091064453,-0.03491988033056259,0.3682990074157715,0.7484424710273743,-0.05384250357747078,0.34807977080345154,0.7050592303276062,-0.06801994889974594,0.319136381149292,0.6768671870231628,-0.07734920084476471,0.3694114685058594,0.6220052242279053,-0.03652253374457359,0.34953340888023376,0.6257234215736389,-0.0606241337954998,0.3453441858291626,0.6792851686477661,-0.07383936643600464,0.34996485710144043,0.6994038224220276,-0.08014847338199615,0.33955585956573486,0.6048151850700378,-0.02876461111009121,0.32042258977890015,0.6254766583442688,-0.05423935130238533,0.32016175985336304,0.6867109537124634,-0.06278645992279053,0.3268449306488037,0.7033515572547913,-0.06536976248025894,0.3120127022266388,0.6073060035705566,-0.02477891556918621,0.2955377995967865,0.6105615496635437,-0.05132143199443817,0.2941558063030243,0.6717850565910339,-0.05318441614508629,0.2971688508987427,0.7068774700164795,-0.04874333366751671,0.2859516739845276,0.6185731887817383,-0.02339761145412922,0.27298784255981445,0.5712034702301025,-0.04119733348488808,0.26306772232055664,0.537075400352478,-0.04612704738974571,0.2559243142604828,0.49919965863227844,-0.046303559094667435
I,0.310880571603775,0.761433482170105,-2.3718556008134328e-07,0.33404842019081116,0.7623055577278137,-0.03555980324745178,0.3510282635688782,0.7282851338386536,-0.05304240062832832,0.32987892627716064,0.687286376953125,-0.06539595127105713,0.3025932013988495,0.6611146330833435,-0.07296020537614822,0.35906848311424255,0.607989490032196,-0.036696258932352066,0.33621683716773987,0.6088241338729858,-0.06045101583003998,0.33230406045913696,0.6598985195159912,-0.07443817704916,0.3368682861328125,0.6752209067344666,-0.08149778097867966,0.33171772956848145,0.58696448802948,-0.02746993489563465,0.3100886940956116,0.602572500705719,-0.050624728202819824,0.30764785408973694,0.6639369130134583,-0.058546412736177444,0.3153556287288666,0.6744994521141052,-0.06126255914568901,0.3055137097835541,0.586178183555603,-0.022016698494553566,0.28629496693611145,0.5800371170043945,-0.04601917788386345,0.28073644638061523,0.6434454321861267,-0.04663057252764702,0.2833018898963928,0.6793946027755737,-0.04180186986923218,0.2800862193107605,0.5951089262962341,-0.01937226392328739,0.2677995562553406,0.5440008640289307,-0.03530986234545708,0.2566814124584198,0.5117175579071045,-0.039358291774988174,0.24988970160484314,0.47858554124832153,-0.039187122136354446
I,0.30724331736564636,0.7555217146873474,-2.1223482349341793e-07,0.3265158236026764,0.7625223994255066,-0.03514697030186653,0.3374868929386139,0.7353615164756775,-0.05367845669388771,0.3164921998977661,0.702948272228241,-0.06733095645904541,0.2934848964214325,0.6783077120780945,-0.07628187537193298,0.35133224725723267,0.6203547716140747,-0.03659212589263916,0.32263022661209106,0.6274241805076599,-0.05971868336200714,0.318653404712677,0.673255205154419,-0.07261652499437332,0.3240610361099243,0.6905433535575867,-0.07907924801111221,0.32527536153793335,0.5965134501457214,-0.028791077435016632,0.29672208428382874,0.6192566752433777,-0.054502587765455246,0.2960813343524933,0.6787322759628296,-0.06365180760622025,0.3047110438346863,0.6934390068054199,-0.06600213795900345,0.2996932864189148,0.5948644280433655,-0.024639002978801727,0.27502599358558655,0.6036150455474854,-0.05207802355289459,0.27213549613952637,0.66192227602005,-0.05527275428175926,0.275481253862381,0.6924269795417786,-0.05089236795902252,0.27653536200523376,0.6037976145744324,-0.023041246458888054,0.2615523636341095,0.5595732927322388,-0.04295424744486809,0.2501782774925232,0.530314564704895,-0.04893381893634796,0.24168497323989868,0.4979879558086395,-0.04902559146285057
I,0.3218122124671936,0.8059925436973572,-2.1781123393793678e-07,0.3477965295314789,0.8073028326034546,-0.035434540361166,0.3672810196876526,0.7785114049911499,-0.054255057126283646,0.34703508019447327,0.7428860068321228,-0.06835766136646271,0.320030152797699,0.7190496921539307,-0.0778779685497284,0.37164655327796936,0.6448760032653809,-0.035130854696035385,0.34630852937698364,0.6600803732872009,-0.0594274140894413,0.3442028760910034,0.708100438117981,-0.07450374960899353,0.3495599925518036,0.7244047522544861,-0.08231687545776367,0.34115132689476013,0.6241287589073181,-0.027359798550605774,0.31713032722473145,0.6579086184501648,-0.053851015865802765,0.3190739154815674,0.7177318930625916,-0.06420198827981949,0.32735785841941833,0.7351462244987488,-0.0675274133682251,0.3122856020927429,0.6276169419288635,-0.0234101340174675,0.29197341203689575,0.6426252126693726,-0.05179048702120781,0.2898575961589813,0.7038871645927429,-0.05524994060397148,0.29182693362236023,0.738280177116394,-0.050859127193689346,0.2860696315765381,0.642013669013977,-0.022113053128123283,0.2709699869155884,0.5958809852600098,-0.043232355266809464,0.2589544355869293,0.5619269013404846,-0.04987988620996475,0.2494804859161377,0.5255191922187805,-0.050201043486595154
I,0.3316400945186615,0.8090274930000305,-2.3390094838759978e-07,0.3642280101776123,0.8099095821380615,-0.033676791936159134,0.3925735056400299,0.7836079597473145,-0.05273197218775749,0.3762224316596985,0.7393427491188049,-0.06760336458683014,0.3479662537574768,0.709689199924469,-0.0773455947637558,0.3950308859348297,0.6356250643730164,-0.03238709643483162,0.3753264546394348,0.6512848138809204,-0.058393046259880066,0.37080907821655273,0.7066652178764343,-0.07289983332157135,0.37543851137161255,0.7273809909820557,-0.0791790708899498,0.36325007677078247,0.616575300693512,-0.02582782320678234,0.3440021872520447,0.6569285988807678,-0.05089259892702103,0.3450685441493988,0.7189682722091675,-0.05795411393046379,0.35418856143951416,0.7296711802482605,-0.059280816465616226,0.3324350416660309,0.6243837475776672,-0.023516464978456497,0.3170258104801178,0.6515364050865173,-0.051592666655778885,0.3196631669998169,0.7162994146347046,-0.051681578159332275,0.32569217681884766,0.7467034459114075,-0.045195113867521286,0.30292895436286926,0.6414613723754883,-0.023657983168959618,0.2939295172691345,0.5994263887405396,-0.04262585937976837,0.28422874212265015,0.5668327212333679,-0.045397549867630005,0.2768370509147644,0.5267016887664795,-0.04294286668300629
I,0.3664306700229645,0.7888778448104858,-3.0844171305943746e-07,0.4055235981941223,0.7831284403800964,-0.027733299881219864,0.4407837986946106,0.757743239402771,-0.04472597315907478,0.43984997272491455,0.70644611120224,-0.060113899409770966,0.4153173565864563,0.6674272418022156,-0.07140433043241501,0.43315064907073975,0.6155332922935486,-0.02484269253909588,0.4388025999069214,0.6155410408973694,-0.05101872980594635,0.4255526661872864,0.6753637194633484,-0.06406727433204651,0.4166494309902191,0.7036296129226685,-0.0680394172668457,0.40276604890823364,0.6009255051612854,-0.021867170929908752,0.40723133087158203,0.6121236681938171,-0.050681132823228836,0.3985426127910614,0.6882277131080627,-0.059554968029260635,0.3931668996810913,0.7189909815788269,-0.059284407645463943,0.37329232692718506,0.603287398815155,-0.022877337411046028,0.3762761056423187,0.606037437915802,-0.052080072462558746,0.37493616342544556,0.677480161190033,-0.053909048438072205,0.3718559145927429,0.7168744802474976,-0.046910177916288376,0.34475165605545044,0.6131273508071899,-0.025705082342028618,0.3387628197669983,0.5552430152893066,-0.04155050218105316,0.3343012034893036,0.5182219743728638,-0.04389021918177605,0.33081135153770447,0.47777169942855835,-0.041349396109580994
I,0.40001198649406433,0.7904610633850098,-3.26491743862789e-07,0.444747656583786,0.784469723701477,-0.024002153426408768,0.4839785099029541,0.7577649354934692,-0.0387948602437973,0.4882301688194275,0.7042642831802368,-0.05315574258565903,0.4639014005661011,0.6654525995254517,-0.06401173025369644,0.4712664783000946,0.6256572604179382,-0.019601618871092796,0.4867932200431824,0.6088525652885437,-0.044862888753414154,0.4701400697231293,0.6655562520027161,-0.05720360949635506,0.45715752243995667,0.7001280784606934,-0.06030537560582161,0.4417298436164856,0.6092464923858643,-0.01826060749590397,0.4531540274620056,0.6060436367988586,-0.04739946499466896,0.44118204712867737,0.6799599528312683,-0.05670764669775963,0.4328586757183075,0.7196150422096252,-0.05606567859649658,0.41192901134490967,0.6065807342529297,-0.020901180803775787,0.4202895164489746,0.595495343208313,-0.04876086860895157,0.4186510443687439,0.6647129058837891,-0.05169222876429558,0.41549739241600037,0.7100072503089905,-0.045351624488830566,0.38298046588897705,0.611442506313324,-0.02521084062755108,0.3782232105731964,0.5485618114471436,-0.03899827599525452,0.37486180663108826,0.507496178150177,-0.042124826461076736,0.373018741607666,0.46628594398498535,-0.0407324843108654
I,0.45007315278053284,0.8014277219772339,-3.1262896982298116e-07,0.49107804894447327,0.783883273601532,-0.018957221880555153,0.5288538932800293,0.7466089725494385,-0.0310833603143692,0.5358483195304871,0.694179892539978,-0.04381740465760231,0.5148273706436157,0.6581935882568359,-0.053590863943099976,0.508769154548645,0.6275421380996704,-0.012640667147934437,0.5263174176216125,0.5960217118263245,-0.03514774888753891,0.5170849561691284,0.6522689461708069,-0.04608404263854027,0.5072627067565918,0.6935564279556274,-0.047871556133031845,0.4816734790802002,0.6176442503929138,-0.013040467165410519,0.4975041449069977,0.6053245663642883,-0.04002305492758751,0.49225735664367676,0.6816413402557373,-0.049181364476680756,0.48579996824264526,0.7274201512336731,-0.04824139550328255,0.45357006788253784,0.6170167922973633,-0.017221448943018913,0.46794065833091736,0.5965598821640015,-0.043377406895160675,0.4711829125881195,0.6673964262008667,-0.047335777431726456,0.46937087178230286,0.7170125246047974,-0.041622113436460495,0.4258393347263336,0.623950183391571,-0.022678205743432045,0.41805148124694824,0.5551499128341675,-0.03544853255152702,0.41469353437423706,0.5106949806213379,-0.03952406719326973,0.4134584963321686,0.46681323647499084,-0.03903338313102722
I,0.47568461298942566,0.8270161151885986,-3.292306871571782e-07,0.5177180171012878,0.8017850518226624,-0.015606093220412731,0.5557119846343994,0.7594476938247681,-0.02675781212747097,0.5652113556861877,0.7081500291824341,-0.03905525803565979,0.5419646501541138,0.6804971694946289,-0.04900675639510155,0.5305278897285461,0.6400339007377625,-0.011445388197898865,0.5499370694160461,0.6135981678962708,-0.032152123749256134,0.5432407855987549,0.6704158186912537,-0.04200541228055954,0.5342642068862915,0.7096020579338074,-0.04365640878677368,0.5042755007743835,0.6343023777008057,-0.01379151176661253,0.5229184031486511,0.6273916959762573,-0.03924395889043808,0.520235002040863,0.7051637768745422,-0.04754636809229851,0.5144886374473572,0.7516695857048035,-0.04642561078071594,0.47667163610458374,0.6398172378540039,-0.019338030368089676,0.49431344866752625,0.622184693813324,-0.044500987976789474,0.5003180503845215,0.6935558319091797,-0.047879282385110855,0.4998044967651367,0.7435263395309448,-0.042091768234968185,0.44984057545661926,0.6542398929595947,-0.025846466422080994,0.44111520051956177,0.5877217054367065,-0.0383073054254055,0.43742597103118896,0.544413685798645,-0.04173716530203819,0.43559521436691284,0.5018635988235474,-0.040922295302152634
I,0.5075464248657227,0.829094648361206,-3.2460508236908936e-07,0.5500085353851318,0.7939524054527283,-0.009965664707124233,0.5851852297782898,0.7452437877655029,-0.01761315017938614,0.5968178510665894,0.6959224343299866,-0.02728840336203575,0.5773626565933228,0.6654139757156372,-0.03484688699245453,0.554955005645752,0.6359750032424927,-0.0061672707088291645,0.578433096408844,0.6060081124305725,-0.024161603301763535,0.5754093527793884,0.6656848192214966,-0.03235483914613724,0.5691004991531372,0.7041477560997009,-0.03329010680317879,0.5317957401275635,0.6349631547927856,-0.010851000435650349,0.5555042028427124,0.6202226877212524,-0.034668952226638794,0.5572067499160767,0.695489227771759,-0.043474141508340836,0.5540107488632202,0.7417316436767578,-0.04305155202746391,0.5067663788795471,0.6429526209831238,-0.018134329468011856,0.5301754474639893,0.6196161508560181,-0.04264835640788078,0.5398083925247192,0.6882994771003723,-0.04777086153626442,0.5407798886299133,0.7372453212738037,-0.04326033592224121,0.48238396644592285,0.6575672030448914,-0.025729583576321602,0.47592249512672424,0.5879958868026733,-0.03869038447737694,0.47382792830467224,0.5422971248626709,-0.04336506873369217,0.4731568694114685,0.49946677684783936,-0.04348699003458023
I,0.5475007891654968,0.8380652666091919,-3.208459986581147e-07,0.5863939523696899,0.7956894636154175,-0.007810333743691444,0.6178037524223328,0.7418662309646606,-0.015115027315914631,0.6317556500434875,0.6951766610145569,-0.025183310732245445,0.6139066815376282,0.6683543920516968,-0.03339288756251335,0.5853585600852966,0.6389975547790527,-0.004816751927137375,0.6097265481948853,0.6063188314437866,-0.023207804188132286,0.6124836802482605,0.6662355661392212,-0.031156057491898537,0.6084415912628174,0.7057781219482422,-0.03142548352479935,0.5645162463188171,0.6440848112106323,-0.01075137872248888,0.5902766585350037,0.6222937107086182,-0.0352797657251358,0.5939268469810486,0.6988084316253662,-0.0432971715927124,0.5900061130523682,0.7463551163673401,-0.041535455733537674,0.5420850515365601,0.656542181968689,-0.01916687563061714,0.5690680742263794,0.6283905506134033,-0.043533653020858765,0.5798131227493286,0.6959452629089355,-0.04656079784035683,0.5804203152656555,0.7442901730537415,-0.04001398757100105,0.519523561000824,0.6751642227172852,-0.027827881276607513,0.5159594416618347,0.6044256091117859,-0.039988093078136444,0.5171496868133545,0.557927668094635,-0.042796358466148376,0.5195333957672119,0.5152548551559448,-0.041241347789764404
I,0.5821287035942078,0.8341116905212402,-3.4447634789103176e-07,0.6195573210716248,0.7870312333106995,-0.005143182352185249,0.6459981799125671,0.7275221943855286,-0.010895359329879284,0.6602051854133606,0.6848735213279724,-0.019791079685091972,0.649893581867218,0.6491652727127075,-0.02640508860349655,0.6058590412139893,0.6289092302322388,-0.0026685353368520737,0.6339056491851807,0.5914091467857361,-0.02110036462545395,0.6400090456008911,0.6541550755500793,-0.028850559145212173,0.6368700861930847,0.6945231556892395,-0.028601618483662605,0.5889005064964294,0.6392152309417725,-0.009391522966325283,0.6227079033851624,0.6098939180374146,-0.03474976494908333,0.6299833655357361,0.686505913734436,-0.0430244579911232,0.6253328323364258,0.7329959869384766,-0.04075149446725845,0.5729052424430847,0.6549824476242065,-0.018259432166814804,0.606090784072876,0.6221958994865417,-0.042506881058216095,0.6193092465400696,0.6883949637413025,-0.04408334195613861,0.6190357804298401,0.7332461476325989,-0.03586960956454277,0.5573791861534119,0.6759076118469238,-0.02715780958533287,0.5570533275604248,0.6012815237045288,-0.0381486713886261,0.5614081025123596,0.5535541772842407,-0.03870663791894913,0.5659911632537842,0.5099002718925476,-0.0349702350795269
I,0.5522188544273376,0.8359374403953552,-3.246737207973638e-07,0.5927891731262207,0.7936972975730896,-0.010429511778056622,0.625616729259491,0.7396011352539062,-0.019077444449067116,0.6413307189941406,0.6918772459030151,-0.030191613361239433,0.6249358057975769,0.6630356907844543,-0.03882014751434326,0.5918095111846924,0.6376820802688599,-0.006805639714002609,0.6179804801940918,0.6013085842132568,-0.02578963339328766,0.6184341311454773,0.6660671234130859,-0.03290471434593201,0.6131134629249573,0.705055832862854,-0.03252645954489708,0.5710565447807312,0.643195390701294,-0.011846417561173439,0.6007047295570374,0.6199634671211243,-0.03833774849772453,0.6024291515350342,0.6987086534500122,-0.046231381595134735,0.5967043042182922,0.7446210980415344,-0.043657995760440826,0.5501424074172974,0.6547642350196838,-0.019640149548649788,0.5803632140159607,0.6248553991317749,-0.04505074769258499,0.5909208059310913,0.6919301152229309,-0.047702040523290634,0.5907794833183289,0.7390390634536743,-0.040439262986183167,0.529863178730011,0.671626091003418,-0.028008179739117622,0.5275541543960571,0.600933849811554,-0.0400872640311718,0.5305742621421814,0.5544707179069519,-0.04292242228984833,0.5344807505607605,0.5122979879379272,-0.04119168967008591
I,0.4915914833545685,0.8280632495880127,-3.1794843380339444e-07,0.5333255529403687,0.7956946492195129,-0.013057583943009377,0.5698552131652832,0.7479659914970398,-0.02258046716451645,0.58062744140625,0.6972863078117371,-0.03372568264603615,0.5592367649078369,0.6695444583892822,-0.04276417940855026,0.5418201684951782,0.6366417407989502,-0.008711096830666065,0.5643694400787354,0.6073107123374939,-0.028299156576395035,0.5616386532783508,0.6656229496002197,-0.03766859695315361,0.5544711947441101,0.703407347202301,-0.03899705037474632,0.5169203877449036,0.6337886452674866,-0.01225857250392437,0.5404472351074219,0.6224173307418823,-0.036815375089645386,0.5401182770729065,0.6982942819595337,-0.045937422662973404,0.5337668061256409,0.7432543635368347,-0.045314837247133255,0.4914020299911499,0.6404522657394409,-0.018671244382858276,0.5137244462966919,0.6183980703353882,-0.043047621846199036,0.5225523710250854,0.6878899335861206,-0.0473640039563179,0.5225638151168823,0.7360407114028931,-0.042179178446531296,0.4668189585208893,0.6545232534408569,-0.025782369077205658,0.4609452486038208,0.5874737501144409,-0.03751165047287941,0.46086084842681885,0.5444096922874451,-0.04077339917421341,0.4620165228843689,0.5026684403419495,-0.039891764521598816
I,0.43368759751319885,0.8025745749473572,-2.9700402137677884e-07,0.47458615899086,0.7761974334716797,-0.018530743196606636,0.5108435153961182,0.7327396869659424,-0.030173152685165405,0.5150377154350281,0.6781742572784424,-0.04207468405365944,0.489471435546875,0.6512481570243835,-0.051332149654626846,0.48219725489616394,0.6237456202507019,-0.013122710399329662,0.4993221163749695,0.5920929908752441,-0.03359881788492203,0.49485892057418823,0.6474123597145081,-0.04347176477313042,0.48680365085601807,0.6839190125465393,-0.045153290033340454,0.4565669000148773,0.6179094910621643,-0.013502533547580242,0.4727277457714081,0.6046385169029236,-0.03896675631403923,0.4711765646934509,0.679916501045227,-0.048044029623270035,0.46484577655792236,0.724358320236206,-0.0472596101462841,0.4300091564655304,0.621347188949585,-0.01715107262134552,0.44365745782852173,0.5985032320022583,-0.042089831084012985,0.45049306750297546,0.6670466065406799,-0.04609139263629913,0.44998207688331604,0.7143550515174866,-0.04057261720299721,0.403809130191803,0.6320967674255371,-0.02192169986665249,0.3935375213623047,0.5665333271026611,-0.03405725583434105,0.3895079493522644,0.5243462920188904,-0.037566933780908585,0.38679859042167664,0.48229503631591797,-0.036653295159339905
I,0.40913039445877075,0.7389847040176392,-2.8627044912354904e-07,0.4499787390232086,0.7189999222755432,-0.01885516569018364,0.4866192936897278,0.678913414478302,-0.029353071004152298,0.48831093311309814,0.6225140690803528,-0.040067654103040695,0.46423617005348206,0.5902565717697144,-0.04803851246833801,0.4658527076244354,0.5771650671958923,-0.010817121714353561,0.4792701303958893,0.5395885109901428,-0.03172200173139572,0.47057387232780457,0.5899608731269836,-0.042043641209602356,0.4619690477848053,0.6273854374885559,-0.04380917176604271,0.4398050010204315,0.5666945576667786,-0.010286315344274044,0.4504878520965576,0.5475751161575317,-0.0364941768348217,0.44604000449180603,0.6182789206504822,-0.04615457355976105,0.4402655065059662,0.6625767350196838,-0.04563543200492859,0.41271087527275085,0.563895046710968,-0.01331021636724472,0.42032590508461,0.5345832705497742,-0.03827352449297905,0.42377397418022156,0.6006314158439636,-0.042370352894067764,0.4232269525527954,0.6480221152305603,-0.037033841013908386,0.3853560984134674,0.5669897794723511,-0.01754598878324032,0.3775004744529724,0.500333309173584,-0.029090115800499916,0.374307781457901,0.4589615762233734,-0.032426316291093826,0.37280917167663574,0.4169195592403412,-0.03158527985215187
I,0.4141223132610321,0.6639410257339478,-2.614657148569677e-07,0.4551175832748413,0.6448853611946106,-0.017015943303704262,0.49162155389785767,0.602785587310791,-0.025562969967722893,0.49257907271385193,0.5413064360618591,-0.03416353091597557,0.47071540355682373,0.5025073289871216,-0.04021872952580452,0.47420254349708557,0.5110917091369629,-0.007373149041086435,0.4841933846473694,0.467718243598938,-0.026634253561496735,0.4758663475513458,0.5139958262443542,-0.0363662987947464,0.4679650664329529,0.5558711886405945,-0.03780337795615196,0.4486410617828369,0.49705860018730164,-0.006497736554592848,0.4573118984699249,0.4635762572288513,-0.030008358880877495,0.45215553045272827,0.5298207998275757,-0.03921853378415108,0.44602593779563904,0.5751102566719055,-0.038922134786844254,0.422050803899765,0.48974061012268066,-0.008957275189459324,0.42869535088539124,0.4492834210395813,-0.031846385449171066,0.4305489957332611,0.5113709568977356,-0.03539783135056496,0.4294511675834656,0.5583804249763489,-0.030392952263355255,0.39417755603790283,0.48926615715026855,-0.012442158535122871,0.38745856285095215,0.42025506496429443,-0.02342796139419079,0.3859393000602722,0.37742841243743896,-0.026634372770786285,0.38660186529159546,0.33422279357910156,-0.025992421433329582
I,0.4227212071418762,0.5876448154449463,-2.286191573830365e-07,0.4638509452342987,0.5636895298957825,-0.016925213858485222,0.49829772114753723,0.5173303484916687,-0.02494654804468155,0.49613094329833984,0.45316535234451294,-0.03310488909482956,0.47286224365234375,0.41353684663772583,-0.03895537555217743,0.4766172170639038,0.4266379773616791,-0.002562480280175805,0.48338574171066284,0.39085912704467773,-0.021418489515781403,0.4770238697528839,0.43904614448547363,-0.03238968178629875,0.4691304564476013,0.4837256669998169,-0.03458438441157341,0.4516870975494385,0.41474369168281555,-0.0013957087649032474,0.4575309753417969,0.3769931495189667,-0.02445904351770878,0.45408573746681213,0.4425543546676636,-0.03510051965713501,0.4482104480266571,0.4941173493862152,-0.03521950915455818,0.4263085722923279,0.4113002121448517,-0.003749290481209755,0.43225425481796265,0.36769071221351624,-0.025512902066111565,0.43508726358413696,0.4271698296070099,-0.029223663732409477,0.4339546859264374,0.47895339131355286,-0.023965125903487206,0.3989604711532593,0.41687145829200745,-0.007223553955554962,0.3923802077770233,0.35400912165641785,-0.017083790153265,0.39045801758766174,0.3142276406288147,-0.019665734842419624,0.3897664248943329,0.27688896656036377,-0.01829436421394348
I,0.42249640822410583,0.5537073612213135,-2.122971523021988e-07,0.4630242586135864,0.5270472168922424,-0.014955949038267136,0.4951770305633545,0.4835416376590729,-0.02181669883430004,0.49186891317367554,0.4215637147426605,-0.029318664222955704,0.4691013991832733,0.3854256570339203,-0.034914806485176086,0.47220858931541443,0.4002048373222351,0.0014544015284627676,0.4779840111732483,0.36355286836624146,-0.016405286267399788,0.4730704426765442,0.410776287317276,-0.027538307011127472,0.46655014157295227,0.4552883803844452,-0.02986941672861576,0.4494684636592865,0.3900197446346283,0.002030584029853344,0.4545060098171234,0.3490907549858093,-0.02014666423201561,0.4520399868488312,0.4106765687465668,-0.031553592532873154,0.4471578001976013,0.4615139365196228,-0.032152362167835236,0.4258663058280945,0.3865136206150055,-0.0007528627756983042,0.43104517459869385,0.3410913050174713,-0.02176828496158123,0.43341419100761414,0.39918237924575806,-0.02551170624792576,0.43222153186798096,0.4506502151489258,-0.02013140358030796,0.3995748460292816,0.3910960555076599,-0.0045373449102044106,0.3919880986213684,0.3296828269958496,-0.013133835978806019,0.39158934354782104,0.2917592525482178,-0.014669016003608704,0.39314383268356323,0.2562834620475769,-0.012577494606375694
I,0.4232654273509979,0.5416938066482544,-1.7640907401528239e-07,0.4638570547103882,0.517503559589386,-0.013319522142410278,0.4965904653072357,0.4750117361545563,-0.01899033784866333,0.4935314953327179,0.4146513342857361,-0.02561938762664795,0.4697931706905365,0.3813158869743347,-0.030698128044605255,0.4743087887763977,0.3962903320789337,0.00462661636993289,0.4798426926136017,0.3569106161594391,-0.012976500205695629,0.47553521394729614,0.39373505115509033,-0.025191189721226692,0.4685713052749634,0.4368398189544678,-0.02844872884452343,0.4502963721752167,0.3844306766986847,0.004948875401169062,0.4560025930404663,0.34703510999679565,-0.01673108898103237,0.45308825373649597,0.4045378565788269,-0.029299577698111534,0.4468015730381012,0.45535850524902344,-0.031108828261494637,0.42647409439086914,0.38010627031326294,0.0019837699364870787,0.4308389723300934,0.3350083529949188,-0.018073271960020065,0.43235841393470764,0.38796329498291016,-0.022539973258972168,0.43070027232170105,0.4372486174106598,-0.018201662227511406,0.4002683758735657,0.3844181001186371,-0.0018655207240954041,0.39500725269317627,0.3273197114467621,-0.009580254554748535,0.3945836126804352,0.29245275259017944,-0.01078244298696518,0.3956592381000519,0.2591833472251892,-0.008743065409362316
I,0.419242799282074,0.5418187379837036,-2.1031456753917155e-07,0.45950251817703247,0.5205217599868774,-0.011498568579554558,0.4909326434135437,0.4739019274711609,-0.015272186137735844,0.48786067962646484,0.41125988960266113,-0.01971997693181038,0.4636348783969879,0.38554054498672485,-0.022737901657819748,0.46575725078582764,0.4035760164260864,0.0023248617071658373,0.46934324502944946,0.3622569143772125,-0.011900029145181179,0.46523067355155945,0.4052528440952301,-0.020852502435445786,0.4589410424232483,0.44877007603645325,-0.022616107016801834,0.44338953495025635,0.3931088149547577,0.0026031972374767065,0.44880011677742004,0.3514457046985626,-0.014815719798207283,0.4460858404636383,0.4071057438850403,-0.024172993376851082,0.4401435852050781,0.45439407229423523,-0.02490849420428276,0.4210361838340759,0.3895377218723297,0.00026296015130355954,0.4256390631198883,0.3404439687728882,-0.01612841710448265,0.42746928334236145,0.39118027687072754,-0.01893254555761814,0.4255656898021698,0.43796205520629883,-0.014810724183917046,0.39647677540779114,0.39392590522766113,-0.0028476815205067396,0.39107775688171387,0.33774223923683167,-0.00913788378238678,0.3917566239833832,0.3051729202270508,-0.009885437786579132,0.3935937285423279,0.27486419677734375,-0.008233807981014252
I,0.4193338453769684,0.5572071671485901,-2.2867837401463476e-07,0.46008017659187317,0.5351060032844543,-0.012650432996451855,0.4921383857727051,0.48585015535354614,-0.01700638048350811,0.48826780915260315,0.42307326197624207,-0.021778376772999763,0.46373236179351807,0.3965701758861542,-0.024902839213609695,0.46694856882095337,0.41103595495224,-0.0004922122461721301,0.47130313515663147,0.3714219927787781,-0.01503022387623787,0.46662747859954834,0.4174199104309082,-0.023113001137971878,0.45980513095855713,0.45947569608688354,-0.024208875373005867,0.44426020979881287,0.4016856551170349,-9.926832717610523e-05,0.4502979815006256,0.36088645458221436,-0.018414534628391266,0.44795480370521545,0.41918784379959106,-0.027396727353334427,0.4416797161102295,0.46641409397125244,-0.027534211054444313,0.42129212617874146,0.3991193175315857,-0.0022796159610152245,0.42575106024742126,0.35119009017944336,-0.02000606805086136,0.42854729294776917,0.4046856462955475,-0.022921545431017876,0.42681941390037537,0.45137453079223633,-0.01842186227440834,0.3960868716239929,0.40455490350723267,-0.005185997113585472,0.39054226875305176,0.345364511013031,-0.012340659275650978,0.39176857471466064,0.3115117847919464,-0.013241549022495747,0.39355960488319397,0.27915477752685547,-0.011495992541313171
I,0.41021376848220825,0.6485133171081543,-2.5082056254177587e-07,0.4501214027404785,0.6239209175109863,-0.018295954912900925,0.4848789572715759,0.5745638608932495,-0.027119681239128113,0.48202189803123474,0.5123006105422974,-0.03564453125,0.4561627507209778,0.48047176003456116,-0.04154639691114426,0.4590798616409302,0.4873346984386444,-0.009020648896694183,0.4692424237728119,0.44788509607315063,-0.02743288315832615,0.4627802073955536,0.49863511323928833,-0.03619074448943138,0.45613640546798706,0.5376744866371155,-0.037398811429739,0.4347096085548401,0.4782848060131073,-0.007739023305475712,0.4428047239780426,0.4450506567955017,-0.031089074909687042,0.4401792287826538,0.5106309056282043,-0.039970703423023224,0.43534672260284424,0.5568947196006775,-0.03944646194577217,0.4092786908149719,0.4758705496788025,-0.009760371409356594,0.41564953327178955,0.43423378467559814,-0.03228688985109329,0.4198983311653137,0.496206134557724,-0.03571002185344696,0.42022091150283813,0.5454953908920288,-0.030568640679121017,0.38264092803001404,0.47989222407341003,-0.012956748716533184,0.3740796148777008,0.4134446978569031,-0.02375030890107155,0.3722827136516571,0.37095093727111816,-0.027339324355125427,0.37242624163627625,0.3295126259326935,-0.027042891830205917
I,0.3993492126464844,0.6608660221099854,-2.627464255056111e-07,0.4392528533935547,0.6371822953224182,-0.018681202083826065,0.47436851263046265,0.5945204496383667,-0.029452340677380562,0.47559162974357605,0.5388838648796082,-0.04041175916790962,0.45057016611099243,0.5109368562698364,-0.04880009964108467,0.4492306411266327,0.4985294044017792,-0.011891327798366547,0.4627892076969147,0.46578672528266907,-0.032312724739313126,0.45773589611053467,0.516671359539032,-0.04196998104453087,0.45124849677085876,0.5513347387313843,-0.043533772230148315,0.4239902198314667,0.49143165349960327,-0.011616549454629421,0.43628382682800293,0.4728930592536926,-0.037272993475198746,0.4344047009944916,0.5410776138305664,-0.046300008893013,0.4295206069946289,0.58266282081604,-0.045568156987428665,0.3979555070400238,0.49105674028396606,-0.014778255484998226,0.4069313108921051,0.46259936690330505,-0.03955712541937828,0.41279929876327515,0.5261379480361938,-0.043586790561676025,0.41349881887435913,0.5717021822929382,-0.038334283977746964,0.3717748522758484,0.4962034821510315,-0.019147563725709915,0.36350587010383606,0.4324977397918701,-0.030804282054305077,0.36072689294815063,0.3919447958469391,-0.03434509038925171,0.35943469405174255,0.3515017628669739,-0.03378477320075035
I,0.3920591473579407,0.682000458240509,-3.105199937181169e-07,0.43109986186027527,0.6630364060401917,-0.019931815564632416,0.46538445353507996,0.6289494037628174,-0.03395902365446091,0.4700358510017395,0.5837138891220093,-0.04812641069293022,0.4439988434314728,0.5674408674240112,-0.05973665043711662,0.44030430912971497,0.5024181604385376,-0.01828934997320175,0.455414354801178,0.49631205201148987,-0.04242854565382004,0.4492385983467102,0.5492628812789917,-0.055488407611846924,0.44190195202827454,0.5839154124259949,-0.05936580151319504,0.4121522009372711,0.49904051423072815,-0.01872805878520012,0.4266103208065033,0.5138373374938965,-0.04523542895913124,0.4254211187362671,0.5860232710838318,-0.05418208986520767,0.4229574203491211,0.6272072196006775,-0.05410304293036461,0.38506069779396057,0.5116668343544006,-0.02253812365233898,0.3973022997379303,0.5190501809120178,-0.04789039120078087,0.4023786187171936,0.5838876962661743,-0.050647176802158356,0.40317660570144653,0.6264891624450684,-0.04489455372095108,0.36064109206199646,0.5316814184188843,-0.02780839055776596,0.35169926285743713,0.4800107777118683,-0.040091075003147125,0.3450540006160736,0.4454510509967804,-0.0421980656683445,0.3401399552822113,0.4122975170612335,-0.04033971205353737
I,0.3945688307285309,0.6899594664573669,-2.433236545584805e-07,0.43490874767303467,0.6717379093170166,-0.02581966482102871,0.46869948506355286,0.6435871720314026,-0.04445460066199303,0.46710729598999023,0.6066697239875793,-0.06229770928621292,0.43950918316841125,0.596672773361206,-0.07718876749277115,0.440680593252182,0.4985032081604004,-0.024664271622896194,0.4496309161186218,0.5164260864257812,-0.05083346366882324,0.44839945435523987,0.5629385709762573,-0.0647488459944725,0.4453054964542389,0.5934665203094482,-0.06876460462808609,0.41018790006637573,0.4971662759780884,-0.022945381700992584,0.4215366542339325,0.5432968735694885,-0.049463458359241486,0.42357686161994934,0.612065851688385,-0.05783427879214287,0.4237390160560608,0.6449887752532959,-0.05784798040986061,0.38235318660736084,0.5175679922103882,-0.024983098730444908,0.3927170932292938,0.5493237972259521,-0.05322859063744545,0.3995955288410187,0.6125807166099548,-0.05578833073377609,0.4021524488925934,0.6504409313201904,-0.04949777200818062,0.35812631249427795,0.5469913482666016,-0.02880471758544445,0.3492068946361542,0.5053385496139526,-0.043598808348178864,0.3423890769481659,0.47406286001205444,-0.04482598230242729,0.33764466643333435,0.44215548038482666,-0.04156556352972984
I,0.390524297952652,0.693221926689148,-2.983198896799877e-07,0.4300549626350403,0.6786969900131226,-0.023378903046250343,0.4646962881088257,0.6485548615455627,-0.03907681256532669,0.46543699502944946,0.6075707674026489,-0.05427246913313866,0.4388534128665924,0.592164158821106,-0.0666610449552536,0.44257405400276184,0.5071141719818115,-0.0199228897690773,0.45080387592315674,0.517109215259552,-0.045299578458070755,0.4445147216320038,0.5657282471656799,-0.060385704040527344,0.4392651617527008,0.6000580787658691,-0.06544698774814606,0.41229110956192017,0.5009800791740417,-0.018806731328368187,0.42135512828826904,0.5356441736221313,-0.045820996165275574,0.41900452971458435,0.6054550409317017,-0.05632061883807182,0.41773781180381775,0.6470885872840881,-0.05756474658846855,0.3830278813838959,0.5159322023391724,-0.021269336342811584,0.39057669043540955,0.5371994972229004,-0.04799630492925644,0.3939886689186096,0.601470410823822,-0.05176090821623802,0.39583122730255127,0.6442984342575073,-0.04655645415186882,0.357355535030365,0.5406562089920044,-0.025435321033000946,0.3486359119415283,0.4923950731754303,-0.038831986486911774,0.33993369340896606,0.4577297270298004,-0.04083890840411186,0.3337388038635254,0.4241555333137512,-0.038612205535173416
I,0.3860165774822235,0.7080142498016357,-2.998716865931783e-07,0.425435334444046,0.6902086138725281,-0.023161619901657104,0.4607127606868744,0.6485126614570618,-0.03562229126691818,0.45885372161865234,0.5899397730827332,-0.0473899245262146,0.43109264969825745,0.560379683971405,-0.05554746091365814,0.43924155831336975,0.54302978515625,-0.015924474224448204,0.44886574149131775,0.5127297639846802,-0.03862793371081352,0.4393635094165802,0.5707033276557922,-0.0491228848695755,0.4318435490131378,0.6057043075561523,-0.05122183635830879,0.4117457866668701,0.5335114598274231,-0.013784750364720821,0.4185800850391388,0.5180448293685913,-0.04121273756027222,0.4154266119003296,0.5911515951156616,-0.04994313046336174,0.4125695526599884,0.6292721629142761,-0.049064766615629196,0.38446635007858276,0.5331208109855652,-0.015558847226202488,0.38827502727508545,0.5078059434890747,-0.04205566644668579,0.3919331431388855,0.5764468312263489,-0.04443611577153206,0.3922271430492401,0.6223219037055969,-0.03792107477784157,0.3574923276901245,0.5384529232978821,-0.01894277334213257,0.347459077835083,0.4754251539707184,-0.031902216374874115,0.3418252766132355,0.43503910303115845,-0.03493465855717659,0.33790355920791626,0.3926035761833191,-0.033617597073316574
I,0.38747438788414,0.7218483090400696,-3.0895557756593917e-07,0.42883962392807007,0.7018048763275146,-0.01921767368912697,0.4642114043235779,0.6573914885520935,-0.029209690168499947,0.4631090462207794,0.5970698595046997,-0.038977134972810745,0.4369206428527832,0.5665073394775391,-0.045898959040641785,0.44412297010421753,0.5629539489746094,-0.012913733720779419,0.45516878366470337,0.5263321399688721,-0.03294141963124275,0.4437065124511719,0.5787548422813416,-0.04238586872816086,0.43370723724365234,0.618878185749054,-0.044036462903022766,0.4176412522792816,0.5503016710281372,-0.011619262397289276,0.4251329004764557,0.5278692245483398,-0.03714478760957718,0.41873863339424133,0.5984994769096375,-0.04623904451727867,0.4119156002998352,0.6461168527603149,-0.04596398398280144,0.3906315267086029,0.5455575585365295,-0.013606037944555283,0.3953734040260315,0.5095879435539246,-0.03763255849480629,0.3974311947822571,0.5743197202682495,-0.040902554988861084,0.3965182602405548,0.625037670135498,-0.03575321286916733,0.36329904198646545,0.547829806804657,-0.01685444824397564,0.3550744354724884,0.48051854968070984,-0.02875278890132904,0.3512366712093353,0.43679356575012207,-0.03256526216864586,0.3489924669265747,0.39371299743652344,-0.032433971762657166
I,0.400285005569458,0.7231907844543457,-2.80708519539985e-07,0.4389066994190216,0.6960095763206482,-0.015632089227437973,0.4721885025501251,0.645439863204956,-0.024197284132242203,0.47551119327545166,0.5886574983596802,-0.03330497816205025,0.450650691986084,0.5650444626808167,-0.04023129865527153,0.4427665174007416,0.5524727702140808,-0.008500729687511921,0.45537418127059937,0.5154471397399902,-0.026383990421891212,0.45254653692245483,0.5650819540023804,-0.035457197576761246,0.4478255808353424,0.602858304977417,-0.03713999688625336,0.4180409610271454,0.546755313873291,-0.008981188759207726,0.43070724606513977,0.5248502492904663,-0.03238106518983841,0.431763619184494,0.593775749206543,-0.04126248508691788,0.4289855659008026,0.6409904360771179,-0.040899038314819336,0.39245814085006714,0.5486229062080383,-0.012448958121240139,0.40444085001945496,0.5155171155929565,-0.03490161523222923,0.41234225034713745,0.5784648060798645,-0.0388035848736763,0.4139981269836426,0.6277850866317749,-0.034142982214689255,0.3671411871910095,0.5579257607460022,-0.016929438337683678,0.35577887296676636,0.4951322376728058,-0.027507169172167778,0.3516910970211029,0.45486801862716675,-0.031092964112758636,0.350071519613266,0.41593897342681885,-0.030930086970329285
I,0.4061123728752136,0.7273342609405518,-2.696668275348202e-07,0.4445457458496094,0.6963278651237488,-0.015990102663636208,0.47690093517303467,0.6446088552474976,-0.025584843009710312,0.47959059476852417,0.5883851647377014,-0.03561126068234444,0.4544626474380493,0.5667533278465271,-0.04326919466257095,0.44473379850387573,0.5526210069656372,-0.010419491678476334,0.4595588147640228,0.5162086486816406,-0.028952986001968384,0.4580192267894745,0.569686770439148,-0.0379103422164917,0.4533785283565521,0.6077191233634949,-0.03951362147927284,0.4202769994735718,0.549737274646759,-0.010935833677649498,0.4353950619697571,0.529105007648468,-0.03393784165382385,0.4377673268318176,0.5980239510536194,-0.04184207692742348,0.4347386360168457,0.6418374180793762,-0.04120483994483948,0.395422101020813,0.5544146299362183,-0.014507521875202656,0.409043550491333,0.5227813720703125,-0.036395102739334106,0.41816446185112,0.585428774356842,-0.03942982107400894,0.41957995295524597,0.6329317688941956,-0.03462071344256401,0.37101083993911743,0.565952479839325,-0.019184459000825882,0.3589358627796173,0.5049173831939697,-0.02976899966597557,0.35555240511894226,0.46451717615127563,-0.03344609588384628,0.35410720109939575,0.4245433211326599,-0.03353998810052872
I,0.40282848477363586,0.7325587868690491,-2.971241315208317e-07,0.4431031048297882,0.705974817276001,-0.01776472106575966,0.4773252606391907,0.6578538417816162,-0.02777993120253086,0.4787757396697998,0.6001295447349548,-0.03795163705945015,0.4526004493236542,0.5789678692817688,-0.045640524476766586,0.44814589619636536,0.5613625645637512,-0.011041647754609585,0.46298283338546753,0.5309606194496155,-0.029910342767834663,0.45676398277282715,0.5844253301620483,-0.03889474272727966,0.4489734172821045,0.6202801465988159,-0.040460944175720215,0.423128604888916,0.5551908612251282,-0.010742820799350739,0.43612948060035706,0.5377724170684814,-0.03528624773025513,0.43431469798088074,0.6096347570419312,-0.04379139095544815,0.42878398299217224,0.6549092531204224,-0.04285459220409393,0.3973810374736786,0.5568732023239136,-0.013560101389884949,0.40819379687309265,0.5259869694709778,-0.03735890984535217,0.4141708314418793,0.5924264192581177,-0.04052074998617172,0.4139597415924072,0.6413699984550476,-0.034822095185518265,0.37198394536972046,0.5662144422531128,-0.017471032217144966,0.3602927029132843,0.5027934908866882,-0.028765296563506126,0.35625505447387695,0.4623337388038635,-0.031988419592380524,0.3540714979171753,0.42112988233566284,-0.031207114458084106
I,0.38755282759666443,0.7337256073951721,-2.9633852705046593e-07,0.4272993505001068,0.7096943855285645,-0.02196524664759636,0.4625646471977234,0.6646549701690674,-0.03365183621644974,0.45956429839134216,0.6048357486724854,-0.044620998203754425,0.43113672733306885,0.5785214900970459,-0.052423737943172455,0.4372788369655609,0.5631768107414246,-0.014961948618292809,0.4494171142578125,0.5341927409172058,-0.035139333456754684,0.4404558539390564,0.591033399105072,-0.044368937611579895,0.4319364130496979,0.6268348693847656,-0.04602248966693878,0.41110292077064514,0.5541681051254272,-0.012887386605143547,0.4194972813129425,0.5361664295196533,-0.03811834752559662,0.4159725308418274,0.6090972423553467,-0.04668543487787247,0.4110024571418762,0.6519410014152527,-0.046015407890081406,0.3848985731601715,0.5543490648269653,-0.014279735274612904,0.3904901146888733,0.5240821838378906,-0.03885388374328613,0.3942805230617523,0.593100368976593,-0.0417248010635376,0.39379388093948364,0.6426591277122498,-0.035936564207077026,0.35829779505729675,0.561745285987854,-0.017151281237602234,0.3475850820541382,0.4976937174797058,-0.029269367456436157,0.3424787223339081,0.4567020535469055,-0.032707829028367996,0.3389572501182556,0.41485702991485596,-0.031967490911483765
I,0.3706029951572418,0.7347906827926636,-2.7732198759622406e-07,0.4074646234512329,0.7176624536514282,-0.02608504146337509,0.43810394406318665,0.6778018474578857,-0.04018694907426834,0.43282198905944824,0.6200160384178162,-0.052656374871730804,0.4063737094402313,0.5888779759407043,-0.061172004789114,0.42081528902053833,0.5744156241416931,-0.020722270011901855,0.42856672406196594,0.5450223088264465,-0.04366111755371094,0.4175254702568054,0.6012526154518127,-0.05437656119465828,0.408885657787323,0.6390664577484131,-0.056645382195711136,0.39354321360588074,0.5621381998062134,-0.016725625842809677,0.3976074159145355,0.5456522107124329,-0.0442366898059845,0.3921646475791931,0.618118166923523,-0.05276736617088318,0.38810035586357117,0.6601082682609558,-0.05166695639491081,0.36690324544906616,0.5595840215682983,-0.016652442514896393,0.3692193925380707,0.5342575311660767,-0.042521197348833084,0.3706226944923401,0.6005380153656006,-0.04457169026136398,0.37004128098487854,0.6483844518661499,-0.037940457463264465,0.34056299924850464,0.564558207988739,-0.018460750579833984,0.3309996724128723,0.5026232004165649,-0.031571172177791595,0.3253973424434662,0.46225446462631226,-0.03495541587471962,0.3216167092323303,0.42183178663253784,-0.03374696895480156
I,0.3661922812461853,0.7391897439956665,-2.3720518527170498e-07,0.401334673166275,0.7262510657310486,-0.03274198994040489,0.4268575608730316,0.6863428950309753,-0.05085901543498039,0.4138249158859253,0.6299216747283936,-0.06627844274044037,0.38785508275032043,0.5968841314315796,-0.07666211575269699,0.4209097623825073,0.578590452671051,-0.026746565476059914,0.414755254983902,0.5475850105285645,-0.05450765788555145,0.40497109293937683,0.6022151708602905,-0.06761173158884048,0.4021776020526886,0.6416722536087036,-0.07075953483581543,0.390236496925354,0.5649171471595764,-0.020568937063217163,0.3824557363986969,0.5471201539039612,-0.052986495196819305,0.37818461656570435,0.6189972758293152,-0.06269355118274689,0.3783186078071594,0.6564792394638062,-0.06146211177110672,0.36240628361701965,0.5623671412467957,-0.019297560676932335,0.3548206388950348,0.5342987775802612,-0.04946086183190346,0.35551688075065613,0.6006927490234375,-0.051773056387901306,0.357390433549881,0.648740291595459,-0.04435645043849945,0.3366137146949768,0.5691950917243958,-0.020563041791319847,0.3264428675174713,0.5092563629150391,-0.03675796836614609,0.3181734085083008,0.4699591398239136,-0.041215941309928894,0.3122406303882599,0.43071284890174866,-0.03995904698967934
I,0.36001449823379517,0.7302293181419373,-2.379799752816325e-07,0.3946196734905243,0.7180677652359009,-0.03398929908871651,0.41902321577072144,0.6770995855331421,-0.051889095455408096,0.401426762342453,0.6232999563217163,-0.06656678766012192,0.3737345039844513,0.5934035181999207,-0.07608052343130112,0.41325804591178894,0.565188467502594,-0.027230598032474518,0.3999215066432953,0.5460096597671509,-0.05535097047686577,0.39208725094795227,0.603733479976654,-0.06954967230558395,0.3927873373031616,0.6400325894355774,-0.07358302921056747,0.3822743594646454,0.5518280863761902,-0.020365403965115547,0.36894431710243225,0.5480164885520935,-0.05330131947994232,0.3671327233314514,0.6181789040565491,-0.06443384289741516,0.36932143568992615,0.653460681438446,-0.06433180719614029,0.35451245307922363,0.5520458817481995,-0.01841561682522297,0.342230886220932,0.5348848700523376,-0.050316549837589264,0.34357741475105286,0.602169930934906,-0.05435633286833763,0.34695300459861755,0.6491637825965881,-0.04755903780460358,0.32941389083862305,0.5608536601066589,-0.018975814804434776,0.31940147280693054,0.5054477453231812,-0.03675612434744835,0.3105117082595825,0.4688049554824829,-0.04212092235684395,0.30374011397361755,0.4311652183532715,-0.040997039526700974
I,0.3604895770549774,0.724175751209259,-2.147805275853898e-07,0.39653152227401733,0.7089464664459229,-0.03266914188861847,0.42057737708091736,0.6674526333808899,-0.04960664361715317,0.40103763341903687,0.6150451302528381,-0.06361537426710129,0.3725263774394989,0.5895610451698303,-0.07229436188936234,0.4125712811946869,0.5556108355522156,-0.02343890257179737,0.3974530100822449,0.5355548858642578,-0.050441138446331024,0.3929251730442047,0.5913862586021423,-0.06412167847156525,0.3960171341896057,0.6238580346107483,-0.06804270297288895,0.38201621174812317,0.54681795835495,-0.0172127615660429,0.36769455671310425,0.5430043339729309,-0.0494353249669075,0.3692714273929596,0.6118427515029907,-0.06011231988668442,0.3736947178840637,0.6431650519371033,-0.05959995836019516,0.35459670424461365,0.5508136749267578,-0.015972575172781944,0.3411077558994293,0.5386486053466797,-0.04755064472556114,0.3453441560268402,0.6041972041130066,-0.051098328083753586,0.35069167613983154,0.6466524004936218,-0.043790679425001144,0.3291104733943939,0.5624434351921082,-0.01718783564865589,0.31841015815734863,0.5103839039802551,-0.034721143543720245,0.3088350296020508,0.47432196140289307,-0.03952469676733017,0.300884485244751,0.4357645809650421,-0.03785562887787819
I,0.36271628737449646,0.6934515833854675,-1.9816560836716235e-07,0.4000469744205475,0.6771769523620605,-0.03029187023639679,0.4257133901119232,0.6378880739212036,-0.046360861510038376,0.4102645516395569,0.5789081454277039,-0.05961097031831741,0.3837168514728546,0.5490838289260864,-0.06786813586950302,0.41750767827033997,0.5453276634216309,-0.023006314411759377,0.410490483045578,0.510842502117157,-0.04825347661972046,0.40340864658355713,0.559762179851532,-0.059805795550346375,0.4028850197792053,0.5949321389198303,-0.062439434230327606,0.38919758796691895,0.53251051902771,-0.016862979158759117,0.38168278336524963,0.5103471279144287,-0.047106191515922546,0.37926435470581055,0.5757331848144531,-0.055996187031269073,0.3805359899997711,0.6108332872390747,-0.05477568507194519,0.36363616585731506,0.5289556980133057,-0.015403873287141323,0.3553749918937683,0.5007003545761108,-0.0446581095457077,0.35728251934051514,0.5627496242523193,-0.04700407013297081,0.3602021634578705,0.6077941060066223,-0.03989963233470917,0.3389647305011749,0.5325049161911011,-0.016191896051168442,0.3288651704788208,0.4751891493797302,-0.032331597059965134,0.3207060396671295,0.43645215034484863,-0.0370815247297287,0.31443482637405396,0.3974568843841553,-0.036265626549720764
I,0.3693310618400574,0.6744863390922546,-2.2431575530390546e-07,0.4084099531173706,0.6596921682357788,-0.02938402071595192,0.4359671473503113,0.6194981932640076,-0.04436503350734711,0.42274194955825806,0.5572860240936279,-0.05663492530584335,0.39604705572128296,0.5253498554229736,-0.06398889422416687,0.42900195717811584,0.529459536075592,-0.022174933925271034,0.42318591475486755,0.4881898760795593,-0.04650004953145981,0.4132058024406433,0.5390831232070923,-0.05755491182208061,0.4107529819011688,0.5774216651916504,-0.05991848185658455,0.40102434158325195,0.5155923962593079,-0.01614552177488804,0.3931542634963989,0.4888816475868225,-0.04580329358577728,0.3889348804950714,0.5541005730628967,-0.05494850128889084,0.3888201415538788,0.5907605886459351,-0.05398867279291153,0.3750340938568115,0.5102279186248779,-0.014606296084821224,0.36703696846961975,0.47688359022140503,-0.042902253568172455,0.36806872487068176,0.5382493734359741,-0.04580145701766014,0.3698447644710541,0.5841583609580994,-0.03927221521735191,0.3496656119823456,0.5113792419433594,-0.015196708030998707,0.3406604826450348,0.4499050974845886,-0.030395397916436195,0.3340866267681122,0.4085993468761444,-0.03518981859087944,0.3290782868862152,0.3686177730560303,-0.034638140350580215
I,0.3759082853794098,0.6601226329803467,-2.1511338843538397e-07,0.4145424962043762,0.6466978788375854,-0.02676534652709961,0.443840354681015,0.6075121164321899,-0.04091423749923706,0.4333944320678711,0.5445192456245422,-0.05285358056426048,0.40686964988708496,0.510772705078125,-0.06065427511930466,0.4358043372631073,0.5168140530586243,-0.02088218554854393,0.4352475106716156,0.4770592749118805,-0.04302855208516121,0.42333346605300903,0.52752685546875,-0.05337012559175491,0.418087899684906,0.5671787261962891,-0.055793024599552155,0.40771329402923584,0.5014427304267883,-0.01582849584519863,0.4051755666732788,0.47325611114501953,-0.04229745641350746,0.39804646372795105,0.5371707677841187,-0.05065543204545975,0.3943674862384796,0.5780979990959167,-0.049991752952337265,0.3818005621433258,0.49574902653694153,-0.014653556048870087,0.3796376883983612,0.4561886489391327,-0.03892799839377403,0.3778412342071533,0.5167183876037598,-0.04032221809029579,0.3767096996307373,0.5658129453659058,-0.03413804993033409,0.3569697141647339,0.49876752495765686,-0.015538386069238186,0.3507871925830841,0.44165897369384766,-0.02771895006299019,0.3467293381690979,0.40566641092300415,-0.030770355835556984,0.34418320655822754,0.37189048528671265,-0.02978120930492878
I,0.37436380982398987,0.6540898084640503,-2.1763291613297042e-07,0.412249356508255,0.6428245902061462,-0.026347683742642403,0.443669855594635,0.6025393605232239,-0.04037308320403099,0.4330105185508728,0.5391512513160706,-0.05192398279905319,0.40523263812065125,0.5093866586685181,-0.059387680143117905,0.43161043524742126,0.5131860971450806,-0.022007310763001442,0.43390944600105286,0.47346848249435425,-0.0414007268846035,0.4209003746509552,0.5216202139854431,-0.04951464384794235,0.4138389229774475,0.5577028393745422,-0.051528528332710266,0.40469270944595337,0.49612438678741455,-0.01702500693500042,0.40462279319763184,0.4673301577568054,-0.04154844209551811,0.3965827524662018,0.5305466055870056,-0.049004342406988144,0.39079269766807556,0.5719849467277527,-0.048541221767663956,0.379583477973938,0.48860853910446167,-0.015539148822426796,0.3804534673690796,0.43774083256721497,-0.038018129765987396,0.37946322560310364,0.49395516514778137,-0.039901018142700195,0.3774137496948242,0.5421018600463867,-0.035413116216659546,0.3558422327041626,0.49005720019340515,-0.015972169116139412,0.3473754823207855,0.432269811630249,-0.02864462323486805,0.3420167565345764,0.39502501487731934,-0.033585838973522186,0.33789780735969543,0.3577772080898285,-0.03474689647555351
I,0.3771115243434906,0.6573982834815979,-2.5393737246304227e-07,0.41607552766799927,0.6432143449783325,-0.022428549826145172,0.4465152621269226,0.6015564203262329,-0.034110210835933685,0.43621760606765747,0.539268434047699,-0.04409446194767952,0.4089617431163788,0.5096768736839294,-0.0502539724111557,0.43333131074905396,0.5158228278160095,-0.01852923259139061,0.4368571639060974,0.4736371338367462,-0.03648337349295616,0.4253893196582794,0.5225564241409302,-0.04375714808702469,0.41995975375175476,0.5562520027160645,-0.04551202058792114,0.40726596117019653,0.4993216097354889,-0.015109103173017502,0.40865558385849,0.46812325716018677,-0.03801226243376732,0.40107718110084534,0.531614363193512,-0.04471231997013092,0.3958466351032257,0.57000333070755,-0.04417997598648071,0.38256311416625977,0.491415411233902,-0.01486548688262701,0.3833898901939392,0.43979203701019287,-0.03659287840127945,0.3821057081222534,0.49628740549087524,-0.03814942389726639,0.3796819746494293,0.5425166487693787,-0.03353819251060486,0.3585439920425415,0.4916207194328308,-0.016192639246582985,0.34862861037254333,0.4270254075527191,-0.02878086268901825,0.3426659405231476,0.3849935531616211,-0.033701829612255096,0.337943971157074,0.3437793254852295,-0.0348694808781147
I,0.3773029148578644,0.6541539430618286,-2.0657246579958155e-07,0.41612333059310913,0.6421086192131042,-0.02373632974922657,0.44824448227882385,0.5981899499893188,-0.03566834330558777,0.4372989535331726,0.534683346748352,-0.045553091913461685,0.4092192053794861,0.505017101764679,-0.05163906142115593,0.4346640408039093,0.5126540064811707,-0.017687100917100906,0.43795689940452576,0.46922197937965393,-0.0356857031583786,0.4254876375198364,0.5167051553726196,-0.04359366372227669,0.41886577010154724,0.5531687140464783,-0.04566425457596779,0.40703579783439636,0.4970056414604187,-0.013285748660564423,0.4074055254459381,0.4621695876121521,-0.03667917847633362,0.3990577459335327,0.5257169604301453,-0.04397309944033623,0.3938606083393097,0.5701663494110107,-0.04325217381119728,0.3814115822315216,0.4898626506328583,-0.012165026739239693,0.3816225826740265,0.4331452250480652,-0.032305266708135605,0.3805244266986847,0.48565346002578735,-0.03329065814614296,0.37981221079826355,0.532952070236206,-0.02854723483324051,0.3570248782634735,0.49193352460861206,-0.012853244319558144,0.35105764865875244,0.4383544325828552,-0.023151637986302376,0.3476455509662628,0.4052494764328003,-0.02652107924222946,0.3455517590045929,0.3730786442756653,-0.026817284524440765
I,0.3831631541252136,0.6623326539993286,-2.4963128453237005e-07,0.42225080728530884,0.6441307663917542,-0.0227363184094429,0.45374906063079834,0.6011216640472412,-0.03479870408773422,0.44515860080718994,0.5374992489814758,-0.045448631048202515,0.4178549647331238,0.5066691040992737,-0.05247854068875313,0.43986931443214417,0.5143733024597168,-0.016803378239274025,0.4431716501712799,0.4730730950832367,-0.03593191131949425,0.43247318267822266,0.5229294300079346,-0.044647183269262314,0.4268389046192169,0.5611215829849243,-0.04676906019449234,0.41316094994544983,0.5000141859054565,-0.01350743230432272,0.4143352806568146,0.4709937572479248,-0.037181515246629715,0.40832841396331787,0.5354366302490234,-0.04510855674743652,0.4032922387123108,0.576573371887207,-0.04505687952041626,0.3875443935394287,0.49448904395103455,-0.013564860448241234,0.38776975870132446,0.4462047219276428,-0.03579774498939514,0.38754719495773315,0.5057996511459351,-0.03745974972844124,0.38575810194015503,0.5544429421424866,-0.03245023638010025,0.3624093532562256,0.49725812673568726,-0.015300547704100609,0.35291188955307007,0.4335830807685852,-0.027295323088765144,0.3485620319843292,0.3917624354362488,-0.031439535319805145,0.34550073742866516,0.35000699758529663,-0.031897347420454025
I,0.3906608521938324,0.6695522665977478,-2.478132330452354e-07,0.42936041951179504,0.6477684378623962,-0.01806364580988884,0.46237123012542725,0.6036770343780518,-0.027334177866578102,0.4589976668357849,0.5425011515617371,-0.036370985209941864,0.43540066480636597,0.5079010128974915,-0.04302799329161644,0.4422259032726288,0.5192883610725403,-0.00912976823747158,0.44915834069252014,0.48120421171188354,-0.027710942551493645,0.44227057695388794,0.5244907736778259,-0.03785410150885582,0.4353269934654236,0.565980076789856,-0.04030182212591171,0.41718268394470215,0.5055949687957764,-0.007724034134298563,0.42239612340927124,0.4762038588523865,-0.030958984047174454,0.41885846853256226,0.5390371680259705,-0.041043542325496674,0.41345053911209106,0.5874033570289612,-0.041929833590984344,0.39209219813346863,0.5001400709152222,-0.009541605599224567,0.39640384912490845,0.4585137963294983,-0.032005079090595245,0.3989368975162506,0.5163636803627014,-0.03619398921728134,0.39832648634910583,0.5663498044013977,-0.03217286616563797,0.36602354049682617,0.5031180381774902,-0.012514756061136723,0.3564108908176422,0.43942123651504517,-0.024366140365600586,0.35320335626602173,0.39823824167251587,-0.0287887342274189,0.35218650102615356,0.35908496379852295,-0.02918708324432373
I,0.40035906434059143,0.6961653232574463,-2.3664996717798203e-07,0.43795353174209595,0.6708667874336243,-0.01665504276752472,0.4691237509250641,0.6220260858535767,-0.024569375440478325,0.46456384658813477,0.5622584223747253,-0.032399289309978485,0.4399159252643585,0.5328689813613892,-0.03826737031340599,0.4442363381385803,0.5427809953689575,-0.006824861746281385,0.45110565423965454,0.5041781663894653,-0.024649331346154213,0.4464641809463501,0.5452751517295837,-0.03452184423804283,0.4411521255970001,0.584692120552063,-0.036666564643383026,0.42013266682624817,0.5338261723518372,-0.005723448004573584,0.42574214935302734,0.5033081769943237,-0.02779442071914673,0.42437246441841125,0.5644784569740295,-0.03743027150630951,0.4206547439098358,0.6122391819953918,-0.037893299013376236,0.39580923318862915,0.532568633556366,-0.0077223870903253555,0.4006913900375366,0.49417048692703247,-0.02961396984755993,0.4047866463661194,0.5513628721237183,-0.03344721347093582,0.40542173385620117,0.5996743440628052,-0.028851982206106186,0.3704115152359009,0.5385124683380127,-0.01069070678204298,0.3610284626483917,0.476457804441452,-0.021346932277083397,0.3584730923175812,0.4367341995239258,-0.02441197633743286,0.3580591082572937,0.3985235095024109,-0.023751096799969673
I,0.4202507734298706,0.7253190279006958,-2.608081217658764e-07,0.45794346928596497,0.695422887802124,-0.016786769032478333,0.48735713958740234,0.6459097266197205,-0.024846721440553665,0.48415231704711914,0.5882354974746704,-0.03293454274535179,0.46034449338912964,0.5612548589706421,-0.038743387907743454,0.4601954519748688,0.5643729567527771,-0.0072586736641824245,0.46950799226760864,0.5296827554702759,-0.025314562022686005,0.4644657075405121,0.5813597440719604,-0.03490128368139267,0.45820122957229614,0.6222502589225769,-0.036683112382888794,0.43669283390045166,0.5580224990844727,-0.006204297300428152,0.44399985671043396,0.5290044546127319,-0.02826865203678608,0.44374004006385803,0.5931369066238403,-0.03721317648887634,0.4408310055732727,0.6394124031066895,-0.03699871525168419,0.41219162940979004,0.5590450763702393,-0.008344861678779125,0.41928350925445557,0.5231050848960876,-0.030043991282582283,0.424851655960083,0.5834801197052002,-0.033708229660987854,0.42583686113357544,0.6328269243240356,-0.02870101109147072,0.3870174288749695,0.567405104637146,-0.011497365310788155,0.3758281469345093,0.5063446760177612,-0.021946920081973076,0.3719443082809448,0.4669153690338135,-0.02521495707333088,0.36998841166496277,0.4298297166824341,-0.024455849081277847
I,0.45246195793151855,0.7448433637619019,-2.432709322874871e-07,0.49010151624679565,0.7138670086860657,-0.017001112923026085,0.5213904976844788,0.6627282500267029,-0.026303499937057495,0.5207129716873169,0.6053417921066284,-0.03562866523861885,0.49462535977363586,0.5832359194755554,-0.042913004755973816,0.4881480932235718,0.5770609974861145,-0.009400589391589165,0.4995991289615631,0.5408318042755127,-0.027366457507014275,0.4991999864578247,0.5898739695549011,-0.03680942952632904,0.49553820490837097,0.6288986802101135,-0.038655780255794525,0.464309424161911,0.5731393098831177,-0.008889772929251194,0.47498834133148193,0.5467319488525391,-0.030988754704594612,0.4781099855899811,0.6133037805557251,-0.03948994353413582,0.4759744107723236,0.6606995463371277,-0.039038337767124176,0.4396595060825348,0.5768307447433472,-0.011450898833572865,0.45024925470352173,0.5417680144309998,-0.03292393311858177,0.4587540626525879,0.603112518787384,-0.036047425121068954,0.4602631628513336,0.6529877185821533,-0.030934803187847137,0.41422152519226074,0.587831437587738,-0.01510063000023365,0.4018975794315338,0.5264519453048706,-0.025206906720995903,0.4000975489616394,0.48508769273757935,-0.02823410928249359,0.40059205889701843,0.4451587200164795,-0.02763945236802101
I,0.478646457195282,0.7896667718887329,-2.6349505333200796e-07,0.5165498852729797,0.7574235200881958,-0.014524971134960651,0.5485540628433228,0.7048704028129578,-0.023049689829349518,0.5526643991470337,0.6492905020713806,-0.03221403807401657,0.5283761024475098,0.624964714050293,-0.03930220380425453,0.5144176483154297,0.6193881034851074,-0.008182651363313198,0.5299335718154907,0.5791929364204407,-0.026141518726944923,0.5303643345832825,0.6291984915733337,-0.03529495745897293,0.5258001089096069,0.6685256958007812,-0.03670920804142952,0.49134981632232666,0.6170142889022827,-0.008984265848994255,0.5063539743423462,0.59209144115448,-0.03143381327390671,0.5096805095672607,0.6598499417304993,-0.03979229927062988,0.5067147016525269,0.7054851651191711,-0.03915807604789734,0.46734219789505005,0.621171772480011,-0.012681904248893261,0.48278388381004333,0.5886368155479431,-0.03434067219495773,0.49181875586509705,0.6497964859008789,-0.03738836571574211,0.4923827350139618,0.6973132491111755,-0.03209736570715904,0.44246917963027954,0.6311367154121399,-0.017275990918278694,0.432270348072052,0.5677899122238159,-0.0273955799639225,0.4314962923526764,0.5259156823158264,-0.030157890170812607,0.432587206363678,0.48557066917419434,-0.02929779514670372
I,0.4965766966342926,0.8085310459136963,-2.8628801373997703e-07,0.5335678458213806,0.7746021747589111,-0.01170797273516655,0.5643336772918701,0.7177831530570984,-0.018895577639341354,0.5702857375144958,0.6630168557167053,-0.027053484693169594,0.5471550822257996,0.6411693692207336,-0.03323786333203316,0.5293207764625549,0.6311777830123901,-0.007671008817851543,0.5456279516220093,0.5937168598175049,-0.024767275899648666,0.5471739172935486,0.6476956009864807,-0.03336750715970993,0.5429081916809082,0.687780499458313,-0.03474436327815056,0.5067334771156311,0.6310767531394958,-0.00995734054595232,0.5239135026931763,0.6073729395866394,-0.03164258971810341,0.5289322733879089,0.6768971681594849,-0.03929602727293968,0.5261890888214111,0.7232106328010559,-0.038543399423360825,0.4835858941078186,0.6381351351737976,-0.014791526831686497,0.5013321042060852,0.6069039106369019,-0.035635653883218765,0.5125768780708313,0.6676809787750244,-0.038444191217422485,0.5140151381492615,0.7140758037567139,-0.033423032611608505,0.46013709902763367,0.6511567831039429,-0.020289773121476173,0.4514639377593994,0.5863127112388611,-0.03056907095015049,0.45155856013298035,0.542555034160614,-0.03365242853760719,0.45304960012435913,0.5004310011863708,-0.03323403745889664
I,0.48784342408180237,0.8149754405021667,-2.7887600140275026e-07,0.5250654220581055,0.7804839611053467,-0.014408325776457787,0.5580028891563416,0.7255955934524536,-0.02316599152982235,0.5628161430358887,0.6709252595901489,-0.03232559561729431,0.5384154915809631,0.649489164352417,-0.039211150258779526,0.5213108062744141,0.6331622004508972,-0.011011488735675812,0.5393458604812622,0.6022573709487915,-0.028229517862200737,0.5403584241867065,0.6596074104309082,-0.036051131784915924,0.5361198782920837,0.6968010067939758,-0.03695620968937874,0.4977400004863739,0.6325069069862366,-0.012258877046406269,0.5175424814224243,0.6157443523406982,-0.034384213387966156,0.5212990045547485,0.6887475252151489,-0.04143725335597992,0.5171796083450317,0.7337993383407593,-0.04001200199127197,0.4742721617221832,0.6405706405639648,-0.016073334962129593,0.49344921112060547,0.6140672564506531,-0.03766600042581558,0.5038248300552368,0.6786168813705444,-0.03952644020318985,0.5047277808189392,0.7257937788963318,-0.03335200622677803,0.45072945952415466,0.655303418636322,-0.020722992718219757,0.4436089098453522,0.5885746479034424,-0.03165313974022865,0.4448264539241791,0.5445021986961365,-0.034295033663511276,0.44735896587371826,0.5021597743034363,-0.03303219750523567
I,0.444103479385376,0.8135151267051697,-2.8185371547806426e-07,0.4812283515930176,0.7856597304344177,-0.017198190093040466,0.5137374401092529,0.7362553477287292,-0.027324145659804344,0.5145581960678101,0.6841480731964111,-0.03752104565501213,0.48841914534568787,0.6673630475997925,-0.045440636575222015,0.4794217646121979,0.6392989158630371,-0.012043333612382412,0.49594569206237793,0.6148309707641602,-0.03058551996946335,0.493613600730896,0.6680723428726196,-0.040011484175920486,0.48681753873825073,0.7029334902763367,-0.04201636090874672,0.4549829065799713,0.6377119421958923,-0.01227326039224863,0.4724600613117218,0.6302897334098816,-0.03515612706542015,0.4726030230522156,0.7033646702766418,-0.042743559926748276,0.4676584005355835,0.749743640422821,-0.041504453867673874,0.43119436502456665,0.6461551189422607,-0.015443174168467522,0.44646990299224854,0.6282716989517212,-0.03730854019522667,0.45324069261550903,0.6920307278633118,-0.039212603121995926,0.4534949064254761,0.7390554547309875,-0.032925087958574295,0.4081229567527771,0.6615959405899048,-0.01982218399643898,0.4010433554649353,0.6013945937156677,-0.030246300622820854,0.40033334493637085,0.5603848695755005,-0.03239032253623009,0.4013322591781616,0.5201534032821655,-0.03073018230497837
I,0.39739927649497986,0.8258510828018188,-2.7518649403646123e-07,0.43361952900886536,0.7988975644111633,-0.02221538871526718,0.4632920026779175,0.752305805683136,-0.03400047495961189,0.456142783164978,0.7004022598266602,-0.04462668299674988,0.4269310235977173,0.6831444501876831,-0.052131615579128265,0.4311485290527344,0.6574006080627441,-0.01672750525176525,0.44183629751205444,0.6366388201713562,-0.03705214336514473,0.4377768635749817,0.6939341425895691,-0.04688704013824463,0.4314628839492798,0.730202317237854,-0.04902857542037964,0.405910849571228,0.6545368432998657,-0.013924450613558292,0.41389718651771545,0.6481418013572693,-0.037994518876075745,0.41505947709083557,0.7176194787025452,-0.04585039243102074,0.41246330738067627,0.758904218673706,-0.0450328029692173,0.3822755217552185,0.6631489992141724,-0.014524262398481369,0.38866373896598816,0.6499925851821899,-0.03821821138262749,0.39534205198287964,0.7112177610397339,-0.040517449378967285,0.3966550827026367,0.7547667622566223,-0.03428018465638161,0.3590303659439087,0.6789034008979797,-0.01665220595896244,0.3510567545890808,0.6220912933349609,-0.029355384409427643,0.3480812609195709,0.5826425552368164,-0.03264129161834717,0.34599652886390686,0.5442454218864441,-0.03127191588282585
I,0.3757372796535492,0.8151543140411377,-2.5783211299312825e-07,0.4088802933692932,0.7928503155708313,-0.021091997623443604,0.4364224672317505,0.7459191083908081,-0.03161735087633133,0.42726337909698486,0.6938137412071228,-0.04100915044546127,0.39909347891807556,0.6729381084442139,-0.047148849815130234,0.4122646450996399,0.657484233379364,-0.014832865446805954,0.4174102544784546,0.6308095455169678,-0.034191932529211044,0.41162925958633423,0.682701587677002,-0.04333198815584183,0.4058779776096344,0.7170816659927368,-0.045085594058036804,0.38700616359710693,0.651349663734436,-0.011923720128834248,0.3892331123352051,0.6380094885826111,-0.034993354231119156,0.3887186646461487,0.7039499878883362,-0.04209768399596214,0.3868734836578369,0.7416107058525085,-0.04086063429713249,0.3633565306663513,0.6548788547515869,-0.01237419992685318,0.36473190784454346,0.6341812610626221,-0.034691836684942245,0.36898064613342285,0.6951636075973511,-0.035589173436164856,0.3697715699672699,0.738149881362915,-0.028830500319600105,0.33983463048934937,0.6652710437774658,-0.01433695387095213,0.33189111948013306,0.6077306866645813,-0.025616437196731567,0.3286702632904053,0.5709058046340942,-0.027533387765288353,0.3267692029476166,0.533607006072998,-0.025429364293813705
I,0.3658919334411621,0.7944839000701904,-2.3292423634302395e-07,0.39711490273475647,0.7738776803016663,-0.022877657786011696,0.4230669140815735,0.7297595143318176,-0.03408955782651901,0.4134526550769806,0.677930474281311,-0.043689776211977005,0.38677921891212463,0.656551718711853,-0.0498153381049633,0.4029785990715027,0.6440346240997314,-0.016414903104305267,0.40548238158226013,0.6165854334831238,-0.0364777036011219,0.39871710538864136,0.6674591898918152,-0.04548366740345955,0.39401817321777344,0.7021336555480957,-0.046891625970602036,0.37812328338623047,0.6368685960769653,-0.012631651945412159,0.37828078866004944,0.6188274025917053,-0.03679782897233963,0.37623777985572815,0.6837935447692871,-0.043873414397239685,0.3750402629375458,0.7214479446411133,-0.042053405195474625,0.3548382520675659,0.6391348242759705,-0.012427344918251038,0.35319891571998596,0.6170085668563843,-0.03580279275774956,0.3561582565307617,0.6761583685874939,-0.03705500811338425,0.358123242855072,0.7183672785758972,-0.02994827926158905,0.33185356855392456,0.648125171661377,-0.013804768212139606,0.324823260307312,0.589188277721405,-0.025688394904136658,0.3211175203323364,0.5517762303352356,-0.027963891625404358,0.3192881643772125,0.5153806209564209,-0.025771165266633034
I,0.3554812967777252,0.7670184373855591,-2.1506903635781782e-07,0.38714927434921265,0.7508910894393921,-0.02706553228199482,0.41413548588752747,0.7081614136695862,-0.04069829732179642,0.40422236919403076,0.653417706489563,-0.05206995829939842,0.3757825195789337,0.6328545808792114,-0.05933956056833267,0.3980407118797302,0.6206002235412598,-0.02021637372672558,0.39668843150138855,0.593635082244873,-0.04249602556228638,0.38875988125801086,0.6461326479911804,-0.05219481512904167,0.38522201776504517,0.6797298192977905,-0.053638655692338943,0.37292593717575073,0.6115211844444275,-0.014884120784699917,0.3697344660758972,0.5965920686721802,-0.04119198024272919,0.36641207337379456,0.6626936793327332,-0.04807494580745697,0.36509403586387634,0.6982985734939575,-0.04563283920288086,0.34964799880981445,0.6116767525672913,-0.01374034397304058,0.3455187678337097,0.5888379216194153,-0.03927008435130119,0.3473200798034668,0.6493948698043823,-0.040681350976228714,0.34886425733566284,0.6921826004981995,-0.03308414667844772,0.32711607217788696,0.617645263671875,-0.014584441669285297,0.32155999541282654,0.5605595111846924,-0.02758805640041828,0.31748801469802856,0.523811936378479,-0.03074408881366253,0.3144468665122986,0.4870579242706299,-0.02890705317258835
I,0.341211199760437,0.7613616585731506,-1.6973196181879757e-07,0.37340882420539856,0.7456145882606506,-0.029157089069485664,0.39628687500953674,0.7023471593856812,-0.04399450495839119,0.3818727433681488,0.6482403874397278,-0.056280169636011124,0.35452067852020264,0.6254899501800537,-0.06384900212287903,0.3848022520542145,0.620722234249115,-0.020930645987391472,0.37862423062324524,0.5883777141571045,-0.044574469327926636,0.3717575669288635,0.6379256248474121,-0.05513811111450195,0.37199586629867554,0.6713559031486511,-0.057053085416555405,0.3592126965522766,0.611207127571106,-0.014739968813955784,0.3529364764690399,0.5900735855102539,-0.04274548962712288,0.3498743176460266,0.6520876884460449,-0.050152845680713654,0.3511342406272888,0.6846017837524414,-0.047711409628391266,0.3361552655696869,0.6096765398979187,-0.013199585489928722,0.32906511425971985,0.5805210471153259,-0.03978158161044121,0.3293299674987793,0.6380411386489868,-0.04125262051820755,0.3314933180809021,0.6806986331939697,-0.03346642479300499,0.31409063935279846,0.6132994890213013,-0.01397417951375246,0.3086808919906616,0.5560501217842102,-0.027461545541882515,0.30432841181755066,0.5179263353347778,-0.03119019977748394,0.3015352487564087,0.4814372658729553,-0.02975710853934288
I,0.3388833999633789,0.7492079734802246,-1.7445570676954958e-07,0.37049710750579834,0.7361524105072021,-0.029930943623185158,0.3942869007587433,0.6927908062934875,-0.0451982244849205,0.38172996044158936,0.6382997632026672,-0.05795817822217941,0.3552502393722534,0.6142732501029968,-0.0659807100892067,0.38559794425964355,0.6117141842842102,-0.021222591400146484,0.3778759241104126,0.5790027379989624,-0.04557088389992714,0.3703356981277466,0.6277157068252563,-0.05610309913754463,0.3709820806980133,0.6604012846946716,-0.05787362530827522,0.3594183921813965,0.600858211517334,-0.014821872115135193,0.35247111320495605,0.5787816047668457,-0.04328279569745064,0.34840482473373413,0.6409865021705627,-0.05008566379547119,0.3500305116176605,0.670985758304596,-0.04706336185336113,0.33588388562202454,0.5982199311256409,-0.013277239166200161,0.3287660479545593,0.5670072436332703,-0.04035775363445282,0.32816123962402344,0.6261258721351624,-0.04104422777891159,0.330380916595459,0.6687692403793335,-0.03267631307244301,0.3135334551334381,0.6011803150177002,-0.014188472181558609,0.3081948459148407,0.5453367233276367,-0.02817424014210701,0.3035331964492798,0.5086674094200134,-0.03188788518309593,0.3010473847389221,0.4724310040473938,-0.03037034533917904
I,0.3580637276172638,0.7455990314483643,-2.2498504392842733e-07,0.39184826612472534,0.7305041551589966,-0.02440168336033821,0.41835176944732666,0.6875256896018982,-0.03635699674487114,0.40880289673805237,0.6319335699081421,-0.04650326073169708,0.38229870796203613,0.6053704619407654,-0.05291087180376053,0.4023328423500061,0.6042006611824036,-0.018282318487763405,0.4043276309967041,0.5701507329940796,-0.039666809141635895,0.39637038111686707,0.6200308203697205,-0.049127332866191864,0.3916296362876892,0.6549750566482544,-0.050741516053676605,0.3778004050254822,0.5943087935447693,-0.013756108470261097,0.3766099214553833,0.5726691484451294,-0.039436232298612595,0.37334030866622925,0.6374763250350952,-0.04674971476197243,0.3712010681629181,0.6748051643371582,-0.0449645072221756,0.3543577194213867,0.592826783657074,-0.01308808010071516,0.35289517045021057,0.5638178586959839,-0.037165895104408264,0.3545871376991272,0.6227560043334961,-0.038509536534547806,0.35500985383987427,0.6655163168907166,-0.03149920329451561,0.3312893807888031,0.597017228603363,-0.014198818244040012,0.3263971209526062,0.537655770778656,-0.026871487498283386,0.32447442412376404,0.49928244948387146,-0.03043777123093605,0.3233654499053955,0.46108391880989075,-0.029257046058773994
I,0.3920198082923889,0.7366729378700256,-2.266085772362203e-07,0.42969056963920593,0.7156285643577576,-0.0192105695605278,0.46041688323020935,0.6708009243011475,-0.028410794213414192,0.4560618996620178,0.6125954985618591,-0.03691355139017105,0.430462121963501,0.5838278532028198,-0.042516592890024185,0.4371671676635742,0.5875013470649719,-0.012089366093277931,0.44554272294044495,0.5508869290351868,-0.029978374019265175,0.4386001229286194,0.6004189848899841,-0.037945281714200974,0.431865930557251,0.6386032104492188,-0.03887830302119255,0.41289758682250977,0.5763553380966187,-0.009711027145385742,0.4178718626499176,0.5498971343040466,-0.03242192044854164,0.41540512442588806,0.6139482259750366,-0.040194012224674225,0.4118897616863251,0.6571390628814697,-0.039293091744184494,0.3886093497276306,0.5732643008232117,-0.010440345853567123,0.3938139081001282,0.5397577881813049,-0.03218783810734749,0.3962412476539612,0.602130115032196,-0.03387991338968277,0.3955470025539398,0.6497104167938232,-0.027752147987484932,0.3637288808822632,0.5766409635543823,-0.01246700994670391,0.36003780364990234,0.5148156881332397,-0.0233567263931036,0.3609089255332947,0.4751659333705902,-0.026164626702666283,0.3630335330963135,0.4352925419807434,-0.025041809305548668
I,0.391262412071228,0.6968265771865845,-2.135228527322397e-07,0.42853155732154846,0.6763507723808289,-0.018411491066217422,0.4589236080646515,0.6292951703071594,-0.026504160836338997,0.45357105135917664,0.5693526268005371,-0.033717479556798935,0.4280336797237396,0.5424030423164368,-0.03832189738750458,0.4341118037700653,0.5497456192970276,-0.010518059134483337,0.442139208316803,0.5131121873855591,-0.027140403166413307,0.4353264570236206,0.5611881613731384,-0.03490036353468895,0.4284413754940033,0.5991299748420715,-0.03593387082219124,0.4110932946205139,0.5394019484519958,-0.007923605851829052,0.41579553484916687,0.5087869763374329,-0.02898423559963703,0.4129411578178406,0.5703657865524292,-0.03685759752988815,0.4088480770587921,0.6141268610954285,-0.03630932420492172,0.3878900110721588,0.5365785956382751,-0.008268785662949085,0.39327144622802734,0.4978851079940796,-0.028660573065280914,0.39537543058395386,0.5577640533447266,-0.030611200258135796,0.39418426156044006,0.6061726808547974,-0.024997863918542862,0.36339515447616577,0.540606677532196,-0.009793154895305634,0.3589484989643097,0.4784027934074402,-0.019962215796113014,0.36014652252197266,0.4392819106578827,-0.02278941497206688,0.36274898052215576,0.40049833059310913,-0.021918311715126038
I,0.39399075508117676,0.6577908992767334,-2.029424024385662e-07,0.43171513080596924,0.6356664299964905,-0.016182582825422287,0.46271613240242004,0.5876489877700806,-0.022938981652259827,0.45747828483581543,0.5269302129745483,-0.029294747859239578,0.4328734278678894,0.4976235330104828,-0.033258259296417236,0.440864235162735,0.5124494433403015,-0.005146353505551815,0.44745102524757385,0.47323930263519287,-0.02062276005744934,0.44094952940940857,0.5187772512435913,-0.02858608029782772,0.4336285889148712,0.558425784111023,-0.029588783159852028,0.41745907068252563,0.5010170936584473,-0.003089452628046274,0.4203774333000183,0.46675366163253784,-0.021810954436659813,0.4177077114582062,0.5245934128761292,-0.02981421910226345,0.4133657217025757,0.5672250986099243,-0.029735449701547623,0.39410313963890076,0.4975852370262146,-0.003936950583010912,0.3974280059337616,0.45576778054237366,-0.021914467215538025,0.39965155720710754,0.5097001791000366,-0.02391194924712181,0.398395836353302,0.554747462272644,-0.018976248800754547,0.3691861033439636,0.5009567141532898,-0.005851357243955135,0.3658486604690552,0.43916577100753784,-0.013756409287452698,0.36857038736343384,0.4013957977294922,-0.015269824303686619,0.3722613453865051,0.3649902939796448,-0.013842613436281681
I,0.40060174465179443,0.6241098642349243,-2.0408923262493772e-07,0.43873292207717896,0.5991570949554443,-0.012968107126653194,0.4694381654262543,0.5541805624961853,-0.017993250861763954,0.465644508600235,0.49374547600746155,-0.023043807595968246,0.44147658348083496,0.46752265095710754,-0.02601776272058487,0.44584187865257263,0.48625630140304565,-0.0014794690068811178,0.45245257019996643,0.4434002637863159,-0.015347671695053577,0.447517991065979,0.48836058378219604,-0.022740963846445084,0.4406411647796631,0.5283134579658508,-0.023439666256308556,0.4235980212688446,0.47548040747642517,-0.000602345506194979,0.4275265038013458,0.43629738688468933,-0.017143676057457924,0.4251481294631958,0.49343812465667725,-0.02468016929924488,0.421249121427536,0.5355384945869446,-0.02453024871647358,0.4015418589115143,0.47205057740211487,-0.0022892735432833433,0.40472662448883057,0.42725589871406555,-0.017352024093270302,0.40665245056152344,0.4774499237537384,-0.018531188368797302,0.40540453791618347,0.520799458026886,-0.01376019511371851,0.37739452719688416,0.4751679301261902,-0.004929892253130674,0.3742450177669525,0.41495266556739807,-0.010692084208130836,0.3770899474620819,0.3792245388031006,-0.010776473209261894,0.38067716360092163,0.34617292881011963,-0.00871160440146923
I,0.39997515082359314,0.6619553565979004,-1.995163501078423e-07,0.43720513582229614,0.6360783576965332,-0.016514021903276443,0.4677509069442749,0.5880715847015381,-0.02409910038113594,0.46389657258987427,0.5294848084449768,-0.03159400820732117,0.4403178095817566,0.4987078607082367,-0.03673746436834335,0.4420787990093231,0.5138089656829834,-0.005299197044223547,0.44914132356643677,0.4749928414821625,-0.022773748263716698,0.4444471299648285,0.522710919380188,-0.03183046355843544,0.4378165602684021,0.5648897290229797,-0.03294745460152626,0.4194709062576294,0.5050650835037231,-0.0036834189668297768,0.4239775836467743,0.47017619013786316,-0.024978891015052795,0.4226192235946655,0.5294721722602844,-0.033944226801395416,0.41868266463279724,0.5746106505393982,-0.033617302775382996,0.39644137024879456,0.5031673908233643,-0.005202241707593203,0.4016161561012268,0.4604686498641968,-0.025032462552189827,0.4050247073173523,0.514846920967102,-0.027531882748007774,0.4046928584575653,0.5615667700767517,-0.02203609235584736,0.3717882037162781,0.5075908899307251,-0.007828408852219582,0.3681682050228119,0.4447482228279114,-0.016628269106149673,0.37091928720474243,0.40507715940475464,-0.01860862784087658,0.37493303418159485,0.36783453822135925,-0.017056120559573174
I,0.39981940388679504,0.7372868657112122,-2.433282304536988e-07,0.4364856779575348,0.7163012027740479,-0.01723172701895237,0.46829602122306824,0.6725690960884094,-0.025585228577256203,0.46728515625,0.6169654130935669,-0.03398881107568741,0.444589763879776,0.5862409472465515,-0.03997934237122536,0.44656944274902344,0.5858949422836304,-0.006800859700888395,0.4561378061771393,0.5497711300849915,-0.02520640753209591,0.44989073276519775,0.5950756669044495,-0.034781314432621,0.44247862696647644,0.63321453332901,-0.03642116114497185,0.42291009426116943,0.5764468908309937,-0.00553742004558444,0.43010687828063965,0.5531852841377258,-0.028347965329885483,0.4274703562259674,0.6197993755340576,-0.03702833503484726,0.42258164286613464,0.6646130681037903,-0.03624158352613449,0.39858898520469666,0.5747560262680054,-0.00758551899343729,0.4042723774909973,0.5430819988250732,-0.029219666495919228,0.40690144896507263,0.6047113537788391,-0.03137683868408203,0.40609583258628845,0.6506830453872681,-0.025207435712218285,0.3729878067970276,0.5798554420471191,-0.010828494094312191,0.3683147430419922,0.5196276903152466,-0.02077886462211609,0.3690318465232849,0.48209673166275024,-0.022667163982987404,0.37113139033317566,0.44403040409088135,-0.02076583355665207
I,0.39471492171287537,0.7883617877960205,-2.7865257834491786e-07,0.4327162802219391,0.7699621915817261,-0.019957084208726883,0.4669577181339264,0.730641782283783,-0.030797559767961502,0.467061311006546,0.6785112023353577,-0.04110550507903099,0.4416269361972809,0.6532135009765625,-0.04876048490405083,0.44189026951789856,0.6254787445068359,-0.013050047680735588,0.4545593857765198,0.6067407131195068,-0.03296075388789177,0.44632259011268616,0.6596450805664062,-0.04325482249259949,0.4366510510444641,0.6956474781036377,-0.04529659077525139,0.4169841706752777,0.6189998984336853,-0.011452846229076385,0.4273073673248291,0.6132948398590088,-0.035258699208498,0.4226873219013214,0.6829720735549927,-0.04385216534137726,0.41635167598724365,0.7271516919136047,-0.04295537993311882,0.3925883173942566,0.6232947111129761,-0.013026976026594639,0.40094006061553955,0.6089160442352295,-0.035458650439977646,0.4026396870613098,0.6718980669975281,-0.037405919283628464,0.4008519947528839,0.7170694470405579,-0.030856262892484665,0.3682057559490204,0.6347470879554749,-0.016004595905542374,0.36468908190727234,0.578642725944519,-0.0261823832988739,0.3650006651878357,0.542602002620697,-0.027269503101706505,0.36641865968704224,0.5072698593139648,-0.02446649968624115
I,0.3922959566116333,0.815743625164032,-2.87040677449113e-07,0.42884567379951477,0.8025428056716919,-0.022098656743764877,0.46156373620033264,0.7655109167098999,-0.03374399244785309,0.4599175453186035,0.7179584503173828,-0.044349901378154755,0.4336514472961426,0.6964561343193054,-0.05192885547876358,0.44028016924858093,0.6407273411750793,-0.014814824797213078,0.44638994336128235,0.6543117761611938,-0.03722432628273964,0.4388926923274994,0.7124669551849365,-0.0498419813811779,0.4326590895652771,0.746319055557251,-0.05328724905848503,0.41311198472976685,0.6370403170585632,-0.012822367250919342,0.41914650797843933,0.6624408960342407,-0.03769223019480705,0.41590529680252075,0.731036365032196,-0.047002699226140976,0.413500040769577,0.7705370187759399,-0.04685983061790466,0.38697388768196106,0.6509076356887817,-0.014400506392121315,0.3943793773651123,0.668607234954834,-0.04020138084888458,0.39580491185188293,0.7309603691101074,-0.04334180802106857,0.39619138836860657,0.771478533744812,-0.03661109879612923,0.3619396686553955,0.6723209619522095,-0.01742168515920639,0.3631606101989746,0.6201167702674866,-0.03176227584481239,0.3637947142124176,0.5802191495895386,-0.03449579328298569,0.3662808835506439,0.5419787764549255,-0.031704381108284
I,0.3873996436595917,0.8455623984336853,-2.4620382532702934e-07,0.42034849524497986,0.8325755000114441,-0.02451726235449314,0.45073145627975464,0.7997602820396423,-0.03841766342520714,0.4441213011741638,0.7617555260658264,-0.05027588829398155,0.41634202003479004,0.7525953054428101,-0.059203196316957474,0.42732828855514526,0.6644808053970337,-0.0217501949518919,0.4280552566051483,0.7001399993896484,-0.041556522250175476,0.4245363771915436,0.749883234500885,-0.05310129374265671,0.42324933409690857,0.7721035480499268,-0.05721430480480194,0.3979010283946991,0.66134113073349,-0.018878843635320663,0.40199652314186096,0.7148887515068054,-0.03844408690929413,0.4023642838001251,0.7720212340354919,-0.04576042667031288,0.40401992201805115,0.7956181168556213,-0.04696514829993248,0.3718489408493042,0.6812055110931396,-0.018971305340528488,0.37773269414901733,0.7204036116600037,-0.04218054935336113,0.38109293580055237,0.7780511379241943,-0.04409095272421837,0.38364994525909424,0.8108036518096924,-0.03842250257730484,0.3485758602619171,0.709437906742096,-0.02070317044854164,0.3476288616657257,0.6646164059638977,-0.03451288864016533,0.34552690386772156,0.6285056471824646,-0.03524954989552498,0.3456081748008728,0.5943328142166138,-0.031551897525787354
I,0.3780433237552643,0.8563112616539001,-1.7178952305130224e-07,0.4083162844181061,0.8503861427307129,-0.03102760761976242,0.43676209449768066,0.8240582942962646,-0.04848979786038399,0.4246648848056793,0.7941333651542664,-0.06230465695261955,0.3978634178638458,0.7840821146965027,-0.07272270321846008,0.4165383577346802,0.6839104890823364,-0.03132288157939911,0.4153044521808624,0.7306950092315674,-0.053756143897771835,0.41391903162002563,0.7791893482208252,-0.06573566049337387,0.4138738214969635,0.7927737236022949,-0.0703473687171936,0.38739702105522156,0.6814863085746765,-0.025619860738515854,0.3886775076389313,0.7448539733886719,-0.04733584076166153,0.39241039752960205,0.7986955046653748,-0.05328334867954254,0.3962554633617401,0.8107901215553284,-0.05361488088965416,0.36238035559654236,0.7033983469009399,-0.023458868265151978,0.3641570508480072,0.7532817721366882,-0.04921800643205643,0.3704361617565155,0.8105623126029968,-0.04879700765013695,0.37483760714530945,0.8370791673660278,-0.04129248857498169,0.3396501839160919,0.7319744825363159,-0.023455500602722168,0.33988243341445923,0.6927330493927002,-0.04113996773958206,0.33905401825904846,0.6587550640106201,-0.04278876632452011,0.33938610553741455,0.6229221820831299,-0.03907659649848938
I,0.3803159296512604,0.7868353724479675,-2.030670884778374e-07,0.4153904914855957,0.7788361310958862,-0.027632713317871094,0.4474261999130249,0.7470367550849915,-0.04184192419052124,0.43976783752441406,0.7025332450866699,-0.05339404568076134,0.41158154606819153,0.6826298832893372,-0.060930926352739334,0.4322394132614136,0.6170207858085632,-0.02202111855149269,0.43051818013191223,0.6323698163032532,-0.04382128268480301,0.4252781867980957,0.6884084939956665,-0.055056165903806686,0.4226864278316498,0.7143298387527466,-0.0583331324160099,0.4044969975948334,0.6090686917304993,-0.017369365319609642,0.40198251605033875,0.6427611708641052,-0.041146572679281235,0.4010368585586548,0.7068496346473694,-0.048565588891506195,0.40224727988243103,0.7327219247817993,-0.04803452640771866,0.378066748380661,0.6214494109153748,-0.01645096391439438,0.3775339722633362,0.6443353295326233,-0.042712267488241196,0.3783673644065857,0.7082539796829224,-0.043856486678123474,0.3798370361328125,0.7464926242828369,-0.036084312945604324,0.3530471622943878,0.6401534080505371,-0.017486967146396637,0.3584362268447876,0.5922360420227051,-0.03393416479229927,0.36360952258110046,0.5544055700302124,-0.0369047187268734,0.3701263964176178,0.5184788703918457,-0.033938635140657425
I,0.38629400730133057,0.7416176199913025,-2.0741400419410638e-07,0.42308419942855835,0.7324405908584595,-0.023106953129172325,0.4551611542701721,0.6925784349441528,-0.0332084558904171,0.4481808543205261,0.6415156722068787,-0.04205901548266411,0.419247031211853,0.6185042262077332,-0.047217197716236115,0.4371580183506012,0.5858311653137207,-0.013458410277962685,0.445223867893219,0.5734975337982178,-0.03292131796479225,0.43667030334472656,0.6286055445671082,-0.04111438989639282,0.4307481348514557,0.6567749977111816,-0.04197119548916817,0.4118098318576813,0.5765677094459534,-0.010575846768915653,0.4178103804588318,0.5769645571708679,-0.03492145985364914,0.412553608417511,0.6436046361923218,-0.04199763387441635,0.4096013307571411,0.6776036024093628,-0.03965844586491585,0.38761207461357117,0.5812394618988037,-0.011553983204066753,0.39328211545944214,0.5783911943435669,-0.037352900952100754,0.39092376828193665,0.6447694897651672,-0.038774289190769196,0.3884797692298889,0.6881105899810791,-0.030217144638299942,0.36399516463279724,0.5913934707641602,-0.014151228591799736,0.3718357980251312,0.5349907279014587,-0.028272438794374466,0.3784176707267761,0.4969215393066406,-0.031009646132588387,0.3859790563583374,0.4615829885005951,-0.028107939288020134
I,0.386525958776474,0.7182076573371887,-1.9817730390059296e-07,0.422393262386322,0.7042281031608582,-0.022064290940761566,0.453034371137619,0.6560385823249817,-0.03087296523153782,0.4434569776058197,0.5999534130096436,-0.03868446499109268,0.41512182354927063,0.5762287974357605,-0.04279085993766785,0.4329686760902405,0.5737826228141785,-0.012306081131100655,0.4381037950515747,0.5384162664413452,-0.03181716054677963,0.4309389293193817,0.5914369821548462,-0.03899530693888664,0.42687320709228516,0.6237108707427979,-0.03859860450029373,0.40862783789634705,0.5667588114738464,-0.008844288997352123,0.41185590624809265,0.5455034971237183,-0.0331319160759449,0.408573716878891,0.6102969646453857,-0.03900982439517975,0.4066842794418335,0.643517792224884,-0.03560788184404373,0.38592976331710815,0.5679835081100464,-0.009325430728495121,0.3876420259475708,0.5429672002792358,-0.0336868092417717,0.38827258348464966,0.6072344779968262,-0.03373873233795166,0.3878779113292694,0.6510797739028931,-0.024684876203536987,0.36288535594940186,0.5715617537498474,-0.011386461555957794,0.3668811023235321,0.511397659778595,-0.0229935385286808,0.373365581035614,0.47371238470077515,-0.02455100603401661,0.38062408566474915,0.43766409158706665,-0.021479200571775436
I,0.3803515136241913,0.7313410043716431,-1.840905383687641e-07,0.41359326243400574,0.7045455574989319,-0.021959401667118073,0.4380806088447571,0.648127555847168,-0.03125646710395813,0.42266014218330383,0.5935292840003967,-0.03981493413448334,0.39297249913215637,0.5782363414764404,-0.04473656788468361,0.41129565238952637,0.5813561677932739,-0.010378649458289146,0.4124472141265869,0.5369147062301636,-0.030905161052942276,0.4099808633327484,0.5858252644538879,-0.039281826466321945,0.40855249762535095,0.6211023330688477,-0.03923838958144188,0.3871992826461792,0.580181896686554,-0.006791593041270971,0.38702794909477234,0.551598846912384,-0.03171142190694809,0.3893982172012329,0.614436149597168,-0.038546375930309296,0.38999369740486145,0.6505157947540283,-0.03541850298643112,0.3655099868774414,0.5844775438308716,-0.007310276385396719,0.36294278502464294,0.5512860417366028,-0.031117232516407967,0.36973389983177185,0.6100966334342957,-0.03194776549935341,0.3741588294506073,0.6534547209739685,-0.023422982543706894,0.3435206711292267,0.5907337665557861,-0.009490729309618473,0.34263497591018677,0.5307238101959229,-0.019747082144021988,0.34530526399612427,0.49214762449264526,-0.021258540451526642,0.3486208915710449,0.45561912655830383,-0.018353616818785667
I,0.38264983892440796,0.7343903183937073,-2.0038183379256225e-07,0.41565340757369995,0.7074530720710754,-0.02186420187354088,0.4411785900592804,0.6531359553337097,-0.03123832494020462,0.4265155792236328,0.5986313223838806,-0.03982468321919441,0.3963415324687958,0.5807009935379028,-0.044878095388412476,0.4149450659751892,0.5827649831771851,-0.011191611178219318,0.415704607963562,0.5393550395965576,-0.03232105076313019,0.4124387204647064,0.5902214646339417,-0.041175905615091324,0.41058242321014404,0.6281766295433044,-0.041216615587472916,0.39071956276893616,0.5812827944755554,-0.00746863754466176,0.38933709263801575,0.5534208416938782,-0.032801300287246704,0.39106521010398865,0.6183690428733826,-0.03985985368490219,0.3920935392379761,0.6575232148170471,-0.036740634590387344,0.36842024326324463,0.5859475135803223,-0.007741452660411596,0.3649800419807434,0.5552886724472046,-0.031751617789268494,0.3711361587047577,0.6148086190223694,-0.03254157677292824,0.3759268820285797,0.6583927869796753,-0.02381785586476326,0.34547510743141174,0.5936530828475952,-0.00959984865039587,0.3446221947669983,0.5322917699813843,-0.020201047882437706,0.3464779853820801,0.4931373596191406,-0.02148933708667755,0.3493635654449463,0.4570106863975525,-0.018109461292624474
I,0.3846186697483063,0.7333498597145081,-1.9198003542442166e-07,0.4169405996799469,0.7065978646278381,-0.022328967228531837,0.44201624393463135,0.6535413265228271,-0.03219118341803551,0.4279387891292572,0.5991735458374023,-0.04124167561531067,0.3991549611091614,0.5793070197105408,-0.04675253853201866,0.41719695925712585,0.5820296406745911,-0.011688850820064545,0.41738635301589966,0.5381060838699341,-0.03295126557350159,0.4137771427631378,0.5877169370651245,-0.04196883365511894,0.41230493783950806,0.6248249411582947,-0.042314596474170685,0.3929060399532318,0.5802327990531921,-0.007996943779289722,0.39072585105895996,0.5514459609985352,-0.03369342163205147,0.3920051157474518,0.6158149242401123,-0.040828511118888855,0.3930720090866089,0.6546007990837097,-0.03777041286230087,0.37057870626449585,0.5846903920173645,-0.008371636271476746,0.36632513999938965,0.553265392780304,-0.032566703855991364,0.3728061020374298,0.612192690372467,-0.033337075263261795,0.3783147633075714,0.6557508707046509,-0.02471386082470417,0.34758609533309937,0.5923895835876465,-0.01042350847274065,0.3466935157775879,0.5327646732330322,-0.021345699205994606,0.3488616943359375,0.4937705993652344,-0.023027606308460236,0.35212650895118713,0.45726248621940613,-0.020038088783621788
I,0.38399988412857056,0.7354667782783508,-2.0978548320726986e-07,0.4173017740249634,0.7083659172058105,-0.021229198202490807,0.4419189691543579,0.6538024544715881,-0.030365513637661934,0.42650920152664185,0.5994076132774353,-0.03861996904015541,0.39783406257629395,0.5807514786720276,-0.04327232390642166,0.4159817397594452,0.5821931958198547,-0.01117879617959261,0.4168841242790222,0.5380005240440369,-0.031000062823295593,0.41382741928100586,0.5892471075057983,-0.039304062724113464,0.4123077094554901,0.6267617344856262,-0.03965320438146591,0.3917503356933594,0.5805795192718506,-0.0077620637603104115,0.39084118604660034,0.5509482622146606,-0.031944725662469864,0.39242392778396606,0.6147744059562683,-0.038972873240709305,0.3928965926170349,0.653121829032898,-0.036456603556871414,0.36945080757141113,0.5853054523468018,-0.008186140097677708,0.3669339418411255,0.553840696811676,-0.03140522539615631,0.3734850585460663,0.6124488711357117,-0.0326416902244091,0.37758323550224304,0.6554266214370728,-0.024955736473202705,0.3467886447906494,0.5929690599441528,-0.010142121464014053,0.3416332006454468,0.5336500406265259,-0.02097218483686447,0.34073856472969055,0.49461907148361206,-0.023114293813705444,0.34078270196914673,0.4568125903606415,-0.020824814215302467
I,0.38286489248275757,0.7321432828903198,-2.2487428452677705e-07,0.4160732924938202,0.7043864727020264,-0.023957660421729088,0.4399474263191223,0.6506555676460266,-0.03541869670152664,0.4269511103630066,0.5926033854484558,-0.04521910846233368,0.39797404408454895,0.5784019827842712,-0.0514206737279892,0.41631805896759033,0.5783848166465759,-0.015039178542792797,0.4156302809715271,0.5368419885635376,-0.03547739237546921,0.4117799699306488,0.5854116082191467,-0.045408353209495544,0.4102056622505188,0.6242183446884155,-0.04756752774119377,0.391141802072525,0.5749862194061279,-0.010764640755951405,0.3883334696292877,0.5453567504882812,-0.0357130691409111,0.3905532658100128,0.6076630353927612,-0.04435864835977554,0.39142876863479614,0.6485280394554138,-0.04357428103685379,0.36803916096687317,0.5785446166992188,-0.010348491370677948,0.36461129784584045,0.5448812246322632,-0.03406868875026703,0.3712959885597229,0.5997827649116516,-0.03737543523311615,0.3749055564403534,0.6440072059631348,-0.0319121778011322,0.3459351062774658,0.5875656008720398,-0.011702943593263626,0.332773894071579,0.5312150120735168,-0.023976802825927734,0.3255569636821747,0.49296560883522034,-0.02853970043361187,0.3194132447242737,0.45620787143707275,-0.02848014608025551
I,0.3820262551307678,0.7278014421463013,-2.28281123781926e-07,0.41690924763679504,0.7003220915794373,-0.02010270021855831,0.4409445524215698,0.6459029912948608,-0.02805253677070141,0.4251197576522827,0.5916794538497925,-0.035260774195194244,0.3965568542480469,0.5746144652366638,-0.03903104364871979,0.4154197573661804,0.5775731801986694,-0.010669016279280186,0.4164317548274994,0.533883810043335,-0.030239133164286613,0.4119495749473572,0.5839954018592834,-0.038336120545864105,0.41025224328041077,0.6214741468429565,-0.0386437252163887,0.3908292353153229,0.5741777420043945,-0.007371323183178902,0.38912326097488403,0.5471951365470886,-0.0317932665348053,0.3900555968284607,0.6107123494148254,-0.03870558366179466,0.39099645614624023,0.6498892903327942,-0.03618088737130165,0.36808258295059204,0.5771648287773132,-0.007808202877640724,0.36492663621902466,0.5467716455459595,-0.03155769780278206,0.37120938301086426,0.6062057018280029,-0.032962504774332047,0.3758448362350464,0.650594174861908,-0.02530563622713089,0.3451809287071228,0.583541750907898,-0.00961636658757925,0.3405761420726776,0.5241897106170654,-0.02092268504202366,0.33976346254348755,0.48592638969421387,-0.023357024416327477,0.3401299715042114,0.4495132863521576,-0.02122335135936737
I,0.3850947320461273,0.7247300148010254,-2.1176849429593858e-07,0.4195817708969116,0.6990143060684204,-0.021451814100146294,0.4453749358654022,0.6452142000198364,-0.03023875690996647,0.4302939474582672,0.591254472732544,-0.03811873495578766,0.4008074700832367,0.5724103450775146,-0.042509954422712326,0.4196280837059021,0.5733444690704346,-0.011759674176573753,0.4206946790218353,0.5313636064529419,-0.03234182670712471,0.4164738059043884,0.58247309923172,-0.040992509573698044,0.41421404480934143,0.6201666593551636,-0.04128199815750122,0.3948644995689392,0.570563554763794,-0.008062750101089478,0.39364737272262573,0.5445605516433716,-0.03303525596857071,0.39486658573150635,0.609366238117218,-0.04007697477936745,0.39554402232170105,0.6492246389389038,-0.03733152896165848,0.3722863495349884,0.5751273036003113,-0.008223663084208965,0.36913299560546875,0.5464166402816772,-0.03218209370970726,0.3750918209552765,0.6066001653671265,-0.033168695867061615,0.379538357257843,0.6508656740188599,-0.02486589550971985,0.34944435954093933,0.5833381414413452,-0.009884519502520561,0.34829235076904297,0.5226744413375854,-0.021040529012680054,0.35018736124038696,0.48335757851600647,-0.022912655025720596,0.3528140187263489,0.44655823707580566,-0.02008534036576748
I,0.38429009914398193,0.7235906720161438,-1.9557649011403555e-07,0.4187260568141937,0.6986283659934998,-0.021903246641159058,0.4456373155117035,0.6459121704101562,-0.031108444556593895,0.4320753812789917,0.590970516204834,-0.03948628902435303,0.4018545150756836,0.5740653276443481,-0.04416489601135254,0.42089417576789856,0.576191782951355,-0.011761317029595375,0.42323264479637146,0.5332247614860535,-0.032291460782289505,0.4190938472747803,0.5848307013511658,-0.040142301470041275,0.4165683090686798,0.6188990473747253,-0.039878230541944504,0.39633190631866455,0.5735818147659302,-0.00828345213085413,0.39592114090919495,0.5463295578956604,-0.033767569810152054,0.3968285620212555,0.6101250648498535,-0.04041198268532753,0.39691162109375,0.6458517909049988,-0.03716430440545082,0.374044805765152,0.577167809009552,-0.00876244343817234,0.3714102506637573,0.5477196574211121,-0.03352039307355881,0.37670809030532837,0.6089473962783813,-0.03405733034014702,0.3800026476383209,0.6522623896598816,-0.02509187161922455,0.35118308663368225,0.5827847123146057,-0.010805174708366394,0.3519665002822876,0.5239221453666687,-0.02184244804084301,0.35636216402053833,0.4860670566558838,-0.023290149867534637,0.3610900640487671,0.4498884677886963,-0.02012963406741619
I,0.38538461923599243,0.7282063961029053,-2.1942405226127448e-07,0.41948071122169495,0.7017884850502014,-0.02064495161175728,0.445090651512146,0.6454659104347229,-0.029193492606282234,0.4308151602745056,0.588108241558075,-0.036914050579071045,0.40084636211395264,0.5695207118988037,-0.04125037416815758,0.4180438220500946,0.574857771396637,-0.010491469874978065,0.4209582209587097,0.5332630276679993,-0.029850458726286888,0.4171904921531677,0.5839880704879761,-0.03772664815187454,0.414468377828598,0.6200074553489685,-0.037972766906023026,0.3940005302429199,0.5719728469848633,-0.007266352418810129,0.3940940797328949,0.5443798303604126,-0.03123781457543373,0.39588063955307007,0.6092599630355835,-0.03801519796252251,0.395676851272583,0.6475165486335754,-0.03549977391958237,0.371766597032547,0.5763685703277588,-0.007823514752089977,0.3707660138607025,0.5467112064361572,-0.03156386315822601,0.37695613503456116,0.6077414751052856,-0.03268586844205856,0.37947016954421997,0.651085376739502,-0.024831091985106468,0.3490382730960846,0.584247887134552,-0.009777279570698738,0.3452262282371521,0.5229219198226929,-0.021209949627518654,0.34648397564888,0.48441269993782043,-0.023394910618662834,0.3479934334754944,0.4466288685798645,-0.021078839898109436
I,0.38536524772644043,0.7307597398757935,-2.1438094677250774e-07,0.41854944825172424,0.7030343413352966,-0.02277475781738758,0.4435633420944214,0.6495890021324158,-0.033373840153217316,0.4310120642185211,0.5914722681045532,-0.042595356702804565,0.40265846252441406,0.5682033896446228,-0.04823135584592819,0.4191337525844574,0.57462078332901,-0.013457906432449818,0.4187583923339844,0.5316334962844849,-0.03337734565138817,0.4151008129119873,0.5808029174804688,-0.04234490171074867,0.41385596990585327,0.61919105052948,-0.04367461055517197,0.39368683099746704,0.5704119205474854,-0.009458101354539394,0.3911242187023163,0.539432168006897,-0.03422918543219566,0.39377522468566895,0.6034821271896362,-0.04229375720024109,0.394949346780777,0.6449352502822876,-0.04099449887871742,0.3699095547199249,0.573701798915863,-0.009197697974741459,0.3657882809638977,0.5355055332183838,-0.03240549564361572,0.3737112283706665,0.5926040410995483,-0.03434230014681816,0.37899988889694214,0.6371044516563416,-0.027972878888249397,0.3464689254760742,0.5830069780349731,-0.010610952973365784,0.33801913261413574,0.5238480567932129,-0.02228839322924614,0.33453434705734253,0.4847249984741211,-0.02572404220700264,0.3318396806716919,0.44666433334350586,-0.024776402860879898
I,0.3855147361755371,0.7326998114585876,-2.1748758172179805e-07,0.41978201270103455,0.7047631740570068,-0.023133808746933937,0.44548219442367554,0.6561089754104614,-0.034388456493616104,0.43672052025794983,0.5983006358146667,-0.044576916843652725,0.4127064049243927,0.56767737865448,-0.051217399537563324,0.42154210805892944,0.5725992321968079,-0.013104753568768501,0.42190319299697876,0.5276713967323303,-0.03508586809039116,0.4181051254272461,0.578522801399231,-0.04563036188483238,0.4165739119052887,0.6201074719429016,-0.04736761376261711,0.3954775333404541,0.5686095952987671,-0.009281618520617485,0.3944989740848541,0.5341384410858154,-0.03544303774833679,0.39633578062057495,0.5983144640922546,-0.044371914118528366,0.3971051573753357,0.6398629546165466,-0.04322198033332825,0.3710663914680481,0.5725840926170349,-0.009464886039495468,0.3675571382045746,0.53351891040802,-0.033364199101924896,0.37513500452041626,0.591820478439331,-0.035256631672382355,0.3808305561542511,0.6359955668449402,-0.028584251180291176,0.34702929854393005,0.5830431580543518,-0.011453881859779358,0.3390815556049347,0.5234200954437256,-0.02291141077876091,0.33562973141670227,0.4856935143470764,-0.025713631883263588,0.333376944065094,0.4479663372039795,-0.024164807051420212
I,0.3805235028266907,0.7333977818489075,-2.3437230822764832e-07,0.41233107447624207,0.7078562378883362,-0.02372104860842228,0.4361311197280884,0.657342791557312,-0.034336455166339874,0.42354434728622437,0.6011397838592529,-0.04340757057070732,0.39810848236083984,0.5722863674163818,-0.048784635961055756,0.41400453448295593,0.5785208940505981,-0.014484125189483166,0.411823034286499,0.541382908821106,-0.0361073836684227,0.4071578085422516,0.5932930111885071,-0.0456976480782032,0.4050353467464447,0.6350207328796387,-0.04652297869324684,0.38835811614990234,0.574751079082489,-0.009760788641870022,0.3843408226966858,0.5497654676437378,-0.03548838198184967,0.38494372367858887,0.6153920292854309,-0.042862821370363235,0.38548222184181213,0.6572038531303406,-0.040352992713451385,0.36489027738571167,0.5791668891906738,-0.009082193486392498,0.35955339670181274,0.5509586930274963,-0.033482909202575684,0.36581361293792725,0.6087661981582642,-0.03485880419611931,0.3711240589618683,0.6518010497093201,-0.02711203321814537,0.3416864275932312,0.5895195603370667,-0.010096595622599125,0.33524560928344727,0.5300155282020569,-0.022350691258907318,0.33193644881248474,0.49240246415138245,-0.02487252838909626,0.3297995328903198,0.4562278389930725,-0.022390499711036682
I,0.3684443235397339,0.750307559967041,-1.988850897305383e-07,0.3987073004245758,0.7227575182914734,-0.0251243244856596,0.418882817029953,0.67463219165802,-0.03700679540634155,0.4023369252681732,0.6223416328430176,-0.047178614884614944,0.37572792172431946,0.5981108546257019,-0.05339135229587555,0.40005505084991455,0.5981295108795166,-0.015759218484163284,0.3913504183292389,0.5647650957107544,-0.03883291408419609,0.38834208250045776,0.6138282418251038,-0.04918446019291878,0.39037832617759705,0.6524885892868042,-0.05031822994351387,0.37396731972694397,0.5940251350402832,-0.010628397576510906,0.3649008572101593,0.5723689794540405,-0.03763836249709129,0.3660986125469208,0.6368127465248108,-0.044771887362003326,0.36805760860443115,0.6748306155204773,-0.041816458106040955,0.35102149844169617,0.5978357195854187,-0.009916258044540882,0.34098783135414124,0.5716320872306824,-0.0357079841196537,0.347557008266449,0.6291071176528931,-0.037122949957847595,0.35433459281921387,0.6714586019515991,-0.02901538275182247,0.3286658525466919,0.6073529124259949,-0.011056940071284771,0.32229235768318176,0.5486829876899719,-0.024298587813973427,0.31901276111602783,0.5109791159629822,-0.027487682178616524,0.31730449199676514,0.475483238697052,-0.025267774239182472
I,0.3641214668750763,0.7529668807983398,-2.068953079970015e-07,0.396045058965683,0.7286409139633179,-0.027324700728058815,0.4163691997528076,0.6781461238861084,-0.03976663947105408,0.3966500759124756,0.625997006893158,-0.049822188913822174,0.36819368600845337,0.6067339181900024,-0.055380504578351974,0.399493545293808,0.5999119281768799,-0.018411632627248764,0.38718193769454956,0.5680264830589294,-0.04131840914487839,0.3839869499206543,0.6207192540168762,-0.05158786103129387,0.38715094327926636,0.6556456685066223,-0.05327378958463669,0.3727927505970001,0.5947561264038086,-0.012441227212548256,0.35845768451690674,0.5764889717102051,-0.03947148472070694,0.3607635498046875,0.6412969827651978,-0.04643820598721504,0.36494922637939453,0.675808310508728,-0.04375406727194786,0.3496588170528412,0.5989837050437927,-0.010984629392623901,0.33481651544570923,0.5733973979949951,-0.0372651144862175,0.34179776906967163,0.6306036710739136,-0.03866240382194519,0.3499191403388977,0.6721788048744202,-0.03077210858464241,0.32761797308921814,0.608410120010376,-0.011594985611736774,0.3203052282333374,0.5517206192016602,-0.0255968626588583,0.3162381649017334,0.5145053267478943,-0.029483336955308914,0.3138338327407837,0.47967976331710815,-0.02796274423599243
I,0.35526347160339355,0.7572763562202454,-2.0659535948652774e-07,0.3840528428554535,0.7372666597366333,-0.03180527314543724,0.40045425295829773,0.6899276375770569,-0.04713311418890953,0.38165098428726196,0.6401665806770325,-0.058885764330625534,0.35506168007850647,0.6181157827377319,-0.06570454686880112,0.3911067843437195,0.6033017635345459,-0.025356952100992203,0.36925026774406433,0.584861159324646,-0.05030690133571625,0.365810364484787,0.6367355585098267,-0.06148216873407364,0.3704635798931122,0.6684620976448059,-0.06378906220197678,0.36299383640289307,0.5971014499664307,-0.01766153983771801,0.3411267101764679,0.5912588834762573,-0.04725056514143944,0.3439026176929474,0.656401515007019,-0.054379165172576904,0.35002830624580383,0.6891027092933655,-0.05161277949810028,0.33934158086776733,0.6021324992179871,-0.01464729756116867,0.32021012902259827,0.5842391848564148,-0.04300351440906525,0.3264855742454529,0.6411619186401367,-0.04403190687298775,0.3352231979370117,0.6810916662216187,-0.035841528326272964,0.31798335909843445,0.6137344837188721,-0.014120958745479584,0.30866602063179016,0.5628904104232788,-0.030320914462208748,0.3036837875843048,0.5285987854003906,-0.03494982793927193,0.30087441205978394,0.49426713585853577,-0.03360305726528168
I,0.37087059020996094,0.7564312219619751,-2.0469325079375267e-07,0.4027709662914276,0.7355712652206421,-0.029276162385940552,0.4242648184299469,0.6875314116477966,-0.04333140328526497,0.4084348678588867,0.632775604724884,-0.05460990592837334,0.3810497224330902,0.607435405254364,-0.061153870075941086,0.40976250171661377,0.6054844856262207,-0.022185666486620903,0.39761918783187866,0.574120819568634,-0.04707038402557373,0.3927888572216034,0.6266185641288757,-0.05766024440526962,0.3944314420223236,0.662229597568512,-0.05914858728647232,0.3821546137332916,0.5986542701721191,-0.015456344932317734,0.368609219789505,0.5836974382400513,-0.04434408247470856,0.3703679144382477,0.6498339772224426,-0.0508793443441391,0.3743091821670532,0.6827800273895264,-0.04765448346734047,0.357979953289032,0.6016620993614197,-0.013439154252409935,0.34453845024108887,0.5774024128913879,-0.04095011204481125,0.35101255774497986,0.6365670561790466,-0.04135758802294731,0.3586162328720093,0.6775487065315247,-0.032667696475982666,0.33485087752342224,0.610866129398346,-0.013702001422643661,0.3274032175540924,0.5544019937515259,-0.028855420649051666,0.32317620515823364,0.5179346799850464,-0.03280705213546753,0.3205737769603729,0.4820234477519989,-0.031009601429104805
I,0.4054339826107025,0.7696355581283569,-2.528699383219646e-07,0.4381285309791565,0.7420378923416138,-0.02301214262843132,0.46171846985816956,0.6905078291893005,-0.03362452611327171,0.4514009356498718,0.6377217173576355,-0.04301797226071358,0.4249702990055084,0.6121455430984497,-0.04909336566925049,0.43518000841140747,0.6077180504798889,-0.015602227300405502,0.43596410751342773,0.5757328271865845,-0.037521842867136,0.4329202473163605,0.6291090846061707,-0.04794168844819069,0.4301455318927765,0.6703366041183472,-0.049523450434207916,0.4090260863304138,0.6062262654304504,-0.011678949929773808,0.4079330563545227,0.5888204574584961,-0.03809673339128494,0.4108330309391022,0.6569868326187134,-0.046214859932661057,0.412259578704834,0.7012463212013245,-0.044354408979415894,0.3846317529678345,0.613397479057312,-0.011653546243906021,0.38236868381500244,0.5908488035202026,-0.03629487007856369,0.3908681571483612,0.6492311358451843,-0.0382971353828907,0.39706286787986755,0.693483293056488,-0.031079126521945,0.3608682453632355,0.6271355152130127,-0.013299196027219296,0.35369816422462463,0.5657638907432556,-0.0261917095631361,0.35099855065345764,0.5251702666282654,-0.02954433672130108,0.35000914335250854,0.48662298917770386,-0.02775939367711544
I,0.42382270097732544,0.7693865299224854,-2.561390601840685e-07,0.4579840302467346,0.7376902103424072,-0.020131075754761696,0.48517391085624695,0.6841716766357422,-0.029375525191426277,0.47755300998687744,0.6308009028434753,-0.03818419203162193,0.4513768255710602,0.6069032549858093,-0.043824367225170135,0.4536432921886444,0.6020413637161255,-0.011395294219255447,0.4578969478607178,0.5666975975036621,-0.03243664652109146,0.45711764693260193,0.6224162578582764,-0.04232756793498993,0.4545961022377014,0.6643782258033752,-0.04343848675489426,0.4283979833126068,0.6016607880592346,-0.00887411180883646,0.43092799186706543,0.5817944407463074,-0.03417089208960533,0.4351838529109955,0.649470865726471,-0.042306236922740936,0.4357838034629822,0.6925302147865295,-0.04054086282849312,0.4045196771621704,0.6100465059280396,-0.01007379125803709,0.4055752158164978,0.585941731929779,-0.03419461101293564,0.41482970118522644,0.6467868685722351,-0.0359676368534565,0.4197288453578949,0.6905713677406311,-0.02853667363524437,0.3810105621814728,0.6249108910560608,-0.0127213504165411,0.3745543360710144,0.5621049404144287,-0.02506079524755478,0.37281906604766846,0.5224952101707458,-0.027656937018036842,0.372132271528244,0.4842100739479065,-0.02524811029434204
I,0.45348984003067017,0.7822146415710449,-2.4772455731181253e-07,0.48716971278190613,0.7470223307609558,-0.019072817638516426,0.5149863958358765,0.6904560327529907,-0.028395863249897957,0.5102180242538452,0.638067901134491,-0.03741149231791496,0.48460498452186584,0.6195776462554932,-0.04348944127559662,0.47621724009513855,0.6078540682792664,-0.010904049500823021,0.4855975806713104,0.5771387219429016,-0.030772412195801735,0.48776835203170776,0.6321645379066467,-0.040118250995874405,0.4855078160762787,0.671450674533844,-0.041193410754203796,0.4522298574447632,0.6104005575180054,-0.009440752677619457,0.46212172508239746,0.5931909084320068,-0.03407078608870506,0.46923479437828064,0.6606735587120056,-0.042235247790813446,0.46987950801849365,0.7044632434844971,-0.04054722562432289,0.42948681116104126,0.6221013069152832,-0.011463319882750511,0.43711841106414795,0.5984892249107361,-0.03501879796385765,0.44948136806488037,0.658150315284729,-0.03729913756251335,0.45492276549339294,0.702130138874054,-0.030294571071863174,0.4076248109340668,0.6405490636825562,-0.01486158650368452,0.4001897871494293,0.5773733258247375,-0.026980025693774223,0.3990134298801422,0.5357450246810913,-0.030061762779951096,0.39890050888061523,0.4961108863353729,-0.02820659428834915
I,0.48763903975486755,0.8021571636199951,-2.819230076056556e-07,0.5206040740013123,0.7678821086883545,-0.015588946640491486,0.5488284230232239,0.7080591320991516,-0.024288790300488472,0.5486541390419006,0.6552118062973022,-0.03322848305106163,0.5251701474189758,0.6333851218223572,-0.039493609219789505,0.5106750130653381,0.6233532428741455,-0.010997772216796875,0.5234617590904236,0.5939209461212158,-0.03075341321527958,0.5263556838035583,0.6506600379943848,-0.04014797881245613,0.5249969363212585,0.6916554570198059,-0.04132639989256859,0.4871215522289276,0.6275598406791687,-0.01114057470113039,0.5021577477455139,0.6107302308082581,-0.034875497221946716,0.5095186233520508,0.6793599128723145,-0.041870515793561935,0.5097324252128601,0.7239912152290344,-0.039765313267707825,0.4651277959346771,0.6417633295059204,-0.014318113215267658,0.47815006971359253,0.6168262958526611,-0.03622656688094139,0.4917990267276764,0.6758625507354736,-0.036899030208587646,0.49741435050964355,0.7197468280792236,-0.029531309381127357,0.44451841711997986,0.6627490520477295,-0.018660368397831917,0.4393240511417389,0.6003602147102356,-0.029810305684804916,0.43838217854499817,0.5585064888000488,-0.03194810822606087,0.4377112090587616,0.518423318862915,-0.029796181246638298
I,0.5106750130653381,0.7944014072418213,-2.6272269337823673e-07,0.5441617965698242,0.754669725894928,-0.014102366752922535,0.5719819068908691,0.6966221928596497,-0.022102082148194313,0.576206624507904,0.6457829475402832,-0.030782662332057953,0.5547369122505188,0.6256697177886963,-0.03677617758512497,0.5309146642684937,0.6133984327316284,-0.008953474462032318,0.5485878586769104,0.5834301114082336,-0.027323128655552864,0.5533154010772705,0.6420632600784302,-0.035032276064157486,0.5513931512832642,0.680425763130188,-0.035067055374383926,0.509270429611206,0.6197055578231812,-0.010136943310499191,0.5299475789070129,0.5992365479469299,-0.03331190347671509,0.538404107093811,0.667580246925354,-0.040145281702280045,0.5377547144889832,0.7104495167732239,-0.03774813935160637,0.4890378713607788,0.6343867182731628,-0.014269695617258549,0.508073627948761,0.6104082465171814,-0.03694707900285721,0.522736668586731,0.6685282588005066,-0.03920535370707512,0.5274065732955933,0.7100192308425903,-0.03231491148471832,0.4699724614620209,0.6540250182151794,-0.019251206889748573,0.46685221791267395,0.5897485017776489,-0.03053649514913559,0.46823084354400635,0.5469349026679993,-0.03313066437840462,0.4695337414741516,0.5075286030769348,-0.03118632733821869
I,0.4723133444786072,0.7963142991065979,-2.4828059963510896e-07,0.5057029128074646,0.7643635869026184,-0.016730664297938347,0.5349912643432617,0.7102524638175964,-0.025116760283708572,0.5351741313934326,0.6599816083908081,-0.03345949947834015,0.5124748349189758,0.6383324861526489,-0.03910090774297714,0.49718716740608215,0.6227335333824158,-0.010088091716170311,0.5084828734397888,0.5972809791564941,-0.028592940419912338,0.5111590027809143,0.6524839997291565,-0.037072159349918365,0.5087929964065552,0.6928243041038513,-0.03775149956345558,0.4740350842475891,0.6245256066322327,-0.009633257985115051,0.4873824119567871,0.6099765300750732,-0.032578516751527786,0.49426373839378357,0.6784589290618896,-0.04012874886393547,0.49378859996795654,0.723570704460144,-0.03851110860705376,0.45180743932724,0.63721764087677,-0.012273391708731651,0.463571697473526,0.617312490940094,-0.03458525240421295,0.47482702136039734,0.6780478358268738,-0.03647230193018913,0.4785785973072052,0.7219071388244629,-0.0296751968562603,0.43033894896507263,0.6577088236808777,-0.01605561375617981,0.42601850628852844,0.5954985618591309,-0.02785244956612587,0.42688268423080444,0.5540533661842346,-0.030605049803853035,0.42846429347991943,0.5147323608398438,-0.02873099222779274
I,0.4506925046443939,0.8003193140029907,-2.4125873210323334e-07,0.4835306406021118,0.7709985971450806,-0.018148113042116165,0.5119150876998901,0.7179906964302063,-0.0268940981477499,0.5097425580024719,0.667252779006958,-0.03530780225992203,0.48595860600471497,0.648337185382843,-0.04100215062499046,0.4747648537158966,0.6329122185707092,-0.011250192299485207,0.48357534408569336,0.6075974702835083,-0.03008273057639599,0.4849680960178375,0.6621427536010742,-0.03875287249684334,0.482695996761322,0.7012390494346619,-0.03968188911676407,0.4519186019897461,0.634705126285553,-0.009977921843528748,0.4617156386375427,0.6197394132614136,-0.03331291675567627,0.46735116839408875,0.6877871751785278,-0.040619201958179474,0.46750304102897644,0.7317707538604736,-0.03878830745816231,0.42988234758377075,0.6461780667304993,-0.011943735182285309,0.43732452392578125,0.6257284283638,-0.03423750773072243,0.44761428236961365,0.6862668395042419,-0.035568129271268845,0.45221656560897827,0.7302761673927307,-0.02841244824230671,0.40834078192710876,0.6646641492843628,-0.015237429179251194,0.4025670289993286,0.6035022735595703,-0.02708658017218113,0.4022260010242462,0.5621849894523621,-0.02991434931755066,0.4030759334564209,0.5226981043815613,-0.02807699702680111
I,0.4370446801185608,0.7931842803955078,-2.454870013934851e-07,0.47041982412338257,0.768121600151062,-0.01926797814667225,0.49996593594551086,0.7195264101028442,-0.02848941460251808,0.4991666078567505,0.6691311001777649,-0.037058714777231216,0.4760743975639343,0.6476611495018005,-0.0427410863339901,0.4677092134952545,0.6267370581626892,-0.01246657595038414,0.4750858545303345,0.6033802032470703,-0.032221470028162,0.47414711117744446,0.6581450700759888,-0.041866131126880646,0.4700728952884674,0.6979339122772217,-0.04324514418840408,0.4439522922039032,0.626279354095459,-0.010430349968373775,0.45118075609207153,0.6156314611434937,-0.03373962640762329,0.4549106955528259,0.6830747723579407,-0.04134022071957588,0.45442527532577515,0.7257007360458374,-0.03990301117300987,0.42110615968704224,0.6365363001823425,-0.011694636195898056,0.4266156554222107,0.6196237802505493,-0.03374646231532097,0.43379098176956177,0.6799482703208923,-0.03509407863020897,0.4366929829120636,0.7228666543960571,-0.028117096051573753,0.39890241622924805,0.6540747880935669,-0.014384201727807522,0.3948918282985687,0.5939598083496094,-0.025882886722683907,0.395406574010849,0.5542752146720886,-0.028232865035533905,0.3970276117324829,0.5169141888618469,-0.025976087898015976
I,0.425772100687027,0.7896165251731873,-2.5192053954015137e-07,0.4595058262348175,0.7648254632949829,-0.018779048696160316,0.4886738955974579,0.7175377607345581,-0.02748914249241352,0.48564860224723816,0.6669641137123108,-0.03553017973899841,0.4612336754798889,0.6457815766334534,-0.04087432101368904,0.45674067735671997,0.6248633861541748,-0.012054880149662495,0.4652538299560547,0.6022171378135681,-0.030572950839996338,0.4628200829029083,0.656905472278595,-0.03953882306814194,0.457351952791214,0.6946989297866821,-0.040762096643447876,0.43312984704971313,0.623273491859436,-0.010072004050016403,0.44025325775146484,0.6140461564064026,-0.03209621459245682,0.4424276351928711,0.6804524660110474,-0.039421189576387405,0.4406752586364746,0.7224245667457581,-0.03809525445103645,0.41069263219833374,0.6329280734062195,-0.011219046078622341,0.41595208644866943,0.6185780763626099,-0.032819122076034546,0.4227578938007355,0.6779918670654297,-0.034648921340703964,0.4252015948295593,0.7204554677009583,-0.02807765267789364,0.388637512922287,0.6497795581817627,-0.013651072047650814,0.3852164149284363,0.5903932452201843,-0.025162268429994583,0.3855448067188263,0.5518092513084412,-0.02756390906870365,0.3865486681461334,0.5161020755767822,-0.025325443595647812
I,0.41367989778518677,0.7752881646156311,-2.3655059067095863e-07,0.4482210874557495,0.7498353123664856,-0.019989753141999245,0.47745630145072937,0.7030060887336731,-0.029104366898536682,0.47121989727020264,0.6505671143531799,-0.03721512109041214,0.44389215111732483,0.6308377385139465,-0.042552400380373,0.44693243503570557,0.614344596862793,-0.012274111621081829,0.45339417457580566,0.5921798944473267,-0.030847985297441483,0.45103365182876587,0.6454017758369446,-0.03958406299352646,0.4466763138771057,0.6821119785308838,-0.0404701866209507,0.4234127998352051,0.6106703877449036,-0.009396111592650414,0.42829430103302,0.5997446775436401,-0.03124793991446495,0.42977821826934814,0.6647816300392151,-0.038473132997751236,0.4279809892177582,0.7059630155563354,-0.03694074973464012,0.4009833335876465,0.6175339221954346,-0.00978457648307085,0.4046691060066223,0.6016657948493958,-0.03158857673406601,0.4107041358947754,0.6601988673210144,-0.03377845138311386,0.4126844108104706,0.702331006526947,-0.027290252968668938,0.3782989978790283,0.6316009163856506,-0.01145423948764801,0.3750866949558258,0.5715645551681519,-0.022433198988437653,0.3755089044570923,0.5329641103744507,-0.024529874324798584,0.3765926957130432,0.4976893961429596,-0.022092390805482864
I,0.4080299139022827,0.740206241607666,-2.454067669077631e-07,0.4433627724647522,0.7175999879837036,-0.018878266215324402,0.4736868441104889,0.668904721736908,-0.026502665132284164,0.4689604640007019,0.6128401160240173,-0.03350513428449631,0.44191381335258484,0.5897778272628784,-0.03773326799273491,0.4452032744884491,0.5838730931282043,-0.009204629808664322,0.45325323939323425,0.557776153087616,-0.027550814673304558,0.44900786876678467,0.610368013381958,-0.035936515778303146,0.4432128071784973,0.6491284370422363,-0.03628610447049141,0.4221911132335663,0.5773571729660034,-0.006489768624305725,0.42736220359802246,0.564426064491272,-0.028542272746562958,0.4265114963054657,0.6294363141059875,-0.03585588559508324,0.4239037334918976,0.6716670393943787,-0.03388771787285805,0.40017399191856384,0.5814876556396484,-0.007101674098521471,0.4047123193740845,0.5659480094909668,-0.02927543595433235,0.407370924949646,0.6258548498153687,-0.031112758442759514,0.40694427490234375,0.6685319542884827,-0.023837469518184662,0.3775215148925781,0.5918999910354614,-0.008925490081310272,0.3775990605354309,0.5312154293060303,-0.019881322979927063,0.3800642490386963,0.4938696026802063,-0.02132382057607174,0.38297414779663086,0.45991137623786926,-0.01803814433515072
I,0.4100845754146576,0.731127142906189,-2.2873022942349053e-07,0.44285711646080017,0.706933319568634,-0.019632931798696518,0.46812260150909424,0.660179078578949,-0.028552912175655365,0.4600715935230255,0.6066935062408447,-0.03676830977201462,0.4356233477592468,0.5776404738426208,-0.04199383035302162,0.4471130967140198,0.5770479440689087,-0.010661513544619083,0.45257335901260376,0.5510735511779785,-0.0302401352673769,0.44676950573921204,0.600352942943573,-0.03940610587596893,0.4404105842113495,0.6374531388282776,-0.040307048708200455,0.4233713746070862,0.5708231925964355,-0.007982850074768066,0.42586880922317505,0.5560303926467896,-0.03136618062853813,0.4237041771411896,0.6202310919761658,-0.03865953907370567,0.42098286747932434,0.6613099575042725,-0.03664169833064079,0.4008553922176361,0.5736725926399231,-0.00890499260276556,0.403276264667511,0.5540966391563416,-0.03198001906275749,0.40587547421455383,0.6133850812911987,-0.033648379147052765,0.4065530300140381,0.6569800972938538,-0.02630663849413395,0.37794315814971924,0.5829625725746155,-0.011143000796437263,0.37764453887939453,0.5224935412406921,-0.022749075666069984,0.37986207008361816,0.4848158359527588,-0.024797121062874794,0.3833372890949249,0.4496949017047882,-0.02205347828567028
I,0.4094772934913635,0.7215532064437866,-2.0356331731363753e-07,0.44355493783950806,0.7011087536811829,-0.020369745790958405,0.4688752591609955,0.6500740051269531,-0.02890230342745781,0.45450663566589355,0.5966209173202515,-0.03651946038007736,0.42443162202835083,0.5768601298332214,-0.040299899876117706,0.45080965757369995,0.574571967124939,-0.010051957331597805,0.45624616742134094,0.5437524318695068,-0.027184730395674706,0.4500042796134949,0.594889760017395,-0.03315500542521477,0.4460960924625397,0.6237315535545349,-0.03295743837952614,0.4272282123565674,0.567753255367279,-0.0072930180467665195,0.4296596646308899,0.5464411377906799,-0.03010404296219349,0.42658358812332153,0.6084188222885132,-0.03567346930503845,0.424883097410202,0.6402849555015564,-0.03267401084303856,0.40471404790878296,0.5688167214393616,-0.00831408891826868,0.4058619737625122,0.5401510000228882,-0.03135227784514427,0.40776801109313965,0.6017701625823975,-0.03191600739955902,0.4082961082458496,0.645407497882843,-0.024028316140174866,0.3815315067768097,0.5737778544425964,-0.010821547359228134,0.3819064497947693,0.5153070092201233,-0.022769315168261528,0.3840175271034241,0.4760722815990448,-0.025868790224194527,0.38720038533210754,0.4371340274810791,-0.0244081299751997
I,0.4096207320690155,0.7052472233772278,-1.9386980909530394e-07,0.4438270926475525,0.6870169639587402,-0.020881829783320427,0.47056844830513,0.6375719904899597,-0.02992371842265129,0.4570945203304291,0.5822910666465759,-0.038067955523729324,0.4275120794773102,0.5605556964874268,-0.042351607233285904,0.4547712206840515,0.5601164102554321,-0.01011237408965826,0.45866659283638,0.5268002152442932,-0.027882423251867294,0.45120683312416077,0.5775970220565796,-0.03462527319788933,0.4476293623447418,0.6077519655227661,-0.03476081043481827,0.43059849739074707,0.5523396730422974,-0.007326841354370117,0.4321219027042389,0.5286033153533936,-0.030757319182157516,0.42840397357940674,0.5900245904922485,-0.03700926899909973,0.4265424907207489,0.6224149465560913,-0.03425450995564461,0.40752941370010376,0.5520824193954468,-0.008371091447770596,0.4081646800041199,0.5219515562057495,-0.03156488761305809,0.4092869758605957,0.5835084915161133,-0.03222033381462097,0.4094172418117523,0.6278100609779358,-0.0242327768355608,0.38415780663490295,0.5554023385047913,-0.010987120680510998,0.3851514458656311,0.49728092551231384,-0.022282127290964127,0.38783547282218933,0.4589913487434387,-0.024701707065105438,0.39157360792160034,0.4212369918823242,-0.022708583623170853
I,0.40931856632232666,0.6781777739524841,-1.8990235162164026e-07,0.44352811574935913,0.6560158729553223,-0.017176546156406403,0.4697056710720062,0.6032446622848511,-0.023501556366682053,0.4565485417842865,0.5442630648612976,-0.029159124940633774,0.4275619685649872,0.5238550901412964,-0.03211623802781105,0.4508306384086609,0.5343241691589355,-0.0062193842604756355,0.4499642550945282,0.49812012910842896,-0.021693352609872818,0.44495972990989685,0.543354332447052,-0.028754329308867455,0.4425724446773529,0.5785008668899536,-0.029136905446648598,0.42771145701408386,0.527138888835907,-0.003633565502241254,0.4252593517303467,0.4962066411972046,-0.023354871198534966,0.42279499769210815,0.5542692542076111,-0.03012702241539955,0.4204532504081726,0.5949931740760803,-0.028395138680934906,0.4054751694202423,0.5269896388053894,-0.004128036554902792,0.4031714200973511,0.4919171929359436,-0.02369493804872036,0.4050348103046417,0.5479521751403809,-0.02484992891550064,0.4057510197162628,0.5933364629745483,-0.018127793446183205,0.3821173906326294,0.5313869714736938,-0.00573708675801754,0.38154953718185425,0.47306784987449646,-0.014219083823263645,0.38362622261047363,0.43582427501678467,-0.015147699043154716,0.38637247681617737,0.40188002586364746,-0.012585571967065334
I,0.4126105308532715,0.6699845790863037,-1.8058426576317288e-07,0.4466969072818756,0.646533727645874,-0.017817774787545204,0.4740132689476013,0.5982165336608887,-0.025147059932351112,0.4646042585372925,0.5399110317230225,-0.03214562311768532,0.4409593641757965,0.5068093538284302,-0.036449700593948364,0.453023225069046,0.5264042615890503,-0.004310208838433027,0.4578101634979248,0.4904346764087677,-0.0224069245159626,0.4529682993888855,0.5344680547714233,-0.031473398208618164,0.4469338655471802,0.5741352438926697,-0.03226999193429947,0.43090978264808655,0.5191920399665833,-0.0019172810716554523,0.4325651526451111,0.48850613832473755,-0.024089310318231583,0.4308706223964691,0.5460368394851685,-0.03316858410835266,0.4275680184364319,0.5899198651313782,-0.03231656178832054,0.40889039635658264,0.5189926028251648,-0.00300293555483222,0.411146879196167,0.48435166478157043,-0.02439509890973568,0.4128876328468323,0.5395404696464539,-0.026485320180654526,0.4124670922756195,0.584587812423706,-0.01972021535038948,0.3849208354949951,0.5243764519691467,-0.005256521049886942,0.38561123609542847,0.4651683270931244,-0.01487907487899065,0.38940104842185974,0.4281451106071472,-0.01600308157503605,0.39403966069221497,0.3940880298614502,-0.013013533316552639
I,0.40949851274490356,0.6555877923965454,-1.7587024103704607e-07,0.4438871145248413,0.6313444375991821,-0.017120152711868286,0.4710323214530945,0.5836004018783569,-0.023830588907003403,0.4626902937889099,0.5239884853363037,-0.03030337765812874,0.4392370879650116,0.49060148000717163,-0.03431233763694763,0.45010215044021606,0.5160020589828491,-0.002860167995095253,0.45361676812171936,0.4785601496696472,-0.020475134253501892,0.44882816076278687,0.5210775136947632,-0.029681984335184097,0.4433382451534271,0.5594971179962158,-0.030747065320611,0.427905410528183,0.5080474615097046,-0.00043784198351204395,0.4288844168186188,0.4748656153678894,-0.02220766618847847,0.4269886016845703,0.5303896069526672,-0.031615402549505234,0.4236675500869751,0.5734153389930725,-0.031112967059016228,0.405953973531723,0.5072419047355652,-0.0014009211445227265,0.4074629545211792,0.46967703104019165,-0.02258308231830597,0.40950343012809753,0.5233108997344971,-0.025158900767564774,0.4094982147216797,0.567699670791626,-0.018825078383088112,0.38230758905410767,0.5119892954826355,-0.0034258451778441668,0.3828255236148834,0.4541291892528534,-0.012943912297487259,0.38674864172935486,0.4179995059967041,-0.01440958771854639,0.3914790153503418,0.3840019702911377,-0.011792884208261967
I,0.4024622440338135,0.6487908363342285,-1.8098492660101329e-07,0.43883660435676575,0.6254510283470154,-0.014376307837665081,0.4667717516422272,0.5749915242195129,-0.019127285107970238,0.45775359869003296,0.5120059847831726,-0.023767439648509026,0.43277549743652344,0.4843735694885254,-0.02622447907924652,0.4479258954524994,0.516971230506897,0.0002214716951129958,0.451261043548584,0.4739859998226166,-0.0151589997112751,0.4455322027206421,0.5117276906967163,-0.023655032739043236,0.4400741755962372,0.5481973886489868,-0.0247979536652565,0.4250218868255615,0.5071775913238525,0.002107126172631979,0.42521896958351135,0.46939995884895325,-0.016309132799506187,0.42261579632759094,0.522485077381134,-0.024417972192168236,0.419303834438324,0.5638545155525208,-0.0238877572119236,0.4031420052051544,0.5045081377029419,0.0009401764837093651,0.4032725691795349,0.46346116065979004,-0.01690840534865856,0.40516921877861023,0.5131276249885559,-0.018571415916085243,0.4053458571434021,0.5549525618553162,-0.01283983327448368,0.3797929584980011,0.5071772933006287,-0.001133120502345264,0.38075312972068787,0.45224669575691223,-0.00779263349249959,0.38454529643058777,0.41899216175079346,-0.0076475623063743114,0.38867852091789246,0.3880249261856079,-0.004722923971712589
I,0.40099161863327026,0.6462047100067139,-1.7024703424795007e-07,0.43765345215797424,0.6221867799758911,-0.012207024730741978,0.46551182866096497,0.5748657584190369,-0.016245944425463676,0.4585990607738495,0.5121651887893677,-0.02067009173333645,0.4338558614253998,0.4848553538322449,-0.02319539710879326,0.4470396041870117,0.5195801854133606,0.0031068569514900446,0.4510085880756378,0.4749828577041626,-0.01141099352389574,0.44468897581100464,0.5105133056640625,-0.019895249977707863,0.43844687938690186,0.5454782247543335,-0.02125542238354683,0.42491087317466736,0.509332001209259,0.004109309520572424,0.4261896014213562,0.4687195122241974,-0.013611996546387672,0.42292162775993347,0.5199081301689148,-0.021879833191633224,0.4188646674156189,0.5602380633354187,-0.021587921306490898,0.4036227762699127,0.5053607821464539,0.0022542651277035475,0.40478724241256714,0.46122056245803833,-0.014683768153190613,0.40615546703338623,0.5100159645080566,-0.015993282198905945,0.40560591220855713,0.551341712474823,-0.010273991152644157,0.38077300786972046,0.5067928433418274,-0.00038632977521046996,0.3823487162590027,0.4549252986907959,-0.006190791260451078,0.3865809440612793,0.42469799518585205,-0.005365206394344568,0.3909222483634949,0.39521026611328125,-0.0021668351255357265
I,0.4010898470878601,0.6434414386749268,-1.5997943592083175e-07,0.43810775876045227,0.6216383576393127,-0.010994569398462772,0.46572864055633545,0.5770152807235718,-0.014388706535100937,0.4587748050689697,0.5150352120399475,-0.018135886639356613,0.4350380301475525,0.48618340492248535,-0.020375095307826996,0.44745349884033203,0.5260054469108582,0.0030261920765042305,0.45065629482269287,0.4814061224460602,-0.010511916130781174,0.4439344108104706,0.512637734413147,-0.01870257407426834,0.4366581439971924,0.5482487082481384,-0.020016955211758614,0.4250611364841461,0.5138856172561646,0.003951513674110174,0.425832599401474,0.4725094437599182,-0.01285584457218647,0.42253878712654114,0.5218413472175598,-0.021197549998760223,0.4185046851634979,0.5644078850746155,-0.021153444424271584,0.40363848209381104,0.5081664323806763,0.0024056227412074804,0.40500038862228394,0.46464085578918457,-0.013299594633281231,0.40569868683815,0.5121147036552429,-0.014175686985254288,0.4046699106693268,0.5534809231758118,-0.008525490760803223,0.380634069442749,0.50886470079422,0.00019512066501192749,0.3834457993507385,0.4581652283668518,-0.004884711001068354,0.38801977038383484,0.4308958947658539,-0.003185434965416789,0.3924050033092499,0.40435123443603516,0.0005535584641620517
I,0.40187084674835205,0.6506630778312683,-1.6329349250554515e-07,0.43927642703056335,0.6258137226104736,-0.010147259570658207,0.46688687801361084,0.5793787240982056,-0.013225751928985119,0.4601590931415558,0.5183269381523132,-0.016963621601462364,0.4371003806591034,0.489175945520401,-0.019082386046648026,0.44760724902153015,0.525443971157074,0.004495960660278797,0.45172587037086487,0.4799436926841736,-0.008816687390208244,0.44591444730758667,0.5136815309524536,-0.016706213355064392,0.4391918182373047,0.5505464673042297,-0.017555054277181625,0.4252358675003052,0.5147272944450378,0.005134752951562405,0.42740049958229065,0.4746178388595581,-0.01089012436568737,0.42421355843544006,0.5250282883644104,-0.018931562080979347,0.4195641875267029,0.5659705400466919,-0.018684322014451027,0.40418577194213867,0.5101180672645569,0.0033003303688019514,0.40643611550331116,0.4670061767101288,-0.011470690369606018,0.4072044789791107,0.516718327999115,-0.012128893285989761,0.40584173798561096,0.5585204362869263,-0.006398491561412811,0.38159623742103577,0.5117351412773132,0.0008233064436353743,0.38405802845954895,0.46044206619262695,-0.003171773860231042,0.3890331983566284,0.4336615800857544,-0.0010871423874050379,0.39393284916877747,0.4069608449935913,0.0028739580884575844
I,0.40803274512290955,0.6662449240684509,-1.9255448080457427e-07,0.44352686405181885,0.6485966444015503,-0.014079884625971317,0.4743257164955139,0.5964118838310242,-0.018964039161801338,0.4682813286781311,0.533056914806366,-0.023446450009942055,0.4424302279949188,0.5046084523200989,-0.02592436410486698,0.4521758258342743,0.5328188538551331,-0.004022133070975542,0.4586104154586792,0.4953792095184326,-0.018334724009037018,0.4518875777721405,0.5361040830612183,-0.024984486401081085,0.4434904456138611,0.5727099776268005,-0.025072282180190086,0.4301760196685791,0.5215662121772766,-0.0023355544544756413,0.43382054567337036,0.48736995458602905,-0.019549475982785225,0.43085697293281555,0.543437659740448,-0.02595329098403454,0.4254705011844635,0.5857750177383423,-0.024659406393766403,0.4089120030403137,0.5182056427001953,-0.0032122198026627302,0.41256269812583923,0.4785926640033722,-0.01979805901646614,0.41397523880004883,0.532875120639801,-0.019858630374073982,0.4117766320705414,0.5750871896743774,-0.013623845763504505,0.38635769486427307,0.5213994979858398,-0.004948931746184826,0.3885442614555359,0.46590495109558105,-0.011280477046966553,0.3941594064235687,0.43561774492263794,-0.010340786539018154,0.3991933763027191,0.4043843746185303,-0.007131025195121765
I,0.40913617610931396,0.6799136996269226,-1.9587241695262492e-07,0.44404375553131104,0.6559592485427856,-0.016847975552082062,0.47224923968315125,0.6040323972702026,-0.022838057950139046,0.46290141344070435,0.5445799827575684,-0.028504405170679092,0.4373387098312378,0.5151993036270142,-0.031703684478998184,0.4478774964809418,0.5350680351257324,-0.003791041439399123,0.4503089189529419,0.5000512599945068,-0.02054651454091072,0.4460590183734894,0.5460352897644043,-0.028396936133503914,0.4414028525352478,0.5861058831214905,-0.028445642441511154,0.42535707354545593,0.5284855365753174,-0.0013822157634422183,0.4260252118110657,0.49646079540252686,-0.022304784506559372,0.4250350594520569,0.5552433729171753,-0.030307142063975334,0.4225480258464813,0.5998715162277222,-0.028724130243062973,0.4032577574253082,0.5293674468994141,-0.002214666921645403,0.40452802181243896,0.4950845241546631,-0.022810570895671844,0.4074065387248993,0.5518811345100403,-0.024501683190464973,0.40783417224884033,0.5966457724571228,-0.01744627021253109,0.3799589276313782,0.5361339449882507,-0.004077077377587557,0.38032078742980957,0.4754238426685333,-0.01298209372907877,0.3837963938713074,0.43976861238479614,-0.013537638820707798,0.3875788152217865,0.4066281318664551,-0.01017002109438181
I,0.4018543064594269,0.715332567691803,-2.0215524898503645e-07,0.43563029170036316,0.6873641610145569,-0.017664358019828796,0.46324220299720764,0.6376556158065796,-0.02501528523862362,0.45456644892692566,0.5816059708595276,-0.031860943883657455,0.42993631958961487,0.5539589524269104,-0.03599714860320091,0.4373021423816681,0.5634607076644897,-0.006476229522377253,0.44042280316352844,0.5295363068580627,-0.024267258122563362,0.43665745854377747,0.5775666236877441,-0.032829705625772476,0.4326443076133728,0.6169685125350952,-0.03336472436785698,0.41459575295448303,0.5577989816665649,-0.004086019471287727,0.4155155420303345,0.5278099775314331,-0.02588670141994953,0.4161038100719452,0.5890631079673767,-0.033647097647190094,0.4147573709487915,0.6323192715644836,-0.03194468840956688,0.39262935519218445,0.5597606301307678,-0.004949851892888546,0.3927287757396698,0.5255944728851318,-0.025415271520614624,0.3976328372955322,0.5837181806564331,-0.026523811742663383,0.3998714089393616,0.6279451847076416,-0.01936696097254753,0.36957159638404846,0.5683292746543884,-0.007051801774650812,0.36825746297836304,0.5068436861038208,-0.015989933162927628,0.3708016574382782,0.47048839926719666,-0.01662522181868553,0.37381985783576965,0.43545156717300415,-0.013399343006312847
I,0.39758580923080444,0.7289138436317444,-2.1493987389931135e-07,0.43089205026626587,0.7038806080818176,-0.020452279597520828,0.45809119939804077,0.6541888117790222,-0.02912955731153488,0.44866400957107544,0.5970130562782288,-0.03680551052093506,0.42256227135658264,0.5704797506332397,-0.04145388677716255,0.43401259183883667,0.5766537189483643,-0.010512328706681728,0.43569743633270264,0.544868528842926,-0.029336340725421906,0.43162164092063904,0.5945690274238586,-0.03761470317840576,0.42778176069259644,0.6334900856018066,-0.03791163116693497,0.41043493151664734,0.5708232522010803,-0.0070211137644946575,0.41032350063323975,0.5465587377548218,-0.029895540326833725,0.4101451337337494,0.6100450754165649,-0.03687060996890068,0.4085782766342163,0.6521185040473938,-0.03461673855781555,0.3880436420440674,0.5734001398086548,-0.0070807780139148235,0.3869953453540802,0.5443976521492004,-0.029126044362783432,0.3917892873287201,0.6028962135314941,-0.030252188444137573,0.39446181058883667,0.6465646624565125,-0.022872846573591232,0.36490488052368164,0.582692563533783,-0.00857179332524538,0.3633718192577362,0.5227607488632202,-0.01905238628387451,0.3646506071090698,0.48611968755722046,-0.020607221871614456,0.36640769243240356,0.4509265720844269,-0.017855726182460785
I,0.39480292797088623,0.7394751906394958,-2.376358594347039e-07,0.4273293614387512,0.7171868085861206,-0.0209046583622694,0.4537248909473419,0.6712508797645569,-0.03019804134964943,0.44493767619132996,0.6181262135505676,-0.038427241146564484,0.4189290404319763,0.5935346484184265,-0.04354677349328995,0.43160462379455566,0.5850202441215515,-0.012153548188507557,0.43434303998947144,0.5626359581947327,-0.03172154724597931,0.42946112155914307,0.6144880056381226,-0.04072688892483711,0.42426812648773193,0.6506316065788269,-0.041663460433483124,0.4073237180709839,0.579870879650116,-0.008964430540800095,0.40758588910102844,0.5687819719314575,-0.03243806213140488,0.4071841835975647,0.6333407163619995,-0.0396910160779953,0.40543973445892334,0.6728124618530273,-0.03769313916563988,0.3844601511955261,0.5853021144866943,-0.00937141478061676,0.38414183259010315,0.5693652629852295,-0.032881081104278564,0.38868993520736694,0.6290678977966309,-0.034721314907073975,0.3908970057964325,0.6718553304672241,-0.027363982051610947,0.361489474773407,0.5972812175750732,-0.011156710796058178,0.35984712839126587,0.53852778673172,-0.02359536476433277,0.36046504974365234,0.5007306337356567,-0.02613038569688797,0.3619198203086853,0.4651748538017273,-0.0235426127910614
I,0.396822452545166,0.7362018823623657,-2.3973080942596425e-07,0.42837223410606384,0.718059241771698,-0.02520217001438141,0.4553801417350769,0.6771987080574036,-0.038218528032302856,0.4463192820549011,0.6292139887809753,-0.04945940151810646,0.41769635677337646,0.608574628829956,-0.05698888748884201,0.4333159327507019,0.5712082386016846,-0.0190658587962389,0.43372082710266113,0.5648690462112427,-0.04348696395754814,0.43130844831466675,0.6215080618858337,-0.05522691085934639,0.42857518792152405,0.655274510383606,-0.0574316531419754,0.4068298041820526,0.5694661140441895,-0.01548454537987709,0.4059440791606903,0.5715195536613464,-0.04298646003007889,0.4079415202140808,0.6382043957710266,-0.051186058670282364,0.4090515971183777,0.6756904125213623,-0.049264539033174515,0.3827078938484192,0.5807517170906067,-0.015999358147382736,0.38243064284324646,0.5806833505630493,-0.04348010942339897,0.3882094919681549,0.641568660736084,-0.04582357779145241,0.3920486867427826,0.6824870705604553,-0.03790249675512314,0.3595370650291443,0.5988534092903137,-0.018215831369161606,0.3569408059120178,0.5431434512138367,-0.03361701965332031,0.35636574029922485,0.5046796202659607,-0.03705523535609245,0.3569801151752472,0.46841901540756226,-0.03442402556538582
I,0.3956056833267212,0.7406604886054993,-2.4426694267276616e-07,0.42854467034339905,0.7231027483940125,-0.026132019236683846,0.4552125632762909,0.6824604272842407,-0.04007558897137642,0.44466057419776917,0.6370609402656555,-0.05170968919992447,0.4144728183746338,0.6215025782585144,-0.05967174470424652,0.4312252998352051,0.5646054148674011,-0.02099691331386566,0.4309008717536926,0.5754356980323792,-0.04438338428735733,0.4296151399612427,0.6317644119262695,-0.05679607018828392,0.42841053009033203,0.6618860960006714,-0.060189977288246155,0.4038237929344177,0.5640303492546082,-0.01698138564825058,0.40345498919487,0.5876636505126953,-0.04257884994149208,0.407396137714386,0.6514132618904114,-0.05156266689300537,0.4097916781902313,0.6841945052146912,-0.051338519901037216,0.379366397857666,0.5806660056114197,-0.016682155430316925,0.380247563123703,0.5976825952529907,-0.04303351417183876,0.387032151222229,0.6565555334091187,-0.046068355441093445,0.3911314904689789,0.6940245032310486,-0.03946693614125252,0.3567001223564148,0.6038851141929626,-0.018122371286153793,0.3529421091079712,0.5544046759605408,-0.033438391983509064,0.3508720397949219,0.5164918303489685,-0.03683829307556152,0.3500864803791046,0.4799608588218689,-0.034416235983371735
I,0.3952147960662842,0.7595188617706299,-2.5102590939241054e-07,0.4263131022453308,0.7389398217201233,-0.023923320695757866,0.45246487855911255,0.6968017816543579,-0.03709839656949043,0.44084128737449646,0.6558203101158142,-0.04797525703907013,0.41151198744773865,0.6420217752456665,-0.05524759367108345,0.4274199604988098,0.5771933197975159,-0.020284127444028854,0.42461058497428894,0.6007281541824341,-0.04130501672625542,0.4243432581424713,0.6540538668632507,-0.052914101630449295,0.42497459053993225,0.6802299618721008,-0.05659784749150276,0.3986905515193939,0.5784823894500732,-0.017208101227879524,0.3979392647743225,0.6154388785362244,-0.03970986604690552,0.4033617675304413,0.673051118850708,-0.047697216272354126,0.40789103507995605,0.6994028091430664,-0.048116397112607956,0.37420517206192017,0.5991224050521851,-0.01726594753563404,0.37484779953956604,0.6241700649261475,-0.04086069017648697,0.3825501799583435,0.6786937713623047,-0.04205029830336571,0.38828229904174805,0.712496817111969,-0.03554636240005493,0.35211503505706787,0.6263782382011414,-0.01904417760670185,0.34773018956184387,0.582169771194458,-0.033618103712797165,0.3440532386302948,0.5449231863021851,-0.03547069802880287,0.34187301993370056,0.5082679986953735,-0.03228796273469925
I,0.36868271231651306,0.7156476974487305,-2.006568990964297e-07,0.3979640305042267,0.6911726593971252,-0.026279928162693977,0.4184829592704773,0.6415978074073792,-0.03861280158162117,0.4015430808067322,0.5960690975189209,-0.048699162900447845,0.37218886613845825,0.5818644165992737,-0.054581236094236374,0.3972645103931427,0.5581380128860474,-0.01889612339437008,0.3885248601436615,0.5414475202560425,-0.041349951177835464,0.3872377872467041,0.5946627855300903,-0.05130445584654808,0.3893193006515503,0.6272199153900146,-0.052709054201841354,0.3710583746433258,0.5577247142791748,-0.013585738837718964,0.3624032437801361,0.5520933866500854,-0.040133144706487656,0.3662329912185669,0.6143293380737305,-0.047197092324495316,0.36954164505004883,0.6472814083099365,-0.04477507621049881,0.34820833802223206,0.5673609375953674,-0.012476532720029354,0.3385067284107208,0.5536686182022095,-0.03817560896277428,0.34621021151542664,0.6115948557853699,-0.039311058819293976,0.35305073857307434,0.6523714065551758,-0.03130418434739113,0.3267442584037781,0.5818491578102112,-0.01333563681691885,0.31906625628471375,0.5291095972061157,-0.026739690452814102,0.3153979778289795,0.4942321181297302,-0.0298497024923563,0.31315669417381287,0.45949801802635193,-0.0277025755494833
I,0.3414900302886963,0.72331702709198,-1.8741017981938057e-07,0.36936670541763306,0.7034888863563538,-0.03195817023515701,0.3838403522968292,0.6550136804580688,-0.0466424822807312,0.36160731315612793,0.6082649827003479,-0.057218097150325775,0.33339300751686096,0.5934534668922424,-0.06285320222377777,0.37483277916908264,0.57859206199646,-0.025924112647771835,0.35201573371887207,0.5606933236122131,-0.04992363229393959,0.35094505548477173,0.6098426580429077,-0.06072815880179405,0.3567545711994171,0.6372048854827881,-0.06314351409673691,0.34819746017456055,0.5713376998901367,-0.01752820797264576,0.32529309391975403,0.5693655610084534,-0.045843083411455154,0.3310226500034332,0.6290156245231628,-0.05309263989329338,0.33787956833839417,0.655669629573822,-0.05092040076851845,0.3259066343307495,0.5759721398353577,-0.013569741509854794,0.3050943911075592,0.5636322498321533,-0.040949854999780655,0.31219661235809326,0.6189165711402893,-0.04210514575242996,0.31994158029556274,0.6540846228599548,-0.034338925033807755,0.3055230379104614,0.5871700644493103,-0.01199844665825367,0.2953266203403473,0.5413472652435303,-0.027298875153064728,0.29131266474723816,0.5104619860649109,-0.03153165802359581,0.2880440056324005,0.4758957624435425,-0.030110839754343033
K,0.2424231469631195,0.98542320728302,-1.1510596209518553e-07,0.2471192181110382,0.9497579336166382,-0.021662482991814613,0.23645910620689392,0.9140825271606445,-0.031130490824580193,0.21249748766422272,0.8955662250518799,-0.03825024887919426,0.19252334535121918,0.8852514624595642,-0.04451704025268555,0.20914152264595032,0.8482547998428345,-0.014183341525495052,0.1834992915391922,0.8213986754417419,-0.024765504524111748,0.1670387089252472,0.8131086230278015,-0.032904401421546936,0.15579189360141754,0.807675302028656,-0.03806522488594055,0.19428235292434692,0.8698991537094116,-0.009156700223684311,0.17175212502479553,0.9089928269386292,-0.026105230674147606,0.17443552613258362,0.9436639547348022,-0.03488440811634064,0.17892448604106903,0.9597293138504028,-0.03673536330461502,0.18594886362552643,0.8999797701835632,-0.006371772848069668,0.1717512309551239,0.9406505227088928,-0.023208165541291237,0.18159903585910797,0.9616177082061768,-0.027200818061828613,0.18953600525856018,0.9613140821456909,-0.0253002867102623,0.18238040804862976,0.9294710755348206,-0.0054090917110443115,0.17317283153533936,0.9615793228149414,-0.017587626352906227,0.18100781738758087,0.9776290655136108,-0.019051481038331985,0.1880250722169876,0.9773103594779968,-0.016211817041039467
K,0.39807426929473877,0.778460681438446,2.975503718971595e-07,0.4306074380874634,0.7073012590408325,-0.0036939980927854776,0.4427381753921509,0.6335383653640747,-0.010431915521621704,0.44694510102272034,0.5790162682533264,-0.01963219605386257,0.4546714127063751,0.5280160903930664,-0.028379593044519424,0.39741426706314087,0.5645127296447754,-0.008081527426838875,0.43177589774131775,0.5143725275993347,-0.02380683273077011,0.45046260952949524,0.4792199730873108,-0.03448633849620819,0.4668567180633545,0.44572705030441284,-0.042091675102710724,0.3813650608062744,0.5740170478820801,-0.01587381586432457,0.439906507730484,0.5727615356445312,-0.039834681898355484,0.47496965527534485,0.5893030762672424,-0.04824240505695343,0.5001370906829834,0.6022571325302124,-0.05053484067320824,0.3752661645412445,0.6012511849403381,-0.024399349465966225,0.4406631290912628,0.6219637393951416,-0.04611201211810112,0.4454675614833832,0.6783781051635742,-0.04209236055612564,0.4413262605667114,0.7139477133750916,-0.034663908183574677,0.37568145990371704,0.6357177495956421,-0.03400931507349014,0.42837536334991455,0.6469906568527222,-0.048598118126392365,0.4366949200630188,0.6873301267623901,-0.04496220126748085,0.43455180525779724,0.7130683064460754,-0.038559552282094955
K,0.3928132951259613,0.7798998951911926,3.037299904917745e-07,0.42226865887641907,0.7034457325935364,5.0314578402321786e-05,0.43678760528564453,0.6273890137672424,-0.005281602032482624,0.44927701354026794,0.5725043416023254,-0.013944786973297596,0.4652724266052246,0.5245877504348755,-0.022402523085474968,0.3835406005382538,0.5672862529754639,-0.0009814177174121141,0.42277777194976807,0.5238174200057983,-0.016338106244802475,0.4441100060939789,0.49108368158340454,-0.027803799137473106,0.4625164270401001,0.45969414710998535,-0.0357501357793808,0.36880141496658325,0.5754246711730957,-0.01034242007881403,0.43006739020347595,0.5665799379348755,-0.03402967378497124,0.4641082286834717,0.5871556997299194,-0.042674072086811066,0.48739179968833923,0.6037706136703491,-0.04437990114092827,0.3642786145210266,0.5987673997879028,-0.020511239767074585,0.42854222655296326,0.6087175607681274,-0.04249868914484978,0.43412792682647705,0.6664658188819885,-0.03972988948225975,0.43021848797798157,0.703424334526062,-0.032276738435029984,0.3662620186805725,0.6288696527481079,-0.03140245005488396,0.41909554600715637,0.6319470405578613,-0.045458585023880005,0.429271936416626,0.6744260787963867,-0.04190688207745552,0.428321897983551,0.7032861709594727,-0.03526705503463745
K,0.3912891447544098,0.7450487017631531,2.9262383804962155e-07,0.42212969064712524,0.6758119463920593,-0.00027001724811270833,0.43468350172042847,0.6027522683143616,-0.0044138990342617035,0.44185349345207214,0.5494363307952881,-0.011930610053241253,0.4528343975543976,0.5008307099342346,-0.018988588824868202,0.38513538241386414,0.5411695241928101,0.0014850484440103173,0.423149436712265,0.4992067217826843,-0.012847003526985645,0.44330185651779175,0.46833330392837524,-0.023439917713403702,0.46072813868522644,0.43884119391441345,-0.0309662576764822,0.3703027367591858,0.5467987060546875,-0.007512853480875492,0.4282645881175995,0.5407732129096985,-0.031551726162433624,0.4627690315246582,0.55763179063797,-0.04124714061617851,0.4875621795654297,0.5717229247093201,-0.043557800352573395,0.3644408583641052,0.5667451620101929,-0.01748865470290184,0.42598938941955566,0.5799662470817566,-0.04058592766523361,0.4308517277240753,0.6381046772003174,-0.039386965334415436,0.42662757635116577,0.6741135120391846,-0.03281676769256592,0.36459627747535706,0.5935563445091248,-0.0281332116574049,0.41457584500312805,0.6012372374534607,-0.04416865482926369,0.422614723443985,0.6447107791900635,-0.04271427541971207,0.419860303401947,0.672426700592041,-0.03747992590069771
K,0.38267627358436584,0.7473419904708862,3.323930570786615e-07,0.4116182327270508,0.6712483167648315,-0.0011194340186193585,0.4224541485309601,0.6010462641716003,-0.006335821934044361,0.42871981859207153,0.5501302480697632,-0.014096197672188282,0.4362601637840271,0.5021708011627197,-0.021275155246257782,0.3686414062976837,0.5477359890937805,-0.0036583854816854,0.4072977602481842,0.4968319237232208,-0.017512673512101173,0.4277963936328888,0.462863564491272,-0.0271495021879673,0.4455087184906006,0.43218979239463806,-0.03391239792108536,0.3597298264503479,0.559067964553833,-0.01185334287583828,0.42280614376068115,0.5456236004829407,-0.03370344638824463,0.45836517214775085,0.5583928227424622,-0.0416765995323658,0.48319321870803833,0.5688897967338562,-0.04374076426029205,0.36123305559158325,0.5836408734321594,-0.02063828706741333,0.42742833495140076,0.5939420461654663,-0.039692141115665436,0.43219003081321716,0.6456459760665894,-0.03644685074687004,0.42712509632110596,0.6772968173027039,-0.02991551347076893,0.36893078684806824,0.6119289994239807,-0.030221661552786827,0.4213303029537201,0.6164853572845459,-0.04123977571725845,0.4277474582195282,0.6540367603302002,-0.03704575076699257,0.42393818497657776,0.6769761443138123,-0.03095032274723053
K,0.3637855052947998,0.730561375617981,2.5004575832099363e-07,0.3898601531982422,0.6773449778556824,-0.004330391064286232,0.40308356285095215,0.6015964150428772,-0.007851791568100452,0.4095272123813629,0.5485053062438965,-0.01353644859045744,0.421524316072464,0.5057708621025085,-0.018953366205096245,0.3684339225292206,0.5437123775482178,-0.002667397493496537,0.3974343240261078,0.505156397819519,-0.015929531306028366,0.4143235981464386,0.4783705472946167,-0.024396883323788643,0.42964667081832886,0.4516083300113678,-0.029713880270719528,0.34683623909950256,0.5466477274894714,-0.00819517020136118,0.3859177827835083,0.5394784212112427,-0.03074946627020836,0.41003772616386414,0.5619426965713501,-0.0383911207318306,0.4289892911911011,0.5824858546257019,-0.03842361271381378,0.33031755685806274,0.5633437633514404,-0.015061008743941784,0.37593263387680054,0.5787414908409119,-0.03967380151152611,0.381330281496048,0.6384029984474182,-0.03984307870268822,0.3803628385066986,0.6787620186805725,-0.03285481780767441,0.3176485598087311,0.5897782444953918,-0.022417282685637474,0.35837700963020325,0.5950016975402832,-0.04020000994205475,0.37113267183303833,0.6397963166236877,-0.040070731192827225,0.3750406801700592,0.6713360548019409,-0.03491535037755966
K,0.36704927682876587,0.7396495938301086,2.5063431507987843e-07,0.3946203291416168,0.6747366786003113,-0.002416424686089158,0.4057115316390991,0.6014449000358582,-0.006367579102516174,0.4108433127403259,0.5498189926147461,-0.012897548265755177,0.42015552520751953,0.5035116672515869,-0.019276201725006104,0.36254948377609253,0.5414379835128784,-0.0016220937250182033,0.39554622769355774,0.5012723803520203,-0.01525172870606184,0.41390806436538696,0.4726477861404419,-0.024420782923698425,0.42979195713996887,0.4450172483921051,-0.030402621254324913,0.34267112612724304,0.5506792068481445,-0.00871951412409544,0.39125877618789673,0.5427345633506775,-0.03162962570786476,0.4210960865020752,0.5653804540634155,-0.03960404172539711,0.4421812891960144,0.5852746963500977,-0.04015544056892395,0.33113792538642883,0.5738709568977356,-0.016874460503458977,0.38400569558143616,0.5838718414306641,-0.040415726602077484,0.3912203311920166,0.639782726764679,-0.039880331605672836,0.38978812098503113,0.6766473054885864,-0.03306090459227562,0.3255942463874817,0.6042081117630005,-0.025522274896502495,0.3721630573272705,0.6045904159545898,-0.041872646659612656,0.38397353887557983,0.6485922336578369,-0.040450192987918854,0.38465240597724915,0.6797794699668884,-0.0347401462495327
K,0.3733137845993042,0.7243956327438354,2.639083902522543e-07,0.4030916392803192,0.6583808660507202,-0.00029207870829850435,0.4160170257091522,0.5870092511177063,-0.00415228633210063,0.4218931496143341,0.5354387760162354,-0.011088858358561993,0.43261563777923584,0.48987990617752075,-0.017775947228074074,0.3685486316680908,0.5246033668518066,0.0006815153756178916,0.4058513939380646,0.4848610758781433,-0.013594016432762146,0.42640420794487,0.456132709980011,-0.023974433541297913,0.4442325234413147,0.42924124002456665,-0.03092353604733944,0.35225579142570496,0.5318389534950256,-0.007933199405670166,0.4068196713924408,0.5238792300224304,-0.03111853450536728,0.43795329332351685,0.5447253584861755,-0.03935546427965164,0.4599306583404541,0.5628025531768799,-0.040308210998773575,0.3444441556930542,0.5526670813560486,-0.017491985112428665,0.4038310647010803,0.5626086592674255,-0.039991673082113266,0.40983647108078003,0.6209293603897095,-0.03752426430583,0.40672045946121216,0.6582045555114746,-0.029731566086411476,0.3424846827983856,0.5803930759429932,-0.027670864015817642,0.39137211441993713,0.5840632915496826,-0.042908281087875366,0.4002964496612549,0.6280143857002258,-0.03998599201440811,0.3984898328781128,0.6575854420661926,-0.03333399072289467
K,0.3766915798187256,0.7303385138511658,2.9073356699882424e-07,0.410712331533432,0.6588200926780701,-0.0008852820028550923,0.4252617359161377,0.587743878364563,-0.005420150235295296,0.43099501729011536,0.5350574254989624,-0.013049540109932423,0.43830573558807373,0.4867706000804901,-0.02028333768248558,0.3720020055770874,0.5280223488807678,-0.0006583267822861671,0.41122883558273315,0.47833091020584106,-0.01537131704390049,0.43167346715927124,0.44479209184646606,-0.02536754123866558,0.4492373764514923,0.41371309757232666,-0.0323856957256794,0.35815125703811646,0.5369089841842651,-0.009695726446807384,0.4201688766479492,0.523240327835083,-0.035380296409130096,0.4531284272670746,0.5480007529258728,-0.044296786189079285,0.4748190939426422,0.5688865184783936,-0.04531161114573479,0.3548036813735962,0.5593268871307373,-0.019618017598986626,0.4195879101753235,0.5730578303337097,-0.042888518422842026,0.4207703471183777,0.6331722736358643,-0.04040457680821419,0.41227027773857117,0.6690889000892639,-0.03279900550842285,0.35774412751197815,0.5873438715934753,-0.03025629371404648,0.4089154005050659,0.5979271531105042,-0.04493451118469238,0.41221556067466736,0.6416230797767639,-0.04207581654191017,0.4040898084640503,0.6673474311828613,-0.036024849861860275
K,0.3911813795566559,0.7306231260299683,1.9883350432792213e-07,0.4244230091571808,0.6600035429000854,0.00029260883457027376,0.4384344220161438,0.5911329984664917,-0.004363718442618847,0.4462338387966156,0.5365769863128662,-0.012657682411372662,0.4553271234035492,0.4838898479938507,-0.020724425092339516,0.39069855213165283,0.5255790948867798,0.0011626607738435268,0.42714324593544006,0.47828027606010437,-0.014197822660207748,0.4468406140804291,0.4433889389038086,-0.025186259299516678,0.46420419216156006,0.4112148880958557,-0.032932110130786896,0.37521228194236755,0.5329413414001465,-0.00879401620477438,0.4382355809211731,0.534342885017395,-0.03486169874668121,0.4672382175922394,0.57354736328125,-0.04291985183954239,0.48482948541641235,0.6023077368736267,-0.04342065379023552,0.3698236048221588,0.5568052530288696,-0.01979842595756054,0.43474841117858887,0.5726154446601868,-0.042779650539159775,0.43714213371276855,0.6334311962127686,-0.03780534863471985,0.4306262731552124,0.6693913340568542,-0.0287534911185503,0.3705366253852844,0.58851158618927,-0.031606223434209824,0.4209548532962799,0.5929721593856812,-0.04575377702713013,0.4251774549484253,0.6346869468688965,-0.04077271744608879,0.4179467260837555,0.660114049911499,-0.03319218382239342
K,0.4022814631462097,0.7269766330718994,2.3790403247403447e-07,0.4375802278518677,0.6547525525093079,0.0015288831200450659,0.45265015959739685,0.5873399376869202,-0.0031585474498569965,0.4616425931453705,0.5354934930801392,-0.011707165278494358,0.47209399938583374,0.485129177570343,-0.0197360310703516,0.4042205512523651,0.520531415939331,0.0011872381437569857,0.44125980138778687,0.4722168445587158,-0.013209010474383831,0.461526483297348,0.4363015294075012,-0.023005595430731773,0.4790117144584656,0.40459883213043213,-0.029864918440580368,0.39134761691093445,0.525841236114502,-0.008980286307632923,0.4559023082256317,0.5325035452842712,-0.03336000069975853,0.48696914315223694,0.5662597417831421,-0.04093994200229645,0.5061094760894775,0.5906513929367065,-0.041587986052036285,0.38827916979789734,0.5476879477500916,-0.01992073468863964,0.453972190618515,0.5724963545799255,-0.040628232061862946,0.4540041387081146,0.6301080584526062,-0.03589283302426338,0.4453267753124237,0.6623440384864807,-0.027815116569399834,0.3918313682079315,0.5766732096672058,-0.03166455402970314,0.44356995820999146,0.590908408164978,-0.04358924180269241,0.44456613063812256,0.631416380405426,-0.03891510143876076,0.4348967671394348,0.6522573232650757,-0.03227156028151512
K,0.4025324881076813,0.7270734310150146,2.4603960468994046e-07,0.4371248483657837,0.6571696996688843,0.001351812737993896,0.45269539952278137,0.5890966653823853,-0.0033956333063542843,0.4621959924697876,0.5378785133361816,-0.011892378330230713,0.4736790657043457,0.4882969260215759,-0.019869323819875717,0.4069558382034302,0.5241278409957886,-9.498855797573924e-05,0.4418814480304718,0.47442427277565,-0.015000537037849426,0.46119168400764465,0.43795961141586304,-0.024948716163635254,0.4778873920440674,0.405289888381958,-0.0319732241332531,0.39335814118385315,0.5282038450241089,-0.010224242694675922,0.4569329619407654,0.5365991592407227,-0.03480241447687149,0.4886038899421692,0.5685531497001648,-0.04238980636000633,0.5085470080375671,0.59067302942276,-0.04338167607784271,0.3892585337162018,0.549416720867157,-0.02109549008309841,0.4544967710971832,0.5778920650482178,-0.041716158390045166,0.4526861310005188,0.634918749332428,-0.03654424473643303,0.44279181957244873,0.6648046970367432,-0.02853930927813053,0.39160850644111633,0.5782127380371094,-0.032821036875247955,0.4430909752845764,0.5949864983558655,-0.04470952972769737,0.4429622292518616,0.6346250176429749,-0.03982195630669594,0.4325449466705322,0.6528425812721252,-0.033265337347984314
K,0.40897631645202637,0.7385421991348267,1.704982395267507e-07,0.4463449716567993,0.6673847436904907,-0.0011332662543281913,0.46282175183296204,0.5983490347862244,-0.0070715066976845264,0.4752228260040283,0.5443307757377625,-0.015645235776901245,0.4873015582561493,0.4945417642593384,-0.023461243137717247,0.4130668342113495,0.5285727977752686,-0.005179331172257662,0.45595505833625793,0.47979775071144104,-0.018001990392804146,0.4776422083377838,0.44447341561317444,-0.026219546794891357,0.49514898657798767,0.41435080766677856,-0.03236943855881691,0.40743163228034973,0.5418065786361694,-0.012798776850104332,0.47586050629615784,0.5517733693122864,-0.0329461470246315,0.49654534459114075,0.5917317867279053,-0.037746354937553406,0.5045223236083984,0.6156841516494751,-0.03831543028354645,0.411791056394577,0.5704121589660645,-0.02107534185051918,0.4760105311870575,0.5937491655349731,-0.03891000151634216,0.47377654910087585,0.6384799480438232,-0.0352943129837513,0.4631029963493347,0.6581107378005981,-0.029650267213582993,0.42190995812416077,0.6019874811172485,-0.029936786741018295,0.4723772704601288,0.6170614957809448,-0.03942708298563957,0.4707191586494446,0.6479268074035645,-0.03600001335144043,0.45995137095451355,0.6600921750068665,-0.03153723105788231
K,0.4062380790710449,0.7374500036239624,2.093163402605569e-07,0.4416004717350006,0.6654708385467529,-6.974735697440337e-06,0.45678719878196716,0.5967801213264465,-0.0049845073372125626,0.466915488243103,0.5454853177070618,-0.01347003597766161,0.47913503646850586,0.49663859605789185,-0.02140033431351185,0.41035929322242737,0.5256091356277466,0.000645353808067739,0.45106568932533264,0.48731231689453125,-0.01562800258398056,0.4741828739643097,0.4585687518119812,-0.027057111263275146,0.49492353200912476,0.4322601556777954,-0.034911856055259705,0.39580196142196655,0.5332698822021484,-0.008979693055152893,0.4590100944042206,0.543308436870575,-0.034850962460041046,0.4869338870048523,0.5870908498764038,-0.042241062968969345,0.504280686378479,0.6157852411270142,-0.04252542182803154,0.3904116153717041,0.557390570640564,-0.019809655845165253,0.4553632438182831,0.5818608999252319,-0.04210677370429039,0.45485690236091614,0.6419663429260254,-0.03641846776008606,0.44664737582206726,0.6746628880500793,-0.02723601460456848,0.39066046476364136,0.5893161296844482,-0.03159872815012932,0.4421190917491913,0.6007697582244873,-0.04476509988307953,0.4440038204193115,0.6410042643547058,-0.03951311856508255,0.4350484311580658,0.6623901128768921,-0.032085493206977844
K,0.39186906814575195,0.7423916459083557,1.7243372951725178e-07,0.42283594608306885,0.6688970327377319,-0.004105942789465189,0.4349778890609741,0.5977619886398315,-0.01059105433523655,0.4434031844139099,0.5439098477363586,-0.019410384818911552,0.4552690088748932,0.4930066168308258,-0.027652595192193985,0.3890644907951355,0.5303573608398438,-0.003319805720821023,0.4259457290172577,0.49277687072753906,-0.019807705655694008,0.4475140869617462,0.4631819427013397,-0.031194467097520828,0.4660574197769165,0.4353840947151184,-0.03875920549035072,0.3717256784439087,0.5413599610328674,-0.010546766221523285,0.4319841265678406,0.5487046837806702,-0.036584217101335526,0.45867809653282166,0.5941429734230042,-0.04367357864975929,0.47428756952285767,0.6254483461380005,-0.04332926869392395,0.3631829619407654,0.5686491131782532,-0.01935838721692562,0.42512619495391846,0.5890460014343262,-0.04316253215074539,0.42891618609428406,0.6472356915473938,-0.03985309228301048,0.42446979880332947,0.6810898184776306,-0.0315207876265049,0.3605441451072693,0.6037325859069824,-0.02914942055940628,0.4100043773651123,0.6112142205238342,-0.04353560879826546,0.416596382856369,0.6500614881515503,-0.04038242623209953,0.41178321838378906,0.6733051538467407,-0.0340309776365757
K,0.3708244562149048,0.7103707790374756,1.1592063486887128e-07,0.3987564444541931,0.647904634475708,-0.004401986487209797,0.4080279469490051,0.5768035054206848,-0.009533156640827656,0.4137803018093109,0.5258855819702148,-0.016772393137216568,0.42626121640205383,0.48059043288230896,-0.02362878806889057,0.3688124418258667,0.515868067741394,-0.0030937332194298506,0.39750009775161743,0.47912055253982544,-0.019570037722587585,0.4151461720466614,0.4490123391151428,-0.030577069148421288,0.4315503239631653,0.42209506034851074,-0.037467073649168015,0.34759530425071716,0.5240764021873474,-0.009481553919613361,0.39621102809906006,0.5334193706512451,-0.03625942021608353,0.4185028076171875,0.5840048789978027,-0.04279063269495964,0.4318515360355377,0.6188121438026428,-0.04088694602251053,0.3338598310947418,0.548870861530304,-0.017543362453579903,0.38550642132759094,0.571506917476654,-0.042107682675123215,0.3908344805240631,0.6277391910552979,-0.039192527532577515,0.3880952298641205,0.6602799892425537,-0.030305957421660423,0.32459333539009094,0.5827338695526123,-0.026448871940374374,0.3668377697467804,0.5918753147125244,-0.0411006361246109,0.3754881024360657,0.6288928985595703,-0.038072045892477036,0.37290725111961365,0.6499939560890198,-0.03127676621079445
K,0.36510464549064636,0.6983140707015991,1.1464784677173157e-07,0.38942885398864746,0.6412196755409241,-0.005904844496399164,0.39773860573768616,0.5698297619819641,-0.010550329461693764,0.40201690793037415,0.518706738948822,-0.01696177013218403,0.4149463176727295,0.4767758846282959,-0.02303500473499298,0.36114561557769775,0.5126674771308899,-0.0033254404552280903,0.3873912990093231,0.47565680742263794,-0.01980409398674965,0.40410101413726807,0.4467959702014923,-0.030889427289366722,0.4200957417488098,0.4200645089149475,-0.03748268261551857,0.33983853459358215,0.5189895629882812,-0.008031251840293407,0.38265275955200195,0.5263020992279053,-0.03420063108205795,0.4026587903499603,0.576789140701294,-0.04045309126377106,0.41484078764915466,0.6120903491973877,-0.03809725493192673,0.324840247631073,0.5405173897743225,-0.014584929682314396,0.37019333243370056,0.5614790320396423,-0.03972204774618149,0.37646451592445374,0.6195359230041504,-0.03697268292307854,0.37518277764320374,0.6542755365371704,-0.027571311220526695,0.31339719891548157,0.5710329413414001,-0.02195846661925316,0.35186776518821716,0.5759780406951904,-0.03716102987527847,0.36072778701782227,0.6133092641830444,-0.034151144325733185,0.3581521511077881,0.6365312337875366,-0.027000268921256065
K,0.3541333079338074,0.6916176676750183,9.823195057379053e-08,0.37709495425224304,0.6409637331962585,-0.009342855773866177,0.3858886957168579,0.570407509803772,-0.014658892527222633,0.38670268654823303,0.5182309746742249,-0.020687980577349663,0.3981912136077881,0.47616666555404663,-0.02623169682919979,0.351066917181015,0.5124542713165283,-0.005673504900187254,0.37390998005867004,0.47706398367881775,-0.021203676238656044,0.38873007893562317,0.4494956433773041,-0.03130213916301727,0.4034719169139862,0.4236817955970764,-0.03705849125981331,0.3292911648750305,0.51707923412323,-0.007864282466471195,0.3646928369998932,0.5247959494590759,-0.03190479055047035,0.38347190618515015,0.5710430145263672,-0.037782639265060425,0.3963284492492676,0.6043344736099243,-0.03561203554272652,0.31285855174064636,0.5369954705238342,-0.01208075974136591,0.3519262373447418,0.5610532760620117,-0.036370594054460526,0.3596474826335907,0.6167476773262024,-0.03469712287187576,0.36095094680786133,0.6512781381607056,-0.026163725182414055,0.2994667887687683,0.5654817223548889,-0.01726178266108036,0.3322261571884155,0.572859525680542,-0.032387327402830124,0.34217146039009094,0.6094723343849182,-0.030439084395766258,0.3419509530067444,0.6331266164779663,-0.024141494184732437
K,0.3491118252277374,0.6848894953727722,9.78388356998039e-08,0.37133222818374634,0.6361859440803528,-0.010310037061572075,0.3789280354976654,0.5667322278022766,-0.015709321945905685,0.3778999447822571,0.5160259008407593,-0.02169528603553772,0.3872672915458679,0.4738757610321045,-0.02699199505150318,0.34684890508651733,0.5103716850280762,-0.004500057082623243,0.3663504719734192,0.47386306524276733,-0.020659683272242546,0.37852996587753296,0.44527557492256165,-0.03124125301837921,0.3913682997226715,0.4197095036506653,-0.03719019889831543,0.325030118227005,0.5158904194831848,-0.006532416213303804,0.3559449315071106,0.5181415677070618,-0.03263436257839203,0.3740746080875397,0.5664944648742676,-0.03937630355358124,0.38680750131607056,0.6018857955932617,-0.03680318221449852,0.30809319019317627,0.5358827710151672,-0.010816900059580803,0.34284526109695435,0.5559588074684143,-0.03658398240804672,0.3521195352077484,0.6112731099128723,-0.03460700809955597,0.35452207922935486,0.644757866859436,-0.02511824667453766,0.293609619140625,0.5641250610351562,-0.016087865456938744,0.32331815361976624,0.5691643357276917,-0.03182187303900719,0.3331783711910248,0.6047237515449524,-0.02910286746919155,0.33244788646698,0.6266573667526245,-0.021846389397978783
K,0.33968961238861084,0.6801207661628723,6.539392671811584e-08,0.36012110114097595,0.6364054679870605,-0.011706686578691006,0.36591747403144836,0.5707270503044128,-0.017231492325663567,0.3627631962299347,0.5219690203666687,-0.02294948697090149,0.37117260694503784,0.48195183277130127,-0.028060270473361015,0.3414364457130432,0.5156141519546509,-0.004839635454118252,0.3549326956272125,0.4823559522628784,-0.020932478830218315,0.3636457622051239,0.4533669650554657,-0.031286414712667465,0.3732469081878662,0.4289875328540802,-0.03694000095129013,0.31892314553260803,0.5195040702819824,-0.006083865649998188,0.341590017080307,0.5228434801101685,-0.03171337768435478,0.3548868000507355,0.5742905735969543,-0.03753656521439552,0.3636285066604614,0.6120871901512146,-0.034086842089891434,0.30057841539382935,0.5394431352615356,-0.009806888177990913,0.3267858028411865,0.5623539686203003,-0.03532329201698303,0.33613321185112,0.6156272888183594,-0.032372500747442245,0.33994320034980774,0.6459763646125793,-0.022202203050255775,0.2845471501350403,0.5680767893791199,-0.014603680931031704,0.3061884641647339,0.5772796869277954,-0.030119089409708977,0.3165094554424286,0.6108890771865845,-0.026793021708726883,0.31816890835762024,0.6279265284538269,-0.019085021689534187
K,0.3333260715007782,0.6684404611587524,3.125406777826356e-08,0.3536430895328522,0.624695897102356,-0.012261773459613323,0.3597210943698883,0.5592241883277893,-0.016734512522816658,0.35217010974884033,0.5137412548065186,-0.020808642730116844,0.3575860559940338,0.47843050956726074,-0.02437688782811165,0.3372041583061218,0.5121680498123169,-0.004851681645959616,0.3481072187423706,0.48186323046684265,-0.019593743607401848,0.3554309010505676,0.45612871646881104,-0.029001953080296516,0.36391592025756836,0.43458127975463867,-0.03404004126787186,0.31434160470962524,0.514855682849884,-0.004437547642737627,0.32925692200660706,0.5194646120071411,-0.02792508713901043,0.33899617195129395,0.57218337059021,-0.032661568373441696,0.34606635570526123,0.6103793978691101,-0.02886633761227131,0.2956225872039795,0.531836748123169,-0.006558069959282875,0.31448042392730713,0.5536898970603943,-0.0297513660043478,0.32338568568229675,0.602548360824585,-0.027080439031124115,0.32826852798461914,0.6319030523300171,-0.017738278955221176,0.2791083753108978,0.5577446818351746,-0.00976589135825634,0.29622140526771545,0.5701749920845032,-0.024381939321756363,0.30608925223350525,0.6025056838989258,-0.022279400378465652,0.3083788752555847,0.6188114285469055,-0.015736203640699387
K,0.323708176612854,0.6552541851997375,2.8138625651763505e-08,0.3431583642959595,0.6129246950149536,-0.012408029288053513,0.34805384278297424,0.5492496490478516,-0.016558967530727386,0.33870479464530945,0.5054865479469299,-0.02017134614288807,0.33966970443725586,0.4701940417289734,-0.023291440680623055,0.3280428647994995,0.5024575591087341,-0.005246286746114492,0.3357643485069275,0.4736057221889496,-0.01997198536992073,0.3408534824848175,0.44738590717315674,-0.029783450067043304,0.346636563539505,0.4244846999645233,-0.035414617508649826,0.3053334951400757,0.5041837692260742,-0.005018380004912615,0.3160879909992218,0.5083454847335815,-0.028268247842788696,0.3246161937713623,0.5598812103271484,-0.033430714160203934,0.33100613951683044,0.5963369011878967,-0.03027324192225933,0.28672412037849426,0.5208702087402344,-0.007204245775938034,0.3004637658596039,0.5395394563674927,-0.030304670333862305,0.3104564845561981,0.5889424085617065,-0.02687295526266098,0.31657204031944275,0.6173647046089172,-0.01732684299349785,0.2700805068016052,0.5468859076499939,-0.010503259487450123,0.2832336127758026,0.5586403012275696,-0.025481974706053734,0.29394057393074036,0.5912114381790161,-0.02260957472026348,0.2979859709739685,0.6059879660606384,-0.0156269334256649
K,0.3136742413043976,0.657119870185852,-1.4738110731826737e-09,0.3321378827095032,0.6178989410400391,-0.013467559590935707,0.3374290466308594,0.5569882392883301,-0.018091673031449318,0.32688650488853455,0.5128030180931091,-0.021847570315003395,0.329067587852478,0.4747347831726074,-0.025385217741131783,0.32155653834342957,0.5130267143249512,-0.005799490958452225,0.3248263895511627,0.4825483560562134,-0.019102858379483223,0.3256140351295471,0.45520246028900146,-0.02794330008327961,0.32751068472862244,0.4312482476234436,-0.033256351947784424,0.2998579144477844,0.5149900913238525,-0.004832582548260689,0.30315732955932617,0.5144411325454712,-0.0266549251973629,0.30832168459892273,0.564498782157898,-0.03139309957623482,0.3146836459636688,0.5990789532661438,-0.028301220387220383,0.2811691164970398,0.5296830534934998,-0.006227133795619011,0.28586435317993164,0.5438279509544373,-0.028803762048482895,0.2950543761253357,0.5919212102890015,-0.02545902505517006,0.3034825921058655,0.6188686490058899,-0.016325999051332474,0.26434165239334106,0.5530391931533813,-0.00866827555000782,0.268747478723526,0.5591328740119934,-0.024433527141809464,0.2796688973903656,0.5940470099449158,-0.021683957427740097,0.2870688736438751,0.6107986569404602,-0.01481381244957447
K,0.30974721908569336,0.658433735370636,1.5565412070372986e-08,0.32764962315559387,0.6258669495582581,-0.016554707661271095,0.3346278965473175,0.5667517185211182,-0.021962806582450867,0.32709893584251404,0.5176829099655151,-0.026120763272047043,0.3275856375694275,0.477660208940506,-0.03021775558590889,0.3255078196525574,0.5280054807662964,-0.007125701755285263,0.3275231719017029,0.4903300404548645,-0.01998770609498024,0.3262536823749542,0.4599403142929077,-0.027820780873298645,0.3256544768810272,0.4332581162452698,-0.032632362097501755,0.3056747615337372,0.5320978760719299,-0.004942300729453564,0.3013792335987091,0.5136624574661255,-0.02775103785097599,0.3034203350543976,0.5618828535079956,-0.03318462148308754,0.3086947202682495,0.5976459383964539,-0.030269352719187737,0.2872629463672638,0.544124186038971,-0.0053397719748318195,0.2825479209423065,0.5392763018608093,-0.03032313473522663,0.29038068652153015,0.5883422493934631,-0.028131477534770966,0.2989918887615204,0.6180146336555481,-0.01900932565331459,0.26985904574394226,0.5622762441635132,-0.006742300931364298,0.267062246799469,0.551778256893158,-0.024974441155791283,0.2758201062679291,0.5870639085769653,-0.023083703592419624,0.28359290957450867,0.6074277758598328,-0.0165085531771183
K,0.313503623008728,0.6675997376441956,2.1081657308741342e-08,0.33167076110839844,0.631847620010376,-0.017150288447737694,0.3375616669654846,0.571452260017395,-0.023008648306131363,0.3299577832221985,0.5200783610343933,-0.027692189440131187,0.33085012435913086,0.47996121644973755,-0.03213886544108391,0.32900527119636536,0.5293775200843811,-0.005762081127613783,0.33141154050827026,0.4947221875190735,-0.019631672650575638,0.3302457928657532,0.46419116854667664,-0.02875835821032524,0.3296396732330322,0.437455415725708,-0.034497592598199844,0.3087122440338135,0.5309646129608154,-0.0034120548516511917,0.3048344552516937,0.5192137360572815,-0.027271578088402748,0.3076220452785492,0.5685590505599976,-0.03335941210389137,0.31345292925834656,0.6048455834388733,-0.030724020674824715,0.2896708846092224,0.5427791476249695,-0.003925743978470564,0.2863503396511078,0.5437546372413635,-0.029532894492149353,0.2942243218421936,0.5932093262672424,-0.02746477536857128,0.3028410077095032,0.6239059567451477,-0.01827535592019558,0.2712212800979614,0.5621680617332458,-0.0056495582684874535,0.2707050144672394,0.5589206218719482,-0.024423327296972275,0.27996253967285156,0.5951204895973206,-0.022993139922618866,0.28781646490097046,0.6162842512130737,-0.016516538336873055
K,0.32397904992103577,0.6689090728759766,3.6573447048660057e-10,0.3456653654575348,0.6301854848861694,-0.013475518673658371,0.3517293632030487,0.5616583824157715,-0.017321720719337463,0.3450937271118164,0.5112592577934265,-0.020321765914559364,0.35170918703079224,0.47353971004486084,-0.023054948076605797,0.33716729283332825,0.5203918814659119,-0.007539721671491861,0.34242379665374756,0.48553988337516785,-0.021601201966404915,0.34549957513809204,0.45609694719314575,-0.030827278271317482,0.3495008647441864,0.43109917640686035,-0.036318518221378326,0.3140428066253662,0.5194936990737915,-0.006176577880978584,0.3206542432308197,0.5271512269973755,-0.029597193002700806,0.32697534561157227,0.5803855657577515,-0.03416205197572708,0.33327609300613403,0.6184746623039246,-0.030755342915654182,0.2941594123840332,0.5324057340621948,-0.007182002533227205,0.30223751068115234,0.5500088930130005,-0.029670214280486107,0.3102237284183502,0.5999194383621216,-0.025539200752973557,0.31698042154312134,0.6310802698135376,-0.015949372202157974,0.275755912065506,0.5532968044281006,-0.0094450069591403,0.28414931893348694,0.5639725923538208,-0.024434763938188553,0.29331114888191223,0.6001635193824768,-0.02151617221534252,0.2982081472873688,0.6184477806091309,-0.014591095969080925
K,0.34019342064857483,0.6782724857330322,3.200380760404187e-08,0.36563944816589355,0.6377116441726685,-0.01526977401226759,0.37597912549972534,0.5678643584251404,-0.021340368315577507,0.37248146533966064,0.5155198574066162,-0.02655627392232418,0.3853217363357544,0.4777960181236267,-0.031561478972435,0.3532700538635254,0.5184011459350586,-0.009036275558173656,0.36273062229156494,0.48740100860595703,-0.0244099423289299,0.36887601017951965,0.4601762294769287,-0.034312326461076736,0.376869261264801,0.43659135699272156,-0.03994784876704216,0.3285866677761078,0.5169117450714111,-0.007355009205639362,0.34398120641708374,0.5273496508598328,-0.032064300030469894,0.35098135471343994,0.5842714905738831,-0.03683752194046974,0.3564361035823822,0.6255871653556824,-0.033072683960199356,0.3074456751346588,0.5317257046699524,-0.008321198634803295,0.3255603015422821,0.5540851950645447,-0.0333484522998333,0.3342847228050232,0.6075571179389954,-0.030109843239188194,0.3408408761024475,0.642510712146759,-0.020077476277947426,0.28816911578178406,0.556219756603241,-0.010546913370490074,0.30481815338134766,0.5662626028060913,-0.027602925896644592,0.3160756230354309,0.605783998966217,-0.025473330169916153,0.3211734890937805,0.6292086243629456,-0.018377995118498802
K,0.364450603723526,0.6772550940513611,3.701442707892966e-08,0.3917926251888275,0.635219156742096,-0.012962288223206997,0.40456119179725647,0.5649403929710388,-0.01895427703857422,0.4024178981781006,0.5138530135154724,-0.02449394203722477,0.4152974486351013,0.477164626121521,-0.030161909759044647,0.3737339973449707,0.506014347076416,-0.008027448318898678,0.3934538662433624,0.47414082288742065,-0.023508727550506592,0.40566301345825195,0.44599008560180664,-0.03399372473359108,0.4180948734283447,0.42140647768974304,-0.03979497402906418,0.34983718395233154,0.5057148933410645,-0.0076317866332829,0.3785914480686188,0.5137534737586975,-0.03148295357823372,0.38372594118118286,0.5740944147109985,-0.0356903113424778,0.38540157675743103,0.6184725165367126,-0.03164270147681236,0.33002331852912903,0.5218989253044128,-0.009647540748119354,0.3598475456237793,0.5417256951332092,-0.03405850753188133,0.3659055233001709,0.5985305905342102,-0.030735397711396217,0.3685840666294098,0.6367202997207642,-0.020638978108763695,0.31263571977615356,0.5489926934242249,-0.01272659469395876,0.3380154073238373,0.5546753406524658,-0.029459191486239433,0.34936633706092834,0.5957353711128235,-0.02677299827337265,0.35300469398498535,0.6239914298057556,-0.019160207360982895
K,0.3843381702899933,0.6838433742523193,9.072653739394809e-08,0.4107624590396881,0.6358023285865784,-0.009987374767661095,0.4228810966014862,0.5665865540504456,-0.016265297308564186,0.42703282833099365,0.5137956738471985,-0.023143602535128593,0.4431040585041046,0.4737253785133362,-0.029837509617209435,0.38668790459632874,0.49962133169174194,-0.007050010375678539,0.4108492136001587,0.46599081158638,-0.023799898102879524,0.426616907119751,0.4370872378349304,-0.0350518599152565,0.44211235642433167,0.4110737442970276,-0.041608501225709915,0.3637670576572418,0.5026062726974487,-0.009433068335056305,0.40493056178092957,0.5144333243370056,-0.03507160395383835,0.419996052980423,0.5708667635917664,-0.04052120819687843,0.4283691644668579,0.6120283007621765,-0.037430427968502045,0.34700676798820496,0.5234172344207764,-0.013911150395870209,0.3903495967388153,0.5514428019523621,-0.03926701471209526,0.39625540375709534,0.6092122197151184,-0.03666473180055618,0.39585351943969727,0.6456395983695984,-0.027104198932647705,0.333504319190979,0.554545521736145,-0.01945791393518448,0.3701225519180298,0.5660349726676941,-0.035364780575037,0.38141998648643494,0.6065781116485596,-0.03269217535853386,0.3825697898864746,0.6335332989692688,-0.025397473946213722
K,0.3930816054344177,0.6878311634063721,2.0648045051530062e-07,0.42316317558288574,0.6279020309448242,-0.004374813288450241,0.437218576669693,0.5617101788520813,-0.00926546286791563,0.4451116919517517,0.5137897729873657,-0.016523685306310654,0.4565795063972473,0.47072258591651917,-0.023667268455028534,0.3993162512779236,0.4906008839607239,-0.00297131622210145,0.431387335062027,0.4588153660297394,-0.018281538039445877,0.44950181245803833,0.4301076829433441,-0.02895526960492134,0.4656478762626648,0.40350496768951416,-0.03569560870528221,0.3776884973049164,0.4956158399581909,-0.009154398925602436,0.4236410856246948,0.5111998915672302,-0.0344637893140316,0.449979692697525,0.5454434156417847,-0.04332132264971733,0.4681819677352905,0.5735400915145874,-0.043721865862607956,0.36293232440948486,0.5179998278617859,-0.01661067083477974,0.41298624873161316,0.5535430312156677,-0.04084855318069458,0.4172391891479492,0.6109970211982727,-0.0399172306060791,0.4143579304218292,0.6465687155723572,-0.03241761401295662,0.3525940179824829,0.5499129891395569,-0.02491067349910736,0.3939366042613983,0.5695632696151733,-0.04059929400682449,0.3999091386795044,0.6119303703308105,-0.038970354944467545,0.3959236145019531,0.6374077796936035,-0.03292950987815857
K,0.41916006803512573,0.7007472515106201,2.591568772913888e-07,0.4527076780796051,0.6338388919830322,-0.001472857897169888,0.46924906969070435,0.5626019835472107,-0.006164340302348137,0.4789135158061981,0.511036217212677,-0.013856835663318634,0.48985686898231506,0.46465563774108887,-0.021437982097268105,0.4232636094093323,0.4913991689682007,-0.0023334764409810305,0.46250054240226746,0.4536292254924774,-0.018102431669831276,0.4843100905418396,0.42321866750717163,-0.029195886105298996,0.5035792589187622,0.39525970816612244,-0.03648030385375023,0.4047359228134155,0.4989306330680847,-0.010679086670279503,0.46128207445144653,0.5048071146011353,-0.03574509918689728,0.49192845821380615,0.5329556465148926,-0.04456581547856331,0.5132730007171631,0.5548012256622314,-0.04573596641421318,0.3946506977081299,0.5223862528800964,-0.01992761343717575,0.45540696382522583,0.5492238402366638,-0.0436495840549469,0.45795267820358276,0.6092446446418762,-0.04108233377337456,0.4524513781070709,0.6448131799697876,-0.03309495002031326,0.3902391791343689,0.5536577105522156,-0.029890714213252068,0.4388769268989563,0.568385899066925,-0.045297760516405106,0.4446469843387604,0.6136220693588257,-0.04202878102660179,0.4398212134838104,0.640678346157074,-0.03508603572845459
K,0.4413300156593323,0.715553879737854,2.8728760526064434e-07,0.47572553157806396,0.6428070068359375,-0.0017669531516730785,0.4922596514225006,0.5713508725166321,-0.007285816594958305,0.5032051205635071,0.5199897885322571,-0.0156440120190382,0.5162551403045654,0.4721027612686157,-0.02367374300956726,0.4411538541316986,0.5002212524414062,-0.0030799282249063253,0.48580214381217957,0.46148648858070374,-0.019798628985881805,0.509847104549408,0.4302405118942261,-0.032029204070568085,0.5305183529853821,0.4016050696372986,-0.04050969332456589,0.4248487949371338,0.5094476342201233,-0.011681492440402508,0.4875451922416687,0.5144385099411011,-0.037604041397571564,0.5205631256103516,0.5429778695106506,-0.046735234558582306,0.5429743528366089,0.5635467171669006,-0.04869859293103218,0.41849201917648315,0.5347598791122437,-0.021316945552825928,0.4842413663864136,0.5584463477134705,-0.0450783334672451,0.48721039295196533,0.6180121302604675,-0.04179597645998001,0.48090359568595886,0.6526546478271484,-0.03398996964097023,0.41881850361824036,0.56721431016922,-0.03188175708055496,0.47072833776474,0.5793002247810364,-0.04760828986763954,0.4754864275455475,0.6233626008033752,-0.044435054063797,0.4685784876346588,0.6492780447006226,-0.038035981357097626
K,0.4488452076911926,0.7143522500991821,3.1621328844266827e-07,0.48488932847976685,0.6427749991416931,-0.0014554105000570416,0.502859890460968,0.5694996118545532,-0.006340828724205494,0.5126872658729553,0.5175972580909729,-0.014109895564615726,0.5239188075065613,0.4709494411945343,-0.021622316911816597,0.44912347197532654,0.5013203620910645,-0.002576755126938224,0.49355828762054443,0.45918530225753784,-0.01805562525987625,0.5177218914031982,0.4285633862018585,-0.029362685978412628,0.5385162830352783,0.39983463287353516,-0.037185363471508026,0.4342489540576935,0.5105511546134949,-0.010993548668920994,0.4980809688568115,0.5091201066970825,-0.03547670692205429,0.532951831817627,0.5322126746177673,-0.044445376843214035,0.5569124221801758,0.5501071810722351,-0.04645073786377907,0.4294988214969635,0.5348904132843018,-0.0202623438090086,0.49621662497520447,0.5546889901161194,-0.042916204780340195,0.49832090735435486,0.6151715517044067,-0.03978441283106804,0.49095651507377625,0.65155029296875,-0.03216994181275368,0.43124955892562866,0.5654837489128113,-0.030360756441950798,0.4839761257171631,0.5754375457763672,-0.04514933004975319,0.488311767578125,0.6206129789352417,-0.04157838597893715,0.4811837375164032,0.6485745310783386,-0.03498285636305809
K,0.4636417627334595,0.7219040989875793,3.247696440666914e-07,0.49886354804039,0.6459320187568665,-0.00014628279313910753,0.5157591104507446,0.5741577744483948,-0.005332435946911573,0.5261493921279907,0.523472011089325,-0.013823091052472591,0.5377336740493774,0.47614920139312744,-0.02181781642138958,0.461168497800827,0.5059219598770142,-0.0011707377852872014,0.506132185459137,0.4644816219806671,-0.016699332743883133,0.5300167798995972,0.4344486892223358,-0.028117086738348007,0.5506095290184021,0.4057162404060364,-0.03630012273788452,0.4487142860889435,0.5165478587150574,-0.010778558440506458,0.5151094794273376,0.5171157717704773,-0.035635918378829956,0.5506774187088013,0.5402865409851074,-0.04513978958129883,0.5751295685768127,0.5568166375160217,-0.047814421355724335,0.44624271988868713,0.5427609086036682,-0.021218614652752876,0.5142477750778198,0.5643066763877869,-0.043092526495456696,0.5147470831871033,0.622327983379364,-0.039984188973903656,0.5061216354370117,0.6551544666290283,-0.03301186114549637,0.450358510017395,0.5746174454689026,-0.03250856325030327,0.5040948987007141,0.5855594277381897,-0.046262625604867935,0.5068936347961426,0.6274994611740112,-0.04282373562455177,0.4985268712043762,0.6506542563438416,-0.03690536320209503
K,0.47651660442352295,0.7519291043281555,3.346149526350928e-07,0.507062554359436,0.6721449494361877,0.0005120635614730418,0.5212243795394897,0.5987693667411804,-0.00492872204631567,0.5335090160369873,0.5446039438247681,-0.01327290665358305,0.5451905727386475,0.49631980061531067,-0.021059932187199593,0.4658028483390808,0.5367349982261658,-0.0039426712319254875,0.5148244500160217,0.482721745967865,-0.016923733055591583,0.5394459962844849,0.4487189054489136,-0.025651512667536736,0.5592089295387268,0.41770824790000916,-0.03216218575835228,0.4606403410434723,0.5509316325187683,-0.012992354109883308,0.5314924120903015,0.5393261909484863,-0.033410895615816116,0.5658046007156372,0.558219850063324,-0.04000578820705414,0.587790846824646,0.5719835162162781,-0.042075011879205704,0.4653608798980713,0.5783973932266235,-0.022442612797021866,0.5340961813926697,0.5896182656288147,-0.04001728817820549,0.5342358946800232,0.6427392363548279,-0.035979919135570526,0.5249663591384888,0.6737529635429382,-0.02991321124136448,0.4759172797203064,0.6087301969528198,-0.03251204267144203,0.5300935506820679,0.6115005016326904,-0.04200129956007004,0.5316635370254517,0.6503235101699829,-0.03727788105607033,0.5231931805610657,0.673374593257904,-0.0316496305167675
K,0.4791278541088104,0.7590861320495605,3.766876659483387e-07,0.5092281699180603,0.6810677647590637,-0.0028952453285455704,0.5228985548019409,0.6084069609642029,-0.010154510848224163,0.5335357785224915,0.5539354085922241,-0.01927834562957287,0.5395426750183105,0.5060444474220276,-0.02750575728714466,0.46398812532424927,0.5492492318153381,-0.009594456292688847,0.5125869512557983,0.48913830518722534,-0.022961674258112907,0.5353013873100281,0.45328137278556824,-0.031469814479351044,0.5529332160949707,0.4208652675151825,-0.0376928448677063,0.4625471532344818,0.5698086023330688,-0.016842445358633995,0.5323641300201416,0.544462263584137,-0.03721176087856293,0.5656192302703857,0.5590560436248779,-0.043616630136966705,0.5868003368377686,0.5704285502433777,-0.04555344581604004,0.4715517461299896,0.6000528931617737,-0.02437504753470421,0.5380868911743164,0.6001629829406738,-0.04068458825349808,0.5379735231399536,0.6477984189987183,-0.03630640730261803,0.5287656784057617,0.6758009791374207,-0.030571049079298973,0.48647540807724,0.6295638680458069,-0.03276188299059868,0.540209174156189,0.6266653537750244,-0.04082264006137848,0.5410001873970032,0.663294792175293,-0.03574495390057564,0.533279538154602,0.6848235726356506,-0.030283821746706963
K,0.4762229025363922,0.7473286390304565,3.6631686839427857e-07,0.4868945777416229,0.6762531995773315,0.0026002174708992243,0.5030186176300049,0.6021696329116821,-0.004212528001517057,0.526239275932312,0.5466961860656738,-0.013453464955091476,0.5390802621841431,0.5028549432754517,-0.022123729810118675,0.4622966945171356,0.5472886562347412,-0.011894512921571732,0.5123516321182251,0.4859364628791809,-0.024397118017077446,0.5343416929244995,0.4520910382270813,-0.03099719248712063,0.5518884658813477,0.4207984209060669,-0.03551973029971123,0.46530452370643616,0.5689854621887207,-0.021405145525932312,0.5339879989624023,0.5409588813781738,-0.03949285298585892,0.5660362243652344,0.5552539825439453,-0.04362183436751366,0.5867129564285278,0.5655059814453125,-0.04436623677611351,0.4768044352531433,0.5979801416397095,-0.030167782679200172,0.5403866171836853,0.5937598943710327,-0.043288279324769974,0.5385018587112427,0.6399016976356506,-0.03697800636291504,0.5281322002410889,0.6644435524940491,-0.030644869431853294,0.49348336458206177,0.6247082352638245,-0.039216767996549606,0.5444331765174866,0.6206810474395752,-0.04342213645577431,0.5426220893859863,0.6561040282249451,-0.035980723798274994,0.5335363149642944,0.6744083166122437,-0.02939721755683422
K,0.4755086898803711,0.7471898198127747,3.4920688563033764e-07,0.4802677631378174,0.6721504926681519,0.0045060585252940655,0.49794045090675354,0.5954093933105469,-0.0017120647244155407,0.5247676372528076,0.5386481881141663,-0.010609731078147888,0.5420255661010742,0.49591559171676636,-0.019179804250597954,0.46458742022514343,0.5440409183502197,-0.011236458085477352,0.5152013301849365,0.4823926091194153,-0.02213832177221775,0.537163496017456,0.45055222511291504,-0.02701861411333084,0.55488520860672,0.42102017998695374,-0.03039463609457016,0.46987295150756836,0.5649021863937378,-0.02142583765089512,0.5390321016311646,0.5357282757759094,-0.036977387964725494,0.5700552463531494,0.5526402592658997,-0.03933698311448097,0.5898454189300537,0.5655509233474731,-0.039241887629032135,0.48286640644073486,0.5940389633178711,-0.030644359067082405,0.5462172031402588,0.5912136435508728,-0.04173603653907776,0.5436571836471558,0.638335645198822,-0.034756001085042953,0.5330438017845154,0.6633901596069336,-0.02841046079993248,0.5005807280540466,0.6215924024581909,-0.039965011179447174,0.5504645705223083,0.6189095377922058,-0.04245723411440849,0.548281729221344,0.6553203463554382,-0.03434525430202484,0.5389430522918701,0.6747891902923584,-0.027632925659418106
K,0.4783158302307129,0.7473503351211548,3.127823049453582e-07,0.4684848487377167,0.6717019081115723,0.006291585508733988,0.48005568981170654,0.5988032221794128,-0.00015378698299173266,0.506564736366272,0.5458189845085144,-0.008839861489832401,0.5281714200973511,0.5120147466659546,-0.017413735389709473,0.46217429637908936,0.5567627549171448,-0.019167127087712288,0.511888325214386,0.4867967665195465,-0.02859267219901085,0.5321037769317627,0.4521642327308655,-0.031677376478910446,0.5475587844848633,0.4219362437725067,-0.033950164914131165,0.475176602602005,0.5776934623718262,-0.028878888115286827,0.5374021530151367,0.5406344532966614,-0.03985661640763283,0.5643877983093262,0.5509514212608337,-0.03917417675256729,0.5806361436843872,0.5580913424491882,-0.0385572575032711,0.4952487349510193,0.6054409146308899,-0.03646959736943245,0.5500961542129517,0.5919678211212158,-0.04152470827102661,0.5485756397247314,0.6309893727302551,-0.03141166642308235,0.5387088656425476,0.6538059115409851,-0.025047246366739273,0.5187902450561523,0.6316638588905334,-0.04411572962999344,0.5604841113090515,0.6218568086624146,-0.04198788106441498,0.5556482672691345,0.6540539860725403,-0.0315549373626709,0.5452116131782532,0.6720175743103027,-0.02422216720879078
K,0.4830145835876465,0.7519245147705078,2.9449532235048537e-07,0.4737478792667389,0.673743724822998,0.00476639810949564,0.4846998453140259,0.5981007218360901,-0.001320964889600873,0.5108000040054321,0.543108344078064,-0.009174216538667679,0.5336728096008301,0.5092710852622986,-0.016582276672124863,0.4703575372695923,0.5547641515731812,-0.01894349418580532,0.5170369744300842,0.4898635745048523,-0.02842598222196102,0.5367872714996338,0.4566672444343567,-0.03143379092216492,0.5520021915435791,0.4283885955810547,-0.033581022173166275,0.4857361614704132,0.5767102837562561,-0.02812291868031025,0.5440608263015747,0.5363863110542297,-0.038217801600694656,0.5710096955299377,0.5476352572441101,-0.037349168211221695,0.5861016511917114,0.5559624433517456,-0.03675026446580887,0.5070786476135254,0.6080333590507507,-0.035378068685531616,0.5574607253074646,0.5919496417045593,-0.040491897612810135,0.5563132762908936,0.6265594363212585,-0.03027697466313839,0.545933723449707,0.6461936831474304,-0.023738130927085876,0.5298511385917664,0.6403595209121704,-0.042741406708955765,0.5679309964179993,0.6247867345809937,-0.04082527384161949,0.5627852082252502,0.6531369090080261,-0.030006952583789825,0.5510004758834839,0.6694648265838623,-0.02232871949672699
K,0.480247437953949,0.7517815232276917,2.1988944354234263e-07,0.46810391545295715,0.671301543712616,0.007670923136174679,0.47666582465171814,0.5975204110145569,0.003395837265998125,0.5015780329704285,0.5439388751983643,-0.0027330447919666767,0.5246299505233765,0.5120605826377869,-0.009057221934199333,0.46758779883384705,0.5545868873596191,-0.01791658066213131,0.5129354596138,0.4869367480278015,-0.024969175457954407,0.5324028730392456,0.45281386375427246,-0.02604038640856743,0.5467389225959778,0.42315489053726196,-0.02682971954345703,0.4851516783237457,0.5768951177597046,-0.027015170082449913,0.541430652141571,0.5338514447212219,-0.03333502635359764,0.5622102618217468,0.5515000820159912,-0.030032170936465263,0.570332944393158,0.5640895366668701,-0.02816728688776493,0.5077086091041565,0.6088008284568787,-0.0336361825466156,0.5532450079917908,0.5904216170310974,-0.03503967821598053,0.5503675937652588,0.6234563589096069,-0.02388826012611389,0.5386046171188354,0.642546534538269,-0.017453748732805252,0.5302339792251587,0.6415971517562866,-0.03997258469462395,0.5637266635894775,0.6239948868751526,-0.034786149859428406,0.5583274364471436,0.6508675217628479,-0.022744670510292053,0.5464164614677429,0.667247474193573,-0.014683335088193417
K,0.4648902118206024,0.7501233816146851,3.3562673706910573e-07,0.46209481358528137,0.677929162979126,0.005776090081781149,0.47877824306488037,0.6017224788665771,-0.0015650733839720488,0.507737398147583,0.5474916696548462,-0.010701766237616539,0.5279357433319092,0.5096994638442993,-0.019703330472111702,0.4528489410877228,0.5531589388847351,-0.022328443825244904,0.5047097206115723,0.49198514223098755,-0.03489662706851959,0.5286772847175598,0.4606749415397644,-0.04095756635069847,0.5477057695388794,0.4329491853713989,-0.04504575580358505,0.4605333209037781,0.581924319267273,-0.03260821849107742,0.5286672115325928,0.5486915111541748,-0.04719823971390724,0.558821439743042,0.562901496887207,-0.04798302426934242,0.577613353729248,0.571862518787384,-0.048101745545864105,0.4758608639240265,0.6159614324569702,-0.04083442687988281,0.5373833179473877,0.6070380210876465,-0.04770277813076973,0.5337539315223694,0.645585298538208,-0.03759283199906349,0.5220065116882324,0.6659368276596069,-0.031107870861887932,0.4947751462459564,0.6460680961608887,-0.04922391101717949,0.5432779788970947,0.6376312971115112,-0.04733874648809433,0.5383695363998413,0.6667282581329346,-0.03676644340157509,0.5264483690261841,0.6809880137443542,-0.029625963419675827
K,0.4579686224460602,0.7596381902694702,3.829008221600816e-07,0.4847899377346039,0.6837925314903259,0.000765803677495569,0.502792239189148,0.6095970869064331,-0.006257728207856417,0.5202991962432861,0.5587748289108276,-0.015827832743525505,0.5347985625267029,0.5142197608947754,-0.024801095947623253,0.4531371593475342,0.5380403995513916,-0.009679104201495647,0.5051416754722595,0.4918181896209717,-0.02387377619743347,0.5314959287643433,0.4617806673049927,-0.03380563110113144,0.5531622171401978,0.4347265064716339,-0.04118353873491287,0.44951677322387695,0.5640584230422974,-0.01970713771879673,0.5212718844413757,0.5531538128852844,-0.040567945688962936,0.5558199882507324,0.5709945559501648,-0.048120077699422836,0.5788338780403137,0.5825933814048767,-0.0513794831931591,0.4555298388004303,0.6010279655456543,-0.029513653367757797,0.5251954197883606,0.6109959483146667,-0.04594740644097328,0.5227044820785522,0.6576669216156006,-0.04117817059159279,0.511066198348999,0.6814059019088745,-0.035508379340171814,0.4672113358974457,0.637351393699646,-0.03987106308341026,0.5238959789276123,0.6391289234161377,-0.047737449407577515,0.5235866904258728,0.6740736961364746,-0.04144057631492615,0.513786792755127,0.691759467124939,-0.03521142899990082
K,0.46007803082466125,0.7667083740234375,3.689796699291037e-07,0.49585941433906555,0.686793327331543,-0.0019133356399834156,0.5113607048988342,0.6144282817840576,-0.00925596896559,0.5234603881835938,0.5639005303382874,-0.019366225227713585,0.5377774834632874,0.5166879296302795,-0.028989560902118683,0.45644670724868774,0.5423244833946228,-0.006737930700182915,0.5068191289901733,0.4978656470775604,-0.023453976958990097,0.5330640077590942,0.4673900604248047,-0.035385701805353165,0.5554471015930176,0.43914783000946045,-0.04398087412118912,0.4465426206588745,0.5604398846626282,-0.016222171485424042,0.5169100165367126,0.5525292158126831,-0.0415668860077858,0.5521537065505981,0.5752242207527161,-0.050879742950201035,0.5754530429840088,0.5902982354164124,-0.05383579060435295,0.4464908242225647,0.5937214493751526,-0.02635374665260315,0.5186055898666382,0.6072214841842651,-0.04860363155603409,0.5185142159461975,0.663317859172821,-0.04504702612757683,0.5075353980064392,0.6940340995788574,-0.038048431277275085,0.452219158411026,0.6316543817520142,-0.03726814314723015,0.5093808770179749,0.6368892788887024,-0.05048155039548874,0.5122779011726379,0.676034152507782,-0.045897480100393295,0.5028157234191895,0.6974083781242371,-0.03941936045885086
K,0.4603877365589142,0.7643734216690063,3.076459336170956e-07,0.4955662786960602,0.6856777667999268,-0.0018353946506977081,0.5092342495918274,0.6109519600868225,-0.008135289885103703,0.5171816945075989,0.5581916570663452,-0.017686238512396812,0.5283048152923584,0.5081037878990173,-0.027137983590364456,0.45673978328704834,0.5416715741157532,-0.003552451264113188,0.5007991194725037,0.49738115072250366,-0.021703384816646576,0.5251758098602295,0.4677385091781616,-0.03468586504459381,0.5464888215065002,0.43950775265693665,-0.043484702706336975,0.43987399339675903,0.5565681457519531,-0.013404779136180878,0.5034254193305969,0.5460330247879028,-0.04135652258992195,0.5385935306549072,0.5736639499664307,-0.05120021477341652,0.5623667240142822,0.5935659408569336,-0.0530020073056221,0.43319547176361084,0.5873687863349915,-0.024317219853401184,0.501073956489563,0.5982500910758972,-0.05037423223257065,0.5060473680496216,0.6618224382400513,-0.04687667265534401,0.49995359778404236,0.6987521052360535,-0.038028374314308167,0.4334425628185272,0.6242773532867432,-0.03598612919449806,0.4867808222770691,0.6254416108131409,-0.05268388241529465,0.49343666434288025,0.6700055003166199,-0.04821651428937912,0.4869149327278137,0.6972547173500061,-0.04046137258410454
K,0.4607442319393158,0.7634642124176025,2.8628178938561177e-07,0.490619033575058,0.6890957355499268,-0.001810678862966597,0.5040832757949829,0.6105203032493591,-0.006674555595964193,0.511039137840271,0.557286262512207,-0.014657504856586456,0.519145131111145,0.5085487961769104,-0.02248506247997284,0.45341256260871887,0.5438930988311768,-0.002469997387379408,0.49372848868370056,0.5035025477409363,-0.01963367871940136,0.517005205154419,0.4738515019416809,-0.03170377016067505,0.5375458002090454,0.4447239339351654,-0.039377499371767044,0.43322139978408813,0.5566049814224243,-0.011160572990775108,0.4927009344100952,0.5508946776390076,-0.0380287766456604,0.5262335538864136,0.5748364329338074,-0.047681376338005066,0.5498009324073792,0.5925358533859253,-0.04879116639494896,0.422517329454422,0.5847047567367554,-0.02082628384232521,0.486164927482605,0.6012653708457947,-0.04675782471895218,0.49139344692230225,0.6661384701728821,-0.04488303139805794,0.4867441654205322,0.7044601440429688,-0.03638576343655586,0.4180396795272827,0.6200723052024841,-0.031123507767915726,0.46824517846107483,0.624140739440918,-0.047679681330919266,0.47690272331237793,0.6692302823066711,-0.04441323131322861,0.4731992185115814,0.6964706182479858,-0.036981482058763504
K,0.4531382620334625,0.7569462656974792,2.741936384609289e-07,0.4815988838672638,0.685358464717865,-0.0031366515904664993,0.49362462759017944,0.6060735583305359,-0.0073212687857449055,0.4987446367740631,0.5537392497062683,-0.01453014649450779,0.5085465312004089,0.508652925491333,-0.021492306143045425,0.44533979892730713,0.5424730181694031,-0.001173595548607409,0.48209914565086365,0.5028376579284668,-0.018096188083291054,0.5033807754516602,0.47286880016326904,-0.029960285872220993,0.5219892263412476,0.4438938498497009,-0.0373871847987175,0.42349231243133545,0.5523163080215454,-0.00869942456483841,0.47687867283821106,0.5488642454147339,-0.03552472963929176,0.5088873505592346,0.5703892111778259,-0.04552479460835457,0.5323157906532288,0.587337851524353,-0.04657697305083275,0.40982586145401,0.5770317316055298,-0.017553800716996193,0.46914079785346985,0.5963317155838013,-0.04460286349058151,0.47611352801322937,0.6617509126663208,-0.043684884905815125,0.47355350852012634,0.702046275138855,-0.0352969653904438,0.40153947472572327,0.6103398203849792,-0.027095135301351547,0.4497053027153015,0.6164869666099548,-0.044795457273721695,0.4586104452610016,0.6637000441551208,-0.04253401607275009,0.4549640417098999,0.6938571929931641,-0.03552432358264923
K,0.44590356945991516,0.7661828994750977,3.0959114383222186e-07,0.47407636046409607,0.7013322710990906,-0.007215787190943956,0.48735010623931885,0.6209100484848022,-0.011468248441815376,0.49179667234420776,0.5672870874404907,-0.0180010125041008,0.502295196056366,0.52330482006073,-0.024300111457705498,0.4462991952896118,0.5606502294540405,-0.002691433532163501,0.47614142298698425,0.520039439201355,-0.019890468567609787,0.49478763341903687,0.4892463684082031,-0.0317123681306839,0.5116543769836426,0.4597947895526886,-0.03858967125415802,0.42267200350761414,0.5671036839485168,-0.007877561263740063,0.46232929825782776,0.5577864646911621,-0.03590782359242439,0.49185922741889954,0.5771299600601196,-0.046877212822437286,0.5153887867927551,0.5977426171302795,-0.04755640774965286,0.405120313167572,0.5869696140289307,-0.01485385000705719,0.4526733458042145,0.604937732219696,-0.04435476288199425,0.4588816165924072,0.6710324287414551,-0.04502350464463234,0.45763400197029114,0.7153677344322205,-0.03632620349526405,0.391377329826355,0.6168661117553711,-0.022637052461504936,0.4326273798942566,0.622123658657074,-0.04249724745750427,0.4429267346858978,0.6715495586395264,-0.04122474789619446,0.44258517026901245,0.7062357068061829,-0.034055195748806
K,0.43604275584220886,0.7631064057350159,2.814868196310272e-07,0.46843835711479187,0.7093055248260498,-0.0076308962889015675,0.4821980893611908,0.627200722694397,-0.00997657049447298,0.48407092690467834,0.5696626901626587,-0.014440332539379597,0.4945491552352905,0.5266185998916626,-0.018816659227013588,0.45276615023612976,0.5701011419296265,-0.0009703889372758567,0.47621390223503113,0.530703604221344,-0.017363231629133224,0.49158063530921936,0.4990844130516052,-0.028431124985218048,0.5063957571983337,0.47036781907081604,-0.034590497612953186,0.42720043659210205,0.5706009864807129,-0.005171184428036213,0.4516332745552063,0.5603678226470947,-0.03264376521110535,0.4756436347961426,0.5819193720817566,-0.042772118002176285,0.4957837760448456,0.6046361923217773,-0.04240788519382477,0.4043882191181183,0.5859073400497437,-0.011390895582735538,0.4373273253440857,0.6022793650627136,-0.041902441531419754,0.4450104236602783,0.6693365573883057,-0.04145045951008797,0.44670721888542175,0.7156625986099243,-0.031138626858592033,0.3827293813228607,0.6116583943367004,-0.01823427714407444,0.4147929549217224,0.6160186529159546,-0.03913390636444092,0.4242996871471405,0.6658751368522644,-0.0367828793823719,0.42476898431777954,0.7001590132713318,-0.028303243219852448
K,0.42893943190574646,0.7546341419219971,2.9634060183525435e-07,0.46090438961982727,0.7051800489425659,-0.010641828179359436,0.47457411885261536,0.6243943572044373,-0.012553572654724121,0.4711826741695404,0.5646678805351257,-0.0157158300280571,0.46769237518310547,0.5212569236755371,-0.01859356090426445,0.4461714029312134,0.5745551586151123,-0.0012331197503954172,0.46463707089424133,0.5332797765731812,-0.019094211980700493,0.4793134927749634,0.5014746785163879,-0.03163916990160942,0.49361658096313477,0.47449755668640137,-0.038282379508018494,0.42123106122016907,0.5754304528236389,-0.004198239650577307,0.43547552824020386,0.55202716588974,-0.033342938870191574,0.4571080505847931,0.5707399249076843,-0.0450330413877964,0.4753835201263428,0.5919053554534912,-0.04524531960487366,0.3974553644657135,0.5892608761787415,-0.009573610499501228,0.42241987586021423,0.5903962850570679,-0.04184946417808533,0.4320617616176605,0.6571382284164429,-0.041021835058927536,0.43514540791511536,0.7041711807250977,-0.029795007780194283,0.3738287389278412,0.6126521825790405,-0.0157985407859087,0.4006929099559784,0.6065430045127869,-0.03803370147943497,0.41039425134658813,0.6545512080192566,-0.03492702543735504,0.41089603304862976,0.6874794960021973,-0.025583231821656227
K,0.42569008469581604,0.7555968761444092,3.047423717816855e-07,0.45556536316871643,0.7062370181083679,-0.011154376901686192,0.46848756074905396,0.6219959855079651,-0.01331276260316372,0.4669828414916992,0.5591796040534973,-0.01649356633424759,0.47069379687309265,0.5123383402824402,-0.019479358568787575,0.4370923638343811,0.5793055891990662,-0.0009039504220709205,0.45457056164741516,0.537050724029541,-0.017805656418204308,0.4697085916996002,0.5022515058517456,-0.029830358922481537,0.4848235845565796,0.47284382581710815,-0.03630267456173897,0.4128952920436859,0.5817261338233948,-0.0033371702302247286,0.42737993597984314,0.5550413727760315,-0.03148699179291725,0.44899576902389526,0.5726041197776794,-0.04262050613760948,0.4671042561531067,0.5943991541862488,-0.04257902130484581,0.39029639959335327,0.5971131324768066,-0.00830616895109415,0.4148463010787964,0.5932437181472778,-0.03981151804327965,0.4269135892391205,0.6593618392944336,-0.03904097527265549,0.431455135345459,0.7077459096908569,-0.028062419965863228,0.36786118149757385,0.6215029954910278,-0.014163486659526825,0.39278003573417664,0.6099457144737244,-0.03609796240925789,0.4043194055557251,0.6559908390045166,-0.033390987664461136,0.4066810607910156,0.6890602111816406,-0.02454405650496483
K,0.4317381680011749,0.7759456038475037,2.471275877269363e-07,0.45677614212036133,0.7036386132240295,-0.007201742380857468,0.4634491205215454,0.6202005743980408,-0.011745242401957512,0.466580867767334,0.5612760782241821,-0.018899038434028625,0.4794705808162689,0.5108309388160706,-0.025901896879076958,0.4237040579319,0.567851722240448,-0.0005189354415051639,0.44799402356147766,0.5227112770080566,-0.01861174777150154,0.4630380868911743,0.48672914505004883,-0.030754512175917625,0.47744521498680115,0.4533659815788269,-0.03765803202986717,0.3999277651309967,0.5773733854293823,-0.005856012459844351,0.4383188486099243,0.5642402768135071,-0.03582409396767616,0.46520182490348816,0.5971300005912781,-0.04592736065387726,0.48505842685699463,0.627039909362793,-0.04500618949532509,0.38159412145614624,0.6005285978317261,-0.013392637483775616,0.4270440340042114,0.6095969676971436,-0.044750064611434937,0.4374017119407654,0.6760280132293701,-0.044400330632925034,0.4388890862464905,0.7213433980941772,-0.03421112522482872,0.3658449351787567,0.6339362859725952,-0.021657230332493782,0.4057716429233551,0.6302244663238525,-0.04207777976989746,0.4194190204143524,0.6770322322845459,-0.03984849900007248,0.4204014241695404,0.711449146270752,-0.031594861298799515
K,0.4272758364677429,0.773764967918396,2.2440501368237165e-07,0.4519331157207489,0.6959721446037292,-0.0025160769000649452,0.4613761007785797,0.6243584752082825,-0.008532083593308926,0.4678638279438019,0.5736898183822632,-0.017685893923044205,0.4787572920322418,0.526533842086792,-0.02661202847957611,0.40776270627975464,0.562404453754425,1.3105652215017471e-05,0.44704872369766235,0.5259117484092712,-0.019153272733092308,0.4698302745819092,0.4976156949996948,-0.03349602594971657,0.4902992248535156,0.4702755808830261,-0.04262227192521095,0.38795116543769836,0.5767652988433838,-0.008790651336312294,0.44418707489967346,0.5682360529899597,-0.03750011324882507,0.4740223288536072,0.6064777970314026,-0.04723816365003586,0.4940207898616791,0.6324373483657837,-0.047563474625349045,0.37755686044692993,0.6058414578437805,-0.01922723837196827,0.4381595551967621,0.612697958946228,-0.046508703380823135,0.44864046573638916,0.675635814666748,-0.044425297528505325,0.4480889141559601,0.71310955286026,-0.035231973975896835,0.3730263411998749,0.642375648021698,-0.03040408529341221,0.4214000701904297,0.6369888782501221,-0.047118861228227615,0.4325694143772125,0.6790663003921509,-0.04340493679046631,0.43041685223579407,0.7059347033500671,-0.03546188399195671
K,0.43396082520484924,0.7543815970420837,2.7499075372361403e-07,0.459648072719574,0.6769574880599976,-2.0615694666048512e-05,0.46940475702285767,0.6006500720977783,-0.0034275189973413944,0.4733538329601288,0.5496797561645508,-0.010095871053636074,0.47699010372161865,0.503314197063446,-0.01651480235159397,0.41646960377693176,0.5422117114067078,0.00043761826236732304,0.45482808351516724,0.5010841488838196,-0.01533565204590559,0.4752312898635864,0.4705802798271179,-0.026702478528022766,0.49307018518447876,0.44111528992652893,-0.034104347229003906,0.3965962529182434,0.555780291557312,-0.008504685014486313,0.4533785879611969,0.5476600527763367,-0.03383361175656319,0.4870602488517761,0.5641474723815918,-0.04335935041308403,0.5117384791374207,0.5758411288261414,-0.044827889651060104,0.38697877526283264,0.5834145545959473,-0.018340980634093285,0.4498159885406494,0.5943065285682678,-0.04255020245909691,0.45765945315361023,0.65593421459198,-0.040728580206632614,0.4553754925727844,0.6936731338500977,-0.032879892736673355,0.3841322660446167,0.6177415251731873,-0.028807414695620537,0.43383461236953735,0.6181961297988892,-0.04495758190751076,0.44389498233795166,0.6612647771835327,-0.04244250804185867,0.44165438413619995,0.6884452104568481,-0.03576425090432167
K,0.43512383103370667,0.7415060997009277,2.8676086571977066e-07,0.46408677101135254,0.668574333190918,0.0014780835481360555,0.4778028130531311,0.5958483815193176,-0.0011901052203029394,0.4836801290512085,0.5443974137306213,-0.0076216128654778,0.48991814255714417,0.49932894110679626,-0.013803237117826939,0.4284002184867859,0.5349443554878235,0.0028304168954491615,0.4691774547100067,0.4962855577468872,-0.011932442896068096,0.4918217658996582,0.46958792209625244,-0.02248791605234146,0.5113678574562073,0.44298043847084045,-0.029270518571138382,0.41017940640449524,0.5415195822715759,-0.00665276637300849,0.4663781523704529,0.5347083210945129,-0.030282221734523773,0.4990581274032593,0.551618218421936,-0.03910104185342789,0.5232912302017212,0.5653862953186035,-0.040394414216279984,0.400349885225296,0.5614517331123352,-0.01707877591252327,0.46141278743743896,0.5751593112945557,-0.04129009321331978,0.46634289622306824,0.6387430429458618,-0.039713356643915176,0.4625345468521118,0.6786221265792847,-0.031906649470329285,0.39617544412612915,0.589546799659729,-0.027876581996679306,0.44549059867858887,0.5896002650260925,-0.044302526861429214,0.4529132843017578,0.6366442441940308,-0.041618283838033676,0.4487679898738861,0.6685911417007446,-0.034817975014448166
K,0.4432956874370575,0.738810122013092,2.9652252919731836e-07,0.47188594937324524,0.6675448417663574,0.004856748040765524,0.4811236560344696,0.5971253514289856,0.005499686114490032,0.48252415657043457,0.5495750308036804,0.001857571303844452,0.48289695382118225,0.513279378414154,-0.0014431847957894206,0.4303421974182129,0.5482978820800781,0.012226715683937073,0.47062042355537415,0.5114664435386658,-0.000984023790806532,0.492391437292099,0.48696452379226685,-0.011873124167323112,0.5120224952697754,0.46000969409942627,-0.019487783312797546,0.41444432735443115,0.5506045818328857,0.001122582470998168,0.468764066696167,0.5302717685699463,-0.022659385576844215,0.5008665323257446,0.542806088924408,-0.0335087776184082,0.5264502167701721,0.553619921207428,-0.0356563962996006,0.40685996413230896,0.5635151267051697,-0.01117301918566227,0.4660610258579254,0.5658973455429077,-0.03466847538948059,0.47178518772125244,0.6245140433311462,-0.03564213588833809,0.468086302280426,0.6604331135749817,-0.02968381531536579,0.40455371141433716,0.583325982093811,-0.023700742051005363,0.45316824316978455,0.5793352723121643,-0.03878721594810486,0.45769619941711426,0.6246687769889832,-0.037853263318538666,0.4501313269138336,0.6538666486740112,-0.03319145739078522
K,0.4489173889160156,0.7321574091911316,2.9924893851784873e-07,0.4784083962440491,0.6603769063949585,0.009732749313116074,0.4867711663246155,0.5938031673431396,0.012552876956760883,0.48909619450569153,0.5496949553489685,0.0098872110247612,0.4896872341632843,0.5143393278121948,0.007159152068197727,0.4346581697463989,0.548634946346283,0.017881250008940697,0.47459298372268677,0.5139284133911133,0.006348645314574242,0.49719473719596863,0.4914475083351135,-0.004209921695291996,0.5170692801475525,0.46849143505096436,-0.011807223781943321,0.42017796635627747,0.5501385927200317,0.0046606590040028095,0.47465670108795166,0.5288131237030029,-0.016729172319173813,0.5081546306610107,0.5354727506637573,-0.027396896854043007,0.5345872044563293,0.5435231924057007,-0.03012876585125923,0.4140302538871765,0.5611825585365295,-0.009407222270965576,0.4739079773426056,0.5594311952590942,-0.030759233981370926,0.4802597165107727,0.6189613342285156,-0.030562395229935646,0.4764927923679352,0.6573480367660522,-0.024312308058142662,0.4131299555301666,0.5780453085899353,-0.023412538692355156,0.4611292779445648,0.5727429389953613,-0.03814225643873215,0.46733489632606506,0.6191760301589966,-0.03630082309246063,0.4613681733608246,0.6503857374191284,-0.030892694368958473
K,0.4567793607711792,0.7196485996246338,2.878522025184793e-07,0.4859912395477295,0.6584577560424805,0.008668920956552029,0.4923984110355377,0.5954138040542603,0.01182597130537033,0.49375972151756287,0.5525327920913696,0.010166343301534653,0.49749642610549927,0.5205436944961548,0.008814768865704536,0.4435841143131256,0.5543093681335449,0.01883656531572342,0.4790957570075989,0.5209949612617493,0.009007973596453667,0.5026415586471558,0.5016079545021057,-0.0005220308084972203,0.5241246819496155,0.48363402485847473,-0.007540799677371979,0.4303017556667328,0.5517410635948181,0.007064324337989092,0.4803556203842163,0.5264232158660889,-0.01189778745174408,0.5137947797775269,0.5309718251228333,-0.02205180935561657,0.5407372713088989,0.5397201776504517,-0.02463056519627571,0.42435070872306824,0.5569131970405579,-0.005803477019071579,0.479393869638443,0.5520654916763306,-0.025314902886748314,0.4901691675186157,0.6022785305976868,-0.027315163984894753,0.4905111789703369,0.6374202370643616,-0.023142436519265175,0.42375287413597107,0.5663505792617798,-0.01863231137394905,0.46985843777656555,0.564276397228241,-0.03160978481173515,0.47501644492149353,0.6088037490844727,-0.03167440742254257,0.46889758110046387,0.639881432056427,-0.02848273701965809
K,0.4648888409137726,0.7106492519378662,2.951691726593708e-07,0.49182575941085815,0.6526070833206177,0.010593511164188385,0.4974190592765808,0.5943199992179871,0.014156118966639042,0.49967971444129944,0.554614782333374,0.012010571546852589,0.5042984485626221,0.521453320980072,0.010010657832026482,0.4541890621185303,0.5525466799736023,0.022096898406744003,0.4870826005935669,0.5214297771453857,0.01258399710059166,0.5091165900230408,0.5021711587905884,0.0034397044219076633,0.5282126069068909,0.4835307002067566,-0.003253157250583172,0.4412285387516022,0.5485711097717285,0.008776765316724777,0.4861377775669098,0.5220212340354919,-0.010167045518755913,0.5183619260787964,0.5278470516204834,-0.020352840423583984,0.5442923903465271,0.5388548970222473,-0.022803258150815964,0.4338427484035492,0.5517904758453369,-0.0055772713385522366,0.4854443669319153,0.5476232767105103,-0.024641867727041245,0.4920358657836914,0.6031743884086609,-0.024638868868350983,0.4891912639141083,0.6418815851211548,-0.018919631838798523,0.4308874011039734,0.5600884556770325,-0.01981508918106556,0.47467777132987976,0.555159330368042,-0.03253381699323654,0.4800589680671692,0.5978477001190186,-0.030665719881653786,0.4743877947330475,0.6277121901512146,-0.025808017700910568
K,0.442224383354187,0.74525386095047,3.552604255219194e-07,0.47076788544654846,0.6772658228874207,0.005544005893170834,0.4803582429885864,0.6096733808517456,0.006716003175824881,0.48180848360061646,0.5613067150115967,0.003192039206624031,0.48245278000831604,0.5226611495018005,-0.00023634519311599433,0.4329952895641327,0.5603148937225342,0.014950191602110863,0.4689038097858429,0.5214534401893616,0.002484604949131608,0.49025240540504456,0.49484097957611084,-0.008532923646271229,0.5085076093673706,0.46699512004852295,-0.016341889277100563,0.41549208760261536,0.5614003539085388,0.003301395336166024,0.4659467935562134,0.5374779105186462,-0.019513485953211784,0.49897652864456177,0.5418343544006348,-0.031142016872763634,0.5254359245300293,0.5478258728981018,-0.0343317911028862,0.4059482216835022,0.5729699730873108,-0.009619505144655704,0.461993545293808,0.5700339674949646,-0.03310756757855415,0.46716657280921936,0.6302710175514221,-0.03411777317523956,0.46296682953834534,0.6708368062973022,-0.028251802548766136,0.4012880027294159,0.5920767784118652,-0.02278275229036808,0.4489510953426361,0.5820946097373962,-0.039336830377578735,0.45671531558036804,0.6263169050216675,-0.03866226598620415,0.45214778184890747,0.6591811180114746,-0.03381883725523949
K,0.416007399559021,0.7912931442260742,3.1647789455746533e-07,0.44126346707344055,0.7175431847572327,-0.0012910189107060432,0.45086032152175903,0.6370930075645447,-0.004023573826998472,0.45501840114593506,0.5829192399978638,-0.010766950435936451,0.4641822874546051,0.5353279113769531,-0.017259355634450912,0.405116468667984,0.5814434885978699,0.005695901345461607,0.4377122223377228,0.5407283306121826,-0.0116535983979702,0.4577437937259674,0.5116444826126099,-0.024610869586467743,0.47550851106643677,0.4829599857330322,-0.03248336538672447,0.38338807225227356,0.5906287431716919,-0.0034828949719667435,0.42954951524734497,0.5752171277999878,-0.031727779656648636,0.4639633893966675,0.589709460735321,-0.04320377856492996,0.4907417595386505,0.6037893891334534,-0.04440880939364433,0.3682321310043335,0.6128891110420227,-0.014397953636944294,0.42281031608581543,0.6174243688583374,-0.04393092915415764,0.4328456521034241,0.6865200400352478,-0.042894527316093445,0.4327341318130493,0.7305288314819336,-0.033097654581069946,0.35759690403938293,0.6449669003486633,-0.025831546634435654,0.40427157282829285,0.636385440826416,-0.045200321823358536,0.4148581922054291,0.6853678822517395,-0.04174978658556938,0.41244661808013916,0.7199808359146118,-0.03310246393084526
K,0.4128879904747009,0.8229506015777588,2.544369408497005e-07,0.43936431407928467,0.7411134243011475,-0.00319501175545156,0.4481918513774872,0.664672315120697,-0.009239342994987965,0.4537944197654724,0.6109156608581543,-0.018677031621336937,0.46467259526252747,0.5615459680557251,-0.028136668726801872,0.395969957113266,0.5979989171028137,-0.0006756860530003905,0.4340221583843231,0.5584133267402649,-0.019969193264842033,0.4545755982398987,0.5250075459480286,-0.03422791510820389,0.4728996753692627,0.4933825135231018,-0.04324781149625778,0.3731426000595093,0.6148594617843628,-0.009511795826256275,0.4298051595687866,0.6119996309280396,-0.0395367257297039,0.4639004170894623,0.6451452970504761,-0.05033367872238159,0.4873088598251343,0.6696016192436218,-0.05106097087264061,0.36013802886009216,0.6485108137130737,-0.01982700079679489,0.42274484038352966,0.6618033647537231,-0.0483241081237793,0.4339706003665924,0.727275550365448,-0.04580100625753403,0.43337103724479675,0.7673202157020569,-0.03588064759969711,0.3530416190624237,0.6908300518989563,-0.03097345679998398,0.4025898575782776,0.6880074143409729,-0.04842137545347214,0.41419467329978943,0.731560230255127,-0.04390602558851242,0.4115578234195709,0.7598817348480225,-0.03494786471128464
K,0.4071829915046692,0.8183178305625916,2.4329034431502805e-07,0.4253431558609009,0.7463033199310303,-0.010801211930811405,0.431942880153656,0.6765078902244568,-0.02180458791553974,0.43947261571884155,0.6266481876373291,-0.03407301753759384,0.4533956050872803,0.5848812460899353,-0.04608961194753647,0.3731324374675751,0.6118975281715393,-0.010016410611569881,0.4107392132282257,0.5878191590309143,-0.034024037420749664,0.4323635697364807,0.556977391242981,-0.05243024230003357,0.4524153172969818,0.5253163576126099,-0.06404606997966766,0.3532882034778595,0.6364094614982605,-0.015876812860369682,0.4121212065219879,0.638454794883728,-0.048881132155656815,0.4455872178077698,0.6778320670127869,-0.06040307879447937,0.46721965074539185,0.703778088092804,-0.06152742728590965,0.3435330092906952,0.6761645078659058,-0.024046793580055237,0.4054141938686371,0.6916071772575378,-0.05432046949863434,0.4186500012874603,0.7475048303604126,-0.05421404540538788,0.4188835322856903,0.7807322144508362,-0.04623178020119667,0.3400043547153473,0.7233814001083374,-0.033634886145591736,0.3907540440559387,0.7253459095954895,-0.05164782330393791,0.4044156074523926,0.7627196311950684,-0.04950571805238724,0.4022030532360077,0.7857776880264282,-0.042858436703681946
K,0.400503545999527,0.8446160554885864,1.1832281643364695e-07,0.41533544659614563,0.7725579738616943,-0.013207251206040382,0.4177780747413635,0.7033382058143616,-0.026096606627106667,0.42368337512016296,0.657646119594574,-0.039419494569301605,0.43676093220710754,0.6171150803565979,-0.05220000073313713,0.3533056974411011,0.6435733437538147,-0.01710163988173008,0.3874763250350952,0.6239821910858154,-0.042926907539367676,0.4096762537956238,0.6008510589599609,-0.06182309240102768,0.4303842782974243,0.573572039604187,-0.07361976057291031,0.33472809195518494,0.6805257797241211,-0.021965019404888153,0.3946305215358734,0.6903517246246338,-0.05530388653278351,0.43240439891815186,0.7265657782554626,-0.06605835258960724,0.45687898993492126,0.7458819150924683,-0.06720835715532303,0.3281485438346863,0.7317034602165222,-0.029096612706780434,0.3929611146450043,0.7455219626426697,-0.057298287749290466,0.41204819083213806,0.7874861359596252,-0.05668453127145767,0.4155266284942627,0.8106541037559509,-0.049683697521686554,0.3293452560901642,0.7870973348617554,-0.03803979977965355,0.3821122646331787,0.7899821400642395,-0.0548112578690052,0.3987966775894165,0.810500979423523,-0.05334210768342018,0.3971604108810425,0.8208922147750854,-0.04763422906398773
K,0.4042651057243347,0.8627768754959106,-5.076972087181275e-08,0.4115537703037262,0.8079217076301575,-0.01583319529891014,0.4109976589679718,0.7598335146903992,-0.031065721064805984,0.4175245761871338,0.7261994481086731,-0.046000801026821136,0.4274276793003082,0.6901309490203857,-0.058887530118227005,0.343506395816803,0.7043988704681396,-0.022234907373785973,0.37023675441741943,0.6971727609634399,-0.051441043615341187,0.3940660059452057,0.6841838955879211,-0.07016755640506744,0.4137269854545593,0.6700718402862549,-0.0798640176653862,0.32815778255462646,0.7504922151565552,-0.025881364941596985,0.389085054397583,0.770916759967804,-0.06026694178581238,0.43376192450523376,0.7923192977905273,-0.06831410527229309,0.45902949571609497,0.8032751083374023,-0.0661974623799324,0.32740283012390137,0.8065539002418518,-0.032356586307287216,0.39714863896369934,0.8249362111091614,-0.05902048572897911,0.42060816287994385,0.8382344841957092,-0.05549446865916252,0.42295199632644653,0.8424906134605408,-0.046214088797569275,0.3359450399875641,0.860949695110321,-0.04110785201191902,0.38978615403175354,0.86962890625,-0.05584337189793587,0.40444350242614746,0.8720022439956665,-0.053214047104120255,0.3977845311164856,0.8691926598548889,-0.046250008046627045
K,0.3898516297340393,0.8488785028457642,-5.3473975469842117e-08,0.4021506905555725,0.7969610095024109,-0.02100452594459057,0.4096454083919525,0.7556960582733154,-0.04006669670343399,0.4208148717880249,0.7304825186729431,-0.05817583203315735,0.42589280009269714,0.7140771746635437,-0.07396300882101059,0.3395199179649353,0.7088503837585449,-0.033570386469364166,0.3659436106681824,0.7070317268371582,-0.06724836677312851,0.39453360438346863,0.6992379426956177,-0.08842486143112183,0.4181785583496094,0.6925035715103149,-0.09810653328895569,0.32520508766174316,0.7612179517745972,-0.03564736992120743,0.3910841941833496,0.7894114851951599,-0.07114866375923157,0.43399104475975037,0.8013810515403748,-0.07849512249231339,0.4599573314189911,0.8098002672195435,-0.07557626068592072,0.3279034495353699,0.8217657208442688,-0.040861036628484726,0.400431752204895,0.8388329744338989,-0.06748893857002258,0.42409780621528625,0.8285948038101196,-0.06111977621912956,0.43019264936447144,0.8195759654045105,-0.049261752516031265,0.33960190415382385,0.8761682510375977,-0.048930950462818146,0.3904520273208618,0.8823798894882202,-0.0639733299612999,0.4017311632633209,0.8687540292739868,-0.05946731194853783,0.39640700817108154,0.8543517589569092,-0.050276968628168106
K,0.406107097864151,0.8573002815246582,5.572706296419483e-09,0.41716209053993225,0.7929389476776123,-0.01312252227216959,0.42086517810821533,0.7379307746887207,-0.027825977653265,0.4315272569656372,0.700222373008728,-0.042906228452920914,0.4458675980567932,0.6670645475387573,-0.056577421724796295,0.3552778661251068,0.6848137378692627,-0.02099251002073288,0.3884129822254181,0.6689751148223877,-0.04850728437304497,0.4148237109184265,0.654630184173584,-0.0670485869050026,0.4368992745876312,0.6397793292999268,-0.07732643932104111,0.34210890531539917,0.7295460104942322,-0.026238858699798584,0.40473639965057373,0.7394819259643555,-0.059663720428943634,0.44841742515563965,0.7612641453742981,-0.06872279942035675,0.47552093863487244,0.7745649814605713,-0.06797334551811218,0.34155264496803284,0.7842229604721069,-0.03369499742984772,0.40805843472480774,0.7938520908355713,-0.05760428309440613,0.4263352155685425,0.8106435537338257,-0.05521782860159874,0.4264824688434601,0.8192413449287415,-0.04801137000322342,0.34930142760276794,0.8381140232086182,-0.04323063790798187,0.4035947918891907,0.8418300151824951,-0.055313996970653534,0.4156590402126312,0.8472515344619751,-0.052360136061906815,0.4089871942996979,0.8472784161567688,-0.04634268581867218
K,0.42448848485946655,0.8706111311912537,1.9347289992310834e-07,0.4419691264629364,0.790581464767456,-0.008946257643401623,0.44823455810546875,0.724515974521637,-0.020000524818897247,0.4576222896575928,0.6806032657623291,-0.0322595089673996,0.4712156057357788,0.6405457258224487,-0.04385113716125488,0.38510778546333313,0.6691060066223145,-0.012935870327055454,0.4263990819454193,0.6457501649856567,-0.03591713681817055,0.45043253898620605,0.6213063597679138,-0.05281638354063034,0.4730015993118286,0.5951015949249268,-0.06380326300859451,0.3701781928539276,0.7053461670875549,-0.019797712564468384,0.43507590889930725,0.7042365670204163,-0.05088800564408302,0.47013264894485474,0.7366944551467896,-0.062005747109651566,0.4927161633968353,0.7560607194900513,-0.06445463746786118,0.3663296401500702,0.7529905438423157,-0.028391161933541298,0.43341925740242004,0.7584605813026428,-0.055662594735622406,0.4466475546360016,0.8011059165000916,-0.05630664899945259,0.4462939202785492,0.8264349699020386,-0.05074767768383026,0.3694179654121399,0.8018373847007751,-0.038338109850883484,0.42501240968704224,0.7968621253967285,-0.05490459129214287,0.43736353516578674,0.8211584091186523,-0.054366808384656906,0.43334126472473145,0.8351583480834961,-0.049932755529880524
K,0.4234641492366791,0.8393241167068481,2.3620363265308697e-07,0.44436711072921753,0.7645456790924072,-0.007742375135421753,0.45338258147239685,0.6964264512062073,-0.017817489802837372,0.46323734521865845,0.6520823836326599,-0.02905905432999134,0.4749201834201813,0.6188238263130188,-0.04000644385814667,0.392656147480011,0.63712477684021,-0.012178342789411545,0.4343855679035187,0.6113912463188171,-0.03283138573169708,0.45719245076179504,0.5839848518371582,-0.048461996018886566,0.4783996045589447,0.555648148059845,-0.05909489095211029,0.37688392400741577,0.6664019227027893,-0.01929272711277008,0.4426933825016022,0.6666673421859741,-0.0478317029774189,0.4750920534133911,0.7026944756507874,-0.05710994452238083,0.4943931996822357,0.7247147560119629,-0.058922771364450455,0.3721044957637787,0.7107256650924683,-0.027878720313310623,0.4369392395019531,0.7174762487411499,-0.05330825224518776,0.44803306460380554,0.763853907585144,-0.05151256546378136,0.44622373580932617,0.7906796932220459,-0.044812291860580444,0.37397322058677673,0.7581846117973328,-0.03773865848779678,0.42630308866500854,0.7518287897109985,-0.05350092425942421,0.4389124810695648,0.7815940976142883,-0.05082353204488754,0.43653762340545654,0.8006895184516907,-0.04505058750510216
K,0.4252426028251648,0.8362752199172974,1.9340502888098854e-07,0.44702184200286865,0.762459933757782,-0.007666697259992361,0.45296454429626465,0.6927849054336548,-0.016140634194016457,0.4591606557369232,0.644550085067749,-0.02556861750781536,0.47002458572387695,0.6011468768119812,-0.03475730121135712,0.3977324068546295,0.6375448107719421,-0.012228981591761112,0.43594294786453247,0.599012017250061,-0.031444717198610306,0.45756545662879944,0.5660226345062256,-0.045452527701854706,0.47754421830177307,0.5358208417892456,-0.0550418458878994,0.3811204135417938,0.6640362739562988,-0.018412582576274872,0.4458676278591156,0.6619735360145569,-0.04666028171777725,0.47493183612823486,0.7030878663063049,-0.05469094216823578,0.49100461602211,0.7310537099838257,-0.05525633692741394,0.37604594230651855,0.7064816355705261,-0.026029806584119797,0.43949824571609497,0.7140399813652039,-0.05108514800667763,0.449584424495697,0.7602665424346924,-0.04927755892276764,0.4474690854549408,0.7878051400184631,-0.042567748576402664,0.3779407739639282,0.7529333233833313,-0.03483174741268158,0.42954105138778687,0.7499287128448486,-0.05096689611673355,0.44136518239974976,0.7799170613288879,-0.049301400780677795,0.4386853277683258,0.7982414364814758,-0.04414266347885132
K,0.42222166061401367,0.8427095413208008,1.8234054266486055e-07,0.4458351731300354,0.7664094567298889,-0.006434118375182152,0.45307978987693787,0.6935665607452393,-0.014344862662255764,0.4609610438346863,0.6427746415138245,-0.023638328537344933,0.47296473383903503,0.5987277626991272,-0.03270190209150314,0.397570937871933,0.6333663463592529,-0.010479005053639412,0.4352928400039673,0.5960644483566284,-0.029631128534674644,0.4572490453720093,0.5619720220565796,-0.04360993579030037,0.4772321581840515,0.5307871699333191,-0.053136780858039856,0.38134312629699707,0.6608420610427856,-0.01766734942793846,0.447867751121521,0.6581548452377319,-0.0458725243806839,0.47545281052589417,0.7028043866157532,-0.053298890590667725,0.48925715684890747,0.7325358986854553,-0.0533776581287384,0.3763623833656311,0.7044804692268372,-0.026295145973563194,0.441104918718338,0.7113765478134155,-0.05209103971719742,0.45074957609176636,0.7594406604766846,-0.04934794083237648,0.44824451208114624,0.7866771221160889,-0.04169413074851036,0.37794965505599976,0.7518625855445862,-0.03597748652100563,0.43067437410354614,0.7473023533821106,-0.05196995660662651,0.442386269569397,0.7786482572555542,-0.04909013584256172,0.43999409675598145,0.7977116107940674,-0.04297079145908356
K,0.4259759783744812,0.8334705829620361,2.3870140353210445e-07,0.4529501497745514,0.7527033090591431,-0.006258734967559576,0.46065834164619446,0.6805658936500549,-0.015241488814353943,0.46815910935401917,0.6287627816200256,-0.025594087317585945,0.4792863130569458,0.5771197080612183,-0.035505298525094986,0.4083550274372101,0.6155130863189697,-0.01218889094889164,0.44776609539985657,0.5736403465270996,-0.031473997980356216,0.46974891424179077,0.5386782884597778,-0.04558388143777847,0.4885149896144867,0.5068182945251465,-0.05561397969722748,0.39224427938461304,0.6411577463150024,-0.020083148032426834,0.45978572964668274,0.6388089060783386,-0.04977991059422493,0.49219879508018494,0.6778630614280701,-0.05870462581515312,0.5092466473579407,0.7037044763565063,-0.059951771050691605,0.387855589389801,0.6839040517807007,-0.029072429984807968,0.45470762252807617,0.6921459436416626,-0.05497624725103378,0.4624618589878082,0.7424631118774414,-0.05149706453084946,0.45666953921318054,0.7706143260002136,-0.04360394552350044,0.3901952803134918,0.7315775752067566,-0.03915180265903473,0.4449111819267273,0.7279143929481506,-0.05554048344492912,0.45541250705718994,0.7607475519180298,-0.05217285454273224,0.45020997524261475,0.7799895405769348,-0.045722898095846176
K,0.42075443267822266,0.8019871115684509,1.8268528378939664e-07,0.4419865012168884,0.7287595868110657,-0.004742379300296307,0.4460345208644867,0.6580411195755005,-0.01076420396566391,0.4474513530731201,0.6072278618812561,-0.019197842106223106,0.4543507695198059,0.5596708059310913,-0.0273734163492918,0.400104820728302,0.5961955785751343,-0.0032908711582422256,0.429282546043396,0.5560149550437927,-0.02047325111925602,0.44560515880584717,0.5223426818847656,-0.032667286694049835,0.45984920859336853,0.4917505979537964,-0.04031030088663101,0.3787648677825928,0.6126500964164734,-0.010213209316134453,0.4282219707965851,0.6088867783546448,-0.03764175996184349,0.4595969617366791,0.6418503522872925,-0.04660651832818985,0.48065459728240967,0.6688427925109863,-0.0464409738779068,0.366889625787735,0.6444000005722046,-0.018599169328808784,0.4227522909641266,0.6570916175842285,-0.04378253594040871,0.4342484772205353,0.7130675911903381,-0.041992489248514175,0.43483349680900574,0.7491488456726074,-0.033613190054893494,0.3607301712036133,0.6842905282974243,-0.027924004942178726,0.4061031639575958,0.6833664774894714,-0.043067868798971176,0.417906254529953,0.7209121584892273,-0.04006294906139374,0.4164280593395233,0.7469193339347839,-0.033025287091732025
K,0.41227445006370544,0.8033357262611389,1.8388607259112177e-07,0.43187215924263,0.7330653667449951,-0.006950083188712597,0.43477529287338257,0.6596239805221558,-0.012421579100191593,0.43414056301116943,0.6063668727874756,-0.02010408416390419,0.443989098072052,0.5599767565727234,-0.02761218696832657,0.3929750621318817,0.606357991695404,-0.001597836846485734,0.4176793396472931,0.5625650882720947,-0.018994342535734177,0.43154004216194153,0.5284377336502075,-0.03106771782040596,0.44413065910339355,0.49653348326683044,-0.03808990493416786,0.37103667855262756,0.61832195520401,-0.00660938024520874,0.4115809500217438,0.6070535182952881,-0.03465130925178528,0.4385507106781006,0.643962562084198,-0.043300703167915344,0.4570659101009369,0.673805832862854,-0.0416993610560894,0.356214702129364,0.6436992287635803,-0.013580337166786194,0.4025609791278839,0.6500767469406128,-0.04149765148758888,0.41680431365966797,0.7107564210891724,-0.039913903921842575,0.42120006680488586,0.7514651417732239,-0.029852088540792465,0.3449113667011261,0.6787610054016113,-0.021406035870313644,0.38374340534210205,0.674565315246582,-0.038534387946128845,0.3985629975795746,0.7150205969810486,-0.035421572625637054,0.40093785524368286,0.7447464466094971,-0.027195293456315994
K,0.40294015407562256,0.8079255819320679,1.5697817445925466e-07,0.42231783270835876,0.7415056228637695,-0.006388600915670395,0.4245016872882843,0.6660680174827576,-0.009926723316311836,0.4219236373901367,0.6135060787200928,-0.01567099615931511,0.427740216255188,0.5679912567138672,-0.021262457594275475,0.38544780015945435,0.6166810989379883,0.001592637156136334,0.40747538208961487,0.5733243823051453,-0.014264602214097977,0.4210509657859802,0.5413056015968323,-0.025133166462183,0.4336406886577606,0.5110762715339661,-0.03108014166355133,0.36401528120040894,0.6278694272041321,-0.0029546143487095833,0.3953358829021454,0.6105200052261353,-0.02873845398426056,0.42126548290252686,0.6479616165161133,-0.03669017553329468,0.43983691930770874,0.6784973740577698,-0.034781306982040405,0.34753671288490295,0.6511135101318359,-0.009558521211147308,0.3862255811691284,0.6490487456321716,-0.037007544189691544,0.4022315740585327,0.7096229195594788,-0.035570111125707626,0.4076390862464905,0.7510688900947571,-0.02542446181178093,0.3331145942211151,0.6831220984458923,-0.016747603192925453,0.3668470084667206,0.6708804368972778,-0.0340597927570343,0.3825339376926422,0.7102404236793518,-0.030685270205140114,0.38502076268196106,0.741417646408081,-0.022205328568816185
K,0.3903895914554596,0.8012516498565674,1.3526123154861125e-07,0.4120902419090271,0.7434965372085571,-0.007475856691598892,0.4137473702430725,0.6660351157188416,-0.009941673837602139,0.4100094139575958,0.614030659198761,-0.01394865196198225,0.4167073369026184,0.5723621249198914,-0.017851512879133224,0.37813061475753784,0.618901252746582,0.0011655727867037058,0.3964707553386688,0.5786440968513489,-0.014062791131436825,0.4083670675754547,0.5494709014892578,-0.024429550394415855,0.42095035314559937,0.5215073823928833,-0.03014495223760605,0.3570079803466797,0.6292956471443176,-0.0022528276313096285,0.3822686970233917,0.6118492484092712,-0.027465321123600006,0.4043543338775635,0.6539962291717529,-0.034717097878456116,0.42110663652420044,0.6862858533859253,-0.03234931081533432,0.33965274691581726,0.6517519354820251,-0.007869050838053226,0.3722018599510193,0.650456428527832,-0.034794364124536514,0.387259840965271,0.7092974781990051,-0.03341204300522804,0.39261457324028015,0.7487011551856995,-0.023578565567731857,0.32343196868896484,0.6823527216911316,-0.014094178564846516,0.3522728383541107,0.6726158857345581,-0.03150045871734619,0.36787426471710205,0.7102994322776794,-0.02862565964460373,0.37168002128601074,0.7382124066352844,-0.02073489874601364
K,0.37555086612701416,0.8016111850738525,1.3968879386538902e-07,0.39795219898223877,0.7453277707099915,-0.010453172028064728,0.400051087141037,0.6700165867805481,-0.012949910946190357,0.3922506272792816,0.6173537969589233,-0.01646312326192856,0.3974300026893616,0.576537013053894,-0.019844310358166695,0.3729226291179657,0.6336350440979004,0.0017535598017275333,0.38354775309562683,0.5849545001983643,-0.013463152572512627,0.39035117626190186,0.550738513469696,-0.023056354373693466,0.39862021803855896,0.5191563963890076,-0.027987511828541756,0.3510640263557434,0.644837498664856,-0.00011238832667004317,0.36236855387687683,0.6101300716400146,-0.02755681611597538,0.37870433926582336,0.6538988351821899,-0.03507538512349129,0.39249658584594727,0.692366898059845,-0.03141169622540474,0.33107835054397583,0.6641445755958557,-0.0045861368998885155,0.35129764676094055,0.6526159048080444,-0.03415980190038681,0.366095632314682,0.7122202515602112,-0.03231995552778244,0.3730759918689728,0.7540789842605591,-0.020801886916160583,0.3115352392196655,0.690783679485321,-0.009740025736391544,0.33116614818573,0.6722841858863831,-0.029072362929582596,0.3461779057979584,0.7112986445426941,-0.025843242183327675,0.3511090874671936,0.7410045862197876,-0.016982249915599823
K,0.3691716492176056,0.8113759756088257,5.690219140319641e-08,0.39356890320777893,0.7664148211479187,-0.015188749879598618,0.40110695362091064,0.6981657147407532,-0.02039693295955658,0.3912723958492279,0.646499752998352,-0.025252100080251694,0.39508292078971863,0.6061567068099976,-0.029889632016420364,0.38563263416290283,0.6435544490814209,-0.003956441767513752,0.39350584149360657,0.610702633857727,-0.020661212503910065,0.3977718651294708,0.5815255641937256,-0.03207184746861458,0.403180867433548,0.555516242980957,-0.038721468299627304,0.36054110527038574,0.6461797952651978,-0.003824335290119052,0.366260826587677,0.6317267417907715,-0.03075725957751274,0.37129127979278564,0.6845496892929077,-0.03811633586883545,0.37668102979660034,0.7255125045776367,-0.03527934476733208,0.33771729469299316,0.6625505089759827,-0.006582533475011587,0.346963107585907,0.6671097278594971,-0.03558548912405968,0.35564175248146057,0.7261661291122437,-0.032980747520923615,0.36191749572753906,0.7639309763908386,-0.022048819810152054,0.3157917559146881,0.6894526481628418,-0.010448513552546501,0.32612714171409607,0.6868391036987305,-0.031623873859643936,0.3379453718662262,0.7301650047302246,-0.02929649129509926,0.34420880675315857,0.7563842535018921,-0.021147800609469414
K,0.36181002855300903,0.8140425086021423,2.9043087934610412e-08,0.38475510478019714,0.7696369886398315,-0.015714246779680252,0.3936317265033722,0.704589307308197,-0.020757151767611504,0.3855867385864258,0.6512422561645508,-0.025698533281683922,0.38704273104667664,0.6104118227958679,-0.030551770702004433,0.38513195514678955,0.6522542834281921,-0.0027007670141756535,0.3907421827316284,0.6140110492706299,-0.01800001785159111,0.3917558193206787,0.5825608968734741,-0.027938909828662872,0.39381155371665955,0.554655134677887,-0.0337308868765831,0.3609200417995453,0.6558202505111694,-0.00239520613104105,0.35801830887794495,0.6340996623039246,-0.029298730194568634,0.35919156670570374,0.6874254941940308,-0.036414314061403275,0.36526453495025635,0.7304104566574097,-0.032966937869787216,0.3378731608390808,0.6706857085227966,-0.005081217270344496,0.3378588557243347,0.6665598154067993,-0.03469674289226532,0.344128280878067,0.7263306379318237,-0.032528553158044815,0.35206666588783264,0.7657349109649658,-0.02137664705514908,0.3154050409793854,0.6949257850646973,-0.008822677657008171,0.31820032000541687,0.68194180727005,-0.030858725309371948,0.3271375298500061,0.7255013585090637,-0.02890787087380886,0.334898442029953,0.7544088363647461,-0.020715702325105667
K,0.3706311583518982,0.8283112049102783,5.986414208791757e-08,0.3930721580982208,0.7816857695579529,-0.01712219789624214,0.39795246720314026,0.7124692797660828,-0.02331523410975933,0.3867066502571106,0.6613844037055969,-0.02843485213816166,0.38990387320518494,0.62131267786026,-0.033190954476594925,0.37968364357948303,0.6606131792068481,-0.008507108315825462,0.38551461696624756,0.6282164454460144,-0.026089753955602646,0.38849687576293945,0.5997464656829834,-0.037958208471536636,0.3925362527370453,0.5726439952850342,-0.04489634186029434,0.3544970750808716,0.6626443862915039,-0.007122201845049858,0.36009958386421204,0.6582505106925964,-0.03449639678001404,0.36819741129875183,0.7090938687324524,-0.04148006811738014,0.3768235743045807,0.7480966448783875,-0.03850136324763298,0.33248457312583923,0.6788994669914246,-0.008668665774166584,0.34227561950683594,0.6939277648925781,-0.036125298589468,0.3532315492630005,0.7489562630653381,-0.03337886929512024,0.36231616139411926,0.7850513458251953,-0.02292039804160595,0.3123312294483185,0.7050648927688599,-0.01178754586726427,0.32292404770851135,0.7164046764373779,-0.03139375150203705,0.3356112241744995,0.7567175626754761,-0.02990730293095112,0.3433701694011688,0.7798824906349182,-0.022690298035740852
K,0.3852543830871582,0.8371554613113403,1.0462373722930352e-07,0.4067787230014801,0.784943699836731,-0.015877142548561096,0.41061365604400635,0.7101812362670898,-0.02175392583012581,0.3997609317302704,0.6600785255432129,-0.026852058246731758,0.4018736779689789,0.6186954975128174,-0.03140202537178993,0.38134732842445374,0.660841703414917,-0.00589976878836751,0.39244115352630615,0.6240959763526917,-0.024289127439260483,0.3985997140407562,0.5925832390785217,-0.036594465374946594,0.40570470690727234,0.5622986555099487,-0.0434577502310276,0.3566764295101166,0.6685351133346558,-0.005450031254440546,0.3716621398925781,0.6565551161766052,-0.03403709456324577,0.38758695125579834,0.7106850147247314,-0.04114466905593872,0.39920806884765625,0.7493565678596497,-0.03751187026500702,0.33644601702690125,0.6900102496147156,-0.008020511828362942,0.3578450381755829,0.6970608234405518,-0.03728879988193512,0.3730999827384949,0.7550491094589233,-0.034094031900167465,0.3804450035095215,0.7898475527763367,-0.022366760298609734,0.3187836706638336,0.7213577628135681,-0.011897383257746696,0.3389216661453247,0.7199715375900269,-0.031106067821383476,0.35380640625953674,0.758925199508667,-0.027687760069966316,0.35795003175735474,0.7818289399147034,-0.01882365345954895
K,0.4022442102432251,0.8415603637695312,1.1551632894679642e-07,0.42370107769966125,0.7865913510322571,-0.013461573980748653,0.42703595757484436,0.7114896774291992,-0.02019691839814186,0.42106759548187256,0.6580464243888855,-0.026862356811761856,0.42741659283638,0.6107134222984314,-0.03307821601629257,0.387189120054245,0.6560494303703308,-0.006809266749769449,0.4049275517463684,0.6186874508857727,-0.025256089866161346,0.41553372144699097,0.5864675045013428,-0.03771960362792015,0.4269145429134369,0.5563529133796692,-0.044534146785736084,0.3637876808643341,0.6654956936836243,-0.00784789677709341,0.39224934577941895,0.6559568047523499,-0.03582986071705818,0.413087397813797,0.7056973576545715,-0.04311201721429825,0.4280543327331543,0.7442587018013,-0.040037378668785095,0.346617728471756,0.6898812651634216,-0.011473835445940495,0.3818379342556,0.7002360820770264,-0.03999548777937889,0.3971937298774719,0.7571033835411072,-0.03794006630778313,0.40387850999832153,0.7950313091278076,-0.02721049264073372,0.3325769603252411,0.7237950563430786,-0.016272805631160736,0.3629034161567688,0.721515953540802,-0.034619368612766266,0.37949422001838684,0.7597565054893494,-0.03179135173559189,0.3846604526042938,0.7879582643508911,-0.023481672629714012
K,0.41337850689888,0.8522105813026428,9.006161860725115e-08,0.43290650844573975,0.7861728072166443,-0.00856259185820818,0.43503427505493164,0.7155104875564575,-0.015471769496798515,0.43427351117134094,0.6635620594024658,-0.02372252196073532,0.4433349072933197,0.6173850893974304,-0.031621672213077545,0.3882746696472168,0.658543586730957,-0.005669224075973034,0.4131801724433899,0.6178971529006958,-0.024234630167484283,0.42904722690582275,0.5865293741226196,-0.03752918541431427,0.44412264227867126,0.5591088533401489,-0.04552420601248741,0.3681465685367584,0.6744173765182495,-0.010078097693622112,0.4131467640399933,0.6675890684127808,-0.0368502251803875,0.43700721859931946,0.7140687108039856,-0.04359516501426697,0.45178288221359253,0.7488757371902466,-0.041756682097911835,0.3565802574157715,0.705373227596283,-0.01668231189250946,0.4066251218318939,0.712370753288269,-0.04270397499203682,0.42014580965042114,0.7679130434989929,-0.03991426154971123,0.424115389585495,0.8038405776023865,-0.03036496601998806,0.34988778829574585,0.7443244457244873,-0.024443745613098145,0.3896598815917969,0.7405096292495728,-0.0405493788421154,0.4034048020839691,0.7761021852493286,-0.037520986050367355,0.4054223597049713,0.8011623620986938,-0.030130747705698013
K,0.415151983499527,0.8489280343055725,1.6105717293157795e-07,0.43462517857551575,0.7787457704544067,-0.003693053964525461,0.43755099177360535,0.7061173915863037,-0.00919597502797842,0.43988925218582153,0.6526885628700256,-0.01702922396361828,0.4477873742580414,0.6042864322662354,-0.024540893733501434,0.39266470074653625,0.6488668918609619,-0.0037417958956211805,0.41862067580223083,0.6071543097496033,-0.019915837794542313,0.4338207542896271,0.5747331380844116,-0.031236130744218826,0.4477894604206085,0.5454481840133667,-0.03844287246465683,0.37242138385772705,0.6651278138160706,-0.01079841610044241,0.4218924045562744,0.6611990332603455,-0.03717416524887085,0.4529998302459717,0.6947751641273499,-0.04519618675112724,0.47427695989608765,0.7211669683456421,-0.04472849890589714,0.36165520548820496,0.6964443325996399,-0.019123438745737076,0.4167357087135315,0.7071287035942078,-0.043036989867687225,0.4276300370693207,0.7616329193115234,-0.040849316865205765,0.4284246563911438,0.7963910102844238,-0.032775163650512695,0.3562532365322113,0.7355441451072693,-0.028295354917645454,0.4015548527240753,0.7326135635375977,-0.04262436181306839,0.4135077893733978,0.7688802480697632,-0.03953121230006218,0.41275039315223694,0.7937206625938416,-0.0327734500169754
K,0.41599664092063904,0.8259744644165039,1.8377947696990304e-07,0.43630194664001465,0.7522249221801758,-0.0013355178525671363,0.4410370886325836,0.6816232204437256,-0.006093358621001244,0.44472619891166687,0.6318432092666626,-0.013843650929629803,0.4528368413448334,0.5859348177909851,-0.02132348343729973,0.3929022252559662,0.6251354217529297,0.0003804149164352566,0.42541617155075073,0.5867293477058411,-0.015915043652057648,0.442987322807312,0.5550912618637085,-0.028067046776413918,0.45876017212867737,0.5248943567276001,-0.03595249727368355,0.3746393024921417,0.6396929621696472,-0.00798641424626112,0.4275442361831665,0.6331900954246521,-0.03389354795217514,0.4571322202682495,0.666229248046875,-0.04232363402843475,0.4768752455711365,0.6895512938499451,-0.042303744703531265,0.36571043729782104,0.6682299375534058,-0.017640620470046997,0.4228094816207886,0.6737152934074402,-0.041354887187480927,0.4328605532646179,0.7300865650177002,-0.03921351581811905,0.4325418472290039,0.764671802520752,-0.031118424609303474,0.3624376356601715,0.703578531742096,-0.028035063296556473,0.40917253494262695,0.6977400779724121,-0.04228799417614937,0.4199913442134857,0.7352039217948914,-0.03907465189695358,0.4179835617542267,0.7601490020751953,-0.03224615380167961
K,0.4138037860393524,0.8496921062469482,2.1786620152397518e-07,0.4365645945072174,0.767684280872345,-0.005402056500315666,0.44105297327041626,0.6968616843223572,-0.012960163876414299,0.44348427653312683,0.6468233466148376,-0.022270679473876953,0.4501379728317261,0.5965466499328613,-0.031078623607754707,0.38626569509506226,0.6423770785331726,-0.006743226200342178,0.4211295247077942,0.5985043048858643,-0.024700650945305824,0.4397067129611969,0.5638825297355652,-0.03763478994369507,0.4558681547641754,0.53279048204422,-0.04637489095330238,0.3713185787200928,0.6624434590339661,-0.013660556636750698,0.4296033978462219,0.6485728025436401,-0.04026341438293457,0.46215882897377014,0.6786495447158813,-0.048179470002651215,0.48210781812667847,0.7003000378608704,-0.04881704971194267,0.36775559186935425,0.696161687374115,-0.022049808874726295,0.4308527112007141,0.695258378982544,-0.04588857665657997,0.4416469931602478,0.7471868991851807,-0.04229513928294182,0.43975675106048584,0.7785531878471375,-0.03423543646931648,0.3714718222618103,0.7343764305114746,-0.03152412176132202,0.42207595705986023,0.7244194746017456,-0.046267069876194,0.43203872442245483,0.7595365643501282,-0.04281564801931381,0.4272870421409607,0.7832891345024109,-0.036444228142499924
K,0.4155923128128052,0.8612907528877258,2.3505519664013264e-07,0.4343280792236328,0.7725945711135864,-0.0053603146225214005,0.43731653690338135,0.7049437165260315,-0.01444342639297247,0.44177770614624023,0.6534623503684998,-0.02489594556391239,0.4482933580875397,0.6005849242210388,-0.03464720398187637,0.3777606189250946,0.6622160077095032,-0.012408134527504444,0.41471463441848755,0.6108751893043518,-0.029130248352885246,0.4341273903846741,0.5740984678268433,-0.040608834475278854,0.44961440563201904,0.542571485042572,-0.048696570098400116,0.3712591528892517,0.6897051930427551,-0.019367702305316925,0.43352359533309937,0.6606717109680176,-0.043261755257844925,0.4659213721752167,0.6839635372161865,-0.04997783526778221,0.48324745893478394,0.7022733092308044,-0.05134449154138565,0.37619879841804504,0.726487398147583,-0.027192816138267517,0.44043469429016113,0.7088684439659119,-0.048390984535217285,0.4512356221675873,0.7507609128952026,-0.04449804499745369,0.4481990933418274,0.7781592011451721,-0.03770718723535538,0.3866129517555237,0.7634984850883484,-0.03597353771328926,0.43848586082458496,0.7394947409629822,-0.048354316502809525,0.4480839967727661,0.7663987874984741,-0.044510617852211,0.4434526264667511,0.7866588830947876,-0.03892209008336067
K,0.412038654088974,0.8654854893684387,2.2738177563041972e-07,0.4323727488517761,0.7794328331947327,-0.005171009339392185,0.43668878078460693,0.7104653120040894,-0.01435963436961174,0.4410705864429474,0.6574904918670654,-0.024873558431863785,0.4473896622657776,0.6037062406539917,-0.034755706787109375,0.37771114706993103,0.6643011569976807,-0.012697655707597733,0.41301560401916504,0.6146374344825745,-0.029637333005666733,0.4323909878730774,0.5787573456764221,-0.04128256440162659,0.4482484757900238,0.5486313104629517,-0.049518853425979614,0.3693505823612213,0.6915711164474487,-0.020141679793596268,0.4318992495536804,0.6654155850410461,-0.04489199072122574,0.4647417962551117,0.6920335292816162,-0.05169037729501724,0.4823552370071411,0.7129136323928833,-0.052825964987277985,0.37302297353744507,0.7302045226097107,-0.028425734490156174,0.4372358024120331,0.7148256897926331,-0.05054678022861481,0.4480237066745758,0.7586608529090881,-0.046399157494306564,0.4446858763694763,0.7867361307144165,-0.039258167147636414,0.3826773166656494,0.7699748277664185,-0.0375814288854599,0.4350183308124542,0.7461957335472107,-0.050711095333099365,0.4446643590927124,0.7742254137992859,-0.0464361347258091,0.43948331475257874,0.7951328158378601,-0.04038602486252785
K,0.4143637716770172,0.8591342568397522,1.4659146074791352e-07,0.43235599994659424,0.784134030342102,-0.0042787762358784676,0.433627188205719,0.7139096856117249,-0.010528860613703728,0.43402814865112305,0.6634207963943481,-0.01878061704337597,0.44130972027778625,0.6162686347961426,-0.02672480419278145,0.37997058033943176,0.6630541086196899,-0.004609524272382259,0.40944311022758484,0.6230877041816711,-0.022860724478960037,0.42637374997138977,0.5906949639320374,-0.036344707012176514,0.4420018494129181,0.5604499578475952,-0.04506179690361023,0.36236512660980225,0.6852830052375793,-0.012211201712489128,0.4187804162502289,0.6732277274131775,-0.03956243768334389,0.4498884677886963,0.7091742157936096,-0.047313906252384186,0.46934157609939575,0.7351904511451721,-0.046899475157260895,0.35592740774154663,0.721947193145752,-0.021412907168269157,0.41678586602211,0.7217032313346863,-0.046675991266965866,0.4310384690761566,0.7738738059997559,-0.04374287649989128,0.4331413805484772,0.8059027791023254,-0.03515669330954552,0.3562132716178894,0.7648637294769287,-0.03154715895652771,0.40475353598594666,0.7512131929397583,-0.04651139676570892,0.4179628789424896,0.7855491042137146,-0.04269826039671898,0.4171624779701233,0.8098132610321045,-0.03556608408689499
K,0.40662115812301636,0.8544120788574219,1.2364660051389365e-07,0.4235903024673462,0.7854308485984802,-0.005687393248081207,0.42504724860191345,0.7149794101715088,-0.012011057697236538,0.4274044930934906,0.6644600033760071,-0.020112494006752968,0.43801915645599365,0.6188504695892334,-0.027925150468945503,0.37847763299942017,0.6647903919219971,-0.004853215534240007,0.40568113327026367,0.625782310962677,-0.023127660155296326,0.4221141040325165,0.594689667224884,-0.036274947226047516,0.43767642974853516,0.5670474171638489,-0.044499143958091736,0.35861605405807495,0.6821306943893433,-0.011076905764639378,0.40713250637054443,0.6755897998809814,-0.03817262873053551,0.43477052450180054,0.7176037430763245,-0.04530959576368332,0.45257043838500977,0.7491518259048462,-0.044037964195013046,0.3482975959777832,0.7150839567184448,-0.01920248754322529,0.4023994207382202,0.723482072353363,-0.04472582787275314,0.4159734845161438,0.7772124409675598,-0.042500924319028854,0.41861647367477417,0.810792088508606,-0.03395704925060272,0.3438916504383087,0.756054699420929,-0.02829883061349392,0.3872489631175995,0.7514410018920898,-0.043890755623579025,0.39988571405410767,0.7868136763572693,-0.04126247763633728,0.39936894178390503,0.8113061189651489,-0.03474898263812065
K,0.39856669306755066,0.8593416213989258,1.2603355514784198e-07,0.41778019070625305,0.8014180660247803,-0.009967307560145855,0.42207396030426025,0.731256365776062,-0.016430646181106567,0.42335498332977295,0.6797974705696106,-0.02364875003695488,0.4359174370765686,0.6383460760116577,-0.030533423647284508,0.38121622800827026,0.6730425357818604,-0.006058081053197384,0.40559953451156616,0.6398888230323792,-0.02400069311261177,0.4212675094604492,0.6129456162452698,-0.036632634699344635,0.4368527829647064,0.5894049406051636,-0.043739721179008484,0.35982903838157654,0.6835461854934692,-0.008988326415419579,0.3990503251552582,0.6839176416397095,-0.03573901206254959,0.4217120110988617,0.7301904559135437,-0.04313090071082115,0.4377695620059967,0.7661450505256653,-0.04093951731920242,0.34523120522499084,0.7097302675247192,-0.014081993140280247,0.389726847410202,0.7325502038002014,-0.04021849110722542,0.40221771597862244,0.7890941500663757,-0.0391182079911232,0.40688687562942505,0.8264972567558289,-0.03006300888955593,0.3340071439743042,0.744976818561554,-0.02036360651254654,0.36988070607185364,0.7534130811691284,-0.03633726388216019,0.38457316160202026,0.7906719446182251,-0.03413647785782814,0.38914650678634644,0.8160545825958252,-0.02702859416604042
K,0.39352887868881226,0.8551066517829895,1.1647398423519917e-07,0.41584619879722595,0.8030446767807007,-0.012893855571746826,0.42179548740386963,0.7301622629165649,-0.01926399953663349,0.42049020528793335,0.6781854033470154,-0.025583798065781593,0.4324069917201996,0.6367889046669006,-0.031460296362638474,0.38475650548934937,0.671855092048645,-0.006190667860209942,0.405474454164505,0.6422653794288635,-0.024265676736831665,0.4195469617843628,0.616072952747345,-0.037081312388181686,0.43472519516944885,0.5927414298057556,-0.04431495442986488,0.36236003041267395,0.6790003776550293,-0.0074678403325378895,0.3932683765888214,0.6796690225601196,-0.034487251192331314,0.4116531312465668,0.7300404906272888,-0.04211261123418808,0.4254680573940277,0.7684195041656494,-0.03983012214303017,0.3453883230686188,0.7019619941711426,-0.011297749355435371,0.38070148229599,0.7227741479873657,-0.03842295706272125,0.3927203416824341,0.7803666591644287,-0.03682183101773262,0.39802083373069763,0.8168697953224182,-0.027022751048207283,0.33095479011535645,0.734174907207489,-0.01641218177974224,0.3600444495677948,0.7413018345832825,-0.033302441239356995,0.3737155497074127,0.7794497609138489,-0.030456429347395897,0.3776673674583435,0.804023265838623,-0.022679468616843224
K,0.4012807011604309,0.8607407212257385,1.1009400679995451e-07,0.4221136271953583,0.8042566776275635,-0.00938052125275135,0.427013099193573,0.7327415347099304,-0.015413778834044933,0.428397536277771,0.6799896359443665,-0.02220306731760502,0.441314160823822,0.6384938359260559,-0.028891917318105698,0.38659122586250305,0.6729753017425537,-0.006119529251009226,0.4101748466491699,0.6410763263702393,-0.02288230136036873,0.425153911113739,0.6138627529144287,-0.03460754081606865,0.4399910569190979,0.5895346999168396,-0.041319895535707474,0.36480292677879333,0.68356853723526,-0.009004764258861542,0.40394243597984314,0.6868001818656921,-0.03410160541534424,0.4256267249584198,0.7340423464775085,-0.04046052321791649,0.44052231311798096,0.7703767418861389,-0.03808162733912468,0.3497113883495331,0.7104604244232178,-0.013958221301436424,0.3941180109977722,0.7327651381492615,-0.0389363132417202,0.4057244658470154,0.7887616753578186,-0.037476833909749985,0.40969258546829224,0.8258129358291626,-0.028662988916039467,0.33825474977493286,0.7466175556182861,-0.019986631348729134,0.37410178780555725,0.7536236643791199,-0.035420943051576614,0.3889101445674896,0.7911177277565002,-0.03309434652328491,0.39364829659461975,0.816804826259613,-0.02616012468934059
K,0.406158447265625,0.8419628143310547,1.39032536594641e-07,0.4258231520652771,0.782002329826355,-0.0075279660522937775,0.43182703852653503,0.7139475345611572,-0.01397634856402874,0.4345419704914093,0.6638320684432983,-0.021717745810747147,0.44648516178131104,0.6226685047149658,-0.029387613758444786,0.38855260610580444,0.6525527238845825,-0.005279328674077988,0.4152470827102661,0.6198577284812927,-0.022938255220651627,0.4301881492137909,0.589907705783844,-0.035800036042928696,0.4446152448654175,0.5618312954902649,-0.04341161251068115,0.3675907254219055,0.6637769341468811,-0.00950443185865879,0.4094197750091553,0.6639490127563477,-0.03575536981225014,0.4331211447715759,0.7100788950920105,-0.04298330843448639,0.44944849610328674,0.7451065182685852,-0.041049230843782425,0.3537501394748688,0.6905422806739807,-0.015523512847721577,0.40036827325820923,0.7073431015014648,-0.04050032049417496,0.4117148816585541,0.763218879699707,-0.03847722336649895,0.41487917304039,0.8003510236740112,-0.02931932546198368,0.34334900975227356,0.7268402576446533,-0.022550195455551147,0.38138657808303833,0.7303766012191772,-0.03760189190506935,0.395931601524353,0.7682430148124695,-0.0345187708735466,0.40002572536468506,0.7949618101119995,-0.027008049190044403
K,0.4048502445220947,0.8411737680435181,1.3692677214294235e-07,0.4229672849178314,0.7714541554450989,-0.005429050885140896,0.4265156388282776,0.7030624151229858,-0.011967861093580723,0.4302186965942383,0.6531150937080383,-0.020353546366095543,0.4428224563598633,0.6104140281677246,-0.02854505181312561,0.3779163360595703,0.6486028432846069,-0.004217913839966059,0.4068576991558075,0.6131166219711304,-0.021919630467891693,0.42295077443122864,0.5825529098510742,-0.03511675074696541,0.4379311800003052,0.554717481136322,-0.0433480478823185,0.35920432209968567,0.6654427647590637,-0.01050170324742794,0.40843692421913147,0.6584094166755676,-0.036842621862888336,0.4354661703109741,0.6999669671058655,-0.04428713023662567,0.45274388790130615,0.731442391872406,-0.043131373822689056,0.34959450364112854,0.6965030431747437,-0.01845066249370575,0.40287214517593384,0.7034314274787903,-0.043078623712062836,0.4161761999130249,0.755885660648346,-0.04078708961606026,0.41938579082489014,0.7900355458259583,-0.03206179663538933,0.3449052572250366,0.7353484034538269,-0.027386393398046494,0.38660335540771484,0.7322466969490051,-0.042028509080410004,0.4008747637271881,0.7665824294090271,-0.038699641823768616,0.40375980734825134,0.7908409237861633,-0.031472302973270416
K,0.4076891243457794,0.8348881006240845,1.4496939115815621e-07,0.4246307611465454,0.7625786662101746,-0.004862450063228607,0.42659738659858704,0.6942732334136963,-0.01154968049377203,0.42975932359695435,0.6446079611778259,-0.02024933695793152,0.44056832790374756,0.6008164882659912,-0.02862275205552578,0.37538978457450867,0.6454703211784363,-0.003993574995547533,0.40394335985183716,0.606665313243866,-0.022364115342497826,0.42009440064430237,0.5754181742668152,-0.03591165691614151,0.4353311359882355,0.5469604134559631,-0.044489506632089615,0.35791802406311035,0.6656067371368408,-0.011061876080930233,0.4101855754852295,0.6533521413803101,-0.03841710090637207,0.43876034021377563,0.6927919983863831,-0.04591681435704231,0.45659056305885315,0.7216524481773376,-0.04493732005357742,0.3503803610801697,0.6991787552833557,-0.019933175295591354,0.4072261154651642,0.6995353698730469,-0.04523371160030365,0.42074528336524963,0.7510891556739807,-0.04284357652068138,0.4228021204471588,0.7831932306289673,-0.03431127220392227,0.348622590303421,0.7392734289169312,-0.02977454662322998,0.3938309848308563,0.7303473949432373,-0.044638387858867645,0.40645673871040344,0.7637754678726196,-0.04146718978881836,0.40622955560684204,0.7867625951766968,-0.034702498465776443
K,0.39983072876930237,0.8222261071205139,2.0329484584635793e-07,0.4224424958229065,0.748724102973938,-0.0021779981907457113,0.4292285442352295,0.6815820336341858,-0.008170480839908123,0.43446287512779236,0.6348980665206909,-0.016643421724438667,0.44348597526550293,0.5898507237434387,-0.02500873990356922,0.37669292092323303,0.6231152415275574,-0.003249924164265394,0.4115169644355774,0.5865365862846375,-0.019696110859513283,0.4302920401096344,0.5557636022567749,-0.032338276505470276,0.44712284207344055,0.5270843505859375,-0.04085065424442291,0.3601591885089874,0.641055703163147,-0.011582606472074986,0.41711893677711487,0.6334614753723145,-0.03714627027511597,0.4482024013996124,0.6645466685295105,-0.045610953122377396,0.46768978238105774,0.6865807771682739,-0.04625306278467178,0.35428255796432495,0.6735802292823792,-0.02090822346508503,0.41479671001434326,0.677227795124054,-0.04382024332880974,0.4260336756706238,0.7303793430328369,-0.04090716689825058,0.42541635036468506,0.7627289295196533,-0.03293759748339653,0.3548612594604492,0.7118717432022095,-0.03104826621711254,0.4030263423919678,0.705264687538147,-0.044977568089962006,0.41455215215682983,0.7409012913703918,-0.041122037917375565,0.41274404525756836,0.7643371820449829,-0.0341150127351284
K,0.4001704454421997,0.7732162475585938,2.1903713331994368e-07,0.42593008279800415,0.7061236500740051,0.0019765449687838554,0.4377283453941345,0.6383116245269775,-9.26045177038759e-05,0.4452691674232483,0.5882647633552551,-0.0060865506529808044,0.45439136028289795,0.5454428195953369,-0.012154875323176384,0.3940637707710266,0.5788246393203735,0.00695392768830061,0.4298497140407562,0.5428297519683838,-0.0076621463522315025,0.4505394399166107,0.5177266597747803,-0.018603818491101265,0.4691413938999176,0.4934357702732086,-0.02550889551639557,0.3772903382778168,0.5851229429244995,-0.002801131457090378,0.4285016357898712,0.5751025080680847,-0.026765409857034683,0.4570198655128479,0.6037242412567139,-0.03556368872523308,0.4773525893688202,0.6260724067687988,-0.0360059030354023,0.3680262565612793,0.6045541763305664,-0.013817233964800835,0.4237753450870514,0.6117979884147644,-0.03803013265132904,0.4304145276546478,0.6734262704849243,-0.036657851189374924,0.4281561076641083,0.7106043100357056,-0.028565894812345505,0.3633440434932709,0.6318643093109131,-0.025102725252509117,0.40897923707962036,0.6282066702842712,-0.04065605625510216,0.41730546951293945,0.6725964546203613,-0.03737526386976242,0.4141603112220764,0.7022117376327515,-0.030156075954437256
K,0.4147130846977234,0.7469438910484314,2.2452594805599801e-07,0.4371669292449951,0.6858216524124146,0.00393608957529068,0.44880861043930054,0.6218705177307129,0.0027946406044065952,0.4579147696495056,0.5730722546577454,-0.0026285953354090452,0.46859070658683777,0.5313757658004761,-0.007972815074026585,0.40712398290634155,0.5704262256622314,0.010507741943001747,0.44120195508003235,0.534859299659729,-0.0027639162726700306,0.460504949092865,0.5090416669845581,-0.013024469837546349,0.4776778221130371,0.4827479124069214,-0.0198324304074049,0.3920017182826996,0.5725811123847961,9.738574590301141e-06,0.44076740741729736,0.5593271255493164,-0.022666452452540398,0.46830207109451294,0.5843413472175598,-0.031176989898085594,0.4882807731628418,0.6036329865455627,-0.03200957179069519,0.3835170269012451,0.5854625105857849,-0.011838688515126705,0.43695294857025146,0.5881509780883789,-0.03492479398846626,0.4420974552631378,0.6476331949234009,-0.033672403544187546,0.43891191482543945,0.6839116215705872,-0.026292458176612854,0.37901991605758667,0.6058558821678162,-0.02389112114906311,0.42311975359916687,0.601455807685852,-0.03893264755606651,0.4289824664592743,0.6435646414756775,-0.03655780851840973,0.42370471358299255,0.6717941164970398,-0.030647171661257744
K,0.40358519554138184,0.7667118310928345,2.1823937856879638e-07,0.42478933930397034,0.7033466696739197,-0.000570444914046675,0.4328228533267975,0.6360772848129272,-0.004067770671099424,0.4381929039955139,0.5873528718948364,-0.010656292550265789,0.4472731351852417,0.5444307923316956,-0.01699766330420971,0.38765743374824524,0.583934485912323,0.0034860235173255205,0.4216569662094116,0.5462924838066101,-0.012049066834151745,0.4411924481391907,0.5193784832954407,-0.023493466898798943,0.4583856463432312,0.4928000569343567,-0.03091764822602272,0.3701521158218384,0.5921491980552673,-0.005057632923126221,0.4186888039112091,0.576560378074646,-0.029650161042809486,0.44650161266326904,0.6064348220825195,-0.03816389665007591,0.46543967723846436,0.6272156834602356,-0.038481857627630234,0.3607226312160492,0.6129848957061768,-0.015012524090707302,0.41390377283096313,0.6117634773254395,-0.039500199258327484,0.42316293716430664,0.6708014011383057,-0.037517253309488297,0.421852171421051,0.7060986757278442,-0.029216885566711426,0.3561451733112335,0.6410967111587524,-0.02540738135576248,0.39885959029197693,0.6307370066642761,-0.041128434240818024,0.40873822569847107,0.6700425744056702,-0.03780198097229004,0.4061904847621918,0.696282148361206,-0.030739985406398773
K,0.38151979446411133,0.7972394227981567,1.8145446745165827e-07,0.40119123458862305,0.738109827041626,-0.008640691637992859,0.40638303756713867,0.6700425148010254,-0.014691852033138275,0.40703141689300537,0.6228185892105103,-0.021878179162740707,0.4167100191116333,0.5824670195579529,-0.028754454106092453,0.36138978600502014,0.6175665855407715,-0.003990568220615387,0.3885674774646759,0.5832977890968323,-0.021406998857855797,0.4043240547180176,0.5538262724876404,-0.03391056880354881,0.41919541358947754,0.5259889364242554,-0.04119338095188141,0.3408201038837433,0.6282461285591125,-0.007883749902248383,0.3787078559398651,0.6208183765411377,-0.03461839631199837,0.4034947156906128,0.6590644717216492,-0.043114468455314636,0.42170849442481995,0.6887441277503967,-0.04180540516972542,0.3271121382713318,0.6526088118553162,-0.013755295425653458,0.37070921063423157,0.6638111472129822,-0.040611498057842255,0.3852880895137787,0.7207137942314148,-0.03989121690392494,0.39034122228622437,0.7578302621841431,-0.030908076092600822,0.31727707386016846,0.6850387454032898,-0.020556727424263954,0.35334792733192444,0.6840430498123169,-0.03716783598065376,0.36706870794296265,0.7217319011688232,-0.034723397344350815,0.36915114521980286,0.7481985092163086,-0.027442691847682
K,0.36860835552215576,0.8182187080383301,1.205020652150779e-07,0.38711175322532654,0.7659550905227661,-0.013383109122514725,0.3890036940574646,0.6974908113479614,-0.020050469785928726,0.3853795826435089,0.6512841582298279,-0.026460856199264526,0.39574384689331055,0.6131789088249207,-0.03231261298060417,0.3536771237850189,0.6458711624145508,-0.006511833518743515,0.3703218996524811,0.6192482709884644,-0.0247710682451725,0.38144350051879883,0.5938327312469482,-0.03760356456041336,0.3931741714477539,0.5700093507766724,-0.04487959295511246,0.33134299516677856,0.6565718650817871,-0.007507607340812683,0.35555705428123474,0.6520951390266418,-0.03409724682569504,0.3756800889968872,0.6985737681388855,-0.04163888841867447,0.38986584544181824,0.7317559123039246,-0.039405401796102524,0.3144518733024597,0.6819418668746948,-0.011152599938213825,0.34587758779525757,0.6977705955505371,-0.037954505532979965,0.36034590005874634,0.7506179809570312,-0.03655253350734711,0.3657552897930145,0.7817826867103577,-0.02710808999836445,0.3006106913089752,0.7160633206367493,-0.016043568029999733,0.32714036107063293,0.7200950980186462,-0.03274260088801384,0.34153059124946594,0.7548518776893616,-0.0302523672580719,0.3444823622703552,0.7753936648368835,-0.022987928241491318
K,0.34203195571899414,0.8358596563339233,6.297678112332505e-08,0.3578411936759949,0.7971887588500977,-0.014457769691944122,0.360896497964859,0.7401734590530396,-0.02088882215321064,0.35062482953071594,0.6985204219818115,-0.025998298078775406,0.34114283323287964,0.6715702414512634,-0.03074127994477749,0.3340374529361725,0.6836265921592712,-0.00863127876073122,0.34161096811294556,0.6671837568283081,-0.02603461965918541,0.3480376601219177,0.6430892944335938,-0.038467731326818466,0.3548336625099182,0.6208566427230835,-0.045344531536102295,0.3101714253425598,0.6882880330085754,-0.007939515635371208,0.3198011517524719,0.6911858916282654,-0.03127141296863556,0.3331948518753052,0.7406138777732849,-0.03703005611896515,0.34287020564079285,0.7761726379394531,-0.034084949642419815,0.29184892773628235,0.7102161645889282,-0.009797169826924801,0.30721980333328247,0.7329367399215698,-0.033270463347435,0.32247188687324524,0.7777769565582275,-0.030882056802511215,0.3324287533760071,0.8033137917518616,-0.02180473506450653,0.27807238698005676,0.7419587969779968,-0.012912852689623833,0.29183217883110046,0.7578712105751038,-0.029101325199007988,0.3078692853450775,0.7876962423324585,-0.027190284803509712,0.31664153933525085,0.8011992573738098,-0.020527120679616928
K,0.3289743661880493,0.8343808650970459,-2.1841289665758268e-08,0.3441491425037384,0.7988383173942566,-0.014867727644741535,0.34858235716819763,0.7410886287689209,-0.01971660926938057,0.33676770329475403,0.6976296901702881,-0.023103967308998108,0.33205705881118774,0.6652084589004517,-0.026244284585118294,0.33768230676651,0.6862563490867615,-0.007778693921864033,0.3392936885356903,0.6647921800613403,-0.021277476102113724,0.3378124535083771,0.6418300867080688,-0.030766719952225685,0.33659446239471436,0.6196663975715637,-0.036822181195020676,0.3145972192287445,0.6833040714263916,-0.005787899252027273,0.30906784534454346,0.6974342465400696,-0.02639666572213173,0.31417348980903625,0.7465459108352661,-0.031733881682157516,0.32266688346862793,0.7779494524002075,-0.02963929995894432,0.2941752076148987,0.6949026584625244,-0.006142705213278532,0.2904658019542694,0.7207744717597961,-0.027466697618365288,0.3012363016605377,0.7686015367507935,-0.025648819282650948,0.31326380372047424,0.7952266335487366,-0.01814955100417137,0.27634358406066895,0.717872679233551,-0.007794911973178387,0.27502360939979553,0.7389493584632874,-0.024723654612898827,0.287302166223526,0.7734130620956421,-0.02456783875823021,0.29889076948165894,0.7892941236495972,-0.019382411614060402
K,0.3212302625179291,0.8306718468666077,-2.662125986319097e-08,0.3378601670265198,0.8020415306091309,-0.017580492421984673,0.34375426173210144,0.751081645488739,-0.02470240369439125,0.33215203881263733,0.7079883217811584,-0.0300622396171093,0.32907813787460327,0.6733691692352295,-0.035051774233579636,0.33725446462631226,0.6936680674552917,-0.009986727498471737,0.3372337520122528,0.669806718826294,-0.0243699848651886,0.3318963348865509,0.6451370716094971,-0.03434637933969498,0.32599636912345886,0.6213358044624329,-0.041151609271764755,0.31556645035743713,0.6908370852470398,-0.007683394942432642,0.3034610152244568,0.6943374872207642,-0.031794577836990356,0.30591756105422974,0.7416515946388245,-0.03894370049238205,0.3122594952583313,0.7737475633621216,-0.037331752479076385,0.29599910974502563,0.6998456120491028,-0.007753596641123295,0.2842961847782135,0.7146598696708679,-0.03271884843707085,0.29386162757873535,0.7638267278671265,-0.031508833169937134,0.30533507466316223,0.7913827896118164,-0.023426003754138947,0.2788712680339813,0.7193658947944641,-0.00912510883063078,0.27072930335998535,0.7347411513328552,-0.02902357280254364,0.2820418179035187,0.7718831300735474,-0.029291348531842232,0.29439136385917664,0.7889633774757385,-0.023771392181515694
K,0.3364044725894928,0.81345134973526,8.054346523067579e-08,0.35150641202926636,0.7710306644439697,-0.01327601820230484,0.35157349705696106,0.7067779898643494,-0.01857452467083931,0.342488169670105,0.6608313322067261,-0.023081142455339432,0.3438076376914978,0.6223396062850952,-0.027263866737484932,0.3254278004169464,0.6594449281692505,-0.006746778730303049,0.3336884379386902,0.6361868381500244,-0.022647248581051826,0.3390805125236511,0.6109859347343445,-0.03367672488093376,0.3454958498477936,0.587538480758667,-0.039701759815216064,0.30328455567359924,0.6684607863426208,-0.006200135685503483,0.3142370879650116,0.6668202877044678,-0.028549818322062492,0.3302238881587982,0.7093207836151123,-0.03433360904455185,0.3428632915019989,0.7401412129402161,-0.031767550855875015,0.2858694791793823,0.6917186379432678,-0.008067545481026173,0.30422165989875793,0.7076734900474548,-0.0313713513314724,0.31995317339897156,0.753128707408905,-0.02914106473326683,0.3300398886203766,0.7803331017494202,-0.020159155130386353,0.27158322930336,0.7231071591377258,-0.011030321940779686,0.28763628005981445,0.7300864458084106,-0.026569336652755737,0.30240777134895325,0.7607345581054688,-0.02418658323585987,0.3095630407333374,0.7776745557785034,-0.0172947458922863
K,0.35620349645614624,0.8036658763885498,1.453890092761867e-07,0.3695865273475647,0.7465368509292603,-0.007046096492558718,0.3696695864200592,0.6799513101577759,-0.012463463470339775,0.37102267146110535,0.6329900026321411,-0.018962914124131203,0.380754292011261,0.5924297571182251,-0.02533820830285549,0.32722365856170654,0.6348536014556885,-0.005224443506449461,0.3510376214981079,0.6011673808097839,-0.02122359536588192,0.36503347754478455,0.5721283555030823,-0.032798029482364655,0.379502534866333,0.5466980934143066,-0.03968989476561546,0.30786827206611633,0.6500775814056396,-0.009004851803183556,0.34614667296409607,0.6493222713470459,-0.032563310116529465,0.3711179792881012,0.6821417212486267,-0.03977399319410324,0.39026138186454773,0.7064117193222046,-0.03898445889353752,0.29641973972320557,0.6790129542350769,-0.014533835463225842,0.34140437841415405,0.6951600313186646,-0.03749314323067665,0.3556731939315796,0.7438606023788452,-0.03726484999060631,0.36154329776763916,0.7752581834793091,-0.030341682955622673,0.2894420921802521,0.7147802710533142,-0.021007312461733818,0.32516995072364807,0.717698335647583,-0.035270798951387405,0.33992984890937805,0.7487002611160278,-0.03402771055698395,0.3440021574497223,0.7691265940666199,-0.0285851638764143
K,0.383365273475647,0.7941067218780518,1.7485794501226337e-07,0.40275949239730835,0.7268734574317932,-0.004300338681787252,0.40958619117736816,0.662250816822052,-0.010597017593681812,0.41361361742019653,0.6155392527580261,-0.018928976729512215,0.42163148522377014,0.5726269483566284,-0.026836898177862167,0.3587161898612976,0.6014885902404785,-0.002824504626914859,0.3913480043411255,0.5689624547958374,-0.01984119787812233,0.41045159101486206,0.541908323764801,-0.03286553919315338,0.4276011884212494,0.5160435438156128,-0.04126184806227684,0.3409888744354248,0.6168748140335083,-0.009732729755342007,0.39485660195350647,0.6137325763702393,-0.03489261493086815,0.4229400157928467,0.6487223505973816,-0.04321661219000816,0.44119077920913696,0.6719922423362732,-0.04355621337890625,0.33305907249450684,0.6466255784034729,-0.018172435462474823,0.38911497592926025,0.6565729379653931,-0.04124634340405464,0.39842262864112854,0.708836555480957,-0.03974941000342369,0.3986988961696625,0.7405528426170349,-0.03250300511717796,0.3311837315559387,0.6834773421287537,-0.027603883296251297,0.3763732612133026,0.682297945022583,-0.041843824088573456,0.38801854848861694,0.717559814453125,-0.03944716602563858,0.38842684030532837,0.7399172782897949,-0.03334157541394234
K,0.3980417549610138,0.7504727840423584,2.098741305189833e-07,0.4264664947986603,0.6769807934761047,0.0009484029142186046,0.4381045401096344,0.6092537641525269,-0.0034078313037753105,0.4463844299316406,0.5590266585350037,-0.011110622435808182,0.45676761865615845,0.5139951705932617,-0.01862896792590618,0.3887299597263336,0.5464805364608765,0.001624680939130485,0.4301861524581909,0.5064373016357422,-0.014627364464104176,0.4539279341697693,0.4801527261734009,-0.026533180847764015,0.47466644644737244,0.45615828037261963,-0.03441201150417328,0.37389764189720154,0.5561567544937134,-0.008202612400054932,0.4343152642250061,0.5470820665359497,-0.032845769077539444,0.46308204531669617,0.5848203897476196,-0.04010971635580063,0.4811522662639618,0.6110152006149292,-0.04012059047818184,0.36900097131729126,0.5809316039085388,-0.019165949895977974,0.4326232075691223,0.5879360437393188,-0.042048122733831406,0.4394022226333618,0.6489202976226807,-0.037484731525182724,0.4357096552848816,0.6839357018470764,-0.028318095952272415,0.3703148365020752,0.6123791933059692,-0.03074721433222294,0.4204818606376648,0.6114020347595215,-0.044620487838983536,0.42820093035697937,0.6536544561386108,-0.03963056206703186,0.4232824742794037,0.6797078847885132,-0.03188452497124672
K,0.40676799416542053,0.7329332828521729,1.8913553390120796e-07,0.43312203884124756,0.6633026599884033,0.0014893235638737679,0.4458197057247162,0.5962265729904175,-0.002629544585943222,0.4554484486579895,0.5448121428489685,-0.010271388106048107,0.4655972421169281,0.4984038174152374,-0.01785106584429741,0.39752548933029175,0.5295781493186951,0.003190056188032031,0.4391993284225464,0.49199530482292175,-0.013051687739789486,0.46311241388320923,0.46708565950393677,-0.02502402663230896,0.4835861921310425,0.4442918002605438,-0.03262524679303169,0.38211414217948914,0.5378749370574951,-0.00669863261282444,0.4417256712913513,0.5315784811973572,-0.03145701810717583,0.46918895840644836,0.571547269821167,-0.038908492773771286,0.4862632155418396,0.5998396277427673,-0.0386684350669384,0.37596753239631653,0.5608683228492737,-0.01775674894452095,0.43801918625831604,0.5702118873596191,-0.04145198315382004,0.4440126419067383,0.6329958438873291,-0.03772041201591492,0.44025328755378723,0.6694552898406982,-0.028551286086440086,0.37575188279151917,0.5900381803512573,-0.029240315780043602,0.42464175820350647,0.5900446176528931,-0.04387056082487106,0.4322802722454071,0.634175717830658,-0.03932451084256172,0.4275053143501282,0.6618270874023438,-0.03146321326494217
K,0.4073079228401184,0.7337724566459656,1.9957741415055352e-07,0.4334535002708435,0.6625308990478516,-0.002934632822871208,0.44398537278175354,0.5952133536338806,-0.008890359662473202,0.4508739709854126,0.5458828806877136,-0.01706002466380596,0.4608798027038574,0.5006121397018433,-0.024856265634298325,0.3922709822654724,0.5304780006408691,-0.00297807645983994,0.4325597882270813,0.49370628595352173,-0.018641958013176918,0.4547993242740631,0.4668276906013489,-0.03009604662656784,0.47384417057037354,0.44238895177841187,-0.03754480183124542,0.3768223524093628,0.5430331230163574,-0.0102695282548666,0.43600884079933167,0.5371413826942444,-0.03438477963209152,0.46495911478996277,0.573290228843689,-0.04163717105984688,0.4825599789619446,0.6011137366294861,-0.04161344841122627,0.3714255690574646,0.5702062249183655,-0.018739089369773865,0.4319441318511963,0.5787089467048645,-0.04135984927415848,0.4407815635204315,0.6358293294906616,-0.03874474763870239,0.4393804967403412,0.6714816093444824,-0.03081296943128109,0.372469961643219,0.6032778024673462,-0.02796505205333233,0.4201851487159729,0.6027553081512451,-0.04178048297762871,0.43020835518836975,0.6417190432548523,-0.038540806621313095,0.4284924566745758,0.6675960421562195,-0.0319865420460701
K,0.4006044864654541,0.7746610045433044,1.5841288814044674e-07,0.42135339975357056,0.7071034908294678,-0.005506519228219986,0.4287593960762024,0.6402402520179749,-0.012565352022647858,0.43583589792251587,0.5921677350997925,-0.021418126299977303,0.44972461462020874,0.5516229271888733,-0.029833311215043068,0.37675565481185913,0.5781686305999756,-0.0038666382897645235,0.41236773133277893,0.5461274981498718,-0.022288834676146507,0.43213582038879395,0.5195464491844177,-0.035796795040369034,0.45053738355636597,0.4936795234680176,-0.044287633150815964,0.35956528782844543,0.5965192914009094,-0.01085131336003542,0.41660502552986145,0.5891773700714111,-0.03809342533349991,0.44213148951530457,0.6348475217819214,-0.04562648758292198,0.45727938413619995,0.6665722131729126,-0.04453134164214134,0.3520461320877075,0.6293550729751587,-0.0196897741407156,0.41126981377601624,0.6352559924125671,-0.04559899494051933,0.4221538007259369,0.6896136403083801,-0.043686989694833755,0.4226595163345337,0.7214406132698059,-0.035079386085271835,0.3508579432964325,0.6683527827262878,-0.02945171669125557,0.39849594235420227,0.6624099016189575,-0.04502282291650772,0.4105454981327057,0.6982686519622803,-0.04203898087143898,0.41058722138404846,0.7217541337013245,-0.03509291261434555
K,0.39479726552963257,0.7915408611297607,1.4757534927412053e-07,0.41504594683647156,0.7223332524299622,-0.004519524052739143,0.4216166138648987,0.657417893409729,-0.011274417862296104,0.4273127317428589,0.6118995547294617,-0.02004178985953331,0.43966415524482727,0.5713750123977661,-0.02839343436062336,0.3665761649608612,0.5984411835670471,-0.0033587210346013308,0.4048730731010437,0.564294695854187,-0.02203117124736309,0.4252381920814514,0.5369374752044678,-0.03601069748401642,0.44367408752441406,0.5105825662612915,-0.04508446156978607,0.350047767162323,0.6164141893386841,-0.010784726589918137,0.4071125090122223,0.606657862663269,-0.037804972380399704,0.432945191860199,0.6514006853103638,-0.04586423560976982,0.4479922950267792,0.6805716753005981,-0.045551542192697525,0.3436219394207001,0.6485277414321899,-0.019913390278816223,0.40180322527885437,0.6522084474563599,-0.04494369029998779,0.4127105176448822,0.7057439088821411,-0.04329054802656174,0.4119621813297272,0.7352843284606934,-0.035415906459093094,0.34349846839904785,0.6862226724624634,-0.029922237619757652,0.38902777433395386,0.6800689697265625,-0.04466540738940239,0.3991532325744629,0.714026689529419,-0.04187116026878357,0.3963452875614166,0.7346465587615967,-0.03551087528467178
K,0.39973774552345276,0.7881388664245605,1.5516887685862457e-07,0.4192463755607605,0.7188060283660889,-0.004040458705276251,0.4258090555667877,0.6521224975585938,-0.01054297760128975,0.43075940012931824,0.6054015159606934,-0.019108979031443596,0.44141483306884766,0.5649641752243042,-0.027397453784942627,0.36917731165885925,0.5946727395057678,-0.0035123946145176888,0.406667560338974,0.5590819120407104,-0.021558456122875214,0.42685171961784363,0.5316860675811768,-0.03514452278614044,0.44514405727386475,0.5056651830673218,-0.04387148842215538,0.3527548909187317,0.613010585308075,-0.010951293632388115,0.40975242853164673,0.6013099551200867,-0.03699042648077011,0.4368189871311188,0.6428173780441284,-0.044696658849716187,0.4530458450317383,0.6712773442268372,-0.04435054585337639,0.34665316343307495,0.6453455090522766,-0.019959110766649246,0.4047616720199585,0.6464522480964661,-0.04422657564282417,0.4181562662124634,0.6993956565856934,-0.04217080399394035,0.42001891136169434,0.7308934330940247,-0.03415561467409134,0.34712448716163635,0.6830688714981079,-0.02984524331986904,0.39261433482170105,0.6754843592643738,-0.04439808428287506,0.40515896677970886,0.7101277709007263,-0.04142351448535919,0.4052868187427521,0.7331271767616272,-0.034867286682128906
K,0.3831264078617096,0.8126307725906372,1.6494074372985779e-07,0.4008188843727112,0.7374071478843689,-0.006694520357996225,0.40602436661720276,0.6725037693977356,-0.015470532700419426,0.41204023361206055,0.6277543306350708,-0.024895422160625458,0.4216082990169525,0.5844719409942627,-0.033568982034921646,0.34493184089660645,0.6230280995368958,-0.011522773653268814,0.3856869041919708,0.5882341861724854,-0.02998003363609314,0.40656614303588867,0.5595141649246216,-0.042588505893945694,0.4248010516166687,0.5317124128341675,-0.050972580909729004,0.33434996008872986,0.6490066647529602,-0.017962951213121414,0.397453635931015,0.6312127113342285,-0.044047772884368896,0.4250444769859314,0.6695747971534729,-0.05066559463739395,0.43869149684906006,0.693450391292572,-0.05056794360280037,0.33516204357147217,0.6872195601463318,-0.02578449808061123,0.3980844020843506,0.6785535216331482,-0.050290729850530624,0.4100937247276306,0.7260791063308716,-0.0480974018573761,0.40728142857551575,0.7515522241592407,-0.04096570611000061,0.342284232378006,0.7272936701774597,-0.03444672375917435,0.39242786169052124,0.7117168307304382,-0.04956021159887314,0.40296700596809387,0.7428586483001709,-0.04724005237221718,0.39818075299263,0.7615090608596802,-0.04180121794342995
K,0.3784341514110565,0.831968367099762,1.8659167722034908e-07,0.39737290143966675,0.7477710843086243,-0.005873668473213911,0.40163883566856384,0.6825035214424133,-0.015062139369547367,0.4080529510974884,0.6329594254493713,-0.024917416274547577,0.4164825677871704,0.5837835073471069,-0.033747896552085876,0.3401781916618347,0.6385645866394043,-0.013876005075871944,0.38097959756851196,0.5921351313591003,-0.03134309500455856,0.40216386318206787,0.5601128339767456,-0.042529914528131485,0.41908907890319824,0.5319940447807312,-0.05024789646267891,0.3340916931629181,0.6645916700363159,-0.020681489259004593,0.39630332589149475,0.6346296072006226,-0.04470997303724289,0.4247632920742035,0.670067310333252,-0.049123164266347885,0.4382031559944153,0.693526029586792,-0.048609208315610886,0.33925336599349976,0.7005692720413208,-0.02871553972363472,0.40143534541130066,0.6818540692329407,-0.05061442404985428,0.4117421507835388,0.7263867259025574,-0.04632733389735222,0.40689948201179504,0.7518342137336731,-0.039134252816438675,0.34987592697143555,0.737022876739502,-0.03760477900505066,0.3995664119720459,0.7137983441352844,-0.05001937597990036,0.4086504578590393,0.7414569854736328,-0.04615533724427223,0.40284162759780884,0.7592991590499878,-0.040756501257419586
K,0.38337191939353943,0.8270142674446106,1.9418561691963987e-07,0.39964619278907776,0.7451697587966919,-0.0075245024636387825,0.40447211265563965,0.6811217665672302,-0.01770588383078575,0.411232054233551,0.6319446563720703,-0.028549259528517723,0.41925403475761414,0.5825182199478149,-0.038435786962509155,0.34292495250701904,0.6363834142684937,-0.013666112907230854,0.3818103075027466,0.5939504504203796,-0.03256542980670929,0.402938574552536,0.5633453130722046,-0.044529303908348083,0.42099329829216003,0.5354574918746948,-0.052159108221530914,0.3342951834201813,0.663131594657898,-0.019853195175528526,0.39658474922180176,0.6347647905349731,-0.04563097655773163,0.42461085319519043,0.6728752851486206,-0.05041920021176338,0.43806034326553345,0.6970206499099731,-0.049098625779151917,0.33697980642318726,0.700462818145752,-0.027581678703427315,0.398939847946167,0.6831420660018921,-0.052202895283699036,0.4104684591293335,0.7307214140892029,-0.04851044341921806,0.4073822796344757,0.7573547959327698,-0.0403253547847271,0.34548795223236084,0.7390640377998352,-0.03616829216480255,0.39459553360939026,0.7176047563552856,-0.05076389014720917,0.4048200845718384,0.7473059892654419,-0.04726331681013107,0.4002118706703186,0.7666175961494446,-0.04108591750264168
K,0.3912923336029053,0.8099342584609985,1.3958440092665114e-07,0.407463014125824,0.741019070148468,-0.004352716263383627,0.41203752160072327,0.6770062446594238,-0.010914204642176628,0.4176234006881714,0.6319654583930969,-0.019385898485779762,0.4282565116882324,0.5925574898719788,-0.027656327933073044,0.3552049994468689,0.6259366273880005,-0.0037334023509174585,0.3923034071922302,0.5935018062591553,-0.02230099029839039,0.4119563400745392,0.5655792355537415,-0.0363604761660099,0.42982256412506104,0.5374331474304199,-0.04535825923085213,0.34025391936302185,0.6471664905548096,-0.011139838956296444,0.397052526473999,0.6313437223434448,-0.03751746937632561,0.42334413528442383,0.6739141345024109,-0.04513535276055336,0.4388645589351654,0.7028564214706421,-0.04458929970860481,0.3357638120651245,0.6813770532608032,-0.020201310515403748,0.39429953694343567,0.6788603067398071,-0.04527672007679939,0.40791165828704834,0.7312748432159424,-0.04333208501338959,0.4096052050590515,0.7619938254356384,-0.035114847123622894,0.33772358298301697,0.7209997177124023,-0.030105646699666977,0.38345015048980713,0.7083256244659424,-0.0447344034910202,0.39631766080856323,0.7405622005462646,-0.04152129963040352,0.3959917724132538,0.7627969980239868,-0.034835364669561386
K,0.3921676278114319,0.7966050505638123,1.2586258435476338e-07,0.41089123487472534,0.7289113402366638,-0.0042516267858445644,0.4148244857788086,0.66131991147995,-0.009730142541229725,0.41801831126213074,0.6133300065994263,-0.01758522167801857,0.42847949266433716,0.5706504583358765,-0.025135831907391548,0.36537259817123413,0.6091592311859131,-7.984699186636135e-05,0.3955943286418915,0.5697970390319824,-0.018140437081456184,0.41188207268714905,0.5385740399360657,-0.03147217631340027,0.42688849568367004,0.5098623633384705,-0.0398443378508091,0.34688854217529297,0.6244581937789917,-0.007284338586032391,0.39675500988960266,0.6120366454124451,-0.03510069474577904,0.421897292137146,0.6578969359397888,-0.043121181428432465,0.43713873624801636,0.6897209286689758,-0.041803114116191864,0.3378435969352722,0.653497040271759,-0.016395902261137962,0.39049243927001953,0.6556961536407471,-0.04253125563263893,0.4024743139743805,0.7120115756988525,-0.04005730524659157,0.40345561504364014,0.7444155216217041,-0.030702244490385056,0.3340207040309906,0.68994140625,-0.026321547105908394,0.3749452829360962,0.6819063425064087,-0.04160410910844803,0.3864063322544098,0.7166370153427124,-0.037876006215810776,0.38530898094177246,0.7382768392562866,-0.030261928215622902
K,0.3889312446117401,0.7908127903938293,1.3814427290981257e-07,0.40888291597366333,0.7265225648880005,-0.007519676815718412,0.4122258126735687,0.6566570401191711,-0.012880057096481323,0.41048914194107056,0.6080387234687805,-0.019671933725476265,0.42002546787261963,0.5660213828086853,-0.026262253522872925,0.36519649624824524,0.6051499843597412,-0.002284945687279105,0.39195477962493896,0.5678327679634094,-0.01908692717552185,0.40570569038391113,0.5380836725234985,-0.030940793454647064,0.4189601540565491,0.5102759003639221,-0.0379958301782608,0.34483852982521057,0.6175450682640076,-0.00636286661028862,0.3857470154762268,0.6080475449562073,-0.032468199729919434,0.4086092412471771,0.650998592376709,-0.03981418535113335,0.4243960976600647,0.6825235486030579,-0.03794292360544205,0.3317680358886719,0.6429623961448669,-0.012484021484851837,0.37746986746788025,0.6483557820320129,-0.03897734358906746,0.391196072101593,0.7051347494125366,-0.03754645958542824,0.3958156704902649,0.7418655753135681,-0.028245942667126656,0.322632759809494,0.6769639849662781,-0.01943473145365715,0.36012038588523865,0.6705487966537476,-0.0361877903342247,0.37531882524490356,0.7074792385101318,-0.033933937549591064,0.37876784801483154,0.7342612147331238,-0.02677207998931408
K,0.38390234112739563,0.8061544299125671,1.1547640355047406e-07,0.4053241014480591,0.754427433013916,-0.012747028842568398,0.41072311997413635,0.6837223768234253,-0.019008159637451172,0.40823760628700256,0.6346893310546875,-0.025161270052194595,0.4189539849758148,0.5929448008537292,-0.03087116964161396,0.3730064332485199,0.6304635405540466,-0.004766011144965887,0.39305248856544495,0.6010401248931885,-0.022512152791023254,0.40513429045677185,0.5741850733757019,-0.034967683255672455,0.41779786348342896,0.5490289926528931,-0.04201603680849075,0.3510524332523346,0.6376263499259949,-0.0059918249025940895,0.37965524196624756,0.6315538287162781,-0.03259388357400894,0.39738431572914124,0.6827329397201538,-0.03980501368641853,0.40923330187797546,0.7196934819221497,-0.03718963637948036,0.3343466520309448,0.6600431799888611,-0.009874468669295311,0.36758437752723694,0.6719776391983032,-0.03742695972323418,0.3797946870326996,0.728466272354126,-0.0358692891895771,0.3833581507205963,0.7623139023780823,-0.026022646576166153,0.32005828619003296,0.6911191344261169,-0.014821456745266914,0.34763604402542114,0.691100001335144,-0.03227052092552185,0.36108607053756714,0.7280238270759583,-0.029375707730650902,0.363282173871994,0.7516945600509644,-0.02157904952764511
K,0.37911689281463623,0.8244708776473999,9.081486496143043e-08,0.4017642140388489,0.7776594758033752,-0.014778058044612408,0.40863585472106934,0.7040539979934692,-0.019992753863334656,0.400834321975708,0.6524055600166321,-0.024115288630127907,0.40388035774230957,0.6113795042037964,-0.027859054505825043,0.37988710403442383,0.6576398015022278,-0.0073613557033240795,0.39091405272483826,0.6305307149887085,-0.02420082315802574,0.3988164961338043,0.6044397950172424,-0.03548242896795273,0.40822213888168335,0.5793001651763916,-0.041701968759298325,0.35553839802742004,0.6602859497070312,-0.006539445836097002,0.3735215663909912,0.656785249710083,-0.03176942840218544,0.38596630096435547,0.7108942270278931,-0.03754161298274994,0.3953074812889099,0.7500281929969788,-0.03399740159511566,0.33521461486816406,0.6786643266677856,-0.008449860848486423,0.357052206993103,0.69499272108078,-0.03481389209628105,0.3685489296913147,0.7504987120628357,-0.032173220068216324,0.3750784993171692,0.7843007445335388,-0.021878967061638832,0.3168524503707886,0.7067124247550964,-0.011518044397234917,0.3365439772605896,0.7134271264076233,-0.02925752103328705,0.35030680894851685,0.7528625726699829,-0.026538118720054626,0.3559021055698395,0.7763798236846924,-0.01873716153204441
K,0.3913567364215851,0.8056215643882751,1.8684065139495942e-07,0.41079631447792053,0.7302381992340088,-0.004436148796230555,0.41313111782073975,0.6600000262260437,-0.010221516713500023,0.413889616727829,0.6106598973274231,-0.018184857442975044,0.4212205708026886,0.5636935830116272,-0.025713924318552017,0.3637453019618988,0.610230028629303,-0.0027363107074052095,0.3914874196052551,0.5708957314491272,-0.019483918324112892,0.4062193036079407,0.539849042892456,-0.031519658863544464,0.4193817377090454,0.5106862187385559,-0.03944959118962288,0.34481126070022583,0.6281729340553284,-0.009767013601958752,0.3934430480003357,0.6191920042037964,-0.036801788955926895,0.4252426028251648,0.6442999243736267,-0.04649296775460243,0.4474124312400818,0.6628742218017578,-0.04728329926729202,0.3358742296695709,0.6593578457832336,-0.018269438296556473,0.39189624786376953,0.6674792170524597,-0.042913127690553665,0.4031219184398651,0.7184969186782837,-0.04259861633181572,0.4030430316925049,0.7498334646224976,-0.03579473868012428,0.3328453004360199,0.6969487071037292,-0.02769063599407673,0.37853190302848816,0.695681095123291,-0.042720727622509,0.3894772529602051,0.7302857637405396,-0.04135146737098694,0.3867805600166321,0.7520015239715576,-0.036040011793375015
K,0.41323620080947876,0.7455986738204956,2.4739523496464244e-07,0.43444931507110596,0.6736098527908325,0.0007726742187514901,0.44117793440818787,0.5989737510681152,-0.002550969598814845,0.4464942216873169,0.5469620823860168,-0.009088888764381409,0.45457544922828674,0.501085638999939,-0.01534824538975954,0.3884424567222595,0.55078125,0.0017328545218333602,0.42388540506362915,0.5054954290390015,-0.0126668531447649,0.443435400724411,0.47389793395996094,-0.023336609825491905,0.4604175090789795,0.4434875547885895,-0.03053000383079052,0.3717505931854248,0.5618546605110168,-0.00726790027692914,0.4263385534286499,0.5447940230369568,-0.030837077647447586,0.4591389000415802,0.5612339973449707,-0.039233215153217316,0.48271146416664124,0.5735563635826111,-0.04015747085213661,0.36506128311157227,0.5843906402587891,-0.017201164737343788,0.42500007152557373,0.5846548676490784,-0.03966529667377472,0.4353067874908447,0.6431686282157898,-0.03754043206572533,0.4352613389492035,0.6804089546203613,-0.029926646500825882,0.3646441698074341,0.6127817034721375,-0.02771022915840149,0.4122644066810608,0.6059348583221436,-0.042130663990974426,0.42343875765800476,0.6474167704582214,-0.03927077353000641,0.4225054085254669,0.6756813526153564,-0.03291257843375206
K,0.42248716950416565,0.7694795727729797,2.677014379059983e-07,0.44232994318008423,0.690857470035553,0.0006268482538871467,0.4482675790786743,0.6190993785858154,-0.0033499181736260653,0.45253509283065796,0.566048800945282,-0.010554756037890911,0.4587826132774353,0.5189118385314941,-0.017579862847924232,0.39391934871673584,0.5761045217514038,0.0011304275831207633,0.42909789085388184,0.5242581367492676,-0.013103305362164974,0.4477332830429077,0.4882267117500305,-0.023754220455884933,0.46338772773742676,0.45437026023864746,-0.03094886988401413,0.3796404004096985,0.5871236324310303,-0.007681161630898714,0.4385935664176941,0.5657424926757812,-0.031044963747262955,0.47314924001693726,0.5779560804367065,-0.039255816489458084,0.49726057052612305,0.5896576046943665,-0.04023835435509682,0.37592747807502747,0.6093794107437134,-0.017306676134467125,0.4391603171825409,0.6053920984268188,-0.039050716906785965,0.4509589374065399,0.6616212725639343,-0.036232780665159225,0.4516989290714264,0.6998554468154907,-0.02837374433875084,0.3787928521633148,0.6367418169975281,-0.0276021845638752,0.4283594489097595,0.6279782056808472,-0.04122309759259224,0.4400518238544464,0.668744683265686,-0.03774652257561684,0.439231812953949,0.6989954113960266,-0.031009742990136147
K,0.3846887946128845,0.8180860280990601,2.494011823728215e-07,0.4029422104358673,0.7341328263282776,-0.003212801180779934,0.40362703800201416,0.6560302972793579,-0.009521537460386753,0.40451282262802124,0.6023921370506287,-0.018232829868793488,0.4107973873615265,0.5506577491760254,-0.026618430390954018,0.3447602093219757,0.6144760847091675,-0.0044746408239007,0.37669798731803894,0.5620549917221069,-0.02202269807457924,0.3929530382156372,0.5204479098320007,-0.034917138516902924,0.4070091247558594,0.4822118878364563,-0.04378189519047737,0.328344464302063,0.6356794834136963,-0.013037084601819515,0.388204962015152,0.6097493767738342,-0.041621919721364975,0.4255514144897461,0.6272135376930237,-0.05099644884467125,0.4496769607067108,0.6409087777137756,-0.05187712237238884,0.32402393221855164,0.6685640811920166,-0.022775085642933846,0.3896348178386688,0.6559123396873474,-0.04862413927912712,0.40466341376304626,0.7105086445808411,-0.04619518667459488,0.4050579369068146,0.7459812164306641,-0.03811880946159363,0.327229768037796,0.7060002684593201,-0.03342914581298828,0.37840285897254944,0.6874640583992004,-0.049689680337905884,0.3921751379966736,0.7246603965759277,-0.0468260832130909,0.390437513589859,0.7510402202606201,-0.04039691016077995
K,0.3646453022956848,0.8294127583503723,2.1506735947696143e-07,0.38243603706359863,0.7434614300727844,-0.0038082057144492865,0.38087689876556396,0.6629655361175537,-0.009966723620891571,0.38014447689056396,0.6079021096229553,-0.01895323395729065,0.38687270879745483,0.5567734241485596,-0.027642322704195976,0.3218882381916046,0.6196324229240417,-0.004031744785606861,0.3489586114883423,0.5668483376502991,-0.02306436002254486,0.3632723093032837,0.5262069702148438,-0.036688704043626785,0.3761124014854431,0.486581027507782,-0.04584056884050369,0.3032620847225189,0.6464542746543884,-0.013121623545885086,0.360828161239624,0.6184861063957214,-0.04479942098259926,0.39912188053131104,0.6423253417015076,-0.055081386119127274,0.424124151468277,0.6586710214614868,-0.05533478781580925,0.297370046377182,0.6847051382064819,-0.02366670034825802,0.3630927801132202,0.670852780342102,-0.051976170390844345,0.3798286020755768,0.7267767786979675,-0.05017893388867378,0.38118866086006165,0.7614911794662476,-0.04145755618810654,0.2987297475337982,0.7273787260055542,-0.03518356382846832,0.35026198625564575,0.7044755816459656,-0.05199938639998436,0.3641645312309265,0.7402258515357971,-0.04918750002980232,0.36178937554359436,0.7647150754928589,-0.042385533452034
K,0.3685983419418335,0.8284592628479004,1.9853801802582893e-07,0.38415801525115967,0.7431536912918091,-0.004791722632944584,0.3812093734741211,0.6625016927719116,-0.011240907944738865,0.37910687923431396,0.6059613227844238,-0.020178070291876793,0.3847915530204773,0.5534087419509888,-0.02868802100419998,0.321817547082901,0.6212409734725952,-0.004515247885137796,0.3466702997684479,0.5672101378440857,-0.02419721893966198,0.36008211970329285,0.5254678726196289,-0.03795098140835762,0.37221524119377136,0.48440778255462646,-0.047087978571653366,0.3026958703994751,0.6486071944236755,-0.013256780803203583,0.36002466082572937,0.6160061359405518,-0.04560839384794235,0.39869827032089233,0.6443007588386536,-0.0549960695207119,0.4235055446624756,0.6646687388420105,-0.05426350608468056,0.29705825448036194,0.687713623046875,-0.02375294826924801,0.36266422271728516,0.6720428466796875,-0.0525541752576828,0.37963971495628357,0.7284718751907349,-0.0501348078250885,0.38119226694107056,0.7631986141204834,-0.040846072137355804,0.29942774772644043,0.7319802641868591,-0.03531891852617264,0.3505120277404785,0.7074329257011414,-0.05218805745244026,0.364812970161438,0.7430803775787354,-0.04917632043361664,0.36260703206062317,0.7681282758712769,-0.042284052819013596
K,0.36861056089401245,0.843651294708252,2.895457669183088e-07,0.38802453875541687,0.749160885810852,-0.0017361192731186748,0.38875043392181396,0.6668190360069275,-0.007153236772865057,0.3860994577407837,0.6136320233345032,-0.015951797366142273,0.385827898979187,0.5609171390533447,-0.024612639099359512,0.32612094283103943,0.6206368803977966,-0.0030431931372731924,0.3571522831916809,0.5640832781791687,-0.020779667422175407,0.3715262711048126,0.5236905813217163,-0.03386637195944786,0.38415658473968506,0.4831690788269043,-0.04312814772129059,0.3080745339393616,0.6454694867134094,-0.013271884061396122,0.3650534451007843,0.6179475784301758,-0.040941834449768066,0.40320125222206116,0.6179239153862,-0.052058592438697815,0.43093112111091614,0.615082859992981,-0.05515819415450096,0.30316370725631714,0.6840287446975708,-0.02450459636747837,0.371624231338501,0.6736976504325867,-0.05089794471859932,0.38753604888916016,0.7317461371421814,-0.04854287952184677,0.38834553956985474,0.7675482034683228,-0.04069477692246437,0.30644333362579346,0.7277728319168091,-0.0366031676530838,0.3599392771720886,0.7091975212097168,-0.05436576530337334,0.3749982714653015,0.7489309906959534,-0.05119013413786888,0.37349167466163635,0.7755774259567261,-0.044255580753088
K,0.3577728271484375,0.8541591763496399,3.1766390407028666e-07,0.379996120929718,0.7574618458747864,-0.0017271965043619275,0.38410302996635437,0.6784126162528992,-0.009377078153192997,0.3852074444293976,0.6236456036567688,-0.020178040489554405,0.38960081338882446,0.5677409172058105,-0.030473029240965843,0.321257621049881,0.6258819103240967,-0.006418886594474316,0.3578203022480011,0.5689690709114075,-0.02494708076119423,0.3766423463821411,0.5289628505706787,-0.03874949365854263,0.3923570215702057,0.4910212457180023,-0.04887455329298973,0.3085283935070038,0.6475822329521179,-0.01709761470556259,0.37335580587387085,0.625270426273346,-0.04424658417701721,0.41445237398147583,0.6306891441345215,-0.05472758412361145,0.4421977400779724,0.631752610206604,-0.05859418958425522,0.30866873264312744,0.6842371821403503,-0.02859075926244259,0.3819560408592224,0.678733766078949,-0.05295141786336899,0.39399170875549316,0.7350013852119446,-0.04862146079540253,0.3904898464679718,0.7699084281921387,-0.040940169245004654,0.3163815140724182,0.7259465456008911,-0.041111934930086136,0.3741679787635803,0.7120043635368347,-0.05731070786714554,0.385078489780426,0.7513067722320557,-0.05288110673427582,0.37918874621391296,0.7777594327926636,-0.045953646302223206
K,0.3582562506198883,0.8578703999519348,2.779204919534095e-07,0.38073068857192993,0.7612527012825012,-0.003658067900687456,0.3841564655303955,0.6829736232757568,-0.011932906694710255,0.3851410746574402,0.6285333037376404,-0.022783566266298294,0.389890193939209,0.5720683932304382,-0.03305114060640335,0.32152265310287476,0.627784788608551,-0.007621442433446646,0.358117014169693,0.5721486210823059,-0.027449090033769608,0.3769683241844177,0.5307296514511108,-0.041924938559532166,0.3928582966327667,0.4930810332298279,-0.052347615361213684,0.3074166178703308,0.6519299149513245,-0.01751069352030754,0.37261900305747986,0.6287820935249329,-0.047414571046829224,0.4132416546344757,0.6485796570777893,-0.057681333273649216,0.43885713815689087,0.6621912717819214,-0.06016824394464493,0.3067193925380707,0.6912875771522522,-0.028491295874118805,0.37957674264907837,0.6854011416435242,-0.05456497147679329,0.3913235366344452,0.7421428561210632,-0.04996493458747864,0.38643068075180054,0.7763231992721558,-0.04144495725631714,0.3137091100215912,0.7359573841094971,-0.0405954010784626,0.37146174907684326,0.7226409316062927,-0.05719329044222832,0.38204407691955566,0.7604243755340576,-0.05281782150268555,0.37473273277282715,0.7848548293113708,-0.04575265944004059
K,0.35475653409957886,0.8612508177757263,2.76977544899637e-07,0.3740653991699219,0.761256754398346,-0.0015530958771705627,0.37834927439689636,0.6839103102684021,-0.01009982731193304,0.3830465078353882,0.6265397071838379,-0.020917754620313644,0.38833674788475037,0.5679327249526978,-0.03111393004655838,0.31449228525161743,0.6302015781402588,-0.01114628091454506,0.3556302487850189,0.5705273151397705,-0.028404774144291878,0.3762296140193939,0.5282713174819946,-0.04064545780420303,0.3931245803833008,0.49131739139556885,-0.04980456456542015,0.30742207169532776,0.6579068899154663,-0.021208535879850388,0.3770141899585724,0.6284363865852356,-0.04656181111931801,0.4147067666053772,0.6478919982910156,-0.05455884337425232,0.43744057416915894,0.6624283790588379,-0.057047683745622635,0.3132973909378052,0.6986758708953857,-0.03155069798231125,0.3872138559818268,0.6866042017936707,-0.05237822234630585,0.39642059803009033,0.7365952730178833,-0.04697293043136597,0.3904181122779846,0.7676783800125122,-0.039801739156246185,0.32557395100593567,0.7416081428527832,-0.04280385747551918,0.3849506974220276,0.7245553731918335,-0.054723531007766724,0.3934799134731293,0.7569643259048462,-0.049483366310596466,0.3861694633960724,0.778540313243866,-0.04306845739483833
K,0.3474273979663849,0.8510892391204834,3.153979832859477e-07,0.35584622621536255,0.7627888917922974,-9.958370355889201e-05,0.36099544167518616,0.6833646297454834,-0.00918082520365715,0.37325000762939453,0.6231557130813599,-0.0201641283929348,0.3787960112094879,0.5689788460731506,-0.030411016196012497,0.3067953586578369,0.6382180452346802,-0.017638392746448517,0.35024166107177734,0.569096565246582,-0.03313584253191948,0.36989787220954895,0.52569180727005,-0.04327604919672012,0.3847990930080414,0.48882240056991577,-0.05115991085767746,0.30897200107574463,0.6705372929573059,-0.028142523020505905,0.3769318461418152,0.6281446814537048,-0.05060632899403572,0.41213032603263855,0.6410835981369019,-0.05690469965338707,0.43342435359954834,0.6512370705604553,-0.059525854885578156,0.32197681069374084,0.7091909050941467,-0.0380525179207325,0.39139169454574585,0.6854032874107361,-0.053797364234924316,0.39492544531822205,0.7279812097549438,-0.047559794038534164,0.38486483693122864,0.7528722286224365,-0.04206538945436478,0.3395099341869354,0.7439565658569336,-0.048708315938711166,0.3959594666957855,0.7200601100921631,-0.055817246437072754,0.3985649645328522,0.7484540343284607,-0.04964430630207062,0.3885406255722046,0.7657909393310547,-0.044386886060237885
K,0.3419545888900757,0.8484290242195129,2.915701884376176e-07,0.33550968766212463,0.7687300443649292,0.0031862244941294193,0.34062960743904114,0.6874092817306519,-0.005681022070348263,0.35980910062789917,0.6223692893981934,-0.01640275865793228,0.37102624773979187,0.5716193914413452,-0.026804067194461823,0.3021557331085205,0.6468415856361389,-0.022269010543823242,0.34557875990867615,0.5686825513839722,-0.03672831505537033,0.3648671805858612,0.5259348154067993,-0.04495629295706749,0.37915730476379395,0.4896370470523834,-0.05123009905219078,0.311257928609848,0.6775460243225098,-0.03333430737257004,0.3742130398750305,0.6236329078674316,-0.05191683769226074,0.40615567564964294,0.6355938911437988,-0.05454977601766586,0.42450106143951416,0.6441920399665833,-0.05558798462152481,0.3295838534832001,0.7122259736061096,-0.04296373203396797,0.3894590735435486,0.6780347228050232,-0.053640756756067276,0.39222389459609985,0.7161782383918762,-0.04437563940882683,0.38283467292785645,0.7391104698181152,-0.0381353497505188,0.35118842124938965,0.7418314218521118,-0.053052280098199844,0.3987652659416199,0.7092154622077942,-0.05509087070822716,0.3985742926597595,0.7361518144607544,-0.0460471510887146,0.3880012035369873,0.7535975575447083,-0.03973910212516785
K,0.3404042720794678,0.847963273525238,2.812307968724781e-07,0.33247971534729004,0.7689988017082214,0.0038890540599823,0.33810296654701233,0.687223494052887,-0.005032033193856478,0.3583484888076782,0.6220972537994385,-0.015829766169190407,0.3711889684200287,0.5714184045791626,-0.02649209462106228,0.29968661069869995,0.6471213102340698,-0.02344042807817459,0.3427395224571228,0.568075954914093,-0.03737161308526993,0.3617890179157257,0.5257018804550171,-0.0448085218667984,0.3760075867176056,0.48940104246139526,-0.05041729658842087,0.30902397632598877,0.676748514175415,-0.03473983332514763,0.37191224098205566,0.6222826838493347,-0.052231740206480026,0.40262362360954285,0.6364452838897705,-0.05361424386501312,0.41982269287109375,0.6474878787994385,-0.05375910922884941,0.32786476612091064,0.7108571529388428,-0.044430576264858246,0.38689082860946655,0.6775141954421997,-0.0542953796684742,0.39029908180236816,0.7173386216163635,-0.04432744160294533,0.38189035654067993,0.7418672442436218,-0.03751961514353752,0.3501599133014679,0.7398298382759094,-0.05447494238615036,0.3963230550289154,0.7081347703933716,-0.0554288774728775,0.3968878388404846,0.7363195419311523,-0.04555285722017288,0.3874184489250183,0.7548572421073914,-0.03866944462060928
K,0.35095202922821045,0.8620154857635498,2.6018005883088335e-07,0.3714165985584259,0.7662991881370544,-0.003496588673442602,0.3776189386844635,0.6865770816802979,-0.012618772685527802,0.38442710041999817,0.6262317895889282,-0.02345624566078186,0.3913831412792206,0.566898763179779,-0.03340964391827583,0.3160053789615631,0.6320234537124634,-0.01390165463089943,0.35909155011177063,0.5699514150619507,-0.030547890812158585,0.38126951456069946,0.5286177396774292,-0.041186459362506866,0.3993207812309265,0.49473124742507935,-0.048853904008865356,0.3111170530319214,0.6603507995605469,-0.022596336901187897,0.3802686929702759,0.6266664862632751,-0.04724099859595299,0.41455012559890747,0.6522322297096252,-0.05345293506979942,0.4343400001525879,0.6750209331512451,-0.05439267307519913,0.3181057572364807,0.6998543739318848,-0.03174234926700592,0.39061158895492554,0.6873959302902222,-0.0527665838599205,0.3988545835018158,0.735809862613678,-0.04782065376639366,0.39328423142433167,0.7661911845207214,-0.04060371592640877,0.331406831741333,0.7390812635421753,-0.041710127145051956,0.39066818356513977,0.7218734622001648,-0.05302191153168678,0.39734572172164917,0.7541291117668152,-0.04815760254859924,0.38969120383262634,0.7762304544448853,-0.04217429459095001
K,0.35830017924308777,0.8635109663009644,2.644595156198193e-07,0.38538581132888794,0.7714552879333496,-0.005215926561504602,0.3906902074813843,0.6937227249145508,-0.014073576778173447,0.3926364779472351,0.637564480304718,-0.025206543505191803,0.399017870426178,0.5792147517204285,-0.03585001081228256,0.3292980194091797,0.6323112845420837,-0.008364667184650898,0.3674587607383728,0.5786944031715393,-0.0296824611723423,0.3898034691810608,0.5392020344734192,-0.04514351487159729,0.4089178144931793,0.5039610862731934,-0.05565107241272926,0.31373679637908936,0.6544747352600098,-0.017535105347633362,0.3801467716693878,0.6347914338111877,-0.04898905009031296,0.41731807589530945,0.6693214774131775,-0.05888024717569351,0.43879029154777527,0.6944907903671265,-0.060182880610227585,0.3108505308628082,0.6920838356018066,-0.028168516233563423,0.38206297159194946,0.692224383354187,-0.0565437451004982,0.3933730721473694,0.7529717683792114,-0.05243489518761635,0.3892282247543335,0.7889635562896729,-0.0430377833545208,0.3148065209388733,0.735228419303894,-0.03989105299115181,0.3716779351234436,0.7287676930427551,-0.05710029602050781,0.38212403655052185,0.7699804306030273,-0.0525212436914444,0.3758465051651001,0.7959961891174316,-0.044761933386325836
K,0.35194724798202515,0.8629367351531982,2.1145874029571132e-07,0.3764204978942871,0.7785342931747437,-0.004001268185675144,0.38226649165153503,0.6953492760658264,-0.009737634100019932,0.3867904543876648,0.6364980340003967,-0.01859559491276741,0.39995741844177246,0.5842833518981934,-0.0272334273904562,0.32753244042396545,0.6357996463775635,-0.0010229747276753187,0.36190006136894226,0.5880640149116516,-0.021264225244522095,0.38156193494796753,0.5495845675468445,-0.035641398280858994,0.39937734603881836,0.5146652460098267,-0.04463382810354233,0.30372679233551025,0.6531727313995361,-0.00992250069975853,0.36265456676483154,0.6408306956291199,-0.04283997789025307,0.396576851606369,0.6839858293533325,-0.05322651565074921,0.418302059173584,0.7183877229690552,-0.052391860634088516,0.29080891609191895,0.6867123246192932,-0.02062741294503212,0.35501614212989807,0.6967756748199463,-0.05070372298359871,0.3679754137992859,0.7627943754196167,-0.048299383372068405,0.3681240677833557,0.8036608099937439,-0.03789730742573738,0.28364109992980957,0.7299659848213196,-0.03231777623295784,0.33444103598594666,0.7287189364433289,-0.04944358393549919,0.34755754470825195,0.7712006568908691,-0.04534061625599861,0.345714271068573,0.7981964945793152,-0.036826957017183304
K,0.3503348231315613,0.8554797768592834,2.1766689428659447e-07,0.37622159719467163,0.7874141931533813,-0.010632256977260113,0.383017897605896,0.698039174079895,-0.015711363404989243,0.38634049892425537,0.6356514692306519,-0.022277267649769783,0.3986753523349762,0.5863982439041138,-0.028581472113728523,0.3445607125759125,0.6450603008270264,-0.0038397121243178844,0.3671303391456604,0.5989348888397217,-0.025219742208719254,0.3819425404071808,0.5615230798721313,-0.03968725726008415,0.397491991519928,0.5271537899971008,-0.04767170175909996,0.3181181252002716,0.65151047706604,-0.008216219954192638,0.3467046916484833,0.6371331214904785,-0.0426347590982914,0.3715640902519226,0.6874414682388306,-0.053209345787763596,0.39168357849121094,0.7291347980499268,-0.0508427619934082,0.2964304983615875,0.6745572686195374,-0.015307932160794735,0.33381929993629456,0.6896902918815613,-0.04989086464047432,0.34934544563293457,0.7600789070129395,-0.048745978623628616,0.3554750680923462,0.8055607080459595,-0.0368492417037487,0.27677688002586365,0.7081893086433411,-0.023405928164720535,0.3101001977920532,0.7118433713912964,-0.04472542181611061,0.3254448473453522,0.7593652606010437,-0.04133870452642441,0.3292612135410309,0.7903832793235779,-0.0319172628223896
K,0.3467010259628296,0.8459580540657043,2.865011197172862e-07,0.3732399344444275,0.7886055111885071,-0.013633795082569122,0.3764863610267639,0.6923615336418152,-0.01638387143611908,0.36932915449142456,0.6244505047798157,-0.019519375637173653,0.37031295895576477,0.5739448070526123,-0.022278660908341408,0.345260351896286,0.6590994596481323,-0.005764896981418133,0.35874900221824646,0.607900857925415,-0.023918598890304565,0.37404701113700867,0.5766968131065369,-0.03628793731331825,0.38954028487205505,0.5492622256278992,-0.04292468726634979,0.31982186436653137,0.6688100099563599,-0.007380906492471695,0.32665330171585083,0.6324536800384521,-0.03684372082352638,0.3482399880886078,0.6469579935073853,-0.04829106107354164,0.3672068119049072,0.6644541025161743,-0.04824163764715195,0.29656895995140076,0.6911017894744873,-0.011501206085085869,0.3169814944267273,0.6804944276809692,-0.04470003396272659,0.3356706500053406,0.7481114864349365,-0.04398633539676666,0.3444110155105591,0.7966418266296387,-0.03261813893914223,0.2737325131893158,0.7218862175941467,-0.016524910926818848,0.2949530780315399,0.7041420340538025,-0.03925907611846924,0.3110998868942261,0.7509203553199768,-0.03588775545358658,0.31618213653564453,0.7839222550392151,-0.026383591815829277
K,0.34868109226226807,0.8466779589653015,3.0417106700042496e-07,0.37298983335494995,0.7840464115142822,-0.014867316000163555,0.374982625246048,0.6905273795127869,-0.02012638933956623,0.3684985935688019,0.6220399141311646,-0.025966065004467964,0.3717581331729889,0.5687105059623718,-0.03125021234154701,0.34377947449684143,0.653827428817749,-0.008230847306549549,0.3564659059047699,0.6004635095596313,-0.029239697381854057,0.36843228340148926,0.5609273314476013,-0.04351788014173508,0.381594181060791,0.5255524516105652,-0.0511748380959034,0.31787607073783875,0.6640992164611816,-0.009919173084199429,0.32812485098838806,0.6397777795791626,-0.04251868650317192,0.3509203791618347,0.6563780903816223,-0.05387203022837639,0.3723718523979187,0.6762781143188477,-0.05325327813625336,0.29456663131713867,0.6875227093696594,-0.014513565227389336,0.31872785091400146,0.6853341460227966,-0.048821642994880676,0.3364381492137909,0.7502658367156982,-0.047127604484558105,0.3466692864894867,0.7991964221000671,-0.03492550179362297,0.27268049120903015,0.7202556729316711,-0.02042500302195549,0.2982615530490875,0.7076647281646729,-0.04312732815742493,0.3139367401599884,0.7527535557746887,-0.03956745192408562,0.31926649808883667,0.7870966792106628,-0.0296823401004076
K,0.3534911870956421,0.8509188294410706,2.6636070060703787e-07,0.37138131260871887,0.7744892835617065,-0.0076767499558627605,0.3693629801273346,0.6832964420318604,-0.011832077987492085,0.36840832233428955,0.6189123392105103,-0.018398843705654144,0.3806896209716797,0.5668182969093323,-0.02498810924589634,0.32719096541404724,0.6428470015525818,-0.002379546407610178,0.34510135650634766,0.5843825936317444,-0.019673405215144157,0.35507506132125854,0.540087878704071,-0.031084788963198662,0.3650835156440735,0.49932026863098145,-0.0375077910721302,0.3027522563934326,0.6584380269050598,-0.007093384861946106,0.333251953125,0.6346441507339478,-0.036853957921266556,0.3627791404724121,0.6563611030578613,-0.04650534689426422,0.38701364398002625,0.6793344020843506,-0.044955410063266754,0.2839509844779968,0.6864544153213501,-0.013793598860502243,0.3249327540397644,0.6838585138320923,-0.04496914893388748,0.3444223701953888,0.7489845752716064,-0.04406929388642311,0.353916734457016,0.7975572347640991,-0.03312220796942711,0.26857590675354004,0.7240587472915649,-0.021300187334418297,0.3051340878009796,0.7111008763313293,-0.04155578464269638,0.3247077763080597,0.7551955580711365,-0.038933783769607544,0.3319605588912964,0.7913322448730469,-0.03016619198024273
K,0.35516074299812317,0.8493647575378418,2.412696176179452e-07,0.37074995040893555,0.7662129402160645,-0.00551965506747365,0.3660776615142822,0.6762276291847229,-0.009736675769090652,0.36455467343330383,0.6153689026832581,-0.016697078943252563,0.37614384293556213,0.5636271834373474,-0.023660335689783096,0.3159307837486267,0.6393477916717529,-0.002423731377348304,0.3382900655269623,0.5779158473014832,-0.019832458347082138,0.3494589328765869,0.534252941608429,-0.03129560872912407,0.3595932126045227,0.4923773407936096,-0.03820779174566269,0.292712926864624,0.6604304313659668,-0.008981414139270782,0.33692750334739685,0.63039231300354,-0.039793629199266434,0.3718043863773346,0.6557558178901672,-0.049049802124500275,0.3970099687576294,0.677919864654541,-0.04719001427292824,0.27851539850234985,0.693272054195404,-0.017166003584861755,0.33134621381759644,0.6841438412666321,-0.047818176448345184,0.35162553191185,0.7482722997665405,-0.0464569516479969,0.35860735177993774,0.7934998869895935,-0.03574274480342865,0.26924023032188416,0.7347073554992676,-0.026073480024933815,0.3120627999305725,0.7167196273803711,-0.04517141729593277,0.3325534164905548,0.7581163644790649,-0.0421895831823349,0.338297039270401,0.7905699014663696,-0.03363305702805519
K,0.3482464551925659,0.8516750931739807,2.4197237280532136e-07,0.3622514307498932,0.7653111219406128,-0.003200929146260023,0.3585340976715088,0.6805288195610046,-0.008911080658435822,0.35572436451911926,0.6215596199035645,-0.01761147566139698,0.35892513394355774,0.5667259097099304,-0.026061054319143295,0.29865074157714844,0.6380085945129395,-0.0036742514930665493,0.3270168602466583,0.5763981342315674,-0.022292431443929672,0.3407904803752899,0.5319305062294006,-0.03525036200881004,0.35291483998298645,0.4907379150390625,-0.043684009462594986,0.2791089713573456,0.663172721862793,-0.012607572600245476,0.3356392979621887,0.6293244957923889,-0.042866360396146774,0.3743779957294464,0.643073558807373,-0.05312460660934448,0.40070199966430664,0.6538153886795044,-0.05365698039531708,0.2721269726753235,0.6996129155158997,-0.02273101918399334,0.3380596935749054,0.6829609870910645,-0.05059173330664635,0.35757362842559814,0.7415243983268738,-0.04822854697704315,0.3606424629688263,0.7789801955223083,-0.039051879197359085,0.2721771001815796,0.7410006523132324,-0.033733729273080826,0.32292428612709045,0.7215101718902588,-0.05060022324323654,0.33995842933654785,0.7593409419059753,-0.04712245240807533,0.34025442600250244,0.784450113773346,-0.03952593728899956
K,0.3508942723274231,0.8519079685211182,2.4939882337093877e-07,0.36610907316207886,0.7583134770393372,-0.0026899490039795637,0.36273854970932007,0.6753899455070496,-0.009270938113331795,0.3592647910118103,0.6188982725143433,-0.018823646008968353,0.3600314259529114,0.5623763799667358,-0.027936652302742004,0.30098187923431396,0.6337893009185791,-0.0046098558232188225,0.32874205708503723,0.5728270411491394,-0.02378879487514496,0.3438749313354492,0.5280691385269165,-0.03765372931957245,0.3573431372642517,0.4869629740715027,-0.04706546664237976,0.28276506066322327,0.6617291569709778,-0.014345877803862095,0.34194415807724,0.6294276118278503,-0.045700933784246445,0.38268402218818665,0.6416678428649902,-0.056730005890131,0.41082897782325745,0.6518529057502747,-0.058175504207611084,0.2782708406448364,0.700709342956543,-0.025169502943754196,0.3468083441257477,0.683380126953125,-0.05209292843937874,0.36445531249046326,0.7395007610321045,-0.04922889918088913,0.3661211431026459,0.7762566804885864,-0.04064105078577995,0.2819235026836395,0.74311763048172,-0.03703634440898895,0.3353453576564789,0.7207430005073547,-0.05319754034280777,0.3497714698314667,0.757174015045166,-0.04965128004550934,0.34712907671928406,0.7819964289665222,-0.042568668723106384
K,0.34102144837379456,0.858109712600708,2.6510281259106705e-07,0.35934293270111084,0.7588907480239868,-0.003183427033945918,0.3593701422214508,0.6784173250198364,-0.011022553779184818,0.3573947548866272,0.6211457848548889,-0.02102753147482872,0.35767480731010437,0.5632587671279907,-0.030492261052131653,0.29383793473243713,0.6323573589324951,-0.009673578664660454,0.3282134234905243,0.5690031051635742,-0.027796786278486252,0.34627780318260193,0.5253068208694458,-0.041077882051467896,0.36170732975006104,0.4854893088340759,-0.0509762279689312,0.2824038863182068,0.6601718068122864,-0.019074950367212296,0.3495902121067047,0.6274939179420471,-0.047204382717609406,0.39025044441223145,0.6423441171646118,-0.05676810070872307,0.416007399559021,0.6531543135643005,-0.05945625528693199,0.28504109382629395,0.7006192207336426,-0.02908548153936863,0.35731178522109985,0.6834747195243835,-0.05277189612388611,0.3700130581855774,0.7372197508811951,-0.04805171489715576,0.36680883169174194,0.7715614438056946,-0.04037246108055115,0.29521703720092773,0.7434598207473755,-0.040158461779356,0.35195568203926086,0.722275972366333,-0.054987482726573944,0.36351796984672546,0.757415235042572,-0.05056741088628769,0.35813960433006287,0.7814962863922119,-0.04396219179034233
K,0.328848272562027,0.8463613390922546,2.699494245916867e-07,0.3342987596988678,0.7546056509017944,0.0014084926806390285,0.3348037302494049,0.6756443977355957,-0.00755533529445529,0.3412746787071228,0.6143503785133362,-0.018629232421517372,0.34360745549201965,0.5591367483139038,-0.029038146138191223,0.27898460626602173,0.6401578187942505,-0.018238861113786697,0.31629306077957153,0.5649755597114563,-0.034533560276031494,0.3347990810871124,0.5197059512138367,-0.04544856771826744,0.34942325949668884,0.48044973611831665,-0.054005395621061325,0.2805003523826599,0.6721152663230896,-0.02986619807779789,0.3466735780239105,0.622965931892395,-0.05321193486452103,0.38183215260505676,0.6355728507041931,-0.05903216078877449,0.40250247716903687,0.6463092565536499,-0.06140176206827164,0.29344725608825684,0.7103075981140137,-0.04080232232809067,0.3611803650856018,0.6794116497039795,-0.05746709182858467,0.367906391620636,0.7217337489128113,-0.05080978572368622,0.3600721061229706,0.7469574809074402,-0.045150868594646454,0.3113518953323364,0.7440787553787231,-0.05235069617629051,0.36639031767845154,0.7125322222709656,-0.060184840112924576,0.3705374598503113,0.7410885095596313,-0.05388818308711052,0.3609009385108948,0.7599250674247742,-0.048651356250047684
K,0.3306053876876831,0.846440315246582,2.4360349470953224e-07,0.33790743350982666,0.7502375841140747,0.0006071377429179847,0.3321920335292816,0.6728494763374329,-0.007614900358021259,0.32880961894989014,0.6132201552391052,-0.01816587895154953,0.3243464529514313,0.5584344863891602,-0.02843632735311985,0.2707270681858063,0.6536684036254883,-0.015348750166594982,0.2997415065765381,0.5738643407821655,-0.03277301415801048,0.31401878595352173,0.523280143737793,-0.0441143661737442,0.3260146379470825,0.4802151322364807,-0.052386682480573654,0.26980578899383545,0.6821392774581909,-0.026612544432282448,0.32988211512565613,0.6199204325675964,-0.05206122621893883,0.3653968274593353,0.6296707987785339,-0.057843226939439774,0.38681742548942566,0.6432235240936279,-0.058710578829050064,0.2822498083114624,0.7155985236167908,-0.037779442965984344,0.3479577302932739,0.6718181371688843,-0.05845630168914795,0.3628917634487152,0.713899552822113,-0.05253542214632034,0.361376017332077,0.7437499165534973,-0.04533720761537552,0.30062103271484375,0.7447492480278015,-0.0494549423456192,0.3540090322494507,0.703792154788971,-0.06023777648806572,0.3639157712459564,0.732397198677063,-0.054700594395399094,0.35857734084129333,0.7560096383094788,-0.048795491456985474
K,0.3317689001560211,0.8518018126487732,3.3589964232305647e-07,0.33649691939353943,0.748773455619812,-0.003087983001023531,0.3260495364665985,0.6718961596488953,-0.011730342172086239,0.31808194518089294,0.6155687570571899,-0.02230606973171234,0.31268855929374695,0.5616276264190674,-0.03223787993192673,0.25958719849586487,0.6621214747428894,-0.013182989321649075,0.28684553503990173,0.5782219171524048,-0.030475705862045288,0.2989192605018616,0.5268505811691284,-0.04181109368801117,0.3084688186645508,0.48263370990753174,-0.04989408329129219,0.25858017802238464,0.6900140047073364,-0.022207779809832573,0.3150842785835266,0.6163902282714844,-0.04799281805753708,0.3539068400859833,0.6073821783065796,-0.05565335601568222,0.37980303168296814,0.6063474416732788,-0.05734725296497345,0.27085351943969727,0.7209543585777283,-0.031615447252988815,0.33626672625541687,0.6652472019195557,-0.05411675199866295,0.35400527715682983,0.708582878112793,-0.050001323223114014,0.3551194369792938,0.7432121634483337,-0.04278402402997017,0.28914931416511536,0.7487838864326477,-0.041752614080905914,0.341233491897583,0.6967695355415344,-0.05484626814723015,0.35546475648880005,0.7259178161621094,-0.0502689927816391,0.3542298972606659,0.7539107799530029,-0.04399866238236427
K,0.32435494661331177,0.8496267795562744,3.6341691611596616e-07,0.32547491788864136,0.7490214705467224,-0.0008718434255570173,0.3110618591308594,0.6752232909202576,-0.007927490398287773,0.3005351424217224,0.6246558427810669,-0.01778862066566944,0.2922399938106537,0.5748838186264038,-0.02728244662284851,0.2469167858362198,0.6725336313247681,-0.009001176804304123,0.2665453255176544,0.5865808725357056,-0.024143686518073082,0.27315962314605713,0.5359861850738525,-0.0344185009598732,0.2770700752735138,0.4899415969848633,-0.04189332202076912,0.24548736214637756,0.6977752447128296,-0.018535258248448372,0.2974410653114319,0.6211175918579102,-0.042280830442905426,0.33287864923477173,0.5961644649505615,-0.05027950927615166,0.3575555384159088,0.5810390710830688,-0.052655179053545,0.25648343563079834,0.7268651723861694,-0.028240744024515152,0.3180736303329468,0.6667468547821045,-0.04911953955888748,0.3383367657661438,0.7097281813621521,-0.044959619641304016,0.34260594844818115,0.7465208172798157,-0.037815406918525696,0.2734500765800476,0.7533503174781799,-0.0386124886572361,0.32091885805130005,0.6965203285217285,-0.05138854309916496,0.3373541533946991,0.7243523597717285,-0.04659121483564377,0.339199960231781,0.7546216249465942,-0.03996814787387848
L,0.32547709345817566,0.8513999581336975,3.503996595100034e-07,0.32551491260528564,0.747589111328125,-0.0006101279868744314,0.3116300106048584,0.6742736101150513,-0.008310748264193535,0.30131635069847107,0.6229425072669983,-0.018942177295684814,0.2936614751815796,0.573021411895752,-0.029159246012568474,0.24680322408676147,0.6745577454566956,-0.009295394644141197,0.2665894627571106,0.5872908234596252,-0.024906186386942863,0.27225005626678467,0.5360110402107239,-0.0356416180729866,0.27505791187286377,0.4896755814552307,-0.043708570301532745,0.24561655521392822,0.6996784210205078,-0.019408149644732475,0.2981128394603729,0.6208939552307129,-0.04375340789556503,0.33419573307037354,0.5979347229003906,-0.051775116473436356,0.35864055156707764,0.5848968029022217,-0.054286617785692215,0.2572803199291229,0.7280656695365906,-0.029716970399022102,0.3184528350830078,0.6663421988487244,-0.050575852394104004,0.33859553933143616,0.7084497213363647,-0.04607595503330231,0.34255853295326233,0.7448930740356445,-0.03910069540143013,0.2749296724796295,0.754122793674469,-0.04077146202325821,0.3224935531616211,0.6966878175735474,-0.053350284695625305,0.3385084271430969,0.7245016694068909,-0.048513516783714294,0.3398646116256714,0.7553419470787048,-0.04221567511558533
L,0.3294932544231415,0.8523874282836914,3.348877726239152e-07,0.3312462270259857,0.7524487972259521,-0.0015115540008991957,0.3206731677055359,0.6763609647750854,-0.010032306425273418,0.3139045834541321,0.6222223043441772,-0.02117397077381611,0.30852895975112915,0.5692733526229858,-0.03187214583158493,0.2546146512031555,0.6675115823745728,-0.012584936805069447,0.2775666415691376,0.5837247967720032,-0.029471494257450104,0.2863443195819855,0.53143310546875,-0.040899306535720825,0.2924041748046875,0.48541247844696045,-0.049279991537332535,0.253178209066391,0.6958292722702026,-0.02263617515563965,0.31018346548080444,0.6220660209655762,-0.04803143069148064,0.34854191541671753,0.6077573299407959,-0.055934157222509384,0.37308061122894287,0.6006636619567871,-0.058279797434806824,0.26512908935546875,0.7280425429344177,-0.03277864679694176,0.3300866484642029,0.6702251434326172,-0.05483910068869591,0.34877797961235046,0.7137658596038818,-0.049943018704652786,0.3503878712654114,0.7490957975387573,-0.042561836540699005,0.2830568850040436,0.7579904794692993,-0.04362747073173523,0.33340638875961304,0.7035949230194092,-0.05675557628273964,0.348264217376709,0.7308823466300964,-0.051488470286130905,0.3478398025035858,0.7587866187095642,-0.044750139117240906
L,0.4528062045574188,0.8277822136878967,-1.7596910595329973e-07,0.4953024089336395,0.7990488409996033,0.015192964114248753,0.5333678126335144,0.8146222829818726,0.020843081176280975,0.5519387722015381,0.8437934517860413,0.020913222804665565,0.5615007281303406,0.872890055179596,0.021424101665616035,0.5585600137710571,0.8070681095123291,0.02878483571112156,0.5702463388442993,0.8662692904472351,0.028506876900792122,0.555596649646759,0.8759315609931946,0.023592879995703697,0.545625627040863,0.8635480999946594,0.01974141038954258,0.5620264410972595,0.8343659043312073,0.018299521878361702,0.5696265697479248,0.8966620564460754,0.020870989188551903,0.5532402396202087,0.8996268510818481,0.016634324565529823,0.5416616797447205,0.882286012172699,0.013512611389160156,0.560938835144043,0.8677871823310852,0.007848246954381466,0.5678706169128418,0.9246641397476196,0.012833409011363983,0.5517080426216125,0.9234126806259155,0.014601641334593296,0.5414800643920898,0.9041265845298767,0.01478377915918827,0.5557458996772766,0.9017359614372253,-0.002442137571051717,0.56064772605896,0.9475962519645691,0.0060617621056735516,0.5459789633750916,0.942268431186676,0.013237889856100082,0.5361227989196777,0.9233224987983704,0.01789741963148117
L,0.2551022171974182,0.8562830090522766,-1.49173558838811e-07,0.25122395157814026,0.9058364033699036,-0.021778905764222145,0.23822848498821259,0.9535873532295227,-0.0338684618473053,0.22800156474113464,0.995806872844696,-0.04079458862543106,0.22157587110996246,1.0302412509918213,-0.04718109220266342,0.19057172536849976,0.9228159189224243,-0.03598913550376892,0.16170643270015717,0.9701560139656067,-0.043622422963380814,0.154225692152977,1.0055598020553589,-0.04681255668401718,0.1528250128030777,1.0270887613296509,-0.0480409674346447,0.18194971978664398,0.8926205039024353,-0.025112424045801163,0.1719881296157837,0.9571332931518555,-0.028462344780564308,0.1870495080947876,0.9717234373092651,-0.026318108662962914,0.2003481537103653,0.9669097065925598,-0.0255469661206007,0.18141059577465057,0.8773990273475647,-0.014346740208566189,0.17445126175880432,0.9371845722198486,-0.018686363473534584,0.18767598271369934,0.9482635259628296,-0.01771063543856144,0.1993853747844696,0.9464864134788513,-0.017347509041428566,0.18355585634708405,0.8707306385040283,-0.0047742570750415325,0.1777125746011734,0.9191133379936218,-0.009735246188938618,0.1878211498260498,0.9274722933769226,-0.009100491181015968,0.19831952452659607,0.927045464515686,-0.007576832547783852
L,0.34575334191322327,0.6594479084014893,4.7745352560468746e-08,0.38275977969169617,0.6545335650444031,-0.02482539415359497,0.4258975386619568,0.6307153701782227,-0.040102846920490265,0.4589955508708954,0.6163930892944336,-0.05399727821350098,0.48576730489730835,0.6112422347068787,-0.06741241365671158,0.4007241129875183,0.5142762660980225,-0.027812648564577103,0.4105200171470642,0.44297704100608826,-0.04621516913175583,0.4152628183364868,0.39723438024520874,-0.05484779551625252,0.4192667305469513,0.35722172260284424,-0.060163628309965134,0.3760146498680115,0.49852144718170166,-0.024470066651701927,0.36661258339881897,0.5033183097839355,-0.050170574337244034,0.36371538043022156,0.5700825452804565,-0.05130099132657051,0.3664267361164093,0.5955305695533752,-0.04640187695622444,0.3502630293369293,0.498859703540802,-0.023879695683717728,0.3407323956489563,0.5120229721069336,-0.05262051895260811,0.34468355774879456,0.5755345821380615,-0.045731063932180405,0.3522118031978607,0.5964723229408264,-0.033940281718969345,0.32518553733825684,0.5039454102516174,-0.025217514485120773,0.31959211826324463,0.5025976896286011,-0.0454336479306221,0.3256515860557556,0.5546902418136597,-0.039919354021549225,0.3327924311161041,0.5786502361297607,-0.030450599268078804
L,0.35879719257354736,0.6760387420654297,2.454724068456926e-08,0.39727023243904114,0.6678928732872009,-0.022684171795845032,0.4409276843070984,0.6322920918464661,-0.03520064800977707,0.47490620613098145,0.6105474829673767,-0.04642903059720993,0.5022790431976318,0.605336606502533,-0.05776200070977211,0.414045125246048,0.5271632671356201,-0.025379333645105362,0.4265279769897461,0.4535517990589142,-0.041814785450696945,0.43237054347991943,0.4077256917953491,-0.05103367567062378,0.43690580129623413,0.3671652674674988,-0.05751023069024086,0.3881206810474396,0.5137916803359985,-0.02304282784461975,0.386555016040802,0.512719988822937,-0.05022869631648064,0.3811133801937103,0.5772456526756287,-0.05511806160211563,0.37816935777664185,0.6090716123580933,-0.05266384035348892,0.36186718940734863,0.5159038305282593,-0.022811779752373695,0.36009612679481506,0.5236596465110779,-0.05106503143906593,0.36157023906707764,0.58680659532547,-0.04650876298546791,0.3641952574253082,0.6140327453613281,-0.03631100803613663,0.33645737171173096,0.5240673422813416,-0.024290530011057854,0.337944358587265,0.5176421403884888,-0.0437219962477684,0.3425683379173279,0.568537712097168,-0.03888825699687004,0.3460208475589752,0.59535151720047,-0.030109262093901634
L,0.3783077597618103,0.6934405565261841,3.83054761243784e-08,0.41637954115867615,0.6798827648162842,-0.019938262179493904,0.4566528797149658,0.6319680213928223,-0.030753683298826218,0.48774030804634094,0.5992947816848755,-0.041008360683918,0.5149389505386353,0.5870593190193176,-0.05158381909132004,0.4262681007385254,0.536992609500885,-0.022078737616539,0.43701085448265076,0.4583888053894043,-0.03812948986887932,0.4428688883781433,0.410993367433548,-0.04724818095564842,0.44797196984291077,0.3700407147407532,-0.05358025059103966,0.398296982049942,0.5329682230949402,-0.02107854187488556,0.40684443712234497,0.5168890357017517,-0.04967258870601654,0.4033919870853424,0.583262026309967,-0.05498059093952179,0.398065447807312,0.6216461658477783,-0.05199252814054489,0.37160176038742065,0.5402833819389343,-0.02192514017224312,0.3807190954685211,0.5328406691551208,-0.050758227705955505,0.3830324411392212,0.5972809195518494,-0.04520898684859276,0.3818206191062927,0.6303948163986206,-0.03369860723614693,0.3453391194343567,0.5529801845550537,-0.02421855367720127,0.35618066787719727,0.5357872843742371,-0.043925583362579346,0.36358603835105896,0.5836340188980103,-0.03836711123585701,0.3648928999900818,0.6118656396865845,-0.028805287554860115
L,0.376976877450943,0.7019637823104858,4.203979386829815e-08,0.41417935490608215,0.6840163469314575,-0.02031516470015049,0.4527311325073242,0.6348670721054077,-0.0309126079082489,0.4839847981929779,0.6008071899414062,-0.04084249958395958,0.511504590511322,0.5858378410339355,-0.051068082451820374,0.42318084836006165,0.5494089126586914,-0.020416663959622383,0.43242138624191284,0.46820852160453796,-0.03593285754323006,0.43840253353118896,0.42120760679244995,-0.04458652436733246,0.4443618357181549,0.3806445598602295,-0.050324685871601105,0.3974591791629791,0.5478794574737549,-0.019265448674559593,0.40465936064720154,0.5131590962409973,-0.04786157235503197,0.4016965329647064,0.5787907242774963,-0.05300697684288025,0.3972163200378418,0.6232184171676636,-0.049087800085544586,0.3716869056224823,0.5539886355400085,-0.020262954756617546,0.37853288650512695,0.5271245837211609,-0.048384737223386765,0.38110026717185974,0.5895963907241821,-0.04297830909490585,0.3800766170024872,0.6263336539268494,-0.03093085065484047,0.3458004593849182,0.5643149614334106,-0.022771911695599556,0.3546792268753052,0.5263766050338745,-0.041088979691267014,0.3621050715446472,0.5696028470993042,-0.03505818545818329,0.36334317922592163,0.6016070246696472,-0.025216488167643547
L,0.37583404779434204,0.7020552754402161,5.366876010270971e-08,0.41385605931282043,0.6817483305931091,-0.016486626118421555,0.4536750316619873,0.6298535466194153,-0.024733172729611397,0.484254390001297,0.5941407680511475,-0.03328971937298775,0.5108500123023987,0.5786129832267761,-0.04246920719742775,0.42236244678497314,0.5487577319145203,-0.013227694667875767,0.4366433620452881,0.47897452116012573,-0.02744540385901928,0.44578832387924194,0.437159925699234,-0.03563205152750015,0.45501360297203064,0.40107688307762146,-0.041000545024871826,0.39714911580085754,0.5461325645446777,-0.013839724473655224,0.4090938866138458,0.5168842673301697,-0.041793763637542725,0.4031994044780731,0.581251859664917,-0.047636501491069794,0.39658844470977783,0.6245903968811035,-0.04404964670538902,0.3720073103904724,0.5520472526550293,-0.01649145409464836,0.38307809829711914,0.5324093699455261,-0.04424986243247986,0.38171693682670593,0.5945607423782349,-0.039487097412347794,0.37843549251556396,0.6305177211761475,-0.027721315622329712,0.3460520803928375,0.562850296497345,-0.02030409872531891,0.35836443305015564,0.5319993495941162,-0.037615034729242325,0.36355727910995483,0.5745863318443298,-0.03147599473595619,0.36339759826660156,0.6047905683517456,-0.021600114181637764
L,0.3728873133659363,0.699874758720398,3.765659783994124e-08,0.4111207127571106,0.6815053224563599,-0.015034113079309464,0.45171549916267395,0.6270689964294434,-0.02128273993730545,0.48168879747390747,0.5886994004249573,-0.027991339564323425,0.5076622366905212,0.5718929767608643,-0.035321347415447235,0.42124658823013306,0.5514433979988098,-0.010576246306300163,0.4388076066970825,0.48718854784965515,-0.023324016481637955,0.44899067282676697,0.44773706793785095,-0.030528241768479347,0.4589959979057312,0.41392195224761963,-0.03526828810572624,0.39665767550468445,0.5477120280265808,-0.0113478759303689,0.40982335805892944,0.5187711715698242,-0.038337625563144684,0.40177708864212036,0.5805475115776062,-0.044213827699422836,0.39406904578208923,0.6239009499549866,-0.040632911026477814,0.37175506353378296,0.552155613899231,-0.014051010832190514,0.38353410363197327,0.5320734977722168,-0.04094098135828972,0.38027191162109375,0.5926023125648499,-0.036705803126096725,0.3760167360305786,0.6298596858978271,-0.025359317660331726,0.345501184463501,0.5612456798553467,-0.017817966639995575,0.3579707741737366,0.5299847722053528,-0.03476611524820328,0.36249426007270813,0.5701494216918945,-0.02943555824458599,0.36238592863082886,0.6013254523277283,-0.02021668292582035
L,0.37440934777259827,0.699958324432373,5.014161175154186e-08,0.41204431653022766,0.678596019744873,-0.014442711137235165,0.451358437538147,0.62394118309021,-0.02035859413444996,0.4818395674228668,0.5877962708473206,-0.027033742517232895,0.508113443851471,0.5695397257804871,-0.034293387085199356,0.42345473170280457,0.554379403591156,-0.008620105683803558,0.44316577911376953,0.49592602252960205,-0.02206394635140896,0.45446985960006714,0.45891231298446655,-0.029913626611232758,0.4652882218360901,0.4266660213470459,-0.03490367904305458,0.3993680477142334,0.5497501492500305,-0.010164003819227219,0.4141853451728821,0.5171381831169128,-0.03799184784293175,0.40506061911582947,0.5787275433540344,-0.04480242729187012,0.39602038264274597,0.6222636103630066,-0.041411202400922775,0.3742919862270355,0.5527285933494568,-0.01378624327480793,0.3870149254798889,0.5305236577987671,-0.041520994156599045,0.3831130266189575,0.5913911461830139,-0.03797227144241333,0.37773385643959045,0.6284471750259399,-0.026559224352240562,0.34796130657196045,0.560001015663147,-0.01843663491308689,0.36038389801979065,0.5259556770324707,-0.035451795905828476,0.364531934261322,0.56336909532547,-0.030247345566749573,0.3633626699447632,0.5935105681419373,-0.020986227318644524
L,0.37500277161598206,0.7015111446380615,4.355650773391062e-08,0.41270437836647034,0.6813234686851501,-0.014893678948283195,0.4517882466316223,0.6279447078704834,-0.02144179493188858,0.4816965162754059,0.5909876227378845,-0.02881166897714138,0.5083329677581787,0.5735095739364624,-0.03685162961483002,0.4219249188899994,0.5561289191246033,-0.009749830700457096,0.43945813179016113,0.49295127391815186,-0.023182077333331108,0.449521541595459,0.4536191523075104,-0.03082999773323536,0.4593954086303711,0.41936784982681274,-0.0357242114841938,0.3977748155593872,0.5523752570152283,-0.010945635847747326,0.4117414951324463,0.5216986536979675,-0.038595542311668396,0.4038308262825012,0.5835411548614502,-0.04495195671916008,0.3955742418766022,0.6264178156852722,-0.041476208716630936,0.3728644847869873,0.5561860799789429,-0.014169610105454922,0.38469982147216797,0.5338864326477051,-0.041560180485248566,0.38141918182373047,0.595081090927124,-0.03734397888183594,0.376898854970932,0.6322481036186218,-0.025706877931952477,0.3465697169303894,0.5643248558044434,-0.018486978486180305,0.3587462306022644,0.5299054384231567,-0.035016000270843506,0.3631616234779358,0.5680757164955139,-0.029233945533633232,0.36246776580810547,0.5986737012863159,-0.01969442516565323
L,0.37058794498443604,0.7033740282058716,6.010284891999618e-08,0.40790027379989624,0.683498203754425,-0.016946574673056602,0.4455776810646057,0.6305286288261414,-0.02526089735329151,0.4762845039367676,0.59320068359375,-0.03388643264770508,0.5039917826652527,0.5800532698631287,-0.04317952319979668,0.4153740704059601,0.5516188740730286,-0.01325618103146553,0.4291704297065735,0.4816511869430542,-0.02790898270905018,0.437201589345932,0.4383147954940796,-0.03661467880010605,0.44553834199905396,0.40091872215270996,-0.042412299662828445,0.3909379839897156,0.5483802556991577,-0.013503103516995907,0.4029815196990967,0.52012038230896,-0.04198948293924332,0.3970295786857605,0.5834919810295105,-0.04805256426334381,0.3905382752418518,0.6268489360809326,-0.04442480951547623,0.36626532673835754,0.5542855858802795,-0.01585944928228855,0.37683722376823425,0.5349675416946411,-0.043882131576538086,0.3755177855491638,0.5967505574226379,-0.03921978175640106,0.3726242780685425,0.6334993839263916,-0.027361011132597923,0.34071141481399536,0.5656207799911499,-0.019442161545157433,0.35327085852622986,0.5359459519386292,-0.037174686789512634,0.3582087457180023,0.5783693790435791,-0.03136070445179939,0.35791099071502686,0.6088772416114807,-0.021565023809671402
L,0.37003880739212036,0.7070481777191162,5.049627915809651e-08,0.4063439667224884,0.686357319355011,-0.01761888898909092,0.4431045651435852,0.6355090737342834,-0.0270644910633564,0.4740161895751953,0.6027629971504211,-0.036636702716350555,0.5017036199569702,0.5920010209083557,-0.04671844467520714,0.41263434290885925,0.5532151460647583,-0.016500020399689674,0.42385491728782654,0.4795154631137848,-0.032174743711948395,0.4293004870414734,0.43481627106666565,-0.0411871112883091,0.43522873520851135,0.39554306864738464,-0.04729580879211426,0.38695645332336426,0.5512619614601135,-0.016633260995149612,0.39684849977493286,0.5261500477790833,-0.04520397633314133,0.39234960079193115,0.5916181802749634,-0.05063759163022041,0.3876001536846161,0.6323383450508118,-0.04716737940907478,0.36152344942092896,0.559560239315033,-0.018783222883939743,0.3705686926841736,0.5418744683265686,-0.047321464866399765,0.371234267950058,0.6044982671737671,-0.04168080538511276,0.3695729672908783,0.6391794681549072,-0.02950458787381649,0.3360772132873535,0.5739858150482178,-0.022198481485247612,0.3463643789291382,0.5442267060279846,-0.0406680665910244,0.35294589400291443,0.5883398652076721,-0.034196849912405014,0.3537881076335907,0.6188053488731384,-0.023914875462651253
L,0.37114402651786804,0.7032694220542908,4.148415300164743e-08,0.40756091475486755,0.6832005381584167,-0.018100503832101822,0.4439496099948883,0.6360520720481873,-0.02718307450413704,0.47514575719833374,0.6017500758171082,-0.036621227860450745,0.5019877552986145,0.5848394632339478,-0.046494826674461365,0.41601845622062683,0.5559068322181702,-0.012975791469216347,0.42801666259765625,0.4800442159175873,-0.02778765745460987,0.4338827431201935,0.4350414574146271,-0.03621942549943924,0.4393538236618042,0.39609694480895996,-0.04169193655252457,0.3924691379070282,0.5540085434913635,-0.0130754504352808,0.401126503944397,0.5183528065681458,-0.04200012981891632,0.39494532346725464,0.5821385383605957,-0.04830612987279892,0.38884320855140686,0.6252155303955078,-0.04460185021162033,0.36773768067359924,0.5594839453697205,-0.015567132271826267,0.3761979639530182,0.5325285196304321,-0.04443516209721565,0.374564528465271,0.5940631628036499,-0.03993299603462219,0.3715256154537201,0.629879355430603,-0.027787592262029648,0.34212082624435425,0.5691953897476196,-0.019401902332901955,0.3518419563770294,0.5302082896232605,-0.03774150088429451,0.35705992579460144,0.5717489719390869,-0.0320020392537117,0.3573686480522156,0.6034082174301147,-0.022059442475438118
L,0.36792925000190735,0.7058678269386292,6.126656959537513e-09,0.40706929564476013,0.6865181922912598,-0.015193301253020763,0.44506871700286865,0.6394060254096985,-0.021068833768367767,0.4737564027309418,0.6008256077766418,-0.027496470138430595,0.499494731426239,0.5836405158042908,-0.03449631482362747,0.4179172217845917,0.5651220679283142,-0.0074545894749462605,0.43067464232444763,0.4988197684288025,-0.01933506317436695,0.4359618127346039,0.4573330283164978,-0.0257089976221323,0.4412519037723541,0.4221287965774536,-0.029796728864312172,0.39428770542144775,0.560213565826416,-0.008004676550626755,0.4016856849193573,0.5219958424568176,-0.03470155969262123,0.39372947812080383,0.5827462077140808,-0.04103745520114899,0.38736918568611145,0.6274797916412354,-0.037130340933799744,0.3699113130569458,0.5631062984466553,-0.010687693953514099,0.3752654492855072,0.5359081029891968,-0.03834695741534233,0.3728635311126709,0.596770167350769,-0.035365376621484756,0.37067192792892456,0.6347849369049072,-0.024054359644651413,0.34406566619873047,0.5706540942192078,-0.014322391711175442,0.3510998785495758,0.5304882526397705,-0.031705476343631744,0.35511544346809387,0.5700557231903076,-0.026931339874863625,0.35611313581466675,0.6015004515647888,-0.01775887794792652
L,0.3640541732311249,0.7050010561943054,2.6245545736713893e-09,0.4083784818649292,0.6848015785217285,-0.013573897071182728,0.4438711404800415,0.6468964219093323,-0.01682158187031746,0.4715847373008728,0.6047747731208801,-0.020472126081585884,0.4957272708415985,0.5798103213310242,-0.024537069723010063,0.42022067308425903,0.5757418274879456,0.0007170853205025196,0.43387290835380554,0.5140472054481506,-0.007108704186975956,0.439943790435791,0.4756152927875519,-0.012335150502622128,0.445406049489975,0.4426041543483734,-0.016227079555392265,0.3979852795600891,0.5662574172019958,0.0013766910415142775,0.405117928981781,0.5317986607551575,-0.01995842158794403,0.3956664502620697,0.5870829820632935,-0.026067297905683517,0.3893686830997467,0.627493143081665,-0.02332654409110546,0.37450987100601196,0.5660064816474915,-0.0002751996216829866,0.3804807960987091,0.5405761003494263,-0.023323189467191696,0.37528425455093384,0.5982210636138916,-0.020537741482257843,0.3723604381084442,0.6309970617294312,-0.010812333784997463,0.3485161364078522,0.5709736347198486,-0.00284398696385324,0.35522669553756714,0.5350322127342224,-0.017521653324365616,0.3571015000343323,0.5739353895187378,-0.013242815621197224,0.3590386211872101,0.6012555360794067,-0.005351007450371981
L,0.3624505400657654,0.7083585262298584,1.4566526651549339e-08,0.40377363562583923,0.6867558360099792,-0.014413712546229362,0.4401344954967499,0.6446154117584229,-0.01882295496761799,0.46786266565322876,0.6031705737113953,-0.023762773722410202,0.4906412363052368,0.5774912238121033,-0.029295045882463455,0.4153452217578888,0.5765941143035889,-0.0034523007925599813,0.4291052222251892,0.5150080919265747,-0.01328185759484768,0.43542835116386414,0.4761646091938019,-0.01937883161008358,0.4413611590862274,0.4429107904434204,-0.023505600169301033,0.3928433060646057,0.568803071975708,-0.0032250271178781986,0.39996078610420227,0.5333726406097412,-0.026427708566188812,0.3917398750782013,0.5881299376487732,-0.03288934379816055,0.3855835199356079,0.6312755942344666,-0.030235638841986656,0.36940062046051025,0.5692296624183655,-0.005247221328318119,0.3758776783943176,0.5411865711212158,-0.029711158946156502,0.3718028962612152,0.5983669757843018,-0.02719176560640335,0.3683149218559265,0.63761305809021,-0.017353545874357224,0.34415826201438904,0.5748279094696045,-0.008295761421322823,0.3529614210128784,0.5362792015075684,-0.024586111307144165,0.3555361330509186,0.5739675760269165,-0.020780112594366074,0.3554855287075043,0.6063016057014465,-0.012805132195353508
L,0.3635271191596985,0.7136884927749634,5.6964317707297596e-08,0.40243297815322876,0.6939047574996948,-0.01682981476187706,0.44039082527160645,0.6520687937736511,-0.023519573733210564,0.46789881587028503,0.6122974157333374,-0.030604982748627663,0.48845863342285156,0.5811208486557007,-0.03806070610880852,0.41147154569625854,0.5839757919311523,-0.008361255750060081,0.4258291721343994,0.5211725234985352,-0.02115432731807232,0.43333005905151367,0.4804905951023102,-0.028836941346526146,0.43975725769996643,0.4455442428588867,-0.03370988368988037,0.3880941867828369,0.5778598189353943,-0.008265906944870949,0.39510583877563477,0.5406839847564697,-0.03542151302099228,0.3896524906158447,0.5953960418701172,-0.04313114657998085,0.3841063678264618,0.6406503915786743,-0.040645282715559006,0.36439576745033264,0.5791333913803101,-0.010568881407380104,0.37119269371032715,0.5526534914970398,-0.03813203051686287,0.370292067527771,0.6086298227310181,-0.03605658560991287,0.3683430552482605,0.6494052410125732,-0.02580939792096615,0.3392535448074341,0.5841390490531921,-0.014098073355853558,0.34954512119293213,0.5515139102935791,-0.03271166980266571,0.3543333113193512,0.5908046960830688,-0.02950749360024929,0.3547261655330658,0.6249590516090393,-0.02142019383609295
L,0.36290693283081055,0.723475456237793,4.003149101095005e-08,0.3984658420085907,0.7029775381088257,-0.018260546028614044,0.4364193379878998,0.6510870456695557,-0.027533845975995064,0.4658961296081543,0.6106760501861572,-0.03651659935712814,0.4905858039855957,0.589978814125061,-0.04566819593310356,0.4053809940814972,0.5746219158172607,-0.01883418671786785,0.4178902804851532,0.5078896284103394,-0.03458744287490845,0.42283323407173157,0.46461033821105957,-0.04357853904366493,0.4285358488559723,0.42717450857162476,-0.04949544742703438,0.3793281614780426,0.5689539313316345,-0.01804984360933304,0.38794228434562683,0.5571740865707397,-0.047316551208496094,0.38374942541122437,0.6184634566307068,-0.05338366702198982,0.38017702102661133,0.6615888476371765,-0.05021226033568382,0.3544393479824066,0.5734955072402954,-0.01919650286436081,0.3627220094203949,0.5739999413490295,-0.04666755720973015,0.3635854721069336,0.6321980953216553,-0.04207959771156311,0.3639221787452698,0.6694674491882324,-0.03096657432615757,0.32932785153388977,0.5836213827133179,-0.02189425565302372,0.3399508595466614,0.5760843753814697,-0.03986814245581627,0.3452354073524475,0.6190379858016968,-0.03569445013999939,0.34692010283470154,0.6485406756401062,-0.027082541957497597
L,0.35663047432899475,0.7396749258041382,-4.973974121469382e-09,0.3922978639602661,0.717502772808075,-0.018803635612130165,0.42838674783706665,0.6619060635566711,-0.029135236516594887,0.4582618474960327,0.6171563267707825,-0.038540132343769073,0.4848293960094452,0.5911996364593506,-0.048113275319337845,0.4016725718975067,0.5760393738746643,-0.02397710457444191,0.4107976257801056,0.5184968113899231,-0.040256887674331665,0.4157429337501526,0.47579726576805115,-0.050099294632673264,0.4211890399456024,0.4398445188999176,-0.056584373116493225,0.374128133058548,0.5588792562484741,-0.022335248067975044,0.3771805465221405,0.5784144401550293,-0.05011316388845444,0.3753606677055359,0.6405953764915466,-0.055754151195287704,0.3745329678058624,0.6850493550300598,-0.05288592725992203,0.34768950939178467,0.5627968311309814,-0.022267958149313927,0.35172292590141296,0.5962100028991699,-0.04694051295518875,0.3541973829269409,0.6523370146751404,-0.04284278303384781,0.3572179675102234,0.6891685724258423,-0.0331110879778862,0.32192566990852356,0.5774800777435303,-0.02408064343035221,0.32816722989082336,0.5992607474327087,-0.040827427059412,0.3348877727985382,0.6439979076385498,-0.03815307095646858,0.3401673138141632,0.6721366047859192,-0.03070790320634842
L,0.35646340250968933,0.7474539875984192,-2.8400117813021097e-08,0.39166098833084106,0.7195868492126465,-0.01723659411072731,0.42676398158073425,0.6613808870315552,-0.027310295030474663,0.4552697539329529,0.6200531125068665,-0.03688913211226463,0.48080846667289734,0.5975039005279541,-0.047127995640039444,0.3947760760784149,0.5853777527809143,-0.02557440474629402,0.4007832109928131,0.5317601561546326,-0.04177096486091614,0.4033912420272827,0.49197205901145935,-0.05146817862987518,0.407344251871109,0.456307053565979,-0.05786135792732239,0.3661602735519409,0.5685757994651794,-0.02426447533071041,0.3675747513771057,0.5990171432495117,-0.05064329132437706,0.3678896725177765,0.6595879793167114,-0.05574784800410271,0.36896076798439026,0.7023435831069946,-0.05313516780734062,0.33954957127571106,0.5739502310752869,-0.02418624795973301,0.34234800934791565,0.6189813017845154,-0.046750541776418686,0.3482154607772827,0.6717979311943054,-0.042446162551641464,0.35405829548835754,0.7066751718521118,-0.03326966613531113,0.31408989429473877,0.5902443528175354,-0.0260158721357584,0.31838274002075195,0.6219041347503662,-0.04075046628713608,0.3276548683643341,0.6650493741035461,-0.03792952001094818,0.3354676365852356,0.691657304763794,-0.030834093689918518
L,0.3522454798221588,0.7324552536010742,-8.480885327344367e-08,0.38712573051452637,0.7093133330345154,-0.016509925946593285,0.4208466708660126,0.6589723229408264,-0.027507903054356575,0.44942811131477356,0.6249855756759644,-0.03778495267033577,0.47638142108917236,0.6033467054367065,-0.04844169318675995,0.38676175475120544,0.5890583992004395,-0.028895370662212372,0.38759490847587585,0.557393491268158,-0.04657163470983505,0.38630566000938416,0.5295007228851318,-0.05710596218705177,0.38598012924194336,0.49996933341026306,-0.06432181596755981,0.35710081458091736,0.5678098201751709,-0.028065141290426254,0.35664865374565125,0.6223146915435791,-0.04963570460677147,0.36096394062042236,0.6811688542366028,-0.05145217105746269,0.36533355712890625,0.7091519832611084,-0.04915950074791908,0.32947778701782227,0.5741943120956421,-0.028572576120495796,0.332207053899765,0.6403166651725769,-0.050119154155254364,0.3407110869884491,0.6880306601524353,-0.0449562668800354,0.3494778275489807,0.7075332999229431,-0.03715106472373009,0.30450400710105896,0.5919683575630188,-0.030779587104916573,0.3084472715854645,0.6417877674102783,-0.046721961349248886,0.32036128640174866,0.6855995655059814,-0.04408314824104309,0.3309471607208252,0.7045889496803284,-0.03816499933600426
L,0.3551955819129944,0.7340566515922546,-1.104600144685719e-07,0.391159325838089,0.7104693651199341,-0.0157649964094162,0.4237046241760254,0.6635820865631104,-0.026566995307803154,0.45179086923599243,0.6332374215126038,-0.03684353828430176,0.47871896624565125,0.6121670007705688,-0.047332070767879486,0.38869673013687134,0.59147047996521,-0.02671973966062069,0.38613608479499817,0.5725125074386597,-0.043137867003679276,0.3817702531814575,0.5529874563217163,-0.05292382463812828,0.3791174292564392,0.5309876203536987,-0.059694111347198486,0.35817864537239075,0.5715259909629822,-0.026255784556269646,0.35490909218788147,0.6394075751304626,-0.04476354643702507,0.3608025014400482,0.6923562288284302,-0.04600309580564499,0.3674134910106659,0.7125619649887085,-0.044174764305353165,0.3303438127040863,0.579129159450531,-0.027100061997771263,0.33141836524009705,0.6553179025650024,-0.04607399180531502,0.34126585721969604,0.6984169483184814,-0.03999684378504753,0.351886123418808,0.7111837863922119,-0.032302215695381165,0.30566224455833435,0.5978550314903259,-0.029859716072678566,0.30778560042381287,0.6524893641471863,-0.045080844312906265,0.3205067813396454,0.6936823725700378,-0.041925862431526184,0.33222025632858276,0.7089453339576721,-0.0355788953602314
L,0.35486525297164917,0.7357653379440308,-5.85937947050752e-08,0.3904304504394531,0.7103880643844604,-0.017198430374264717,0.4239870011806488,0.6589569449424744,-0.028064420446753502,0.45222651958465576,0.6254766583442688,-0.0382736511528492,0.47867390513420105,0.6046229600906372,-0.049184951931238174,0.39040929079055786,0.5807923674583435,-0.024974551051855087,0.3926900029182434,0.5456938147544861,-0.041498176753520966,0.39220499992370605,0.5160248279571533,-0.05201117321848869,0.3931548297405243,0.4869195520877838,-0.05893952399492264,0.36131569743156433,0.5617777705192566,-0.023664431646466255,0.3596506118774414,0.604597806930542,-0.04743912070989609,0.3618353307247162,0.6637420058250427,-0.052112799137830734,0.36475515365600586,0.7007175087928772,-0.050145234912633896,0.33434441685676575,0.5689436793327332,-0.023684339597821236,0.33427244424819946,0.6220375299453735,-0.04660620167851448,0.3419616222381592,0.6732664704322815,-0.043268557637929916,0.34987393021583557,0.702972412109375,-0.03502757102251053,0.3099903166294098,0.5875951647758484,-0.025375770404934883,0.3118632435798645,0.6252896189689636,-0.04242235794663429,0.323270320892334,0.6709895730018616,-0.04041527211666107,0.3330708146095276,0.6974419355392456,-0.033712729811668396
L,0.35235515236854553,0.7458585500717163,-2.949764166260138e-08,0.3879687488079071,0.7216157913208008,-0.017178133130073547,0.42359670996665955,0.6698894500732422,-0.027140170335769653,0.4526999294757843,0.6326310634613037,-0.03659079596400261,0.478718638420105,0.6105568408966064,-0.04659794643521309,0.39482957124710083,0.5862032175064087,-0.02108268439769745,0.40155306458473206,0.5366459488868713,-0.03545816242694855,0.404071182012558,0.500668466091156,-0.04465831443667412,0.4075366258621216,0.4672773480415344,-0.051225047558546066,0.3678743839263916,0.5688463449478149,-0.02008846402168274,0.36756080389022827,0.592139720916748,-0.04493898153305054,0.3663167357444763,0.6541284918785095,-0.05083775892853737,0.3655981719493866,0.6934074759483337,-0.04911715164780617,0.3415420651435852,0.5745224952697754,-0.020401665940880775,0.34135517477989197,0.6061563491821289,-0.04403942823410034,0.3459794223308563,0.6634034514427185,-0.04048758000135422,0.3502984642982483,0.6968757510185242,-0.031690359115600586,0.31588488817214966,0.5914711356163025,-0.022241666913032532,0.3174014985561371,0.6102492809295654,-0.039097461849451065,0.3257933259010315,0.6562231779098511,-0.03610743582248688,0.33188894391059875,0.6832183599472046,-0.028697604313492775
L,0.3725361227989197,0.7566612958908081,-4.278041920713349e-09,0.40812933444976807,0.7299814224243164,-0.01737821102142334,0.4423900544643402,0.6705436706542969,-0.02723635919392109,0.4702005982398987,0.6251035928726196,-0.03683750703930855,0.49728769063949585,0.601151168346405,-0.046763237565755844,0.41000691056251526,0.5832680463790894,-0.01998133398592472,0.42070063948631287,0.531193733215332,-0.03589627146720886,0.42562976479530334,0.49163493514060974,-0.04649331420660019,0.4317755103111267,0.4575747847557068,-0.053496696054935455,0.38154715299606323,0.5706482529640198,-0.01944972760975361,0.3919333517551422,0.5912998914718628,-0.046835023909807205,0.39055970311164856,0.6525019407272339,-0.0534646138548851,0.3887121081352234,0.6959462761878967,-0.05116484314203262,0.35483983159065247,0.5807284116744995,-0.02049720101058483,0.3662935793399811,0.6110067367553711,-0.04545144736766815,0.3695864677429199,0.6675313115119934,-0.041970912367105484,0.37247157096862793,0.7035801410675049,-0.03219974413514137,0.32988062500953674,0.6009742021560669,-0.023255551233887672,0.3402620851993561,0.6138893961906433,-0.039540454745292664,0.348486065864563,0.6537195444107056,-0.03625795245170593,0.3543190360069275,0.6793676018714905,-0.028277907520532608
L,0.3756868243217468,0.80545574426651,4.888064353281152e-08,0.40945541858673096,0.7695294618606567,-0.015419261530041695,0.43855345249176025,0.7008172273635864,-0.024785619229078293,0.46038755774497986,0.6477306485176086,-0.03445376455783844,0.483837366104126,0.6150240898132324,-0.04438275471329689,0.3950362801551819,0.621696949005127,-0.01683799736201763,0.4079817533493042,0.5588219165802002,-0.03340979292988777,0.41446277499198914,0.5150051712989807,-0.04345342516899109,0.4224497675895691,0.47620126605033875,-0.049557920545339584,0.36773383617401123,0.6203925609588623,-0.017475515604019165,0.3925762176513672,0.6193347573280334,-0.04668308049440384,0.39560601115226746,0.6849049925804138,-0.05219545215368271,0.3952820599079132,0.7337329983711243,-0.048041023313999176,0.3439866006374359,0.6355563998222351,-0.01990627497434616,0.3714022636413574,0.6483253836631775,-0.04805076867341995,0.37673473358154297,0.7108721733093262,-0.044094059616327286,0.3785490393638611,0.7514756321907043,-0.03253952041268349,0.32182741165161133,0.6592090725898743,-0.023652801290154457,0.34579429030418396,0.6579249501228333,-0.04189866781234741,0.3563668727874756,0.7019825577735901,-0.03812694922089577,0.360804945230484,0.733242392539978,-0.02910916693508625
L,0.3659677803516388,0.8021407127380371,3.943261006611465e-08,0.3958389461040497,0.7612709403038025,-0.011010288260877132,0.417186439037323,0.6866556406021118,-0.018087325617671013,0.43227264285087585,0.6356940865516663,-0.026080036535859108,0.4522075951099396,0.6046163439750671,-0.0344182588160038,0.37129858136177063,0.6180329918861389,-0.013364997692406178,0.3859782814979553,0.5569455623626709,-0.02842465229332447,0.39400342106819153,0.5152359008789062,-0.03751241788268089,0.40272122621536255,0.47812753915786743,-0.042800843715667725,0.34576302766799927,0.61973637342453,-0.015367726795375347,0.3793014883995056,0.6215230226516724,-0.04164518788456917,0.384479820728302,0.6855211853981018,-0.0463310144841671,0.38376957178115845,0.7329350709915161,-0.042296152561903,0.3249509632587433,0.6380773186683655,-0.018721891567111015,0.36053895950317383,0.6485668420791626,-0.04382041096687317,0.3666418790817261,0.7074230909347534,-0.03990282490849495,0.3675915002822876,0.7468135952949524,-0.029270512983202934,0.3060448169708252,0.6660522222518921,-0.0230446495115757,0.33590325713157654,0.6614745259284973,-0.03868181258440018,0.3485002815723419,0.700925350189209,-0.03440507873892784,0.353769987821579,0.7307137250900269,-0.025628885254263878
L,0.36664411425590515,0.8073214292526245,4.1549853335709486e-08,0.39652255177497864,0.7625281810760498,-0.011052059940993786,0.4170877933502197,0.6872243285179138,-0.018278777599334717,0.4323050379753113,0.6349523067474365,-0.026583626866340637,0.45211923122406006,0.6020065546035767,-0.035247888416051865,0.36983802914619446,0.6202528476715088,-0.01252960879355669,0.38476690649986267,0.5592201948165894,-0.02831106446683407,0.39334115386009216,0.5175209045410156,-0.03816629946231842,0.40238693356513977,0.4800414443016052,-0.043923210352659225,0.34429803490638733,0.6221515536308289,-0.014707479625940323,0.37856245040893555,0.6241660714149475,-0.041689757257699966,0.38514938950538635,0.6882427930831909,-0.04693819209933281,0.3855813145637512,0.735894501209259,-0.043110720813274384,0.32367753982543945,0.6410886645317078,-0.01839451491832733,0.36018070578575134,0.6538136601448059,-0.04383561387658119,0.36697813868522644,0.7127504348754883,-0.04029485955834389,0.3685840368270874,0.7525671124458313,-0.02973116561770439,0.3050310015678406,0.6700173020362854,-0.02316438779234886,0.33563458919525146,0.6694193482398987,-0.03910253569483757,0.3484254777431488,0.7096441388130188,-0.03541490063071251,0.3538823425769806,0.7396454811096191,-0.02688717097043991
L,0.36496731638908386,0.8177654147148132,3.399873804710296e-08,0.3989467918872833,0.7762614488601685,-0.01597326248884201,0.424783319234848,0.7007980346679688,-0.02572898380458355,0.44530415534973145,0.6467015743255615,-0.035420630127191544,0.46896737813949585,0.6152663826942444,-0.04553407430648804,0.3795223534107208,0.6255199909210205,-0.02098136954009533,0.3917095363140106,0.568117618560791,-0.03846489638090134,0.39814692735671997,0.5253288149833679,-0.04938952997326851,0.40637722611427307,0.488131046295166,-0.055913519114255905,0.35018232464790344,0.6246516704559326,-0.021206913515925407,0.3772328794002533,0.6363555788993835,-0.0501493401825428,0.38215088844299316,0.7010001540184021,-0.05562102794647217,0.3834010660648346,0.7493518590927124,-0.05159192532300949,0.3264240622520447,0.6442859172821045,-0.02297697588801384,0.35643982887268066,0.6703149676322937,-0.04908647760748863,0.36371514201164246,0.7285300493240356,-0.04500843957066536,0.3671480715274811,0.7669973969459534,-0.033919557929039,0.3059573769569397,0.6742516160011292,-0.026325209066271782,0.3301042318344116,0.6831992864608765,-0.042423635721206665,0.34195953607559204,0.723800539970398,-0.038458358496427536,0.3481890857219696,0.7514161467552185,-0.029523855075240135
L,0.3653464615345001,0.8321207761764526,1.3967294876238157e-08,0.40123146772384644,0.7916160225868225,-0.017411738634109497,0.4330236613750458,0.7194271683692932,-0.0280649121850729,0.45995181798934937,0.6696178913116455,-0.03870883584022522,0.4863283634185791,0.6406382322311401,-0.049865659326314926,0.3873831033706665,0.635407567024231,-0.02080809324979782,0.39649954438209534,0.5774387717247009,-0.03788931667804718,0.40136149525642395,0.5362503528594971,-0.04891440272331238,0.4081055223941803,0.5002747178077698,-0.05568806454539299,0.35701698064804077,0.6318904757499695,-0.020506251603364944,0.3760298788547516,0.6477637887001038,-0.048583872616291046,0.37970834970474243,0.7145469188690186,-0.05456814169883728,0.3810935318470001,0.7629354000091553,-0.051343075931072235,0.3311470150947571,0.6511117219924927,-0.021848546341061592,0.35200825333595276,0.679131805896759,-0.04718217998743057,0.35931873321533203,0.7389149069786072,-0.042745303362607956,0.36419016122817993,0.7770934104919434,-0.031808704137802124,0.30828985571861267,0.6800958514213562,-0.024941986426711082,0.32540273666381836,0.6910126209259033,-0.040019262582063675,0.3369559943675995,0.7313348054885864,-0.035178299993276596,0.3438144326210022,0.7572917938232422,-0.025907643139362335
L,0.34708863496780396,0.7978849411010742,-5.458319574103143e-09,0.38429078459739685,0.7695136070251465,-0.019183030351996422,0.42117711901664734,0.715490460395813,-0.03075442463159561,0.45027124881744385,0.6763858199119568,-0.04152928665280342,0.47665268182754517,0.6531349420547485,-0.05284922569990158,0.38599827885627747,0.6230406165122986,-0.02427797205746174,0.3920570909976959,0.5735535621643066,-0.04050283506512642,0.39480674266815186,0.5367419123649597,-0.050957947969436646,0.398497998714447,0.5035508275032043,-0.05787026509642601,0.35593822598457336,0.6053797006607056,-0.022654933854937553,0.3573778569698334,0.6338058710098267,-0.04903322085738182,0.35855093598365784,0.6986051201820374,-0.05510367080569267,0.36010050773620605,0.7438638806343079,-0.05284609645605087,0.3280930519104004,0.6135240793228149,-0.022471541538834572,0.3302830457687378,0.6567225456237793,-0.04657146334648132,0.33702990412712097,0.7141608595848083,-0.043548278510570526,0.34386008977890015,0.750798225402832,-0.03464015573263168,0.3023504316806793,0.6335793733596802,-0.024161895737051964,0.3060114085674286,0.6631356477737427,-0.040828902274370193,0.31689631938934326,0.7095219492912292,-0.03846710920333862,0.32573384046554565,0.7384898662567139,-0.031148303300142288
L,0.327647864818573,0.7517409920692444,-3.978847473717906e-08,0.36234351992607117,0.7349982261657715,-0.019056178629398346,0.39768069982528687,0.6927985548973083,-0.030263282358646393,0.42634353041648865,0.6634467840194702,-0.04046670347452164,0.45232659578323364,0.6481108069419861,-0.05106779560446739,0.3714245557785034,0.6032804250717163,-0.022796962410211563,0.3739560842514038,0.5584559440612793,-0.0387045256793499,0.37223178148269653,0.5257300138473511,-0.04857831075787544,0.3708752393722534,0.4949328899383545,-0.05537355691194534,0.3462910056114197,0.5834447145462036,-0.021198347210884094,0.3362184166908264,0.6076394319534302,-0.04606109857559204,0.3347357213497162,0.6704068183898926,-0.05089229717850685,0.3368193209171295,0.7090566158294678,-0.04845035821199417,0.3207637071609497,0.5863409638404846,-0.02131987176835537,0.3117283880710602,0.6230691075325012,-0.04621286690235138,0.3155496120452881,0.6817134022712708,-0.04203293099999428,0.3223010301589966,0.7140397429466248,-0.03254679590463638,0.2961488962173462,0.5994195342063904,-0.023069117218255997,0.2897804379463196,0.6219326853752136,-0.040882229804992676,0.295762300491333,0.6713290214538574,-0.0373571552336216,0.3032694160938263,0.6985403895378113,-0.029406676068902016
L,0.31909531354904175,0.722387969493866,1.771177693399295e-08,0.349256306886673,0.7121807336807251,-0.022309625521302223,0.3814232051372528,0.6782963275909424,-0.036726415157318115,0.406719833612442,0.6500399708747864,-0.049524758011102676,0.4309537708759308,0.641172468662262,-0.06292296946048737,0.3570561408996582,0.5829934477806091,-0.03173597902059555,0.36119577288627625,0.5148151516914368,-0.04955606535077095,0.3625653386116028,0.46891897916793823,-0.060059573501348495,0.3636242747306824,0.43000084161758423,-0.06729225814342499,0.33361345529556274,0.5705943703651428,-0.02880747988820076,0.32125356793403625,0.5828086137771606,-0.05606638267636299,0.3191497325897217,0.6434980630874634,-0.06051734462380409,0.3216569423675537,0.6830648183822632,-0.05799994245171547,0.3106338679790497,0.5747596621513367,-0.02744063176214695,0.3000769317150116,0.5972164273262024,-0.05224558711051941,0.30480772256851196,0.6513511538505554,-0.047091033309698105,0.3125806152820587,0.6832480430603027,-0.03768530488014221,0.28931859135627747,0.5867776274681091,-0.02805047482252121,0.28124701976776123,0.5999277234077454,-0.04523488134145737,0.28716835379600525,0.6450432538986206,-0.04139856994152069,0.2959844768047333,0.6704859733581543,-0.03375880792737007
L,0.3121137320995331,0.682816207408905,1.0492325230870847e-08,0.3381917178630829,0.6776261329650879,-0.020626775920391083,0.3665940761566162,0.6511380672454834,-0.03381670266389847,0.3892824649810791,0.6333708763122559,-0.04568973183631897,0.41052135825157166,0.6307769417762756,-0.05807237699627876,0.3499445915222168,0.5577781200408936,-0.027516324073076248,0.3539522588253021,0.49108263850212097,-0.04364807903766632,0.3552352786064148,0.44780969619750977,-0.05328158289194107,0.3557177484035492,0.41054630279541016,-0.05992656201124191,0.3300045430660248,0.5466504693031311,-0.024926001206040382,0.31287795305252075,0.5528782606124878,-0.051141612231731415,0.30922654271125793,0.6090010404586792,-0.05636255815625191,0.3114483654499054,0.6466964483261108,-0.05438615009188652,0.30981186032295227,0.5474606156349182,-0.023886917158961296,0.2945893108844757,0.5617185235023499,-0.04780028015375137,0.2971785366535187,0.6141160130500793,-0.043788354843854904,0.3039538860321045,0.6462749242782593,-0.035106297582387924,0.29068246483802795,0.5542405843734741,-0.024654552340507507,0.2795361280441284,0.559964656829834,-0.041659869253635406,0.2824838161468506,0.603306233882904,-0.038573168218135834,0.2898852825164795,0.6292789578437805,-0.03144998103380203
L,0.30834412574768066,0.6575356721878052,3.6333691610934693e-09,0.3331350088119507,0.6550859808921814,-0.0203841645270586,0.3587419390678406,0.6315861940383911,-0.0333084762096405,0.37911635637283325,0.6169243454933167,-0.04474576190114021,0.3982348144054413,0.6164711117744446,-0.056590914726257324,0.34669801592826843,0.538553774356842,-0.027179405093193054,0.3494926393032074,0.4771993160247803,-0.04299573972821236,0.3493043780326843,0.4358724355697632,-0.05269007012248039,0.3481263518333435,0.40072721242904663,-0.05943521857261658,0.327746719121933,0.5263534784317017,-0.024374449625611305,0.308245986700058,0.5338073968887329,-0.04996379464864731,0.30466368794441223,0.587653636932373,-0.05544136464595795,0.3073066771030426,0.6235922574996948,-0.05376939848065376,0.308114230632782,0.5256930589675903,-0.023081835359334946,0.29024043679237366,0.5412151217460632,-0.045961108058691025,0.2926708459854126,0.5907164216041565,-0.04245490953326225,0.29962649941444397,0.62105792760849,-0.034453000873327255,0.2896217703819275,0.5311208367347717,-0.023638000711798668,0.2763497531414032,0.5403600931167603,-0.040014203637838364,0.27935269474983215,0.5814291834831238,-0.03756554052233696,0.2873852849006653,0.6054397225379944,-0.031094834208488464
L,0.2943505346775055,0.6607989072799683,4.2099422614683135e-08,0.3136061131954193,0.659993052482605,-0.024655697867274284,0.33182838559150696,0.6479519009590149,-0.04138461872935295,0.3462375998497009,0.6419785618782043,-0.055985234677791595,0.3603460192680359,0.6410988569259644,-0.07041778415441513,0.32682138681411743,0.5501787662506104,-0.030934441834688187,0.32435083389282227,0.4969162940979004,-0.04769831895828247,0.3217090964317322,0.4596175253391266,-0.058182492852211,0.31899896264076233,0.4274754524230957,-0.06542173027992249,0.30893823504447937,0.5377957820892334,-0.02696698158979416,0.28627997636795044,0.5510820746421814,-0.05243830382823944,0.2848984897136688,0.6026477813720703,-0.05852896347641945,0.2897731363773346,0.6339629888534546,-0.05747753381729126,0.2910160720348358,0.5374066233634949,-0.024931784719228745,0.2710070312023163,0.55569988489151,-0.04753997549414635,0.27484405040740967,0.6008116006851196,-0.04463961347937584,0.2825944125652313,0.626273512840271,-0.0373457632958889,0.2753294110298157,0.5435721278190613,-0.02521257847547531,0.26078706979751587,0.5547369718551636,-0.04176482558250427,0.264792263507843,0.5925017595291138,-0.03978991135954857,0.2730652391910553,0.6129788756370544,-0.033767204731702805
L,0.2941497564315796,0.650539755821228,1.8006732105391166e-08,0.31108909845352173,0.6496897339820862,-0.024543313309550285,0.32669851183891296,0.6383665800094604,-0.040479954332113266,0.33931463956832886,0.6291126012802124,-0.0542294979095459,0.35269492864608765,0.6224689483642578,-0.06756288558244705,0.3250140845775604,0.5448470711708069,-0.028601989150047302,0.3213255703449249,0.4913634955883026,-0.044541869312524796,0.3177252411842346,0.45444464683532715,-0.05435650795698166,0.3141111135482788,0.42351359128952026,-0.060993947088718414,0.30828189849853516,0.5337406992912292,-0.024190673604607582,0.2841194272041321,0.5412271022796631,-0.048630353063344955,0.2822836935520172,0.5903455018997192,-0.054413046687841415,0.28724613785743713,0.6210753917694092,-0.05309749394655228,0.2915900945663452,0.5334142446517944,-0.021853361278772354,0.27024635672569275,0.545505166053772,-0.043962083756923676,0.2733761668205261,0.5878680944442749,-0.04128875210881233,0.28046393394470215,0.6133518218994141,-0.03404800966382027,0.2770068943500519,0.5387605428695679,-0.0217798613011837,0.2618238627910614,0.5446138978004456,-0.038175273686647415,0.2649896442890167,0.5794815421104431,-0.03645794838666916,0.2723351716995239,0.6003989577293396,-0.03054988384246826
L,0.30184322595596313,0.6717910766601562,9.843659221075995e-09,0.32402077317237854,0.6682268381118774,-0.02174796536564827,0.3460645079612732,0.6459906101226807,-0.035845182836055756,0.36451539397239685,0.6331144571304321,-0.04809800162911415,0.3834603428840637,0.6293120980262756,-0.06055903807282448,0.33513176441192627,0.5572342872619629,-0.02864781767129898,0.33537933230400085,0.49848422408103943,-0.04528883472084999,0.3333183526992798,0.4596332311630249,-0.05547894909977913,0.3310256898403168,0.42627349495887756,-0.06240540370345116,0.3162510395050049,0.5485368371009827,-0.025398828089237213,0.2987601161003113,0.5528830289840698,-0.05131470784544945,0.2959761917591095,0.6057031154632568,-0.05695410445332527,0.29903337359428406,0.6393406987190247,-0.055413082242012024,0.2971489429473877,0.5495827198028564,-0.02382020279765129,0.2812272310256958,0.5602602958679199,-0.04697316884994507,0.2838365137577057,0.6082406640052795,-0.04325379431247711,0.29055994749069214,0.6357959508895874,-0.03502306714653969,0.27931085228919983,0.5562167167663574,-0.024119965732097626,0.26746711134910583,0.5596795678138733,-0.040304332971572876,0.2713179290294647,0.5985137224197388,-0.03724672645330429,0.2790844440460205,0.6198939681053162,-0.030405031517148018
L,0.31288057565689087,0.6876067519187927,-1.1550508993707354e-08,0.33858850598335266,0.6799356937408447,-0.018655309453606606,0.3664589524269104,0.6516543030738831,-0.030564019456505775,0.38893333077430725,0.6328924894332886,-0.04111222177743912,0.4100984036922455,0.6259005069732666,-0.052138667553663254,0.34756702184677124,0.5600172877311707,-0.02660829946398735,0.34883052110671997,0.5049489140510559,-0.04079846292734146,0.34701481461524963,0.4658312201499939,-0.04934714734554291,0.3451298475265503,0.43268874287605286,-0.055304478853940964,0.32666367292404175,0.5447922945022583,-0.024360228329896927,0.31395256519317627,0.5672733187675476,-0.047179196029901505,0.3125823736190796,0.6195642948150635,-0.05177784338593483,0.3154754936695099,0.6556851267814636,-0.050140347331762314,0.3057716488838196,0.547040581703186,-0.023220013827085495,0.29468974471092224,0.5783001184463501,-0.043829068541526794,0.2986662983894348,0.6261006593704224,-0.04034559056162834,0.30543553829193115,0.6571969389915466,-0.03288622573018074,0.2863917648792267,0.5574823021888733,-0.0238341037184,0.27862071990966797,0.5781219601631165,-0.03868003562092781,0.28343480825424194,0.6196674108505249,-0.036018382757902145,0.29082149267196655,0.6451849341392517,-0.02958669513463974
L,0.32653748989105225,0.703819751739502,7.897512865895351e-09,0.3568955361843109,0.6907928586006165,-0.017878945916891098,0.389091432094574,0.6564897298812866,-0.029279572889208794,0.4164502024650574,0.6369096636772156,-0.03980104625225067,0.4400576949119568,0.6324626803398132,-0.05084092915058136,0.3642798066139221,0.5647570490837097,-0.025576205924153328,0.3682229518890381,0.5055472254753113,-0.039836205542087555,0.36830827593803406,0.4638060927391052,-0.048241496086120605,0.3684484362602234,0.4287618100643158,-0.05396386608481407,0.34037333726882935,0.549877405166626,-0.023617474362254143,0.33576029539108276,0.5716279745101929,-0.046994201838970184,0.33482617139816284,0.6263837218284607,-0.051382068544626236,0.33644628524780273,0.6641771197319031,-0.04913035035133362,0.3173351287841797,0.5536916851997375,-0.022704821079969406,0.31384503841400146,0.5861823558807373,-0.042992860078811646,0.31839069724082947,0.6332429647445679,-0.039209093898534775,0.3242790400981903,0.6641044616699219,-0.031237561255693436,0.2961999177932739,0.5659348368644714,-0.02359785884618759,0.29455211758613586,0.5890846252441406,-0.03719528391957283,0.3015572726726532,0.6290417313575745,-0.034063223749399185,0.3089759051799774,0.6537870168685913,-0.027199678122997284
L,0.3385277986526489,0.7034875154495239,4.573109446681656e-09,0.3701343536376953,0.6897520422935486,-0.019327383488416672,0.4050918221473694,0.6535788774490356,-0.031307660043239594,0.4333663582801819,0.6325006484985352,-0.042423710227012634,0.4570544958114624,0.6266568899154663,-0.05409971997141838,0.3816470503807068,0.5626468658447266,-0.026908760890364647,0.38631948828697205,0.5002135038375854,-0.04237325116991997,0.38628512620925903,0.4573771357536316,-0.051108188927173615,0.3861790895462036,0.4221460223197937,-0.0567314438521862,0.3564901649951935,0.5493457317352295,-0.024970708414912224,0.35270124673843384,0.5653208494186401,-0.05111963301897049,0.3509688377380371,0.6226798892021179,-0.056329820305109024,0.35111868381500244,0.6632965207099915,-0.05380919203162193,0.3321828544139862,0.5531110167503357,-0.024300212040543556,0.32920873165130615,0.5807816386222839,-0.047843582928180695,0.3331429660320282,0.6324225664138794,-0.044428352266550064,0.33813342452049255,0.6666327714920044,-0.03556989133358002,0.3093647360801697,0.5645183324813843,-0.025400102138519287,0.3090173900127411,0.5805269479751587,-0.04098557308316231,0.3154585063457489,0.6231598258018494,-0.03780299425125122,0.32166215777397156,0.651035726070404,-0.030343906953930855
L,0.3407600522041321,0.7014278173446655,-1.8468904627866323e-08,0.3727617561817169,0.6872305870056152,-0.017792336642742157,0.4072856605052948,0.6541010141372681,-0.028938759118318558,0.43386802077293396,0.6318538784980774,-0.039191603660583496,0.45522332191467285,0.6193636655807495,-0.049907587468624115,0.38515543937683105,0.5600319504737854,-0.025354847311973572,0.39019137620925903,0.5075492262840271,-0.040453389286994934,0.389766126871109,0.4691963195800781,-0.04934806376695633,0.3897237777709961,0.43500587344169617,-0.05514119192957878,0.35974010825157166,0.5417673587799072,-0.02380584180355072,0.35650232434272766,0.5625485181808472,-0.04810512438416481,0.3536849319934845,0.6195322275161743,-0.05294421315193176,0.3532317578792572,0.6572933197021484,-0.05063718929886818,0.3347172141075134,0.5436125993728638,-0.02336660400032997,0.3321724832057953,0.5753926634788513,-0.0458742156624794,0.3352528512477875,0.6280221939086914,-0.0422346256673336,0.33970147371292114,0.6610544919967651,-0.03356415033340454,0.3112795650959015,0.5548561215400696,-0.024527033790946007,0.31134718656539917,0.5757652521133423,-0.03975338488817215,0.3169364035129547,0.6204730272293091,-0.03642613813281059,0.3223353624343872,0.6483424305915833,-0.028944192454218864
L,0.3397987484931946,0.7071431875228882,-2.135992183127655e-08,0.37201958894729614,0.6913338899612427,-0.017673110589385033,0.40566587448120117,0.6576899290084839,-0.02837967872619629,0.4311813414096832,0.6336567401885986,-0.038185399025678635,0.4516436457633972,0.6174179911613464,-0.048291414976119995,0.38237622380256653,0.5633012056350708,-0.022534865885972977,0.3873358964920044,0.5193523168563843,-0.03779831901192665,0.38626334071159363,0.48661619424819946,-0.04749726876616478,0.38475871086120605,0.4560968279838562,-0.0536995567381382,0.3572222590446472,0.5464937686920166,-0.021114550530910492,0.3527626395225525,0.5663105845451355,-0.04500498250126839,0.3521430790424347,0.6215335130691528,-0.050630658864974976,0.35321250557899475,0.6583312153816223,-0.04872589558362961,0.3325932025909424,0.5494365692138672,-0.021022597327828407,0.32862359285354614,0.5813928246498108,-0.04341697692871094,0.33292722702026367,0.6334612965583801,-0.04040341079235077,0.33821749687194824,0.6651781797409058,-0.031933728605508804,0.30962932109832764,0.5619012117385864,-0.0225420780479908,0.3083363175392151,0.5816552042961121,-0.03785989433526993,0.3148219585418701,0.624910831451416,-0.034744732081890106,0.32096779346466064,0.6510552763938904,-0.027241786941885948
L,0.3322316110134125,0.6986196637153625,-2.9261373768463272e-08,0.3609548509120941,0.6913434863090515,-0.021217292174696922,0.39210110902786255,0.6616608500480652,-0.034543219953775406,0.4149683117866516,0.6378630995750427,-0.046417687088251114,0.43331092596054077,0.6177317500114441,-0.05800643935799599,0.37321263551712036,0.5635160803794861,-0.026565175503492355,0.37853866815567017,0.5056381821632385,-0.046846866607666016,0.3732059597969055,0.4740411937236786,-0.05894326791167259,0.36600375175476074,0.4578285217285156,-0.06494598090648651,0.34857672452926636,0.5507317185401917,-0.023573629558086395,0.3397162854671478,0.5604717135429382,-0.04961160570383072,0.3381250500679016,0.6165869832038879,-0.05501651391386986,0.3402046859264374,0.6536290645599365,-0.05296262353658676,0.3247058093547821,0.5542683601379395,-0.022832034155726433,0.3163906931877136,0.5761581659317017,-0.047144077718257904,0.32026407122612,0.6287007927894592,-0.043427035212516785,0.3263038992881775,0.6600636839866638,-0.034603551030159,0.3023282587528229,0.5648426413536072,-0.02392008900642395,0.2972594201564789,0.5786264538764954,-0.04023716598749161,0.30257293581962585,0.6227430105209351,-0.036844588816165924,0.3092975914478302,0.6481505632400513,-0.02929200790822506
L,0.3129606246948242,0.684270977973938,-2.634418549973816e-08,0.3369189202785492,0.6788061857223511,-0.022744618356227875,0.3618767261505127,0.6570383906364441,-0.038259442895650864,0.381099134683609,0.6342208385467529,-0.05221596732735634,0.3940422534942627,0.6119937896728516,-0.06509251147508621,0.3493363559246063,0.5525699853897095,-0.026043996214866638,0.3536050617694855,0.4917326271533966,-0.04712784290313721,0.3436267673969269,0.46397465467453003,-0.05917789041996002,0.3313264846801758,0.45852386951446533,-0.06449328362941742,0.3275376856327057,0.5442723631858826,-0.0222422294318676,0.31165704131126404,0.5484111309051514,-0.04736711457371712,0.31100010871887207,0.6036400198936462,-0.05169013887643814,0.3161413371562958,0.6366161108016968,-0.04892440512776375,0.3065061867237091,0.5478217005729675,-0.021217070519924164,0.2920433282852173,0.5642709732055664,-0.04451759159564972,0.2965707778930664,0.6142008900642395,-0.03987498953938484,0.30400708317756653,0.641551673412323,-0.030772615224123,0.2866224944591522,0.557479202747345,-0.02225213311612606,0.27618706226348877,0.5675556063652039,-0.03819643333554268,0.28165653347969055,0.609198272228241,-0.034572262316942215,0.29005298018455505,0.6314873099327087,-0.026889188215136528
L,0.30131691694259644,0.6731597781181335,-4.694594935017449e-08,0.3229467272758484,0.6633917093276978,-0.024673942476511,0.34155693650245667,0.6423525810241699,-0.04090806469321251,0.3530491888523102,0.6172848343849182,-0.055631306022405624,0.3546115458011627,0.5877386331558228,-0.06916926056146622,0.3267700970172882,0.5427407622337341,-0.026190826669335365,0.3252454400062561,0.4768117070198059,-0.0480964258313179,0.31247127056121826,0.4516028165817261,-0.06057870015501976,0.2985215485095978,0.44656527042388916,-0.06596100330352783,0.3070344626903534,0.5464019179344177,-0.02193726971745491,0.2871968448162079,0.5385274887084961,-0.049759745597839355,0.28790590167045593,0.5922369956970215,-0.056082550436258316,0.29411718249320984,0.6247349381446838,-0.053866516798734665,0.28859373927116394,0.5546926259994507,-0.02076437883079052,0.27011629939079285,0.5584500432014465,-0.046241529285907745,0.2768912613391876,0.6046767830848694,-0.043191637843847275,0.2859356999397278,0.6304488778114319,-0.03431880846619606,0.27171459794044495,0.5658438801765442,-0.021684154868125916,0.25775668025016785,0.5624610781669617,-0.038819100707769394,0.2650662660598755,0.5982083678245544,-0.03597322106361389,0.27519354224205017,0.6191194653511047,-0.02858782559633255
L,0.3276980519294739,0.691063404083252,-4.2168615266291454e-08,0.35386085510253906,0.6791382431983948,-0.02078172191977501,0.3811485171318054,0.6438051462173462,-0.03385618329048157,0.40242138504981995,0.6145575642585754,-0.04550163075327873,0.4182860553264618,0.5882197618484497,-0.05649036541581154,0.357469379901886,0.552593469619751,-0.02390468493103981,0.3614155054092407,0.4909527003765106,-0.04469408094882965,0.3530500531196594,0.46313735842704773,-0.05696796625852585,0.3427237272262573,0.45431992411613464,-0.062454354017972946,0.33393216133117676,0.5486143231391907,-0.020962363108992577,0.32496070861816406,0.5529419183731079,-0.047066155821084976,0.32674407958984375,0.6102888584136963,-0.05227906256914139,0.3309003412723541,0.6466029286384583,-0.04984423145651817,0.3121516704559326,0.5579383373260498,-0.020586291328072548,0.30404168367385864,0.572080671787262,-0.04508792236447334,0.3108461797237396,0.624497652053833,-0.04077542573213577,0.31824734807014465,0.6540671586990356,-0.031321823596954346,0.29218122363090515,0.5730441212654114,-0.02193964272737503,0.2863059639930725,0.5774465799331665,-0.03826954588294029,0.29384779930114746,0.618442177772522,-0.03404427319765091,0.3013986647129059,0.64101243019104,-0.025790058076381683
L,0.3481299877166748,0.7188986539840698,-5.798353353014818e-09,0.3804357051849365,0.6950017213821411,-0.018111051991581917,0.41178378462791443,0.6476795077323914,-0.028173012658953667,0.4348692297935486,0.6120585203170776,-0.03733208030462265,0.452069491147995,0.5827552676200867,-0.04643635079264641,0.37776651978492737,0.5688695311546326,-0.020849306136369705,0.3798746168613434,0.5228677988052368,-0.03586708754301071,0.3780026435852051,0.49076879024505615,-0.04501553252339363,0.3771270215511322,0.4627532958984375,-0.05062224715948105,0.3519681990146637,0.5615451335906982,-0.0191568061709404,0.35380300879478455,0.5704444646835327,-0.043985433876514435,0.3576313555240631,0.6247429251670837,-0.04950990527868271,0.3607195317745209,0.663407564163208,-0.04684271290898323,0.3281225860118866,0.5710992217063904,-0.01908617466688156,0.33142614364624023,0.5970259308815002,-0.041799578815698624,0.339216947555542,0.6469135880470276,-0.03866918012499809,0.34566473960876465,0.6772752404212952,-0.029692867770791054,0.30569952726364136,0.5882922410964966,-0.020719321444630623,0.3105469346046448,0.6057427525520325,-0.035090330988168716,0.32027482986450195,0.6430478692054749,-0.03223366290330887,0.3271946310997009,0.6646459102630615,-0.02516297623515129
L,0.3698350489139557,0.7357508540153503,-2.8793420980832707e-09,0.40147915482521057,0.7071922421455383,-0.015850596129894257,0.43083134293556213,0.6547674536705017,-0.026461036875844002,0.4539641737937927,0.6170511245727539,-0.036841657012701035,0.47344398498535156,0.5879784226417542,-0.047153573483228683,0.3930330276489258,0.5724670886993408,-0.019883401691913605,0.394077867269516,0.5216525793075562,-0.035813186317682266,0.39713791012763977,0.4922682046890259,-0.04554368928074837,0.4040140211582184,0.4712825417518616,-0.050934307277202606,0.36664026975631714,0.5689997673034668,-0.0196245014667511,0.38172370195388794,0.5817963480949402,-0.04447520896792412,0.38520506024360657,0.6381591558456421,-0.049874067306518555,0.38696813583374023,0.6794918775558472,-0.04716702550649643,0.34381210803985596,0.5841726064682007,-0.020869847387075424,0.36207115650177,0.6098453998565674,-0.04335230588912964,0.3673502504825592,0.6606902480125427,-0.039979979395866394,0.3709213435649872,0.6924691200256348,-0.03087797202169895,0.3234867453575134,0.6069342494010925,-0.023650115355849266,0.3397792875766754,0.6183924078941345,-0.03750983998179436,0.34890982508659363,0.6556022763252258,-0.03383282572031021,0.35418084263801575,0.6789315938949585,-0.026065442711114883
L,0.37164071202278137,0.7531511783599854,-1.9446561694280717e-08,0.4035343825817108,0.7256508469581604,-0.014690155163407326,0.4326126277446747,0.6720839738845825,-0.024754879996180534,0.45499876141548157,0.6339858770370483,-0.03485969826579094,0.47429144382476807,0.6060432195663452,-0.04498465359210968,0.39502742886543274,0.5911655426025391,-0.018865184858441353,0.39617735147476196,0.5404126048088074,-0.034704454243183136,0.39992907643318176,0.5112626552581787,-0.04445955902338028,0.40758323669433594,0.4921191334724426,-0.04970565065741539,0.368819922208786,0.5873246788978577,-0.019023682922124863,0.38354694843292236,0.6010050773620605,-0.043409816920757294,0.3863492012023926,0.6564996838569641,-0.04864594340324402,0.3877701163291931,0.698114275932312,-0.04603307694196701,0.34629467129707336,0.6023196578025818,-0.020660609006881714,0.3638375997543335,0.6281467080116272,-0.04234962537884712,0.36905431747436523,0.6778095960617065,-0.03888769447803497,0.37261831760406494,0.7101522088050842,-0.0300435870885849,0.32621657848358154,0.6254016160964966,-0.02377919666469097,0.34217679500579834,0.6383476257324219,-0.03673771023750305,0.35114991664886475,0.6742273569107056,-0.03293547406792641,0.35634884238243103,0.6966450810432434,-0.025368111208081245
L,0.3477899432182312,0.7606978416442871,-2.7861167595233383e-08,0.3786725401878357,0.738612949848175,-0.01737222634255886,0.4084933400154114,0.69652259349823,-0.027811367064714432,0.4302859604358673,0.6653125286102295,-0.03731018304824829,0.4476902186870575,0.6405116319656372,-0.0467655211687088,0.37921658158302307,0.6106671690940857,-0.02069989964365959,0.38125503063201904,0.5703674554824829,-0.036637332290410995,0.3795871436595917,0.5433881878852844,-0.04680074378848076,0.37760457396507263,0.5214781761169434,-0.05265723541378975,0.35333865880966187,0.6006428003311157,-0.019172605127096176,0.3538421392440796,0.6175373196601868,-0.042176876217126846,0.3566248416900635,0.6709455847740173,-0.04725451022386551,0.3588715195655823,0.7064249515533447,-0.04496718570590019,0.3293333053588867,0.6094914078712463,-0.01930048130452633,0.3305463492870331,0.6410096287727356,-0.040936894714832306,0.3375818431377411,0.6907916069030762,-0.03764208033680916,0.34385114908218384,0.7197388410568237,-0.029074203222990036,0.30749526619911194,0.6269981861114502,-0.02102748304605484,0.3099503517150879,0.647395670413971,-0.0351642370223999,0.31872639060020447,0.686859130859375,-0.03177685663104057,0.3253900706768036,0.7090135812759399,-0.02433958649635315
L,0.3344196677207947,0.7709945440292358,-6.366012428316026e-08,0.3601658046245575,0.7570317983627319,-0.018325593322515488,0.3868197500705719,0.722218930721283,-0.031228642910718918,0.40777280926704407,0.6948136687278748,-0.04325953498482704,0.42317405343055725,0.6704441905021667,-0.05457218736410141,0.36282628774642944,0.6321404576301575,-0.02471298910677433,0.3640482425689697,0.5766521096229553,-0.04570455849170685,0.35565102100372314,0.5556376576423645,-0.0579858161509037,0.346211314201355,0.5579794049263,-0.06306365877389908,0.33815109729766846,0.6209717988967896,-0.022293105721473694,0.3320285677909851,0.646835446357727,-0.045724980533123016,0.33440229296684265,0.7005599141120911,-0.04990604147315025,0.33880963921546936,0.7343932390213013,-0.04749862849712372,0.31566157937049866,0.6280676126480103,-0.02213156223297119,0.3106946349143982,0.6683151125907898,-0.04237193986773491,0.318328857421875,0.7131030559539795,-0.0380217470228672,0.32698461413383484,0.738440990447998,-0.029873618856072426,0.2949751615524292,0.6428971290588379,-0.023908451199531555,0.2920251786708832,0.6735044717788696,-0.03681352362036705,0.3007971942424774,0.711548388004303,-0.03332900628447533,0.31020110845565796,0.730850338935852,-0.026241324841976166
L,0.3373861014842987,0.7708722352981567,3.147203031517165e-08,0.3645547330379486,0.7536835670471191,-0.01907179318368435,0.39328500628471375,0.7164102792739868,-0.031705342233181,0.4183650016784668,0.6957449913024902,-0.04321363568305969,0.4415626525878906,0.6905938386917114,-0.05507706105709076,0.36663854122161865,0.6239083409309387,-0.028671683743596077,0.36762601137161255,0.5649829506874084,-0.04458142817020416,0.3667641282081604,0.5221490263938904,-0.0538608618080616,0.365729957818985,0.4862199127674103,-0.06030373275279999,0.34173962473869324,0.6097907423973083,-0.026697959750890732,0.3372983932495117,0.6413748264312744,-0.050938691943883896,0.33935046195983887,0.6984805464744568,-0.05509811267256737,0.34310367703437805,0.7346978187561035,-0.05295950546860695,0.318750262260437,0.6177610754966736,-0.025975527241826057,0.31591206789016724,0.6646148562431335,-0.04737628251314163,0.32406532764434814,0.7110009789466858,-0.04368557035923004,0.33318856358528137,0.7364197373390198,-0.036064475774765015,0.29831838607788086,0.6347646713256836,-0.02721550315618515,0.2965049147605896,0.6703807711601257,-0.041762664914131165,0.3063370883464813,0.7098509073257446,-0.03928639367222786,0.31637293100357056,0.7290375828742981,-0.0330970399081707
L,0.33944904804229736,0.7440899014472961,3.180204322106306e-09,0.36995166540145874,0.7305773496627808,-0.021937083452939987,0.40369731187820435,0.6925332546234131,-0.03501906618475914,0.43179982900619507,0.664813220500946,-0.046406861394643784,0.45646271109580994,0.6508490443229675,-0.05815843865275383,0.378554105758667,0.6070390343666077,-0.030069462954998016,0.3811264634132385,0.5438860058784485,-0.0475073866546154,0.381283164024353,0.499988853931427,-0.05750742182135582,0.3812443017959595,0.46261388063430786,-0.06416293233633041,0.35555604100227356,0.5943538546562195,-0.026973430067300797,0.34387800097465515,0.6065283417701721,-0.052710652351379395,0.34336283802986145,0.6640669703483582,-0.05613228678703308,0.34708088636398315,0.6998525261878967,-0.05316884070634842,0.33237773180007935,0.5980212092399597,-0.02574090100824833,0.3222685158252716,0.6203455328941345,-0.050606511533260345,0.32738426327705383,0.6725525259971619,-0.04544543847441673,0.33527711033821106,0.702034056186676,-0.03589669242501259,0.31067124009132385,0.6083765625953674,-0.02641366235911846,0.3040194511413574,0.6188381910324097,-0.04387758672237396,0.30956724286079407,0.6628202199935913,-0.04011236131191254,0.31734010577201843,0.6881542801856995,-0.032550886273384094
L,0.30531948804855347,0.7037923336029053,1.1642450559179451e-08,0.33955618739128113,0.6950269341468811,-0.022646527737379074,0.3772895038127899,0.6628323197364807,-0.034711409360170364,0.4082584083080292,0.6385396718978882,-0.045643869787454605,0.4340454041957855,0.6322643160820007,-0.05713006854057312,0.3543637990951538,0.5741661190986633,-0.024424638599157333,0.3656849265098572,0.49991676211357117,-0.040816083550453186,0.3714405298233032,0.4538663923740387,-0.05024302378296852,0.3761347830295563,0.4149470329284668,-0.05660983547568321,0.33086833357810974,0.5659502148628235,-0.022067449986934662,0.3224788010120392,0.5425921678543091,-0.05136876180768013,0.31582099199295044,0.6013927459716797,-0.05745812878012657,0.3140983283519745,0.6436252593994141,-0.054895609617233276,0.30740442872047424,0.566015899181366,-0.02197311259806156,0.2984011173248291,0.5528600215911865,-0.05082316696643829,0.2983989715576172,0.6103633642196655,-0.04749486595392227,0.3012840449810028,0.6472670435905457,-0.03740003705024719,0.28462153673171997,0.5702170133590698,-0.02365708351135254,0.27973756194114685,0.5456525683403015,-0.043597158044576645,0.28194355964660645,0.5894150137901306,-0.04010568559169769,0.28526875376701355,0.6214586496353149,-0.03207419067621231
L,0.27646076679229736,0.7849453687667847,5.86046198236545e-08,0.30876147747039795,0.7722728848457336,-0.02565642073750496,0.3437633514404297,0.7343479990959167,-0.040138255804777145,0.3736042082309723,0.7070571184158325,-0.05282469838857651,0.40060365200042725,0.701016902923584,-0.06593955308198929,0.3162679672241211,0.6453784704208374,-0.02883780747652054,0.32255980372428894,0.5698193907737732,-0.04643227905035019,0.3252262771129608,0.522019624710083,-0.05660411715507507,0.327656626701355,0.4815313220024109,-0.06344771385192871,0.2929258942604065,0.640894889831543,-0.025033339858055115,0.28030431270599365,0.6249074339866638,-0.05504462867975235,0.2781285047531128,0.6846266388893127,-0.061109136790037155,0.28098464012145996,0.7260882258415222,-0.05836066976189613,0.2704078257083893,0.6456175446510315,-0.02352835051715374,0.25824376940727234,0.6419231295585632,-0.05207017809152603,0.26239973306655884,0.6976613998413086,-0.04883919656276703,0.2689817547798157,0.7319023013114929,-0.038850679993629456,0.24921581149101257,0.6547161936759949,-0.02408176101744175,0.24086564779281616,0.6398187875747681,-0.04353085532784462,0.2461315244436264,0.6834701299667358,-0.040179070085287094,0.2531854808330536,0.7127619981765747,-0.03211670741438866
L,0.2823933959007263,0.8069611191749573,3.880985133264403e-08,0.3166983127593994,0.7907760143280029,-0.024330630898475647,0.354087233543396,0.7484884262084961,-0.03787808492779732,0.38584262132644653,0.7184150218963623,-0.05008094757795334,0.41466453671455383,0.7114381790161133,-0.06276532262563705,0.32482263445854187,0.6592541933059692,-0.02773933671414852,0.33308982849121094,0.5819088220596313,-0.045323386788368225,0.33687448501586914,0.5326610207557678,-0.0553707629442215,0.34034380316734314,0.49099087715148926,-0.06210089474916458,0.29938119649887085,0.6521357297897339,-0.024956682696938515,0.2923952043056488,0.637155294418335,-0.0552237369120121,0.28974607586860657,0.699895441532135,-0.06098276376724243,0.2905726730823517,0.7443426251411438,-0.057945359498262405,0.27463144063949585,0.6561524271965027,-0.024441497400403023,0.26764145493507385,0.6547411680221558,-0.05342460796236992,0.2710655927658081,0.7137534618377686,-0.049701958894729614,0.2761079668998718,0.7510465979576111,-0.03921046853065491,0.25116461515426636,0.665532112121582,-0.025940921157598495,0.24682235717773438,0.650820791721344,-0.04541660472750664,0.25243258476257324,0.6964810490608215,-0.04154788330197334,0.2581823766231537,0.7286627888679504,-0.03305725380778313
L,0.2803822159767151,0.8165745735168457,3.771017631493123e-08,0.3138037621974945,0.7886125445365906,-0.017926957458257675,0.3453626334667206,0.7259006500244141,-0.02876059152185917,0.3711492717266083,0.6830676794052124,-0.03942165523767471,0.3979930579662323,0.6660504341125488,-0.05046049878001213,0.30682235956192017,0.6409853100776672,-0.023781387135386467,0.31452813744544983,0.5722924470901489,-0.041081205010414124,0.31786268949508667,0.5242186188697815,-0.051548659801483154,0.3226572871208191,0.48400479555130005,-0.0581766739487648,0.27914243936538696,0.6374552249908447,-0.023409470915794373,0.2964056730270386,0.6446586847305298,-0.051950257271528244,0.29662153124809265,0.7060864567756653,-0.05698370933532715,0.29467523097991943,0.7493141293525696,-0.05345809832215309,0.2545037865638733,0.6522724628448486,-0.024576298892498016,0.27369439601898193,0.6702650189399719,-0.05042484030127525,0.2771953344345093,0.7258241772651672,-0.04550575837492943,0.2784794569015503,0.760278582572937,-0.0346318781375885,0.23212546110153198,0.6753283143043518,-0.027466244995594025,0.24812157452106476,0.676490306854248,-0.043267201632261276,0.25669246912002563,0.7139851450920105,-0.03834635764360428,0.26094987988471985,0.7382882237434387,-0.029387567192316055
L,0.2815263867378235,0.820138156414032,5.1158984604171565e-08,0.3160053789615631,0.7896769642829895,-0.01862952671945095,0.34386855363845825,0.7242729067802429,-0.030647629871964455,0.36778706312179565,0.679572343826294,-0.04204877093434334,0.3947013020515442,0.660252571105957,-0.05373379960656166,0.3030506670475006,0.6415801644325256,-0.027995940297842026,0.3122882544994354,0.5739874243736267,-0.047637924551963806,0.3164806663990021,0.5244975090026855,-0.05945666879415512,0.32223519682884216,0.48362112045288086,-0.06677120923995972,0.275574266910553,0.639813244342804,-0.027497457340359688,0.3000358045101166,0.6503085494041443,-0.05828164890408516,0.3013131618499756,0.7141703367233276,-0.06312336772680283,0.29905954003334045,0.759581446647644,-0.05906124413013458,0.2522178292274475,0.6566470265388489,-0.02857406809926033,0.2785700261592865,0.6808876395225525,-0.05602893605828285,0.2827087640762329,0.7363234758377075,-0.051137447357177734,0.2829904556274414,0.7705870866775513,-0.04005908966064453,0.2312806248664856,0.6821109652519226,-0.03143369406461716,0.25353676080703735,0.6886031627655029,-0.04865742102265358,0.2635755240917206,0.7286905646324158,-0.044368330389261246,0.26808518171310425,0.7538028955459595,-0.03566514328122139
L,0.28045010566711426,0.8241520524024963,1.5198413194639215e-08,0.31384173035621643,0.7892043590545654,-0.014324898831546307,0.33938148617744446,0.7198057770729065,-0.02272011712193489,0.3592641055583954,0.6723566651344299,-0.031529512256383896,0.38328787684440613,0.6508423686027527,-0.04075662046670914,0.29488420486450195,0.640363872051239,-0.018335966393351555,0.30355653166770935,0.5748084187507629,-0.03462754935026169,0.30827564001083374,0.5273574590682983,-0.044810958206653595,0.31459274888038635,0.4872247576713562,-0.05104439705610275,0.26880159974098206,0.6412568092346191,-0.01908036693930626,0.295531690120697,0.650127649307251,-0.04679058492183685,0.29776015877723694,0.7132790684700012,-0.05193903669714928,0.29575324058532715,0.759734034538269,-0.04818947985768318,0.247653067111969,0.6599774956703186,-0.02124067023396492,0.27648860216140747,0.6799706816673279,-0.04674229025840759,0.28108441829681396,0.7362661957740784,-0.0427982322871685,0.2817641496658325,0.7724799513816833,-0.032273806631565094,0.22872796654701233,0.6867516040802002,-0.024832595139741898,0.25227004289627075,0.6886661052703857,-0.04066348448395729,0.26188671588897705,0.7277972102165222,-0.03651801496744156,0.2660630941390991,0.7541056871414185,-0.02789023518562317
L,0.28324922919273376,0.8206374645233154,3.191495068222139e-08,0.31641870737075806,0.7769863605499268,-0.008538322523236275,0.33730483055114746,0.7089211344718933,-0.015891579911112785,0.3543579876422882,0.6652665138244629,-0.025789745151996613,0.377129465341568,0.6469185948371887,-0.03653021156787872,0.2888234853744507,0.6387975215911865,-0.01131785474717617,0.2982698082923889,0.5685052275657654,-0.030020885169506073,0.30357587337493896,0.5191169381141663,-0.042677316814661026,0.30909591913223267,0.47633183002471924,-0.05078091472387314,0.2654890716075897,0.6438955664634705,-0.016620023176074028,0.2993272542953491,0.645674467086792,-0.04695875197649002,0.30301591753959656,0.7104900479316711,-0.05372181534767151,0.29904043674468994,0.7556583881378174,-0.051108211278915405,0.24700254201889038,0.6637455224990845,-0.023504571989178658,0.2823787033557892,0.6734341382980347,-0.05183517187833786,0.2868295907974243,0.7314613461494446,-0.048192348331213,0.28467053174972534,0.7662570476531982,-0.037664853036403656,0.2307763695716858,0.6904029846191406,-0.03140619397163391,0.26014506816864014,0.6858776211738586,-0.049247391521930695,0.26974231004714966,0.7261333465576172,-0.044837675988674164,0.2716023921966553,0.7527353763580322,-0.03603276237845421
L,0.2811518907546997,0.8405435085296631,3.6354208532429766e-08,0.3170279562473297,0.8123946189880371,-0.020630326122045517,0.3503369987010956,0.7491900324821472,-0.03349095210433006,0.3792283236980438,0.7078783512115479,-0.04576463624835014,0.4082149863243103,0.6952788829803467,-0.058573897927999496,0.31129539012908936,0.6567406058311462,-0.027875026687979698,0.3176434636116028,0.585476279258728,-0.046354230493307114,0.32058051228523254,0.5341889262199402,-0.05794895440340042,0.32432740926742554,0.4924212396144867,-0.0655054897069931,0.281263142824173,0.6508684158325195,-0.026934215798974037,0.295673668384552,0.6668855547904968,-0.05735763907432556,0.29655107855796814,0.7330901026725769,-0.06329896301031113,0.2945510149002075,0.7791584134101868,-0.06020431965589523,0.25495582818984985,0.6665673851966858,-0.0275430791079998,0.270966112613678,0.6923425197601318,-0.05473526939749718,0.275974839925766,0.7502148747444153,-0.049918901175260544,0.27819502353668213,0.7858818769454956,-0.03895832598209381,0.2311590313911438,0.691628634929657,-0.0301359836012125,0.24612672626972198,0.69782954454422,-0.04684070870280266,0.2555879056453705,0.7394465208053589,-0.04152523726224899,0.2603657841682434,0.7660719752311707,-0.032026030123233795
L,0.25143206119537354,0.8663620948791504,5.574207406766618e-08,0.28697842359542847,0.8387722969055176,-0.026527749374508858,0.3234623074531555,0.7832836508750916,-0.043446555733680725,0.35609400272369385,0.7443444132804871,-0.05878257006406784,0.3878127634525299,0.7301830649375916,-0.0744723230600357,0.2848457992076874,0.6792545914649963,-0.03321266174316406,0.28697067499160767,0.6085339784622192,-0.05306321755051613,0.2860816717147827,0.5580613017082214,-0.06496302783489227,0.28603026270866394,0.5154826045036316,-0.07311595231294632,0.25523611903190613,0.6672819256782532,-0.02976723574101925,0.25055232644081116,0.6945411562919617,-0.05982266366481781,0.253498375415802,0.7623709440231323,-0.0651230663061142,0.25814297795295715,0.8034894466400146,-0.062424492090940475,0.22739404439926147,0.6792066693305969,-0.028578929603099823,0.22404129803180695,0.7181905508041382,-0.057321686297655106,0.23343294858932495,0.7785616517066956,-0.052834123373031616,0.2440609335899353,0.8101763129234314,-0.042534105479717255,0.20223698019981384,0.7006164193153381,-0.02978023700416088,0.1990393102169037,0.7204267978668213,-0.04914348945021629,0.21040119230747223,0.7683809399604797,-0.045246221125125885,0.2214585393667221,0.7939759492874146,-0.03666263818740845
L,0.25501883029937744,0.8754294514656067,3.4882326360730076e-08,0.2897498607635498,0.8479535579681396,-0.02505909651517868,0.32608646154403687,0.7913346290588379,-0.04120060056447983,0.3589068651199341,0.7522066831588745,-0.05593836307525635,0.3913504481315613,0.7397027015686035,-0.07107336074113846,0.2885029911994934,0.6853368878364563,-0.032648999243974686,0.29078537225723267,0.6166729927062988,-0.051739417016506195,0.289639413356781,0.566718578338623,-0.06345891952514648,0.2895139753818512,0.5237935781478882,-0.07171729952096939,0.2584824562072754,0.6712259650230408,-0.029734313488006592,0.25416436791419983,0.7047917246818542,-0.05869645997881889,0.2572517395019531,0.7721390724182129,-0.06406132131814957,0.26174432039260864,0.8132606148719788,-0.06189025565981865,0.23020222783088684,0.6831947565078735,-0.028774762526154518,0.22763261198997498,0.7270914316177368,-0.056464917957782745,0.23677444458007812,0.7863596081733704,-0.05236935615539551,0.24683424830436707,0.818558394908905,-0.042777758091688156,0.20448966324329376,0.7056974768638611,-0.03014058992266655,0.20274385809898376,0.7278586626052856,-0.04930409789085388,0.21436887979507446,0.7761346101760864,-0.04574751481413841,0.22522200644016266,0.8032553195953369,-0.03750133514404297
L,0.25536829233169556,0.8796360492706299,3.16380983633735e-08,0.2899956703186035,0.8517678380012512,-0.025157514959573746,0.32672494649887085,0.7962579727172852,-0.04124131798744202,0.3598758578300476,0.7576819658279419,-0.056075118482112885,0.39258211851119995,0.7455111145973206,-0.0712573379278183,0.2892012596130371,0.6931183934211731,-0.03174823522567749,0.29162395000457764,0.6235957145690918,-0.05086783319711685,0.2903231680393219,0.5739700198173523,-0.06249329447746277,0.2899022698402405,0.5309047698974609,-0.07074875384569168,0.26014596223831177,0.6776957511901855,-0.028759855777025223,0.25277772545814514,0.711670458316803,-0.057523082941770554,0.25540852546691895,0.7789123058319092,-0.062490589916706085,0.2606719434261322,0.8178849816322327,-0.0601985938847065,0.23196247220039368,0.6871978044509888,-0.02793850377202034,0.2263292819261551,0.7303412556648254,-0.05567013472318649,0.23510196805000305,0.7894474864006042,-0.05135306715965271,0.24602356553077698,0.8194364309310913,-0.04177641123533249,0.20593036711215973,0.7068786025047302,-0.02949194423854351,0.20121359825134277,0.727580726146698,-0.04855090379714966,0.21265295147895813,0.7753482460975647,-0.04489706829190254,0.22459307312965393,0.8014332056045532,-0.03677557781338692
L,0.24962855875492096,0.8752011060714722,3.540730020290539e-08,0.2844125032424927,0.848182201385498,-0.025896936655044556,0.32066890597343445,0.7897670865058899,-0.04219114035367966,0.35344332456588745,0.7495894432067871,-0.0569617822766304,0.3857590854167938,0.7373479008674622,-0.07216154783964157,0.2823834717273712,0.6898484230041504,-0.03320201113820076,0.28423795104026794,0.6190857291221619,-0.052248116582632065,0.28261277079582214,0.5685610771179199,-0.0637722909450531,0.281766414642334,0.5258750915527344,-0.07195156067609787,0.252907395362854,0.6776262521743774,-0.02990848757326603,0.24684756994247437,0.7076711058616638,-0.05956555902957916,0.2501443326473236,0.7754854559898376,-0.06478693336248398,0.2554967999458313,0.8174619078636169,-0.06242283433675766,0.22485503554344177,0.6890162229537964,-0.028710132464766502,0.22030436992645264,0.7278739809989929,-0.056515470147132874,0.22974328696727753,0.7873479127883911,-0.05193502828478813,0.2405836284160614,0.8208614587783813,-0.04209635779261589,0.19923171401023865,0.7100590467453003,-0.029956715181469917,0.19583207368850708,0.727622926235199,-0.049059417098760605,0.2072175145149231,0.7752858400344849,-0.04541318118572235,0.21863019466400146,0.8028493523597717,-0.037286028265953064
L,0.2632007896900177,0.8533859252929688,1.498322177440059e-08,0.2967508137226105,0.8268564939498901,-0.02402590773999691,0.331740140914917,0.7718616724014282,-0.038948044180870056,0.36330634355545044,0.7341558933258057,-0.05253482609987259,0.39433205127716064,0.7235090136528015,-0.0666186660528183,0.29627877473831177,0.673599123954773,-0.030096113681793213,0.2976830005645752,0.605838418006897,-0.047381285578012466,0.2956777811050415,0.5579043030738831,-0.0580253042280674,0.29443076252937317,0.5168458223342896,-0.06577503681182861,0.2685620188713074,0.6598904132843018,-0.027152130380272865,0.26093968749046326,0.6891037821769714,-0.05474904924631119,0.2625753581523895,0.754680335521698,-0.0600004643201828,0.2668866217136383,0.7954159379005432,-0.05792224779725075,0.2416829764842987,0.6694728136062622,-0.026093339547514915,0.2355264574289322,0.7083257436752319,-0.052030302584171295,0.24350610375404358,0.7659792900085449,-0.04803766310214996,0.25331345200538635,0.7984973788261414,-0.038922592997550964,0.21664534509181976,0.688671350479126,-0.027344290167093277,0.21184463798999786,0.7075715661048889,-0.04522852972149849,0.2222188413143158,0.7533095479011536,-0.0418875589966774,0.23309150338172913,0.7796311974525452,-0.03417845442891121
L,0.24839767813682556,0.7842593789100647,-6.557862253231406e-09,0.2796054184436798,0.7628108263015747,-0.02308419719338417,0.3128107786178589,0.7192628979682922,-0.037427935749292374,0.3410598337650299,0.6903564929962158,-0.05038931593298912,0.3688509464263916,0.6867527365684509,-0.06365174800157547,0.28334841132164,0.6269294023513794,-0.028005309402942657,0.2831138074398041,0.5642186403274536,-0.04508280009031296,0.2787376940250397,0.5216714143753052,-0.05529876425862312,0.2737809419631958,0.4841934144496918,-0.06261690706014633,0.2589249908924103,0.6146653890609741,-0.02542032115161419,0.24195164442062378,0.6316981911659241,-0.052680835127830505,0.24399438500404358,0.6949505805969238,-0.05772120878100395,0.2504025101661682,0.7316330671310425,-0.05539293959736824,0.23453636467456818,0.6207208633422852,-0.024807119742035866,0.21928539872169495,0.6468578577041626,-0.05097469314932823,0.22683802247047424,0.7025373578071594,-0.04704837501049042,0.23736673593521118,0.730312168598175,-0.037737563252449036,0.21112926304340363,0.6346519589424133,-0.026210295036435127,0.1988942176103592,0.6416517496109009,-0.04394657909870148,0.20819541811943054,0.6852724552154541,-0.04003706946969032,0.22018970549106598,0.7083925008773804,-0.032040733844041824
L,0.24554651975631714,0.7370758056640625,3.225335731826817e-08,0.2743513584136963,0.7216817736625671,-0.02471323497593403,0.3025174140930176,0.6872342228889465,-0.03959578648209572,0.32658660411834717,0.6638736128807068,-0.052694641053676605,0.35252809524536133,0.6565023064613342,-0.06583411991596222,0.2779894173145294,0.5919470191001892,-0.027886860072612762,0.2791212201118469,0.5232846736907959,-0.04494645446538925,0.27732136845588684,0.47891461849212646,-0.054716892540454865,0.2750045359134674,0.4408271312713623,-0.061634764075279236,0.25574833154678345,0.5853022336959839,-0.02430117130279541,0.23578551411628723,0.5889405608177185,-0.05198540911078453,0.2375025600194931,0.6486467123031616,-0.057361096143722534,0.2451034039258957,0.68302321434021,-0.0552787221968174,0.23335003852844238,0.5906176567077637,-0.023026788607239723,0.214834064245224,0.6009781360626221,-0.04955558106303215,0.22199857234954834,0.6538326740264893,-0.04577358439564705,0.23328152298927307,0.6789069771766663,-0.03671044111251831,0.2121085375547409,0.6009580492973328,-0.0238677728921175,0.1976321041584015,0.5996134877204895,-0.04246942698955536,0.20534731447696686,0.6422895789146423,-0.039269786328077316,0.21675996482372284,0.6634914875030518,-0.031864698976278305
L,0.23741553723812103,0.7304531335830688,5.384410428632691e-08,0.26068955659866333,0.7214285135269165,-0.027100088074803352,0.28342923521995544,0.6920661926269531,-0.04491487890481949,0.30511459708213806,0.6727232336997986,-0.060569580644369125,0.3282809257507324,0.6717259883880615,-0.07611028850078583,0.26418495178222656,0.6000145673751831,-0.033236559480428696,0.2618267238140106,0.532260537147522,-0.05312841013073921,0.2588192820549011,0.4886336326599121,-0.0642620325088501,0.2553967833518982,0.45131969451904297,-0.07177633047103882,0.24441199004650116,0.5952037572860718,-0.028908077627420425,0.2206931710243225,0.5969118475914001,-0.05818670988082886,0.2226705104112625,0.6569846272468567,-0.06229915842413902,0.23148895800113678,0.6873412132263184,-0.05909965559840202,0.22488249838352203,0.599985659122467,-0.027172187343239784,0.20288416743278503,0.6068992614746094,-0.053674813359975815,0.2101992666721344,0.6577868461608887,-0.04757213220000267,0.2219521701335907,0.6816293001174927,-0.03716055676341057,0.20685356855392456,0.6098272800445557,-0.027965379878878593,0.19025777280330658,0.6063032150268555,-0.04622010514140129,0.19672831892967224,0.6465221047401428,-0.041941605508327484,0.20759519934654236,0.6672499775886536,-0.03392263129353523
L,0.234005406498909,0.6874920129776001,6.704555488568076e-08,0.24821455776691437,0.6776986122131348,-0.0282154344022274,0.26199594140052795,0.6586200594902039,-0.04648273065686226,0.27728140354156494,0.641849935054779,-0.0626145675778389,0.29489386081695557,0.6365123987197876,-0.07804038375616074,0.25456613302230835,0.5635882019996643,-0.028354430571198463,0.2476227730512619,0.5080854296684265,-0.045387230813503265,0.24082051217556,0.4680156111717224,-0.05461094528436661,0.2354527711868286,0.4363558888435364,-0.06047578901052475,0.23787668347358704,0.5614451169967651,-0.022483324632048607,0.21078163385391235,0.5607877969741821,-0.04851628839969635,0.21184678375720978,0.6144360303878784,-0.05249863117933273,0.22152751684188843,0.6419009566307068,-0.04853697121143341,0.2228287160396576,0.5662850737571716,-0.019575240090489388,0.1995074450969696,0.5702736973762512,-0.04338286817073822,0.20539774000644684,0.6128566861152649,-0.039753470569849014,0.21648825705051422,0.6349536776542664,-0.03054223023355007,0.21049804985523224,0.5749290585517883,-0.019399287179112434,0.19457559287548065,0.5720686316490173,-0.035861894488334656,0.19746613502502441,0.6016983389854431,-0.0341544933617115,0.20540107786655426,0.6193147897720337,-0.02787330001592636
L,0.23586001992225647,0.682827353477478,8.549636731913779e-08,0.24372851848602295,0.674149751663208,-0.03321686014533043,0.25149044394493103,0.6601332426071167,-0.05431051179766655,0.26236703991889954,0.6436424255371094,-0.07240305095911026,0.2746901214122772,0.6345664858818054,-0.08946426212787628,0.2500351369380951,0.564054012298584,-0.032383423298597336,0.23860523104667664,0.5113706588745117,-0.04888131469488144,0.2288752645254135,0.47364693880081177,-0.057328805327415466,0.22113631665706635,0.44593143463134766,-0.06246272101998329,0.23475073277950287,0.564276933670044,-0.02374829351902008,0.20624929666519165,0.5637444257736206,-0.04745856299996376,0.20910418033599854,0.6132728457450867,-0.050108615309000015,0.2198895812034607,0.6349833011627197,-0.04560631886124611,0.22122642397880554,0.5688363909721375,-0.018505657091736794,0.19646602869033813,0.5719971060752869,-0.040351781994104385,0.20390045642852783,0.6099832653999329,-0.036347199231386185,0.21581199765205383,0.6275825500488281,-0.02745433896780014,0.21015481650829315,0.5754128098487854,-0.01651974767446518,0.1928182691335678,0.5717124938964844,-0.03199944645166397,0.19726167619228363,0.5979787111282349,-0.03041992150247097,0.20654405653476715,0.6130402684211731,-0.024550441652536392
L,0.24097880721092224,0.6802632808685303,6.035168098605936e-08,0.25154152512550354,0.6694268584251404,-0.03080197423696518,0.26022639870643616,0.6532726287841797,-0.050249673426151276,0.2709292471408844,0.6347798109054565,-0.06725288182497025,0.2849106788635254,0.6222115159034729,-0.08326444774866104,0.25483617186546326,0.5577669143676758,-0.028294647112488747,0.2450544536113739,0.5057871341705322,-0.04425382986664772,0.23594042658805847,0.4689464867115021,-0.053165923804044724,0.22833310067653656,0.4409644603729248,-0.058848824352025986,0.23903639614582062,0.5593926310539246,-0.02102048695087433,0.2125299721956253,0.5606275200843811,-0.04543210566043854,0.21558932960033417,0.6102914810180664,-0.04978077486157417,0.22560179233551025,0.6336249113082886,-0.046398814767599106,0.22518855333328247,0.5659520030021667,-0.016941051930189133,0.20177613198757172,0.5685498118400574,-0.03975190222263336,0.2088269144296646,0.6082044243812561,-0.03673001006245613,0.21981056034564972,0.6281527876853943,-0.028187604621052742,0.21382445096969604,0.5751609802246094,-0.015809878706932068,0.19707366824150085,0.5699068307876587,-0.03224911540746689,0.2017497420310974,0.5977835655212402,-0.030944062396883965,0.21090492606163025,0.6154468655586243,-0.024978909641504288
L,0.2424997240304947,0.688438892364502,4.41314114141278e-08,0.26286581158638,0.6778228282928467,-0.026513179764151573,0.28116288781166077,0.6507894992828369,-0.043259914964437485,0.29840174317359924,0.627593457698822,-0.05790777876973152,0.3183019459247589,0.6173133254051208,-0.07206867635250092,0.2639874815940857,0.5650129318237305,-0.02756904810667038,0.25810176134109497,0.5049999356269836,-0.04502857103943825,0.251145601272583,0.46551957726478577,-0.05418960005044937,0.24488988518714905,0.43404144048690796,-0.06010220944881439,0.24567949771881104,0.564333975315094,-0.022961674258112907,0.22269196808338165,0.5590236186981201,-0.05084912106394768,0.22377337515354156,0.6168885231018066,-0.055150192230939865,0.23211149871349335,0.6457910537719727,-0.05108847841620445,0.22930337488651276,0.5709761381149292,-0.021083872765302658,0.20736080408096313,0.5730820298194885,-0.04774541035294533,0.21372485160827637,0.6214818954467773,-0.043434806168079376,0.22503091394901276,0.642702579498291,-0.03319869562983513,0.21525554358959198,0.5819869637489319,-0.021465366706252098,0.1983882486820221,0.579836905002594,-0.04020141437649727,0.20418505370616913,0.6159631013870239,-0.03734288364648819,0.21483522653579712,0.633186399936676,-0.02981497347354889
L,0.2579483091831207,0.7221771478652954,-5.338887110184487e-09,0.28445592522621155,0.7037773132324219,-0.02265165187418461,0.31044286489486694,0.6606001853942871,-0.035528238862752914,0.332619309425354,0.6301126480102539,-0.04670867696404457,0.35490086674690247,0.614254891872406,-0.058046869933605194,0.2818645238876343,0.5764095783233643,-0.026270344853401184,0.2780575752258301,0.5124356746673584,-0.0418931283056736,0.27236130833625793,0.473186194896698,-0.05059998482465744,0.26668503880500793,0.4396625757217407,-0.056620679795742035,0.25980809330940247,0.5756584405899048,-0.02310703508555889,0.24334903061389923,0.5815073251724243,-0.05001980438828468,0.24719670414924622,0.6396512389183044,-0.05522676929831505,0.25408175587654114,0.6757134795188904,-0.052858661860227585,0.23845218122005463,0.5866876840591431,-0.021967999637126923,0.22415517270565033,0.5991978049278259,-0.04794520139694214,0.2337837666273117,0.6512999534606934,-0.04459252953529358,0.24441751837730408,0.6796901822090149,-0.0355963371694088,0.21863386034965515,0.602360725402832,-0.022649632766842842,0.20740115642547607,0.6021493077278137,-0.04102087393403053,0.21661287546157837,0.6421729922294617,-0.03826059401035309,0.22707709670066833,0.6640076637268066,-0.03110448084771633
L,0.2787505090236664,0.7562071084976196,1.0936624050827959e-08,0.3096641004085541,0.7276353240013123,-0.0204459261149168,0.3401610553264618,0.6706818342208862,-0.03151968866586685,0.3669562339782715,0.6323564648628235,-0.04172329232096672,0.3928370475769043,0.617546021938324,-0.05237959697842598,0.3055156171321869,0.5926438570022583,-0.023060444742441177,0.3067052662372589,0.5249940752983093,-0.03815383091568947,0.3060638904571533,0.4820818305015564,-0.04679303616285324,0.3056941628456116,0.44498127698898315,-0.052857670933008194,0.2803162932395935,0.592930793762207,-0.021262239664793015,0.27545830607414246,0.5936229825019836,-0.047523144632577896,0.279513418674469,0.6557689905166626,-0.05237242951989174,0.2837151288986206,0.6940850615501404,-0.049763839691877365,0.2565373182296753,0.607519268989563,-0.021410636603832245,0.2520967423915863,0.6156321167945862,-0.04755130037665367,0.261547327041626,0.6711910963058472,-0.04361923038959503,0.269666463136673,0.7015963196754456,-0.033917829394340515,0.23395994305610657,0.6285639405250549,-0.023188497871160507,0.2301187813282013,0.6178853511810303,-0.04105638340115547,0.24105186760425568,0.6582847237586975,-0.03688819333910942,0.24987252056598663,0.6837148070335388,-0.028690552338957787
L,0.29737651348114014,0.7624037861824036,4.662506469799155e-08,0.32996684312820435,0.7306333780288696,-0.020061485469341278,0.3606659173965454,0.6647454500198364,-0.03137074410915375,0.3879581093788147,0.621657133102417,-0.04185504838824272,0.4157954454421997,0.6019342541694641,-0.05258285254240036,0.323777437210083,0.5880056023597717,-0.024459322914481163,0.32738932967185974,0.5215994119644165,-0.041816677898168564,0.3282143473625183,0.47639262676239014,-0.052052244544029236,0.3298161029815674,0.43745338916778564,-0.05883537977933884,0.29551011323928833,0.5862956047058105,-0.023072242736816406,0.3017851710319519,0.5882259011268616,-0.0518980473279953,0.30695709586143494,0.6514084339141846,-0.057351503521203995,0.3095070719718933,0.693004846572876,-0.054080769419670105,0.270387202501297,0.6017467379570007,-0.02351386845111847,0.27850276231765747,0.617721676826477,-0.050247568637132645,0.28770333528518677,0.6741328835487366,-0.04571302607655525,0.2933467924594879,0.7054665684700012,-0.03498713672161102,0.2471647560596466,0.6250084638595581,-0.025708764791488647,0.2545570731163025,0.6288634538650513,-0.04258882999420166,0.26618528366088867,0.6683357357978821,-0.03816717863082886,0.27300310134887695,0.6896423101425171,-0.02954820543527603
L,0.32028958201408386,0.7748787999153137,2.3182364472518202e-08,0.3524572551250458,0.7413247227668762,-0.01717442274093628,0.3803560733795166,0.6702567934989929,-0.027636751532554626,0.4050464332103729,0.6215923428535461,-0.03771203011274338,0.43153709173202515,0.5968711376190186,-0.04819129407405853,0.3396766781806946,0.5917773842811584,-0.024057239294052124,0.34480687975883484,0.5250760316848755,-0.040611233562231064,0.3467665910720825,0.47742706537246704,-0.05066737160086632,0.3502095639705658,0.43760254979133606,-0.057087305933237076,0.31140127778053284,0.5917302370071411,-0.023631276562809944,0.3296956419944763,0.6011731624603271,-0.05060352385044098,0.3334214985370636,0.6629490852355957,-0.055033255368471146,0.33374741673469543,0.7062872052192688,-0.05153736099600792,0.2871900200843811,0.6107910871505737,-0.024543974548578262,0.30884385108947754,0.6291603446006775,-0.04890482872724533,0.3150434195995331,0.6856683492660522,-0.04298809915781021,0.3179132342338562,0.7206666469573975,-0.03189293295145035,0.26567336916923523,0.6385880708694458,-0.02711901068687439,0.283634752035141,0.6395643949508667,-0.04176314175128937,0.29360896348953247,0.67742520570755,-0.03595956042408943,0.29840368032455444,0.701378583908081,-0.026569385081529617
L,0.3458612859249115,0.7736942768096924,1.7657928452763372e-08,0.37846747040748596,0.7361462116241455,-0.01474708877503872,0.40223434567451477,0.6610617637634277,-0.02381259948015213,0.42154935002326965,0.6088483929634094,-0.032960254698991776,0.4458896815776825,0.5809197425842285,-0.04253508150577545,0.35739850997924805,0.5893969535827637,-0.021283097565174103,0.3650341033935547,0.521409273147583,-0.03806110471487045,0.3697553873062134,0.47321993112564087,-0.0482213981449604,0.3760443329811096,0.432606041431427,-0.054471977055072784,0.33035585284233093,0.5916783809661865,-0.02196664921939373,0.35706818103790283,0.5961840748786926,-0.04994279891252518,0.36065638065338135,0.6602374315261841,-0.054640721529722214,0.3588351309299469,0.7060722708702087,-0.050740692764520645,0.3084976077079773,0.6120136380195618,-0.02390199713408947,0.33808204531669617,0.6288732886314392,-0.049317918717861176,0.3437831997871399,0.685953676700592,-0.044337671250104904,0.34453052282333374,0.720872163772583,-0.0333976186811924,0.28940680623054504,0.6410226225852966,-0.027224449440836906,0.31236907839775085,0.6407527327537537,-0.042838241904973984,0.3233221173286438,0.6783099174499512,-0.03787458315491676,0.32801419496536255,0.7024826407432556,-0.02881188876926899
L,0.3577592670917511,0.7760065197944641,1.7813652775089395e-08,0.38813838362693787,0.7335362434387207,-0.012200272642076015,0.4089237451553345,0.6581978797912598,-0.020794585347175598,0.4255872666835785,0.606914222240448,-0.030172787606716156,0.44839197397232056,0.5787232518196106,-0.03997691348195076,0.36359450221061707,0.5906690359115601,-0.01779908686876297,0.37243103981018066,0.5220241546630859,-0.03506699576973915,0.37856578826904297,0.4758613109588623,-0.045408472418785095,0.3859722912311554,0.4356708526611328,-0.05150005593895912,0.3381594121456146,0.594207763671875,-0.019722353667020798,0.37099939584732056,0.5957217812538147,-0.047574616968631744,0.3755234181880951,0.6599028706550598,-0.05231583118438721,0.3727666437625885,0.7048733830451965,-0.0484255887567997,0.31821155548095703,0.614389955997467,-0.02294236794114113,0.3535204231739044,0.6276764869689941,-0.04875624552369118,0.3586626648902893,0.6850595474243164,-0.04447140917181969,0.35777777433395386,0.719712495803833,-0.03388483449816704,0.30090051889419556,0.6435577273368835,-0.027297871187329292,0.32900235056877136,0.6432905197143555,-0.043190114200115204,0.34015822410583496,0.6830189228057861,-0.03865622729063034,0.343854695558548,0.7088574171066284,-0.029847634956240654
L,0.3498019278049469,0.7858235239982605,1.0342207978908391e-08,0.38295647501945496,0.7500686049461365,-0.014940002001821995,0.40911397337913513,0.6760203838348389,-0.02423456311225891,0.4303944706916809,0.6256726384162903,-0.03360241279006004,0.4557684361934662,0.5973172783851624,-0.04341211915016174,0.3674083352088928,0.5994462966918945,-0.021269541233778,0.37582045793533325,0.5357242226600647,-0.03860868886113167,0.381233811378479,0.4903414845466614,-0.04910372570157051,0.3886490762233734,0.45217880606651306,-0.055472977459430695,0.33928921818733215,0.5985313057899475,-0.021927714347839355,0.3646930158138275,0.6131892204284668,-0.050322916358709335,0.3673558533191681,0.6787285208702087,-0.055162668228149414,0.3657534718513489,0.723966658115387,-0.05124378204345703,0.31626495718955994,0.6181584596633911,-0.0239996537566185,0.34442561864852905,0.645500123500824,-0.04970994219183922,0.3490214943885803,0.7027443051338196,-0.04516259953379631,0.3495781123638153,0.7361348271369934,-0.03446751460433006,0.29606664180755615,0.6470209360122681,-0.027484524995088577,0.3189948797225952,0.6554165482521057,-0.04284895583987236,0.32922104001045227,0.6950230598449707,-0.03812078759074211,0.3336159586906433,0.7175867557525635,-0.029273368418216705
L,0.3357994556427002,0.7773382663726807,2.0842414460986447e-09,0.37062472105026245,0.7425131797790527,-0.016256015747785568,0.39863961935043335,0.6720006465911865,-0.026481349021196365,0.4236828684806824,0.6246617436408997,-0.036709368228912354,0.4509982466697693,0.5996469259262085,-0.04751129075884819,0.3594284951686859,0.590243935585022,-0.022662123665213585,0.36363017559051514,0.5328548550605774,-0.03983190283179283,0.3658938705921173,0.48925939202308655,-0.05101189762353897,0.37031516432762146,0.45293930172920227,-0.05835135653614998,0.33015644550323486,0.5862798094749451,-0.022850681096315384,0.34629327058792114,0.6111634969711304,-0.04994305595755577,0.3494911193847656,0.6713520288467407,-0.055422913283109665,0.3498305380344391,0.7129579782485962,-0.05291920155286789,0.3051563799381256,0.6059823632240295,-0.02455567941069603,0.3240549564361572,0.6393001079559326,-0.04822637513279915,0.33059000968933105,0.6906875371932983,-0.04402540624141693,0.3341347277164459,0.7214800119400024,-0.03463023155927658,0.28353285789489746,0.6358618140220642,-0.028013214468955994,0.29918786883354187,0.6530587077140808,-0.042235441505908966,0.3096897602081299,0.6870532035827637,-0.03840401768684387,0.3156447410583496,0.7050987482070923,-0.030812302604317665
L,0.3154730200767517,0.7768239378929138,1.114851233552372e-08,0.3478160500526428,0.7505699396133423,-0.020608820021152496,0.3807048201560974,0.6955065727233887,-0.03328938037157059,0.4097454845905304,0.655972957611084,-0.044779639691114426,0.4383842349052429,0.6395854949951172,-0.05660563334822655,0.34747010469436646,0.6050502061843872,-0.029635809361934662,0.3493724465370178,0.5422268509864807,-0.046831630170345306,0.3482833802700043,0.49601033329963684,-0.05706099048256874,0.34776607155799866,0.45633232593536377,-0.06425664573907852,0.3189353048801422,0.5915684700012207,-0.02734767086803913,0.31710147857666016,0.6260343790054321,-0.05289717763662338,0.32066217064857483,0.6853525042533875,-0.05689458176493645,0.3249906897544861,0.7201736569404602,-0.05455239489674568,0.29256922006607056,0.6020324230194092,-0.026610173285007477,0.2927394509315491,0.6491525769233704,-0.05017548054456711,0.3019566535949707,0.6982433199882507,-0.04557306319475174,0.31155988574028015,0.7230088114738464,-0.036917272955179214,0.2688097655773163,0.62241131067276,-0.027958983555436134,0.26967644691467285,0.6537171602249146,-0.044052548706531525,0.2808530628681183,0.6951757073402405,-0.040828462690114975,0.29110804200172424,0.7153210639953613,-0.03373445197939873
L,0.2968825101852417,0.7620651721954346,-3.91835364155213e-09,0.3284773826599121,0.7445313930511475,-0.0227837972342968,0.35999196767807007,0.6997243165969849,-0.03621106967329979,0.3867643177509308,0.6677907705307007,-0.04800784960389137,0.41382402181625366,0.6616873741149902,-0.06036006286740303,0.33133697509765625,0.6084873676300049,-0.0294768325984478,0.33130988478660583,0.5478754043579102,-0.04615577682852745,0.3277224004268646,0.505155086517334,-0.056191202253103256,0.32354655861854553,0.4682493209838867,-0.06337011605501175,0.30691391229629517,0.5958861112594604,-0.026349855586886406,0.29131799936294556,0.6177538633346558,-0.052689094096422195,0.29392310976982117,0.6759971380233765,-0.05774897336959839,0.2998906373977661,0.712626039981842,-0.05574049800634384,0.2825687825679779,0.6022937893867493,-0.024974500760436058,0.2693285346031189,0.6326504349708557,-0.05006072297692299,0.2777257561683655,0.6853097677230835,-0.046776894479990005,0.28811144828796387,0.7160868644714355,-0.03833845257759094,0.2601213753223419,0.6167583465576172,-0.025676123797893524,0.25136643648147583,0.6324188113212585,-0.04377566650509834,0.2599186897277832,0.6761937141418457,-0.04154514893889427,0.2704960107803345,0.7016665935516357,-0.034832172095775604
L,0.27922457456588745,0.7622112035751343,-4.5302526174850755e-09,0.3064720034599304,0.746597945690155,-0.024189729243516922,0.33131060004234314,0.7101218104362488,-0.03880423307418823,0.3514787256717682,0.682844877243042,-0.051530349999666214,0.37609487771987915,0.6750355362892151,-0.06397944688796997,0.3047831058502197,0.6170439720153809,-0.02704673819243908,0.30058953166007996,0.5562283396720886,-0.04420563578605652,0.29301542043685913,0.517031729221344,-0.054149992763996124,0.28435981273651123,0.4836907982826233,-0.061136048287153244,0.2834138572216034,0.6113147735595703,-0.023508543148636818,0.26043766736984253,0.6224039793014526,-0.04989514499902725,0.2651655077934265,0.6793650388717651,-0.054762087762355804,0.2746874690055847,0.7090165615081787,-0.05269781872630119,0.26236361265182495,0.6186314821243286,-0.022338392212986946,0.24157464504241943,0.6373786330223083,-0.0472002774477005,0.251337468624115,0.6862519383430481,-0.043209418654441833,0.2636507451534271,0.7073666453361511,-0.03454136103391647,0.24289609491825104,0.6315736174583435,-0.023429283872246742,0.226223886013031,0.638950526714325,-0.040655467659235,0.23549215495586395,0.6786483526229858,-0.03762739524245262,0.24785088002681732,0.6963026523590088,-0.030709240585565567
L,0.268952876329422,0.7359094619750977,1.3978432855665801e-09,0.2911171615123749,0.726857602596283,-0.025126174092292786,0.3116104304790497,0.6990000009536743,-0.04066634923219681,0.3287394940853119,0.6752173900604248,-0.0539235845208168,0.34896135330200195,0.6644546389579773,-0.06697766482830048,0.2919175326824188,0.609272837638855,-0.030302444472908974,0.28573840856552124,0.5472334623336792,-0.048002589493989944,0.27904483675956726,0.5061401724815369,-0.05804550275206566,0.27252548933029175,0.47159844636917114,-0.06486579030752182,0.2727268934249878,0.6051732897758484,-0.02622077241539955,0.24879881739616394,0.6110023856163025,-0.053066983819007874,0.2507137060165405,0.6669614315032959,-0.05771658197045326,0.2589900493621826,0.6955487728118896,-0.05536477640271187,0.2539401650428772,0.6109822988510132,-0.02447325736284256,0.23242327570915222,0.6215924620628357,-0.04934552684426308,0.23979710042476654,0.6696923971176147,-0.04484013095498085,0.25128018856048584,0.6913429498672485,-0.035819049924612045,0.23646943271160126,0.621715784072876,-0.024972913786768913,0.21971556544303894,0.6196935772895813,-0.042147696018218994,0.2259025126695633,0.6559597253799438,-0.03870375454425812,0.23599553108215332,0.6734831929206848,-0.03155789151787758
L,0.2796914875507355,0.7433544993400574,7.439874050163553e-09,0.30621519684791565,0.7306567430496216,-0.02361057698726654,0.33024460077285767,0.6935824751853943,-0.03739868104457855,0.3506799042224884,0.6671494245529175,-0.049326829612255096,0.3725149929523468,0.6536469459533691,-0.0614183135330677,0.3033598065376282,0.6072945594787598,-0.02980736270546913,0.29922017455101013,0.537411093711853,-0.04713643714785576,0.2954373359680176,0.4929441213607788,-0.05694953352212906,0.29143571853637695,0.45542964339256287,-0.06365770101547241,0.28255829215049744,0.6061155796051025,-0.026240743696689606,0.2624729871749878,0.6111344695091248,-0.05442133545875549,0.2650354504585266,0.6690680980682373,-0.059608202427625656,0.2724102735519409,0.7031719088554382,-0.05724348500370979,0.2626301646232605,0.6150007843971252,-0.02472965233027935,0.24481143057346344,0.6275866627693176,-0.05043301358819008,0.25330662727355957,0.6766679286956787,-0.04621740058064461,0.2645992934703827,0.7005935311317444,-0.037069544196128845,0.2443138062953949,0.6274729371070862,-0.025284580886363983,0.22985102236270905,0.6279014945030212,-0.042713891714811325,0.2379109412431717,0.6639907956123352,-0.039324261248111725,0.24902035295963287,0.6806527376174927,-0.03211606293916702
L,0.3073776364326477,0.7553436756134033,7.1651506949876875e-09,0.339011013507843,0.7349536418914795,-0.022568758577108383,0.3702058792114258,0.6801854372024536,-0.03519953042268753,0.3973294794559479,0.6403672099113464,-0.046175457537174225,0.4231814444065094,0.6244572997093201,-0.057771168649196625,0.3368746340274811,0.597262442111969,-0.030718069523572922,0.3364928066730499,0.5257478952407837,-0.047594647854566574,0.33456557989120483,0.47862792015075684,-0.05754629522562027,0.3328111171722412,0.4397638440132141,-0.0643257424235344,0.31104573607444763,0.5930217504501343,-0.027340678498148918,0.30486321449279785,0.6059507727622986,-0.055277351289987564,0.30743637681007385,0.6660840511322021,-0.06037338078022003,0.31137245893478394,0.7065176963806152,-0.05781581997871399,0.28701838850975037,0.6039038300514221,-0.0255925003439188,0.2821769118309021,0.626011312007904,-0.05109826475381851,0.2905988097190857,0.6787488460540771,-0.04679560288786888,0.2991972863674164,0.7118203639984131,-0.03730972856283188,0.26501134037971497,0.6209407448768616,-0.025848781690001488,0.262397825717926,0.6283935904502869,-0.04358381778001785,0.2715297341346741,0.6703081130981445,-0.04022533819079399,0.2803141176700592,0.6967172622680664,-0.03253579139709473
L,0.32698795199394226,0.7672569155693054,6.187061529772109e-09,0.35961997509002686,0.7396193742752075,-0.02071436680853367,0.3902623951435089,0.6776555180549622,-0.03253541886806488,0.4168526530265808,0.6320152878761292,-0.04313546419143677,0.4434328079223633,0.6091784834861755,-0.05416804924607277,0.3543801009654999,0.5955637693405151,-0.027239829301834106,0.35497692227363586,0.5275640487670898,-0.04321308434009552,0.35296839475631714,0.48091351985931396,-0.05255986750125885,0.35144373774528503,0.44156157970428467,-0.05898115038871765,0.3264698386192322,0.5932736396789551,-0.024951709434390068,0.32856523990631104,0.6041479110717773,-0.052325744181871414,0.33315035700798035,0.6665621995925903,-0.057335685938596725,0.33608385920524597,0.7079995274543762,-0.05442040041089058,0.3015018403530121,0.6080785989761353,-0.024181390181183815,0.30481648445129395,0.629610538482666,-0.04947908967733383,0.3146158754825592,0.6838074326515198,-0.045020975172519684,0.32213371992111206,0.7159966826438904,-0.035131461918354034,0.2786864936351776,0.6302830576896667,-0.02521403878927231,0.2830236554145813,0.6378520131111145,-0.04202473908662796,0.29484841227531433,0.6796725988388062,-0.03804214671254158,0.3031682074069977,0.7048044204711914,-0.029891878366470337
L,0.343215674161911,0.7819395661354065,1.6238574929161587e-08,0.37725669145584106,0.7515217065811157,-0.019515376538038254,0.4061644971370697,0.6826338171958923,-0.029703985899686813,0.43024909496307373,0.6314961314201355,-0.03900929540395737,0.45345187187194824,0.6008176207542419,-0.048632293939590454,0.36804628372192383,0.6073805093765259,-0.023850999772548676,0.37332454323768616,0.539036750793457,-0.04049871116876602,0.3752971291542053,0.49251437187194824,-0.05030820891261101,0.3777214586734772,0.45269811153411865,-0.056778110563755035,0.33954474329948425,0.6070811748504639,-0.022524042055010796,0.3500136435031891,0.6065882444381714,-0.05142798647284508,0.3545595705509186,0.6715773940086365,-0.0567382350564003,0.3560299873352051,0.7154111266136169,-0.05334469676017761,0.3143550157546997,0.6238381862640381,-0.02295197919011116,0.32780468463897705,0.6314050555229187,-0.050401750952005386,0.33639371395111084,0.690527081489563,-0.04549307003617287,0.3409888744354248,0.7262917757034302,-0.03434968367218971,0.2916754484176636,0.6487450003623962,-0.02500368282198906,0.30260345339775085,0.6408154964447021,-0.0438082255423069,0.31511232256889343,0.6807281970977783,-0.03976646065711975,0.3221791982650757,0.7073296308517456,-0.03104672022163868
L,0.34543490409851074,0.7755092978477478,1.8102852550327952e-08,0.38031139969825745,0.7459076642990112,-0.019454730674624443,0.41059279441833496,0.6775259375572205,-0.02906915359199047,0.43407827615737915,0.6247036457061768,-0.03770453482866287,0.45732226967811584,0.5927624106407166,-0.04654376953840256,0.3741680085659027,0.6030676364898682,-0.022191479802131653,0.3805583715438843,0.5393721461296082,-0.03872443363070488,0.38254934549331665,0.4956378936767578,-0.048273712396621704,0.3852044641971588,0.4573323130607605,-0.05457190424203873,0.34575551748275757,0.6006988286972046,-0.020797571167349815,0.3551323413848877,0.5944410562515259,-0.05014143884181976,0.35857927799224854,0.65971839427948,-0.055595774203538895,0.35969290137290955,0.7047451734542847,-0.051835041493177414,0.320256769657135,0.6147215366363525,-0.02130308747291565,0.3317969739437103,0.6228523254394531,-0.049245815724134445,0.33991745114326477,0.6829051971435547,-0.04486612603068352,0.3446827828884125,0.7189504504203796,-0.03375566750764847,0.29660308361053467,0.6375004649162292,-0.023394014686346054,0.30661579966545105,0.6334056854248047,-0.042521003633737564,0.3186822235584259,0.6752980351448059,-0.03926512598991394,0.32604843378067017,0.7018231153488159,-0.031060636043548584
L,0.3477328419685364,0.775585949420929,1.1135649735649622e-08,0.38351455330848694,0.7438982725143433,-0.017708050087094307,0.41353851556777954,0.6753986477851868,-0.026049340143799782,0.43531692028045654,0.623564600944519,-0.03399479389190674,0.45740386843681335,0.5911484360694885,-0.042247578501701355,0.376810759305954,0.6031866669654846,-0.01788177341222763,0.3840045630931854,0.5421521663665771,-0.03341567888855934,0.38633090257644653,0.5013811588287354,-0.042471762746572495,0.3892630636692047,0.46522223949432373,-0.04836675152182579,0.3484206199645996,0.6007091999053955,-0.017077410593628883,0.3583666980266571,0.596418023109436,-0.04569460451602936,0.3628440201282501,0.6621030569076538,-0.051439881324768066,0.36490097641944885,0.7063257098197937,-0.047877077013254166,0.32264551520347595,0.6150251626968384,-0.018147055059671402,0.334980309009552,0.6201437711715698,-0.04623052105307579,0.34394797682762146,0.6838901042938232,-0.0419076569378376,0.349385529756546,0.7220498323440552,-0.03058253973722458,0.29875075817108154,0.6379663944244385,-0.020626304671168327,0.30953457951545715,0.6335067749023438,-0.04000348225235939,0.32217931747436523,0.6759382486343384,-0.0368071012198925,0.3302897810935974,0.702990710735321,-0.028437847271561623
L,0.35007283091545105,0.7709444165229797,1.0264762373424219e-08,0.3855011463165283,0.7398651838302612,-0.018681785091757774,0.4163486361503601,0.6729840040206909,-0.02759278006851673,0.4378308653831482,0.6205376982688904,-0.035830311477184296,0.4588443636894226,0.5864303708076477,-0.0442253015935421,0.3801000118255615,0.5995874404907227,-0.018976692110300064,0.38739150762557983,0.5401632785797119,-0.03489593043923378,0.3898755609989166,0.49966299533843994,-0.044446516782045364,0.393110990524292,0.4633324444293976,-0.05064690113067627,0.35190311074256897,0.5959967970848083,-0.01784043200314045,0.361674964427948,0.5915958881378174,-0.04688068851828575,0.36606764793395996,0.6567696928977966,-0.05303886532783508,0.368313729763031,0.7017353177070618,-0.049725696444511414,0.32614582777023315,0.6089881658554077,-0.018629534170031548,0.3380318880081177,0.6133732199668884,-0.04677354171872139,0.34686219692230225,0.6766441464424133,-0.04258817061781883,0.3525301516056061,0.7160680294036865,-0.03133765235543251,0.3018980026245117,0.6309672594070435,-0.020959170535206795,0.31242793798446655,0.6251522302627563,-0.040514662861824036,0.32468000054359436,0.6675819754600525,-0.03746667131781578,0.3325975239276886,0.6963512897491455,-0.029150398448109627
L,0.3506828844547272,0.7674483060836792,1.2562914264435676e-08,0.3863452076911926,0.7441730499267578,-0.018323970958590508,0.41950899362564087,0.6819044351577759,-0.026783239096403122,0.4405082166194916,0.6323823928833008,-0.03451259061694145,0.45922672748565674,0.6025956273078918,-0.04245626553893089,0.3859618604183197,0.6080191135406494,-0.022244907915592194,0.39168763160705566,0.5309020280838013,-0.03800157457590103,0.3944588303565979,0.4818468987941742,-0.0465502105653286,0.397346168756485,0.44078150391578674,-0.05192235857248306,0.35823115706443787,0.6075499057769775,-0.020946988835930824,0.3639445900917053,0.5948900580406189,-0.050361957401037216,0.3656323552131653,0.6581723093986511,-0.05573558807373047,0.36624306440353394,0.7027256488800049,-0.05202599987387657,0.3328676223754883,0.6174075603485107,-0.021255146712064743,0.33899688720703125,0.6136981248855591,-0.048637572675943375,0.345567524433136,0.6720482110977173,-0.04355771094560623,0.34982791543006897,0.709782600402832,-0.03219833970069885,0.3080320358276367,0.6329180002212524,-0.023029204457998276,0.3153630495071411,0.61818927526474,-0.041347090154886246,0.32430025935173035,0.6595540046691895,-0.036892905831336975,0.32931655645370483,0.6888693571090698,-0.027944257482886314
L,0.34747523069381714,0.766167938709259,2.279747590705483e-08,0.3825020492076874,0.7423707246780396,-0.019680945202708244,0.41630083322525024,0.6822947859764099,-0.029372602701187134,0.4390965700149536,0.6347938776016235,-0.03809814527630806,0.4584372639656067,0.6033443212509155,-0.04699529707431793,0.38397011160850525,0.6062142848968506,-0.023086927831172943,0.39000773429870605,0.5301151275634766,-0.03944649547338486,0.3922301232814789,0.48144471645355225,-0.04830451309680939,0.3941282331943512,0.4401596188545227,-0.05402418598532677,0.3563924729824066,0.607083261013031,-0.02186259999871254,0.3601652681827545,0.5913249254226685,-0.05172628536820412,0.3617337942123413,0.6558728218078613,-0.057396236807107925,0.3619745969772339,0.6983765959739685,-0.05402266979217529,0.3307366669178009,0.6180747151374817,-0.022441228851675987,0.3347867429256439,0.6108168959617615,-0.051618292927742004,0.341616690158844,0.6711236834526062,-0.04659527540206909,0.34528544545173645,0.7064898610115051,-0.03503156080842018,0.3058129847049713,0.6348817944526672,-0.02440330572426319,0.3109019100666046,0.6136633157730103,-0.044670067727565765,0.32074397802352905,0.6587061882019043,-0.03980733081698418,0.32559138536453247,0.6894450783729553,-0.03029845468699932
L,0.3471779227256775,0.7620697617530823,8.098931658651054e-08,0.38032591342926025,0.7353598475456238,-0.020949840545654297,0.4153510630130768,0.6805105209350586,-0.03460177034139633,0.44612330198287964,0.645274817943573,-0.04784833639860153,0.4735550880432129,0.6336938142776489,-0.06133111193776131,0.37862882018089294,0.5889052152633667,-0.026683347299695015,0.3843344449996948,0.515478253364563,-0.04439188912510872,0.38598889112472534,0.4678150415420532,-0.05410640686750412,0.38847583532333374,0.4271036982536316,-0.06007466837763786,0.3500293791294098,0.5875266790390015,-0.025637218728661537,0.36196815967559814,0.5846672058105469,-0.05523470416665077,0.3651579022407532,0.6471704244613647,-0.06034703552722931,0.36553511023521423,0.690733790397644,-0.05644271522760391,0.32425856590270996,0.6005852818489075,-0.02629908174276352,0.33997324109077454,0.6117058396339417,-0.053780291229486465,0.34660008549690247,0.6700390577316284,-0.04888831451535225,0.3496740758419037,0.7057900428771973,-0.03728978708386421,0.30071017146110535,0.6205143928527832,-0.02882247045636177,0.31619882583618164,0.6185058951377869,-0.04533359780907631,0.326396644115448,0.6597819924354553,-0.03997026011347771,0.3307684659957886,0.6870250701904297,-0.030305612832307816
L,0.3461460471153259,0.7324533462524414,5.899935473507867e-08,0.37956753373146057,0.7062339782714844,-0.016112003475427628,0.41257786750793457,0.6548194885253906,-0.028207264840602875,0.44185295701026917,0.6285265684127808,-0.040763698518276215,0.4672921299934387,0.6290323138237,-0.05374033376574516,0.375651478767395,0.5602276921272278,-0.02416602522134781,0.38347479701042175,0.49388939142227173,-0.041710589081048965,0.38714656233787537,0.44795137643814087,-0.05195551738142967,0.39247530698776245,0.4101138114929199,-0.05828418582677841,0.34803757071495056,0.5554355382919312,-0.025192517787218094,0.3678038716316223,0.5699503421783447,-0.053471025079488754,0.3680816888809204,0.6306959390640259,-0.058108795434236526,0.3659049868583679,0.6733784675598145,-0.05444012209773064,0.32378196716308594,0.5700440406799316,-0.027509503066539764,0.3470494747161865,0.598016619682312,-0.05179980769753456,0.34880825877189636,0.6511474251747131,-0.046845998615026474,0.34824681282043457,0.6834481358528137,-0.03631144389510155,0.30229946970939636,0.5932036638259888,-0.03163830563426018,0.32342463731765747,0.6063289046287537,-0.04479531943798065,0.3299907445907593,0.6445723176002502,-0.03951239585876465,0.33203426003456116,0.667423665523529,-0.03080587461590767
L,0.34689757227897644,0.7262502908706665,6.040358613290664e-08,0.38019490242004395,0.7015746235847473,-0.016700193285942078,0.41361305117607117,0.6506564617156982,-0.029192686080932617,0.4433371126651764,0.6235365271568298,-0.04202637821435928,0.47020769119262695,0.6218338012695312,-0.05521296709775925,0.3771135210990906,0.5548610091209412,-0.02485921047627926,0.3858182430267334,0.48937809467315674,-0.04277851805090904,0.39004629850387573,0.44403254985809326,-0.0531127005815506,0.3959706127643585,0.4058398902416229,-0.05952785909175873,0.3492935597896576,0.549657940864563,-0.025697769597172737,0.37072381377220154,0.5633258819580078,-0.05439060181379318,0.3703579604625702,0.6245361566543579,-0.059111498296260834,0.367335706949234,0.667421817779541,-0.05544464290142059,0.3247976005077362,0.5638217926025391,-0.02789449878036976,0.3494972884654999,0.5919113159179688,-0.05299234017729759,0.35076358914375305,0.6459399461746216,-0.0482916384935379,0.34938061237335205,0.6781368255615234,-0.037769000977277756,0.3032216727733612,0.5863581299781799,-0.03186750039458275,0.32608839869499207,0.5996801853179932,-0.0457819364964962,0.3324074447154999,0.6389764547348022,-0.04080586135387421,0.3337108790874481,0.6620195508003235,-0.03224724531173706
L,0.3570384681224823,0.7286106944084167,5.73232838974036e-08,0.3900410830974579,0.7000210285186768,-0.01347049605101347,0.4228852093219757,0.6451024413108826,-0.02503202296793461,0.4520493149757385,0.618035078048706,-0.037657495588064194,0.47881633043289185,0.6151882410049438,-0.050930071622133255,0.37996530532836914,0.5499603748321533,-0.020928960293531418,0.39333978295326233,0.48941570520401,-0.038083869963884354,0.4011252820491791,0.44692063331604004,-0.048769254237413406,0.4096689820289612,0.409517377614975,-0.05560071021318436,0.3543408513069153,0.5464681386947632,-0.02366670034825802,0.385500431060791,0.5656431913375854,-0.051072075963020325,0.38448911905288696,0.6274453997612,-0.056548818945884705,0.37863215804100037,0.6692172288894653,-0.05389699712395668,0.3331674337387085,0.5638368129730225,-0.027534523978829384,0.36680641770362854,0.5941298007965088,-0.05193578824400902,0.3667082190513611,0.648667573928833,-0.04844219610095024,0.3628350496292114,0.6802473068237305,-0.03907231613993645,0.31520116329193115,0.5903297662734985,-0.03287607058882713,0.34438106417655945,0.6030130982398987,-0.0467938557267189,0.350981205701828,0.6432446241378784,-0.04233270138502121,0.3516751229763031,0.6678647398948669,-0.034252703189849854
L,0.3598005771636963,0.724593460559845,7.884037955818712e-08,0.39091452956199646,0.6925435066223145,-0.011908918619155884,0.4201078414916992,0.6379328370094299,-0.023718522861599922,0.4469987750053406,0.6080453395843506,-0.03722306340932846,0.4726274013519287,0.5991502404212952,-0.051231589168310165,0.3775685727596283,0.5477649569511414,-0.01796022802591324,0.39097321033477783,0.4851955771446228,-0.03597705811262131,0.4007624387741089,0.4423938989639282,-0.0471375398337841,0.41055595874786377,0.40475329756736755,-0.05406222119927406,0.3538023829460144,0.5477730631828308,-0.02203914150595665,0.3932434022426605,0.5603966116905212,-0.048877861350774765,0.39416733384132385,0.6209976673126221,-0.05429534986615181,0.3864540159702301,0.6577621102333069,-0.051908981055021286,0.3356456756591797,0.5669877529144287,-0.027438798919320107,0.37793517112731934,0.5894732475280762,-0.05249949172139168,0.37800922989845276,0.6435180902481079,-0.04906298965215683,0.3717445731163025,0.6713290810585022,-0.03992762416601181,0.32152408361434937,0.5954482555389404,-0.03412943705916405,0.3573453426361084,0.6031630039215088,-0.04878641292452812,0.36398038268089294,0.643119752407074,-0.04403170943260193,0.3626430928707123,0.6668928861618042,-0.035872820764780045
L,0.3611120283603668,0.730366587638855,6.626415682831066e-08,0.39403510093688965,0.6870486736297607,-0.0031205445993691683,0.41995155811309814,0.637114405632019,-0.013308623805642128,0.4448586106300354,0.610995888710022,-0.02789275534451008,0.46997568011283875,0.5991621017456055,-0.04311135783791542,0.37837693095207214,0.5444021224975586,-0.006985057145357132,0.3968537449836731,0.486605703830719,-0.0240932647138834,0.4106381833553314,0.4465227723121643,-0.035051558166742325,0.42325013875961304,0.41086524724960327,-0.042030155658721924,0.3579716682434082,0.5457656979560852,-0.016461510211229324,0.4075755476951599,0.5562198758125305,-0.03980979323387146,0.4064945876598358,0.6135336756706238,-0.0443192757666111,0.3944258987903595,0.6388475298881531,-0.042463432997465134,0.3442484736442566,0.5651753544807434,-0.02708476595580578,0.39675724506378174,0.586059033870697,-0.05006842315196991,0.3935070037841797,0.6412813067436218,-0.04569493606686592,0.382441908121109,0.6625029444694519,-0.03688402101397514,0.3352835178375244,0.594661295413971,-0.038401030004024506,0.3790323734283447,0.6020746827125549,-0.05110012739896774,0.38170430064201355,0.641944408416748,-0.04477299377322197,0.37496763467788696,0.6628722548484802,-0.03624473139643669
L,0.3598058223724365,0.73981773853302,7.537649082678399e-08,0.39487752318382263,0.6979851126670837,-0.003209426300600171,0.41812989115715027,0.6506242752075195,-0.01504154596477747,0.44266030192375183,0.6237034201622009,-0.03142320364713669,0.4700869917869568,0.6131076216697693,-0.048282649368047714,0.3807036578655243,0.5541106462478638,-0.008205581456422806,0.4013530910015106,0.49659863114356995,-0.02544642612338066,0.4163082540035248,0.45676133036613464,-0.035987310111522675,0.4296106696128845,0.42352399230003357,-0.04291243851184845,0.36242973804473877,0.557054340839386,-0.01816752552986145,0.4153958261013031,0.5729610919952393,-0.04192410409450531,0.41210755705833435,0.6285337209701538,-0.04572829604148865,0.39791420102119446,0.648690938949585,-0.043600354343652725,0.35129860043525696,0.5782089233398438,-0.0292774960398674,0.40556812286376953,0.6029860377311707,-0.05218707025051117,0.39984947443008423,0.6562781929969788,-0.047068726271390915,0.38712382316589355,0.6735329627990723,-0.03826817125082016,0.3452676832675934,0.6083874106407166,-0.04115518555045128,0.390095591545105,0.6215194463729858,-0.05367420241236687,0.38976845145225525,0.6610384583473206,-0.04730561375617981,0.38057100772857666,0.678990364074707,-0.03918677195906639
L,0.3581405282020569,0.7430191040039062,6.493651483197027e-08,0.3921530246734619,0.7105876207351685,-0.006069377064704895,0.4235531687736511,0.6618393659591675,-0.015951480716466904,0.45048606395721436,0.6378007531166077,-0.029055560007691383,0.4751525819301605,0.6313629150390625,-0.04282453656196594,0.38641607761383057,0.5646427869796753,-0.011198465712368488,0.4059164226055145,0.5058250427246094,-0.027536911889910698,0.4209972023963928,0.4670568108558655,-0.037838585674762726,0.4340377748012543,0.4328041076660156,-0.04443947598338127,0.3646198511123657,0.5610918998718262,-0.018317941576242447,0.40779367089271545,0.5807558298110962,-0.04217741638422012,0.40492677688598633,0.63840252161026,-0.04718666151165962,0.3926309049129486,0.6659280061721802,-0.045487549155950546,0.34804072976112366,0.5771554708480835,-0.026424463838338852,0.39308348298072815,0.609727680683136,-0.049412887543439865,0.3884430527687073,0.6632095575332642,-0.04584664851427078,0.37789401412010193,0.6846373677253723,-0.03747078403830528,0.3348029851913452,0.6030704975128174,-0.03536206856369972,0.3737028241157532,0.6197018027305603,-0.04803309217095375,0.37588560581207275,0.6607219576835632,-0.0424017496407032,0.37024641036987305,0.6814994812011719,-0.03430422395467758
L,0.3540342450141907,0.7474443316459656,9.66843103356041e-08,0.38678306341171265,0.7224165797233582,-0.011225061491131783,0.4206310510635376,0.6738138794898987,-0.022439973428845406,0.4493985176086426,0.6515465378761292,-0.0353776216506958,0.4740716814994812,0.6524370908737183,-0.04909782484173775,0.3846053183078766,0.5747708082199097,-0.017286166548728943,0.4031340777873993,0.5189380645751953,-0.03465375304222107,0.41704532504081726,0.48038938641548157,-0.04608878865838051,0.43029114603996277,0.44641897082328796,-0.0534711591899395,0.36060237884521484,0.5689886808395386,-0.021456802263855934,0.396991103887558,0.595775842666626,-0.04714618995785713,0.3949626088142395,0.6529024839401245,-0.05354546010494232,0.3859866261482239,0.6855154633522034,-0.05254645645618439,0.3403712511062622,0.5845949053764343,-0.026793694123625755,0.3788382112979889,0.6209729313850403,-0.05048537999391556,0.3758523762226105,0.6713213324546814,-0.0482863150537014,0.36840301752090454,0.6952707171440125,-0.04068686068058014,0.32279619574546814,0.6104671955108643,-0.03340282663702965,0.3565900921821594,0.6316840052604675,-0.0468742735683918,0.361619770526886,0.6719281673431396,-0.04280409961938858,0.3604312837123871,0.6936850547790527,-0.035605814307928085
L,0.34450268745422363,0.7512617111206055,9.18566271934651e-08,0.377422571182251,0.7281697988510132,-0.012529836967587471,0.4121737778186798,0.6811004877090454,-0.024060776457190514,0.4414314925670624,0.6611770987510681,-0.03675387427210808,0.4665805697441101,0.6652207374572754,-0.05024251341819763,0.37791672348976135,0.5819668769836426,-0.019882144406437874,0.395488977432251,0.5277198553085327,-0.03719312325119972,0.4084387719631195,0.4897419810295105,-0.04820990189909935,0.42124658823013306,0.45691120624542236,-0.05525856465101242,0.3524149954319,0.5734816789627075,-0.022988874465227127,0.383838951587677,0.6037078499794006,-0.048454221338033676,0.380633682012558,0.662007749080658,-0.05401744693517685,0.37260136008262634,0.696641206741333,-0.05236738175153732,0.3307282328605652,0.5877984166145325,-0.02727951481938362,0.36442574858665466,0.6317362785339355,-0.050101395696401596,0.36139583587646484,0.6804957389831543,-0.04767553508281708,0.35528433322906494,0.7044702768325806,-0.0401528924703598,0.31163060665130615,0.6127462387084961,-0.03302374854683876,0.3414002060890198,0.6415063738822937,-0.045956481248140335,0.34661614894866943,0.6818619966506958,-0.042244236916303635,0.3467559218406677,0.7029165029525757,-0.03541041910648346
L,0.33633720874786377,0.7541723251342773,7.805368085200826e-08,0.3686509430408478,0.7284549474716187,-0.015242514200508595,0.4021272361278534,0.6829080581665039,-0.02792252041399479,0.43128207325935364,0.6636711359024048,-0.04102734476327896,0.4567515254020691,0.6673280596733093,-0.05462115630507469,0.36868414282798767,0.5869326591491699,-0.023955712094902992,0.38277965784072876,0.5338957905769348,-0.04236014932394028,0.3928276300430298,0.49634963274002075,-0.053518593311309814,0.40330833196640015,0.46376901865005493,-0.0604875311255455,0.3425098955631256,0.5781639814376831,-0.02554292231798172,0.3680269420146942,0.6068735718727112,-0.05269208177924156,0.36554646492004395,0.6673191785812378,-0.057756416499614716,0.3594387173652649,0.7043653726577759,-0.055067289620637894,0.31933698058128357,0.5925668478012085,-0.028491798788309097,0.34719738364219666,0.6381657719612122,-0.05228238180279732,0.3456849753856659,0.6867964267730713,-0.049333155155181885,0.3416542410850525,0.7105920910835266,-0.040824469178915024,0.2984960973262787,0.6170589327812195,-0.03310338407754898,0.3234407603740692,0.6458122730255127,-0.04628198966383934,0.3291361629962921,0.6836599707603455,-0.04263461381196976,0.3297214210033417,0.7012732028961182,-0.03556551784276962
L,0.31742018461227417,0.7629050612449646,8.602259526924172e-08,0.346055269241333,0.7382609248161316,-0.018124692142009735,0.37402525544166565,0.6993066668510437,-0.03293954208493233,0.4003784954547882,0.6829560995101929,-0.047767944633960724,0.4250152111053467,0.6889716386795044,-0.06287865340709686,0.3461199104785919,0.6047878265380859,-0.02628454752266407,0.35246261954307556,0.5557764172554016,-0.04444599151611328,0.356548547744751,0.5195003747940063,-0.055626608431339264,0.36225077509880066,0.48905616998672485,-0.06279528886079788,0.3190876841545105,0.5962886810302734,-0.026211287826299667,0.330845445394516,0.6249859929084778,-0.051619190722703934,0.3331179916858673,0.6786353588104248,-0.05685979872941971,0.33376649022102356,0.71187424659729,-0.05491407588124275,0.29467546939849854,0.6103929281234741,-0.027636077255010605,0.3096928596496582,0.6553895473480225,-0.049025580286979675,0.31457656621932983,0.6987522840499878,-0.04608633741736412,0.3173407316207886,0.7205159068107605,-0.03835899755358696,0.2731691896915436,0.6346211433410645,-0.031144307926297188,0.2867671251296997,0.6650881767272949,-0.04291939362883568,0.29561933875083923,0.6978037357330322,-0.03982154652476311,0.300124853849411,0.7121105194091797,-0.033491820096969604
L,0.3133857846260071,0.7378324866294861,7.673553170661762e-08,0.336864173412323,0.7161886692047119,-0.016946161165833473,0.3604488670825958,0.6823265552520752,-0.02976885810494423,0.3825398087501526,0.6748367547988892,-0.04234182462096214,0.40412837266921997,0.6866123080253601,-0.055026546120643616,0.3390425443649292,0.5942394733428955,-0.022658927366137505,0.3399099111557007,0.5501192212104797,-0.03821216896176338,0.33813774585723877,0.5145509839057922,-0.04807563126087189,0.3374878764152527,0.48377764225006104,-0.054904282093048096,0.313151478767395,0.5796002149581909,-0.0220476146787405,0.3129994571208954,0.6178246736526489,-0.0442899726331234,0.3162761330604553,0.6682285070419312,-0.049268800765275955,0.3208395540714264,0.6972419619560242,-0.04786263778805733,0.2893715798854828,0.58889240026474,-0.02282731980085373,0.29255110025405884,0.6412706971168518,-0.04157552868127823,0.299696683883667,0.6813793778419495,-0.03894197940826416,0.3072669208049774,0.699661910533905,-0.03220490738749504,0.2679768204689026,0.608152449131012,-0.02565104141831398,0.2712819576263428,0.6491022706031799,-0.03688618540763855,0.2820630967617035,0.6823787689208984,-0.03425246849656105,0.29134976863861084,0.6942728161811829,-0.028331037610769272
L,0.3104846179485321,0.7179528474807739,9.815155976866663e-08,0.329436331987381,0.7037941813468933,-0.019319478422403336,0.34914031624794006,0.6779240369796753,-0.033800940960645676,0.36767926812171936,0.6741852164268494,-0.04732202738523483,0.38599663972854614,0.6881582140922546,-0.06099523976445198,0.33428066968917847,0.5843585133552551,-0.025603821501135826,0.3339204788208008,0.541541576385498,-0.04130755364894867,0.33081766963005066,0.5050687193870544,-0.05181172117590904,0.3285841941833496,0.4735262095928192,-0.05953497812151909,0.3106233775615692,0.5694355964660645,-0.023869145661592484,0.30716073513031006,0.6103546619415283,-0.04594305157661438,0.31026092171669006,0.6597298383712769,-0.05106087028980255,0.31530529260635376,0.6863434910774231,-0.05034470185637474,0.28822556138038635,0.577052652835846,-0.023681413382291794,0.2873554229736328,0.6304692029953003,-0.04226791486144066,0.29511407017707825,0.6694676280021667,-0.0398886613547802,0.3036624491214752,0.6862858533859253,-0.034151121973991394,0.26829054951667786,0.5944994688034058,-0.025713780894875526,0.2680411636829376,0.6370524764060974,-0.0381213054060936,0.2784133553504944,0.6714355945587158,-0.03631473332643509,0.2882392406463623,0.6835041046142578,-0.03132052719593048
L,0.31444916129112244,0.6934571266174316,8.598773604262533e-08,0.33196336030960083,0.6842473745346069,-0.019593706354498863,0.34898287057876587,0.6648275852203369,-0.03579314425587654,0.36415553092956543,0.665142297744751,-0.0514066219329834,0.3753299415111542,0.6790251731872559,-0.06745083630084991,0.3402726650238037,0.5666847825050354,-0.029450763016939163,0.3399505615234375,0.5122842192649841,-0.04645977541804314,0.3386259973049164,0.4707375168800354,-0.05710161477327347,0.33731135725975037,0.43734121322631836,-0.06441490352153778,0.31812798976898193,0.5541805624961853,-0.028116820380091667,0.3099420368671417,0.5869538187980652,-0.05119908228516579,0.31314390897750854,0.6388996243476868,-0.05530785396695137,0.31954020261764526,0.6675592064857483,-0.053646717220544815,0.29721078276634216,0.5597367286682129,-0.02820846252143383,0.2916288375854492,0.6037693619728088,-0.04683415964245796,0.2993127405643463,0.6441221237182617,-0.04237385839223862,0.3081980049610138,0.664752721786499,-0.03525020182132721,0.2788940370082855,0.573137104511261,-0.030667612329125404,0.27496108412742615,0.607902467250824,-0.04248344153165817,0.2833740711212158,0.6433558464050293,-0.03876758739352226,0.29241451621055603,0.6591595411300659,-0.03243538737297058
L,0.31738463044166565,0.6855486631393433,1.3550575772569573e-07,0.3312971293926239,0.6725494861602783,-0.021045394241809845,0.34483790397644043,0.6554743647575378,-0.039517223834991455,0.35524699091911316,0.6585985422134399,-0.05721438676118851,0.36250749230384827,0.6791379451751709,-0.07513830810785294,0.3372252285480499,0.5600541830062866,-0.030173780396580696,0.33430272340774536,0.5089633464813232,-0.04696094989776611,0.3311435878276825,0.46822309494018555,-0.05693376436829567,0.3286864459514618,0.43738049268722534,-0.06370048224925995,0.31476742029190063,0.551969051361084,-0.028551364317536354,0.3055134117603302,0.5792421698570251,-0.050126273185014725,0.3092465400695801,0.6290522217750549,-0.052530936896800995,0.3165014088153839,0.6536054015159607,-0.04969153553247452,0.2948939800262451,0.5595564246177673,-0.02867279015481472,0.2882504463195801,0.5974366664886475,-0.04617777094244957,0.2964687645435333,0.6347334384918213,-0.04034167900681496,0.30601370334625244,0.6509397625923157,-0.03242320567369461,0.2780047059059143,0.5741828083992004,-0.031356483697891235,0.2723236680030823,0.6043595671653748,-0.04236384481191635,0.28158873319625854,0.6358932852745056,-0.03786032274365425,0.2916620075702667,0.6471505165100098,-0.031094754114747047
L,0.31084969639778137,0.6736918091773987,1.1815089351330244e-07,0.32179969549179077,0.6617283821105957,-0.022382134571671486,0.33060339093208313,0.6489880084991455,-0.04155449941754341,0.3371873199939728,0.6555395126342773,-0.05977485701441765,0.34159907698631287,0.6673109531402588,-0.0779729038476944,0.32844242453575134,0.553853452205658,-0.030685093253850937,0.3232364058494568,0.5004073977470398,-0.04887719824910164,0.31815147399902344,0.4607383608818054,-0.06020015478134155,0.3136538863182068,0.42915046215057373,-0.06786514073610306,0.3081333339214325,0.5496253371238708,-0.028649156913161278,0.2925974130630493,0.5687389969825745,-0.05360023304820061,0.29710325598716736,0.6177018880844116,-0.05865977331995964,0.30614912509918213,0.6425739526748657,-0.05697427690029144,0.28938958048820496,0.5571860671043396,-0.02849365584552288,0.276973158121109,0.5847386121749878,-0.04922027513384819,0.286535382270813,0.6230722069740295,-0.044865019619464874,0.2975355088710785,0.6400142312049866,-0.037079427391290665,0.2737649977207184,0.5707137584686279,-0.030771788209676743,0.2649524509906769,0.5918307900428772,-0.04441402480006218,0.2743290066719055,0.6220586895942688,-0.040721941739320755,0.28500962257385254,0.6334056258201599,-0.03399663046002388
L,0.32076922059059143,0.687311053276062,9.42654239111107e-08,0.3373449742794037,0.6728218793869019,-0.020495593547821045,0.35265547037124634,0.6495476961135864,-0.03703722357749939,0.367139995098114,0.643501877784729,-0.052981507033109665,0.3819102346897125,0.6520938873291016,-0.06921464204788208,0.33895257115364075,0.5549407005310059,-0.02762419916689396,0.3346947729587555,0.5023935437202454,-0.04486007243394852,0.3299195170402527,0.46179044246673584,-0.05570786073803902,0.32593661546707153,0.42991387844085693,-0.06299936771392822,0.3169352114200592,0.5484960675239563,-0.02583218179643154,0.3081580102443695,0.5759463906288147,-0.0492982380092144,0.3136328160762787,0.6260154843330383,-0.053614724427461624,0.3218480348587036,0.6538893580436707,-0.05160219222307205,0.2968779504299164,0.5577980875968933,-0.025775233283638954,0.2915359139442444,0.5973296761512756,-0.04532625153660774,0.3013339936733246,0.6371301412582397,-0.040988609194755554,0.3119668960571289,0.6578224301338196,-0.033326007425785065,0.2794201374053955,0.5742724537849426,-0.028117338195443153,0.2754802405834198,0.6061822175979614,-0.04067575931549072,0.2860926389694214,0.6391898393630981,-0.037252277135849,0.2969985008239746,0.6527389287948608,-0.03077222965657711
L,0.33305981755256653,0.7167316675186157,8.671569418083891e-08,0.3549351096153259,0.6955617070198059,-0.01657852903008461,0.37753334641456604,0.6592639088630676,-0.02930883876979351,0.398989737033844,0.6488566398620605,-0.04166942834854126,0.41980618238449097,0.6584041118621826,-0.05422256514430046,0.35362327098846436,0.5729389190673828,-0.025243092328310013,0.3523190915584564,0.519024133682251,-0.04087277501821518,0.34932342171669006,0.4785679280757904,-0.05054105445742607,0.34690916538238525,0.44416409730911255,-0.0574449859559536,0.32753777503967285,0.5623912811279297,-0.024935198947787285,0.3296029269695282,0.5982447862625122,-0.0478598028421402,0.335355669260025,0.649612545967102,-0.05250865966081619,0.3404930531978607,0.6796532869338989,-0.051055192947387695,0.3044935166835785,0.5752530694007874,-0.025768917053937912,0.31027862429618835,0.6269243359565735,-0.04445711895823479,0.3198421001434326,0.6659296751022339,-0.0412050262093544,0.3280288279056549,0.6836400628089905,-0.034579675644636154,0.2847468852996826,0.5976474285125732,-0.028611261397600174,0.2907513976097107,0.6380352973937988,-0.03958427906036377,0.30335888266563416,0.6695239543914795,-0.03645182400941849,0.3130384683609009,0.6803070902824402,-0.030568426474928856
L,0.3510080575942993,0.7373670339584351,7.755132003239851e-08,0.37908267974853516,0.7080822587013245,-0.01563623733818531,0.4060152471065521,0.6627416610717773,-0.028482530266046524,0.43158015608787537,0.6463956832885742,-0.041536882519721985,0.4549944996833801,0.6546143889427185,-0.05484846606850624,0.37307578325271606,0.5752750039100647,-0.024170072749257088,0.37632784247398376,0.5197705030441284,-0.040904950350522995,0.3778151869773865,0.478829950094223,-0.05080396682024002,0.3801191747188568,0.4440287947654724,-0.05741799250245094,0.34554967284202576,0.5696538090705872,-0.02498665452003479,0.3590083718299866,0.597842812538147,-0.049528852105140686,0.3638640344142914,0.6520673036575317,-0.054091863334178925,0.36514395475387573,0.6843451261520386,-0.051866281777620316,0.322356641292572,0.5869542956352234,-0.027031203731894493,0.3409886360168457,0.6322096586227417,-0.04771949350833893,0.3467189073562622,0.6748143434524536,-0.04437838867306709,0.3489376902580261,0.6936466097831726,-0.03660668805241585,0.30251091718673706,0.6138484477996826,-0.03094087354838848,0.31878259778022766,0.6440075635910034,-0.04192693904042244,0.3286842107772827,0.6757875680923462,-0.038146935403347015,0.3332268297672272,0.6873956918716431,-0.03154199197888374
L,0.36686745285987854,0.746451735496521,5.78504213422093e-08,0.3962445855140686,0.713483452796936,-0.014715339988470078,0.4237278997898102,0.6628168821334839,-0.02679648995399475,0.45061004161834717,0.6392896175384521,-0.03916904330253601,0.47526103258132935,0.6391544342041016,-0.05194859951734543,0.3860536813735962,0.5811328887939453,-0.02515753172338009,0.3916451036930084,0.5253332257270813,-0.04281105101108551,0.3957216143608093,0.4850607216358185,-0.05343640223145485,0.40069839358329773,0.4496331214904785,-0.06015879660844803,0.35878947377204895,0.5779201984405518,-0.026463167741894722,0.3812280297279358,0.6016244888305664,-0.05246550962328911,0.3848489820957184,0.6587575078010559,-0.056998852640390396,0.3839692771434784,0.6967841386795044,-0.05420868098735809,0.3365316092967987,0.5971075892448425,-0.02887505665421486,0.3629636764526367,0.6382918357849121,-0.050571657717227936,0.36707308888435364,0.6821205019950867,-0.04741809517145157,0.36726635694503784,0.7055746912956238,-0.03928748145699501,0.31789320707321167,0.6257282495498657,-0.03302989527583122,0.3410278558731079,0.6507283449172974,-0.044511448591947556,0.35057905316352844,0.6822654008865356,-0.04088928923010826,0.3543676435947418,0.6973848938941956,-0.03419565036892891
L,0.3737155497074127,0.7750332355499268,7.123585277213351e-08,0.4016474485397339,0.7376642823219299,-0.014358443208038807,0.4275670051574707,0.6830899119377136,-0.026526322588324547,0.45270609855651855,0.6544141173362732,-0.039042312651872635,0.47654831409454346,0.6479489803314209,-0.05204278230667114,0.3841405510902405,0.6046568751335144,-0.023815900087356567,0.3897547721862793,0.5503237247467041,-0.040974024683237076,0.39434295892715454,0.511628270149231,-0.051390424370765686,0.40028244256973267,0.4777713418006897,-0.057986825704574585,0.3577641248703003,0.6079948544502258,-0.025513146072626114,0.38574114441871643,0.6296291351318359,-0.05096746236085892,0.3907591998577118,0.6837371587753296,-0.05623224750161171,0.38953348994255066,0.7188930511474609,-0.05425409972667694,0.3380693197250366,0.6322487592697144,-0.02835272252559662,0.3710406720638275,0.6688909530639648,-0.05017760768532753,0.37528881430625916,0.7100717425346375,-0.04861064255237579,0.3738890290260315,0.7301204204559326,-0.04189715161919594,0.3228752613067627,0.6649836301803589,-0.03280400112271309,0.3510034382343292,0.6873742938041687,-0.044831715524196625,0.3613317608833313,0.7177461385726929,-0.04226492717862129,0.3647536039352417,0.7315486669540405,-0.03650499880313873
L,0.37916046380996704,0.7694532871246338,8.641863757929968e-08,0.4062593877315521,0.7296134233474731,-0.010603656992316246,0.4290969669818878,0.6730899810791016,-0.021833980455994606,0.452706515789032,0.6397159695625305,-0.0345800518989563,0.47595977783203125,0.6276117563247681,-0.04818275198340416,0.3821595311164856,0.5995113849639893,-0.018809961155056953,0.390950471162796,0.5425249934196472,-0.03614572808146477,0.3980501592159271,0.5018966794013977,-0.04752037674188614,0.40537986159324646,0.4654904305934906,-0.05487664416432381,0.35920625925064087,0.604416012763977,-0.022710062563419342,0.397492378950119,0.6204544305801392,-0.04656358063220978,0.40264609456062317,0.6734052896499634,-0.0521450974047184,0.39855456352233887,0.7050794959068298,-0.051392633467912674,0.34369421005249023,0.6295535564422607,-0.027670277282595634,0.38533681631088257,0.6536782383918762,-0.0500493049621582,0.389165461063385,0.6980619430541992,-0.04863281920552254,0.38568249344825745,0.7200583815574646,-0.04246694967150688,0.3328443765640259,0.6630078554153442,-0.033817071467638016,0.36664292216300964,0.6755454540252686,-0.04737889766693115,0.3778682053089142,0.7089041471481323,-0.044549230486154556,0.38164007663726807,0.7274764776229858,-0.038609012961387634
L,0.38423851132392883,0.7727733850479126,6.204620461858212e-08,0.4119861423969269,0.7252137660980225,-0.0057339053601026535,0.4331561326980591,0.6687870025634766,-0.016308967024087906,0.4551817774772644,0.6343777775764465,-0.029908383265137672,0.4800318479537964,0.6168379187583923,-0.04430606588721275,0.3881561756134033,0.5998021960258484,-0.013045775704085827,0.3992506265640259,0.541117787361145,-0.02992549166083336,0.4083711802959442,0.4998709559440613,-0.040530458092689514,0.4166121184825897,0.4644699692726135,-0.047281619161367416,0.36794722080230713,0.6062676906585693,-0.01987648755311966,0.41327425837516785,0.6122789978981018,-0.04313576593995094,0.4180433452129364,0.6668272018432617,-0.0471000149846077,0.41044867038726807,0.6968841552734375,-0.04498916119337082,0.35575956106185913,0.6294448971748352,-0.027675257995724678,0.40328046679496765,0.6447877883911133,-0.04985039308667183,0.4062107503414154,0.6938809752464294,-0.045861341059207916,0.3997277319431305,0.7172937989234924,-0.037670768797397614,0.34854450821876526,0.6599593162536621,-0.0363161675632,0.38692182302474976,0.6640668511390686,-0.04907513037323952,0.39443179965019226,0.6996852159500122,-0.04402492567896843,0.3921162188053131,0.7204654812812805,-0.036574654281139374
L,0.39556026458740234,0.7727069854736328,5.962979798823653e-08,0.42389804124832153,0.7192290425300598,-0.002135288203135133,0.44013017416000366,0.6652072072029114,-0.012026012875139713,0.459729939699173,0.6312891840934753,-0.02627076767385006,0.484001100063324,0.6107447743415833,-0.041068583726882935,0.3949647545814514,0.5967580080032349,-0.005699704866856337,0.40759992599487305,0.5377587080001831,-0.02123141847550869,0.41738513112068176,0.496696412563324,-0.030985431745648384,0.4261031150817871,0.4621734023094177,-0.03748338669538498,0.37859052419662476,0.6056421995162964,-0.015174324624240398,0.42823150753974915,0.6011412143707275,-0.03763775900006294,0.431747704744339,0.6535357236862183,-0.04174727946519852,0.42158934473991394,0.6797603368759155,-0.03986862301826477,0.37067660689353943,0.6284219622612,-0.025680862367153168,0.42236801981925964,0.632620632648468,-0.047311581671237946,0.42377227544784546,0.6830633282661438,-0.04278597980737686,0.4150186777114868,0.7048178315162659,-0.03439808264374733,0.3681332767009735,0.657670259475708,-0.036844685673713684,0.4097646176815033,0.6545854806900024,-0.0489969365298748,0.4147704839706421,0.6896709203720093,-0.04335509613156319,0.4095805585384369,0.7094300985336304,-0.03572496026754379
L,0.4023825526237488,0.7788400650024414,4.851358781365889e-08,0.429370641708374,0.7264974117279053,-0.0010646004229784012,0.4440509080886841,0.672306478023529,-0.009610947221517563,0.4625879228115082,0.6370139718055725,-0.02273845672607422,0.4858625829219818,0.616013765335083,-0.03647317364811897,0.39674052596092224,0.6044719219207764,-0.0023244498297572136,0.4097249209880829,0.5462019443511963,-0.016445308923721313,0.4180618226528168,0.5055484771728516,-0.02559916116297245,0.42546772956848145,0.4699535369873047,-0.031855709850788116,0.3819061815738678,0.6120269298553467,-0.011750790290534496,0.43311646580696106,0.6079685091972351,-0.033505525439977646,0.4377177953720093,0.6608026623725891,-0.03778594359755516,0.4289107620716095,0.6882920861244202,-0.03594638779759407,0.3753207325935364,0.6326400637626648,-0.0221575740724802,0.42786169052124023,0.6362614631652832,-0.042875662446022034,0.42921730875968933,0.688164472579956,-0.038880594074726105,0.42062339186668396,0.7115989327430725,-0.030889082700014114,0.373859703540802,0.659089982509613,-0.03316602483391762,0.4155217707157135,0.65690678358078,-0.04446740075945854,0.41959235072135925,0.6934252977371216,-0.039264608174562454,0.41389161348342896,0.7138696312904358,-0.03201517462730408
L,0.39393481612205505,0.8081567287445068,5.390349500089542e-08,0.4237684905529022,0.7833162546157837,-0.013492877595126629,0.45305749773979187,0.7355285882949829,-0.02392302080988884,0.479361355304718,0.7115378379821777,-0.03492925316095352,0.5039743185043335,0.708499014377594,-0.046486712992191315,0.41854119300842285,0.6505630612373352,-0.020328795537352562,0.4294899106025696,0.595177173614502,-0.03603160381317139,0.43560791015625,0.5553075075149536,-0.0455603264272213,0.4426273703575134,0.5202760696411133,-0.051684118807315826,0.3936607241630554,0.6456042528152466,-0.02197856269776821,0.4175393283367157,0.66070955991745,-0.047280605882406235,0.4173397123813629,0.71938157081604,-0.051634978502988815,0.4135029911994934,0.758864164352417,-0.04858286306262016,0.3724033236503601,0.6600934863090515,-0.024777445942163467,0.3986232280731201,0.6880731582641602,-0.047405991703271866,0.39924249053001404,0.7391838431358337,-0.043469518423080444,0.39686012268066406,0.7679882645606995,-0.03434595838189125,0.3535920977592468,0.6830637454986572,-0.029005596414208412,0.3763846755027771,0.6945379972457886,-0.04215189814567566,0.3825746774673462,0.7325199842453003,-0.03771994635462761,0.38361093401908875,0.7547325491905212,-0.03005596064031124
L,0.3865644633769989,0.8121339678764343,6.330248680797013e-08,0.41651251912117004,0.7909694910049438,-0.015723297372460365,0.4473338723182678,0.7472654581069946,-0.027024587616324425,0.473711758852005,0.7255376577377319,-0.03828250616788864,0.4968956708908081,0.7243973016738892,-0.049777962267398834,0.41667595505714417,0.6541168093681335,-0.023601092398166656,0.42417725920677185,0.594539225101471,-0.03953652083873749,0.42823362350463867,0.5517837405204773,-0.04882701858878136,0.4329984784126282,0.5163298845291138,-0.054740097373723984,0.3904874324798584,0.6472952365875244,-0.024153579026460648,0.40611234307289124,0.6627060770988464,-0.04971376061439514,0.4066188335418701,0.7193225026130676,-0.05403885617852211,0.4049772322177887,0.7587423324584961,-0.050956275314092636,0.36716827750205994,0.6600629687309265,-0.02589845471084118,0.38569337129592896,0.6909857988357544,-0.047848913818597794,0.38799458742141724,0.7400287389755249,-0.04345710575580597,0.3881351351737976,0.7681140303611755,-0.03427121415734291,0.34631049633026123,0.681588888168335,-0.0293734110891819,0.36337241530418396,0.6981925964355469,-0.0414542481303215,0.36968928575515747,0.7336212396621704,-0.036860641092061996,0.37182170152664185,0.7523145079612732,-0.029289647936820984
L,0.37286874651908875,0.817488431930542,2.3233324597526916e-08,0.405504435300827,0.8005338907241821,-0.0226599108427763,0.4360993802547455,0.7505544424057007,-0.03477916494011879,0.4616519510746002,0.7107419967651367,-0.04541661962866783,0.48603740334510803,0.6872814893722534,-0.05602657049894333,0.4076671600341797,0.6687023639678955,-0.0257918331772089,0.4122932553291321,0.5957326292991638,-0.042659446597099304,0.4132693111896515,0.5494218468666077,-0.05185195431113243,0.4136347472667694,0.5089715719223022,-0.05804981663823128,0.3830237090587616,0.6673285961151123,-0.023018373176455498,0.38129323720932007,0.6559526324272156,-0.050562821328639984,0.38043540716171265,0.7157490253448486,-0.05520366504788399,0.38018104434013367,0.747669517993927,-0.05234929919242859,0.3588172495365143,0.6764466762542725,-0.022497044876217842,0.35632580518722534,0.6743044853210449,-0.05005761981010437,0.36146125197410583,0.7298356294631958,-0.04514562338590622,0.36599692702293396,0.7544305920600891,-0.03469609096646309,0.3358820974826813,0.6900736689567566,-0.023696575313806534,0.332783043384552,0.6715099215507507,-0.04210558533668518,0.34089842438697815,0.7104910612106323,-0.03735480457544327,0.3473677337169647,0.7326908707618713,-0.028827467933297157
L,0.35119715332984924,0.7711719274520874,-5.2400942252006644e-08,0.3838158845901489,0.7596634030342102,-0.021297335624694824,0.41666367650032043,0.7090703845024109,-0.031082984060049057,0.43915921449661255,0.6637750864028931,-0.039388131350278854,0.4629196226596832,0.6399741768836975,-0.04790642857551575,0.3929637670516968,0.6364042162895203,-0.024455945938825607,0.3988434672355652,0.5662400126457214,-0.039431408047676086,0.3992393910884857,0.521575391292572,-0.04685831069946289,0.3996765613555908,0.48355889320373535,-0.05178433656692505,0.3702426850795746,0.6300883889198303,-0.02133241854608059,0.36301252245903015,0.6182172298431396,-0.048914290964603424,0.35831260681152344,0.6754201054573059,-0.05405598506331444,0.35750624537467957,0.7109569907188416,-0.05113895982503891,0.34758293628692627,0.6332476735115051,-0.020214103162288666,0.33873721957206726,0.6230310797691345,-0.04701457545161247,0.3405631482601166,0.6766324639320374,-0.0438821017742157,0.3449949622154236,0.7081314325332642,-0.03438569977879524,0.3255554437637329,0.6408272981643677,-0.02062601037323475,0.31834161281585693,0.6120813488960266,-0.03884168341755867,0.32206064462661743,0.6446519494056702,-0.036414455622434616,0.32785525918006897,0.6693776249885559,-0.02948669157922268
L,0.3562614917755127,0.7518683075904846,1.1001579203195888e-08,0.3911402225494385,0.7409311532974243,-0.02074246108531952,0.4255046546459198,0.6923632621765137,-0.03087531588971615,0.4493564963340759,0.6491091251373291,-0.03957898169755936,0.47343748807907104,0.6260693669319153,-0.0486861951649189,0.4027087092399597,0.6159623861312866,-0.024125901982188225,0.4115017354488373,0.5457350015640259,-0.04036412015557289,0.41395315527915955,0.49967846274375916,-0.04931694641709328,0.4167971611022949,0.46131736040115356,-0.055300164967775345,0.37828701734542847,0.610514760017395,-0.021792199462652206,0.37465569376945496,0.5961887240409851,-0.05132157355546951,0.36849749088287354,0.6534306406974792,-0.05742731690406799,0.36636635661125183,0.6923736333847046,-0.054592881351709366,0.35443514585494995,0.6146843433380127,-0.021380338817834854,0.3488349914550781,0.6094225645065308,-0.04969855770468712,0.35000506043434143,0.6642895340919495,-0.0461052767932415,0.35358473658561707,0.6976283192634583,-0.035902563482522964,0.3309015929698944,0.6245037913322449,-0.022422462701797485,0.32694652676582336,0.6052309274673462,-0.042230963706970215,0.3321263790130615,0.6464053392410278,-0.039240919053554535,0.3385668396949768,0.6747346520423889,-0.03140644729137421
L,0.36755087971687317,0.7304341197013855,3.842511020479833e-08,0.40289777517318726,0.7179796695709229,-0.02050890401005745,0.44106218218803406,0.6772150993347168,-0.03207975625991821,0.47180068492889404,0.6498059630393982,-0.04275202378630638,0.4981779456138611,0.6430394649505615,-0.05375860258936882,0.4148305654525757,0.5875610113143921,-0.02516082115471363,0.42526572942733765,0.516366183757782,-0.041133977472782135,0.430398166179657,0.4710867702960968,-0.05017198622226715,0.4350322186946869,0.4328209161758423,-0.05624807998538017,0.38916242122650146,0.5793503522872925,-0.02355949394404888,0.3906201124191284,0.5712399482727051,-0.05138084292411804,0.3856399357318878,0.629228413105011,-0.056889262050390244,0.38202112913131714,0.6669375896453857,-0.05438297986984253,0.3641878664493561,0.5829276442527771,-0.023723430931568146,0.36413758993148804,0.5846275091171265,-0.04993804916739464,0.36566948890686035,0.6394116878509521,-0.04581361263990402,0.367439329624176,0.6715576648712158,-0.03592677786946297,0.3404273986816406,0.592162013053894,-0.025588206946849823,0.3427351713180542,0.579856276512146,-0.04242947697639465,0.3473358452320099,0.620100736618042,-0.03792058303952217,0.35015931725502014,0.646264910697937,-0.02967374585568905
L,0.38141685724258423,0.7161045074462891,6.188842149867924e-08,0.4158410429954529,0.6986061930656433,-0.01577121764421463,0.452201247215271,0.6549295783042908,-0.026390232145786285,0.4824627637863159,0.6335614919662476,-0.03732834383845329,0.5081555843353271,0.6346719861030579,-0.04876339063048363,0.4214164912700653,0.5619040727615356,-0.01979685202240944,0.4313257336616516,0.4969622790813446,-0.03546309471130371,0.43758419156074524,0.45492932200431824,-0.04466775432229042,0.445201575756073,0.41901895403862,-0.05054179206490517,0.39656704664230347,0.5547792315483093,-0.020358432084321976,0.4119413197040558,0.5572150945663452,-0.04650893807411194,0.40743622183799744,0.6161203384399414,-0.05111963674426079,0.4019871652126312,0.654187798500061,-0.04788210988044739,0.37287336587905884,0.5632721185684204,-0.022407930344343185,0.3900562822818756,0.5760500431060791,-0.04700370877981186,0.38865503668785095,0.6302167773246765,-0.04253451153635979,0.38601624965667725,0.6604738831520081,-0.0323285274207592,0.35081952810287476,0.5788054466247559,-0.02585957944393158,0.3676457703113556,0.5790829062461853,-0.04021884500980377,0.3718237280845642,0.6168935894966125,-0.034813959151506424,0.3718581199645996,0.6386358141899109,-0.02611440233886242
L,0.3295433223247528,0.8141904473304749,9.691780178400222e-08,0.36631059646606445,0.7963660955429077,-0.023599417880177498,0.40586745738983154,0.7501102089881897,-0.03801357373595238,0.43831944465637207,0.7186736464500427,-0.052088525146245956,0.46739858388900757,0.7141949534416199,-0.06632961332798004,0.3750143349170685,0.6514577269554138,-0.024091249331831932,0.38573628664016724,0.5697575211524963,-0.04314591735601425,0.3910701274871826,0.5188902020454407,-0.05374854803085327,0.3974596858024597,0.4761449694633484,-0.060351915657520294,0.3464887738227844,0.6479893326759338,-0.023114949464797974,0.3562467098236084,0.624664843082428,-0.05672460049390793,0.35065191984176636,0.6943128705024719,-0.06321758776903152,0.3457830250263214,0.7413502931594849,-0.05890924111008644,0.31911084055900574,0.6552979350090027,-0.02455211989581585,0.32829999923706055,0.645561158657074,-0.05668877437710762,0.32870519161224365,0.7118250727653503,-0.051563482731580734,0.32841676473617554,0.7505407333374023,-0.03830866143107414,0.29311203956604004,0.6684415340423584,-0.027863770723342896,0.3031412661075592,0.6430613994598389,-0.04725196585059166,0.3092988133430481,0.6884052753448486,-0.0406084805727005,0.31144922971725464,0.7199029326438904,-0.029419654980301857
L,0.3301270604133606,0.8429602980613708,1.2435862117854413e-07,0.3654954135417938,0.8122627139091492,-0.018922580406069756,0.4024091958999634,0.7539449334144592,-0.03236978128552437,0.4344444274902344,0.7222803235054016,-0.046488162130117416,0.4636637568473816,0.7191252112388611,-0.06077466905117035,0.3578193187713623,0.6584212183952332,-0.020189255475997925,0.3669356107711792,0.5817151069641113,-0.039246246218681335,0.3744957447052002,0.5349728465080261,-0.04980010539293289,0.3842763602733612,0.4961720108985901,-0.05580395460128784,0.3306465446949005,0.6605016589164734,-0.02123088762164116,0.3564094007015228,0.6448795199394226,-0.0536763072013855,0.3560982048511505,0.7152346968650818,-0.05910668522119522,0.351709246635437,0.7649644613265991,-0.05402260273694992,0.3055133819580078,0.6743440628051758,-0.02454284578561783,0.33254534006118774,0.6740554571151733,-0.05540068447589874,0.3336414396762848,0.7384102940559387,-0.05105610564351082,0.33038485050201416,0.7761325240135193,-0.0384216383099556,0.2820473909378052,0.6939134001731873,-0.02944873832166195,0.30727851390838623,0.6805645823478699,-0.04736948758363724,0.31526684761047363,0.7242096066474915,-0.04165682941675186,0.3155379593372345,0.7530296444892883,-0.03137417882680893
L,0.3230738639831543,0.8442381620407104,1.0303750741513795e-07,0.3573347330093384,0.8070999383926392,-0.014133172109723091,0.3891574740409851,0.7413574457168579,-0.026033036410808563,0.41748565435409546,0.7033292651176453,-0.03975566104054451,0.44584324955940247,0.6930349469184875,-0.05396978557109833,0.33618611097335815,0.6484671831130981,-0.014399907551705837,0.345071941614151,0.5782976150512695,-0.03394429385662079,0.3545108735561371,0.5322366952896118,-0.04599808529019356,0.3662547171115875,0.49313977360725403,-0.05302203819155693,0.3110233545303345,0.6534343957901001,-0.018262168392539024,0.3462637960910797,0.6453521251678467,-0.04904232919216156,0.3491368591785431,0.7170565724372864,-0.05466976761817932,0.34432363510131836,0.7633790373802185,-0.05052759125828743,0.28973183035850525,0.6734074354171753,-0.024334924295544624,0.32788947224617004,0.6765865683555603,-0.054491765797138214,0.3299793004989624,0.7421767711639404,-0.050131119787693024,0.3246660530567169,0.7768341898918152,-0.03807608038187027,0.27059412002563477,0.7004583477973938,-0.031700003892183304,0.3026856780052185,0.6861806511878967,-0.04902353510260582,0.310899555683136,0.7295411825180054,-0.04257125034928322,0.30910181999206543,0.7558881044387817,-0.03210441768169403
L,0.3183501064777374,0.8304439187049866,8.191396005940987e-08,0.34913140535354614,0.7867661118507385,-0.011017241515219212,0.37358203530311584,0.7232075929641724,-0.022900788113474846,0.3962855935096741,0.6823266744613647,-0.03754350170493126,0.422118604183197,0.6653403639793396,-0.05244090408086777,0.31866058707237244,0.6382379531860352,-0.010446980595588684,0.32390910387039185,0.5686383247375488,-0.029760049656033516,0.3302152454853058,0.5211033821105957,-0.04162450134754181,0.33904919028282166,0.4808436930179596,-0.048506565392017365,0.29629161953926086,0.6466627717018127,-0.016089431941509247,0.33713510632514954,0.6332860589027405,-0.04630359262228012,0.3418954014778137,0.7009830474853516,-0.0521622858941555,0.3355223536491394,0.7440121173858643,-0.048342447727918625,0.27884146571159363,0.6667627692222595,-0.023833895102143288,0.3227726221084595,0.6641384363174438,-0.05285884067416191,0.3263758718967438,0.7256760597229004,-0.048778507858514786,0.3200415074825287,0.757898211479187,-0.03735408931970596,0.26443880796432495,0.6928102970123291,-0.032733235508203506,0.2993954122066498,0.6770778894424438,-0.04940606281161308,0.30871695280075073,0.7177785634994507,-0.04334992542862892,0.3064088523387909,0.7432957291603088,-0.03334584832191467
L,0.3109736144542694,0.8374717235565186,8.687568708865001e-08,0.34260377287864685,0.7941538095474243,-0.01572461985051632,0.36994215846061707,0.7253352403640747,-0.028544073924422264,0.3956455886363983,0.6823304891586304,-0.04274420440196991,0.42417967319488525,0.6642445921897888,-0.05727414786815643,0.313072144985199,0.6428123116493225,-0.01757926493883133,0.31744593381881714,0.5715112686157227,-0.03703052178025246,0.3228817582130432,0.5226808190345764,-0.048959504812955856,0.3308447599411011,0.48128533363342285,-0.05594192445278168,0.28864172101020813,0.6508097648620605,-0.020213870331645012,0.3244287669658661,0.6436540484428406,-0.05016353726387024,0.32983100414276123,0.7106310725212097,-0.05558069050312042,0.3260783851146698,0.7556812763214111,-0.05177530273795128,0.2695184350013733,0.6742582321166992,-0.024927034974098206,0.30830445885658264,0.6774881482124329,-0.053503043949604034,0.3136475086212158,0.7384219169616699,-0.04896247759461403,0.3106189966201782,0.7730545997619629,-0.03741142153739929,0.2532022297382355,0.704949140548706,-0.031232105568051338,0.2829377055168152,0.6925237774848938,-0.04813063517212868,0.2941048741340637,0.7311185002326965,-0.04232744500041008,0.29548150300979614,0.7560766935348511,-0.03237937390804291
L,0.3045944273471832,0.8575990796089172,9.789655308622969e-08,0.33858153223991394,0.8218287229537964,-0.020099716261029243,0.3725317120552063,0.7597132921218872,-0.034913841634988785,0.4042012393474579,0.7220388650894165,-0.04997347667813301,0.4355935752391815,0.712469220161438,-0.06539298593997955,0.32452505826950073,0.6608524918556213,-0.025724871084094048,0.3299166262149811,0.5863485932350159,-0.04577625170350075,0.33348456025123596,0.5362215042114258,-0.057545192539691925,0.3397042751312256,0.494265615940094,-0.06455355882644653,0.29507461190223694,0.6629159450531006,-0.02627602592110634,0.3183237612247467,0.6617821455001831,-0.05766567587852478,0.32109183073043823,0.732281506061554,-0.06274136900901794,0.3201495409011841,0.7804239392280579,-0.058385107666254044,0.2694878578186035,0.6838390231132507,-0.028777047991752625,0.29581382870674133,0.6974552273750305,-0.05764845386147499,0.3003406226634979,0.7593754529953003,-0.05233079195022583,0.30103594064712524,0.7963212132453918,-0.040088359266519547,0.24655815958976746,0.7128379940986633,-0.033192384988069534,0.26789194345474243,0.7089618444442749,-0.049498300999403,0.2782616913318634,0.7495329976081848,-0.0430302619934082,0.28219425678253174,0.7751742601394653,-0.03252923861145973
L,0.2916736304759979,0.8729110360145569,9.406186762817015e-08,0.3273363411426544,0.8436917662620544,-0.023728229105472565,0.3641512393951416,0.7892678380012512,-0.03970259055495262,0.39588308334350586,0.7575613856315613,-0.055281322449445724,0.4259762465953827,0.7548311352729797,-0.07123112678527832,0.3237403631210327,0.6822487711906433,-0.02784435637295246,0.32946938276290894,0.6049425601959229,-0.04715181514620781,0.33168211579322815,0.5527700185775757,-0.058890946209430695,0.3344704508781433,0.5089362859725952,-0.06647982448339462,0.2924814224243164,0.680860698223114,-0.027099648490548134,0.30056890845298767,0.6793766021728516,-0.05901727080345154,0.3036990165710449,0.7496873140335083,-0.06567768007516861,0.30399662256240845,0.7975494265556335,-0.06258080154657364,0.2643083333969116,0.6977808475494385,-0.02835248038172722,0.2738395035266876,0.707351803779602,-0.05838203430175781,0.2817250192165375,0.7723536491394043,-0.05359305441379547,0.2860974967479706,0.8114618062973022,-0.04151458293199539,0.23898425698280334,0.7223672866821289,-0.031705182045698166,0.24594631791114807,0.7116374373435974,-0.05004383996129036,0.25694701075553894,0.7557698488235474,-0.04365139827132225,0.2627796232700348,0.7851393222808838,-0.03276759013533592
L,0.2798002362251282,0.8650149703025818,8.376449045499612e-08,0.31259462237358093,0.8426879644393921,-0.026798691600561142,0.3463740944862366,0.7969462275505066,-0.04410145804286003,0.3763481676578522,0.7675392627716064,-0.06015024334192276,0.40668419003486633,0.7617384195327759,-0.07648399472236633,0.31617942452430725,0.6840299367904663,-0.02989969402551651,0.32039785385131836,0.6078936457633972,-0.050261542201042175,0.3205685317516327,0.555618405342102,-0.06294558942317963,0.32117167115211487,0.5119031071662903,-0.07138395309448242,0.287014901638031,0.6787792444229126,-0.0272876787930727,0.2862700819969177,0.6793475151062012,-0.059715382754802704,0.28700196743011475,0.7514747977256775,-0.06676715612411499,0.2882234752178192,0.7963969111442566,-0.06412949413061142,0.2590107321739197,0.6924023032188416,-0.027037227526307106,0.25798332691192627,0.7013967037200928,-0.05827392265200615,0.2647008001804352,0.7677555680274963,-0.05364503711462021,0.27088847756385803,0.8048372268676758,-0.041837092489004135,0.23233801126480103,0.7145451307296753,-0.028971347957849503,0.2309553325176239,0.7050861120223999,-0.04965357109904289,0.2409268319606781,0.7528314590454102,-0.044063590466976166,0.24834534525871277,0.7816076874732971,-0.033545445650815964
L,0.28713998198509216,0.8681095242500305,8.8332335224095e-08,0.3234728276729584,0.8409228324890137,-0.02356179617345333,0.3623358905315399,0.7900906801223755,-0.03952472284436226,0.3968160152435303,0.7658229470252991,-0.05514167249202728,0.4272526502609253,0.7667851448059082,-0.07122176885604858,0.32271063327789307,0.6802697777748108,-0.028280241414904594,0.3286314606666565,0.6007819771766663,-0.04770153388381004,0.33108654618263245,0.5466127991676331,-0.05963878706097603,0.3340407609939575,0.5008946657180786,-0.06751704216003418,0.29181647300720215,0.6769537925720215,-0.02747860550880432,0.2989896535873413,0.6788350343704224,-0.05927960202097893,0.300861656665802,0.7495226860046387,-0.06602625548839569,0.30037015676498413,0.7960287928581238,-0.06323295831680298,0.26347118616104126,0.6931257843971252,-0.02856995165348053,0.2715371549129486,0.7043417096138,-0.057871825993061066,0.2783364951610565,0.7682426571846008,-0.05273430794477463,0.28194767236709595,0.8046162128448486,-0.0408005528151989,0.23750554025173187,0.7172589898109436,-0.031787723302841187,0.24458344280719757,0.710065484046936,-0.04885908588767052,0.2546606659889221,0.7535083889961243,-0.04171576723456383,0.259284108877182,0.7793867588043213,-0.030665915459394455
L,0.28847330808639526,0.8699814677238464,6.138825625612299e-08,0.3259842097759247,0.8411176204681396,-0.02456759847700596,0.3664550185203552,0.7858248949050903,-0.03957808017730713,0.40038979053497314,0.7485625743865967,-0.053628213703632355,0.42982256412506104,0.7313245534896851,-0.06798068434000015,0.3233702778816223,0.6785588264465332,-0.028666269034147263,0.3274291455745697,0.5978724956512451,-0.04759296029806137,0.32817742228507996,0.545059084892273,-0.05886256694793701,0.3292858600616455,0.4999208450317383,-0.06622907519340515,0.29279330372810364,0.6765284538269043,-0.026847664266824722,0.29687657952308655,0.6738651990890503,-0.05877889320254326,0.30023863911628723,0.7444323301315308,-0.06569591164588928,0.30137598514556885,0.7920204997062683,-0.06283885985612869,0.26509547233581543,0.6923546195030212,-0.027052128687500954,0.2697560787200928,0.7038879990577698,-0.05740415304899216,0.27859556674957275,0.7676531076431274,-0.053128961473703384,0.2844431400299072,0.8050210475921631,-0.04149431735277176,0.2395995557308197,0.7153227925300598,-0.029324831441044807,0.24439959228038788,0.7089185118675232,-0.048505883663892746,0.25592556595802307,0.7539181113243103,-0.04293961822986603,0.26269814372062683,0.7821200489997864,-0.03260151296854019
L,0.2900499403476715,0.8670063614845276,4.750046045387535e-08,0.3279470205307007,0.8354287147521973,-0.02423134446144104,0.36499571800231934,0.7734068036079407,-0.03834819793701172,0.39446884393692017,0.7247258424758911,-0.05131581798195839,0.4212031364440918,0.6947722434997559,-0.06442207098007202,0.32126709818840027,0.6753361225128174,-0.02815508283674717,0.3256189525127411,0.598054051399231,-0.04716920852661133,0.32676419615745544,0.5457507371902466,-0.0584147684276104,0.3283793032169342,0.5007623434066772,-0.06574180722236633,0.2900030314922333,0.6735154986381531,-0.026245279237627983,0.298488050699234,0.6697525978088379,-0.058592189103364944,0.30233392119407654,0.7393929362297058,-0.06560219824314117,0.30272215604782104,0.7870186567306519,-0.062537282705307,0.2623104751110077,0.6899793744087219,-0.026350045576691628,0.2721322476863861,0.6995082497596741,-0.05698627978563309,0.28108394145965576,0.7630847692489624,-0.05260172486305237,0.28600838780403137,0.8005008697509766,-0.040783461183309555,0.23734109103679657,0.7141715288162231,-0.0284580085426569,0.2461380660533905,0.7077264189720154,-0.04830857366323471,0.2583257257938385,0.7515775561332703,-0.043459948152303696,0.26491010189056396,0.7796931862831116,-0.03351818770170212
L,0.29602181911468506,0.8498279452323914,5.496290000905901e-08,0.3339640498161316,0.8168802857398987,-0.023414671421051025,0.3680247962474823,0.7548539638519287,-0.03537861630320549,0.39071202278137207,0.7066090106964111,-0.04678988829255104,0.41018298268318176,0.67699134349823,-0.05848698318004608,0.3192319869995117,0.6705238819122314,-0.022183898836374283,0.3194354474544525,0.5834463834762573,-0.039658788591623306,0.31832048296928406,0.5284060835838318,-0.049868449568748474,0.31762927770614624,0.4820762872695923,-0.05621013417840004,0.2913397252559662,0.6808701753616333,-0.020909830927848816,0.29337987303733826,0.6511727571487427,-0.05391134321689606,0.2973891794681549,0.7187775373458862,-0.0620112381875515,0.2995838224887848,0.7689025402069092,-0.05871794372797012,0.2660682499408722,0.7004144787788391,-0.02191983349621296,0.270055890083313,0.6829560995101929,-0.05404537543654442,0.2800655663013458,0.7453526258468628,-0.05061187222599983,0.2858102023601532,0.7850226759910583,-0.03825913369655609,0.24211785197257996,0.7252182364463806,-0.02470403164625168,0.2432137131690979,0.6904861927032471,-0.0454518161714077,0.2567324638366699,0.7301154136657715,-0.03999027609825134,0.26559799909591675,0.7628182172775269,-0.029179586097598076
L,0.29553747177124023,0.8388885259628296,-2.4174457990966403e-08,0.3307701051235199,0.7963557243347168,-0.010901287198066711,0.35244446992874146,0.7227846384048462,-0.013907480984926224,0.3621242046356201,0.6700412034988403,-0.01832169108092785,0.374809205532074,0.6410922408103943,-0.023047618567943573,0.3016221523284912,0.6592736840248108,-0.005988039541989565,0.29940265417099,0.5792748332023621,-0.01961314119398594,0.2980753481388092,0.5292924642562866,-0.027522003278136253,0.29821425676345825,0.48534637689590454,-0.03233758732676506,0.2791186273097992,0.6745513677597046,-0.008967996574938297,0.2921346426010132,0.6329516768455505,-0.03805054351687431,0.30028197169303894,0.7006198167800903,-0.04418144002556801,0.3029421269893646,0.7527929544448853,-0.03961512818932533,0.25825235247612,0.6949048042297363,-0.013757346197962761,0.27246424555778503,0.6638442873954773,-0.04272566735744476,0.284641295671463,0.7281070351600647,-0.03846953436732292,0.28855082392692566,0.7703438997268677,-0.025943471118807793,0.23742932081222534,0.7204333543777466,-0.019342128187417984,0.24698582291603088,0.6785518527030945,-0.03769580274820328,0.26153364777565,0.7142164707183838,-0.03215372562408447,0.26869040727615356,0.7459536194801331,-0.022032123059034348
L,0.2951712906360626,0.8297891020774841,-7.136014090747267e-08,0.3265688717365265,0.7826094627380371,-0.0035528286825865507,0.3409915268421173,0.7118704915046692,-0.001712823985144496,0.3463894724845886,0.6636958718299866,-0.0026988277677446604,0.3551985025405884,0.6345866918563843,-0.004208313766866922,0.28937461972236633,0.6580656170845032,0.003956352360546589,0.28535231947898865,0.580191969871521,-0.007419838570058346,0.28482571244239807,0.5322667360305786,-0.014292139559984207,0.2861267924308777,0.48988276720046997,-0.01827090047299862,0.270381361246109,0.6724636554718018,-0.0020849560387432575,0.288837730884552,0.6247233152389526,-0.027933839708566666,0.29836684465408325,0.6909777522087097,-0.03353572636842728,0.2999456524848938,0.7441977858543396,-0.029025863856077194,0.25189077854156494,0.691573977470398,-0.009814509190618992,0.2709469199180603,0.6542565226554871,-0.03666210174560547,0.2839871346950531,0.7179907560348511,-0.03313998878002167,0.2861763536930084,0.7613635063171387,-0.0214854646474123,0.23392558097839355,0.7160276770591736,-0.017788318917155266,0.24275046586990356,0.667380690574646,-0.035335179418325424,0.2580397427082062,0.6974212527275085,-0.030324123799800873,0.2653064429759979,0.7297041416168213,-0.020846670493483543
L,0.2905062437057495,0.8377617001533508,-4.9176101413195283e-08,0.323880136013031,0.789381742477417,-0.007125880569219589,0.33974045515060425,0.7154700756072998,-0.007393527776002884,0.34531542658805847,0.6648499965667725,-0.009724829345941544,0.3552532196044922,0.6341960430145264,-0.012328376062214375,0.2882936894893646,0.6593212485313416,-5.051510379416868e-05,0.2849157154560089,0.5800582766532898,-0.01330239325761795,0.2844921052455902,0.530604898929596,-0.021238991990685463,0.2861492931842804,0.48762696981430054,-0.025724394246935844,0.2679826319217682,0.6749045252799988,-0.004812906961888075,0.28519928455352783,0.6275747418403625,-0.0332665741443634,0.2947591543197632,0.6957245469093323,-0.03951045870780945,0.2968065142631531,0.7497345805168152,-0.034721892327070236,0.24859404563903809,0.6949704885482788,-0.011459647677838802,0.2667005658149719,0.6591891050338745,-0.04022372514009476,0.27915331721305847,0.725063681602478,-0.036283936351537704,0.28069639205932617,0.7675775289535522,-0.023757701739668846,0.2294720560312271,0.7203273177146912,-0.01860705204308033,0.23910841345787048,0.6737203598022461,-0.03674197942018509,0.25405508279800415,0.7077756524085999,-0.030924007296562195,0.2600463032722473,0.7397356629371643,-0.02054169960319996
L,0.2804364562034607,0.8554719686508179,1.576685981774517e-08,0.3174856901168823,0.819301962852478,-0.020565228536725044,0.3496266305446625,0.7556419372558594,-0.030410870909690857,0.36858832836151123,0.7047027349472046,-0.04030512645840645,0.3850780725479126,0.6656755805015564,-0.05045057088136673,0.30519863963127136,0.6765051484107971,-0.017229877412319183,0.30566295981407166,0.5918220281600952,-0.03337966650724411,0.3050854206085205,0.5417863726615906,-0.0422978401184082,0.304908812046051,0.49890270829200745,-0.047588396817445755,0.2788790464401245,0.6857041716575623,-0.016767578199505806,0.2807193994522095,0.650393545627594,-0.04879320412874222,0.28450465202331543,0.7183734774589539,-0.05648891627788544,0.28618207573890686,0.7679222226142883,-0.052821531891822815,0.25377824902534485,0.7038175463676453,-0.01862153969705105,0.25624948740005493,0.676728367805481,-0.05058405175805092,0.26571279764175415,0.7405401468276978,-0.04714765027165413,0.27126094698905945,0.7829590439796448,-0.03463946655392647,0.2288452535867691,0.7269118428230286,-0.021923348307609558,0.22980386018753052,0.682476818561554,-0.0430590994656086,0.2423468381166458,0.7200496196746826,-0.0382060669362545,0.25033700466156006,0.7547649145126343,-0.0278143472969532
L,0.26357364654541016,0.87503981590271,1.2490273704202082e-08,0.30241093039512634,0.8452841639518738,-0.027537133544683456,0.3389652371406555,0.785495936870575,-0.041039083153009415,0.36766529083251953,0.7365903854370117,-0.05301685258746147,0.391378790140152,0.6981351375579834,-0.06512629240751266,0.30030056834220886,0.6938218474388123,-0.02575218304991722,0.30297231674194336,0.6111864447593689,-0.04387502372264862,0.30204692482948303,0.5599110722541809,-0.054024577140808105,0.3002881705760956,0.515580415725708,-0.06055736541748047,0.272124320268631,0.6965208649635315,-0.022491678595542908,0.2639560103416443,0.6683412790298462,-0.055996354669332504,0.2662830352783203,0.737927258014679,-0.0640275850892067,0.26938721537590027,0.7851024866104126,-0.06113024428486824,0.24516746401786804,0.7095941305160522,-0.022124212235212326,0.23756611347198486,0.6935750842094421,-0.055802121758461,0.24636711180210114,0.7597126960754395,-0.053262390196323395,0.25364962220191956,0.7987147569656372,-0.04174052178859711,0.2195265144109726,0.7270014882087708,-0.02377130649983883,0.2116125524044037,0.6922791600227356,-0.04677581787109375,0.2219243347644806,0.7364482283592224,-0.04331051930785179,0.2309970110654831,0.7693040370941162,-0.0340602733194828
L,0.26473191380500793,0.8716098666191101,7.371568955250041e-08,0.30267399549484253,0.843853771686554,-0.028404947370290756,0.34204357862472534,0.7874615788459778,-0.04402284696698189,0.373677134513855,0.7444470524787903,-0.05813506245613098,0.4024397134780884,0.7212286591529846,-0.07236577570438385,0.2992483675479889,0.6874605417251587,-0.028144920244812965,0.30034199357032776,0.5991698503494263,-0.04760440066456795,0.29984036087989807,0.546045184135437,-0.05885588750243187,0.2998864948749542,0.5013237595558167,-0.06614699214696884,0.27067482471466064,0.6947667002677917,-0.025014394894242287,0.26643696427345276,0.6660802960395813,-0.06016300618648529,0.2696681618690491,0.7362735271453857,-0.06838798522949219,0.27317965030670166,0.7838605046272278,-0.0653916448354721,0.24390001595020294,0.71030193567276,-0.024733755737543106,0.24008393287658691,0.6948750615119934,-0.05930048227310181,0.24957574903964996,0.760951042175293,-0.05607597529888153,0.25717681646347046,0.799978494644165,-0.04391494393348694,0.21845915913581848,0.7294338345527649,-0.026626644656062126,0.2153088003396988,0.6987058520317078,-0.04987408593297005,0.2261352241039276,0.746261477470398,-0.04567394033074379,0.2343156635761261,0.7797858715057373,-0.03575120121240616
L,0.2770118713378906,0.858526349067688,9.066503992016806e-08,0.31152504682540894,0.8163040280342102,-0.020852427929639816,0.3432314693927765,0.748196005821228,-0.03550572693347931,0.37192851305007935,0.7038677334785461,-0.050373487174510956,0.39975714683532715,0.6864279508590698,-0.06552963703870773,0.28900283575057983,0.6621575951576233,-0.025624128058552742,0.28899282217025757,0.5834545493125916,-0.04572340473532677,0.28830984234809875,0.5310673713684082,-0.05745750293135643,0.29028061032295227,0.4864189922809601,-0.06470966339111328,0.26042991876602173,0.670017421245575,-0.026028405874967575,0.2797042429447174,0.6611013412475586,-0.05883350595831871,0.2846347391605377,0.7303605079650879,-0.06475479900836945,0.2846966087818146,0.7773139476776123,-0.0607781857252121,0.2358986735343933,0.693021297454834,-0.028432859107851982,0.25914937257766724,0.6972463726997375,-0.05938687175512314,0.2675244212150574,0.7597876191139221,-0.05395670235157013,0.2702522277832031,0.7967795133590698,-0.04117841273546219,0.21393758058547974,0.7226267457008362,-0.03272951394319534,0.23243139684200287,0.7109453082084656,-0.051389746367931366,0.24489212036132812,0.7518332004547119,-0.045116692781448364,0.25027501583099365,0.7791149616241455,-0.03435219079256058
L,0.2777543365955353,0.8574131727218628,5.311215289793836e-08,0.30848854780197144,0.8088005185127258,-0.009098713286221027,0.3292911946773529,0.7379156947135925,-0.019053710624575615,0.350009024143219,0.6895015835762024,-0.03187783807516098,0.37426814436912537,0.6624708771705627,-0.04503161460161209,0.268332302570343,0.6563717126846313,-0.009586588479578495,0.27243292331695557,0.5850577354431152,-0.028419557958841324,0.27780333161354065,0.5349602103233337,-0.04041028395295143,0.2850504219532013,0.4915889501571655,-0.04752527177333832,0.2463569939136505,0.6647858023643494,-0.015633804723620415,0.2888757586479187,0.6466341018676758,-0.0447932705283165,0.2969394624233246,0.7140064835548401,-0.05045243725180626,0.2919037640094757,0.7612566351890564,-0.046859994530677795,0.23022815585136414,0.6856263875961304,-0.023555150255560875,0.2751813232898712,0.6800737977027893,-0.052039436995983124,0.28257760405540466,0.7439082860946655,-0.04795796424150467,0.27808162569999695,0.7813823819160461,-0.03677123785018921,0.21753907203674316,0.713291347026825,-0.032492779195308685,0.2525339126586914,0.6965055465698242,-0.049553826451301575,0.2653747498989105,0.7385197281837463,-0.04386455565690994,0.26586395502090454,0.7673903703689575,-0.03409910947084427
