label,x0,y0,z0,x1,y1,z1,x2,y2,z2,x3,y3,z3,x4,y4,z4,x5,y5,z5,x6,y6,z6,x7,y7,z7,x8,y8,z8,x9,y9,z9,x10,y10,z10,x11,y11,z11,x12,y12,z12,x13,y13,z13,x14,y14,z14,x15,y15,z15,x16,y16,z16,x17,y17,z17,x18,y18,z18,x19,y19,z19,x20,y20,z20
Y,0.18444202840328217,0.7585603594779968,-2.528650213662331e-07,0.22409942746162415,0.7259835004806519,-0.016382258385419846,0.2481543868780136,0.6690896153450012,-0.025135107338428497,0.25897666811943054,0.610942006111145,-0.031237110495567322,0.2679964601993561,0.5648381114006042,-0.03543291985988617,0.2173970341682434,0.5772867798805237,-0.02589462324976921,0.2176671177148819,0.6011642813682556,-0.0379127599298954,0.21699543297290802,0.6523240208625793,-0.04280459135770798,0.214982271194458,0.685157835483551,-0.0442972294986248,0.18956193327903748,0.5767300128936768,-0.024079808965325356,0.19117268919944763,0.6180368661880493,-0.03438689559698105,0.1960965245962143,0.666345477104187,-0.03664699196815491,0.19655275344848633,0.6976376175880432,-0.03861478716135025,0.16460655629634857,0.5931442379951477,-0.023742904886603355,0.16619423031806946,0.6128534078598022,-0.03873736783862114,0.17390961945056915,0.6542350053787231,-0.04063620790839195,0.17676913738250732,0.6866289973258972,-0.040760938078165054,0.14481090009212494,0.6205843687057495,-0.02406817302107811,0.13017168641090393,0.5924147367477417,-0.03903455659747124,0.11943172663450241,0.5734650492668152,-0.043963901698589325,0.10981040447950363,0.5519322156906128,-0.04591551795601845
Y,0.264005184173584,0.5697032809257507,-3.0506762982440705e-07,0.3050565719604492,0.5472074151039124,-0.01334710605442524,0.33981966972351074,0.49078673124313354,-0.018155835568904877,0.3622361719608307,0.43816637992858887,-0.02368958853185177,0.37652885913848877,0.3952198326587677,-0.026994138956069946,0.31113696098327637,0.42425552010536194,-0.00970520917326212,0.3192533254623413,0.38753655552864075,-0.026296745985746384,0.310055673122406,0.42976289987564087,-0.03375766798853874,0.3025786876678467,0.46909892559051514,-0.03420324996113777,0.28605538606643677,0.41499724984169006,-0.009064598008990288,0.2932979166507721,0.3878992199897766,-0.030773894861340523,0.2867935299873352,0.4434252083301544,-0.03752100467681885,0.2819102108478546,0.48810482025146484,-0.036531880497932434,0.26113981008529663,0.41075971722602844,-0.011010406538844109,0.26442819833755493,0.37308865785598755,-0.03126939758658409,0.2639525830745697,0.42750948667526245,-0.03170159086585045,0.263860285282135,0.473289430141449,-0.025469070300459862,0.2370312362909317,0.41175195574760437,-0.01397972647100687,0.23185467720031738,0.3485463857650757,-0.0245660450309515,0.22721585631370544,0.3089427351951599,-0.026223761960864067,0.224016010761261,0.2705642580986023,-0.024519186466932297
Y,0.2439976930618286,0.5789867639541626,-3.1092750418793e-07,0.28525108098983765,0.5614144206047058,-0.012006927281618118,0.32251566648483276,0.513568639755249,-0.0165620818734169,0.3473009765148163,0.4687596261501312,-0.022193990647792816,0.36375048756599426,0.4331333637237549,-0.025446124374866486,0.2987663447856903,0.441241592168808,-0.007546988781541586,0.3102244436740875,0.4073871970176697,-0.02409457229077816,0.29752790927886963,0.44960325956344604,-0.03175311163067818,0.2874061167240143,0.48699265718460083,-0.03239124268293381,0.2747327387332916,0.427169531583786,-0.007527805864810944,0.28474703431129456,0.40135830640792847,-0.029718978330492973,0.2733539342880249,0.4563996195793152,-0.036506813019514084,0.26487329602241516,0.49995920062065125,-0.03521183133125305,0.24993480741977692,0.4177217483520508,-0.010035349056124687,0.25714829564094543,0.37879231572151184,-0.03016592375934124,0.25247010588645935,0.43438848853111267,-0.029979780316352844,0.24882230162620544,0.4806254208087921,-0.02319176122546196,0.22559857368469238,0.4139775037765503,-0.013546310365200043,0.22372804582118988,0.35107919573783875,-0.02352023497223854,0.22261777520179749,0.31191617250442505,-0.0245885718613863,0.22350865602493286,0.2736649513244629,-0.02242014743387699
Y,0.2406569868326187,0.5804664492607117,-3.094769454037305e-07,0.27954283356666565,0.5533374547958374,-0.010318788699805737,0.31027752161026,0.4940389096736908,-0.01300731860101223,0.3279317021369934,0.44219687581062317,-0.016832638531923294,0.34143203496932983,0.4027705788612366,-0.0182967372238636,0.2834964692592621,0.4306847155094147,-0.0023453044705092907,0.29628682136535645,0.39751312136650085,-0.01721334084868431,0.28853610157966614,0.44316208362579346,-0.02396538108587265,0.28067728877067566,0.4823331832885742,-0.02387353777885437,0.2617896795272827,0.4237653911113739,-0.0024931696243584156,0.2739572823047638,0.40043216943740845,-0.022832298651337624,0.2682643234729767,0.45779043436050415,-0.029368236660957336,0.26237162947654724,0.5013805627822876,-0.0277399942278862,0.23853322863578796,0.4207596480846405,-0.005281833466142416,0.24758897721767426,0.3877115845680237,-0.024023327976465225,0.24806545674800873,0.44359102845191956,-0.0241874810308218,0.24630726873874664,0.4882845878601074,-0.01760101318359375,0.21445229649543762,0.4226170778274536,-0.008881418965756893,0.20765420794487,0.3614426553249359,-0.017528904601931572,0.2060815393924713,0.3226087987422943,-0.01843860186636448,0.2066565454006195,0.2841532230377197,-0.016246426850557327
Y,0.24280712008476257,0.5743716359138489,-3.088042603849317e-07,0.28004202246665955,0.5436011552810669,-0.008967634290456772,0.3068743348121643,0.47893983125686646,-0.010077876038849354,0.3194277584552765,0.42695122957229614,-0.012489384971559048,0.3302781581878662,0.3880327045917511,-0.01245883759111166,0.27991563081741333,0.42097848653793335,-0.000516108178999275,0.2932133972644806,0.38893020153045654,-0.013846594840288162,0.28807777166366577,0.4395867884159088,-0.01795242726802826,0.28224506974220276,0.48050564527511597,-0.015925858169794083,0.25929373502731323,0.4169932007789612,-0.0010631739860400558,0.27267420291900635,0.39465615153312683,-0.02101699449121952,0.26822429895401,0.4568624496459961,-0.02606665901839733,0.2628757059574127,0.5007436871528625,-0.022858479991555214,0.23688602447509766,0.41747504472732544,-0.00425395043566823,0.2484719157218933,0.387451171875,-0.023356275632977486,0.25042030215263367,0.44684267044067383,-0.023020857945084572,0.24875508248806,0.49193471670150757,-0.01552741788327694,0.21322748064994812,0.42228537797927856,-0.007978239096701145,0.2063296139240265,0.3625982701778412,-0.016766376793384552,0.20526713132858276,0.3255614638328552,-0.01748582348227501,0.20628376305103302,0.2884387969970703,-0.014869247563183308
Y,0.24385158717632294,0.5666258931159973,-3.091997768933652e-07,0.2764047384262085,0.531300961971283,-0.007010270841419697,0.29640278220176697,0.4644145369529724,-0.007804814260452986,0.3058834969997406,0.4135836362838745,-0.010104629211127758,0.31408753991127014,0.37453433871269226,-0.009983206167817116,0.27150726318359375,0.41125398874282837,-0.0008772392175160348,0.2834986448287964,0.38158512115478516,-0.014009918086230755,0.2818164527416229,0.43407341837882996,-0.017563149333000183,0.27794167399406433,0.47419416904449463,-0.0151225496083498,0.2520903944969177,0.41059041023254395,-0.002352982759475708,0.26539722084999084,0.3895072937011719,-0.021480673924088478,0.265113890171051,0.4524299204349518,-0.024958256632089615,0.2615252733230591,0.4952862858772278,-0.020763779059052467,0.2306741625070572,0.4147682785987854,-0.006353038363158703,0.2430444061756134,0.3868095874786377,-0.025289097800850868,0.24915611743927002,0.44475945830345154,-0.02469000779092312,0.24980491399765015,0.488297700881958,-0.016956215724349022,0.20837514102458954,0.4229104518890381,-0.010641190223395824,0.20091472566127777,0.36406409740448,-0.019748488441109657,0.19979432225227356,0.3278121054172516,-0.0207231342792511,0.2008194774389267,0.2925833463668823,-0.018185827881097794
Y,0.24180886149406433,0.5637327432632446,-2.9620690611409373e-07,0.27461400628089905,0.5288397073745728,-0.00698102917522192,0.2930562198162079,0.46111226081848145,-0.00750385969877243,0.3012089729309082,0.4091390371322632,-0.009448912926018238,0.3088681697845459,0.3705764412879944,-0.009046669118106365,0.2678295969963074,0.4074475169181824,-0.0012119307648390532,0.27819308638572693,0.375282347202301,-0.013941970653831959,0.27822569012641907,0.4245092272758484,-0.017071815207600594,0.27557310461997986,0.46518969535827637,-0.014513843692839146,0.24796529114246368,0.40776097774505615,-0.002580836182460189,0.2601381242275238,0.3867720663547516,-0.021433908492326736,0.2611600160598755,0.44868141412734985,-0.024867355823516846,0.25822874903678894,0.4912112355232239,-0.02076820097863674,0.22667916119098663,0.4138827919960022,-0.0063847643323242664,0.23829428851604462,0.3864731788635254,-0.025191783905029297,0.24476194381713867,0.44391801953315735,-0.024314193055033684,0.24562422931194305,0.48687222599983215,-0.016573304310441017,0.20450180768966675,0.424550324678421,-0.010502624325454235,0.19651009142398834,0.3671380281448364,-0.02022213116288185,0.1953102946281433,0.33090853691101074,-0.021432729437947273,0.19631734490394592,0.2946476340293884,-0.01902785524725914
Y,0.23226894438266754,0.5796488523483276,-3.0620435609307606e-07,0.2708631157875061,0.5553948283195496,-0.012746762484312057,0.3023912310600281,0.501876950263977,-0.017608799040317535,0.3221462368965149,0.4510717988014221,-0.023006929084658623,0.3362686038017273,0.41440704464912415,-0.025847218930721283,0.2753000855445862,0.4346362352371216,-0.010293017141520977,0.2836701571941376,0.3977054953575134,-0.025967074558138847,0.27472513914108276,0.44203686714172363,-0.03175909444689751,0.26800549030303955,0.48010358214378357,-0.03137408196926117,0.25080788135528564,0.4265693426132202,-0.00997509527951479,0.25877946615219116,0.39764294028282166,-0.03137476369738579,0.25269612669944763,0.45345914363861084,-0.0367312990128994,0.24784600734710693,0.4954344928264618,-0.03471818566322327,0.22625550627708435,0.42378756403923035,-0.012087874114513397,0.23046880960464478,0.38567784428596497,-0.03212196007370949,0.2319687306880951,0.4397471845149994,-0.0316564179956913,0.2326117604970932,0.4830044209957123,-0.02497219108045101,0.20257943868637085,0.42613428831100464,-0.015150596387684345,0.19570958614349365,0.36498117446899414,-0.025498267263174057,0.19202493131160736,0.32797518372535706,-0.026834823191165924,0.19012212753295898,0.29094165563583374,-0.02503756806254387
Y,0.20909179747104645,0.5701338648796082,-3.059521702653001e-07,0.24847857654094696,0.5596217513084412,-0.015780335292220116,0.285533607006073,0.5179453492164612,-0.022359613329172134,0.31222569942474365,0.47606366872787476,-0.02914944477379322,0.33270642161369324,0.44627565145492554,-0.03318838030099869,0.26485905051231384,0.4384975731372833,-0.012440786696970463,0.2669832706451416,0.4043307602405548,-0.030490737408399582,0.2534816563129425,0.4468894302845001,-0.03784022107720375,0.24456886947155,0.4834338128566742,-0.03797387704253197,0.24034187197685242,0.4236655831336975,-0.010897117666900158,0.2405083030462265,0.39806896448135376,-0.03464727848768234,0.23102392256259918,0.45463845133781433,-0.040580905973911285,0.22562508285045624,0.4953838288784027,-0.038334719836711884,0.21676105260849,0.4161372482776642,-0.012219257652759552,0.2154664248228073,0.3817124366760254,-0.0343305803835392,0.21215088665485382,0.43483293056488037,-0.03431154042482376,0.2110479474067688,0.47685518860816956,-0.027013175189495087,0.19405917823314667,0.4127586781978607,-0.014774005860090256,0.19452737271785736,0.35274747014045715,-0.026524892076849937,0.19282686710357666,0.3141142725944519,-0.028597913682460785,0.19200189411640167,0.27646350860595703,-0.02658587321639061
Y,0.18541884422302246,0.567257285118103,-2.941709738024656e-07,0.221618190407753,0.5566032528877258,-0.021586252376437187,0.2584652602672577,0.5135732293128967,-0.03038952499628067,0.284209668636322,0.46718594431877136,-0.03769668936729431,0.30630192160606384,0.43592357635498047,-0.0415101982653141,0.2426503449678421,0.43122348189353943,-0.01953067071735859,0.2306874394416809,0.39408689737319946,-0.03852048143744469,0.21750697493553162,0.4415031969547272,-0.04520576074719429,0.21413376927375793,0.47852951288223267,-0.04478522762656212,0.21723218262195587,0.41673848032951355,-0.014479256235063076,0.2061883807182312,0.3928670883178711,-0.03951120004057884,0.19778630137443542,0.4510665833950043,-0.04478655755519867,0.1970571130514145,0.48956236243247986,-0.04194899648427963,0.1942029446363449,0.4111858904361725,-0.012520616874098778,0.18513686954975128,0.37658947706222534,-0.035752054303884506,0.18071196973323822,0.4281977415084839,-0.03559188172221184,0.18213126063346863,0.4692556858062744,-0.027972539886832237,0.17300429940223694,0.41094833612442017,-0.01221499778330326,0.17138652503490448,0.35383743047714233,-0.02490895614027977,0.16694876551628113,0.31669190526008606,-0.027791474014520645,0.1644151359796524,0.2831796407699585,-0.025849124416708946
Y,0.17941929399967194,0.5689566731452942,-2.828927847531304e-07,0.21560458838939667,0.5519527196884155,-0.019655471667647362,0.2503575086593628,0.5034699440002441,-0.027148166671395302,0.2732778787612915,0.45309340953826904,-0.03333794325590134,0.2931928038597107,0.4176619350910187,-0.03687204793095589,0.23211629688739777,0.43065688014030457,-0.016275988891720772,0.21944782137870789,0.3957631289958954,-0.032965272665023804,0.2057996243238449,0.43991050124168396,-0.03965176269412041,0.20115306973457336,0.47732868790626526,-0.03989102691411972,0.2078183889389038,0.41877102851867676,-0.011463670991361141,0.1966211050748825,0.3945518732070923,-0.03484183922410011,0.1875169277191162,0.4511617422103882,-0.041174039244651794,0.1848970502614975,0.49369901418685913,-0.03928742930293083,0.18584567308425903,0.41456422209739685,-0.009415523149073124,0.17596973478794098,0.3778395354747772,-0.0309172160923481,0.17090466618537903,0.42539316415786743,-0.03245590999722481,0.17130663990974426,0.4671369194984436,-0.026440707966685295,0.1662009060382843,0.4160047471523285,-0.008755775168538094,0.1623278260231018,0.36201179027557373,-0.020712433382868767,0.15615978837013245,0.32941776514053345,-0.024199968203902245,0.1518612802028656,0.3005843162536621,-0.02303403615951538
Y,0.17467541992664337,0.5608747005462646,-2.729533150613861e-07,0.2100050002336502,0.5415079593658447,-0.01985572651028633,0.2428152859210968,0.48906275629997253,-0.02713817171752453,0.2637659013271332,0.43703535199165344,-0.03309417888522148,0.2840646207332611,0.4036563038825989,-0.03647419437766075,0.22258704900741577,0.4199187457561493,-0.015524107031524181,0.20851175487041473,0.38794660568237305,-0.0316835418343544,0.19579987227916718,0.4322383999824524,-0.03823243826627731,0.19178061187267303,0.4689863622188568,-0.03856717795133591,0.19861307740211487,0.41092202067375183,-0.01041903905570507,0.18685738742351532,0.38815250992774963,-0.03290222957730293,0.17885905504226685,0.4436916708946228,-0.03922612965106964,0.17718306183815002,0.48549720644950867,-0.03761117905378342,0.1774393916130066,0.40914708375930786,-0.00807733740657568,0.16710537672042847,0.37306463718414307,-0.02880418300628662,0.16277939081192017,0.4194290041923523,-0.030218500643968582,0.16380658745765686,0.460737407207489,-0.02438325621187687,0.1583479344844818,0.4127512574195862,-0.0071955095045268536,0.1533040553331375,0.36103975772857666,-0.018620099872350693,0.1464100480079651,0.3294430077075958,-0.021900871768593788,0.14176045358181,0.3017784357070923,-0.020695885643363
Y,0.16054970026016235,0.5519947409629822,-2.534786176511261e-07,0.1921319216489792,0.534271240234375,-0.022584814578294754,0.22307664155960083,0.48910796642303467,-0.030819673091173172,0.24327822029590607,0.4402148723602295,-0.03703565523028374,0.26317691802978516,0.4069073796272278,-0.04000063240528107,0.20898260176181793,0.41809651255607605,-0.014240369200706482,0.1909121572971344,0.3897939622402191,-0.031441863626241684,0.17737238109111786,0.433671236038208,-0.0380922369658947,0.1740984469652176,0.468696653842926,-0.03776678070425987,0.187685027718544,0.40859535336494446,-0.00751908915117383,0.17131668329238892,0.38831204175949097,-0.030936473980545998,0.1624656766653061,0.4440184533596039,-0.037056222558021545,0.1616726964712143,0.4813188910484314,-0.03448449447751045,0.16815295815467834,0.40618717670440674,-0.004179141018539667,0.1551283448934555,0.376382976770401,-0.026759382337331772,0.14964565634727478,0.4234068989753723,-0.02820519544184208,0.15093374252319336,0.4615529477596283,-0.02123059518635273,0.14979228377342224,0.40852293372154236,-0.0024440751876682043,0.14551961421966553,0.35913318395614624,-0.01475711539387703,0.13881365954875946,0.3285391926765442,-0.017885226756334305,0.13430850207805634,0.30089712142944336,-0.01569122076034546
Y,0.18119582533836365,0.5742218494415283,-2.8265480978006963e-07,0.21714816987514496,0.5519678592681885,-0.017978472635149956,0.248574361205101,0.49640876054763794,-0.024350663647055626,0.26826685667037964,0.4444076418876648,-0.02983723022043705,0.2876370847225189,0.41130179166793823,-0.03261425346136093,0.2255503535270691,0.4315180778503418,-0.014274053275585175,0.21643130481243134,0.3990679383277893,-0.030747774988412857,0.20646445453166962,0.44478535652160645,-0.037351254373788834,0.20316921174526215,0.4830172061920166,-0.03771398961544037,0.20017829537391663,0.4242553114891052,-0.010475363582372665,0.19155128300189972,0.3992733359336853,-0.033223479986190796,0.185775488615036,0.45484837889671326,-0.03938474878668785,0.18523009121418,0.4964728057384491,-0.03773113712668419,0.1778632402420044,0.42409637570381165,-0.00950284767895937,0.16886869072914124,0.3861061930656433,-0.030714092776179314,0.1670033484697342,0.43284744024276733,-0.03224508464336395,0.16967612504959106,0.4738394021987915,-0.026493478566408157,0.15805618464946747,0.42923080921173096,-0.009857123717665672,0.1530194878578186,0.37472468614578247,-0.0219403263181448,0.14610734581947327,0.34053584933280945,-0.025906378403306007,0.14110970497131348,0.3100532293319702,-0.02539200708270073
Y,0.20422683656215668,0.5862390995025635,-2.773148253254476e-07,0.23992426693439484,0.5521440505981445,-0.009533104486763477,0.26607102155685425,0.4906686246395111,-0.012929524295032024,0.28195929527282715,0.4376586675643921,-0.017366599291563034,0.29609063267707825,0.4013545513153076,-0.02006141096353531,0.23635320365428925,0.44301289319992065,-0.006058223079890013,0.24089686572551727,0.4048113226890564,-0.020565571263432503,0.23541997373104095,0.444607138633728,-0.02813015691936016,0.23156103491783142,0.482158362865448,-0.02938469499349594,0.21200421452522278,0.44174984097480774,-0.006361010018736124,0.217081218957901,0.41328728199005127,-0.02490895986557007,0.21538661420345306,0.46302539110183716,-0.03171743452548981,0.21382857859134674,0.5039608478546143,-0.03178510442376137,0.18869848549365997,0.4437379837036133,-0.008716773241758347,0.1892343908548355,0.4041694700717926,-0.0250049140304327,0.19332759082317352,0.4514425992965698,-0.025571361184120178,0.19677621126174927,0.4929623305797577,-0.020864369347691536,0.1667221635580063,0.44966620206832886,-0.011874061077833176,0.1566002070903778,0.3951733708381653,-0.019631532952189445,0.15085846185684204,0.3603626489639282,-0.020863529294729233,0.14686258137226105,0.32561755180358887,-0.019714074209332466
Y,0.2156418114900589,0.5940768718719482,-2.849960765161086e-07,0.24923300743103027,0.55976802110672,-0.01077174674719572,0.271681547164917,0.49913710355758667,-0.014284037984907627,0.2847581207752228,0.4475031793117523,-0.018345646560192108,0.2962149381637573,0.40883082151412964,-0.020256418734788895,0.24467603862285614,0.44400233030319214,-0.006161489523947239,0.2523269057273865,0.41263094544410706,-0.019906122237443924,0.24867874383926392,0.45757654309272766,-0.025718949735164642,0.2447500377893448,0.49643486738204956,-0.02544788457453251,0.2228710800409317,0.442915678024292,-0.0059143719263374805,0.2316262274980545,0.4200856387615204,-0.02425198256969452,0.23064552247524261,0.4749821126461029,-0.02980200946331024,0.22809113562107086,0.5173776745796204,-0.028374942019581795,0.2002914696931839,0.4466424584388733,-0.007932323031127453,0.20544670522212982,0.4142252802848816,-0.02487759478390217,0.21159100532531738,0.4641020894050598,-0.025189107283949852,0.21494603157043457,0.5057729482650757,-0.019670313224196434,0.17801135778427124,0.45544055104255676,-0.010715488344430923,0.167148619890213,0.40049970149993896,-0.018332509323954582,0.1636929214000702,0.36576318740844727,-0.019103076308965683,0.16258199512958527,0.3320974111557007,-0.01734297350049019
Y,0.2212088704109192,0.5907014608383179,-3.065737246288336e-07,0.25218552350997925,0.556625485420227,-0.004344014450907707,0.26746267080307007,0.4885404706001282,-0.0036683978978544474,0.27546486258506775,0.4382878541946411,-0.004809685051441193,0.2849706709384918,0.40343040227890015,-0.003938069101423025,0.2443775087594986,0.43938353657722473,0.0016491402639076114,0.2569354474544525,0.41241177916526794,-0.008619796484708786,0.2548915147781372,0.4617156982421875,-0.011050633154809475,0.2509537637233734,0.49736514687538147,-0.008805240504443645,0.22599346935749054,0.44031137228012085,-0.0004844178620260209,0.23965342342853546,0.4210515320301056,-0.016056815162301064,0.24054668843746185,0.47937247157096863,-0.01884816400706768,0.23786187171936035,0.5173529386520386,-0.01521104946732521,0.20644573867321014,0.44641348719596863,-0.004596267361193895,0.21830904483795166,0.41979068517684937,-0.020296985283493996,0.22535333037376404,0.4739723205566406,-0.019168635830283165,0.22666916251182556,0.5135266780853271,-0.012215214781463146,0.1861875057220459,0.45563119649887085,-0.008831112645566463,0.1777658611536026,0.4020977020263672,-0.01596776954829693,0.1770128607749939,0.36989644169807434,-0.01596122793853283,0.1784384846687317,0.3378699719905853,-0.013292563147842884
Y,0.2231387346982956,0.5919016599655151,-3.207404688509996e-07,0.2548366189002991,0.5583246946334839,-0.0033267356920987368,0.2699598968029022,0.4873856008052826,-0.0019152871100232005,0.2769218385219574,0.4370000958442688,-0.0026683255564421415,0.285180926322937,0.40265288949012756,-0.0014687604270875454,0.24682673811912537,0.4398946762084961,0.00251584779471159,0.26099199056625366,0.41577258706092834,-0.008113522082567215,0.2592197060585022,0.4651772677898407,-0.010944710113108158,0.2551376521587372,0.4996294379234314,-0.008991338312625885,0.22894537448883057,0.44216760993003845,-0.00019631026952993125,0.24480605125427246,0.42409223318099976,-0.016487445682287216,0.24507975578308105,0.48272237181663513,-0.019745372235774994,0.24139641225337982,0.520354688167572,-0.016157755628228188,0.21075743436813354,0.44953402876853943,-0.004831833299249411,0.22494417428970337,0.42533057928085327,-0.021371865645051003,0.23085437715053558,0.48010891675949097,-0.02046428993344307,0.23068229854106903,0.5195708274841309,-0.013216261751949787,0.19229567050933838,0.45939794182777405,-0.0095034996047616,0.18705926835536957,0.4047375023365021,-0.017778677865862846,0.186131551861763,0.3709666430950165,-0.01842154562473297,0.18641558289527893,0.3381468951702118,-0.015856949612498283
Y,0.22732758522033691,0.5957829356193542,-2.931755318513751e-07,0.2562721073627472,0.5608776211738586,-0.004101158119738102,0.2692512571811676,0.4899046719074249,-0.0035711158998310566,0.27402088046073914,0.44014155864715576,-0.005122323986142874,0.27802541851997375,0.4055157005786896,-0.00449363375082612,0.24747410416603088,0.44216328859329224,0.0024554510600864887,0.2608552873134613,0.4152320623397827,-0.010799827054142952,0.26239320635795593,0.46374136209487915,-0.01565694436430931,0.2603539526462555,0.5016226172447205,-0.014171689748764038,0.2316470593214035,0.4467998147010803,-0.0005037628579884768,0.24921539425849915,0.42277246713638306,-0.018479468300938606,0.2524515986442566,0.48001062870025635,-0.022678587585687637,0.25015750527381897,0.5191988348960876,-0.01916058547794819,0.21545952558517456,0.455312043428421,-0.005775853060185909,0.23273640871047974,0.43069809675216675,-0.023648489266633987,0.23979705572128296,0.4828279912471771,-0.023640282452106476,0.23944032192230225,0.520429790019989,-0.016342557966709137,0.19862401485443115,0.4660695195198059,-0.011149359866976738,0.19613116979599,0.40897902846336365,-0.019515197724103928,0.19659602642059326,0.37314748764038086,-0.019904037937521935,0.19761502742767334,0.3401767313480377,-0.01692228950560093
Y,0.21211454272270203,0.5936711430549622,-2.7509790356816666e-07,0.24695150554180145,0.570716917514801,-0.01161718275398016,0.2762124240398407,0.5199460387229919,-0.016093486919999123,0.2950669229030609,0.47305458784103394,-0.021081186830997467,0.30931174755096436,0.43892186880111694,-0.023802677169442177,0.24997371435165405,0.4554418623447418,-0.007491364609450102,0.25823450088500977,0.4212135672569275,-0.021549727767705917,0.25198429822921753,0.4617023766040802,-0.02748698927462101,0.24593886733055115,0.49687305092811584,-0.02750397101044655,0.22900709509849548,0.44907647371292114,-0.007024312857538462,0.23727521300315857,0.4247104525566101,-0.026164822280406952,0.23323510587215424,0.47818461060523987,-0.03183504194021225,0.22893735766410828,0.5167956948280334,-0.030465785413980484,0.2076558619737625,0.44728967547416687,-0.008785801939666271,0.2135564535856247,0.41388028860092163,-0.02678845264017582,0.21457062661647797,0.4654289782047272,-0.026281630620360374,0.21368113160133362,0.5058156251907349,-0.019963495433330536,0.18630367517471313,0.449965238571167,-0.011423670686781406,0.18031594157218933,0.3920261561870575,-0.02080637961626053,0.17891809344291687,0.35544055700302124,-0.021807221695780754,0.17906661331653595,0.31903380155563354,-0.019771017134189606
Y,0.19515296816825867,0.6103388667106628,-2.9905450560363533e-07,0.2303508073091507,0.5967176556587219,-0.020184556022286415,0.2653893530368805,0.5544848442077637,-0.028582589700818062,0.28960949182510376,0.5103463530540466,-0.03588804602622986,0.31143179535865784,0.4801843762397766,-0.04009873420000076,0.2484017014503479,0.4714178740978241,-0.016333093866705894,0.23834088444709778,0.4432165324687958,-0.034893110394477844,0.22546836733818054,0.4888751804828644,-0.042919378727674484,0.2202472984790802,0.5261088013648987,-0.043456513434648514,0.22372281551361084,0.45793360471725464,-0.012109632603824139,0.2141207605600357,0.4426593482494354,-0.03572598472237587,0.2059573084115982,0.49938079714775085,-0.04228593409061432,0.20373456180095673,0.5385509729385376,-0.04063297063112259,0.20109032094478607,0.4540916681289673,-0.010882258415222168,0.1932210475206375,0.4260524809360504,-0.03349975496530533,0.18963953852653503,0.4775006175041199,-0.03471054881811142,0.1911185383796692,0.519086480140686,-0.02802334353327751,0.18009261786937714,0.4554922878742218,-0.01115334965288639,0.17923179268836975,0.40083587169647217,-0.02358822524547577,0.1749412715435028,0.3652825951576233,-0.026372753083705902,0.17234636843204498,0.33248406648635864,-0.024304112419486046
Y,0.19476553797721863,0.6176424622535706,-2.534563634526421e-07,0.23110687732696533,0.6054134368896484,-0.020385637879371643,0.2679043114185333,0.5680726170539856,-0.02841288223862648,0.2945084273815155,0.5259035229682922,-0.035662535578012466,0.3091975748538971,0.4872712790966034,-0.03947058692574501,0.24922330677509308,0.4850887656211853,-0.01456548273563385,0.23859167098999023,0.4466332793235779,-0.0336875282227993,0.22692401707172394,0.49327749013900757,-0.04105536267161369,0.2243272364139557,0.5290213227272034,-0.04082715883851051,0.22526809573173523,0.4710537791252136,-0.01030491292476654,0.21586425602436066,0.4437558948993683,-0.03557034209370613,0.2080087959766388,0.5027165412902832,-0.04143744334578514,0.20750680565834045,0.5406581163406372,-0.038501281291246414,0.20306755602359772,0.4646695554256439,-0.009444129653275013,0.1952037215232849,0.42380866408348083,-0.032838620245456696,0.19063782691955566,0.47509902715682983,-0.03281198441982269,0.1921689808368683,0.5154344439506531,-0.024857446551322937,0.18277287483215332,0.4629422426223755,-0.010265711694955826,0.18427124619483948,0.4070112705230713,-0.02280118130147457,0.18176639080047607,0.37148746848106384,-0.025522882118821144,0.18084295094013214,0.3393973708152771,-0.02326587401330471
Y,0.19607995450496674,0.5746403932571411,-2.3338536436767754e-07,0.23311151564121246,0.560483455657959,-0.01802714727818966,0.2708876430988312,0.5220885276794434,-0.02528209798038006,0.29956233501434326,0.48194897174835205,-0.03259976953268051,0.31721100211143494,0.4468323290348053,-0.037116970866918564,0.24707642197608948,0.43879640102386475,-0.010172412730753422,0.24140870571136475,0.400273859500885,-0.02995108813047409,0.23236539959907532,0.44670382142066956,-0.03900637477636337,0.2294061779975891,0.48680561780929565,-0.0392865426838398,0.22364819049835205,0.4282146096229553,-0.0070931026712059975,0.21849659085273743,0.4026849865913391,-0.03159419447183609,0.21156436204910278,0.46107253432273865,-0.0386975072324276,0.20961695909500122,0.5022811889648438,-0.03636182099580765,0.20137919485569,0.42497122287750244,-0.007453467696905136,0.19560986757278442,0.3936656713485718,-0.02993185445666313,0.1924465149641037,0.4460294246673584,-0.030561745166778564,0.19408567249774933,0.4869201183319092,-0.0227710772305727,0.1804405152797699,0.42493966221809387,-0.009301080368459225,0.18270355463027954,0.37051647901535034,-0.0197882242500782,0.182864248752594,0.33512622117996216,-0.02104516699910164,0.18447735905647278,0.3027353882789612,-0.017818326130509377
Y,0.19045737385749817,0.4947580099105835,-2.6994956670023385e-07,0.23791202902793884,0.4644225239753723,-0.02093639224767685,0.28346526622772217,0.40357235074043274,-0.027927188202738762,0.31453943252563477,0.34465354681015015,-0.035449396818876266,0.33284756541252136,0.29630425572395325,-0.039848439395427704,0.24575400352478027,0.3158190846443176,-0.007288072723895311,0.2428649514913559,0.26457086205482483,-0.03159219026565552,0.232809379696846,0.3187665641307831,-0.04338595271110535,0.22828079760074615,0.3702819347381592,-0.043585870414972305,0.21604888141155243,0.30721408128738403,-0.003659261856228113,0.21364614367485046,0.2721143066883087,-0.033879201859235764,0.20464807748794556,0.34251996874809265,-0.04365390166640282,0.20114217698574066,0.396151065826416,-0.040560778230428696,0.18762686848640442,0.3061181604862213,-0.004497923888266087,0.18216006457805634,0.2667199671268463,-0.032124120742082596,0.17834968864917755,0.3313375413417816,-0.03377917408943176,0.18082383275032043,0.38362208008766174,-0.023844897747039795,0.16017666459083557,0.30818915367126465,-0.007064604200422764,0.16402921080589294,0.23830990493297577,-0.01898808218538761,0.16368478536605835,0.19469906389713287,-0.01983092911541462,0.16480916738510132,0.15645481646060944,-0.014941126108169556
Y,0.20415379106998444,0.6306130886077881,-4.5794851644131995e-07,0.26016777753829956,0.5779794454574585,-0.02596167102456093,0.3099854290485382,0.47530597448349,-0.03530703857541084,0.3423042297363281,0.39198511838912964,-0.04520262032747269,0.3659641742706299,0.32896944880485535,-0.050392769277095795,0.2524530589580536,0.36950352787971497,-0.014893521554768085,0.2542238235473633,0.31724679470062256,-0.04701822251081467,0.24690063297748566,0.3984229564666748,-0.061392031610012054,0.24322305619716644,0.46734949946403503,-0.061386529356241226,0.21177734434604645,0.3700086176395416,-0.01203201524913311,0.212598517537117,0.3389555513858795,-0.05322975292801857,0.21232011914253235,0.4357280433177948,-0.06453470885753632,0.21330033242702484,0.5080215930938721,-0.05954199284315109,0.17506958544254303,0.38005563616752625,-0.014630462974309921,0.17113223671913147,0.3376714885234833,-0.05237577110528946,0.17841798067092896,0.4267134964466095,-0.052708592265844345,0.18677949905395508,0.4975665211677551,-0.038370802998542786,0.14071646332740784,0.39339467883110046,-0.019397849217057228,0.13582536578178406,0.29743337631225586,-0.038281962275505066,0.1331891119480133,0.23330208659172058,-0.04095036908984184,0.1326102614402771,0.17351481318473816,-0.03545759618282318
Y,0.26702937483787537,0.6781056523323059,-4.5956196004226513e-07,0.32439282536506653,0.6207304000854492,-0.019873550161719322,0.36486685276031494,0.5091400146484375,-0.024056995287537575,0.38415810465812683,0.42569074034690857,-0.0292525477707386,0.4035037159919739,0.36783474683761597,-0.030510587617754936,0.31238821148872375,0.42826446890830994,-0.011469095945358276,0.32595789432525635,0.3761213719844818,-0.03756076842546463,0.32175716757774353,0.4507231116294861,-0.046204086393117905,0.3159885108470917,0.5172240734100342,-0.04302878677845001,0.2739284038543701,0.4266206622123718,-0.009876656346023083,0.28862684965133667,0.3912784457206726,-0.04617048427462578,0.28749987483024597,0.4874672591686249,-0.053758516907691956,0.28531354665756226,0.5625080466270447,-0.04696112498641014,0.23665766417980194,0.43334880471229553,-0.013043155893683434,0.24855618178844452,0.39133673906326294,-0.048053838312625885,0.2569265365600586,0.48198553919792175,-0.04822907596826553,0.26179444789886475,0.5543924570083618,-0.03447117656469345,0.2005932629108429,0.44667166471481323,-0.0174846388399601,0.19647516310214996,0.3410355746746063,-0.034797437489032745,0.1962089240550995,0.27670052647590637,-0.03711222857236862,0.19852103292942047,0.21882900595664978,-0.03222227469086647
Y,0.2865292429924011,0.6788291931152344,-4.983373855793616e-07,0.3345702588558197,0.6112969517707825,-0.010778495110571384,0.35715898871421814,0.4962935745716095,-0.010608423501253128,0.3629376292228699,0.41584330797195435,-0.012965846806764603,0.36975789070129395,0.3610115647315979,-0.011637622490525246,0.3125174939632416,0.42966535687446594,-0.001412888872437179,0.3310868740081787,0.391416072845459,-0.024031639099121094,0.33215561509132385,0.4725501537322998,-0.031198864802718163,0.32919472455978394,0.5329103469848633,-0.02857859805226326,0.2796177268028259,0.43561819195747375,-0.0033316914923489094,0.3023718595504761,0.4131549298763275,-0.03420260176062584,0.30526530742645264,0.5104660987854004,-0.038541439920663834,0.30472633242607117,0.5736433863639832,-0.0312127023935318,0.24853111803531647,0.45198360085487366,-0.009584726765751839,0.2680269181728363,0.42200905084609985,-0.04146447405219078,0.2792080044746399,0.511849045753479,-0.03913796320557594,0.28469306230545044,0.577572226524353,-0.025191616266965866,0.21805353462696075,0.4739095866680145,-0.016463683918118477,0.21016785502433777,0.38357892632484436,-0.03440123051404953,0.2074464112520218,0.3263648450374603,-0.03686169162392616,0.20941799879074097,0.2712957262992859,-0.032390668988227844
Y,0.3039308190345764,0.6707234382629395,-5.386269208429439e-07,0.34778714179992676,0.594545304775238,-0.002574228448793292,0.35536593198776245,0.4769490361213684,-0.0008267317898571491,0.3560175597667694,0.39743077754974365,-0.002864439506083727,0.3534153699874878,0.3397864103317261,-0.002108174143359065,0.3103184103965759,0.4195346534252167,-0.0031413587275892496,0.34654706716537476,0.3878822326660156,-0.02196606807410717,0.35326075553894043,0.46702438592910767,-0.025316109880805016,0.34845566749572754,0.5141387581825256,-0.022473979741334915,0.28612586855888367,0.4366442561149597,-0.010685969144105911,0.33270591497421265,0.41311123967170715,-0.04018447548151016,0.3389318287372589,0.5043114423751831,-0.043935757130384445,0.33175548911094666,0.5596650242805481,-0.0377342589199543,0.26551851630210876,0.46308785676956177,-0.02063477225601673,0.30785804986953735,0.43066662549972534,-0.05140040069818497,0.31876012682914734,0.5152637362480164,-0.04759698733687401,0.3157487213611603,0.5726423263549805,-0.03398574888706207,0.2460533231496811,0.492801696062088,-0.030438032001256943,0.2420615553855896,0.4007957875728607,-0.050059545785188675,0.24481236934661865,0.335605263710022,-0.052603110671043396,0.2496887892484665,0.27526742219924927,-0.0487215593457222
Y,0.3010694682598114,0.6820394396781921,-5.500845645656227e-07,0.3460799753665924,0.6087764501571655,-0.0019736832473427057,0.3527975082397461,0.48688939213752747,0.0005668633384630084,0.3511505424976349,0.4040014147758484,-0.00045371585292741656,0.3404671847820282,0.3509265184402466,0.001038677291944623,0.30942946672439575,0.42978137731552124,-0.004228129982948303,0.3494517505168915,0.3940102159976959,-0.023823760449886322,0.35618191957473755,0.4758879840373993,-0.02820453979074955,0.35042139887809753,0.5275761485099792,-0.026095539331436157,0.2855932414531708,0.44657114148139954,-0.011387425474822521,0.3355182707309723,0.4193750321865082,-0.04028676077723503,0.34248337149620056,0.512637197971344,-0.04323771223425865,0.33643320202827454,0.5703490376472473,-0.03693957254290581,0.26632511615753174,0.47513923048973083,-0.020947299897670746,0.3128693401813507,0.4411517083644867,-0.05078498646616936,0.3237428069114685,0.5272574424743652,-0.04623471572995186,0.3201967477798462,0.5864495038986206,-0.032768674194812775,0.24951720237731934,0.5069617033004761,-0.030351726338267326,0.24931442737579346,0.4160839915275574,-0.05023541674017906,0.2534416913986206,0.35049885511398315,-0.053735483437776566,0.2589845657348633,0.2888532280921936,-0.05097102373838425
Y,0.24184000492095947,0.6417843103408813,-3.710353269070765e-07,0.29162922501564026,0.5990091562271118,-0.018523089587688446,0.33145958185195923,0.5095527172088623,-0.02335161529481411,0.3536418676376343,0.4370173215866089,-0.02904951572418213,0.37044647336006165,0.38342034816741943,-0.030930936336517334,0.28530895709991455,0.42916691303253174,-0.009678089059889317,0.29282188415527344,0.381073534488678,-0.03329308331012726,0.2876914143562317,0.44362878799438477,-0.041914090514183044,0.28253373503685,0.49746009707450867,-0.04029082506895065,0.25220564007759094,0.42547765374183655,-0.008369363844394684,0.2580866813659668,0.396334707736969,-0.0399993397295475,0.2573091983795166,0.47586098313331604,-0.04731779545545578,0.25670936703681946,0.5331023335456848,-0.042528219521045685,0.2208828628063202,0.43111222982406616,-0.011408882215619087,0.22254911065101624,0.39636605978012085,-0.042216043919324875,0.22812813520431519,0.473045289516449,-0.042029451578855515,0.23290736973285675,0.5316015481948853,-0.03029422089457512,0.1900831162929535,0.4413825273513794,-0.01585223712027073,0.1873863935470581,0.3545973300933838,-0.03279086947441101,0.18693214654922485,0.2983013689517975,-0.03586038202047348,0.1882367730140686,0.24495729804039001,-0.032255444675683975
Y,0.19622288644313812,0.632266640663147,-3.428113188874704e-07,0.24063514173030853,0.6016911268234253,-0.027652375400066376,0.28383317589759827,0.5262497663497925,-0.03695851191878319,0.3098560571670532,0.45464903116226196,-0.04480049014091492,0.3288693130016327,0.40020763874053955,-0.048614732921123505,0.2486312985420227,0.43688446283340454,-0.018739767372608185,0.23271575570106506,0.3968562185764313,-0.044349588453769684,0.22166115045547485,0.46063199639320374,-0.05374618247151375,0.2191443294286728,0.5112413167953491,-0.05210132896900177,0.2171117216348648,0.4304530620574951,-0.011668835766613483,0.20402312278747559,0.4068526327610016,-0.04476868361234665,0.19807492196559906,0.48538273572921753,-0.052010588347911835,0.19789710640907288,0.5383266806602478,-0.046780064702034,0.18842454254627228,0.43314483761787415,-0.009218603372573853,0.173751562833786,0.3955036997795105,-0.040695738047361374,0.1732470989227295,0.468502402305603,-0.04070232808589935,0.17915603518486023,0.5239378213882446,-0.02872198261320591,0.1608557403087616,0.4394957423210144,-0.008825372904539108,0.15966132283210754,0.3657413423061371,-0.02475755475461483,0.15659219026565552,0.3194396495819092,-0.02741452492773533,0.15553271770477295,0.2768917679786682,-0.02298481948673725
Y,0.1833924651145935,0.6323723793029785,-3.284607998921274e-07,0.22453561425209045,0.5994751453399658,-0.02748265489935875,0.26577481627464294,0.5208113789558411,-0.0362272672355175,0.2886854112148285,0.4471854269504547,-0.04305175691843033,0.3043954372406006,0.39204350113868713,-0.04561736062169075,0.2291272133588791,0.43778759241104126,-0.018258292227983475,0.21149443089962006,0.39986181259155273,-0.04268234595656395,0.2022833228111267,0.4640415906906128,-0.050970856100320816,0.20164547860622406,0.5134979486465454,-0.04868503287434578,0.19861522316932678,0.4338776469230652,-0.010596642270684242,0.18334728479385376,0.4095557928085327,-0.04287700355052948,0.17928403615951538,0.48707982897758484,-0.04968894645571709,0.18033409118652344,0.5388640761375427,-0.04417164623737335,0.171412393450737,0.437306672334671,-0.007417203858494759,0.1549757719039917,0.3994452655315399,-0.03809233382344246,0.15510809421539307,0.4702709913253784,-0.03829574957489967,0.1613474190235138,0.5232877731323242,-0.02666429616510868,0.1454581916332245,0.44397783279418945,-0.006153433118015528,0.14307154715061188,0.37408217787742615,-0.02121984027326107,0.13980074226856232,0.3312684893608093,-0.023701272904872894,0.13855649530887604,0.2907813787460327,-0.019306940957903862
Y,0.18933236598968506,0.6543923616409302,-3.5173835044588486e-07,0.23171478509902954,0.6167542934417725,-0.026569372043013573,0.27064192295074463,0.5326469540596008,-0.03460757061839104,0.2908743619918823,0.45648208260536194,-0.04096849262714386,0.30573344230651855,0.40084707736968994,-0.0428834967315197,0.23060263693332672,0.45091235637664795,-0.018220415338873863,0.2194126844406128,0.4130842387676239,-0.04341352358460426,0.21326811611652374,0.48072904348373413,-0.05217105522751808,0.21243008971214294,0.5331628918647766,-0.050033096224069595,0.1985165923833847,0.4482797384262085,-0.011441290378570557,0.187156543135643,0.4281451106071472,-0.0439402312040329,0.18623217940330505,0.505211353302002,-0.050863221287727356,0.18878227472305298,0.5564578175544739,-0.04552489146590233,0.17040278017520905,0.45377928018569946,-0.00928161945194006,0.1565828025341034,0.4214067757129669,-0.04047219082713127,0.16040673851966858,0.49097687005996704,-0.04100732132792473,0.16899344325065613,0.5432514548301697,-0.029606543481349945,0.14400646090507507,0.4628198742866516,-0.00901395920664072,0.14034482836723328,0.3902819752693176,-0.02543572708964348,0.13671651482582092,0.34431231021881104,-0.028802338987588882,0.1354399472475052,0.30142146348953247,-0.02492465265095234
Y,0.20991601049900055,0.65813809633255,-3.4283894478903676e-07,0.2533658742904663,0.6072311997413635,-0.016114385798573494,0.28356847167015076,0.5139167308807373,-0.0191537756472826,0.298248827457428,0.44174015522003174,-0.02302480675280094,0.3094002604484558,0.38840365409851074,-0.02366000786423683,0.23962384462356567,0.4562772810459137,-0.007646519225090742,0.2427476942539215,0.4091271460056305,-0.027749715372920036,0.24137566983699799,0.46854519844055176,-0.03463677316904068,0.23981744050979614,0.5194855332374573,-0.03244417905807495,0.20981943607330322,0.4597550332546234,-0.006185740698128939,0.2146436870098114,0.4318046271800995,-0.03441441059112549,0.216746985912323,0.5046160221099854,-0.04109451547265053,0.21779707074165344,0.5591282248497009,-0.036516375839710236,0.18169988691806793,0.46923401951789856,-0.008579745888710022,0.1832302361726761,0.43537023663520813,-0.035625435411930084,0.19097545742988586,0.5044712424278259,-0.035810280591249466,0.19731584191322327,0.5589284896850586,-0.025269700214266777,0.154073566198349,0.48190009593963623,-0.012155258096754551,0.14845967292785645,0.4023817181587219,-0.02625911496579647,0.146529421210289,0.35031259059906006,-0.028949309140443802,0.14652997255325317,0.30227965116500854,-0.025680555030703545
Y,0.22249750792980194,0.6550291776657104,-3.8396140666918654e-07,0.2647619843482971,0.6067880988121033,-0.01393197849392891,0.2910657227039337,0.5113926529884338,-0.015035533346235752,0.3028675615787506,0.4424034357070923,-0.017330367118120193,0.3146534264087677,0.39151135087013245,-0.01640480011701584,0.25283363461494446,0.447529137134552,-0.0033852115739136934,0.26558297872543335,0.412625253200531,-0.022310372442007065,0.26447317004203796,0.4779644012451172,-0.027774732559919357,0.2596655786037445,0.529487133026123,-0.024529164656996727,0.2259078174829483,0.4503260552883148,-0.002870668424293399,0.23929913341999054,0.42691290378570557,-0.030336394906044006,0.24041341245174408,0.5070882439613342,-0.03593900799751282,0.2376774400472641,0.5637548565864563,-0.030052270740270615,0.19913016259670258,0.4610801935195923,-0.006289400160312653,0.2099800407886505,0.43427571654319763,-0.033810846507549286,0.2175682783126831,0.5081552267074585,-0.033797573298215866,0.21991540491580963,0.563407301902771,-0.022523775696754456,0.17245398461818695,0.47574520111083984,-0.010549102909862995,0.16826581954956055,0.39512139558792114,-0.025078125298023224,0.16967156529426575,0.3447212278842926,-0.02732822485268116,0.17299304902553558,0.2981688976287842,-0.023344499990344048
Y,0.24446435272693634,0.671298086643219,-4.0743825024947e-07,0.28622347116470337,0.6192107200622559,-0.008290970697999,0.30677828192710876,0.5219880938529968,-0.0072522759437561035,0.3137815594673157,0.4545762836933136,-0.008733884431421757,0.3229197859764099,0.40682345628738403,-0.007261411752551794,0.27098318934440613,0.4651208519935608,0.0034076811280101538,0.28800809383392334,0.4311250150203705,-0.013582288287580013,0.287556916475296,0.49784043431282043,-0.019184552133083344,0.28321489691734314,0.5453176498413086,-0.016791708767414093,0.246331125497818,0.46927985548973083,0.0012824608711525798,0.26476943492889404,0.44249427318573,-0.023077279329299927,0.26617559790611267,0.5212286114692688,-0.028260935097932816,0.26322710514068604,0.5740437507629395,-0.022912370041012764,0.22217491269111633,0.48082906007766724,-0.0042981961742043495,0.23807156085968018,0.4520665109157562,-0.028695229440927505,0.2449537068605423,0.5262601971626282,-0.02738977037370205,0.24553796648979187,0.5799932479858398,-0.016064265742897987,0.19735126197338104,0.49516284465789795,-0.01037993747740984,0.1951022893190384,0.41660991311073303,-0.02218998596072197,0.19683575630187988,0.3671979308128357,-0.022396037355065346,0.1997881829738617,0.32189732789993286,-0.0174979530274868
Y,0.22454385459423065,0.6662280559539795,-3.349945245645358e-07,0.2661641836166382,0.6245524883270264,-0.015054303221404552,0.29512032866477966,0.5407937169075012,-0.017681902274489403,0.3093208074569702,0.4747665524482727,-0.020781831815838814,0.32217127084732056,0.4273838698863983,-0.020625535398721695,0.25741589069366455,0.4757540225982666,-0.007227723486721516,0.2650274634361267,0.43676283955574036,-0.024829551577568054,0.26368817687034607,0.4945489168167114,-0.029787879437208176,0.25997230410575867,0.5423027276992798,-0.026819132268428802,0.23067978024482727,0.47572511434555054,-0.005576233845204115,0.2392321527004242,0.45189523696899414,-0.030656559392809868,0.2397487908601761,0.5226501226425171,-0.035989150404930115,0.2374243289232254,0.5734602212905884,-0.031223561614751816,0.20455017685890198,0.48306804895401,-0.0073790778405964375,0.21086111664772034,0.4542233347892761,-0.03220317140221596,0.21675191819667816,0.5220063328742981,-0.03204389289021492,0.21917055547237396,0.5731646418571472,-0.022048668935894966,0.1785987913608551,0.49485188722610474,-0.010138438083231449,0.17572374641895294,0.42075586318969727,-0.02319144457578659,0.17604508996009827,0.3735748529434204,-0.02521197870373726,0.17746156454086304,0.33035653829574585,-0.021717986091971397
Y,0.203097403049469,0.6388858556747437,-3.027235777608439e-07,0.24135971069335938,0.6146299839019775,-0.021767960861325264,0.27897268533706665,0.5504087209701538,-0.028859015554189682,0.3002735376358032,0.48931819200515747,-0.034770529717206955,0.3180044889450073,0.44622766971588135,-0.03685879334807396,0.24894662201404572,0.4718075394630432,-0.015470467507839203,0.2414720058441162,0.436384379863739,-0.036450546234846115,0.2339882105588913,0.4925333559513092,-0.042886897921562195,0.23149347305297852,0.5352463126182556,-0.04037642106413841,0.22180910408496857,0.46549421548843384,-0.010474452748894691,0.21485832333564758,0.4455626606941223,-0.03762323781847954,0.21088433265686035,0.5118460655212402,-0.04279688373208046,0.21073845028877258,0.55384761095047,-0.037742678076028824,0.19763492047786713,0.4669421911239624,-0.00921995285898447,0.18899190425872803,0.43737703561782837,-0.035375941544771194,0.1894862800836563,0.4994485676288605,-0.034730132669210434,0.1941891610622406,0.5450935363769531,-0.024302354082465172,0.17413583397865295,0.47125473618507385,-0.009501480497419834,0.17453645169734955,0.4071952998638153,-0.02289181761443615,0.17329606413841248,0.36720147728919983,-0.024715181440114975,0.1738220751285553,0.3302326798439026,-0.020654231309890747
Y,0.18806573748588562,0.6327617764472961,-3.0061499955991167e-07,0.22432158887386322,0.608309805393219,-0.02437027171254158,0.2606315314769745,0.5431463122367859,-0.03191991150379181,0.2809240221977234,0.4798882305622101,-0.03748708590865135,0.2970438003540039,0.43461570143699646,-0.03920116648077965,0.2341194748878479,0.4673573076725006,-0.016549330204725266,0.21707704663276672,0.43443846702575684,-0.03699091449379921,0.20710094273090363,0.4892713725566864,-0.043044980615377426,0.20597510039806366,0.5306888818740845,-0.040440045297145844,0.20812609791755676,0.46043717861175537,-0.009589421562850475,0.19397702813148499,0.44251084327697754,-0.03722665458917618,0.18825861811637878,0.5106870532035828,-0.04237890616059303,0.18801471590995789,0.55396568775177,-0.037094712257385254,0.1849232316017151,0.46164530515670776,-0.006507460493594408,0.17015039920806885,0.43146711587905884,-0.03346867114305496,0.16869325935840607,0.494562566280365,-0.03345555439591408,0.17320017516613007,0.5404457449913025,-0.023135563358664513,0.1627340167760849,0.46692609786987305,-0.005076049827039242,0.16106709837913513,0.40610116720199585,-0.01880551129579544,0.15845990180969238,0.3697817325592041,-0.021110540255904198,0.15805518627166748,0.334688663482666,-0.017216399312019348
Y,0.1912916749715805,0.6356818079948425,-3.467963551884168e-07,0.2261795699596405,0.610261082649231,-0.02537495642900467,0.25694024562835693,0.5403909087181091,-0.03422296792268753,0.274748831987381,0.4755125045776367,-0.04070376977324486,0.2922246754169464,0.42904502153396606,-0.04351495951414108,0.2301851063966751,0.4479884207248688,-0.01989610679447651,0.20780637860298157,0.4503771662712097,-0.041802313178777695,0.20215056836605072,0.5096480846405029,-0.051231686025857925,0.20425856113433838,0.5535842776298523,-0.0510968379676342,0.2012706845998764,0.44034093618392944,-0.013076604343950748,0.183169424533844,0.462104469537735,-0.039701029658317566,0.18425105512142181,0.5297216176986694,-0.04612140357494354,0.18816262483596802,0.5728849768638611,-0.04278837889432907,0.1757756769657135,0.45048773288726807,-0.009913378395140171,0.15834391117095947,0.4539351463317871,-0.03677675127983093,0.16277243196964264,0.5153994560241699,-0.03721403330564499,0.17105309665203094,0.5589470267295837,-0.027789026498794556,0.15178433060646057,0.46818453073501587,-0.008496357128024101,0.1462048888206482,0.41372406482696533,-0.023585280403494835,0.14094039797782898,0.37669628858566284,-0.02562282606959343,0.13697057962417603,0.34162670373916626,-0.021221408620476723
Y,0.1917308270931244,0.6401563286781311,-3.617944344114221e-07,0.22857141494750977,0.6143063902854919,-0.025778841227293015,0.25557342171669006,0.5472784638404846,-0.035404741764068604,0.2695051431655884,0.48643890023231506,-0.04276350885629654,0.2913050055503845,0.4443483352661133,-0.046143583953380585,0.22015570104122162,0.4455253779888153,-0.01965140365064144,0.20603829622268677,0.48822253942489624,-0.04270019382238388,0.20443886518478394,0.5437361001968384,-0.05353408679366112,0.20954746007919312,0.5733233690261841,-0.055016860365867615,0.18916602432727814,0.4404287338256836,-0.01391026470810175,0.17956683039665222,0.5035898089408875,-0.037605952471494675,0.18573525547981262,0.5631041526794434,-0.042620595544576645,0.19512630999088287,0.5861366987228394,-0.04037036374211311,0.1637161672115326,0.459680438041687,-0.012120341882109642,0.1549959033727646,0.5044681429862976,-0.0400376059114933,0.16296705603599548,0.5614267587661743,-0.039711713790893555,0.172565296292305,0.5902085304260254,-0.030569592490792274,0.14089453220367432,0.48721739649772644,-0.012086816132068634,0.1306481957435608,0.4460355341434479,-0.029823195189237595,0.12137950211763382,0.4151972532272339,-0.030562089756131172,0.1141422763466835,0.38507336378097534,-0.024893678724765778
Y,0.19389523565769196,0.6479494571685791,-3.5307752455082664e-07,0.23137573897838593,0.6181089282035828,-0.024461712688207626,0.2564312219619751,0.5504472851753235,-0.03410927578806877,0.2694647014141083,0.49025020003318787,-0.0418553426861763,0.29049405455589294,0.44560912251472473,-0.04600343108177185,0.21778571605682373,0.45084431767463684,-0.019285522401332855,0.20391952991485596,0.505927324295044,-0.04333885386586189,0.2034599930047989,0.5582134127616882,-0.05583197623491287,0.20943808555603027,0.5829273462295532,-0.058486346155405045,0.18598467111587524,0.4470182955265045,-0.014548773877322674,0.1771920919418335,0.5229128003120422,-0.0372815877199173,0.18565687537193298,0.5751480460166931,-0.04240565374493599,0.1963343322277069,0.5923749804496765,-0.040964528918266296,0.1611902117729187,0.46916475892066956,-0.013775622472167015,0.1540296971797943,0.5260650515556335,-0.04085340350866318,0.16449715197086334,0.5778488516807556,-0.03989928588271141,0.17529252171516418,0.601190447807312,-0.030981607735157013,0.1401696801185608,0.5017343759536743,-0.014831556007266045,0.12835627794265747,0.4673115015029907,-0.032690051943063736,0.1183953508734703,0.43758919835090637,-0.033000778406858444,0.11094087362289429,0.4079107344150543,-0.027083471417427063
Y,0.19996167719364166,0.6560055017471313,-3.477727830158983e-07,0.23740209639072418,0.6214599609375,-0.024139530956745148,0.26115408539772034,0.5510452389717102,-0.034039486199617386,0.274345338344574,0.49192145466804504,-0.041586145758628845,0.29600417613983154,0.4480743408203125,-0.0452456995844841,0.21926286816596985,0.45820343494415283,-0.021874641999602318,0.210552379488945,0.5180947184562683,-0.04391683265566826,0.21208880841732025,0.5686926245689392,-0.05389268323779106,0.21738354861736298,0.586808443069458,-0.05555706471204758,0.18720154464244843,0.4575735330581665,-0.017134549096226692,0.18399228155612946,0.5384318232536316,-0.0376836396753788,0.1941884309053421,0.5894239544868469,-0.040515635162591934,0.20396041870117188,0.5992447137832642,-0.03838515281677246,0.16299016773700714,0.48232659697532654,-0.01597195491194725,0.15991994738578796,0.5439562201499939,-0.040890246629714966,0.17263121902942657,0.5927415490150452,-0.03789851441979408,0.1833597719669342,0.6090213060379028,-0.028924573212862015,0.14308501780033112,0.5164282321929932,-0.016684137284755707,0.13132046163082123,0.4922415614128113,-0.03365907445549965,0.12170437723398209,0.46952003240585327,-0.03293902054429054,0.11318866163492203,0.44203853607177734,-0.026929376646876335
Y,0.20402629673480988,0.6401023864746094,-3.602476965625101e-07,0.24403932690620422,0.6046369075775146,-0.017136922106146812,0.2729640305042267,0.5280550122261047,-0.022757479920983315,0.2907979488372803,0.46699631214141846,-0.028630420565605164,0.31003525853157043,0.4244092106819153,-0.03198728710412979,0.23625674843788147,0.43978264927864075,-0.01000610738992691,0.23557493090629578,0.44956541061401367,-0.02929704822599888,0.23258516192436218,0.5045636296272278,-0.03917865455150604,0.23043376207351685,0.5454533100128174,-0.040044497698545456,0.20778344571590424,0.4382035434246063,-0.00771234231069684,0.20984414219856262,0.4688655734062195,-0.029391448944807053,0.2108934074640274,0.5314244627952576,-0.036261048167943954,0.2116795778274536,0.5718112587928772,-0.034619610756635666,0.18270550668239594,0.4550755023956299,-0.00856685545295477,0.18277418613433838,0.4684879779815674,-0.03192059323191643,0.18758824467658997,0.5284128189086914,-0.032767150551080704,0.192666694521904,0.5693689584732056,-0.02476755902171135,0.15922778844833374,0.4785414934158325,-0.010633719153702259,0.15473666787147522,0.42448002099990845,-0.023530781269073486,0.15193068981170654,0.3867186903953552,-0.024060210213065147,0.15110667049884796,0.3524446189403534,-0.019266119226813316
Y,0.19974210858345032,0.5896191596984863,-2.5854922114376677e-07,0.23913174867630005,0.5599303245544434,-0.014590861275792122,0.2731073796749115,0.4965950548648834,-0.01879488304257393,0.29164162278175354,0.43937548995018005,-0.023733824491500854,0.30412113666534424,0.3951365053653717,-0.026004407554864883,0.2374212145805359,0.4301469922065735,-0.005794689990580082,0.2388860285282135,0.3880763649940491,-0.02427326887845993,0.23570431768894196,0.437284916639328,-0.03190552443265915,0.23339144885540009,0.4805040657520294,-0.030904453247785568,0.21194054186344147,0.4259275794029236,-0.004090873524546623,0.21276037395000458,0.3983858525753021,-0.02783006615936756,0.21121568977832794,0.45889121294021606,-0.034188926219940186,0.21073022484779358,0.5023956894874573,-0.03081330843269825,0.18833206593990326,0.42735573649406433,-0.0056730895303189754,0.18695864081382751,0.3905850946903229,-0.02745167724788189,0.18943163752555847,0.44833827018737793,-0.026635652408003807,0.19301265478134155,0.4937731921672821,-0.017394542694091797,0.1652340441942215,0.43179476261138916,-0.008494044654071331,0.16546280682086945,0.36709678173065186,-0.01933010295033455,0.16687284409999847,0.32517504692077637,-0.02034558355808258,0.1696784645318985,0.2866660952568054,-0.016568414866924286
Y,0.19416896998882294,0.5584266185760498,-2.6241411887895083e-07,0.23530755937099457,0.530847430229187,-0.009827803820371628,0.26965659856796265,0.4750027358531952,-0.01036194059997797,0.2845311164855957,0.42171382904052734,-0.01229886244982481,0.2933507263660431,0.3844340741634369,-0.012082531116902828,0.23298737406730652,0.40668898820877075,0.0011600460857152939,0.23277240991592407,0.36741194128990173,-0.014265943318605423,0.23058217763900757,0.4151124656200409,-0.020900771021842957,0.22838303446769714,0.4573916494846344,-0.019678549841046333,0.20844997465610504,0.40382376313209534,0.0014164354652166367,0.2082006186246872,0.3718010187149048,-0.019918421283364296,0.20721016824245453,0.4305117428302765,-0.0266620721668005,0.20614737272262573,0.47539135813713074,-0.023675503209233284,0.18558132648468018,0.4060148000717163,-0.00113167823292315,0.18301072716712952,0.3696528673171997,-0.020794158801436424,0.18546062707901,0.42509570717811584,-0.0206504687666893,0.188154399394989,0.4688102900981903,-0.012323959730565548,0.16240356862545013,0.4120287597179413,-0.004509463906288147,0.16237294673919678,0.3513983488082886,-0.013904125429689884,0.16428856551647186,0.3141027092933655,-0.014550070278346539,0.16696520149707794,0.27894723415374756,-0.01084308885037899
Y,0.18885481357574463,0.5435271859169006,-2.468350714934786e-07,0.2288246750831604,0.5193477272987366,-0.009462576359510422,0.2627097964286804,0.46648645401000977,-0.009605662897229195,0.2771648168563843,0.41418883204460144,-0.011069133877754211,0.2845839262008667,0.37816593050956726,-0.010394468903541565,0.22835750877857208,0.39857012033462524,0.0013754236279055476,0.22738607227802277,0.360500693321228,-0.013061282224953175,0.22455503046512604,0.40504637360572815,-0.01916830614209175,0.22232010960578918,0.44397127628326416,-0.018174979835748672,0.20463410019874573,0.3960362672805786,0.0013047311222180724,0.203155055642128,0.36208629608154297,-0.019606171175837517,0.20249783992767334,0.4187735319137573,-0.026222875341773033,0.2020196169614792,0.46160227060317993,-0.023503020405769348,0.18268175423145294,0.39841288328170776,-0.001470649614930153,0.17943499982357025,0.36120879650115967,-0.02067294344305992,0.18229946494102478,0.41460782289505005,-0.0202923770993948,0.18546949326992035,0.4567410945892334,-0.012277865782380104,0.1601518988609314,0.4049563705921173,-0.0051096174865961075,0.16037186980247498,0.349472314119339,-0.014407342299818993,0.16199016571044922,0.31447723507881165,-0.015135376714169979,0.16428428888320923,0.28011396527290344,-0.01184683945029974
Y,0.19010533392429352,0.5438848733901978,-2.532104304009408e-07,0.22910980880260468,0.5157580971717834,-0.010784805752336979,0.26190003752708435,0.45792829990386963,-0.011727954261004925,0.2760283946990967,0.403794527053833,-0.013797379098832607,0.284826397895813,0.3661050498485565,-0.013692570850253105,0.22635719180107117,0.38951557874679565,0.0007831379771232605,0.22571715712547302,0.3534853756427765,-0.014847474172711372,0.22337761521339417,0.4014875888824463,-0.022023670375347137,0.22126734256744385,0.4440164268016815,-0.021345529705286026,0.20234985649585724,0.38790982961654663,0.001441874774172902,0.20166178047657013,0.3572540283203125,-0.01997533068060875,0.20100195705890656,0.41534197330474854,-0.0270471703261137,0.20014220476150513,0.4604478180408478,-0.024379394948482513,0.1800757348537445,0.39212659001350403,-0.0008085801964625716,0.17708221077919006,0.35750555992126465,-0.020441969856619835,0.1797303557395935,0.4120650291442871,-0.0205154400318861,0.18246914446353912,0.4555109739303589,-0.012438787147402763,0.1573905199766159,0.4007722735404968,-0.00398601870983839,0.15731395781040192,0.3433475196361542,-0.013177377171814442,0.15881791710853577,0.3068504333496094,-0.013901270925998688,0.16067004203796387,0.27232110500335693,-0.010347788222134113
Y,0.1899871826171875,0.5921770334243774,-2.849357088052784e-07,0.22816626727581024,0.5538854598999023,-0.015739820897579193,0.25844627618789673,0.4770650267601013,-0.019111843779683113,0.27308088541030884,0.4156186282634735,-0.02269650809466839,0.2856522500514984,0.37233152985572815,-0.02329343929886818,0.22204577922821045,0.42337852716445923,-0.008223950862884521,0.2217104732990265,0.38677191734313965,-0.026383070275187492,0.22016499936580658,0.4391980767250061,-0.03225095570087433,0.21961325407028198,0.48228883743286133,-0.030044090002775192,0.19639907777309418,0.4241967797279358,-0.005830330308526754,0.197035551071167,0.4009842276573181,-0.030417533591389656,0.1976376324892044,0.4629940986633301,-0.03568281978368759,0.19790667295455933,0.5072053670883179,-0.03121526539325714,0.17310288548469543,0.4304529130458832,-0.006930110044777393,0.1710190773010254,0.4007110595703125,-0.030623042955994606,0.17588910460472107,0.45992279052734375,-0.03029552660882473,0.1806282103061676,0.5059216022491455,-0.020678505301475525,0.14994202554225922,0.4388153851032257,-0.009186041541397572,0.1477215439081192,0.3733781576156616,-0.021706223487854004,0.1473328173160553,0.3311845660209656,-0.024029327556490898,0.14792996644973755,0.29190659523010254,-0.020930016413331032
Y,0.20866036415100098,0.6184927225112915,-3.3108719321717217e-07,0.2437814325094223,0.5740848183631897,-0.011844545602798462,0.2635385990142822,0.4898921847343445,-0.013112870045006275,0.27058935165405273,0.42957884073257446,-0.015653220936655998,0.28001099824905396,0.384083092212677,-0.015424930490553379,0.23149169981479645,0.4369823932647705,-0.001105377683416009,0.2440386712551117,0.4105677008628845,-0.017644789069890976,0.24326586723327637,0.46761807799339294,-0.022832589223980904,0.23951727151870728,0.5096630454063416,-0.020390376448631287,0.2091253399848938,0.44112831354141235,-0.0009621172794140875,0.22273612022399902,0.42238765954971313,-0.024047454819083214,0.22390146553516388,0.4910547435283661,-0.029013779014348984,0.2221129685640335,0.5373681783676147,-0.024038124829530716,0.1881214678287506,0.4526554346084595,-0.004254761151969433,0.19939455389976501,0.4300209879875183,-0.02777574583888054,0.20575521886348724,0.4942478835582733,-0.027373861521482468,0.20831508934497833,0.5410237312316895,-0.01721329614520073,0.16738206148147583,0.46757349371910095,-0.008296836167573929,0.16561326384544373,0.39950284361839294,-0.020082548260688782,0.16806569695472717,0.35710999369621277,-0.02096603810787201,0.172510027885437,0.3193952739238739,-0.016634207218885422
Y,0.2065727412700653,0.613433837890625,-3.3567658874744666e-07,0.23883166909217834,0.5676019191741943,-0.005446459632366896,0.24892209470272064,0.4849128723144531,-0.004730675369501114,0.24865815043449402,0.4274512231349945,-0.006804785691201687,0.24600429832935333,0.3834265470504761,-0.00653033284470439,0.22574549913406372,0.4367261230945587,0.0011050448520109057,0.2446509152650833,0.3925074338912964,-0.017660371959209442,0.24899059534072876,0.43807581067085266,-0.02499483898282051,0.24745072424411774,0.48057839274406433,-0.023936918005347252,0.20550604164600372,0.44188520312309265,-0.0022891147527843714,0.22680847346782684,0.4201556146144867,-0.02694719284772873,0.22984911501407623,0.4884675145149231,-0.03237980231642723,0.22794291377067566,0.5321419835090637,-0.027858439832925797,0.1863860785961151,0.4555755853652954,-0.008743269369006157,0.2064976990222931,0.4356776177883148,-0.03344311937689781,0.2121964693069458,0.4993117153644562,-0.032160136848688126,0.2116190493106842,0.541762113571167,-0.021480249240994453,0.16779319941997528,0.4720621705055237,-0.015454191714525223,0.16742675006389618,0.40428611636161804,-0.028730493038892746,0.17091724276542664,0.3633621037006378,-0.028710611164569855,0.17617982625961304,0.3264310359954834,-0.023491857573390007
Y,0.2023647427558899,0.6147972345352173,-3.561297035048483e-07,0.23622660338878632,0.567252516746521,-0.006461446639150381,0.24816103279590607,0.4803194999694824,-0.005624852608889341,0.24944081902503967,0.4213050901889801,-0.007427262142300606,0.2512238621711731,0.3810441195964813,-0.0066767302341759205,0.2211582213640213,0.43745964765548706,0.002605508780106902,0.23618607223033905,0.4049576222896576,-0.015945645049214363,0.23734092712402344,0.4643566310405731,-0.022980405017733574,0.23483003675937653,0.5095382928848267,-0.021582115441560745,0.20101696252822876,0.44319072365760803,5.839066216140054e-05,0.219875305891037,0.42114055156707764,-0.023175105452537537,0.22136881947517395,0.48814067244529724,-0.028063930571079254,0.21858938038349152,0.530241847038269,-0.023501096293330193,0.18164612352848053,0.4556002616882324,-0.005792986135929823,0.1991054266691208,0.43471574783325195,-0.02916339971125126,0.2040037214756012,0.49837830662727356,-0.02774827554821968,0.20362354815006256,0.5414685606956482,-0.017240343615412712,0.1617790311574936,0.4696306884288788,-0.01200294028967619,0.16143089532852173,0.4021967053413391,-0.023441264405846596,0.16539497673511505,0.3602999746799469,-0.023184603080153465,0.1713205724954605,0.3228050470352173,-0.01821962185204029
Y,0.1884985864162445,0.6071825623512268,-2.6894812776845356e-07,0.22635100781917572,0.5719268321990967,-0.013908100314438343,0.2553083896636963,0.49720069766044617,-0.016177918761968613,0.26998674869537354,0.4384342432022095,-0.019143005833029747,0.2816166877746582,0.3950168490409851,-0.019453944638371468,0.2197108268737793,0.443153977394104,-0.005240630358457565,0.22363749146461487,0.40433475375175476,-0.021865542978048325,0.22158996760845184,0.45422178506851196,-0.027605602517724037,0.2200106978416443,0.49708646535873413,-0.02571869269013405,0.19489902257919312,0.44261083006858826,-0.0035760796163231134,0.1994343101978302,0.4198020398616791,-0.02642648108303547,0.19925013184547424,0.481482595205307,-0.03149066120386124,0.19948440790176392,0.5256698727607727,-0.02726077288389206,0.17158812284469604,0.4479033350944519,-0.0053076245822012424,0.1739945113658905,0.41910240054130554,-0.027421671897172928,0.1775439977645874,0.47923290729522705,-0.026793774217367172,0.1810748428106308,0.5257097482681274,-0.01735006831586361,0.14870959520339966,0.4558725953102112,-0.008139733225107193,0.14854130148887634,0.3883502185344696,-0.01997995562851429,0.1489010602235794,0.34527531266212463,-0.021832725033164024,0.15054938197135925,0.3065207004547119,-0.018530428409576416
Y,0.18670403957366943,0.5800536870956421,-2.8064454227205715e-07,0.22432689368724823,0.5571050643920898,-0.02265583910048008,0.2612884044647217,0.4967559278011322,-0.030294181779026985,0.2844035029411316,0.43886688351631165,-0.036676958203315735,0.3016622066497803,0.3957284092903137,-0.03953636810183525,0.23580461740493774,0.42207199335098267,-0.01590854860842228,0.2239154428243637,0.3890503942966461,-0.038308896124362946,0.21428291499614716,0.4424772262573242,-0.04679705947637558,0.21144863963127136,0.4841889441013336,-0.045613959431648254,0.20951621234416962,0.41346463561058044,-0.010170088149607182,0.19875222444534302,0.39476078748703003,-0.03806719928979874,0.19258712232112885,0.4576641917228699,-0.04407627135515213,0.191310852766037,0.4997916519641876,-0.039710331708192825,0.18566827476024628,0.41270875930786133,-0.008376465179026127,0.17469127476215363,0.3841208219528198,-0.035147711634635925,0.17341019213199615,0.4435026943683624,-0.03542691841721535,0.17741958796977997,0.4885800778865814,-0.025554928928613663,0.16275285184383392,0.4152410924434662,-0.008211035281419754,0.1642473042011261,0.3547787070274353,-0.021950319409370422,0.16407941281795502,0.31563419103622437,-0.024555863812565804,0.16549323499202728,0.2794429659843445,-0.021062716841697693
Y,0.17406503856182098,0.5978661179542542,-2.753032219970919e-07,0.20894597470760345,0.5771984457969666,-0.02890133671462536,0.24587571620941162,0.5217565894126892,-0.03825518116354942,0.2671498656272888,0.4622541666030884,-0.04469123110175133,0.2818402051925659,0.4161090552806854,-0.047194041311740875,0.22299136221408844,0.442924439907074,-0.017695315182209015,0.20390433073043823,0.41337257623672485,-0.0394318513572216,0.19139184057712555,0.4658593237400055,-0.047389332205057144,0.18851222097873688,0.5067411661148071,-0.04563955217599869,0.1999054253101349,0.4337047040462494,-0.008035005070269108,0.18239128589630127,0.4164201617240906,-0.03651832044124603,0.17434263229370117,0.48183271288871765,-0.04336841031908989,0.17244140803813934,0.5258165001869202,-0.0388941653072834,0.17861613631248474,0.4327493906021118,-0.0027105119079351425,0.16301307082176208,0.40378880500793457,-0.030390994623303413,0.15878017246723175,0.4636683464050293,-0.031839821487665176,0.1605347841978073,0.5098648071289062,-0.022049913182854652,0.15738502144813538,0.4356051981449127,0.0006634726305492222,0.15591785311698914,0.377621591091156,-0.013368991203606129,0.15384113788604736,0.3417355418205261,-0.016218628734350204,0.15297561883926392,0.30817872285842896,-0.01232097577303648
Y,0.1619761884212494,0.5887075662612915,-2.739371041116101e-07,0.1957523226737976,0.5676410794258118,-0.027791796252131462,0.23194818198680878,0.5088202953338623,-0.03586658462882042,0.2516452968120575,0.44735440611839294,-0.0408480130136013,0.2651979923248291,0.40148770809173584,-0.04180946573615074,0.20837697386741638,0.43846049904823303,-0.017502695322036743,0.19000938534736633,0.40602734684944153,-0.03809742629528046,0.17826172709465027,0.45770686864852905,-0.04453437775373459,0.17607195675373077,0.4968595802783966,-0.041932202875614166,0.1856483668088913,0.43011796474456787,-0.008136190474033356,0.16722753643989563,0.40935060381889343,-0.036107562482357025,0.16033655405044556,0.47316867113113403,-0.04193874076008797,0.15961319208145142,0.5150555968284607,-0.03673906624317169,0.16528388857841492,0.42890363931655884,-0.0030160897877067327,0.14875631034374237,0.3987877666950226,-0.030595900490880013,0.1457313597202301,0.45761895179748535,-0.03157705441117287,0.1483282744884491,0.5023870468139648,-0.021434124559164047,0.14543695747852325,0.43144166469573975,0.00026403460651636124,0.14459390938282013,0.3711954355239868,-0.014253062196075916,0.14328864216804504,0.33455154299736023,-0.01735285483300686,0.14324499666690826,0.30029022693634033,-0.01360613014549017
Y,0.16994298994541168,0.5984729528427124,-2.740411275681254e-07,0.20460546016693115,0.5757822394371033,-0.02336515672504902,0.23976029455661774,0.5142970085144043,-0.03032612055540085,0.25812360644340515,0.4531455338001251,-0.03524106368422508,0.27322322130203247,0.40942034125328064,-0.03633815050125122,0.21342456340789795,0.441316157579422,-0.015948781743645668,0.1984822005033493,0.40972885489463806,-0.035574931651353836,0.19074037671089172,0.46367037296295166,-0.040688104927539825,0.19003324210643768,0.5037343502044678,-0.037421248853206635,0.18891654908657074,0.4356108605861664,-0.00918426364660263,0.1753729283809662,0.41630738973617554,-0.0353672094643116,0.17108048498630524,0.48012736439704895,-0.03976895287632942,0.17133188247680664,0.5197686553001404,-0.03429413586854935,0.1673586070537567,0.4365849494934082,-0.006215427070856094,0.15317904949188232,0.40765389800071716,-0.032095424830913544,0.1526845097541809,0.4677113890647888,-0.03164370357990265,0.1574530452489853,0.5110092163085938,-0.02139676734805107,0.14647477865219116,0.4412383735179901,-0.0047947135753929615,0.14586029946804047,0.3817977011203766,-0.018048221245408058,0.14545272290706635,0.3462353050708771,-0.020105205476284027,0.1471158117055893,0.3119673728942871,-0.016236865893006325
Y,0.18534675240516663,0.6046343445777893,-2.4189469627344806e-07,0.22093436121940613,0.5698211193084717,-0.016308262944221497,0.25136661529541016,0.500159740447998,-0.02076001837849617,0.26658207178115845,0.44036537408828735,-0.02523043565452099,0.27924248576164246,0.39779937267303467,-0.026802029460668564,0.21636678278446198,0.4419339597225189,-0.008072675205767155,0.21213364601135254,0.40688008069992065,-0.026181818917393684,0.210281640291214,0.45701801776885986,-0.032385244965553284,0.210418701171875,0.4979063868522644,-0.03028763458132744,0.19138175249099731,0.4424673318862915,-0.005049936939030886,0.18837988376617432,0.41941314935684204,-0.028534583747386932,0.1888791024684906,0.4793901741504669,-0.03342745453119278,0.19044022262096405,0.5199916362762451,-0.028778161853551865,0.1692514270544052,0.44780707359313965,-0.005440970882773399,0.16406375169754028,0.4180677533149719,-0.027674010023474693,0.16800518333911896,0.47575268149375916,-0.026476671919226646,0.17362014949321747,0.5194807648658752,-0.016526222229003906,0.14769725501537323,0.45520511269569397,-0.00712206494063139,0.1472291648387909,0.3939111530780792,-0.018080612644553185,0.14710330963134766,0.35567060112953186,-0.01897137239575386,0.1479470133781433,0.3203965425491333,-0.014811750501394272
Y,0.18595436215400696,0.6173315048217773,-2.4513320795449545e-07,0.22183376550674438,0.58111172914505,-0.015692682936787605,0.2505815327167511,0.5082758665084839,-0.019629517570137978,0.26335662603378296,0.44734683632850647,-0.023544039577245712,0.27472347021102905,0.40473848581314087,-0.024514351040124893,0.21350198984146118,0.45370450615882874,-0.008995861746370792,0.21010033786296844,0.4156525731086731,-0.026677094399929047,0.20876452326774597,0.46711623668670654,-0.03227574750781059,0.2088938057422638,0.5095250606536865,-0.029841307550668716,0.18827398121356964,0.45602843165397644,-0.006218629889190197,0.1861284226179123,0.4301963448524475,-0.029635870829224586,0.1879640817642212,0.4893512725830078,-0.03431810438632965,0.1904004067182541,0.5308310985565186,-0.0295771025121212,0.16593068838119507,0.46245723962783813,-0.006682255771011114,0.16240087151527405,0.4317447245121002,-0.02854076400399208,0.16747042536735535,0.48887768387794495,-0.02714037336409092,0.1733149141073227,0.5331205129623413,-0.017206130549311638,0.14442600309848785,0.4709589183330536,-0.00838471855968237,0.1428035944700241,0.40782400965690613,-0.0193319134414196,0.14224925637245178,0.3685651421546936,-0.02030843496322632,0.14292703568935394,0.33308547735214233,-0.01630551926791668
Y,0.18966451287269592,0.6217507123947144,-2.6658540264179464e-07,0.22653189301490784,0.5910264253616333,-0.016775095835328102,0.2583816647529602,0.5266363024711609,-0.022450678050518036,0.27886825799942017,0.47106459736824036,-0.02841305173933506,0.2971370220184326,0.4328269958496094,-0.031396348029375076,0.22360850870609283,0.45918846130371094,-0.008303813636302948,0.2252795398235321,0.42133957147598267,-0.02761336788535118,0.2205904871225357,0.47076529264450073,-0.03570170700550079,0.2175680249929428,0.5120980739593506,-0.03509235754609108,0.19870050251483917,0.45589444041252136,-0.006027617491781712,0.20016628503799438,0.4354129731655121,-0.030649660155177116,0.19884246587753296,0.4955354630947113,-0.03696312755346298,0.19852513074874878,0.5371851325035095,-0.033390868455171585,0.17587149143218994,0.45901450514793396,-0.0073365019634366035,0.1753540188074112,0.4339630603790283,-0.030671391636133194,0.17848020792007446,0.4917014241218567,-0.030526630580425262,0.18227078020572662,0.5362434983253479,-0.021152354776859283,0.1535869836807251,0.4644550383090973,-0.010011487640440464,0.15384098887443542,0.400015264749527,-0.021973364055156708,0.15457862615585327,0.35839658975601196,-0.023433251306414604,0.15654954314231873,0.3208751380443573,-0.01961459219455719
Y,0.19382238388061523,0.6437129974365234,-3.1177540904536727e-07,0.23191142082214355,0.6162596940994263,-0.017699630931019783,0.2666323781013489,0.5544810891151428,-0.024700313806533813,0.28989094495773315,0.5031268000602722,-0.03211171180009842,0.3112247586250305,0.4677076041698456,-0.036271147429943085,0.23209646344184875,0.47121134400367737,-0.009604943916201591,0.23472028970718384,0.4518830180168152,-0.031217079609632492,0.2290622442960739,0.5063104629516602,-0.041007839143276215,0.22633852064609528,0.5467625856399536,-0.04136904329061508,0.2061793953180313,0.46553370356559753,-0.00793636217713356,0.20903454720973969,0.4617261290550232,-0.03396392613649368,0.2073332965373993,0.526515007019043,-0.0405082032084465,0.2070239931344986,0.5675750374794006,-0.037157874554395676,0.182495579123497,0.47116589546203613,-0.01009270641952753,0.1840231716632843,0.46087774634361267,-0.03616656735539436,0.1868983805179596,0.5226598978042603,-0.03653671219944954,0.19018399715423584,0.5651116967201233,-0.027011869475245476,0.15983045101165771,0.47999072074890137,-0.013567759655416012,0.16042570769786835,0.41768553853034973,-0.0269621592015028,0.1624540239572525,0.37762391567230225,-0.028262652456760406,0.16594529151916504,0.34058907628059387,-0.024001343175768852
Y,0.20982694625854492,0.6360926628112793,-2.975666575366631e-07,0.24736624956130981,0.6016918420791626,-0.013284304179251194,0.27803558111190796,0.5312464237213135,-0.01661829650402069,0.2954366207122803,0.4771553575992584,-0.020985135808587074,0.31240418553352356,0.4386448264122009,-0.022670453414320946,0.24120168387889862,0.46080896258354187,-0.004370205104351044,0.2534833550453186,0.4361419677734375,-0.021187394857406616,0.24896162748336792,0.4879454970359802,-0.02766186185181141,0.24414095282554626,0.5282887816429138,-0.02642020583152771,0.2171904295682907,0.4596048891544342,-0.00392110925167799,0.22969360649585724,0.4503958821296692,-0.026592880487442017,0.22731336951255798,0.5135740637779236,-0.0323212705552578,0.22476239502429962,0.557721734046936,-0.028610041365027428,0.19456952810287476,0.46770739555358887,-0.006756429560482502,0.20448806881904602,0.455353319644928,-0.02984890528023243,0.20706705749034882,0.5161680579185486,-0.030400903895497322,0.20813380181789398,0.5599422454833984,-0.021442964673042297,0.1726372092962265,0.47956347465515137,-0.010461678728461266,0.1737273633480072,0.41491883993148804,-0.02217750810086727,0.17639794945716858,0.3733263313770294,-0.02329234406352043,0.18030421435832977,0.3363190293312073,-0.019310571253299713
Y,0.22090698778629303,0.6351897120475769,-3.2527785265301645e-07,0.2561020851135254,0.5967221856117249,-0.011232862249016762,0.2787144184112549,0.5200704336166382,-0.012515846639871597,0.28860020637512207,0.464755117893219,-0.014911147765815258,0.3004060983657837,0.42462047934532166,-0.014779007993638515,0.24772879481315613,0.4605426788330078,-0.00208435975946486,0.2621736526489258,0.4392908215522766,-0.017560545355081558,0.25903746485710144,0.49532562494277954,-0.023005951195955276,0.25381940603256226,0.5368008613586426,-0.02140258252620697,0.22512470185756683,0.46172553300857544,-0.0018746264977380633,0.23921510577201843,0.45067888498306274,-0.023270443081855774,0.23820459842681885,0.5179174542427063,-0.02767314203083515,0.23584845662117004,0.5619354248046875,-0.023131022229790688,0.20363251864910126,0.4730518162250519,-0.004794036038219929,0.21640288829803467,0.4581809937953949,-0.026925034821033478,0.22069832682609558,0.5213081240653992,-0.02600380778312683,0.22186633944511414,0.5662320256233215,-0.01625901460647583,0.182713121175766,0.48880940675735474,-0.008409829810261726,0.18281838297843933,0.42516976594924927,-0.020457014441490173,0.18542906641960144,0.3857996463775635,-0.021321916952729225,0.18992754817008972,0.35009506344795227,-0.017106272280216217
Y,0.20936308801174164,0.6407575607299805,-2.9503536325137247e-07,0.24754388630390167,0.6085590124130249,-0.013921516016125679,0.279724657535553,0.5410675406455994,-0.017257537692785263,0.29850709438323975,0.48669561743736267,-0.02152930572628975,0.3139994740486145,0.447020947933197,-0.02305983379483223,0.24410422146320343,0.46952491998672485,-0.0042954799719154835,0.25297725200653076,0.43846821784973145,-0.022090688347816467,0.24853162467479706,0.490156352519989,-0.02907741256058216,0.24482616782188416,0.5306885242462158,-0.027920501306653023,0.2201387584209442,0.4673219323158264,-0.0034079519100487232,0.22932681441307068,0.4509475827217102,-0.02703714370727539,0.22651143372058868,0.5157935619354248,-0.032841142266988754,0.22450467944145203,0.5596703886985779,-0.02877509593963623,0.19671344757080078,0.47332799434661865,-0.005998420063406229,0.20387451350688934,0.4549451470375061,-0.029880952090024948,0.20562857389450073,0.5178840160369873,-0.030054688453674316,0.20665404200553894,0.561878502368927,-0.02044246904551983,0.173661008477211,0.4830196797847748,-0.009511512704193592,0.17437615990638733,0.4161776602268219,-0.021644292399287224,0.17707757651805878,0.37478989362716675,-0.022701404988765717,0.1812167763710022,0.33744972944259644,-0.018425485119223595
Y,0.18964678049087524,0.6141355037689209,-2.6905095751317276e-07,0.22710442543029785,0.5793860554695129,-0.016696328297257423,0.25891274213790894,0.5095148682594299,-0.021973125636577606,0.27798789739608765,0.45020854473114014,-0.027315599843859673,0.2941141128540039,0.41028445959091187,-0.02971775270998478,0.22343747317790985,0.4482855200767517,-0.01087451633065939,0.2187383472919464,0.41255462169647217,-0.030383275821805,0.2154368907213211,0.46448808908462524,-0.03740127384662628,0.21502746641635895,0.5063005089759827,-0.035789404064416885,0.1972876787185669,0.44852057099342346,-0.008146877400577068,0.19371166825294495,0.42671141028404236,-0.03315084055066109,0.19457869231700897,0.4880408048629761,-0.038618963211774826,0.19683067500591278,0.5287250280380249,-0.03445351868867874,0.17404881119728088,0.45365089178085327,-0.008727235719561577,0.16853919625282288,0.4258297383785248,-0.03215420991182327,0.1734590083360672,0.4845186173915863,-0.031327586621046066,0.17979587614536285,0.5284213423728943,-0.021604320034384727,0.15149237215518951,0.4607605040073395,-0.01060885563492775,0.1495647132396698,0.3982950747013092,-0.022192561998963356,0.14834392070770264,0.35828548669815063,-0.02332727238535881,0.1486165076494217,0.32118281722068787,-0.019411129876971245
Y,0.18001480400562286,0.6048311591148376,-2.810129728914035e-07,0.21638619899749756,0.5807243585586548,-0.022871391847729683,0.251270055770874,0.5180490016937256,-0.030934737995266914,0.2734195291996002,0.4590916037559509,-0.03754022344946861,0.2940080761909485,0.4209703207015991,-0.04050946235656738,0.22548551857471466,0.4427279233932495,-0.016168976202607155,0.2104191780090332,0.409049928188324,-0.03757850453257561,0.2022552192211151,0.4637567698955536,-0.04468889907002449,0.20178474485874176,0.5052714943885803,-0.042868565768003464,0.19979603588581085,0.4379417598247528,-0.010374256409704685,0.18565262854099274,0.4174416661262512,-0.03740503638982773,0.18152230978012085,0.48159533739089966,-0.042429208755493164,0.18266408145427704,0.5212882161140442,-0.037621013820171356,0.17687706649303436,0.44087132811546326,-0.008479096926748753,0.16303080320358276,0.41395577788352966,-0.03491392731666565,0.16283367574214935,0.4740007817745209,-0.03457006812095642,0.16838429868221283,0.5164047479629517,-0.024513762444257736,0.15505704283714294,0.4469618499279022,-0.008190431632101536,0.15417703986167908,0.38809072971343994,-0.021370967850089073,0.15266744792461395,0.3512168526649475,-0.02323644608259201,0.153061643242836,0.3161674439907074,-0.019416598603129387
Y,0.17292474210262299,0.6056736707687378,-2.701633832202788e-07,0.20723098516464233,0.5802371501922607,-0.02336031198501587,0.24111519753932953,0.518287718296051,-0.030817558988928795,0.26034221053123474,0.45896321535110474,-0.03620506078004837,0.2776482105255127,0.41968417167663574,-0.0379442423582077,0.21410831809043884,0.4503369927406311,-0.01703019253909588,0.19712547957897186,0.4192308783531189,-0.036284465342760086,0.18979333341121674,0.4721372127532959,-0.04151120036840439,0.1899852752685547,0.5116901993751526,-0.03877709060907364,0.19014881551265717,0.4468764364719391,-0.010164901614189148,0.1741211712360382,0.4277561902999878,-0.03650009259581566,0.17078229784965515,0.49078699946403503,-0.04123113676905632,0.17201165854930878,0.5307256579399109,-0.036264725029468536,0.16896627843379974,0.4498225748538971,-0.006903137546032667,0.15297754108905792,0.42067909240722656,-0.03268352895975113,0.1530546247959137,0.4784945547580719,-0.03265426680445671,0.15845566987991333,0.5206853151321411,-0.02296537160873413,0.148111492395401,0.4558611512184143,-0.005184595938771963,0.14618250727653503,0.39882180094718933,-0.01854010857641697,0.1445787250995636,0.36368054151535034,-0.021117962896823883,0.14489158987998962,0.33016225695610046,-0.017846614122390747
Y,0.18084479868412018,0.6170221567153931,-2.5931592517736135e-07,0.2149515450000763,0.5852944850921631,-0.01952633261680603,0.24620603024959564,0.5179176926612854,-0.026085885241627693,0.26422810554504395,0.45734381675720215,-0.031738828867673874,0.28112974762916565,0.4164130687713623,-0.034170351922512054,0.2156868278980255,0.45469731092453003,-0.012993460521101952,0.20227397978305817,0.4239828288555145,-0.03302575275301933,0.19763895869255066,0.47766226530075073,-0.03980659693479538,0.1984655261039734,0.5191861391067505,-0.037786975502967834,0.19070817530155182,0.45378249883651733,-0.008406566455960274,0.17913267016410828,0.43373632431030273,-0.033656809478998184,0.17836736142635345,0.4951126277446747,-0.038781166076660156,0.1807723194360733,0.5351599454879761,-0.034257348626852036,0.16870027780532837,0.4586373567581177,-0.007333563640713692,0.15683704614639282,0.43070194125175476,-0.031384240835905075,0.15965405106544495,0.48831453919410706,-0.03076091594994068,0.16663385927677155,0.5307542681694031,-0.02106732316315174,0.14733922481536865,0.4661746919155121,-0.007650102023035288,0.14525744318962097,0.4082011878490448,-0.019142530858516693,0.14392094314098358,0.3725924491882324,-0.020335935056209564,0.1446179896593094,0.3393719792366028,-0.016357185319066048
Y,0.1994939148426056,0.63327956199646,-2.809582042573311e-07,0.23861095309257507,0.6141416430473328,-0.016842132434248924,0.27671658992767334,0.5600070953369141,-0.02296517603099346,0.30285391211509705,0.5127898454666138,-0.029441792517900467,0.32457175850868225,0.47897857427597046,-0.0327613428235054,0.2475133091211319,0.4842575192451477,-0.010049672797322273,0.25303611159324646,0.44586917757987976,-0.03007986769080162,0.24393726885318756,0.49490833282470703,-0.03783859312534332,0.23783917725086212,0.5339811444282532,-0.036992982029914856,0.2228509783744812,0.4738890528678894,-0.008397860452532768,0.22638872265815735,0.4524092376232147,-0.034013401716947556,0.22074948251247406,0.5133301019668579,-0.0400913767516613,0.21745824813842773,0.5530493259429932,-0.03639723360538483,0.19934454560279846,0.47066426277160645,-0.010319318622350693,0.20216956734657288,0.44235795736312866,-0.0351654551923275,0.20100437104701996,0.5030218362808228,-0.03465859591960907,0.2010253667831421,0.5476427674293518,-0.024834411218762398,0.17615726590156555,0.4697142243385315,-0.013517444021999836,0.18142160773277283,0.4016565680503845,-0.026529358699917793,0.18753936886787415,0.3593093752861023,-0.028154587373137474,0.19507159292697906,0.3210582435131073,-0.024434668943285942
Y,0.200262650847435,0.6319736838340759,-2.9235133069960284e-07,0.24000319838523865,0.6121804118156433,-0.018015878275036812,0.276847243309021,0.5597347617149353,-0.025292815640568733,0.3032643795013428,0.5120989084243774,-0.032777655869722366,0.325094610452652,0.4798974096775055,-0.037053871899843216,0.2458963841199875,0.4794907867908478,-0.011833867989480495,0.2496190220117569,0.4417921006679535,-0.03283257782459259,0.24079599976539612,0.4917301833629608,-0.041347604244947433,0.23554880917072296,0.5321314930915833,-0.04085918515920639,0.2202291488647461,0.47036147117614746,-0.009701790288090706,0.22253035008907318,0.44999444484710693,-0.03628465160727501,0.2181377112865448,0.513630747795105,-0.042587850242853165,0.21648463606834412,0.5554990172386169,-0.03884768858551979,0.1961774080991745,0.4685828685760498,-0.011122322641313076,0.19719913601875305,0.4427458941936493,-0.03694469854235649,0.19754070043563843,0.5040082931518555,-0.03676294535398483,0.19926796853542328,0.5484796762466431,-0.026844002306461334,0.17287558317184448,0.46882811188697815,-0.013861944898962975,0.17528238892555237,0.4027499556541443,-0.02701530046761036,0.17788907885551453,0.36149078607559204,-0.028350135311484337,0.18196740746498108,0.322897732257843,-0.024258729070425034
Y,0.1995062530040741,0.6408018469810486,-2.891409280891821e-07,0.24023765325546265,0.6206700801849365,-0.016417482867836952,0.27844542264938354,0.5708680748939514,-0.023127438500523567,0.30520424246788025,0.5263858437538147,-0.030532050877809525,0.32718902826309204,0.49559932947158813,-0.034822020679712296,0.24781115353107452,0.4859848916530609,-0.0087995370849967,0.2549973130226135,0.45397359132766724,-0.029453139752149582,0.24554480612277985,0.5039259791374207,-0.03836413845419884,0.23900726437568665,0.5434233546257019,-0.03827331215143204,0.2232809215784073,0.476631760597229,-0.007693678140640259,0.22848573327064514,0.458050012588501,-0.033671073615550995,0.2225247174501419,0.5207213163375854,-0.04035408794879913,0.21891190111637115,0.5623084902763367,-0.037022992968559265,0.19975244998931885,0.4747433066368103,-0.01016621571034193,0.20315095782279968,0.4506119191646576,-0.035712502896785736,0.20205797255039215,0.5118795037269592,-0.03588389605283737,0.20206482708454132,0.5560411810874939,-0.026267196983098984,0.17656108736991882,0.475082129240036,-0.013832910917699337,0.18157623708248138,0.40854424238204956,-0.026886509731411934,0.18638011813163757,0.36649003624916077,-0.028215551748871803,0.19205737113952637,0.3272336721420288,-0.024173934012651443
Y,0.2020554095506668,0.635903537273407,-2.970144805658492e-07,0.2438807636499405,0.6264925599098206,-0.01421446818858385,0.28617551922798157,0.5831511616706848,-0.01859305426478386,0.314536452293396,0.5445928573608398,-0.02397734858095646,0.3362395167350769,0.5153211355209351,-0.02665925957262516,0.2611086368560791,0.4961390793323517,-0.006067935843020678,0.27359744906425476,0.4695471525192261,-0.0242804903537035,0.26020440459251404,0.5146786570549011,-0.031856272369623184,0.25017082691192627,0.5496286153793335,-0.031400080770254135,0.23809053003787994,0.4805014133453369,-0.005456579849123955,0.2483038455247879,0.46725255250930786,-0.02966388314962387,0.23565249145030975,0.52593594789505,-0.03588445857167244,0.2269449383020401,0.5656275749206543,-0.03260250762104988,0.21474313735961914,0.47291654348373413,-0.008149649947881699,0.22338569164276123,0.4516352415084839,-0.03234468400478363,0.21591898798942566,0.5123074650764465,-0.03214794397354126,0.21050989627838135,0.5568816065788269,-0.022576771676540375,0.19141051173210144,0.4681936204433441,-0.011869127862155437,0.2034221887588501,0.40239670872688293,-0.024709060788154602,0.21299180388450623,0.361280620098114,-0.026125047355890274,0.22311411798000336,0.3241708278656006,-0.022288674488663673
Y,0.20296582579612732,0.6295594573020935,-2.9269273227328085e-07,0.24513667821884155,0.6241030693054199,-0.013246145099401474,0.28746259212493896,0.5820843577384949,-0.016568103805184364,0.3159950077533722,0.5445217490196228,-0.02083546109497547,0.3374190926551819,0.5171273946762085,-0.02243717573583126,0.2643290162086487,0.49987345933914185,-0.005443337839096785,0.2775852382183075,0.47193214297294617,-0.023037532344460487,0.26309025287628174,0.5154472589492798,-0.030096877366304398,0.2519184648990631,0.54948490858078,-0.029561785981059074,0.24161213636398315,0.4821638762950897,-0.00500837154686451,0.25190263986587524,0.4651072025299072,-0.028988828882575035,0.23854082822799683,0.5219240784645081,-0.03489377722144127,0.22960197925567627,0.5607140064239502,-0.03154847025871277,0.21874114871025085,0.4719100594520569,-0.00779475225135684,0.2278570532798767,0.4471052587032318,-0.03129034489393234,0.21948836743831635,0.5064581036567688,-0.030565068125724792,0.21360579133033752,0.5508654117584229,-0.021056165918707848,0.19566360116004944,0.464458703994751,-0.011629294604063034,0.20890207588672638,0.40128254890441895,-0.024745944887399673,0.21967798471450806,0.36122703552246094,-0.02682456374168396,0.23137471079826355,0.32440924644470215,-0.02372991479933262
Y,0.2017112821340561,0.6151590347290039,-2.712276909733191e-07,0.23774510622024536,0.5772838592529297,-0.016761785373091698,0.2679900527000427,0.5067512392997742,-0.02281104400753975,0.28824400901794434,0.4482664167881012,-0.02898266538977623,0.3057224750518799,0.4080379605293274,-0.032299723476171494,0.2314228117465973,0.4478960633277893,-0.011834993958473206,0.22668123245239258,0.41414016485214233,-0.03135129436850548,0.22334152460098267,0.4653787910938263,-0.0387713648378849,0.2229083776473999,0.506466805934906,-0.03767738863825798,0.2054443657398224,0.4491690695285797,-0.009260720573365688,0.2022279053926468,0.43203961849212646,-0.03428533673286438,0.20405858755111694,0.4932800233364105,-0.040005963295698166,0.2066737860441208,0.533836841583252,-0.03633210435509682,0.18212023377418518,0.45622068643569946,-0.0099027119576931,0.17630155384540558,0.43161582946777344,-0.033657439053058624,0.18268924951553345,0.48937374353408813,-0.033419590443372726,0.19004051387310028,0.5326128005981445,-0.024215687066316605,0.15969738364219666,0.465013325214386,-0.011784495785832405,0.15639105439186096,0.40392062067985535,-0.02365744113922119,0.15363427996635437,0.3646203279495239,-0.025050122290849686,0.15217050909996033,0.3282151222229004,-0.02141840010881424
Y,0.19530746340751648,0.6037641763687134,-2.7494786536408355e-07,0.22850127518177032,0.5568413734436035,-0.01594609208405018,0.25113779306411743,0.47384193539619446,-0.020605310797691345,0.2620214521884918,0.40872418880462646,-0.025188500061631203,0.2759890556335449,0.3668311536312103,-0.027071485295891762,0.2100616693496704,0.4335135519504547,-0.01112213172018528,0.19885767996311188,0.40497449040412903,-0.02956201508641243,0.20101232826709747,0.45689883828163147,-0.03586956858634949,0.20586960017681122,0.49657490849494934,-0.034118134528398514,0.1848118007183075,0.44499191641807556,-0.008211771957576275,0.1766599714756012,0.42548513412475586,-0.032575175166130066,0.1846630871295929,0.4835580587387085,-0.03790413960814476,0.19190333783626556,0.5222322344779968,-0.03396426886320114,0.163339763879776,0.4587607979774475,-0.00826885923743248,0.1519613265991211,0.4321677088737488,-0.03155270218849182,0.1632239669561386,0.48599135875701904,-0.03128252178430557,0.17449559271335602,0.5254765748977661,-0.022118009626865387,0.14251427352428436,0.4731507897377014,-0.009398157708346844,0.13319391012191772,0.41448840498924255,-0.02082332968711853,0.1268707513809204,0.37856370210647583,-0.02224077098071575,0.12174220383167267,0.3446975350379944,-0.018740899860858917
Y,0.1937727928161621,0.580828070640564,-2.7197293661629374e-07,0.22218792140483856,0.5267057418823242,-0.01621747389435768,0.23694279789924622,0.4385770559310913,-0.0213503148406744,0.2442663609981537,0.37147051095962524,-0.02655085362493992,0.2564818561077118,0.3272290825843811,-0.02878987044095993,0.19466844201087952,0.407607764005661,-0.01101869996637106,0.17694151401519775,0.3840178847312927,-0.030519384890794754,0.1850014626979828,0.4362964928150177,-0.03679892420768738,0.19536711275577545,0.4711906611919403,-0.034716781228780746,0.17126277089118958,0.4275189936161041,-0.00830464344471693,0.15852993726730347,0.4125933349132538,-0.032989807426929474,0.1725127100944519,0.4687330424785614,-0.03739512711763382,0.18370939791202545,0.5003103613853455,-0.03269220143556595,0.15167024731636047,0.4489710032939911,-0.008840925060212612,0.1363370716571808,0.42932620644569397,-0.0331466868519783,0.15232735872268677,0.48016732931137085,-0.03215227276086807,0.1670350730419159,0.5123928189277649,-0.022222677245736122,0.13315217196941376,0.4700457453727722,-0.010416427627205849,0.11877370625734329,0.41697901487350464,-0.0216994509100914,0.1088385209441185,0.3873576521873474,-0.021975122392177582,0.10041599720716476,0.3585677146911621,-0.017466548830270767
Y,0.1846408247947693,0.5840698480606079,-2.688369136194524e-07,0.2132372260093689,0.5311943292617798,-0.019248634576797485,0.22775980830192566,0.4409004747867584,-0.025516651570796967,0.23365208506584167,0.3701792359352112,-0.03119450807571411,0.24781417846679688,0.324581503868103,-0.03374364599585533,0.18461057543754578,0.41206538677215576,-0.013032380491495132,0.16699980199337006,0.38815075159072876,-0.03333147615194321,0.17433759570121765,0.44013723731040955,-0.04019808769226074,0.18438681960105896,0.4752950668334961,-0.038579776883125305,0.1616319715976715,0.43159219622612,-0.00898874830454588,0.14897485077381134,0.41409122943878174,-0.03473178669810295,0.16266512870788574,0.47079840302467346,-0.03952113538980484,0.1742725968360901,0.5040131211280823,-0.03485243767499924,0.14258219301700592,0.453128457069397,-0.008544101379811764,0.12820366024971008,0.4318527281284332,-0.033251479268074036,0.1434391289949417,0.4816201627254486,-0.032201025635004044,0.1580444872379303,0.5135172009468079,-0.022178595885634422,0.12436028569936752,0.4742496907711029,-0.009482072666287422,0.11036559194326401,0.42047327756881714,-0.02112734131515026,0.10084078460931778,0.38946712017059326,-0.021957721561193466,0.0932873860001564,0.3593737781047821,-0.017899764701724052
Y,0.19816283881664276,0.6024056673049927,-2.9343749474719516e-07,0.2328125685453415,0.5643253922462463,-0.01681995391845703,0.262041300535202,0.4897417724132538,-0.022724008187651634,0.2807682156562805,0.43038493394851685,-0.02867472544312477,0.29965031147003174,0.39396506547927856,-0.0318717323243618,0.226141095161438,0.43058156967163086,-0.011598808690905571,0.21831542253494263,0.40359318256378174,-0.0318138413131237,0.21615560352802277,0.4576820731163025,-0.03971647098660469,0.21756766736507416,0.4990035593509674,-0.03869185224175453,0.19949287176132202,0.4328889846801758,-0.009146315976977348,0.19338059425354004,0.41813924908638,-0.03381054103374481,0.19638706743717194,0.47928836941719055,-0.03920917958021164,0.20022673904895782,0.5190689563751221,-0.03529181703925133,0.17630040645599365,0.4420482814311981,-0.010045708157122135,0.16841575503349304,0.42097827792167664,-0.03395842760801315,0.17553868889808655,0.47792789340019226,-0.03364163264632225,0.18401791155338287,0.5192102789878845,-0.024271011352539062,0.15386760234832764,0.4533025324344635,-0.012148086912930012,0.14975690841674805,0.3913077414035797,-0.024023545905947685,0.14694897830486298,0.35170018672943115,-0.025199633091688156,0.14590835571289062,0.31477928161621094,-0.021329227834939957
Y,0.1971675157546997,0.6112016439437866,-2.9939647561150196e-07,0.23422418534755707,0.5797749161720276,-0.01676402986049652,0.2673305869102478,0.516033411026001,-0.023341797292232513,0.2896348834037781,0.4614607095718384,-0.03027876652777195,0.3103048503398895,0.4257717430591583,-0.03443928062915802,0.23282110691070557,0.44438302516937256,-0.01098422147333622,0.2291153520345688,0.41599899530410767,-0.03187071904540062,0.2239818274974823,0.4680224061012268,-0.04052387923002243,0.2227417528629303,0.5084888339042664,-0.040080614387989044,0.2066102772951126,0.44228482246398926,-0.009220137260854244,0.20414283871650696,0.4289938509464264,-0.03491462394595146,0.20433706045150757,0.4909785985946655,-0.04109879210591316,0.20600144565105438,0.5312144756317139,-0.03766866773366928,0.18318912386894226,0.4479183256626129,-0.010876419022679329,0.17907388508319855,0.42876482009887695,-0.03616621717810631,0.18416570127010345,0.48709893226623535,-0.036354925483465195,0.19037748873233795,0.5289103984832764,-0.027033179998397827,0.16049724817276,0.4556646943092346,-0.01371716894209385,0.1585671305656433,0.3923444449901581,-0.026740841567516327,0.15830940008163452,0.35110944509506226,-0.028250787407159805,0.1598389446735382,0.31249314546585083,-0.024411069229245186
Y,0.20523078739643097,0.6102784872055054,-2.992297254422738e-07,0.24369275569915771,0.5806154608726501,-0.017339160665869713,0.2774345576763153,0.5167030096054077,-0.023948144167661667,0.30081596970558167,0.4622645378112793,-0.03081250935792923,0.32177379727363586,0.425398051738739,-0.034750714898109436,0.2429952323436737,0.4467008113861084,-0.01141603384166956,0.24297954142093658,0.4109654128551483,-0.03226383030414581,0.2365938127040863,0.46138641238212585,-0.04071228951215744,0.23355045914649963,0.5033484697341919,-0.04001052677631378,0.2167649269104004,0.4426118731498718,-0.009151371195912361,0.21723730862140656,0.42749109864234924,-0.03544465824961662,0.21539020538330078,0.4906696379184723,-0.04167943447828293,0.21514764428138733,0.5328429937362671,-0.03791536018252373,0.19287678599357605,0.44600918889045715,-0.010383049957454205,0.1916182041168213,0.42405831813812256,-0.035963933914899826,0.19505667686462402,0.48408937454223633,-0.035977803170681,0.19952605664730072,0.528576135635376,-0.026176266372203827,0.17002825438976288,0.451480895280838,-0.012849307619035244,0.16915272176265717,0.3851732611656189,-0.025961987674236298,0.16968993842601776,0.3428853154182434,-0.02743128128349781,0.17210833728313446,0.30408263206481934,-0.02335406094789505
Y,0.21040669083595276,0.600968599319458,-2.859552807876753e-07,0.2465844303369522,0.5659870505332947,-0.013111825101077557,0.2740001082420349,0.4939534664154053,-0.015276639722287655,0.28759124875068665,0.4386427402496338,-0.018335798755288124,0.30098071694374084,0.3999786376953125,-0.018763214349746704,0.23805785179138184,0.43369680643081665,-0.003622648771852255,0.24774688482284546,0.40083667635917664,-0.01971057429909706,0.24607646465301514,0.45250174403190613,-0.025424646213650703,0.24315428733825684,0.49267148971557617,-0.02380477264523506,0.21545977890491486,0.4349276125431061,-0.0027148546651005745,0.22607222199440002,0.4160674810409546,-0.02550726942718029,0.2260173261165619,0.47891855239868164,-0.03116508014500141,0.2242897003889084,0.5230469703674316,-0.027245085686445236,0.1935887336730957,0.4432187080383301,-0.005125947296619415,0.2023220956325531,0.42143088579177856,-0.028108390048146248,0.2068902850151062,0.48154333233833313,-0.02871905267238617,0.20866020023822784,0.5262749791145325,-0.019793666899204254,0.17170821130275726,0.4546259045600891,-0.008403155952692032,0.1712653934955597,0.38869017362594604,-0.020504923537373543,0.17378860712051392,0.34621119499206543,-0.022621648386120796,0.17771472036838531,0.3085200786590576,-0.019441692158579826
Y,0.21477235853672028,0.6035119295120239,-3.1710993653177866e-07,0.24847233295440674,0.5647686719894409,-0.010591770522296429,0.26922595500946045,0.4876495897769928,-0.011840246617794037,0.27827340364456177,0.4323335587978363,-0.014508451335132122,0.2890998125076294,0.3949223756790161,-0.014512221328914165,0.2368580847978592,0.4301244020462036,-0.0016666391165927052,0.25083088874816895,0.4012114107608795,-0.017814449965953827,0.2500806152820587,0.45585888624191284,-0.023162953555583954,0.24574412405490875,0.49662503600120544,-0.0210924930870533,0.21559278666973114,0.43388739228248596,-0.0019083459628745914,0.23086392879486084,0.41714373230934143,-0.024196185171604156,0.23177893459796906,0.4835624694824219,-0.02896643988788128,0.22923646867275238,0.5275028347969055,-0.02430582046508789,0.19542261958122253,0.4450903832912445,-0.005295474082231522,0.2081560492515564,0.42603543400764465,-0.028168736025691032,0.2144671231508255,0.4879128336906433,-0.028096061199903488,0.21603824198246002,0.5325450301170349,-0.01852966658771038,0.1756211519241333,0.4592585265636444,-0.009299928322434425,0.174636572599411,0.39333584904670715,-0.02120174653828144,0.1769305020570755,0.3517475128173828,-0.022569570690393448,0.18084023892879486,0.31476956605911255,-0.01868048682808876
Y,0.20830677449703217,0.6237108707427979,-3.1837478786655993e-07,0.2444831132888794,0.5859963893890381,-0.012160600163042545,0.26873886585235596,0.5095747113227844,-0.013844873756170273,0.2808860242366791,0.4533706605434418,-0.016515599563717842,0.2938196063041687,0.41307464241981506,-0.016634998843073845,0.23456791043281555,0.4505116939544678,-0.0038745440542697906,0.24720336496829987,0.42099177837371826,-0.01996418833732605,0.24496018886566162,0.4747059941291809,-0.025195088237524033,0.24025443196296692,0.5163697600364685,-0.023086614906787872,0.21189159154891968,0.45240843296051025,-0.00330164167098701,0.2246919572353363,0.4367767572402954,-0.025858823210000992,0.2247423380613327,0.5032268762588501,-0.03052104450762272,0.22231341898441315,0.5481235384941101,-0.025809122249484062,0.19032995402812958,0.4623873829841614,-0.0059456671588122845,0.20200425386428833,0.44387754797935486,-0.02897232212126255,0.20761024951934814,0.5061534643173218,-0.028940405696630478,0.20911438763141632,0.5510921478271484,-0.019420839846134186,0.1694118082523346,0.47600606083869934,-0.009308407083153725,0.16893550753593445,0.40928158164024353,-0.021643787622451782,0.1709039956331253,0.36767813563346863,-0.0233015064150095,0.17414993047714233,0.3302702009677887,-0.01957380212843418
Y,0.17785485088825226,0.6766989827156067,-3.489034270387492e-07,0.22009749710559845,0.6456743478775024,-0.02010469138622284,0.25645098090171814,0.5716357231140137,-0.02639557234942913,0.280234694480896,0.5088185667991638,-0.0326530858874321,0.3023183047771454,0.46727830171585083,-0.035472508519887924,0.22020861506462097,0.4870244860649109,-0.011777637526392937,0.21796126663684845,0.4654516577720642,-0.034465622156858444,0.21203649044036865,0.5262393951416016,-0.043863408267498016,0.20973515510559082,0.5715804100036621,-0.043442197144031525,0.1906086504459381,0.48042431473731995,-0.008687699213624,0.18848776817321777,0.47787579894065857,-0.03636380285024643,0.18693149089813232,0.5503129959106445,-0.042664241045713425,0.18751995265483856,0.5956039428710938,-0.038646403700113297,0.1639081835746765,0.48731714487075806,-0.009692884050309658,0.16053973138332367,0.47300565242767334,-0.03752811998128891,0.16391131281852722,0.5431598424911499,-0.0370512418448925,0.16928540170192719,0.5930107831954956,-0.026283660903573036,0.13807526230812073,0.49887311458587646,-0.012215751223266125,0.13783329725265503,0.43052542209625244,-0.02746206894516945,0.13799116015434265,0.3859679698944092,-0.02950245514512062,0.14027823507785797,0.34443777799606323,-0.025292381644248962
Y,0.1819281429052353,0.675694465637207,-3.665718395495787e-07,0.21962516009807587,0.6539376974105835,-0.026830516755580902,0.25681689381599426,0.5900925993919373,-0.03680000454187393,0.282500296831131,0.5284680128097534,-0.0445811003446579,0.307969331741333,0.4906148910522461,-0.04822218790650368,0.23387464880943298,0.4904012680053711,-0.020026400685310364,0.21258096396923065,0.4743160307407379,-0.04497108235955238,0.20176474750041962,0.5368121266365051,-0.05509193614125252,0.20081672072410583,0.5830613970756531,-0.05454741045832634,0.20442841947078705,0.4791230857372284,-0.012954316101968288,0.184078186750412,0.48183488845825195,-0.043274521827697754,0.18003764748573303,0.5564771294593811,-0.049422744661569595,0.1820710450410843,0.6015366911888123,-0.044675253331661224,0.17716214060783386,0.483244925737381,-0.01012004166841507,0.15730993449687958,0.472076416015625,-0.04025527834892273,0.15781690180301666,0.5405446887016296,-0.039984431117773056,0.164877250790596,0.5874918103218079,-0.028706222772598267,0.15056608617305756,0.49395331740379333,-0.009115961380302906,0.14773660898208618,0.4318508803844452,-0.02488604560494423,0.14416059851646423,0.39146238565444946,-0.02664707414805889,0.14240705966949463,0.3520033061504364,-0.021576886996626854
Y,0.17452183365821838,0.6741363406181335,-3.3599431503716914e-07,0.21075774729251862,0.6540755033493042,-0.026192648336291313,0.24559488892555237,0.5947669148445129,-0.03581373393535614,0.2698010802268982,0.5346379280090332,-0.0438191220164299,0.29330259561538696,0.4972522258758545,-0.047966569662094116,0.22411571443080902,0.4974214434623718,-0.015567822381854057,0.20525619387626648,0.4736053943634033,-0.039424896240234375,0.19460751116275787,0.52594393491745,-0.04965655133128166,0.19310928881168365,0.5678367018699646,-0.049490172415971756,0.19750820100307465,0.4858822524547577,-0.008798420429229736,0.17825089395046234,0.4859483242034912,-0.040351398289203644,0.17446205019950867,0.5588564872741699,-0.04871584475040436,0.17544271051883698,0.6055235266685486,-0.04457545652985573,0.17253462970256805,0.4881706237792969,-0.006312496028840542,0.1536192148923874,0.4749229848384857,-0.037785712629556656,0.15388864278793335,0.5439139008522034,-0.04002751410007477,0.15941274166107178,0.5922126173973083,-0.029513660818338394,0.1480773538351059,0.49627912044525146,-0.005463917274028063,0.14423154294490814,0.43533992767333984,-0.02177502028644085,0.1394043266773224,0.39655601978302,-0.02469995617866516,0.13614052534103394,0.3585864305496216,-0.020049670711159706
Y,0.16884136199951172,0.6515620350837708,-3.044237075755518e-07,0.2044510841369629,0.6319038271903992,-0.026427576318383217,0.23757605254650116,0.5717692375183105,-0.03563912957906723,0.2602309584617615,0.5118681788444519,-0.04298437014222145,0.28062427043914795,0.4703541100025177,-0.04658174514770508,0.21779122948646545,0.4785548746585846,-0.016300277784466743,0.19983583688735962,0.4530315101146698,-0.04022164270281792,0.18996436893939972,0.5034489631652832,-0.04987180605530739,0.1883009374141693,0.5456240177154541,-0.04898197576403618,0.19195717573165894,0.46856361627578735,-0.00912471767514944,0.17297200858592987,0.4650269150733948,-0.040139347314834595,0.16861166059970856,0.5352399945259094,-0.04757172241806984,0.16850285232067108,0.5811175107955933,-0.042810432612895966,0.16747570037841797,0.47138726711273193,-0.006391908507794142,0.14854152500629425,0.45852750539779663,-0.03740059211850166,0.1487850546836853,0.5248899459838867,-0.0393325611948967,0.15419623255729675,0.5720397233963013,-0.02870832197368145,0.14380306005477905,0.47912004590034485,-0.005272179841995239,0.1405789703130722,0.41790667176246643,-0.020960785448551178,0.1383925825357437,0.379876047372818,-0.023514434695243835,0.13810552656650543,0.3439517021179199,-0.01879526674747467
Y,0.16690446436405182,0.6495252251625061,-3.1225579277815996e-07,0.20036517083644867,0.6289041638374329,-0.029439693316817284,0.23219133913516998,0.5671444535255432,-0.03937587887048721,0.2525799572467804,0.5037950277328491,-0.0464266873896122,0.2728143036365509,0.4623127579689026,-0.04920179024338722,0.212412029504776,0.4742531180381775,-0.018379585817456245,0.18598155677318573,0.4549827575683594,-0.04167110100388527,0.17565754055976868,0.5096356868743896,-0.050386253744363785,0.17647741734981537,0.5528079867362976,-0.048792824149131775,0.18763726949691772,0.46537941694259644,-0.009282895363867283,0.16147318482398987,0.46595415472984314,-0.04073259234428406,0.15951743721961975,0.53727787733078,-0.048259057104587555,0.16221846640110016,0.5828083753585815,-0.04303416237235069,0.1642199009656906,0.4688013195991516,-0.004669607151299715,0.14064249396324158,0.4594206213951111,-0.0362524650990963,0.14277741312980652,0.5254073143005371,-0.03863898664712906,0.14969782531261444,0.5715422034263611,-0.027742978185415268,0.1412394642829895,0.4776197671890259,-0.0018373127095401287,0.13639673590660095,0.4178505539894104,-0.01810963824391365,0.13287027180194855,0.38079920411109924,-0.02115694433450699,0.13057255744934082,0.3450530171394348,-0.01620091125369072
Y,0.17537084221839905,0.6634355783462524,-3.2135176297742873e-07,0.20984584093093872,0.6289117932319641,-0.021675297990441322,0.24194175004959106,0.5533857345581055,-0.02852736972272396,0.260483980178833,0.4880236089229584,-0.03454282507300377,0.2773466110229492,0.4441119134426117,-0.037161972373723984,0.20682518184185028,0.47726553678512573,-0.013565895147621632,0.19036774337291718,0.4618389308452606,-0.03569559007883072,0.18760205805301666,0.522221565246582,-0.04395482689142227,0.1906111240386963,0.5654380321502686,-0.0422949455678463,0.1790127158164978,0.47703659534454346,-0.008729128167033195,0.16542105376720428,0.47745391726493835,-0.036953654140233994,0.16888107359409332,0.5470618605613708,-0.0432354174554348,0.17381809651851654,0.5908646583557129,-0.03858029097318649,0.1548975706100464,0.48720595240592957,-0.007773465942591429,0.14031800627708435,0.472806453704834,-0.0358995646238327,0.14646270871162415,0.5364547371864319,-0.03660402074456215,0.15544545650482178,0.5808095335960388,-0.0262315534055233,0.1314183622598648,0.5009329915046692,-0.008209770545363426,0.12744566798210144,0.43978792428970337,-0.022464435547590256,0.12511804699897766,0.4008813798427582,-0.02442353591322899,0.12441089004278183,0.36379772424697876,-0.01986454799771309
Y,0.17015980184078217,0.66447514295578,-3.0522281235789706e-07,0.20609550178050995,0.625561535358429,-0.018994871526956558,0.2359849363565445,0.5459858775138855,-0.024495158344507217,0.25182971358299255,0.4797056317329407,-0.029835084453225136,0.2672930955886841,0.4341941475868225,-0.03193361684679985,0.19880181550979614,0.4780553877353668,-0.009741777554154396,0.1894679069519043,0.45542773604393005,-0.030373044312000275,0.18798640370368958,0.514207661151886,-0.03810541704297066,0.19034293293952942,0.5585702657699585,-0.03641939163208008,0.17124803364276886,0.47945141792297363,-0.006371043156832457,0.16475112736225128,0.47478604316711426,-0.0329614095389843,0.16800536215305328,0.5412488579750061,-0.03918490931391716,0.17186087369918823,0.5852420926094055,-0.03468117117881775,0.14726845920085907,0.4906688928604126,-0.006833958905190229,0.13869887590408325,0.475553423166275,-0.03312775865197182,0.14628420770168304,0.537486732006073,-0.03357372805476189,0.1554248332977295,0.5824870467185974,-0.023448001593351364,0.12431710958480835,0.5046385526657104,-0.008610326796770096,0.12092582881450653,0.44250717759132385,-0.02172490581870079,0.1199110820889473,0.402538537979126,-0.02330741286277771,0.12096497416496277,0.36517155170440674,-0.01885383017361164
Y,0.16494905948638916,0.6799781322479248,-3.1011572332317883e-07,0.20298032462596893,0.6415908336639404,-0.016944948583841324,0.23253792524337769,0.560984194278717,-0.020583264529705048,0.24754133820533752,0.4977189302444458,-0.024487869814038277,0.2630941569805145,0.4548341631889343,-0.025205859914422035,0.19068017601966858,0.4906178116798401,-0.0056825680658221245,0.19520068168640137,0.47370392084121704,-0.024123208597302437,0.19476912915706635,0.5318803191184998,-0.0312533937394619,0.19453507661819458,0.5746084451675415,-0.029878241941332817,0.16454339027404785,0.49226275086402893,-0.0033531198278069496,0.17101532220840454,0.49103987216949463,-0.027397794649004936,0.1728975474834442,0.5576248168945312,-0.03346532583236694,0.17380347847938538,0.600616455078125,-0.02949186973273754,0.1417999267578125,0.5055374503135681,-0.0047914921306073666,0.1461329162120819,0.4951573610305786,-0.029612809419631958,0.1513078361749649,0.5589352250099182,-0.030085263773798943,0.15529252588748932,0.6041564345359802,-0.02044232003390789,0.12010034173727036,0.5227362513542175,-0.00745345139876008,0.11951446533203125,0.45726898312568665,-0.02064508944749832,0.12126818299293518,0.4141958951950073,-0.022388990968465805,0.12491663545370102,0.3757319450378418,-0.01823132298886776
Y,0.16071830689907074,0.6801321506500244,-3.2302469321621174e-07,0.1995469629764557,0.6490269899368286,-0.016676031053066254,0.2319447100162506,0.5766296982765198,-0.02097291126847267,0.25065773725509644,0.5183988809585571,-0.02568788453936577,0.2693713307380676,0.47979700565338135,-0.02725161984562874,0.191329225897789,0.49188417196273804,-0.004773327615112066,0.19946132600307465,0.4782770872116089,-0.023218128830194473,0.1966572105884552,0.536992609500885,-0.03133983165025711,0.19485105574131012,0.5796257257461548,-0.03097160905599594,0.1664905846118927,0.4908387064933777,-0.002844414208084345,0.1758098304271698,0.493990033864975,-0.026216454803943634,0.17469429969787598,0.5615366697311401,-0.032536476850509644,0.17401455342769623,0.6041452884674072,-0.029008671641349792,0.14398550987243652,0.5037478804588318,-0.0046131606213748455,0.1512393206357956,0.4988141357898712,-0.029105618596076965,0.15345071256160736,0.5644766092300415,-0.02921866998076439,0.15537823736667633,0.6088361144065857,-0.019385993480682373,0.12240256369113922,0.5206824541091919,-0.007617773022502661,0.124311663210392,0.4562363624572754,-0.02069987915456295,0.1274217963218689,0.4136214852333069,-0.021766280755400658,0.1324833631515503,0.37590643763542175,-0.01699075661599636
Y,0.15601006150245667,0.660554826259613,-2.938326701951155e-07,0.19366887211799622,0.6311496496200562,-0.015730608254671097,0.2266065627336502,0.5649044513702393,-0.020168837159872055,0.24686922132968903,0.510593831539154,-0.02515777200460434,0.265087366104126,0.4749605655670166,-0.0270089041441679,0.18827752768993378,0.4891974925994873,-0.005593964830040932,0.1974242776632309,0.4631631076335907,-0.023991866037249565,0.19300945103168488,0.5180729031562805,-0.031415387988090515,0.18932345509529114,0.55796217918396,-0.030523691326379776,0.16488125920295715,0.4859907329082489,-0.0040008011274039745,0.17372550070285797,0.4753890633583069,-0.02745845913887024,0.17175832390785217,0.5398041605949402,-0.03311017155647278,0.16988547146320343,0.5800544023513794,-0.029187187552452087,0.14316031336784363,0.49246910214424133,-0.006051164120435715,0.1505337655544281,0.4768446981906891,-0.030091138556599617,0.15280820429325104,0.540315568447113,-0.030126774683594704,0.15356580913066864,0.5838831663131714,-0.02046898566186428,0.1219429075717926,0.5016517639160156,-0.009243137203156948,0.12435173243284225,0.43569129705429077,-0.021512139588594437,0.12897273898124695,0.3937153220176697,-0.02278088964521885,0.13485664129257202,0.3561149835586548,-0.018599139526486397
Y,0.167308047413826,0.6627894639968872,-3.243387141083076e-07,0.2071639895439148,0.6357158422470093,-0.014797978103160858,0.2385195791721344,0.5646736025810242,-0.01749582774937153,0.2556312680244446,0.5075138807296753,-0.020651264116168022,0.2713218033313751,0.46926549077033997,-0.02076168730854988,0.20155902206897736,0.48219621181488037,-0.005312602035701275,0.21300232410430908,0.46120738983154297,-0.02218526601791382,0.20896470546722412,0.5182089805603027,-0.028451183810830116,0.20467472076416016,0.5601637959480286,-0.02725616842508316,0.17757180333137512,0.48011940717697144,-0.003899872535839677,0.18984730541706085,0.47450703382492065,-0.027001578360795975,0.18809892237186432,0.5424359440803528,-0.03225089982151985,0.1861584484577179,0.5870367288589478,-0.027936747297644615,0.15512827038764954,0.4900186359882355,-0.00594354048371315,0.16635818779468536,0.48289725184440613,-0.0299174003303051,0.16836224496364594,0.5477424263954163,-0.030053552240133286,0.1686811000108719,0.5932619571685791,-0.020447297021746635,0.13347697257995605,0.5042772889137268,-0.009019517339766026,0.13721778988838196,0.4398764967918396,-0.022892918437719345,0.14100083708763123,0.3968743085861206,-0.025367842987179756,0.14616519212722778,0.3595137596130371,-0.021811088547110558
Y,0.17307910323143005,0.6574215292930603,-3.0881849966135633e-07,0.21273988485336304,0.6298598647117615,-0.01501814741641283,0.24734844267368317,0.5613815188407898,-0.018658380955457687,0.27000683546066284,0.5070874691009521,-0.02289680950343609,0.2902282476425171,0.47411420941352844,-0.023974740877747536,0.21228273212909698,0.48350024223327637,-0.005819540936499834,0.21928907930850983,0.45668432116508484,-0.023282313719391823,0.21441425383090973,0.5125084519386292,-0.029249055311083794,0.21074101328849792,0.5507307052612305,-0.02769857831299305,0.18781150877475739,0.47831103205680847,-0.004564764443784952,0.19500571489334106,0.46672433614730835,-0.02749140001833439,0.19246676564216614,0.5343173146247864,-0.03196107596158981,0.19026906788349152,0.572848379611969,-0.027492539957165718,0.1645488142967224,0.4834565818309784,-0.006839499343186617,0.1700473427772522,0.4646628499031067,-0.03086458332836628,0.17125360667705536,0.5308205485343933,-0.029906008392572403,0.1713540405035019,0.5737811326980591,-0.01985527016222477,0.14124959707260132,0.4921596944332123,-0.010155251249670982,0.14377667009830475,0.4240349531173706,-0.023241059854626656,0.14849989116191864,0.381772518157959,-0.024669162929058075,0.15421323478221893,0.34203028678894043,-0.020692115649580956
Y,0.17383022606372833,0.6496182680130005,-2.9185460448388767e-07,0.21279124915599823,0.625786304473877,-0.019152509048581123,0.24932673573493958,0.564719021320343,-0.026521608233451843,0.27525949478149414,0.5100687146186829,-0.033852748572826385,0.2965468466281891,0.4739401340484619,-0.03777702525258064,0.21826906502246857,0.48248982429504395,-0.013325032778084278,0.2157270759344101,0.4442780911922455,-0.0344996303319931,0.20949922502040863,0.4975633919239044,-0.04193917661905289,0.2067817598581314,0.5399671792984009,-0.04055171459913254,0.1913267970085144,0.47473084926605225,-0.010622777976095676,0.18911698460578918,0.4539688527584076,-0.038097187876701355,0.18648108839988708,0.5211201906204224,-0.043708015233278275,0.1861991286277771,0.5642220377922058,-0.03914704918861389,0.16645342111587524,0.4758718013763428,-0.011593373492360115,0.1626265048980713,0.44845449924468994,-0.03783339634537697,0.16454601287841797,0.5128301978111267,-0.03703159838914871,0.16864991188049316,0.5598019957542419,-0.026650691404938698,0.1420164406299591,0.48009204864501953,-0.014038379304111004,0.14349567890167236,0.41433677077293396,-0.02771592140197754,0.14547687768936157,0.3712649345397949,-0.029716188088059425,0.14926353096961975,0.33048197627067566,-0.02607387863099575
Y,0.16953164339065552,0.6645143628120422,-3.031425706012669e-07,0.20729848742485046,0.6392521858215332,-0.021554458886384964,0.24416987597942352,0.5775776505470276,-0.03029032237827778,0.2702580392360687,0.5220373868942261,-0.038355130702257156,0.2932069003582001,0.48655131459236145,-0.042718324810266495,0.21500395238399506,0.49464845657348633,-0.016930188983678818,0.20559188723564148,0.4606931209564209,-0.03976625204086304,0.19846059381961823,0.5179251432418823,-0.04739353805780411,0.19705700874328613,0.5609225630760193,-0.04559750854969025,0.1867976188659668,0.487384557723999,-0.01302694994956255,0.17898505926132202,0.4690605401992798,-0.04213133826851845,0.1766422539949417,0.5386468172073364,-0.047601550817489624,0.17779196798801422,0.5818936824798584,-0.042510759085416794,0.16149061918258667,0.4891093075275421,-0.012904109433293343,0.15323831140995026,0.46232837438583374,-0.0407152995467186,0.15554553270339966,0.5272969007492065,-0.039941053837537766,0.16159705817699432,0.5738914608955383,-0.029057439416646957,0.13682863116264343,0.49438467621803284,-0.014369395561516285,0.13837295770645142,0.4297713339328766,-0.028973601758480072,0.13920404016971588,0.38780802488327026,-0.03127812221646309,0.14203551411628723,0.34774285554885864,-0.027424637228250504
Y,0.17349347472190857,0.6840255856513977,-3.1297699365495646e-07,0.2110416144132614,0.6603468060493469,-0.02330867201089859,0.24842217564582825,0.600055992603302,-0.033114999532699585,0.27520960569381714,0.5435689687728882,-0.04182784631848335,0.30012473464012146,0.5064768195152283,-0.046962324529886246,0.21928229928016663,0.5106935501098633,-0.018324917182326317,0.20898489654064178,0.48746687173843384,-0.041927143931388855,0.20054011046886444,0.5445680618286133,-0.05148358270525932,0.19869184494018555,0.5878987312316895,-0.05118606984615326,0.1909659504890442,0.500799834728241,-0.013581827282905579,0.18160125613212585,0.4946002960205078,-0.04196833074092865,0.17910407483577728,0.564098060131073,-0.04804900288581848,0.1806807667016983,0.6073364615440369,-0.04411422088742256,0.16537615656852722,0.5038236379623413,-0.012712216936051846,0.1557011902332306,0.4858344793319702,-0.04043116047978401,0.15747585892677307,0.5508384704589844,-0.040061235427856445,0.16365718841552734,0.5974647402763367,-0.029774634167551994,0.14026254415512085,0.5118615031242371,-0.013537201099097729,0.141305610537529,0.44941380620002747,-0.028150204569101334,0.141606867313385,0.40780097246170044,-0.030260920524597168,0.14350415766239166,0.3686179518699646,-0.02634310908615589
Y,0.1811525970697403,0.6788963079452515,-3.293375527846365e-07,0.219247505068779,0.6559008359909058,-0.024693621322512627,0.2578340172767639,0.5931054949760437,-0.034063488245010376,0.2839021384716034,0.5347707271575928,-0.04205179587006569,0.30734026432037354,0.4961875081062317,-0.04642836004495621,0.22894221544265747,0.4990038275718689,-0.018448011949658394,0.21110910177230835,0.4808807373046875,-0.04214974120259285,0.20354299247264862,0.5400190353393555,-0.05138286203145981,0.20365901291370392,0.5832269787788391,-0.0504022091627121,0.2001962810754776,0.4903509318828583,-0.012769362889230251,0.18504539132118225,0.4881270229816437,-0.04149533435702324,0.1827954351902008,0.5594086647033691,-0.0476282499730587,0.1852218210697174,0.603055477142334,-0.04325354844331741,0.17423564195632935,0.4945506453514099,-0.011050835251808167,0.15944552421569824,0.47774842381477356,-0.03955041617155075,0.1602143943309784,0.5427765250205994,-0.03965841606259346,0.1664709746837616,0.5883903503417969,-0.029108157381415367,0.1484537273645401,0.5036755800247192,-0.011044053360819817,0.14685428142547607,0.4405333995819092,-0.025500038638710976,0.14518585801124573,0.4014834463596344,-0.02700333297252655,0.1457151174545288,0.3652682602405548,-0.022199571132659912
Y,0.1846608966588974,0.6764358878135681,-2.94294352443103e-07,0.22316206991672516,0.6476376056671143,-0.022302521392703056,0.25943654775619507,0.5806879997253418,-0.03090044856071472,0.28379926085472107,0.5193700194358826,-0.038809116929769516,0.3059028089046478,0.4790787398815155,-0.04326499626040459,0.22485503554344177,0.49899953603744507,-0.016109945252537727,0.21666757762432098,0.46679189801216125,-0.039073556661605835,0.210446298122406,0.5246550440788269,-0.047493431717157364,0.20904916524887085,0.5697786211967468,-0.046153243631124496,0.1970028579235077,0.4945843815803528,-0.011650708504021168,0.1910378485918045,0.47833096981048584,-0.040619365870952606,0.18960712850093842,0.5490291714668274,-0.0467294380068779,0.1902422159910202,0.5948994159698486,-0.0420822836458683,0.17172400653362274,0.49923771619796753,-0.011100967414677143,0.16290771961212158,0.47359418869018555,-0.03911517187952995,0.16661441326141357,0.5396474003791809,-0.038879700005054474,0.1732485294342041,0.5880531072616577,-0.02814558893442154,0.1467960625886917,0.5072000026702881,-0.012115685269236565,0.146336629986763,0.44206228852272034,-0.026188924908638,0.14645758271217346,0.4004736542701721,-0.02806294523179531,0.1480574905872345,0.3611375689506531,-0.02391817979514599
Y,0.18945764005184174,0.6765652894973755,-2.866042052573903e-07,0.2278798222541809,0.6329557299613953,-0.015813130885362625,0.2584792375564575,0.5534358024597168,-0.020399177446961403,0.2765445113182068,0.49091628193855286,-0.025946341454982758,0.29316937923431396,0.4472118616104126,-0.028409091755747795,0.21529853343963623,0.4930725693702698,-0.005525004584342241,0.21891449391841888,0.45739322900772095,-0.025184113532304764,0.21826855838298798,0.5132798552513123,-0.03308786451816559,0.21749350428581238,0.5576910972595215,-0.03205857425928116,0.18917611241340637,0.49598410725593567,-0.004227344878017902,0.19360730051994324,0.4760238826274872,-0.029539261013269424,0.1962820142507553,0.5419118404388428,-0.03581227734684944,0.19756311178207397,0.5856601595878601,-0.031857091933488846,0.16568151116371155,0.505845308303833,-0.006736381910741329,0.16747944056987762,0.47742313146591187,-0.031472332775592804,0.17413200438022614,0.5418878197669983,-0.030685637146234512,0.1793856918811798,0.5902191996574402,-0.02020881325006485,0.14249196648597717,0.5177526473999023,-0.010556388646364212,0.14047583937644958,0.44845351576805115,-0.023051725700497627,0.14137893915176392,0.4029974937438965,-0.02422277443110943,0.14357832074165344,0.3615720570087433,-0.019978327676653862
Y,0.1818363070487976,0.684656023979187,-3.264514418788167e-07,0.22057904303073883,0.6433186531066895,-0.014900966547429562,0.24879173934459686,0.5589935779571533,-0.017033349722623825,0.26369333267211914,0.4954788088798523,-0.01979847438633442,0.277225524187088,0.4526097774505615,-0.019479801878333092,0.20413881540298462,0.4919990301132202,-0.003955123480409384,0.21521179378032684,0.4625627398490906,-0.020817644894123077,0.2143833339214325,0.5236260890960693,-0.026934675872325897,0.21155141294002533,0.5673807859420776,-0.025380445644259453,0.17970381677150726,0.4948965013027191,-0.0024394476786255836,0.1923825591802597,0.48086869716644287,-0.026180116459727287,0.19371503591537476,0.553638756275177,-0.03168683499097824,0.19260817766189575,0.6016403436660767,-0.027119766920804977,0.15718719363212585,0.5082274675369263,-0.004510744474828243,0.16711118817329407,0.48908066749572754,-0.02871677279472351,0.172537162899971,0.5575959086418152,-0.028259482234716415,0.17445707321166992,0.6066427230834961,-0.017921313643455505,0.13504508137702942,0.524957001209259,-0.007649670355021954,0.13495615124702454,0.45499593019485474,-0.02067705988883972,0.13786731660366058,0.4090203642845154,-0.022377263754606247,0.1419631540775299,0.3677675724029541,-0.018311116844415665
Y,0.1873113214969635,0.6828028559684753,-3.6775935541299987e-07,0.2253493219614029,0.6364999413490295,-0.012467562220990658,0.2466854453086853,0.5458536744117737,-0.013344597071409225,0.25476449728012085,0.4822149872779846,-0.01558834221214056,0.26634061336517334,0.4374014139175415,-0.015077020041644573,0.20770925283432007,0.4837007522583008,-0.0018758128862828016,0.220289945602417,0.4567774832248688,-0.0194846261292696,0.2197197675704956,0.5180947780609131,-0.025558793917298317,0.21636633574962616,0.565737783908844,-0.023316076025366783,0.18354204297065735,0.48891404271125793,-0.0016155433841049671,0.19700472056865692,0.47664523124694824,-0.026275789365172386,0.19920621812343597,0.5515966415405273,-0.031459517776966095,0.19909128546714783,0.6026384234428406,-0.02589324861764908,0.16167764365673065,0.5043648481369019,-0.004882331937551498,0.17352789640426636,0.4888260066509247,-0.029695071280002594,0.18111775815486908,0.5574996471405029,-0.02896633744239807,0.18523745238780975,0.6074193120002747,-0.017725808545947075,0.1406986266374588,0.5237489938735962,-0.008988202549517155,0.14038461446762085,0.452676922082901,-0.021725069731473923,0.14183026552200317,0.40698206424713135,-0.022362103685736656,0.14553600549697876,0.3668549060821533,-0.01709943823516369
Y,0.18798980116844177,0.6936339139938354,-3.6958837767997466e-07,0.22655031085014343,0.6457435488700867,-0.01447970699518919,0.24901171028614044,0.5547125339508057,-0.01620715670287609,0.2583417296409607,0.4886094629764557,-0.018606146797537804,0.2714104950428009,0.44540780782699585,-0.017841579392552376,0.20485498011112213,0.4885118007659912,-0.004487338475883007,0.21888719499111176,0.46291548013687134,-0.021977826952934265,0.2188585102558136,0.5272347331047058,-0.02790629304945469,0.21596015989780426,0.5731000900268555,-0.02602521702647209,0.1795470118522644,0.49425601959228516,-0.003155539510771632,0.19536927342414856,0.4860003590583801,-0.02759651653468609,0.19815196096897125,0.5615717768669128,-0.032805025577545166,0.19787877798080444,0.609390139579773,-0.027654824778437614,0.15773989260196686,0.5123479962348938,-0.005275174509733915,0.17123952507972717,0.5001643896102905,-0.030176520347595215,0.1784406304359436,0.5705177783966064,-0.029189541935920715,0.1815730631351471,0.6185373663902283,-0.018076810985803604,0.13734853267669678,0.5351749658584595,-0.008372664451599121,0.13657888770103455,0.46669459342956543,-0.02191886119544506,0.1379530429840088,0.421616792678833,-0.0230094026774168,0.14116628468036652,0.38143759965896606,-0.01802957057952881
Y,0.17319495975971222,0.6952837109565735,-3.2297111829393543e-07,0.21446698904037476,0.6599173545837402,-0.020444177091121674,0.2503221929073334,0.5773940086364746,-0.026365531608462334,0.2721097767353058,0.5091900825500488,-0.031971801072359085,0.2912081182003021,0.4656229615211487,-0.03353632614016533,0.21153588593006134,0.5050987005233765,-0.0140425655990839,0.20729155838489532,0.46537959575653076,-0.036216851323843,0.2044191062450409,0.5288695096969604,-0.04257921874523163,0.20413996279239655,0.5750735998153687,-0.03971720486879349,0.18143735826015472,0.5045010447502136,-0.01061940286308527,0.1781279295682907,0.482562392950058,-0.040054574608802795,0.17978669703006744,0.555606484413147,-0.044872839003801346,0.18152406811714172,0.5995563268661499,-0.038850087672472,0.15519562363624573,0.5111168622970581,-0.011301386170089245,0.14938309788703918,0.47904181480407715,-0.03982286900281906,0.1560620367527008,0.5497268438339233,-0.0383099764585495,0.16307221353054047,0.6003138422966003,-0.02639112062752247,0.1300046443939209,0.5195065140724182,-0.013490206561982632,0.12924963235855103,0.4467965364456177,-0.0286445003002882,0.12998268008232117,0.4001450538635254,-0.031092237681150436,0.13193948566913605,0.35512256622314453,-0.02722574584186077
Y,0.1633377969264984,0.7106775641441345,-3.2743247402322595e-07,0.2019605040550232,0.6746779680252075,-0.02209000289440155,0.23845869302749634,0.5935150980949402,-0.029264338314533234,0.2613306939601898,0.5262284278869629,-0.03575269877910614,0.2823185920715332,0.48356878757476807,-0.03827439993619919,0.20232635736465454,0.5158845782279968,-0.015626365318894386,0.19218894839286804,0.48100507259368896,-0.038190167397260666,0.1878906935453415,0.546319305896759,-0.04496600851416588,0.18831321597099304,0.5941203832626343,-0.042122602462768555,0.17217110097408295,0.5147441625595093,-0.011248882859945297,0.1642526090145111,0.49814701080322266,-0.04088982939720154,0.16427747905254364,0.5738056898117065,-0.04607648774981499,0.16645678877830505,0.6216644644737244,-0.04012088477611542,0.14586175978183746,0.5221310257911682,-0.01093430444598198,0.13643485307693481,0.49322137236595154,-0.03958199918270111,0.14058122038841248,0.5639037489891052,-0.038507312536239624,0.14792966842651367,0.6154336929321289,-0.0266476571559906,0.1204717755317688,0.5319689512252808,-0.012225348502397537,0.11994662880897522,0.46127811074256897,-0.026877453550696373,0.11930804699659348,0.416659414768219,-0.028905021026730537,0.12079275399446487,0.37420326471328735,-0.0244473684579134
Y,0.15623854100704193,0.6941467523574829,-3.0638446446573653e-07,0.19483399391174316,0.6613237261772156,-0.022336499765515327,0.23051074147224426,0.5865392684936523,-0.02987026609480381,0.25338733196258545,0.5212846994400024,-0.03678937628865242,0.2733643352985382,0.47876402735710144,-0.040023770183324814,0.19424760341644287,0.506354570388794,-0.014394301921129227,0.18609540164470673,0.47044211626052856,-0.037136245518922806,0.1820596307516098,0.5302644968032837,-0.04478916898369789,0.1818351149559021,0.5774251222610474,-0.0424564965069294,0.1657160371541977,0.5032138824462891,-0.009735538624227047,0.1596730798482895,0.4865373969078064,-0.03951862081885338,0.15930303931236267,0.5607608556747437,-0.045647501945495605,0.1602392941713333,0.6091906428337097,-0.04011118412017822,0.1405627727508545,0.5087254047393799,-0.009187206625938416,0.13206040859222412,0.481346070766449,-0.03797626122832298,0.13555248081684113,0.5497890710830688,-0.03804423287510872,0.14158369600772858,0.5997593998908997,-0.026724988594651222,0.11614728718996048,0.5175033807754517,-0.010200424119830132,0.1157316267490387,0.44846341013908386,-0.0245863888412714,0.11585483700037003,0.40562206506729126,-0.02667069621384144,0.11771409958600998,0.3650926649570465,-0.02217816933989525
Y,0.15146702527999878,0.6923657655715942,-3.1761248919792706e-07,0.18938200175762177,0.6625258326530457,-0.024275727570056915,0.22645621001720428,0.5908643007278442,-0.032710738480091095,0.25075483322143555,0.5265818238258362,-0.04030739888548851,0.27222222089767456,0.4841736853122711,-0.043963950127363205,0.19349424540996552,0.5085664391517639,-0.014591919258236885,0.18261294066905975,0.47450196743011475,-0.039356574416160583,0.1767183542251587,0.5357367396354675,-0.04824487119913101,0.17654001712799072,0.5827935934066772,-0.04632750153541565,0.16464228928089142,0.5031693577766418,-0.009219690226018429,0.15534284710884094,0.4893752932548523,-0.041385047137737274,0.15422944724559784,0.5642157793045044,-0.04823995381593704,0.15569338202476501,0.6125178933143616,-0.04256511852145195,0.13901090621948242,0.5077118873596191,-0.008412938565015793,0.1278233677148819,0.48300278186798096,-0.039391323924064636,0.13094468414783478,0.5513623356819153,-0.039954643696546555,0.13809554278850555,0.60036700963974,-0.02825968898832798,0.11396399885416031,0.5156636238098145,-0.00929341372102499,0.11448469012975693,0.44986116886138916,-0.02466662973165512,0.11435282230377197,0.408136785030365,-0.027178563177585602,0.11606273055076599,0.3678634762763977,-0.022587718442082405
Y,0.1516263633966446,0.7008569240570068,-3.14443468596437e-07,0.1891166865825653,0.6695312261581421,-0.023214831948280334,0.22473636269569397,0.5970070362091064,-0.03105790540575981,0.24789652228355408,0.532489001750946,-0.03809751197695732,0.26872244477272034,0.4902555048465729,-0.04141819104552269,0.19324623048305511,0.5127881169319153,-0.014081551693379879,0.1796959936618805,0.4841292202472687,-0.037306953221559525,0.17413465678691864,0.5457002520561218,-0.045960187911987305,0.17480508983135223,0.5921657085418701,-0.044364508241415024,0.16418269276618958,0.5087018609046936,-0.008987237699329853,0.154078871011734,0.49903854727745056,-0.039470937103033066,0.15317672491073608,0.5732744932174683,-0.046431295573711395,0.15445655584335327,0.6218236088752747,-0.041413918137550354,0.13828137516975403,0.5147534012794495,-0.00808389950543642,0.1263541877269745,0.4922356605529785,-0.03787861764431,0.12966901063919067,0.5608734488487244,-0.038764677941799164,0.13685612380504608,0.6105455756187439,-0.027769386768341064,0.11339695751667023,0.5246707201004028,-0.008732483722269535,0.11266825348138809,0.4605933129787445,-0.02344358153641224,0.11203743517398834,0.42038285732269287,-0.025730593129992485,0.1134294867515564,0.3812302350997925,-0.021226804703474045
Y,0.1470475047826767,0.6942577362060547,-3.10756604449125e-07,0.18516893684864044,0.6671967506408691,-0.02757522091269493,0.22192725539207458,0.600450873374939,-0.03707927465438843,0.24491989612579346,0.5361517667770386,-0.044719867408275604,0.26637548208236694,0.4923555254936218,-0.04824680835008621,0.19537365436553955,0.5144338011741638,-0.016226045787334442,0.17435689270496368,0.48397916555404663,-0.04057932645082474,0.16418132185935974,0.5422983765602112,-0.0491749569773674,0.16456449031829834,0.5883216857910156,-0.04713398963212967,0.16787712275981903,0.507770299911499,-0.008702900260686874,0.15083153545856476,0.493353933095932,-0.04149613529443741,0.1459381878376007,0.5685532689094543,-0.048786941915750504,0.14607442915439606,0.6185616850852966,-0.043096546083688736,0.1425507366657257,0.5107621550559998,-0.0057953824289143085,0.12505008280277252,0.4839354157447815,-0.03770070895552635,0.12500031292438507,0.5515162348747253,-0.03902702033519745,0.13115066289901733,0.600925087928772,-0.027432383969426155,0.11765386164188385,0.5176528096199036,-0.004657264798879623,0.1153668612241745,0.45227500796318054,-0.02028549835085869,0.11329102516174316,0.4121621251106262,-0.02289864979684353,0.1136084794998169,0.3742685317993164,-0.018084809184074402
Y,0.1550351083278656,0.7020478248596191,-3.0149931262712926e-07,0.19306230545043945,0.6615497469902039,-0.021590106189250946,0.2268526256084442,0.5816503167152405,-0.027516083791851997,0.24399325251579285,0.5130298137664795,-0.032811298966407776,0.2573416233062744,0.46518975496292114,-0.03427973762154579,0.18646539747714996,0.5140964388847351,-0.011838081292808056,0.17616131901741028,0.4798581004142761,-0.03442970663309097,0.17382121086120605,0.5408821702003479,-0.041892699897289276,0.1754753589630127,0.5872343182563782,-0.03914712741971016,0.15816465020179749,0.5156842470169067,-0.0070144254714250565,0.15021610260009766,0.49814581871032715,-0.03677331283688545,0.1520911604166031,0.5693921446800232,-0.042934224009513855,0.1549711525440216,0.6164323687553406,-0.03713597357273102,0.1335083544254303,0.5237489938735962,-0.006434264127165079,0.1222212016582489,0.49754098057746887,-0.03526246175169945,0.12860405445098877,0.5633559226989746,-0.0356459803879261,0.1376449167728424,0.611011803150177,-0.02427191473543644,0.10959140956401825,0.5340662598609924,-0.007348954677581787,0.10787208378314972,0.4655104875564575,-0.021579550579190254,0.10723590105772018,0.42384350299835205,-0.023793546482920647,0.10835866630077362,0.384760320186615,-0.019246749579906464
Y,0.16857978701591492,0.693727970123291,-2.920242820891872e-07,0.20717528462409973,0.6499723792076111,-0.015975307673215866,0.23675110936164856,0.564233124256134,-0.018626423552632332,0.2511294186115265,0.49858105182647705,-0.021933184936642647,0.26203811168670654,0.4506279230117798,-0.022030431777238846,0.19384321570396423,0.5093856453895569,-0.006055040284991264,0.19656763970851898,0.468281626701355,-0.025313446298241615,0.19650334119796753,0.5262401103973389,-0.03150682896375656,0.19607889652252197,0.5737744569778442,-0.028838984668254852,0.167445108294487,0.512756884098053,-0.004054812248796225,0.17183750867843628,0.4890114367008209,-0.03057810664176941,0.17415755987167358,0.5591333508491516,-0.03611672669649124,0.17547668516635895,0.6082776784896851,-0.03068944625556469,0.14341604709625244,0.522662878036499,-0.005973654333502054,0.14496207237243652,0.4938249886035919,-0.03132288530468941,0.15119920670986176,0.5598663091659546,-0.030571753159165382,0.15648582577705383,0.6096379160881042,-0.019513428211212158,0.11964305490255356,0.5350240468978882,-0.00914296880364418,0.11894387006759644,0.4626789391040802,-0.022140799090266228,0.1208820790052414,0.41615432500839233,-0.023943200707435608,0.12416486442089081,0.3740994334220886,-0.019840331748127937
Y,0.17139104008674622,0.7000113725662231,-3.164201984873216e-07,0.20992863178253174,0.6578308939933777,-0.015286576002836227,0.2373732179403305,0.5721439719200134,-0.017555702477693558,0.25076112151145935,0.5072392821311951,-0.02049906924366951,0.264777272939682,0.4657186269760132,-0.02030223421752453,0.1921101063489914,0.5099498629570007,-0.0050229839980602264,0.20067369937896729,0.47500520944595337,-0.022774619981646538,0.20105430483818054,0.5355064272880554,-0.0287677850574255,0.1997380554676056,0.5816300511360168,-0.026750845834612846,0.16751010715961456,0.5130534768104553,-0.003413513535633683,0.17783570289611816,0.4946122169494629,-0.028487998992204666,0.18053176999092102,0.5674372911453247,-0.03390055522322655,0.1810118854045868,0.6172745227813721,-0.02882540412247181,0.14494183659553528,0.5254026651382446,-0.005521866958588362,0.1529833972454071,0.5040392875671387,-0.03059300221502781,0.1593349128961563,0.572222113609314,-0.03039534203708172,0.16256003081798553,0.6220868825912476,-0.019853197038173676,0.1226235181093216,0.5409061908721924,-0.008732250891625881,0.12223523110151291,0.46877938508987427,-0.02208312228322029,0.12422601133584976,0.42176884412765503,-0.02424911968410015,0.12736470997333527,0.38000839948654175,-0.020447030663490295
Y,0.17408497631549835,0.7086073756217957,-3.376948427558091e-07,0.21275877952575684,0.6667242050170898,-0.01621353067457676,0.24050118029117584,0.5810849666595459,-0.01922917552292347,0.2545585036277771,0.5149615406990051,-0.022589800879359245,0.2689151465892792,0.4726943075656891,-0.02248077094554901,0.19679510593414307,0.5131929516792297,-0.007964321412146091,0.20455709099769592,0.4811633825302124,-0.026369579136371613,0.20431214570999146,0.5434628129005432,-0.031776245683431625,0.20252491533756256,0.5882928967475891,-0.02939223311841488,0.17115621268749237,0.5164867639541626,-0.006264869123697281,0.1812090277671814,0.5009698867797852,-0.032182347029447556,0.18398283421993256,0.5756317973136902,-0.0370212160050869,0.18467384576797485,0.6235763430595398,-0.03150727599859238,0.14831192791461945,0.5301744937896729,-0.008224599063396454,0.15637089312076569,0.5117887854576111,-0.03425515070557594,0.1629917472600937,0.5818854570388794,-0.03322373330593109,0.16659696400165558,0.6310826539993286,-0.021998941898345947,0.1261684000492096,0.5477383732795715,-0.011349824257194996,0.12538138031959534,0.4757978916168213,-0.02581333927810192,0.1272648423910141,0.4278135895729065,-0.028153209015727043,0.1305745244026184,0.38454902172088623,-0.02426501363515854
Y,0.17600999772548676,0.7128281593322754,-3.983865894952032e-07,0.21487362682819366,0.6711009740829468,-0.013843398541212082,0.23942755162715912,0.5842701196670532,-0.015241117216646671,0.2501896023750305,0.5208532214164734,-0.017652979120612144,0.2632994055747986,0.47976237535476685,-0.016644876450300217,0.19723911583423615,0.5114816427230835,-0.0032908276189118624,0.2115640789270401,0.4838925004005432,-0.021067826077342033,0.2114272117614746,0.5468271970748901,-0.02642020396888256,0.20783601701259613,0.5925279259681702,-0.023751014843583107,0.17318452894687653,0.5153063535690308,-0.0023917427752166986,0.18961110711097717,0.5051095485687256,-0.028198078274726868,0.191191166639328,0.5808133482933044,-0.03367851674556732,0.18914976716041565,0.6285390257835388,-0.02801431529223919,0.15235938131809235,0.5304725170135498,-0.004960567690432072,0.1664450466632843,0.5164098143577576,-0.03150558844208717,0.1729942411184311,0.5880951285362244,-0.03105340339243412,0.1742945909500122,0.6365046501159668,-0.01954055391252041,0.13283070921897888,0.5494537353515625,-0.008365971967577934,0.1327359676361084,0.477733314037323,-0.023217076435685158,0.13501298427581787,0.430797278881073,-0.024968724697828293,0.13870154321193695,0.38868701457977295,-0.01999739184975624
Y,0.16579478979110718,0.7196890115737915,-2.9596350259453175e-07,0.2059251070022583,0.684224545955658,-0.01811506599187851,0.24026528000831604,0.6113216876983643,-0.02334151603281498,0.26144230365753174,0.5504867434501648,-0.02904963120818138,0.28124651312828064,0.5115590691566467,-0.031211839988827705,0.20112138986587524,0.5361869931221008,-0.00688260467723012,0.20274069905281067,0.49999362230300903,-0.028229637071490288,0.19985400140285492,0.5582855343818665,-0.03624528646469116,0.19854001700878143,0.6024896502494812,-0.034864574670791626,0.17391522228717804,0.5337177515029907,-0.004780487157404423,0.17644186317920685,0.5123190879821777,-0.032716259360313416,0.17636361718177795,0.5832965970039368,-0.03920628875494003,0.17653924226760864,0.628740668296814,-0.0344269834458828,0.1488875150680542,0.5403058528900146,-0.006867978256195784,0.14966905117034912,0.512000322341919,-0.034458227455616,0.15282276272773743,0.5801241397857666,-0.034168072044849396,0.15596792101860046,0.6291437745094299,-0.02299109287559986,0.12436170876026154,0.5502633452415466,-0.01031941082328558,0.1253305822610855,0.4756332039833069,-0.02502036653459072,0.12928219139575958,0.4278941750526428,-0.027373891323804855,0.13461443781852722,0.38474220037460327,-0.02330295741558075
Y,0.17518708109855652,0.7526458501815796,-3.095675253916852e-07,0.2142321765422821,0.7211973071098328,-0.02377180941402912,0.2518481910228729,0.6530295014381409,-0.03260234370827675,0.275829553604126,0.5908975601196289,-0.040479712188243866,0.2971954941749573,0.5505102872848511,-0.0444917306303978,0.2170679122209549,0.5660417079925537,-0.017428165301680565,0.20595683157444,0.5385830402374268,-0.0416475385427475,0.20046456158161163,0.6003603935241699,-0.050460465252399445,0.20024634897708893,0.646536111831665,-0.048987966030836105,0.1872519552707672,0.5606585741043091,-0.012715582735836506,0.17786860466003418,0.5525379776954651,-0.04341984912753105,0.1774321347475052,0.6250919699668884,-0.05023748800158501,0.17955677211284637,0.6716756820678711,-0.04558619484305382,0.1605568528175354,0.5665632486343384,-0.012094258330762386,0.1498134732246399,0.5477919578552246,-0.042222462594509125,0.15367215871810913,0.6154868602752686,-0.04267707094550133,0.16116732358932495,0.6635449528694153,-0.031732697039842606,0.1343793272972107,0.5765346884727478,-0.01312185451388359,0.13401606678962708,0.5105855464935303,-0.029022129252552986,0.13460081815719604,0.46797120571136475,-0.03166418895125389,0.13743767142295837,0.4269123375415802,-0.027465960010886192
Y,0.1704123318195343,0.7351402044296265,-3.2143265116246766e-07,0.20941711962223053,0.7111741900444031,-0.027069002389907837,0.24875767529010773,0.6519557237625122,-0.03779507055878639,0.27661776542663574,0.5932948589324951,-0.04682787507772446,0.3011511266231537,0.5535635948181152,-0.051924850791692734,0.2250075340270996,0.5473636984825134,-0.01982499659061432,0.20163418352603912,0.5301024317741394,-0.04585679993033409,0.19206196069717407,0.5885851979255676,-0.05648619681596756,0.19190570712089539,0.6338009238243103,-0.05587850511074066,0.1958232969045639,0.5366624593734741,-0.013597257435321808,0.17587004601955414,0.5374956727027893,-0.04615052789449692,0.17268124222755432,0.6106664538383484,-0.05404860898852348,0.17399394512176514,0.6585031747817993,-0.04960392042994499,0.1681710183620453,0.5408976078033447,-0.01161148026585579,0.1492149978876114,0.5286409258842468,-0.043468210846185684,0.14988014101982117,0.5969995856285095,-0.044239576905965805,0.15666335821151733,0.6455954909324646,-0.03274771571159363,0.14023816585540771,0.5511082410812378,-0.011478710919618607,0.13869455456733704,0.48741525411605835,-0.027738047763705254,0.13835400342941284,0.44599151611328125,-0.029699021950364113,0.14035753905773163,0.4071701169013977,-0.024340510368347168
Y,0.16513574123382568,0.7263705134391785,-3.195807494194014e-07,0.20258592069149017,0.6995936036109924,-0.026570213958621025,0.23748870193958282,0.632882833480835,-0.0361769013106823,0.26126474142074585,0.5706149339675903,-0.04458451271057129,0.28267210721969604,0.5271614789962769,-0.04901562258601189,0.212196484208107,0.5328725576400757,-0.013776903040707111,0.19230282306671143,0.5114855766296387,-0.03957931324839592,0.18315403163433075,0.5702269077301025,-0.05063871294260025,0.1830328106880188,0.6173681020736694,-0.05002608895301819,0.1843341886997223,0.5275745391845703,-0.007627451326698065,0.1675809621810913,0.524417519569397,-0.041132379323244095,0.16443881392478943,0.599682092666626,-0.0503232441842556,0.16462355852127075,0.6509580016136169,-0.04569379240274429,0.15828636288642883,0.5351168513298035,-0.006165525410324335,0.140377476811409,0.5230107307434082,-0.039308685809373856,0.1416950225830078,0.5922624468803406,-0.041863203048706055,0.14784546196460724,0.6420540809631348,-0.03051115572452545,0.13247093558311462,0.5464286208152771,-0.0063745127990841866,0.12835656106472015,0.48268628120422363,-0.02242835983633995,0.1260681003332138,0.44183349609375,-0.024559544399380684,0.12590795755386353,0.4040040075778961,-0.018945254385471344
Y,0.15858808159828186,0.7449472546577454,-3.4372175150565454e-07,0.19662582874298096,0.7198377251625061,-0.027072342112660408,0.22829261422157288,0.6530640125274658,-0.03611810505390167,0.2483164370059967,0.5866129398345947,-0.04354863613843918,0.2696879506111145,0.5414735674858093,-0.047161441296339035,0.2063770294189453,0.5584021806716919,-0.014272677712142467,0.19058983027935028,0.5289450883865356,-0.039500556886196136,0.17903335392475128,0.5774810910224915,-0.050745755434036255,0.17599305510520935,0.6206117272377014,-0.05099327862262726,0.1784709095954895,0.5479879379272461,-0.007225860375910997,0.15984296798706055,0.5472453236579895,-0.040623411536216736,0.15528711676597595,0.621107816696167,-0.04932999610900879,0.15593603253364563,0.6705171465873718,-0.04477066546678543,0.1516374796628952,0.55300372838974,-0.005034086760133505,0.13222989439964294,0.5423627495765686,-0.03846653178334236,0.1338965743780136,0.6123942732810974,-0.04085438698530197,0.141363263130188,0.6631975173950195,-0.029701711609959602,0.12571580708026886,0.5637678503990173,-0.004558372776955366,0.1201414167881012,0.501115620136261,-0.022239424288272858,0.11656872928142548,0.4597342610359192,-0.025855816900730133,0.1157839223742485,0.42015179991722107,-0.021437671035528183
Y,0.16269473731517792,0.7439953684806824,-3.3482263006590074e-07,0.19972234964370728,0.7113115191459656,-0.027569198980927467,0.23311810195446014,0.6380226612091064,-0.03722449392080307,0.2539893388748169,0.5700969696044922,-0.0450030118227005,0.2755553722381592,0.5237869024276733,-0.04875403642654419,0.20316898822784424,0.5493474006652832,-0.017602769657969475,0.18208271265029907,0.5366028547286987,-0.043632980436086655,0.17562367022037506,0.599065363407135,-0.05439615622162819,0.17724262177944183,0.6456300616264343,-0.053718652576208115,0.173695906996727,0.5442695617675781,-0.010403139516711235,0.15529212355613708,0.5523320436477661,-0.04316801577806473,0.15595504641532898,0.626727819442749,-0.050990235060453415,0.1596618890762329,0.6743863821029663,-0.04618564248085022,0.147020161151886,0.5537565350532532,-0.007873599417507648,0.12820784747600555,0.5490081906318665,-0.04024265334010124,0.13326147198677063,0.6173537969589233,-0.04161590710282326,0.14305821061134338,0.6652653217315674,-0.030188079923391342,0.12072575837373734,0.5683712959289551,-0.007181650493294001,0.11587677896022797,0.5068537592887878,-0.023938439786434174,0.11329057812690735,0.46572625637054443,-0.026656530797481537,0.1132763922214508,0.4263931214809418,-0.02168835513293743
Y,0.16982591152191162,0.7337299585342407,-3.05731475691573e-07,0.2066260278224945,0.6909568309783936,-0.018101805821061134,0.23598115146160126,0.6080036163330078,-0.0231464896351099,0.25181034207344055,0.541911780834198,-0.028499700129032135,0.26796168088912964,0.4965960681438446,-0.030618006363511086,0.19377833604812622,0.5446096062660217,-0.007558041252195835,0.19427843391895294,0.518531084060669,-0.02807428687810898,0.19327563047409058,0.5781493186950684,-0.03633704036474228,0.19333676993846893,0.6232902407646179,-0.035346418619155884,0.16648240387439728,0.5475056171417236,-0.005048723891377449,0.16882939636707306,0.5357770323753357,-0.03138457611203194,0.17151951789855957,0.6056249141693115,-0.037863511592149734,0.17363718152046204,0.6519902348518372,-0.0336550734937191,0.1426887959241867,0.5597732067108154,-0.006483033765107393,0.1422157734632492,0.5383678078651428,-0.032418832182884216,0.14864999055862427,0.6034411191940308,-0.03235736861824989,0.15502722561359406,0.6511831283569336,-0.021971123293042183,0.11948212236166,0.5754154324531555,-0.009298646822571754,0.11758936196565628,0.5066726803779602,-0.022726133465766907,0.1186024397611618,0.4610674977302551,-0.02453036792576313,0.12170134484767914,0.4197520911693573,-0.020366579294204712
Y,0.17322829365730286,0.7427698969841003,-3.1474854722546297e-07,0.2111629843711853,0.6997158527374268,-0.016118213534355164,0.23955205082893372,0.6152110695838928,-0.018959587439894676,0.2542330026626587,0.5499401688575745,-0.02250465378165245,0.26870569586753845,0.5063937306404114,-0.02278752438724041,0.1966349184513092,0.5530224442481995,-0.004051779862493277,0.20175819098949432,0.5256137251853943,-0.02306945063173771,0.20149259269237518,0.5863486528396606,-0.030025707557797432,0.20146110653877258,0.6299794316291809,-0.028327833861112595,0.1712614893913269,0.5551062226295471,-0.002201549243181944,0.1774051934480667,0.5416171550750732,-0.027562052011489868,0.1795482039451599,0.6128283143043518,-0.03322266414761543,0.18119727075099945,0.6580330729484558,-0.02831895649433136,0.14824846386909485,0.5668138265609741,-0.004329753573983908,0.1524389684200287,0.5479580760002136,-0.029979858547449112,0.15797863900661469,0.6164655089378357,-0.02953069843351841,0.16245324909687042,0.6639357209205627,-0.018684620037674904,0.12535414099693298,0.5818105936050415,-0.007675852160900831,0.12481735646724701,0.5123761296272278,-0.020933493971824646,0.12718409299850464,0.4670456051826477,-0.022518647834658623,0.13175161182880402,0.42599332332611084,-0.018126053735613823
Y,0.17338761687278748,0.732595682144165,-3.696678732012515e-07,0.21137291193008423,0.6882014274597168,-0.014134719036519527,0.23533743619918823,0.5997124910354614,-0.015890570357441902,0.24701665341854095,0.5340541005134583,-0.018538810312747955,0.2594769597053528,0.49097514152526855,-0.0180370956659317,0.1888621747493744,0.5287225246429443,-0.0033214539289474487,0.2013774961233139,0.5095439553260803,-0.020590268075466156,0.2030596286058426,0.5724967122077942,-0.02673872746527195,0.20139658451080322,0.6175171136856079,-0.024855060502886772,0.1645839512348175,0.5336489677429199,-0.0022761509753763676,0.18027690052986145,0.5311007499694824,-0.02629145421087742,0.18378952145576477,0.6045072078704834,-0.03213426098227501,0.18381059169769287,0.651731014251709,-0.027396902441978455,0.1440194994211197,0.5512451529502869,-0.004637994337826967,0.1572715789079666,0.5444112420082092,-0.02949078381061554,0.16385968029499054,0.6134868860244751,-0.029375940561294556,0.16646991670131683,0.6600776314735413,-0.01875375211238861,0.12443894147872925,0.5730543732643127,-0.007937724702060223,0.1249309629201889,0.5058335065841675,-0.02120819129049778,0.12714558839797974,0.46073880791664124,-0.02228042483329773,0.13114434480667114,0.42151200771331787,-0.017168987542390823
Y,0.16757084429264069,0.7379308342933655,-3.2720464560043183e-07,0.20433297753334045,0.698906660079956,-0.02009471133351326,0.23442094027996063,0.6159123182296753,-0.025940759107470512,0.25163009762763977,0.547843337059021,-0.0312521755695343,0.2698737680912018,0.5030769109725952,-0.033073730766773224,0.19801637530326843,0.5393673181533813,-0.012440691702067852,0.18714769184589386,0.5256121754646301,-0.03374063968658447,0.18511506915092468,0.588200569152832,-0.041303373873233795,0.1869785636663437,0.6336055994033813,-0.03944224864244461,0.1685880720615387,0.5398415327072144,-0.00892742071300745,0.1612156480550766,0.5437602400779724,-0.03599286079406738,0.16431425511837006,0.6146430969238281,-0.041654299944639206,0.16827498376369476,0.6593661308288574,-0.03684881329536438,0.14294597506523132,0.553382396697998,-0.009271889925003052,0.13447149097919464,0.5450555086135864,-0.036523424088954926,0.14117154479026794,0.611859917640686,-0.03609541058540344,0.1499994844198227,0.6581922173500061,-0.025315595790743828,0.11793055385351181,0.5713432431221008,-0.011040656827390194,0.11569390445947647,0.5061202049255371,-0.0257932897657156,0.11587046086788177,0.4630739092826843,-0.02759663388133049,0.11862253397703171,0.42244207859039307,-0.0229897890239954
Y,0.15698297321796417,0.7171618342399597,-3.1018726076581515e-07,0.19388970732688904,0.6914365291595459,-0.02717525139451027,0.22834336757659912,0.626168966293335,-0.037240635603666306,0.2517869472503662,0.5630475878715515,-0.04575807973742485,0.2749599516391754,0.5226181745529175,-0.05036715045571327,0.20092745125293732,0.5320144295692444,-0.016343047842383385,0.18239140510559082,0.506371259689331,-0.04260438308119774,0.17599965631961823,0.5644429922103882,-0.05357055366039276,0.17683550715446472,0.6131942868232727,-0.05298858508467674,0.17299224436283112,0.5244101285934448,-0.009714721702039242,0.15658676624298096,0.5220406651496887,-0.04290805384516716,0.15423446893692017,0.5972227454185486,-0.05098988115787506,0.1550856977701187,0.6475377082824707,-0.046081870794296265,0.1473904550075531,0.5299819111824036,-0.007930207997560501,0.130265474319458,0.5162668228149414,-0.040441907942295074,0.1316220760345459,0.584846556186676,-0.04216505214571953,0.13846606016159058,0.6340246200561523,-0.030895426869392395,0.1224747747182846,0.5408861041069031,-0.007999780587852001,0.12078258395195007,0.47768276929855347,-0.024375639855861664,0.11937767267227173,0.4369404911994934,-0.027187230065464973,0.12011151015758514,0.39703094959259033,-0.02251935377717018
Y,0.16307221353054047,0.7283469438552856,-3.4030469464596536e-07,0.20039401948451996,0.7075597643852234,-0.02979067713022232,0.23569424450397491,0.6467727422714233,-0.04047096520662308,0.25937947630882263,0.5841604471206665,-0.04842483624815941,0.2828902304172516,0.5424526929855347,-0.05192393437027931,0.21865488588809967,0.5404864549636841,-0.020803242921829224,0.1917240172624588,0.5288509130477905,-0.04544658586382866,0.1800343543291092,0.5898947715759277,-0.05495348200201988,0.17947736382484436,0.635576605796814,-0.05399344116449356,0.19025081396102905,0.5275236368179321,-0.012557722628116608,0.16515617072582245,0.537009596824646,-0.044857874512672424,0.16079682111740112,0.6114680171012878,-0.052532944828271866,0.1618996113538742,0.6584181785583496,-0.04799408093094826,0.1631127893924713,0.5324479341506958,-0.008710377849638462,0.14000466465950012,0.5267443656921387,-0.04098615422844887,0.1397365927696228,0.5961245894432068,-0.04232337698340416,0.1460043042898178,0.6451179385185242,-0.03123614564538002,0.13596178591251373,0.5443958640098572,-0.006812600418925285,0.13230149447917938,0.4847804307937622,-0.024159425869584084,0.13132284581661224,0.4440850019454956,-0.027241315692663193,0.13270637392997742,0.40477362275123596,-0.022518379613757133
Y,0.1640762835741043,0.7380716800689697,-3.463889868271508e-07,0.201459601521492,0.7172658443450928,-0.027905015274882317,0.23801416158676147,0.6547520160675049,-0.037962403148412704,0.26250654458999634,0.5935848951339722,-0.045971356332302094,0.28625601530075073,0.5540844798088074,-0.04997912794351578,0.2157648801803589,0.5556287169456482,-0.0195977371186018,0.19465820491313934,0.5369393229484558,-0.044821105897426605,0.18258334696292877,0.597586989402771,-0.055221833288669586,0.18066106736660004,0.6448647379875183,-0.05478137359023094,0.18643246591091156,0.5435654520988464,-0.012418970465660095,0.16581740975379944,0.5475816130638123,-0.04441311955451965,0.1616518795490265,0.6209327578544617,-0.05203457549214363,0.16283687949180603,0.668694257736206,-0.04769979044795036,0.15922972559928894,0.5469128489494324,-0.009681461378932,0.13951456546783447,0.5359023809432983,-0.04163290187716484,0.1396363228559494,0.6039040684700012,-0.043231427669525146,0.14637978374958038,0.6532961130142212,-0.03240972384810448,0.13282716274261475,0.5553950667381287,-0.008768768981099129,0.1314120590686798,0.4919860363006592,-0.02558443322777748,0.1308850347995758,0.4498259425163269,-0.02855761907994747,0.1328800767660141,0.4105309247970581,-0.024043355137109756
Y,0.16606548428535461,0.7263897061347961,-3.432042205986363e-07,0.20575860142707825,0.7074742913246155,-0.02512313425540924,0.24401913583278656,0.6507589817047119,-0.03538985550403595,0.27283182740211487,0.5965201258659363,-0.044737040996551514,0.3017696738243103,0.5635890960693359,-0.05062313377857208,0.2234104722738266,0.5393061637878418,-0.016302650794386864,0.20629985630512238,0.5278279781341553,-0.042107392102479935,0.1945769190788269,0.5838159322738647,-0.05498681589961052,0.19168365001678467,0.6278285980224609,-0.05666082352399826,0.19423146545886993,0.5239483118057251,-0.011312444694340229,0.17820614576339722,0.5399811267852783,-0.04267125204205513,0.17321500182151794,0.6123330593109131,-0.051487699151039124,0.1725132167339325,0.6601709127426147,-0.04839853197336197,0.16594210267066956,0.5284836292266846,-0.01062283106148243,0.1498558521270752,0.5276783108711243,-0.041614875197410583,0.14997588098049164,0.5948808193206787,-0.04300021752715111,0.1557283103466034,0.6435655951499939,-0.032492563128471375,0.13794806599617004,0.5402615070343018,-0.011769808828830719,0.137068971991539,0.4806438684463501,-0.02804725058376789,0.13705715537071228,0.4397551417350769,-0.03022160939872265,0.13939642906188965,0.402154803276062,-0.025249376893043518
Y,0.1573011577129364,0.7211553454399109,-3.3503212648611225e-07,0.19610778987407684,0.7028960585594177,-0.026226358488202095,0.23344916105270386,0.648472249507904,-0.03668266534805298,0.2616903781890869,0.5946152210235596,-0.04596542939543724,0.28958553075790405,0.5614457130432129,-0.05148584023118019,0.21590964496135712,0.5454636812210083,-0.016349272802472115,0.19732452929019928,0.5240495800971985,-0.04247559979557991,0.18344104290008545,0.5761080384254456,-0.05460100248456001,0.17934316396713257,0.6193966269493103,-0.055472493171691895,0.18775609135627747,0.530129611492157,-0.010576710104942322,0.1686808317899704,0.5345921516418457,-0.043996647000312805,0.1618071049451828,0.6070407032966614,-0.053147364407777786,0.16047406196594238,0.6552046537399292,-0.04953473433852196,0.1603498011827469,0.5308920741081238,-0.009280248545110226,0.14183354377746582,0.5210704803466797,-0.042059484869241714,0.14027810096740723,0.5890126824378967,-0.04412292316555977,0.14521941542625427,0.6383849382400513,-0.03341115266084671,0.13319171965122223,0.537894606590271,-0.009786451235413551,0.13300448656082153,0.47679945826530457,-0.026620090007781982,0.1326630711555481,0.4354122281074524,-0.029317164793610573,0.13466602563858032,0.3965856432914734,-0.0245693139731884
Y,0.15586937963962555,0.7476090788841248,-3.330222568820318e-07,0.19311487674713135,0.7156886458396912,-0.026297319680452347,0.227524995803833,0.6417285203933716,-0.03644409030675888,0.2519800364971161,0.5780211091041565,-0.04527681693434715,0.2793695330619812,0.5395458936691284,-0.050339434295892715,0.19473081827163696,0.5491151809692383,-0.017366115003824234,0.17848408222198486,0.5401350855827332,-0.04428836703300476,0.1735031008720398,0.6029555201530457,-0.05652350187301636,0.17516137659549713,0.6487946510314941,-0.057107072323560715,0.16484935581684113,0.5450350642204285,-0.011669894680380821,0.15016916394233704,0.5582133531570435,-0.044236909598112106,0.1525755673646927,0.6313537955284119,-0.05246482044458389,0.15688593685626984,0.6774201989173889,-0.04856572672724724,0.13828547298908234,0.5561085343360901,-0.01063471008092165,0.12294350564479828,0.5533281564712524,-0.042451176792383194,0.1294553130865097,0.6201253533363342,-0.0435786247253418,0.13940687477588654,0.6667343974113464,-0.032615385949611664,0.11266990751028061,0.5717989802360535,-0.01152732688933611,0.11016565561294556,0.5103121995925903,-0.02813679166138172,0.10884229093790054,0.46797627210617065,-0.03062843345105648,0.10925794392824173,0.42725905776023865,-0.025872118771076202
Y,0.16047029197216034,0.7515235543251038,-3.319337054108473e-07,0.19829504191875458,0.7130017280578613,-0.019534263759851456,0.22887422144412994,0.6325740218162537,-0.026330536231398582,0.24971818923950195,0.5681419372558594,-0.03330397233366966,0.2734215259552002,0.5288049578666687,-0.03708914294838905,0.1902088075876236,0.5598286390304565,-0.011159366928040981,0.1865226775407791,0.5399197340011597,-0.03420223668217659,0.18299803137779236,0.6015846133232117,-0.04436580091714859,0.18292973935604095,0.6478970646858215,-0.044363606721162796,0.1610824316740036,0.5590515732765198,-0.008462539874017239,0.15943166613578796,0.5566558241844177,-0.03672448545694351,0.16133052110671997,0.6271919012069702,-0.04368515685200691,0.16352325677871704,0.6744289398193359,-0.039719950407743454,0.13547901809215546,0.569800853729248,-0.009829205460846424,0.13169722259044647,0.5572694540023804,-0.037554074078798294,0.13827836513519287,0.6225362420082092,-0.03814517706632614,0.1457306444644928,0.6695395708084106,-0.027883954346179962,0.11088162660598755,0.5841646790504456,-0.01268049143254757,0.10980909317731857,0.5176619291305542,-0.026970257982611656,0.1111719161272049,0.47328534722328186,-0.029103975743055344,0.1145462766289711,0.43272265791893005,-0.024997608736157417
Y,0.15866179764270782,0.7408000230789185,-2.9530934853028157e-07,0.19590429961681366,0.7002408504486084,-0.017611349001526833,0.22580105066299438,0.6209456324577332,-0.023153044283390045,0.24587398767471313,0.5588447451591492,-0.029326504096388817,0.26558947563171387,0.5164777040481567,-0.032185159623622894,0.18417450785636902,0.5573244690895081,-0.006615104153752327,0.18831364810466766,0.5244898796081543,-0.027404623106122017,0.18684381246566772,0.5827066898345947,-0.036405403167009354,0.186414435505867,0.6275957226753235,-0.036167945712804794,0.15817460417747498,0.5577511191368103,-0.004668066743761301,0.1630282998085022,0.5403372049331665,-0.030779870226979256,0.16501997411251068,0.6084774136543274,-0.037451643496751785,0.16654545068740845,0.6531131863594055,-0.033679258078336716,0.13456834852695465,0.5670385360717773,-0.006771915592253208,0.13755612075328827,0.5427359342575073,-0.032219961285591125,0.14301985502243042,0.6088138818740845,-0.031953372061252594,0.14752858877182007,0.6558414697647095,-0.021699292585253716,0.11169746518135071,0.5790231823921204,-0.010342754423618317,0.11070054769515991,0.5092799067497253,-0.023269444704055786,0.11310232430696487,0.46329525113105774,-0.024926619604229927,0.11733385175466537,0.42151856422424316,-0.020958712324500084
Y,0.17468585073947906,0.7320945858955383,-3.3899559070960095e-07,0.21493521332740784,0.6934821605682373,-0.015704838559031487,0.24486050009727478,0.6136662364006042,-0.01912388764321804,0.2624637484550476,0.5520097017288208,-0.02329307049512863,0.2803634703159332,0.5127708911895752,-0.024251608178019524,0.20070761442184448,0.5309607982635498,-0.0036573470570147038,0.2153034210205078,0.5171304941177368,-0.021357273682951927,0.21292231976985931,0.5785478949546814,-0.028705352917313576,0.20919573307037354,0.6212960481643677,-0.02793668396770954,0.1763729453086853,0.5305975675582886,-0.002362944884225726,0.1926807165145874,0.5324414968490601,-0.025889629498124123,0.19169120490550995,0.6042609214782715,-0.032314151525497437,0.18941235542297363,0.6491706371307373,-0.028453929349780083,0.15439900755882263,0.5446746349334717,-0.004658733494579792,0.16823258996009827,0.5399117469787598,-0.029356390237808228,0.17088888585567474,0.6090973019599915,-0.02948523685336113,0.17088951170444489,0.6554341912269592,-0.019298657774925232,0.1331883668899536,0.5638605356216431,-0.008071420714259148,0.13565389811992645,0.49645495414733887,-0.02125861681997776,0.14004231989383698,0.45150259137153625,-0.02224082127213478,0.1458103060722351,0.412214070558548,-0.0172154288738966
Y,0.17043286561965942,0.7257049083709717,-3.275961262261262e-07,0.20909404754638672,0.6876823306083679,-0.016766875982284546,0.23836517333984375,0.6054059863090515,-0.020486826077103615,0.25639408826828003,0.542140007019043,-0.02452230080962181,0.2733442187309265,0.5023268461227417,-0.025332795456051826,0.19400902092456818,0.5276409983634949,-0.00605568615719676,0.20295530557632446,0.5096979737281799,-0.02369871363043785,0.20204420387744904,0.5706900358200073,-0.030775630846619606,0.20037813484668732,0.6143347024917603,-0.029914315789937973,0.1684395670890808,0.5282559990882874,-0.004142693243920803,0.17893782258033752,0.5267776846885681,-0.027685148641467094,0.1801748275756836,0.5979870557785034,-0.0338120236992836,0.17958305776119232,0.6434801816940308,-0.030127771198749542,0.1459120661020279,0.5423352718353271,-0.0058549693785607815,0.1542123258113861,0.5322475433349609,-0.030362611636519432,0.15876106917858124,0.5995269417762756,-0.03079529106616974,0.1606886237859726,0.6463273167610168,-0.021315425634384155,0.12432052195072174,0.561154305934906,-0.008800024166703224,0.12401136010885239,0.49348026514053345,-0.02232276275753975,0.12661626935005188,0.44762444496154785,-0.0244146641343832,0.13097453117370605,0.40601879358291626,-0.020580261945724487
Y,0.15540483593940735,0.7318202257156372,-3.454760530985368e-07,0.19378778338432312,0.7097775936126709,-0.028327608481049538,0.23081254959106445,0.649581253528595,-0.039751555770635605,0.2576976418495178,0.5903416872024536,-0.04912196844816208,0.28394854068756104,0.5518956780433655,-0.054595429450273514,0.21085307002067566,0.5462246537208557,-0.022328129038214684,0.18982481956481934,0.5319304466247559,-0.048977892845869064,0.17798975110054016,0.590120792388916,-0.06046503782272339,0.17503200471401215,0.6362127065658569,-0.060804687440395355,0.18095700442790985,0.5317908525466919,-0.01548778172582388,0.1623050719499588,0.5398009419441223,-0.04862721264362335,0.1562664806842804,0.6131209135055542,-0.05657574534416199,0.1553853452205658,0.6626861691474915,-0.05242769047617912,0.1528266966342926,0.5348584651947021,-0.013010848313570023,0.1348521113395691,0.5268849730491638,-0.04529309645295143,0.13387276232242584,0.5949330925941467,-0.04626531898975372,0.13971135020256042,0.6448956727981567,-0.035258229821920395,0.12488694489002228,0.5452377200126648,-0.012525910511612892,0.12457755208015442,0.48448172211647034,-0.02992088347673416,0.12408533692359924,0.4429593086242676,-0.03279059752821922,0.12613144516944885,0.4034634232521057,-0.02824467606842518
Y,0.15413875877857208,0.7396552562713623,-3.311990042220714e-07,0.19205954670906067,0.7169212102890015,-0.02709331177175045,0.22822275757789612,0.6556580066680908,-0.0374549962580204,0.25496992468833923,0.5960363149642944,-0.04648657515645027,0.2797966003417969,0.5564535856246948,-0.05164051428437233,0.20833033323287964,0.562073290348053,-0.016835134476423264,0.18844959139823914,0.5357862710952759,-0.04380398988723755,0.17609205842018127,0.5903183221817017,-0.05588937923312187,0.17360886931419373,0.6336725354194641,-0.05655694752931595,0.17933493852615356,0.5482260584831238,-0.01063755713403225,0.1611286699771881,0.5430034399032593,-0.04535999149084091,0.15519750118255615,0.6169677376747131,-0.054208025336265564,0.15458045899868011,0.6659453511238098,-0.049947239458560944,0.1518983244895935,0.5487238764762878,-0.00919798482209444,0.13342446088790894,0.5291957855224609,-0.042967166751623154,0.1326262354850769,0.5990384221076965,-0.04451988264918327,0.13832134008407593,0.6495270133018494,-0.033121101558208466,0.12521645426750183,0.5555594563484192,-0.009640353731811047,0.1238539069890976,0.490939199924469,-0.027089133858680725,0.12244850397109985,0.4484766125679016,-0.030192643404006958,0.12362268567085266,0.4079279601573944,-0.025662682950496674
Y,0.15975940227508545,0.735759437084198,-3.3166844559673336e-07,0.19748494029045105,0.7099642157554626,-0.02554275654256344,0.23442192375659943,0.6430270671844482,-0.03506266698241234,0.25875964760780334,0.5816720128059387,-0.04313758388161659,0.28284671902656555,0.542144238948822,-0.047637227922677994,0.20599353313446045,0.5488120317459106,-0.01853218302130699,0.18912972509860992,0.5356726050376892,-0.043569356203079224,0.18075433373451233,0.5969228148460388,-0.054291982203722,0.17979848384857178,0.6426197290420532,-0.054264672100543976,0.17613519728183746,0.5400429964065552,-0.012739847414195538,0.1611855924129486,0.5449409484863281,-0.04345208778977394,0.15896479785442352,0.6177152991294861,-0.050791025161743164,0.16083499789237976,0.6654312610626221,-0.04683573171496391,0.14942815899848938,0.5460107922554016,-0.011176311410963535,0.1349010169506073,0.5337662696838379,-0.04169970378279686,0.13621291518211365,0.6008316278457642,-0.04257215932011604,0.1432313323020935,0.6498083472251892,-0.031996555626392365,0.1235012412071228,0.5576111674308777,-0.011391332373023033,0.12363676726818085,0.49555703997612,-0.027740729972720146,0.1237976923584938,0.453849196434021,-0.030512234196066856,0.12627314031124115,0.4146774411201477,-0.026318080723285675
Y,0.16774491965770721,0.7340793609619141,-2.871120159397833e-07,0.20714369416236877,0.6978946328163147,-0.018307076767086983,0.24008223414421082,0.6174271702766418,-0.022614577785134315,0.2576451301574707,0.5519495606422424,-0.02710440382361412,0.2753869295120239,0.5097225904464722,-0.028250981122255325,0.2008460909128189,0.5500156283378601,-0.007983001880347729,0.2017933577299118,0.5158688426017761,-0.02805207297205925,0.19896405935287476,0.5740764141082764,-0.0351332388818264,0.19763602316379547,0.6198559999465942,-0.03319345787167549,0.17343969643115997,0.5487410426139832,-0.005242065992206335,0.17546753585338593,0.5303609371185303,-0.03193826600909233,0.17541854083538055,0.5996494889259338,-0.03795754164457321,0.1757408082485199,0.6466983556747437,-0.033065371215343475,0.14868468046188354,0.5561531782150269,-0.00649816682562232,0.1476316750049591,0.5290955305099487,-0.03258926793932915,0.1521325260400772,0.5952204465866089,-0.032396405935287476,0.15743009746074677,0.6449512243270874,-0.02171114832162857,0.12416307628154755,0.5667198896408081,-0.009141707792878151,0.12587034702301025,0.49446728825569153,-0.0225847065448761,0.12910714745521545,0.44829612970352173,-0.024574408307671547,0.13415968418121338,0.40658098459243774,-0.020543891936540604
Y,0.1825173795223236,0.7041153907775879,-3.4090481904058834e-07,0.22406652569770813,0.6633646488189697,-0.01263776607811451,0.25129103660583496,0.5784433484077454,-0.012826398015022278,0.2631683051586151,0.5124291181564331,-0.014737690798938274,0.2771660089492798,0.46996569633483887,-0.01351003535091877,0.21355469524860382,0.5167473554611206,-0.00019044728833250701,0.22115519642829895,0.4745880961418152,-0.019337812438607216,0.21859431266784668,0.5352676510810852,-0.025411345064640045,0.21531392633914948,0.5820720195770264,-0.02258247882127762,0.18844345211982727,0.516919732093811,0.00010679001570679247,0.19675692915916443,0.48830151557922363,-0.02753603458404541,0.1970360279083252,0.561511754989624,-0.03336050361394882,0.1962735652923584,0.6121461987495422,-0.027325034141540527,0.16421467065811157,0.5236788988113403,-0.0035212249495089054,0.17026035487651825,0.49282845854759216,-0.030641451478004456,0.17595940828323364,0.5638769268989563,-0.030324621126055717,0.1799881011247635,0.6164157390594482,-0.018522752448916435,0.1395118534564972,0.5328808426856995,-0.008025890216231346,0.1426752358675003,0.45716536045074463,-0.021792547777295113,0.14641714096069336,0.40872716903686523,-0.023671677336096764,0.15173161029815674,0.3660814166069031,-0.019190192222595215
Y,0.1831677407026291,0.7110794186592102,-3.6840154393757985e-07,0.22253592312335968,0.6663923263549805,-0.012032689526677132,0.24538806080818176,0.5779748558998108,-0.012375564314424992,0.2541438937187195,0.5111403465270996,-0.01451452262699604,0.26627466082572937,0.46625077724456787,-0.013546140864491463,0.20762842893600464,0.5179941654205322,0.0006953889969736338,0.21737372875213623,0.47641393542289734,-0.018718857318162918,0.21641069650650024,0.5381631255149841,-0.025483611971139908,0.21288441121578217,0.5863553285598755,-0.02319645881652832,0.18399140238761902,0.5212323069572449,0.0005165092297829688,0.19488544762134552,0.4934362471103668,-0.02662893943488598,0.19675485789775848,0.5688623785972595,-0.032434817403554916,0.1959983855485916,0.6202955842018127,-0.02654341235756874,0.16156862676143646,0.5310837030410767,-0.0036369890440255404,0.17088457942008972,0.5035099983215332,-0.030489128082990646,0.1779547780752182,0.5742246508598328,-0.030087286606431007,0.18143855035305023,0.6262654066085815,-0.018291808664798737,0.1385621279478073,0.5429651737213135,-0.008624719455838203,0.13942760229110718,0.4670363664627075,-0.022649332880973816,0.14298875629901886,0.4176841378211975,-0.024516761302947998,0.1481553018093109,0.3739408850669861,-0.01996677555143833
Y,0.18057148158550262,0.7107926607131958,-3.115483764304372e-07,0.22206442058086395,0.6699029207229614,-0.01708921603858471,0.2548484802246094,0.5838682651519775,-0.019864143803715706,0.27085304260253906,0.516035258769989,-0.023318732157349586,0.2837921679019928,0.4686203598976135,-0.023415792733430862,0.21217922866344452,0.5197802186012268,-0.004886344540864229,0.2138185054063797,0.47942227125167847,-0.024532198905944824,0.21293072402477264,0.5400288701057434,-0.031170951202511787,0.21235522627830505,0.5876440405845642,-0.028750821948051453,0.1844712644815445,0.5208716988563538,-0.002706434577703476,0.187459334731102,0.4970138370990753,-0.029808921739459038,0.18898940086364746,0.5699427723884583,-0.03605974093079567,0.18988992273807526,0.6192567944526672,-0.03081103041768074,0.15934063494205475,0.5299565196037292,-0.004659206140786409,0.1597423553466797,0.4993622303009033,-0.031136680394411087,0.1651965081691742,0.5696147680282593,-0.03083036094903946,0.17019303143024445,0.62216717004776,-0.01953381486237049,0.1343945562839508,0.5420639514923096,-0.007935404777526855,0.13448458909988403,0.4665663242340088,-0.02165239118039608,0.13667118549346924,0.4180297255516052,-0.023755818605422974,0.1403912901878357,0.37461817264556885,-0.019546743482351303
Y,0.1622590869665146,0.7266908884048462,-3.3501521556900116e-07,0.2016993761062622,0.6941077709197998,-0.025111200287938118,0.23891016840934753,0.6184580326080322,-0.03309086337685585,0.2611066401004791,0.5502643585205078,-0.03968314826488495,0.2802737355232239,0.5042018890380859,-0.042234208434820175,0.20626719295978546,0.5334835052490234,-0.016348490491509438,0.19114309549331665,0.5061146020889282,-0.040432654321193695,0.18415644764900208,0.5716965198516846,-0.04878441244363785,0.1838657408952713,0.6186902523040771,-0.04668908566236496,0.17571449279785156,0.5293192863464355,-0.01029183715581894,0.16281041502952576,0.5195620059967041,-0.041802436113357544,0.16127921640872955,0.5962358713150024,-0.04837770387530327,0.16345146298408508,0.6448445320129395,-0.04285537451505661,0.1487646847963333,0.5356261730194092,-0.008623923175036907,0.13507577776908875,0.5122894644737244,-0.03964688256382942,0.13792701065540314,0.5821146965026855,-0.040204938501119614,0.14571934938430786,0.6319631338119507,-0.028668072074651718,0.12293794006109238,0.5459383130073547,-0.008637833409011364,0.12207875400781631,0.4790480434894562,-0.02484021708369255,0.1216052919626236,0.4377683401107788,-0.027655942365527153,0.12382018566131592,0.397702693939209,-0.023174332454800606
Y,0.1532547026872635,0.731437087059021,-3.5442681678432564e-07,0.18953096866607666,0.7110357880592346,-0.030786655843257904,0.22281961143016815,0.6471478343009949,-0.041196588426828384,0.2446204274892807,0.5811077952384949,-0.04874527454376221,0.26511552929878235,0.5353691577911377,-0.05169684812426567,0.20309410989284515,0.540889322757721,-0.0194645244628191,0.17666667699813843,0.5254614353179932,-0.044252749532461166,0.1645970642566681,0.5864813327789307,-0.05409429222345352,0.16435274481773376,0.6315808296203613,-0.05334365740418434,0.1750781089067459,0.5290734171867371,-0.010595676489174366,0.14901958405971527,0.5364925861358643,-0.04328717291355133,0.14596709609031677,0.6123716235160828,-0.051024701446294785,0.14833706617355347,0.6595399379730225,-0.046188656240701675,0.14872436225414276,0.5341821312904358,-0.006469157058745623,0.12486810237169266,0.5259729027748108,-0.03942164406180382,0.12638239562511444,0.5968918800354004,-0.04104309901595116,0.13380533456802368,0.6462042927742004,-0.02976471558213234,0.12330281734466553,0.5462276339530945,-0.004349478520452976,0.11746762692928314,0.4840301275253296,-0.02215784601867199,0.1147056370973587,0.442857950925827,-0.02563704364001751,0.11431910842657089,0.4029097557067871,-0.02100367099046707
Y,0.18974930047988892,0.7037073373794556,-2.83970251757637e-07,0.23056694865226746,0.6745148301124573,-0.01818002015352249,0.26737719774246216,0.6018481254577637,-0.022620683535933495,0.2848382294178009,0.5370438098907471,-0.026720436289906502,0.30074793100357056,0.49457576870918274,-0.027212008833885193,0.22916781902313232,0.5282384157180786,-0.010562553070485592,0.22805316746234894,0.4866052567958832,-0.02943352796137333,0.22477035224437714,0.5444080829620361,-0.03457888960838318,0.22255365550518036,0.5907667279243469,-0.03138644993305206,0.20205655694007874,0.524304986000061,-0.007293870206922293,0.20069511234760284,0.4978805184364319,-0.0328310988843441,0.19970528781414032,0.566181480884552,-0.03763977810740471,0.19970160722732544,0.6119016408920288,-0.03228558599948883,0.17790284752845764,0.5269496440887451,-0.007585843093693256,0.17425671219825745,0.49307358264923096,-0.03166889399290085,0.17713788151741028,0.5593613982200623,-0.029864409938454628,0.18124103546142578,0.6090064644813538,-0.018918408080935478,0.15410740673542023,0.5328635573387146,-0.00931461900472641,0.1562747359275818,0.46330899000167847,-0.021436285227537155,0.1594129502773285,0.420412540435791,-0.02258538454771042,0.16378220915794373,0.3809211254119873,-0.01834535412490368
Y,0.18883253633975983,0.6628105640411377,-2.5606047415749345e-07,0.2304084599018097,0.6363085508346558,-0.013939096592366695,0.2658076882362366,0.5698555111885071,-0.015434077940881252,0.28086549043655396,0.5086712837219238,-0.017268728464841843,0.2934715151786804,0.47075873613357544,-0.0160282701253891,0.22928941249847412,0.49794843792915344,-0.003399863373488188,0.23092857003211975,0.4550475478172302,-0.019170409068465233,0.2275501787662506,0.5080351233482361,-0.023633606731891632,0.22447335720062256,0.5510383248329163,-0.020685281604528427,0.2040501981973648,0.4931345582008362,-0.001369502511806786,0.20585675537586212,0.4591056704521179,-0.024254433810710907,0.20462369918823242,0.5235190987586975,-0.029640568420290947,0.20313581824302673,0.5683318376541138,-0.02504240721464157,0.18086040019989014,0.4937348961830139,-0.002471082378178835,0.18120761215686798,0.45579129457473755,-0.024361571297049522,0.18277956545352936,0.5204784870147705,-0.023313002660870552,0.18381673097610474,0.568906843662262,-0.013362768106162548,0.15719226002693176,0.4981345534324646,-0.004620344843715429,0.16026237607002258,0.4308709502220154,-0.015344789251685143,0.16557246446609497,0.3902120888233185,-0.016371076926589012,0.1714468002319336,0.35250476002693176,-0.012442371807992458
Y,0.1896720975637436,0.6820103526115417,-2.8224536663401523e-07,0.2287142276763916,0.6475402116775513,-0.01534314639866352,0.26113080978393555,0.5718212723731995,-0.017886092886328697,0.277631938457489,0.5093348026275635,-0.020798493176698685,0.2906653881072998,0.46668314933776855,-0.02070372924208641,0.22338201105594635,0.5091555714607239,-0.005938942078500986,0.22471635043621063,0.4728730320930481,-0.023537807166576385,0.22206375002861023,0.5275064706802368,-0.02927323244512081,0.2200554460287094,0.5705081820487976,-0.026924852281808853,0.19740919768810272,0.5080426335334778,-0.003953022416681051,0.1993197351694107,0.4840182065963745,-0.028339462354779243,0.19918306171894073,0.5489484667778015,-0.0339338555932045,0.19890490174293518,0.5947706699371338,-0.02933138608932495,0.1738862693309784,0.5135603547096252,-0.005473876837641001,0.17355825006961823,0.4844866693019867,-0.029115144163370132,0.17739108204841614,0.5474812984466553,-0.028643574565649033,0.18110065162181854,0.5959052443504333,-0.018576543778181076,0.1503535360097885,0.5216127038002014,-0.008154121227562428,0.15174996852874756,0.4526445269584656,-0.02040797658264637,0.15500299632549286,0.4079136252403259,-0.022243862971663475,0.1596449464559555,0.36750131845474243,-0.01858304999768734
Y,0.18677125871181488,0.6835037469863892,-3.410194153730117e-07,0.22595977783203125,0.6466419100761414,-0.017606288194656372,0.2541336715221405,0.5654218792915344,-0.021900324150919914,0.26821908354759216,0.5024922490119934,-0.025952206924557686,0.284615695476532,0.45700567960739136,-0.02706979773938656,0.2135772854089737,0.4776044487953186,-0.007607393432408571,0.21558384597301483,0.4907362163066864,-0.026942402124404907,0.21506141126155853,0.5496024489402771,-0.036452766507864,0.21508093178272247,0.5920757055282593,-0.03672943264245987,0.18571099638938904,0.4791584610939026,-0.005061026196926832,0.19137464463710785,0.5093131065368652,-0.02705537900328636,0.1935419887304306,0.5729106068611145,-0.03398938104510307,0.19524943828582764,0.6144238710403442,-0.031773269176483154,0.16213786602020264,0.4997793138027191,-0.0060891625471413136,0.16758540272712708,0.5193102955818176,-0.03053201362490654,0.1727844625711441,0.5804930925369263,-0.03182115778326988,0.17752306163311005,0.6219574213027954,-0.02335096150636673,0.14035558700561523,0.5262918472290039,-0.008331956341862679,0.14010688662528992,0.469321608543396,-0.02247491478919983,0.14149940013885498,0.4295813739299774,-0.023752577602863312,0.14554224908351898,0.395308256149292,-0.018962740898132324
Y,0.1896979808807373,0.6761841177940369,-3.45454537864498e-07,0.22807766497135162,0.6447948217391968,-0.021035928279161453,0.25804898142814636,0.5658764243125916,-0.02671564184129238,0.27443283796310425,0.503044605255127,-0.03131686896085739,0.2917857766151428,0.4577581584453583,-0.032589543610811234,0.22241537272930145,0.4730125665664673,-0.011834393255412579,0.21649670600891113,0.4932519495487213,-0.0327620655298233,0.2143302857875824,0.5523620843887329,-0.04296445846557617,0.21552596986293793,0.5923023819923401,-0.04351673275232315,0.19287331402301788,0.47001466155052185,-0.007729838602244854,0.19078248739242554,0.5120997428894043,-0.030875181779265404,0.19261997938156128,0.574353039264679,-0.03726395592093468,0.19597461819648743,0.6125850677490234,-0.03474865108728409,0.16771064698696136,0.4894663691520691,-0.007554569747298956,0.16598299145698547,0.5172663331031799,-0.033183611929416656,0.17120251059532166,0.5768877863883972,-0.033923957496881485,0.1781398355960846,0.6167574524879456,-0.024981174618005753,0.144435316324234,0.5143042206764221,-0.008926363661885262,0.14317846298217773,0.46124815940856934,-0.024153001606464386,0.1424606889486313,0.4225541949272156,-0.025590835139155388,0.14440640807151794,0.3885194957256317,-0.020627735182642937
Y,0.18982839584350586,0.6623907685279846,-2.721483838286076e-07,0.2292087972164154,0.6333415508270264,-0.016748396679759026,0.263783723115921,0.5652515292167664,-0.020740149542689323,0.282895028591156,0.5065019130706787,-0.02495155856013298,0.29918208718299866,0.4674564599990845,-0.026155931875109673,0.22851461172103882,0.4977414906024933,-0.0070696184411644936,0.22999900579452515,0.4633994400501251,-0.025267792865633965,0.2247280329465866,0.5147294402122498,-0.03199160099029541,0.2212691307067871,0.5567046999931335,-0.030377162620425224,0.20330461859703064,0.4927584230899811,-0.004486418329179287,0.20505698025226593,0.47330424189567566,-0.02841673232614994,0.20142541825771332,0.5353703498840332,-0.03416938707232475,0.1995580643415451,0.5782185792922974,-0.030140455812215805,0.18019698560237885,0.49469998478889465,-0.005530734546482563,0.18027472496032715,0.46829894185066223,-0.028774799779057503,0.18073712289333344,0.5294454097747803,-0.02848518267273903,0.18281111121177673,0.5764792561531067,-0.018885644152760506,0.15711121261119843,0.49897482991218567,-0.007927997969090939,0.16012071073055267,0.432981014251709,-0.01960299164056778,0.16308604180812836,0.39077603816986084,-0.021035367622971535,0.16777648031711578,0.35331034660339355,-0.01723109930753708
